time_step,victim,attacker,run_id,IPC,Total_MB_per_sec,cache_dominance_score,LLC-load-misses,LLC-loads,instructions,cycles,cas_count_total,victim_IPC,victim_miss_rate,victim_cache_dominance,attacker_IPC,attacker_miss_rate,attacker_cache_dominance,victim_LLC-load-misses,victim_LLC-loads,victim_cycles,victim_instructions,attacker_LLC-load-misses,attacker_LLC-loads,attacker_cycles,attacker_instructions
0.1,sysbench,STREAM,4,0.4471444437729114,1944.9,3.8114526926574515e-06,1029.0,2434.0,164829002.0,368625853.0,3186524.16,0.4471444437729114,0.4227608874281019,3.8114526926574515e-06,0.7260037344615665,0.32663503160487567,0.00020394140846192858,1029.0,2434.0,368625853.0,164829002.0,36069.0,110426.0,364599816.0,264700828.0
0.2,sysbench,STREAM,4,0.4472338391671231,6478.099999999999,2.350509449444602e-06,674.0,1560.0,168580127.0,376939561.0,10613719.04,0.4472338391671231,0.43205128205128207,2.350509449444602e-06,0.7186233250124013,0.961839611405135,5.861785586860663e-05,674.0,1560.0,376939561.0,168580127.0,557211.0,579318.0,377137643.0,271019907.0
0.3,sysbench,STREAM,4,0.4471471285426464,16103.0,2.4891470339656627e-06,960.0,1899.0,168680736.0,377237659.0,26383155.2,0.4471471285426464,0.5055292259083728,2.4891470339656627e-06,0.8947723116285122,0.9346049865115454,0.00017882883813517762,960.0,1899.0,377237659.0,168680736.0,964160.0,1031623.0,377248998.0,337551958.0
0.4,sysbench,STREAM,4,0.44712013137125634,16270.3,2.263431428039571e-06,803.0,1657.0,168699872.0,377303235.0,26657259.52,0.44712013137125634,0.48461074230537116,2.263431428039571e-06,0.9694488022155787,0.9377768287951421,0.00018999216634799006,803.0,1657.0,377303235.0,168699872.0,1080423.0,1152111.0,377320820.0,365793217.0
0.5,sysbench,STREAM,4,0.44735670906860087,15724.8,3.0782525197922884e-06,1647.0,2808.0,168725969.0,377162040.0,25763512.32,0.44735670906860087,0.5865384615384616,3.0782525197922884e-06,0.952929912185521,0.9382282465404731,0.00019418237773088213,1647.0,2808.0,377162040.0,168725969.0,1112400.0,1185639.0,377166048.0,359412809.0
0.6,sysbench,STREAM,4,0.4472852612457623,15548.2,2.4015006357217492e-06,791.0,1697.0,168744676.0,377264110.0,25474170.880000003,0.4472852612457623,0.4661166764879199,2.4015006357217492e-06,0.9064886431911302,0.9371035061844175,0.00018345112460405752,791.0,1697.0,377264110.0,168744676.0,1031214.0,1100427.0,377283051.0,342002801.0
0.7,sysbench,STREAM,4,0.4472062588097946,16743.899999999998,2.38540865878906e-06,1204.0,2104.0,168728168.0,377293843.0,27433205.759999998,0.4472062588097946,0.5722433460076045,2.38540865878906e-06,0.9084524473921497,0.9318127082642409,0.00018309823269879475,1204.0,2104.0,377293843.0,168728168.0,944053.0,1013136.0,377300201.0,342759291.0
0.8,sysbench,STREAM,4,0.4474450785620292,11798.599999999999,3.034495018327833e-06,1103.0,2248.0,168833566.0,377328021.0,19330826.24,0.4474450785620292,0.49065836298932386,3.034495018327833e-06,1.342796097496964,0.8275198524188675,0.00026211240471532294,1103.0,2248.0,377328021.0,168833566.0,468315.0,565926.0,372401299.0,500059011.0
0.9,sysbench,STREAM,4,0.44725766719114246,1665.3999999999999,2.4309065125287076e-06,758.0,1675.0,168717011.0,377225531.0,2728591.36,0.44725766719114246,0.4525373134328358,2.4309065125287076e-06,0.5653733313645676,0.4973991031390135,3.7138354930563546e-05,758.0,1675.0,377225531.0,168717011.0,13865.0,27875.0,377238034.0,213280324.0
1.0,sysbench,STREAM,4,0.4472605294539838,10407.0,2.2459985460938104e-06,587.0,1434.0,168668706.0,377115115.0,17050828.8,0.4472605294539838,0.4093444909344491,2.2459985460938104e-06,0.89526178743873,0.955574022417155,0.0001231349979100685,587.0,1434.0,377115115.0,168668706.0,999260.0,1045717.0,377285100.0,337768933.0
1.1,sysbench,STREAM,4,0.4474084057318471,15807.3,2.635272990049983e-06,742.0,1736.0,168758211.0,377190524.0,25898680.32,0.4474084057318471,0.4274193548387097,2.635272990049983e-06,0.9274831807838044,0.9380864988087131,0.00018173600233657928,742.0,1736.0,377190524.0,168758211.0,1038655.0,1107206.0,377200990.0,349847574.0
1.3,sysbench,STREAM,4,0.44763662563135154,16837.4,2.734604785178391e-06,1122.0,2154.0,168931540.0,377385429.0,27586396.16,0.44763662563135154,0.520891364902507,2.734604785178391e-06,0.9948676615344386,0.9386954973076037,0.00019390728142558723,1122.0,2154.0,377385429.0,168931540.0,1120028.0,1193175.0,377226680.0,375290625.0
1.4,sysbench,STREAM,4,0.4473450624504916,15912.3,2.7475946082221828e-06,865.0,1901.0,168674623.0,377057080.0,26070712.32,0.4473450624504916,0.4550236717517096,2.7475946082221828e-06,0.9112721860888474,0.9366647433392931,0.00019475820519787517,865.0,1901.0,377057080.0,168674623.0,1086015.0,1159449.0,377052150.0,343597137.0
1.5,sysbench,STREAM,4,0.4471708942125489,15764.2,2.7313836428725112e-06,912.0,1942.0,168627363.0,377098253.0,25828065.28,0.4471708942125489,0.46961894953656025,2.7313836428725112e-06,0.9300914403952947,0.9340772062707264,0.00017706939905913523,912.0,1942.0,377098253.0,168627363.0,946124.0,1012897.0,377100732.0,350738163.0
1.6,sysbench,STREAM,4,0.4481349869550785,8299.699999999999,2.61773395724728e-06,684.0,1671.0,168966457.0,377043663.0,13598228.479999999,0.4481349869550785,0.40933572710951527,2.61773395724728e-06,1.269954974374862,0.9321548969779038,0.00017771197663220463,684.0,1671.0,377043663.0,168966457.0,921052.0,988089.0,377222747.0,479055904.0
1.7,sysbench,STREAM,4,0.4481456658528127,1706.1000000000001,3.198000400131901e-06,962.0,2168.0,169000502.0,377110647.0,2795274.24,0.4481456658528127,0.4437269372693727,3.198000400131901e-06,0.8275421180537885,0.3431400651465798,0.00020336881500298553,962.0,2168.0,377110647.0,169000502.0,39504.0,115125.0,371841671.0,307714644.0
1.8,sysbench,STREAM,4,0.4480711865953075,13958.0,3.1391455842263445e-06,919.0,2103.0,169000217.0,377172695.0,22868787.2,0.4480711865953075,0.43699476937708037,3.1391455842263445e-06,0.7105351746610861,0.9613627819548872,5.452692650780467e-05,919.0,2103.0,377172695.0,169000217.0,511445.0,532000.0,376969716.0,267850243.0
1.9,sysbench,STREAM,4,0.4474168386332889,16582.4,2.834694786768239e-06,860.0,1929.0,168726666.0,377112910.0,27168604.16,0.4474168386332889,0.44582685329186106,2.834694786768239e-06,0.8984883553088283,0.9351243421540286,0.0001856746444411703,860.0,1929.0,377112910.0,168726666.0,1009261.0,1079280.0,377105879.0,338825241.0
2.0,sysbench,STREAM,4,0.4472801334932127,16150.0,2.840012562030542e-06,852.0,1923.0,168674262.0,377111008.0,26460160.0,0.4472801334932127,0.44305772230889234,2.840012562030542e-06,0.9939143027650112,0.9387046126499322,0.00019037774642452127,852.0,1923.0,377111008.0,168674262.0,1099485.0,1171279.0,377113404.0,374818406.0
2.1,sysbench,STREAM,4,0.44789999783290935,15840.4,2.8822066764013485e-06,761.0,1848.0,168921716.0,377141587.0,25952911.36,0.44789999783290935,0.41179653679653677,2.8822066764013485e-06,0.9485509824620421,0.9386668697200824,0.00019221418255102176,761.0,1848.0,377141587.0,168921716.0,1109462.0,1181955.0,377146988.0,357743146.0
2.2,sysbench,STREAM,4,0.44775219822440937,15727.0,2.561849973498776e-06,666.0,1632.0,168834486.0,377071261.0,25767116.8,0.44775219822440937,0.40808823529411764,2.561849973498776e-06,0.9132713029712016,0.937607104544899,0.0001826949983820749,666.0,1632.0,377071261.0,168834486.0,1035723.0,1104645.0,377251707.0,344533158.0
2.3,sysbench,STREAM,4,0.44740685280561066,16849.8,2.8930442444420107e-06,925.0,2016.0,168722230.0,377111412.0,27606712.32,0.44740685280561066,0.45882936507936506,2.8930442444420107e-06,0.9195866594924837,0.9329676967028613,0.00018304571556006807,925.0,2016.0,377111412.0,168722230.0,960772.0,1029802.0,377118906.0,346793515.0
2.4,sysbench,STREAM,4,0.4479621445901091,3630.3999999999996,2.9750103032269706e-06,969.0,2091.0,168945138.0,377141551.0,5948047.359999999,0.4479621445901091,0.4634146341463415,2.9750103032269706e-06,1.3358682342152675,0.8233412525500242,0.0002604847787065507,969.0,2091.0,377141551.0,168945138.0,451219.0,548034.0,371672389.0,496505338.0
2.5,sysbench,STREAM,4,0.447150998010717,3723.6000000000004,3.070650448300646e-06,947.0,2105.0,168629046.0,377118796.0,6100746.24,0.447150998010717,0.4498812351543943,3.070650448300646e-06,0.5657705463975329,0.43159473421096484,3.61801480211953e-05,947.0,2105.0,377118796.0,168629046.0,10360.0,24004.0,377112885.0,213359363.0
2.6,sysbench,STREAM,4,0.4480975840310965,16651.8,2.7737314710362345e-06,895.0,1941.0,168981777.0,377109324.0,27282309.119999997,0.4480975840310965,0.4611025244719217,2.7737314710362345e-06,0.9146753719032679,0.9545279848797211,0.00012581219623334822,895.0,1941.0,377109324.0,168981777.0,995923.0,1043367.0,377101755.0,344925688.0
2.8,sysbench,STREAM,4,0.44797671769302577,15788.500000000002,2.4951518483655338e-06,812.0,1753.0,168946067.0,377131356.0,25867878.400000002,0.44797671769302577,0.4632059326868226,2.4951518483655338e-06,1.0214642911561815,0.9396599185711165,0.00019267445945903502,812.0,1753.0,377131356.0,168946067.0,1131577.0,1204241.0,377133535.0,385228439.0
2.9,sysbench,STREAM,4,0.4477968381844317,15654.300000000001,2.632787535973376e-06,823.0,1816.0,168894092.0,377166781.0,25648005.12,0.4477968381844317,0.45319383259911894,2.632787535973376e-06,0.9060191228424245,0.9356419098349401,0.00019758783441816525,823.0,1816.0,377166781.0,168894092.0,1083420.0,1157943.0,377163909.0,341717714.0
3.0,sysbench,STREAM,4,0.4474084566430068,16812.6,2.56675704859924e-06,848.0,1816.0,168730962.0,377129577.0,27545763.84,0.4474084566430068,0.4669603524229075,2.56675704859924e-06,0.9220788567483754,0.9352929339864472,0.00017650350312321564,848.0,1816.0,377129577.0,168730962.0,962148.0,1028713.0,377131325.0,347744821.0
3.1,sysbench,STREAM,4,0.4475278118637802,15880.8,2.3888149202265455e-06,881.0,1783.0,168983408.0,377593087.0,26019102.72,0.4475278118637802,0.4941110487941671,2.3888149202265455e-06,1.286701032636955,0.9328536295996925,0.00017071844118806236,881.0,1783.0,377593087.0,168983408.0,895574.0,960037.0,377598340.0,485856174.0
3.2,sysbench,STREAM,4,0.44720538169663265,14314.9,2.7837804976099016e-06,976.0,2027.0,168839769.0,377544135.0,23453532.16,0.44720538169663265,0.4814997533300444,2.7837804976099016e-06,0.7976090032715539,0.36212323187439827,0.00018504356652668277,976.0,2027.0,377544135.0,168839769.0,39118.0,108024.0,372377172.0,297011385.0
3.4,sysbench,STREAM,4,0.4474488287126124,8158.200000000001,2.352539954334497e-06,770.0,1658.0,168895988.0,377464365.0,13366394.88,0.4474488287126124,0.4644149577804584,2.352539954334497e-06,0.7171418986618522,0.9615696770539879,5.645274627747679e-05,770.0,1658.0,377464365.0,168895988.0,533150.0,554458.0,377448422.0,270684078.0
3.5,sysbench,STREAM,4,0.4479222599680769,15742.2,2.6962776598419214e-06,1016.0,2033.0,168950307.0,377186673.0,25792020.48,0.4479222599680769,0.499754058042302,2.6962776598419214e-06,0.9038057716572532,0.9335766725002715,0.00018323989821824978,1016.0,2033.0,377186673.0,168950307.0,971408.0,1040523.0,377183139.0,340900298.0
3.6,sysbench,STREAM,4,0.4476899270459886,16565.4,2.9073132076398024e-06,1188.0,2284.0,168770313.0,376980367.0,27140751.36,0.4476899270459886,0.5201401050788091,2.9073132076398024e-06,0.974475275607239,0.9378236589722689,0.00019029771519279021,1188.0,2284.0,376980367.0,168770313.0,1081517.0,1153220.0,376793804.0,367176246.0
3.7,sysbench,STREAM,4,0.44761022444417764,16068.400000000001,2.3602789639697105e-06,832.0,1722.0,168782210.0,377074072.0,26326466.560000002,0.44761022444417764,0.4831591173054588,2.3602789639697105e-06,0.9625857323404697,0.9368646937324349,0.00019770301452524323,832.0,1722.0,377074072.0,168782210.0,1106737.0,1181320.0,377247662.0,363133217.0
3.8,sysbench,STREAM,4,0.4475110561276314,15767.6,2.513706935006402e-06,809.0,1757.0,168770860.0,377132269.0,25833635.84,0.4475110561276314,0.46044393853158794,2.513706935006402e-06,0.9114111973948623,0.9375872598787133,0.0001849123766782709,809.0,1757.0,377132269.0,168770860.0,1047615.0,1117352.0,377135383.0,343725411.0
3.9,sysbench,STREAM,4,0.44757877626552656,15767.4,2.654189300668078e-06,817.0,1818.0,168799699.0,377139641.0,25833308.16,0.44757877626552656,0.4493949394939494,2.654189300668078e-06,0.9241752561340552,0.9324760458477006,0.00018168455356664783,817.0,1818.0,377139641.0,168799699.0,946231.0,1014751.0,377137179.0,348540849.0
4.0,sysbench,STREAM,4,0.44727168011191587,10511.900000000001,3.2238724274866715e-06,1099.0,2315.0,168704679.0,377186141.0,17222696.96,0.44727168011191587,0.47473002159827216,3.2238724274866715e-06,1.330977345831522,0.8203948968536494,0.0002632533715665941,1099.0,2315.0,377186141.0,168704679.0,445248.0,542724.0,370274460.0,492826918.0
4.1,sysbench,STREAM,4,0.4467077119573776,1841.3999999999999,3.274933942262087e-06,1234.0,2469.0,168456535.0,377106843.0,3016949.76,0.4467077119573776,0.4997974888618874,3.274933942262087e-06,0.5627268215710107,0.4919913343040807,3.79314066040345e-05,1234.0,2469.0,377106843.0,168456535.0,13853.0,28157.0,377101755.0,212205272.0
4.2,sysbench,STREAM,4,0.44828886372712345,12294.099999999999,2.8008270980340014e-06,631.0,1687.0,169019016.0,377031485.0,20142653.439999998,0.44828886372712345,0.37403675163011263,2.8008270980340014e-06,0.9191585714026893,0.9565500728151515,0.0001242615758769703,631.0,1687.0,377031485.0,169019016.0,1031887.0,1078759.0,377204294.0,346710560.0
4.3,sysbench,STREAM,4,0.44785935654349657,16239.399999999998,2.7657181696750812e-06,992.0,2035.0,168895484.0,377117239.0,26606632.959999997,0.44785935654349657,0.48746928746928747,2.7657181696750812e-06,0.900144855622582,0.933786783581235,0.0001901415995676782,992.0,2035.0,377117239.0,168895484.0,1011250.0,1082956.0,377118948.0,339461681.0
4.4,sysbench,STREAM,4,0.44811232189894046,15810.0,2.7286931520005975e-06,833.0,1862.0,168984768.0,377103596.0,25903104.0,0.44811232189894046,0.4473684210526316,2.7286931520005975e-06,1.0312805671072176,0.9402724197429583,0.0001907433630903692,833.0,1862.0,377103596.0,168984768.0,1132387.0,1204318.0,377108796.0,388904973.0
4.5,sysbench,STREAM,4,0.448246710884921,15662.7,3.092012538720761e-06,1415.0,2581.0,169034135.0,377100670.0,25661767.68,0.448246710884921,0.548237117396358,3.092012538720761e-06,0.9073401030067058,0.9352356887236953,0.00019886984859803335,1415.0,2581.0,377100670.0,169034135.0,1082973.0,1157968.0,377105934.0,342163337.0
4.6,sysbench,STREAM,4,0.44719181220502363,16879.5,2.7976293297434083e-06,865.0,1920.0,168638267.0,377104997.0,27655372.8,0.44719181220502363,0.4505208333333333,2.7976293297434083e-06,0.9229533839521937,0.9358910910008101,0.0001779389072334717,865.0,1920.0,377104997.0,168638267.0,979571.0,1046672.0,377101338.0,348046956.0
4.7,sysbench,STREAM,4,0.4471595349060129,15860.2,2.964660226523058e-06,1576.0,2694.0,168627877.0,377108982.0,25985351.68,0.4471595349060129,0.585003711952487,2.964660226523058e-06,1.3245842379029977,0.9292261182781854,0.0001734480560832318,1576.0,2694.0,377108982.0,168627877.0,858801.0,924211.0,377115786.0,499521626.0
4.8,sysbench,STREAM,4,0.4473828216178057,5889.300000000001,3.0335783821179766e-06,972.0,2116.0,168713606.0,377112392.0,9649029.120000001,0.4473828216178057,0.45935727788279773,3.0335783821179766e-06,0.7599575686370831,0.359166530112377,0.00019980860817885281,972.0,2116.0,377112392.0,168713606.0,41645.0,115949.0,371875870.0,282609882.0
4.9,sysbench,STREAM,4,0.4482063330640229,1757.1,3.0018256562676367e-06,839.0,1971.0,169020332.0,377103846.0,2878832.6399999997,0.4482063330640229,0.4256722475900558,3.0018256562676367e-06,0.7216013267899313,0.9625935654612604,6.027314554822203e-05,839.0,1971.0,377103846.0,169020332.0,584868.0,607596.0,377083356.0,272103850.0
5.0,sysbench,STREAM,4,0.44729924294389417,16382.8,2.810850237249682e-06,841.0,1901.0,168681060.0,377110095.0,26841579.52,0.44729924294389417,0.4423987375065755,2.810850237249682e-06,0.9083978413840601,0.9349207679106508,0.00018331922885565522,841.0,1901.0,377110095.0,168681060.0,993128.0,1062259.0,377107194.0,342563361.0
5.1,sysbench,STREAM,4,0.44757127884086123,15737.3,2.9116339462830165e-06,818.0,1916.0,168782640.0,377107844.0,25783992.32,0.44757127884086123,0.42693110647181626,2.9116339462830165e-06,0.9597193441148817,0.9384188397991626,0.00018798575660314577,818.0,1916.0,377107844.0,168782640.0,1080289.0,1151180.0,377108358.0,361918186.0
5.2,sysbench,STREAM,4,0.4473737586564961,16685.0,2.7843270822529757e-06,1055.0,2105.0,168709506.0,377110867.0,27336704.0,0.4473737586564961,0.501187648456057,2.7843270822529757e-06,0.9772727955554626,0.9377357267728379,0.00019616370302933048,1055.0,2105.0,377110867.0,168709506.0,1114106.0,1188081.0,377108501.0,368537879.0
5.3,sysbench,STREAM,4,0.4481812754813726,16031.599999999999,2.7604621462307332e-06,842.0,1883.0,169013985.0,377110768.0,26266173.439999998,0.4481812754813726,0.4471587891662241,2.7604621462307332e-06,0.9116380583777428,0.9363911581055712,0.00019065542804449243,842.0,1883.0,377110768.0,169013985.0,1058446.0,1130346.0,377120131.0,343797064.0
5.5,sysbench,STREAM,4,0.4475034188281413,15931.099999999999,2.688879548347152e-06,845.0,1859.0,168757454.0,377108748.0,26101514.24,0.4475034188281413,0.45454545454545453,2.688879548347152e-06,0.930672694096785,0.9337947369796026,0.00018144383903087732,845.0,1859.0,377108748.0,168757454.0,965089.0,1033513.0,377108423.0,350964512.0
5.6,sysbench,STREAM,4,0.44810253348662993,2073.6000000000004,3.0229464787140324e-06,1253.0,2393.0,168986415.0,377115509.0,3397386.24,0.44810253348662993,0.5236105307145842,3.0229464787140324e-06,1.3147361316737451,0.8088665116378299,0.0002650343682871314,1253.0,2393.0,377115509.0,168986415.0,417054.0,515603.0,371834795.0,488864640.0
5.7,sysbench,STREAM,4,0.44764652562342966,5838.8,2.8321200311020873e-06,850.0,1918.0,168808696.0,377102661.0,9566289.92,0.44764652562342966,0.443169968717414,2.8321200311020873e-06,0.5605792718478354,0.5055595967993349,3.785138644081026e-05,850.0,1918.0,377102661.0,168808696.0,14595.0,28869.0,377106398.0,211398030.0
5.8,sysbench,STREAM,4,0.4473705356143005,16482.6,2.9805675534153903e-06,737.0,1861.0,168707628.0,377109386.0,27005091.84,0.4473705356143005,0.39602364320257927,2.9805675534153903e-06,0.9349423408167915,0.9544990305432535,0.00013491701374532754,737.0,1861.0,377109386.0,168707628.0,1067275.0,1118152.0,377098474.0,352565330.0
5.9,sysbench,STREAM,4,0.44787089188473395,16220.500000000002,2.760498234450563e-06,934.0,1975.0,168894728.0,377105838.0,26575667.200000003,0.44787089188473395,0.4729113924050633,2.760498234450563e-06,0.8867332943636361,0.9312443492566956,0.00019682409934829412,934.0,1975.0,377105838.0,168894728.0,1005282.0,1079504.0,377098131.0,334385468.0
6.0,sysbench,STREAM,4,0.4473496317072308,15783.600000000002,2.9214940777338417e-06,1023.0,2125.0,168742185.0,377204256.0,25859850.240000002,0.4473496317072308,0.4814117647058824,2.9214940777338417e-06,1.0263241786599246,0.940517526385656,0.0001880231976298998,1023.0,2125.0,377204256.0,168742185.0,1120858.0,1191746.0,377017309.0,386941980.0
6.1,sysbench,STREAM,4,0.44719142373971377,15677.7,2.7791859708601557e-06,843.0,1891.0,168630893.0,377088835.0,25686343.68,0.44719142373971377,0.44579587519830777,2.7791859708601557e-06,0.9221227842608213,0.9368431356386268,0.00019505766198212336,843.0,1891.0,377088835.0,168630893.0,1091070.0,1164624.0,377088494.0,347721892.0
6.2,sysbench,STREAM,4,0.44739730309639,16896.7,2.8082459201158887e-06,994.0,2053.0,168715190.0,377103726.0,27683553.28,0.44739730309639,0.48416950803701897,2.8082459201158887e-06,0.917448018176393,0.937599158341656,0.0001767869428320187,994.0,2053.0,377103726.0,168715190.0,1001700.0,1068367.0,377103642.0,345972989.0
6.3,sysbench,STREAM,4,0.4481549418524565,11808.3,2.9435060598688507e-06,942.0,2052.0,168999817.0,377101313.0,19346718.72,0.4481549418524565,0.4590643274853801,2.9435060598688507e-06,1.3385870587997184,0.9273563964893707,0.00017311464386503882,942.0,2052.0,377101313.0,168999817.0,833890.0,899212.0,377333763.0,505094092.0
6.4,sysbench,STREAM,4,0.4472364090573393,1669.6000000000001,2.8988162101855513e-06,685.0,1778.0,168630696.0,377050465.0,2735472.64,0.4472364090573393,0.38526434195725534,2.8988162101855513e-06,0.7386183606486807,0.33482040284904646,0.00018689398870341204,685.0,1778.0,377050465.0,168630696.0,34974.0,104456.0,371772257.0,274597815.0
6.5,sysbench,STREAM,4,0.44752161320115497,10634.8,3.163618302541162e-06,679.0,1872.0,168760335.0,377099854.0,17424056.32,0.44752161320115497,0.3627136752136752,3.163618302541162e-06,0.7305749960110968,0.962877997250929,6.188223382866391e-05,679.0,1872.0,377099854.0,168760335.0,605242.0,628576.0,377071068.0,275478694.0
6.6,sysbench,STREAM,4,0.4482154782278229,15837.9,3.12109182357684e-06,1043.0,2220.0,169027266.0,377111622.0,25948815.36,0.4482154782278229,0.4698198198198198,3.12109182357684e-06,0.9164218268007437,0.9347688760894914,0.00018127414435169844,1043.0,2220.0,377111622.0,169027266.0,979606.0,1047966.0,377108386.0,345590356.0
6.7,sysbench,STREAM,4,0.4472783750008058,15678.0,2.9540707209887177e-06,803.0,1917.0,168671693.0,377106747.0,25686835.2,0.4472783750008058,0.4188836724047992,2.9540707209887177e-06,0.9332041022213519,0.9352217725795527,0.00019096980362140494,803.0,1917.0,377106747.0,168671693.0,1039730.0,1111747.0,377111976.0,351922443.0
6.8,sysbench,STREAM,4,0.44743068801126407,16622.7,3.134352475554013e-06,875.0,2057.0,168731206.0,377111384.0,27234631.68,0.44743068801126407,0.42537676227515797,3.134352475554013e-06,0.999752150743644,0.9373056165864911,0.0001984782890972596,875.0,2057.0,377111384.0,168731206.0,1118992.0,1193839.0,377104218.0,377010753.0
6.9,sysbench,STREAM,4,0.4475203911696764,16022.7,2.8108524062662665e-06,818.0,1878.0,168764327.0,377109804.0,26251591.68,0.4475203911696764,0.4355697550585729,2.8108524062662665e-06,0.908880358558221,0.9353057000576465,0.00019759938831854837,818.0,1878.0,377109804.0,168764327.0,1077330.0,1151848.0,377116552.0,342753827.0
7.0,sysbench,STREAM,4,0.44755386994019175,15766.599999999999,2.8957339980446526e-06,888.0,1980.0,168775456.0,377106461.0,25831997.439999998,0.44755386994019175,0.4484848484848485,2.8957339980446526e-06,0.9279345364274666,0.9328889830709878,0.00017971976254705702,888.0,1980.0,377106461.0,168775456.0,942091.0,1009864.0,377103770.0,349927612.0
7.1,sysbench,STREAM,4,0.44760553534324266,8008.7,3.309475129124688e-06,1037.0,2285.0,168791632.0,377099072.0,13121454.08,0.44760553534324266,0.4538293216630197,3.309475129124688e-06,1.306373198934466,0.8038491384009594,0.00024670750354561713,1037.0,2285.0,377099072.0,168791632.0,376035.0,467793.0,371930317.0,485879798.0
7.2,sysbench,STREAM,4,0.447373535775674,1722.9,2.91426514358172e-06,841.0,1940.0,168709260.0,377110505.0,2822799.3600000003,0.447373535775674,0.43350515463917527,2.91426514358172e-06,0.5588210924314136,0.48985682444939743,3.580955675819519e-05,841.0,1940.0,377110505.0,168709260.0,12967.0,26471.0,377106036.0,210734807.0
7.3,sysbench,STREAM,4,0.44734009509443856,14333.4,2.8532935020631804e-06,777.0,1853.0,168695559.0,377108068.0,23483842.56,0.44734009509443856,0.4193200215866163,2.8532935020631804e-06,0.9484857178002983,0.9540347955083022,0.00013918890900429547,777.0,1853.0,377108068.0,168695559.0,1089440.0,1141929.0,377106196.0,357679841.0
7.4,sysbench,STREAM,4,0.44737873008389023,16367.6,2.919083955185046e-06,953.0,2054.0,168739231.0,377173119.0,26816675.84,0.44737873008389023,0.46397273612463485,2.919083955185046e-06,0.8982389200514006,0.9318388398977998,0.00018936155289173685,953.0,2054.0,377173119.0,168739231.0,975967.0,1047356.0,376998387.0,338634624.0
7.6,sysbench,STREAM,4,0.44826026625826637,15948.500000000002,2.8479378054507766e-06,1054.0,2128.0,169045660.0,377114977.0,26130022.400000002,0.44826026625826637,0.49530075187969924,2.8479378054507766e-06,0.9933300129719383,0.93877190149995,0.000190063748520427,1054.0,2128.0,377114977.0,169045660.0,1098963.0,1170639.0,377115576.0,374600220.0
7.8,sysbench,STREAM,4,0.4473665443648132,15724.6,3.0867788034357604e-06,887.0,2051.0,168698404.0,377092132.0,25763184.64,0.4473665443648132,0.4324719648951731,3.0867788034357604e-06,0.9138629521681657,0.9407012486859637,0.0001733734356748766,887.0,2051.0,377092132.0,168698404.0,1037141.0,1102519.0,377093525.0,344611802.0
7.9,sysbench,STREAM,4,0.44785855589202866,16873.1,2.6966141122296112e-06,823.0,1840.0,168905202.0,377139612.0,27644887.04,0.44785855589202866,0.4472826086956522,2.6966141122296112e-06,1.3613127656206874,0.9258050025618769,0.0001681695282054198,823.0,1840.0,377139612.0,168905202.0,791417.0,854842.0,377149182.0,513417996.0
8.0,sysbench,STREAM,4,0.4474965999832993,3374.1000000000004,3.3545578017530218e-06,908.0,2173.0,168750468.0,377098883.0,5528125.44,0.4474965999832993,0.41785549930971005,3.3545578017530218e-06,0.7029574935029368,0.3505371176318764,0.00019619746602663412,908.0,2173.0,377098883.0,168750468.0,39386.0,112359.0,371936506.0,261455554.0
8.1,sysbench,STREAM,4,0.4473052488611857,3874.8,2.895322625124012e-06,817.0,1909.0,168705666.0,377160041.0,6348472.32,0.4473052488611857,0.427972760607648,2.895322625124012e-06,0.7355971358799935,0.9632263752299016,6.41492701997675e-05,817.0,1909.0,377160041.0,168705666.0,633697.0,657890.0,377136013.0,277420171.0
8.2,sysbench,STREAM,4,0.4473128595008181,16794.6,2.842664896619848e-06,923.0,1995.0,168686568.0,377110929.0,27516272.64,0.4473128595008181,0.46265664160401004,2.842664896619848e-06,0.9223248973883219,0.935325288834854,0.0001750597788333851,923.0,1995.0,377110929.0,168686568.0,954723.0,1020739.0,377105469.0,347813763.0
8.3,sysbench,STREAM,4,0.44803158899266354,15828.0,2.741891970214769e-06,855.0,1889.0,168958029.0,377111867.0,25932595.2,0.44803158899266354,0.4526204340921122,2.741891970214769e-06,0.9156435145628737,0.9345428122170868,0.00018942575654163818,855.0,1889.0,377111867.0,168958029.0,1019889.0,1091324.0,377113447.0,345301482.0
8.4,sysbench,STREAM,4,0.447394115483929,15689.099999999999,2.9832454412655165e-06,1015.0,2140.0,168715042.0,377106082.0,25705021.439999998,0.447394115483929,0.4742990654205608,2.9832454412655165e-06,1.0165952611808704,0.9388130713237316,0.00019588210939060934,1015.0,2140.0,377106082.0,168715042.0,1133414.0,1207284.0,377114583.0,383372898.0
8.5,sysbench,STREAM,4,0.44809541524573104,16693.1,2.9611132897370327e-06,1305.0,2422.0,169031891.0,377222987.0,27349975.04,0.44809541524573104,0.5388109000825764,2.9611132897370327e-06,0.9087859198676471,0.934927408631128,0.0001996568848463561,1305.0,2422.0,377222987.0,169031891.0,1082056.0,1157369.0,377212136.0,342805078.0
8.6,sysbench,STREAM,4,0.4475030960722528,16006.5,2.819699281803759e-06,854.0,1917.0,168704441.0,376990556.0,26225049.6,0.4475030960722528,0.44548774126238916,2.819699281803759e-06,0.9259649110875122,0.9362582641245251,0.00017968484900854543,854.0,1917.0,376990556.0,168704441.0,994986.0,1062726.0,376993388.0,349082649.0
8.7,sysbench,STREAM,4,0.4472319591826769,13937.599999999999,3.115758990298497e-06,1614.0,2789.0,168657959.0,377115176.0,22835363.839999996,0.4472319591826769,0.5787020437432772,3.115758990298497e-06,1.3015937088429146,0.7797524195363493,0.0002631579371984727,1614.0,2789.0,377115176.0,168657959.0,346444.0,444300.0,371852740.0,484001187.0
8.8,sysbench,STREAM,4,0.44725622590779557,1574.0,3.060131493691178e-06,775.0,1929.0,168663891.0,377107978.0,2578841.6,0.44725622590779557,0.40176257128045617,3.060131493691178e-06,0.5552218603242566,0.5304195374015748,4.048496946781756e-05,775.0,1929.0,377107978.0,168663891.0,17245.0,32512.0,377102915.0,209375782.0
8.9,sysbench,STREAM,4,0.4480872023103701,8355.9,3.22983148303854e-06,755.0,1973.0,168977922.0,377109458.0,13690306.559999999,0.4480872023103701,0.3826659908768373,3.22983148303854e-06,0.9516169693991949,0.9549237417386883,0.00014107390711874714,755.0,1973.0,377109458.0,168977922.0,1127001.0,1180200.0,377100210.0,358854959.0
9.0,sysbench,STREAM,4,0.4471087970731005,15771.100000000002,2.7604754541094826e-06,898.0,1939.0,168608729.0,377108950.0,25839370.240000002,0.4471087970731005,0.4631253223310985,2.7604754541094826e-06,0.9011397186962267,0.9303326604223074,0.00019308915416309195,898.0,1939.0,377108950.0,168608729.0,972393.0,1045210.0,377115951.0,339834162.0
9.1,sysbench,STREAM,4,0.44725186052077653,16491.1,2.837404763437238e-06,798.0,1868.0,168660988.0,377105168.0,27019018.24,0.44725186052077653,0.4271948608137045,2.837404763437238e-06,0.9855325386433366,0.9381724809358685,0.0001902194928487376,798.0,1868.0,377105168.0,168660988.0,1088433.0,1160163.0,377090691.0,371635146.0
9.2,sysbench,STREAM,4,0.44738578071398294,16192.9,2.893055912977897e-06,999.0,2090.0,168713603.0,377109891.0,26530447.36,0.44738578071398294,0.4779904306220096,2.893055912977897e-06,0.9556319654384944,0.9374817624127662,0.00019600191935295852,999.0,2090.0,377109891.0,168713603.0,1108395.0,1182311.0,377118756.0,360386738.0
9.3,sysbench,STREAM,4,0.4471353329185228,15797.6,2.935480306682011e-06,977.0,2084.0,168619361.0,377110348.0,25882787.84,0.4471353329185228,0.46880998080614206,2.935480306682011e-06,0.9139272294699415,0.9367324260747839,0.00018600708359651672,977.0,2084.0,377110348.0,168619361.0,1038544.0,1108688.0,377103918.0,344645539.0
9.4,sysbench,STREAM,4,0.44723684425982535,15672.4,2.829437365584323e-06,815.0,1882.0,168656044.0,377106775.0,25677660.16,0.44723684425982535,0.43304994686503717,2.829437365584323e-06,1.3601004975025355,0.9229588438721688,0.00017208102314082447,815.0,1882.0,377106775.0,168656044.0,777435.0,842329.0,377113053.0,512911651.0
9.5,sysbench,STREAM,4,0.44769928986405355,10378.199999999999,3.3107473038959814e-06,1276.0,2525.0,168897340.0,377256216.0,17003642.88,0.44769928986405355,0.5053465346534654,3.3107473038959814e-06,0.7035309439977177,0.29894555979422566,0.0001844633798896762,1276.0,2525.0,377256216.0,168897340.0,29230.0,97777.0,371602212.0,261433655.0
9.7,sysbench,STREAM,4,0.4480569425301255,12483.099999999999,2.4533813449895384e-06,847.0,1772.0,168931207.0,377030665.0,20452311.04,0.4480569425301255,0.47799097065462753,2.4533813449895384e-06,0.7431974006572226,0.9622719588126837,6.791738631883088e-05,847.0,1772.0,377030665.0,168931207.0,653425.0,679044.0,377208273.0,280340208.0
9.8,sysbench,STREAM,4,0.4475005069273908,16417.800000000003,2.558598962327181e-06,844.0,1809.0,168779084.0,377159537.0,26898923.520000003,0.4475005069273908,0.4665561083471531,2.558598962327181e-06,0.9287311934564842,0.9354416213629723,0.00017420821926866456,844.0,1809.0,377159537.0,168779084.0,952056.0,1017761.0,377163605.0,350283605.0
9.9,sysbench,STREAM,4,0.44749832875828754,15783.999999999998,2.600700536467258e-06,948.0,1929.0,168799081.0,377206059.0,25860505.599999998,0.44749832875828754,0.49144634525660963,2.600700536467258e-06,0.8940542920501363,0.9323434435613819,0.00019379222425375332,948.0,1929.0,377206059.0,168799081.0,1007357.0,1080457.0,377208117.0,337244536.0
10.0,sysbench,STREAM,4,0.4473661908936603,15672.9,2.7815581011458427e-06,823.0,1872.0,168713763.0,377126762.0,25678479.36,0.4473661908936603,0.43963675213675213,2.7815581011458427e-06,1.0322481389705018,0.9399101100308046,0.00019065385538093426,823.0,1872.0,377126762.0,168713763.0,1124672.0,1196574.0,377133732.0,389295593.0
10.1,sysbench,STREAM,4,0.44727435989223946,16744.8,2.6386310499951476e-06,839.0,1834.0,168662454.0,377089476.0,27434680.32,0.44727435989223946,0.4574700109051254,2.6386310499951476e-06,0.9068552623216246,0.9353701110977551,0.0001981958039930694,839.0,1834.0,377089476.0,168662454.0,1081633.0,1156369.0,377081646.0,341958475.0
10.2,sysbench,STREAM,4,0.4473214891055604,15982.800000000003,2.6783044528537845e-06,824.0,1834.0,168686836.0,377104253.0,26186219.520000003,0.4473214891055604,0.44929116684841874,2.6783044528537845e-06,0.9210043220241741,0.9364979397675119,0.00017593799099371242,824.0,1834.0,377104253.0,168686836.0,978439.0,1044785.0,377098770.0,347309597.0
10.3,sysbench,STREAM,4,0.44744541969040086,5621.1,2.959266500083121e-06,979.0,2095.0,168740831.0,377120479.0,9209610.24,0.44744541969040086,0.46730310262529834,2.959266500083121e-06,1.2935277452764198,0.7900199894534172,0.0002302726739445423,979.0,2095.0,377120479.0,168740831.0,322103.0,407715.0,371785321.0,480914628.0
10.4,sysbench,STREAM,4,0.4480401336269369,2121.5,3.0415175041427216e-06,883.0,2030.0,168962379.0,377114384.0,3475865.6,0.4480401336269369,0.4349753694581281,3.0415175041427216e-06,0.5564842665187255,0.4460291312640888,3.388614535181896e-05,883.0,2030.0,377114384.0,168962379.0,10289.0,23068.0,377115776.0,209858996.0
10.5,sysbench,STREAM,4,0.44781916706689107,16358.699999999999,3.1981002160343212e-06,1149.0,2355.0,168872105.0,377098877.0,26802094.08,0.44781916706689107,0.4878980891719745,3.1981002160343212e-06,0.9623830899634849,0.9544163359317852,0.0001444356994099715,1149.0,2355.0,377098877.0,168872105.0,1140350.0,1194814.0,377081291.0,362896658.0
10.6,sysbench,STREAM,4,0.44752612863938,15700.7,2.928932907360641e-06,1015.0,2120.0,168838409.0,377270506.0,25724026.880000003,0.44752612863938,0.47877358490566035,2.928932907360641e-06,0.9085862679277878,0.9315585250203443,0.00018659368518780204,1015.0,2120.0,377270506.0,168838409.0,958148.0,1028543.0,377263571.0,342776500.0
10.7,sysbench,STREAM,4,0.4472380763788646,16461.8,2.9422067423413383e-06,986.0,2095.0,168576538.0,376927965.0,26971013.12,0.4472380763788646,0.47064439140811454,2.9422067423413383e-06,0.9597310066803271,0.9372244612128039,0.00018836308428452758,986.0,2095.0,376927965.0,168576538.0,1059969.0,1130966.0,376915680.0,361737665.0
10.8,sysbench,STREAM,4,0.44723449761415557,16156.8,2.702115243655923e-06,871.0,1890.0,168657482.0,377111969.0,26471301.119999997,0.44723449761415557,0.46084656084656084,2.702115243655923e-06,0.9762725188813921,0.9373898609932582,0.00019624596766934472,871.0,1890.0,377111969.0,168657482.0,1108022.0,1182029.0,377113481.0,368165528.0
10.9,sysbench,STREAM,4,0.44759940018536337,15782.5,2.72867694362598e-06,847.0,1876.0,168792346.0,377105836.0,25858048.0,0.44759940018536337,0.45149253731343286,2.72867694362598e-06,0.9109986518669402,0.9363960360840777,0.00018977272051668866,847.0,1876.0,377105836.0,168792346.0,1053586.0,1125150.0,377103726.0,343540986.0
11.0,sysbench,STREAM,4,0.44735092709263174,15809.0,2.924836312782059e-06,824.0,1927.0,168702799.0,377115121.0,25901465.6,0.44735092709263174,0.4276076803321225,2.924836312782059e-06,1.365857312756912,0.9158749736918099,0.0001822971089258875,824.0,1927.0,377115121.0,168702799.0,748486.0,817236.0,377131598.0,515107951.0
11.1,sysbench,STREAM,4,0.4471243797765129,1927.7,3.070762825615715e-06,887.0,2045.0,168612837.0,377104995.0,3158343.68,0.4471243797765129,0.4337408312958435,3.070762825615715e-06,0.6888848087751175,0.28614605093559714,0.00017250975943271842,887.0,2045.0,377104995.0,168612837.0,25752.0,89996.0,372407916.0,256546156.0
11.2,sysbench,STREAM,4,0.44784084036120947,6306.700000000001,2.985567509465595e-06,733.0,1859.0,168902155.0,377147727.0,10332897.280000001,0.44784084036120947,0.3942980096826251,2.985567509465595e-06,0.753967920098235,0.9597219509108268,7.763617498182512e-05,733.0,1859.0,377147727.0,168902155.0,697643.0,726922.0,377130893.0,284344595.0
11.3,sysbench,STREAM,4,0.44736854680171,16265.0,3.044216313843852e-06,748.0,1896.0,168706504.0,377108550.0,26648576.0,0.44736854680171,0.39451476793248946,3.044216313843852e-06,0.9292377003350962,0.9354659597014167,0.00017505774650323572,748.0,1896.0,377108550.0,168706504.0,956948.0,1022964.0,377109847.0,350424687.0
11.4,sysbench,STREAM,4,0.44809250670961365,16448.0,3.1820732683825514e-06,868.0,2068.0,168981341.0,377112624.0,26948403.200000003,0.44809250670961365,0.4197292069632495,3.1820732683825514e-06,0.8900429384165536,0.9310035435217154,0.0001933101026917095,868.0,2068.0,377112624.0,168981341.0,983676.0,1056576.0,377114279.0,335647901.0
11.5,sysbench,STREAM,4,0.4473286790621665,15791.0,3.0627823038378426e-06,1037.0,2192.0,168691266.0,377108095.0,25871974.4,0.4473286790621665,0.47308394160583944,3.0627823038378426e-06,1.0190999095386004,0.9398046111106448,0.00019018699339735495,1037.0,2192.0,377108095.0,168691266.0,1119749.0,1191470.0,377107807.0,384310532.0
11.6,sysbench,STREAM,4,0.44721906339416356,15675.400000000001,2.969985036870654e-06,866.0,1986.0,168649116.0,377106277.0,25682575.360000003,0.44721906339416356,0.43605236656596175,2.969985036870654e-06,0.9307081833907459,0.9367164209711446,0.00019640332538748074,866.0,1986.0,377106277.0,168649116.0,1096287.0,1170351.0,377101558.0,350971506.0
11.8,sysbench,STREAM,4,0.44814658889588915,11468.5,3.0463305516809183e-06,918.0,2067.0,169029730.0,377175090.0,18789990.4,0.44814658889588915,0.444121915820029,3.0463305516809183e-06,0.9187072012904304,0.9365250736644417,0.0001819930407469715,918.0,2067.0,377175090.0,169029730.0,1012304.0,1080915.0,376997932.0,346350715.0
11.9,sysbench,STREAM,4,0.4472279992722919,1682.1000000000001,3.1182944901937194e-06,980.0,2156.0,168662751.0,377129230.0,2755952.64,0.4472279992722919,0.45454545454545453,3.1182944901937194e-06,1.283489240857853,0.7522170409284729,0.0002371124273067357,980.0,2156.0,377129230.0,168662751.0,267614.0,355767.0,371777224.0,477172067.0
12.0,sysbench,STREAM,4,0.44713299904608056,10989.6,2.9355854586317933e-06,743.0,1850.0,168612441.0,377096840.0,18005360.64,0.44713299904608056,0.4016216216216216,2.9355854586317933e-06,0.5508610693066154,0.5015926416377366,3.692985449931684e-05,743.0,1850.0,377096840.0,168612441.0,14015.0,27941.0,377093281.0,207726008.0
12.1,sysbench,STREAM,4,0.4473057022503604,15870.9,2.8399813690858082e-06,796.0,1867.0,168685757.0,377115150.0,26002882.56,0.4473057022503604,0.42635243706480985,2.8399813690858082e-06,0.9737170611190008,0.9547554542809277,0.00015132218678875556,796.0,1867.0,377115150.0,168685757.0,1204192.0,1261257.0,377109274.0,367197734.0
12.2,sysbench,STREAM,4,0.44760464244543546,15724.099999999999,2.673532808162372e-06,672.0,1680.0,168760031.0,377029224.0,25762365.439999998,0.44760464244543546,0.4,2.673532808162372e-06,0.9153726035707482,0.932788374205268,0.00018264497548985231,672.0,1680.0,377029224.0,168760031.0,956137.0,1025031.0,377201726.0,345280126.0
12.3,sysbench,STREAM,4,0.4473242996841886,16473.3,2.9169168784706306e-06,919.0,2019.0,168690693.0,377110506.0,26989854.72,0.4473242996841886,0.4551758296186231,2.9169168784706306e-06,0.9340937029020576,0.9360709622225224,0.00018824161917830543,919.0,2019.0,377110506.0,168690693.0,1039460.0,1110450.0,377121703.0,352267008.0
12.4,sysbench,STREAM,4,0.448061270858664,16188.5,2.887775269520587e-06,940.0,2029.0,168967000.0,377106907.0,26523238.4,0.448061270858664,0.4632824051256777,2.887775269520587e-06,0.9982407026242721,0.9379191348705165,0.00019693069267153143,940.0,2029.0,377106907.0,168967000.0,1121952.0,1196214.0,377097135.0,376433709.0
12.5,sysbench,STREAM,4,0.4481088028946051,15786.199999999999,2.919573932071034e-06,1121.0,2222.0,168986230.0,377109820.0,25864110.08,0.4481088028946051,0.5045004500450045,2.919573932071034e-06,0.9094097116318479,0.9373411641264282,0.00019508849984874765,1121.0,2222.0,377109820.0,168986230.0,1100596.0,1174168.0,377121153.0,342957639.0
12.6,sysbench,STREAM,4,0.44719024342608854,7647.3,2.818766949410736e-06,832.0,1895.0,168642260.0,377115249.0,12529336.32,0.44719024342608854,0.43905013192612136,2.818766949410736e-06,1.368182200349321,0.9101268760152277,0.0001899570001775255,832.0,1895.0,377115249.0,168642260.0,725585.0,797235.0,377190627.0,516065502.0
12.7,sysbench,STREAM,4,0.4471563217657608,1717.0,3.1390322729369477e-06,1183.0,2367.0,168661243.0,377186310.0,2813132.8,0.4471563217657608,0.49978876214617657,3.1390322729369477e-06,0.6751154423198004,0.25546751595628553,0.00015572895369163347,1183.0,2367.0,377186310.0,168661243.0,19893.0,77869.0,372287867.0,251337288.0
12.8,sysbench,STREAM,4,0.4470740350466974,14678.400000000001,2.7127880734316886e-06,882.0,1905.0,168592874.0,377102808.0,24049090.560000002,0.4470740350466974,0.462992125984252,2.7127880734316886e-06,0.7684390916189553,0.9569586456392704,8.429977272844922e-05,882.0,1905.0,377102808.0,168592874.0,706802.0,738592.0,377106592.0,289783447.0
13.0,sysbench,STREAM,4,0.44807613639552446,16212.0,2.9647294726520065e-06,875.0,1993.0,168969589.0,377100174.0,26561740.8,0.44807613639552446,0.43903662819869543,2.9647294726520065e-06,0.8969585630251924,0.9324463265430679,0.00019079147245467564,875.0,1993.0,377100174.0,168969589.0,993060.0,1065005.0,377087084.0,338231489.0
13.1,sysbench,STREAM,4,0.44753517241609736,16416.6,2.7630976063699106e-06,826.0,1868.0,168771327.0,377112990.0,26896957.439999998,0.44753517241609736,0.4421841541755889,2.7630976063699106e-06,0.9939561557899821,0.9389375303711157,0.00018859799920547694,826.0,1868.0,377112990.0,168771327.0,1093635.0,1164758.0,377114287.0,374835067.0
13.2,sysbench,STREAM,4,0.4476662593823318,15820.8,2.895706738477436e-06,915.0,2007.0,168819428.0,377110011.0,25920798.72,0.4476662593823318,0.45590433482810166,2.895706738477436e-06,0.9488859541629876,0.9384611862233649,0.00019243775341647144,915.0,2007.0,377110011.0,168819428.0,1106701.0,1179272.0,377114151.0,357838321.0
13.3,sysbench,STREAM,4,0.448184338561508,15709.8,2.9408495812665096e-06,828.0,1937.0,169011171.0,377101912.0,25738936.32,0.448184338561508,0.42746515229736703,2.9408495812665096e-06,0.9149097495499258,0.9375207346694521,0.00018328694551837245,828.0,1937.0,377101912.0,169011171.0,1037122.0,1106239.0,377097233.0,345009935.0
13.4,sysbench,STREAM,4,0.4480698236458503,16682.1,3.1236909268944526e-06,1118.0,2296.0,168975185.0,377117976.0,27331952.64,0.4480698236458503,0.48693379790940766,3.1236909268944526e-06,1.275219993367827,0.7404816029415419,0.0002246814801183615,1118.0,2296.0,377117976.0,168975185.0,238441.0,322008.0,371935417.0,474299480.0
13.5,sysbench,STREAM,4,0.44718018897465805,3149.7,3.160889126608494e-06,1088.0,2280.0,168635711.0,377109083.0,5160468.4799999995,0.44718018897465805,0.47719298245614034,3.160889126608494e-06,0.5716851340968121,0.8003565343598157,3.355841443192886e-05,1088.0,2280.0,377109083.0,168635711.0,50733.0,63388.0,377103633.0,215584541.0
13.6,sysbench,STREAM,4,0.4472922278565402,4182.3,2.9779388140546153e-06,864.0,1987.0,168676794.0,377106472.0,6852280.32,0.4472922278565402,0.4348263714141922,2.9779388140546153e-06,0.9649453077052523,0.9544673019127274,0.00015548514461191136,864.0,1987.0,377106472.0,168676794.0,1229058.0,1287690.0,377090687.0,363871889.0
13.7,sysbench,STREAM,4,0.44818148922066353,16944.6,2.8744716862245164e-06,950.0,2034.0,169014966.0,377112777.0,27762032.64,0.44818148922066353,0.4670599803343166,2.8744716862245164e-06,0.9267291877484,0.9320496619545175,0.00018322691638908477,950.0,2034.0,377112777.0,169014966.0,947778.0,1016875.0,377111624.0,349480349.0
13.9,sysbench,STREAM,4,0.44757534389343867,15704.400000000001,2.779085807313263e-06,886.0,1934.0,168781748.0,377102426.0,25730088.96,0.44757534389343867,0.4581178903826267,2.779085807313263e-06,0.9030053426239592,0.9314346634176058,0.00019698512859203147,886.0,1934.0,377102426.0,168781748.0,1009107.0,1083390.0,377099533.0,340522893.0
14.0,sysbench,STREAM,4,0.4476083882430885,16412.2,2.72068843706221e-06,822.0,1848.0,168797794.0,377110435.0,26889748.48,0.4476083882430885,0.4448051948051948,2.72068843706221e-06,1.0274756509325096,0.9397585248547987,0.00019197364544471562,822.0,1848.0,377110435.0,168797794.0,1129383.0,1201780.0,377119473.0,387481076.0
14.1,sysbench,STREAM,4,0.44752609335455346,16203.699999999999,2.725971502566629e-06,894.0,1922.0,168768024.0,377113260.0,26548142.08,0.44752609335455346,0.46514047866805414,2.725971502566629e-06,0.9068305356185885,0.9347835872576177,0.0001997730953328599,894.0,1922.0,377113260.0,168768024.0,1079862.0,1155200.0,377117849.0,341981981.0
14.2,sysbench,STREAM,4,0.44818588708004226,13458.0,2.784380383400587e-06,814.0,1864.0,169012533.0,377103648.0,22049587.2,0.44818588708004226,0.4366952789699571,2.784380383400587e-06,1.3783471499870117,0.8903808980375695,0.00023126616152545321,814.0,1864.0,377103648.0,169012533.0,708428.0,795646.0,377132562.0,519819592.0
14.3,sysbench,STREAM,4,0.4475416540216239,1652.5,3.459885728272818e-06,1366.0,2671.0,168803800.0,377180087.0,2707456.0,0.4475416540216239,0.5114189442156496,3.459885728272818e-06,0.6479197356853268,0.24109107838158117,9.651492784894875e-05,1366.0,2671.0,377180087.0,168803800.0,11393.0,47256.0,371579825.0,240753902.0
14.4,sysbench,STREAM,4,0.44750697660562555,9026.5,2.6650760644132815e-06,819.0,1824.0,168754850.0,377099931.0,14789017.6,0.44750697660562555,0.44901315789473684,2.6650760644132815e-06,0.7819875465655866,0.9604608230897875,8.451378970164553e-05,819.0,1824.0,377099931.0,168754850.0,774166.0,806036.0,377098224.0,294886115.0
14.5,sysbench,STREAM,4,0.4471601378136688,15810.699999999999,2.712790238755957e-06,844.0,1867.0,168625209.0,377102507.0,25904250.88,0.4471601378136688,0.45206213176218535,2.712790238755957e-06,0.9194859580717044,0.9386500721083435,0.00017440371686893222,844.0,1867.0,377102507.0,168625209.0,1006231.0,1071998.0,377096321.0,346734772.0
14.6,sysbench,STREAM,4,0.4473778888459804,16147.5,2.620411599613711e-06,1021.0,2009.0,168679361.0,377040004.0,26456064.0,0.4473778888459804,0.5082130413140866,2.620411599613711e-06,0.9080211152400322,0.9322638420502837,0.00018667970381305938,1021.0,2009.0,377040004.0,168679361.0,969202.0,1039622.0,377223654.0,342527043.0
14.7,sysbench,STREAM,4,0.4476383362611902,16472.7,2.779036115136198e-06,969.0,2017.0,168808521.0,377109169.0,26988871.68,0.4476383362611902,0.48041646008924144,2.779036115136198e-06,0.9619470138349178,0.9370040881574002,0.00018935976584613637,969.0,2017.0,377109169.0,168808521.0,1062111.0,1133518.0,377097002.0,362747335.0
14.8,sysbench,STREAM,4,0.44728826166365604,15805.3,2.7498930359229343e-06,838.0,1875.0,168674898.0,377105577.0,25895403.52,0.44728826166365604,0.44693333333333335,2.7498930359229343e-06,0.9760218151324107,0.9377381094802326,0.0001959678351714437,838.0,1875.0,377105577.0,168674898.0,1113052.0,1186954.0,377112907.0,368070424.0
14.9,sysbench,STREAM,4,0.44714595480604447,15697.4,2.8718405285994e-06,811.0,1894.0,168623245.0,377110076.0,25718620.16,0.44714595480604447,0.428194297782471,2.8718405285994e-06,0.9115319877607819,0.9375090134208177,0.00018729838709944733,811.0,1894.0,377110076.0,168623245.0,1059628.0,1130259.0,377104155.0,343742500.0
15.0,sysbench,STREAM,4,0.44712500268618577,9653.0,3.0282568074629653e-06,920.0,2062.0,168617388.0,377114648.0,15815475.200000001,0.44712500268618577,0.44616876818622697,3.0282568074629653e-06,1.2654667056586437,0.6819483071902696,0.0002306500615259557,920.0,2062.0,377114648.0,168617388.0,183901.0,269670.0,371857694.0,470573531.0
15.1,sysbench,STREAM,4,0.4481399735382786,1706.6,3.0362979770647487e-06,901.0,2046.0,168995360.0,377103963.0,2796093.44,0.4481399735382786,0.44037145650048876,3.0362979770647487e-06,0.6053130310244348,0.8850157922802412,3.716895080556501e-05,901.0,2046.0,377103963.0,168995360.0,107879.0,121895.0,377088933.0,228256845.0
15.2,sysbench,STREAM,4,0.44727655514674586,12835.4,2.9218535577178286e-06,833.0,1935.0,168693863.0,377157848.0,21029519.36,0.44727655514674586,0.43049095607235144,2.9218535577178286e-06,0.9404271455807202,0.9504711837280067,0.00016197224326890353,833.0,1935.0,377157848.0,168693863.0,1172295.0,1233383.0,377151040.0,354683076.0
15.3,sysbench,STREAM,4,0.4473210645341672,16725.0,2.803277532684008e-06,834.0,1891.0,168666270.0,377058635.0,27402240.0,0.4473210645341672,0.44103648863035433,2.803277532684008e-06,0.9278544921550166,0.9350741287595316,0.00017878011619482272,834.0,1891.0,377058635.0,168666270.0,970851.0,1038261.0,377055354.0,349852504.0
15.4,sysbench,STREAM,4,0.4473657737764165,15802.3,2.861229949679212e-06,833.0,1912.0,168706353.0,377110550.0,25890488.32,0.4473657737764165,0.4356694560669456,2.861229949679212e-06,0.8862647163650951,0.9305020035492525,0.00019481702908093096,833.0,1912.0,377110550.0,168706353.0,983656.0,1057124.0,377112824.0,334221790.0
15.5,sysbench,STREAM,4,0.448229872768669,15693.400000000001,3.0648562801001e-06,1312.0,2468.0,169062979.0,377179187.0,25712066.560000002,0.448229872768669,0.5316045380875203,3.0648562801001e-06,1.0295308903921028,0.9402858313070965,0.00018910677747587142,1312.0,2468.0,377179187.0,169062979.0,1122627.0,1193921.0,377003939.0,388137201.0
15.6,sysbench,STREAM,4,0.4481243633646997,16392.0,2.847993637804961e-06,948.0,2022.0,168991096.0,377107584.0,26856652.8,0.4481243633646997,0.4688427299703264,2.847993637804961e-06,0.9220912753211367,0.9362238866156573,0.00019669144596153967,948.0,2022.0,377107584.0,168991096.0,1088878.0,1163053.0,377113502.0,347733070.0
15.7,sysbench,STREAM,4,0.447533596680109,16229.8,2.55147402579815e-06,810.0,1772.0,168736705.0,377036956.0,26590904.32,0.447533596680109,0.45711060948081267,2.55147402579815e-06,1.396825896523536,0.863252828996147,0.0002981312666036347,810.0,1772.0,377036956.0,168736705.0,710224.0,822730.0,377370684.0,527121144.0
15.8,sysbench,STREAM,4,0.44802382817974457,4925.4,2.8479490427349846e-06,930.0,2004.0,168955829.0,377113489.0,8069775.359999999,0.44802382817974457,0.46407185628742514,2.8479490427349846e-06,0.6137225142413518,0.42664378491150146,4.584437317533933e-05,930.0,2004.0,377113489.0,168955829.0,12679.0,29718.0,371670476.0,228102539.0
16.0,sysbench,STREAM,4,0.4473137196793326,16265.100000000002,2.8109030325114457e-06,831.0,1891.0,168683351.0,377103012.0,26648739.840000004,0.4473137196793326,0.4394500264410365,2.8109030325114457e-06,0.7959966077356335,0.9575763812954268,8.745590409032574e-05,831.0,1891.0,377103012.0,168683351.0,744372.0,777350.0,377081460.0,300155563.0
16.1,sysbench,STREAM,4,0.4480890321246441,15725.4,2.659665966213714e-06,893.0,1896.0,168981107.0,377115026.0,25764495.36,0.4480890321246441,0.4709915611814346,2.659665966213714e-06,0.915419170209177,0.9387472653387026,0.0001766213667385517,893.0,1896.0,377115026.0,168981107.0,1020821.0,1087429.0,377123115.0,345225729.0
16.2,sysbench,STREAM,4,0.4473905877410139,16184.7,2.784374107359494e-06,887.0,1937.0,168713003.0,377104498.0,26517012.48,0.4473905877410139,0.4579246257098606,2.784374107359494e-06,0.9127007309436245,0.9321245548595684,0.00018327649115534742,887.0,1937.0,377104498.0,168713003.0,949106.0,1018218.0,377091462.0,344171653.0
16.3,sysbench,STREAM,4,0.4473702970428411,16449.5,2.90634379513592e-06,768.0,1864.0,168706072.0,377106109.0,26950860.8,0.4473702970428411,0.41201716738197425,2.90634379513592e-06,0.9405773039392008,0.9368242749448301,0.00018682554012397804,768.0,1864.0,377106109.0,168706072.0,1044738.0,1115191.0,377105828.0,354697183.0
16.4,sysbench,STREAM,4,0.44812698669488676,15801.6,2.8294155619940177e-06,963.0,2030.0,168993025.0,377109681.0,25889341.44,0.44812698669488676,0.474384236453202,2.8294155619940177e-06,0.992507527901855,0.9379962332745361,0.0001954642793988133,963.0,2030.0,377109681.0,168993025.0,1115119.0,1188831.0,377112382.0,374286878.0
16.5,sysbench,STREAM,4,0.4473962986816386,15501.3,2.8718155274897065e-06,969.0,2052.0,168719121.0,377113359.0,25397329.919999998,0.4473962986816386,0.4722222222222222,2.8718155274897065e-06,0.9090607745067746,0.9359148576483651,0.00019420903701990354,969.0,2052.0,377113359.0,168719121.0,1069600.0,1142839.0,377114274.0,342819794.0
16.6,sysbench,STREAM,4,0.4472960495201082,1577.8,3.3695898997266516e-06,1315.0,2586.0,168718834.0,377197237.0,2585067.52,0.4472960495201082,0.508507347254447,3.3695898997266516e-06,1.2601619573446656,0.6662827106215221,0.00022221350076542665,1315.0,2586.0,377197237.0,168718834.0,164276.0,246556.0,370274532.0,466605879.0
16.7,sysbench,STREAM,4,0.4480625908051983,6708.8,2.720710311804725e-06,867.0,1893.0,168967720.0,377107403.0,10991697.92,0.4480625908051983,0.45800316957210774,2.720710311804725e-06,0.619662678401786,0.9040518390932326,3.6634382543021676e-05,867.0,1893.0,377107403.0,168967720.0,130169.0,143984.0,377104759.0,233677745.0
16.8,sysbench,STREAM,4,0.4473289585295313,16066.100000000002,2.625823333868745e-06,649.0,1639.0,168654023.0,377024603.0,26322698.240000002,0.4473289585295313,0.3959731543624161,2.625823333868745e-06,0.93050953370115,0.9476923581798119,0.0001690206761964332,649.0,1639.0,377024603.0,168654023.0,1155128.0,1218885.0,377214205.0,351001414.0
16.9,sysbench,STREAM,4,0.44806506240148186,16608.699999999997,2.8506311140833335e-06,907.0,1982.0,168969580.0,377109474.0,27211694.08,0.44806506240148186,0.4576185671039354,2.8506311140833335e-06,0.9287019996540226,0.9344591010396454,0.0001772527917487066,907.0,1982.0,377109474.0,168969580.0,953024.0,1019867.0,377105485.0,350218618.0
17.0,sysbench,STREAM,4,0.4481601608817153,15821.5,2.7710904485407387e-06,800.0,1845.0,169004721.0,377107864.0,25921945.6,0.4481601608817153,0.43360433604336046,2.7710904485407387e-06,0.8917852958863973,0.929623354867767,0.0001964029811992235,800.0,1845.0,377107864.0,169004721.0,978357.0,1052423.0,377112402.0,336303295.0
17.1,sysbench,STREAM,4,0.44732767766155285,15700.0,2.8294428653041843e-06,894.0,1961.0,168689970.0,377106042.0,25722880.0,0.44732767766155285,0.4558898521162672,2.8294428653041843e-06,1.0141793420722272,0.9396168866457992,0.0001900448994532913,894.0,1961.0,377106042.0,168689970.0,1115189.0,1186855.0,377100360.0,382447395.0
17.2,sysbench,STREAM,4,0.4472170796557223,16492.6,2.8055907372567933e-06,893.0,1951.0,168647431.0,377104182.0,27021475.84,0.4472170796557223,0.45771399282419273,2.8055907372567933e-06,0.932818339994322,0.9369151968453312,0.0001951505804711454,893.0,1951.0,377104182.0,168647431.0,1092935.0,1166525.0,377093421.0,351759659.0
17.3,sysbench,STREAM,4,0.44763074959699,11278.900000000001,2.9008785599746087e-06,800.0,1894.0,168813699.0,377127128.0,18479349.76,0.44763074959699,0.42238648363252373,2.9008785599746087e-06,1.39743203033333,0.8672969757527815,0.00028158539031852717,800.0,1894.0,377127128.0,168813699.0,687443.0,792627.0,373542107.0,521999705.0
17.4,sysbench,STREAM,4,0.447379611202819,1696.5,3.3882315213064086e-06,1039.0,2317.0,168746185.0,377187920.0,2779545.6,0.447379611202819,0.44842468709538197,3.3882315213064086e-06,0.612624789970739,0.32621482218803727,3.962331794265964e-05,1039.0,2317.0,377187920.0,168746185.0,7210.0,22102.0,375839298.0,230248471.0
17.5,sysbench,STREAM,4,0.4473672372646118,11524.9,3.0178464379977946e-06,985.0,2123.0,168697754.0,377090095.0,18882396.16,0.4473672372646118,0.4639660857277438,3.0178464379977946e-06,0.8082344764799283,0.9571668041128693,8.856626586115348e-05,985.0,2123.0,377090095.0,168697754.0,746302.0,779699.0,377084883.0,304773003.0
17.6,sysbench,STREAM,4,0.44759129078070425,15868.800000000001,2.8215068019475232e-06,755.0,1819.0,168788228.0,377103468.0,25999441.92,0.44759129078070425,0.41506322155030234,2.8215068019475232e-06,0.9128617310163496,0.939533695718649,0.00017828448086550103,755.0,1819.0,377103468.0,168788228.0,1044660.0,1111892.0,377105173.0,344244881.0
17.7,sysbench,STREAM,4,0.46850435847724414,15746.800000000001,3.906028896938662e-05,32096.0,46478.0,172503324.0,368200041.0,25799557.12,0.46850435847724414,0.6905632772494513,3.906028896938662e-05,0.9102219963186353,0.935928220397317,0.00017143544444946836,32096.0,46478.0,368200041.0,172503324.0,935464.0,999504.0,373551690.0,340014965.0
17.8,sysbench,STREAM,4,0.4472351271198068,16296.000000000002,3.246072185691814e-06,1335.0,2559.0,168639440.0,377071097.0,26699366.400000002,0.4472351271198068,0.5216881594372802,3.246072185691814e-06,0.9336461128262704,0.9364473694902951,0.0001866589007483738,1335.0,2559.0,377071097.0,168639440.0,1037137.0,1107523.0,377083545.0,352062586.0
17.9,sysbench,STREAM,4,0.44713812459075486,16320.600000000002,2.6652607173282696e-06,855.0,1860.0,168604074.0,377073805.0,26739671.040000003,0.44713812459075486,0.4596774193548387,2.6652607173282696e-06,0.9981307221315402,0.93981740625843,0.00018932407253951394,855.0,1860.0,377073805.0,168604074.0,1114849.0,1186240.0,377083585.0,376378711.0
18.1,sysbench,STREAM,4,0.44727984658978576,15797.5,2.803262314154516e-06,959.0,2016.0,168651644.0,377060682.0,25882624.0,0.44727984658978576,0.4756944444444444,2.803262314154516e-06,0.9085075745479407,0.9366543091823402,0.00019264376000495463,959.0,2016.0,377060682.0,168651644.0,1074542.0,1147213.0,377229971.0,342716286.0
18.2,sysbench,STREAM,4,0.4479346351383443,7324.000000000001,3.190171653404392e-06,936.0,2139.0,168914223.0,377095696.0,11999641.600000001,0.4479346351383443,0.4375876577840112,3.190171653404392e-06,1.2536229173851097,0.6645964340242735,0.00020912531485574055,936.0,2139.0,377095696.0,168914223.0,154092.0,231858.0,371863158.0,466176177.0
18.3,sysbench,STREAM,4,0.44755987510240575,1740.3000000000002,3.1105175311419816e-06,780.0,1953.0,168778259.0,377107664.0,2851307.5200000005,0.44755987510240575,0.39938556067588327,3.1105175311419816e-06,0.6461899524323819,0.9313212001138148,3.4563465564612044e-05,780.0,1953.0,377107664.0,168778259.0,176748.0,189782.0,377103389.0,243680421.0
18.4,sysbench,STREAM,4,0.448092862377134,15028.5,2.9858309830278124e-06,949.0,2075.0,168982292.0,377114447.0,24622694.4,0.448092862377134,0.4573493975903615,2.9858309830278124e-06,0.9170332508897914,0.9462857593574496,0.00016974569907159823,949.0,2075.0,377114447.0,168982292.0,1127737.0,1191751.0,377117066.0,345828889.0
18.5,sysbench,STREAM,4,0.4475006238520378,16044.300000000001,2.757855198298367e-06,908.0,1948.0,168754563.0,377104643.0,26286981.12,0.4475006238520378,0.46611909650924027,2.757855198298367e-06,0.9235482970037436,0.9356801285759957,0.00017659183512629137,908.0,1948.0,377104643.0,168754563.0,968748.0,1035341.0,377101240.0,348271208.0
18.6,sysbench,STREAM,4,0.44757125296684336,16557.5,2.951429885574416e-06,1188.0,2301.0,168781514.0,377105350.0,27127808.0,0.44757125296684336,0.516297262059974,2.951429885574416e-06,0.896926036333156,0.9311272184628848,0.00019116994227978248,1188.0,2301.0,377105350.0,168781514.0,974636.0,1046727.0,377104262.0,338234631.0
18.7,sysbench,STREAM,4,0.44783005184080754,15814.1,2.8452940918645546e-06,1506.0,2579.0,168882945.0,377113917.0,25909821.44,0.44783005184080754,0.5839472663823188,2.8452940918645546e-06,0.995912484144709,0.9385084693404726,0.00019001927578910484,1506.0,2579.0,377113917.0,168882945.0,1093719.0,1165380.0,377124898.0,375583394.0
18.8,sysbench,STREAM,4,0.4472609108026705,15702.5,2.842674175936998e-06,859.0,1931.0,168666427.0,377109698.0,25726976.0,0.4472609108026705,0.444847229414811,2.842674175936998e-06,0.9492875497494311,0.9367754346113311,0.0001966217587957929,859.0,1931.0,377109698.0,168666427.0,1098624.0,1172772.0,377109840.0,357985676.0
18.9,sysbench,STREAM,4,0.4471139025450502,16513.3,2.943436661819949e-06,880.0,1990.0,168611215.0,377110204.0,27055390.72,0.4471139025450502,0.44221105527638194,2.943436661819949e-06,1.3940886531442984,0.859829964103533,0.0002991978672618534,880.0,1990.0,377110204.0,168611215.0,682662.0,793950.0,371954523.0,518537580.0
19.0,sysbench,STREAM,4,0.4474278066849578,2929.0,3.5189076996529912e-06,856.0,2183.0,168727557.0,377105657.0,4798873.6,0.4474278066849578,0.39212093449381585,3.5189076996529912e-06,0.6099106055588868,0.3463837820829775,3.855879828923673e-05,856.0,2183.0,377105657.0,168727557.0,7706.0,22247.0,377112375.0,230004837.0
19.1,sysbench,STREAM,4,0.44775751439939915,4511.2,3.064887970775243e-06,936.0,2092.0,168883069.0,377175287.0,7391150.08,0.44775751439939915,0.4474187380497132,3.064887970775243e-06,0.8153017977925371,0.9587265741889768,9.007813627099938e-05,936.0,2092.0,377175287.0,168883069.0,788799.0,822757.0,376983821.0,307355587.0
19.2,sysbench,STREAM,4,0.4471477151227616,16976.300000000003,3.03361172581304e-06,1013.0,2157.0,168623091.0,377108247.0,27813969.92,0.4471477151227616,0.46963375057950857,3.03361172581304e-06,0.9106892860052334,0.9405553998692234,0.00017718932856763823,1013.0,2157.0,377108247.0,168623091.0,1057236.0,1124055.0,377105103.0,343425577.0
19.3,sysbench,STREAM,4,0.4475567913444747,15843.8,2.6967970761628393e-06,856.0,1873.0,168779943.0,377114025.0,25958481.919999998,0.4475567913444747,0.4570208222103577,2.6967970761628393e-06,0.9255432239398469,0.933376256386694,0.0001791779744848401,856.0,1873.0,377114025.0,168779943.0,946647.0,1014218.0,377116664.0,349037773.0
19.4,sysbench,STREAM,4,0.4473377220550445,15739.0,2.7763729516264427e-06,849.0,1896.0,168695850.0,377110719.0,25786777.6,0.4473377220550445,0.4477848101265823,2.7763729516264427e-06,0.9042856864461346,0.9338471518316449,0.00019362277995646523,849.0,1896.0,377110719.0,168695850.0,1030745.0,1103762.0,377109553.0,341014771.0
19.5,sysbench,STREAM,4,0.4479989748736407,16245.699999999999,2.887762052373911e-06,1091.0,2180.0,168944281.0,377108633.0,26616954.88,0.4479989748736407,0.5004587155963303,2.887762052373911e-06,1.0251098570016286,0.9398542778590505,0.00019068118346901797,1091.0,2180.0,377108633.0,168944281.0,1123655.0,1195563.0,377111148.0,386580355.0
19.6,sysbench,STREAM,4,0.44724912172724773,16347.299999999997,2.834709707760389e-06,859.0,1928.0,168662530.0,377110925.0,26783416.319999997,0.44724912172724773,0.44553941908713696,2.834709707760389e-06,0.9095286516222975,0.9358160147307224,0.00019679068027595486,859.0,1928.0,377110925.0,168662530.0,1082012.0,1156223.0,377106273.0,342988960.0
19.7,sysbench,STREAM,4,0.44754663414756024,13073.699999999999,3.2085710702191198e-06,1018.0,2228.0,168776510.0,377114913.0,21419950.08,0.44754663414756024,0.45691202872531417,3.2085710702191198e-06,1.23870716010578,0.6259729295965415,0.0002164703832730351,1018.0,2228.0,377114913.0,168776510.0,134951.0,215586.0,372498994.0,461417171.0
19.8,sysbench,STREAM,4,0.4480291955685618,1631.5,3.1450569059728356e-06,744.0,1930.0,168951673.0,377099695.0,2673049.6,0.4480291955685618,0.3854922279792746,3.1450569059728356e-06,0.6586072433677846,0.9331649018728658,4.1109341112331655e-05,744.0,1930.0,377099695.0,168951673.0,216442.0,231944.0,377091911.0,248355464.0
19.9,sysbench,STREAM,4,0.4481993386345748,9272.800000000001,2.745104484763661e-06,630.0,1665.0,168986761.0,377034829.0,15192555.520000001,0.4481993386345748,0.3783783783783784,2.745104484763661e-06,0.9138667770510649,0.9443374602714747,0.00017317814366009414,630.0,1665.0,377034829.0,168986761.0,1108265.0,1173590.0,377212728.0,344722180.0
20.2,sysbench,STREAM,4,0.4473158841642971,16622.7,3.1449837731565735e-06,960.0,2146.0,168686606.0,377108464.0,27234631.68,0.4473158841642971,0.4473438956197577,3.1449837731565735e-06,0.9178908482928219,0.9321672321748199,0.00018491186975547305,960.0,2146.0,377108464.0,168686606.0,958253.0,1027984.0,377103969.0,346140282.0
20.3,sysbench,STREAM,4,0.44713727783372126,15837.4,2.9062453111603365e-06,923.0,2019.0,168623913.0,377118888.0,25947996.16,0.44713727783372126,0.4571570084200099,2.9062453111603365e-06,0.9341280850702992,0.9365051982393103,0.00018739778433756076,923.0,2019.0,377118888.0,168623913.0,1042305.0,1112973.0,377101577.0,352261174.0
20.4,sysbench,STREAM,4,0.44808330196836516,15725.600000000002,3.0123734219449137e-06,960.0,2096.0,168977268.0,377111281.0,25764823.040000003,0.44808330196836516,0.4580152671755725,3.0123734219449137e-06,0.9985092743689364,0.9388637862271119,0.00019324181858598936,960.0,2096.0,377111281.0,168977268.0,1119120.0,1191994.0,377112990.0,376550818.0
20.5,sysbench,STREAM,4,0.4476408147532089,9401.900000000001,3.216618179175073e-06,1340.0,2553.0,168807200.0,377104130.0,15404072.96,0.4476408147532089,0.5248726987857423,3.216618179175073e-06,1.373250228385282,0.857463794653261,0.0002905284398106241,1340.0,2553.0,377104130.0,168807200.0,643891.0,750925.0,368411437.0,505921090.0
20.6,sysbench,STREAM,4,0.44705792755445356,1718.1,3.1131386170313933e-06,907.0,2081.0,168590632.0,377111380.0,2814935.04,0.44705792755445356,0.43584814992791926,3.1131386170313933e-06,0.6024661201992053,0.25244284223508207,4.179213034562384e-05,907.0,2081.0,377111380.0,168590632.0,5322.0,21082.0,377104490.0,227192679.0
20.7,sysbench,STREAM,4,0.4480071626269516,12902.3,2.8692002488015596e-06,938.0,2020.0,168947340.0,377108569.0,21139128.32,0.4480071626269516,0.4643564356435644,2.8692002488015596e-06,0.8435156603370806,0.9584497316489741,9.110835901533414e-05,938.0,2020.0,377108569.0,168947340.0,792544.0,826902.0,377111391.0,318099364.0
20.8,sysbench,STREAM,4,0.44708225720746225,16784.4,2.9222566448615755e-06,854.0,1956.0,168597323.0,377105824.0,27499560.96,0.44708225720746225,0.43660531697341515,2.9222566448615755e-06,0.9091675757348399,0.9378013045529504,0.000190530817515814,854.0,1956.0,377105824.0,168597323.0,1083334.0,1155185.0,377109598.0,342855819.0
20.9,sysbench,STREAM,4,0.4476328159271998,15823.7,2.792224712198995e-06,959.0,2012.0,168810681.0,377118645.0,25925550.080000002,0.4476328159271998,0.47664015904572565,2.792224712198995e-06,0.9265487005251536,0.9359468432040757,0.0001737001863874095,959.0,2012.0,377118645.0,168810681.0,957132.0,1022635.0,377103798.0,349405034.0
21.0,sysbench,STREAM,4,0.4480573445961436,15738.8,2.802949192602662e-06,836.0,1893.0,168963681.0,377102804.0,25786449.919999998,0.4480573445961436,0.4416270470153196,2.802949192602662e-06,0.8941653101491579,0.9323570452283324,0.00018832372886647334,836.0,1893.0,377102804.0,168963681.0,978877.0,1049895.0,377105957.0,337195065.0
21.1,sysbench,STREAM,4,0.44726150739776155,16306.499999999998,2.840020002650686e-06,852.0,1923.0,168666796.0,377110020.0,26716569.599999998,0.44726150739776155,0.44305772230889234,2.840020002650686e-06,1.0058143790014147,0.939423665312704,0.00018847828881898848,852.0,1923.0,377110020.0,168666796.0,1102269.0,1173346.0,377109748.0,379302407.0
21.2,sysbench,STREAM,4,0.4473196491400236,16364.9,2.943553175289438e-06,1039.0,2149.0,168682127.0,377095277.0,26812252.16,0.4473196491400236,0.48348068869241506,2.943553175289438e-06,0.9420756570557626,0.9382746965949125,0.00019208997977515123,1039.0,2149.0,377095277.0,168682127.0,1101542.0,1174008.0,377250287.0,355398312.0
21.3,sysbench,STREAM,4,0.44706193510920134,4753.3,3.276003614640609e-06,1174.0,2410.0,168671533.0,377288961.0,7787806.72,0.44706193510920134,0.4871369294605809,3.276003614640609e-06,1.21908804591847,0.5772787920947895,0.0002013966078901033,1174.0,2410.0,377288961.0,168671533.0,101242.0,175378.0,368109477.0,448757863.0
21.4,sysbench,STREAM,4,0.44714638574904364,2985.3999999999996,3.1068086784049503e-06,839.0,2010.0,168535778.0,376914101.0,4891279.359999999,0.44714638574904364,0.4174129353233831,3.1068086784049503e-06,0.6438944078378775,0.939290326494882,3.7149051282999074e-05,839.0,2010.0,376914101.0,168535778.0,216745.0,230754.0,377102497.0,242814189.0
21.5,sysbench,STREAM,4,0.4472185187559275,16256.8,3.0680587471888916e-06,1071.0,2228.0,168651212.0,377111423.0,26635141.119999997,0.4472185187559275,0.48070017953321365,3.0680587471888916e-06,0.9521893827012802,0.9448770292439252,0.0001742826395533751,1071.0,2228.0,377111423.0,168651212.0,1126592.0,1192316.0,377111571.0,359081634.0
21.6,sysbench,STREAM,4,0.44735322543679495,15794.6,2.842696835515186e-06,875.0,1947.0,168699895.0,377106692.0,25877872.64,0.44735322543679495,0.44940934771443247,2.842696835515186e-06,0.9134163327179898,0.93831819068851,0.00018188153621108804,875.0,1947.0,377106692.0,168699895.0,1043392.0,1111981.0,377108097.0,344456695.0
21.7,sysbench,STREAM,4,0.4472114580275856,16088.500000000002,2.74987350051546e-06,1010.0,2047.0,168647133.0,377108256.0,26359398.400000002,0.4472114580275856,0.4934049829018075,2.74987350051546e-06,0.9203821719980617,0.9316951123190361,0.00018460575778559384,1010.0,2047.0,377108256.0,168647133.0,949579.0,1019195.0,377106331.0,347081944.0
21.8,sysbench,STREAM,4,0.4472570173743098,16508.2,2.7207065096721785e-06,864.0,1890.0,168664168.0,377107930.0,27047034.88,0.4472570173743098,0.45714285714285713,2.7207065096721785e-06,0.9220917159189418,0.9338620700333253,0.00019256341195201276,864.0,1890.0,377107930.0,168664168.0,1025346.0,1097963.0,377106945.0,347727190.0
21.9,sysbench,STREAM,4,0.44723413359231234,15807.1,2.906300937332435e-06,895.0,1991.0,168657211.0,377111670.0,25898352.64,0.44723413359231234,0.44952285283776994,2.906300937332435e-06,1.0100435163967332,0.9378974984542887,0.0001970981293958766,895.0,1991.0,377111670.0,168657211.0,1122532.0,1196860.0,377111646.0,380899173.0
22.0,sysbench,STREAM,4,0.44735333708873604,15423.4,2.7338986745873613e-06,907.0,1938.0,168704603.0,377117122.0,25269698.56,0.44735333708873604,0.4680082559339525,2.7338986745873613e-06,1.3632453301841412,0.8540696834653829,0.0002972632820682816,907.0,1938.0,377117122.0,168704603.0,644516.0,754641.0,370462841.0,505031738.0
22.3,sysbench,STREAM,4,0.4472707057415057,16029.7,3.1635241434090143e-06,909.0,2102.0,168670738.0,377111078.0,26263060.48,0.4472707057415057,0.4324452901998097,3.1635241434090143e-06,0.8511836133232638,0.9595970151653304,9.329668254890894e-05,909.0,2102.0,377111078.0,168670738.0,835619.0,870802.0,377108800.0,320988831.0
22.4,sysbench,STREAM,4,0.4475977442623791,16694.4,2.9566914731667e-06,906.0,2021.0,168793900.0,377110703.0,27352104.96,0.4475977442623791,0.4482929242949035,2.9566914731667e-06,0.9081071467527644,0.9376786759893914,0.00019192096506118813,906.0,2021.0,377110703.0,168793900.0,1088945.0,1161320.0,377108358.0,342454795.0
22.5,sysbench,STREAM,4,0.4475615241564322,15827.8,2.879799713589334e-06,831.0,1917.0,168779729.0,377109559.0,25932267.52,0.4475615241564322,0.433489827856025,2.879799713589334e-06,0.9234317124746448,0.9354298802823495,0.0001773915371577315,831.0,1917.0,377109559.0,168779729.0,969125.0,1036021.0,377109309.0,348234695.0
22.6,sysbench,STREAM,4,0.447197243575528,15738.199999999999,3.054854008686032e-06,1104.0,2256.0,168640211.0,377104764.0,25785466.88,0.447197243575528,0.48936170212765956,3.054854008686032e-06,0.8984991021926314,0.9319666685648121,0.0001900889724795273,1104.0,2256.0,377104764.0,168640211.0,981976.0,1053660.0,377107620.0,338830858.0
22.7,sysbench,STREAM,4,0.4475455955624611,16397.1,2.7312572700334216e-06,931.0,1961.0,168776471.0,377115701.0,26865008.64,0.4475455955624611,0.4747577766445691,2.7312572700334216e-06,0.9939855325107432,0.9388402385920193,0.0001893490071087513,931.0,1961.0,377115701.0,168776471.0,1096111.0,1167516.0,377107866.0,374839763.0
22.8,sysbench,STREAM,4,0.44779851985198155,11166.7,2.8108510422451365e-06,879.0,1939.0,168869294.0,377109987.0,18295521.28,0.44779851985198155,0.45332645693656526,2.8108510422451365e-06,0.9500001470364132,0.9373185568667143,0.00019443278561036384,879.0,1939.0,377109987.0,168869294.0,1096464.0,1169788.0,377117469.0,358261651.0
22.9,sysbench,STREAM,4,0.4470401545214247,1701.2,3.1900448707256594e-06,1008.0,2211.0,168583618.0,377110683.0,2787246.08,0.4470401545214247,0.4559023066485753,3.1900448707256594e-06,1.2162252182581226,0.5497109563992777,0.00021496659487703224,1008.0,2211.0,377110683.0,168583618.0,96803.0,176098.0,368871266.0,448630536.0
23.0,sysbench,STREAM,4,0.44801843018232673,11405.5,2.874558224951174e-06,823.0,1907.0,168948388.0,377101424.0,18686771.2,0.44801843018232673,0.43156790770844256,2.874558224951174e-06,0.6401744206856635,0.9382727717259545,3.983469138729156e-05,823.0,1907.0,377101424.0,168948388.0,228339.0,243361.0,377108482.0,241415204.0
23.2,sysbench,STREAM,4,0.4481389063238763,15890.9,2.9540413926060726e-06,874.0,1988.0,168997883.0,377110491.0,26035650.56,0.4481389063238763,0.4396378269617706,2.9540413926060726e-06,0.9132644083246144,0.9381690873329362,0.00018222653749003733,874.0,1988.0,377110491.0,168997883.0,1042683.0,1111402.0,377107533.0,344398888.0
23.3,sysbench,STREAM,4,0.4473759204534374,15771.6,2.9753080300339154e-06,879.0,2001.0,168707165.0,377103812.0,25840189.44,0.4473759204534374,0.43928035982008995,2.9753080300339154e-06,0.9212607090382028,0.9331423884779319,0.00018006480301663926,879.0,2001.0,377103812.0,168707165.0,947747.0,1015651.0,377108679.0,347415409.0
23.4,sysbench,STREAM,4,0.4474525890733258,16253.899999999998,2.840003404397732e-06,811.0,1882.0,168739841.0,377112224.0,26630389.759999998,0.4474525890733258,0.43092454835281613,2.840003404397732e-06,0.9166436069085127,0.9338908662699288,0.00019144690658807017,811.0,1882.0,377112224.0,168739841.0,1019877.0,1092073.0,377107164.0,345672871.0
23.5,sysbench,STREAM,4,0.44728747546060116,16378.0,2.916925580273486e-06,1066.0,2166.0,168676303.0,377109381.0,26833715.2,0.44728747546060116,0.492151431209603,2.916925580273486e-06,1.0138499901197628,0.9384385275181637,0.00019536664690442457,1066.0,2166.0,377109381.0,168676303.0,1123081.0,1196755.0,377106334.0,382329253.0
23.6,sysbench,STREAM,4,0.4480649574421773,15814.6,2.972637195480102e-06,934.0,2055.0,168968086.0,377106228.0,25910640.64,0.4480649574421773,0.4545012165450122,2.972637195480102e-06,1.3663615953137858,0.857074089740163,0.0002989828562787796,934.0,2055.0,377106228.0,168968086.0,660559.0,770714.0,368432496.0,503412013.0
23.7,sysbench,STREAM,4,0.4479746056865438,7189.9,3.343858053633993e-06,950.0,2211.0,168935394.0,377109309.0,11779932.16,0.4479746056865438,0.42966983265490727,3.343858053633993e-06,0.5982744573672093,0.34806863325162707,4.090806083049331e-05,950.0,2211.0,377109309.0,168935394.0,8236.0,23662.0,377089495.0,225603013.0
23.8,sysbench,STREAM,4,0.4481875073741573,1720.9,2.964645258211931e-06,782.0,1900.0,169016388.0,377110886.0,2819522.56,0.4481875073741573,0.41157894736842104,2.964645258211931e-06,0.8513724411992558,0.9576026438079362,9.280522101309619e-05,782.0,1900.0,377110886.0,169016388.0,790478.0,825476.0,377112404.0,321063108.0
23.9,sysbench,STREAM,4,0.4475549183436186,14881.2,2.8930483103905764e-06,829.0,1920.0,168777830.0,377110882.0,24381358.080000002,0.4475549183436186,0.4317708333333333,2.8930483103905764e-06,0.9087627254779678,0.937169426338176,0.00019303436546298656,829.0,1920.0,377110882.0,168777830.0,1085797.0,1158592.0,377109018.0,342702619.0
24.0,sysbench,STREAM,4,0.4480670569756131,16120.2,2.9248788152833254e-06,900.0,2003.0,168970407.0,377109641.0,26411335.68,0.4480670569756131,0.4493260109835247,2.9248788152833254e-06,0.9235195179100008,0.9361808202058229,0.0001754983023049836,900.0,2003.0,377109641.0,168970407.0,970827.0,1037008.0,377103363.0,348262316.0
24.1,sysbench,STREAM,4,0.44804528144554473,16512.2,2.7790426738416955e-06,861.0,1909.0,168961585.0,377108279.0,27053588.48,0.44804528144554473,0.45102147721320063,2.7790426738416955e-06,0.8969999518998979,0.9322285568861646,0.00018783939737888292,861.0,1909.0,377108279.0,168961585.0,974383.0,1045219.0,377109387.0,338267102.0
24.4,sysbench,STREAM,4,0.447209264337403,16620.5,3.142350048248995e-06,1071.0,2256.0,168645431.0,377106300.0,27231027.2,0.447209264337403,0.4747340425531915,3.142350048248995e-06,0.9478982902476555,0.9390653673730539,0.00018966181434050793,1071.0,2256.0,377106300.0,168645431.0,1102243.0,1173766.0,377108066.0,357460091.0
24.5,sysbench,STREAM,4,0.44744044501166813,3022.7999999999997,3.0760055868640918e-06,1109.0,2269.0,168735362.0,377112449.0,4952555.52,0.44744044501166813,0.4887615689731159,3.0760055868640918e-06,1.2159951761131438,0.5686520266528311,0.0002008649825508913,1109.0,2269.0,377112449.0,168735362.0,97546.0,171539.0,368371824.0,447938361.0
24.6,sysbench,STREAM,4,0.44811215745129873,4250.8,2.906360565589752e-06,1069.0,2165.0,168984857.0,377103933.0,6964510.72,0.44811215745129873,0.49376443418013855,2.906360565589752e-06,0.6405100903329459,0.9408370729920322,3.7687111423427275e-05,1069.0,2165.0,377103933.0,168984857.0,226006.0,240218.0,377105049.0,241539589.0
24.7,sysbench,STREAM,4,0.44813653753420146,16965.4,2.9646553052024067e-06,859.0,1977.0,168996594.0,377109608.0,27796111.36,0.44813653753420146,0.43449671219018715,2.9646553052024067e-06,0.9575475511866701,0.945184172063773,0.00017344505597768933,859.0,1977.0,377109608.0,168996594.0,1127824.0,1193232.0,377110778.0,361101502.0
24.8,sysbench,STREAM,4,0.44731936742786377,15810.3,2.813467760982056e-06,922.0,1983.0,168690701.0,377114682.0,25903595.52,0.44731936742786377,0.464952092788704,2.813467760982056e-06,0.912236540771302,0.9375571921521345,0.00018395771556506684,922.0,1983.0,377114682.0,168690701.0,1041987.0,1111385.0,377249738.0,344140996.0
24.9,sysbench,STREAM,4,0.44801884951190896,15689.7,2.910351118595043e-06,1120.0,2218.0,169025893.0,377274066.0,25706004.48,0.44801884951190896,0.5049594229035167,2.910351118595043e-06,0.9212663702718241,0.9335190141941136,0.00018356359519730562,1120.0,2218.0,377274066.0,169025893.0,971657.0,1040854.0,376964724.0,347284923.0
25.0,sysbench,STREAM,4,0.447615446676276,16395.7,2.8785559783628097e-06,858.0,1943.0,168717497.0,376925100.0,26862714.880000003,0.447615446676276,0.4415851775604735,2.8785559783628097e-06,0.9164572568565793,0.9338033642877065,0.00019195693011427023,858.0,1943.0,376925100.0,168717497.0,1021156.0,1093545.0,377110636.0,345605779.0
25.1,sysbench,STREAM,4,0.44724378091003986,16217.900000000001,2.739251772026082e-06,915.0,1948.0,168660227.0,377110279.0,26571407.360000003,0.44724378091003986,0.4697125256673511,2.739251772026082e-06,1.0118012256847824,0.9387200735104246,0.0001938221812907705,915.0,1948.0,377110279.0,168660227.0,1119664.0,1192756.0,377108541.0,381558884.0
25.2,sysbench,STREAM,4,0.447463283055772,13429.7,2.8453353254463786e-06,909.0,1982.0,168742186.0,377108452.0,22003220.48,0.447463283055772,0.458627648839556,2.8453353254463786e-06,1.3636736085040937,0.8594358730411136,0.00028241955057434426,909.0,1982.0,377108452.0,168742186.0,637759.0,742067.0,369337037.0,503655170.0
25.3,sysbench,STREAM,4,0.44734377197138125,1626.1000000000001,3.2484513352992572e-06,913.0,2138.0,168694576.0,377102771.0,2664202.24,0.44734377197138125,0.42703461178671653,3.2484513352992572e-06,0.6015476413338332,0.2599806305821586,3.6472930762144637e-05,913.0,2138.0,377102771.0,168694576.0,4832.0,18586.0,377101585.0,226844569.0
25.4,sysbench,STREAM,4,0.4473465330695078,8997.3,2.6782613994528366e-06,780.0,1790.0,168698992.0,377110315.0,14741176.32,0.4473465330695078,0.43575418994413406,2.6782613994528366e-06,0.8609151599969741,0.9570636737500464,9.504347508432198e-05,780.0,1790.0,377110315.0,168698992.0,798929.0,834771.0,377111632.0,324661121.0
25.5,sysbench,STREAM,4,0.44729291204126237,15781.7,2.969954959784476e-06,1117.0,2237.0,168678673.0,377110096.0,25856737.28,0.44729291204126237,0.49932945909700494,2.969954959784476e-06,0.9048308525798137,0.9361817680231699,0.0001956860189121341,1117.0,2237.0,377110096.0,168678673.0,1082536.0,1156331.0,377109210.0,341220048.0
25.6,sysbench,STREAM,4,0.4474727637021988,16182.3,2.688875926185169e-06,882.0,1896.0,168746121.0,377109256.0,26513080.32,0.4474727637021988,0.4651898734177215,2.688875926185169e-06,0.9208300764918288,0.9357479699858506,0.0001779764076090596,882.0,1896.0,377109256.0,168746121.0,977458.0,1044574.0,377106162.0,347250696.0
25.7,sysbench,STREAM,4,0.44726202230823436,16435.8,2.731286305490629e-06,951.0,1981.0,168667738.0,377111692.0,26928414.72,0.44726202230823436,0.48006057546693587,2.731286305490629e-06,0.9010577675658294,0.932526239795635,0.00018687184479240806,951.0,1981.0,377111692.0,168667738.0,973936.0,1044406.0,377103357.0,339791909.0
25.8,sysbench,STREAM,4,0.4475093564306665,15821.300000000001,2.840029062486757e-06,818.0,1889.0,168759724.0,377108817.0,25921617.92,0.4475093564306665,0.43303335097935414,2.840029062486757e-06,0.9840585532141982,0.9387314360861888,0.0001885256433404763,818.0,1889.0,377108817.0,168759724.0,1089288.0,1160383.0,377110502.0,371098815.0
25.9,sysbench,STREAM,4,0.4474661013886142,15675.3,2.794958033599055e-06,936.0,1990.0,168742881.0,377107630.0,25682411.52,0.4474661013886142,0.47035175879396984,2.794958033599055e-06,0.9591241583678465,0.9379092200385847,0.00019415860167791275,936.0,1990.0,377107630.0,168742881.0,1106006.0,1179225.0,377109226.0,361694569.0
26.0,sysbench,STREAM,4,0.4470428353970394,9745.9,3.0283129868709216e-06,980.0,2122.0,168583274.0,377107652.0,15967682.56,0.4470428353970394,0.46182846371347785,3.0283129868709216e-06,1.2119860917669776,0.5220532185619965,0.00022179972125181932,980.0,2122.0,377107652.0,168583274.0,89032.0,170542.0,367493699.0,445397252.0
26.1,sysbench,STREAM,4,0.44726672327554556,1716.3,2.9673374664039522e-06,811.0,1930.0,168666850.0,377105743.0,2811985.92,0.44726672327554556,0.4202072538860104,2.9673374664039522e-06,0.6339575653398215,0.9359881453497366,4.13119186716607e-05,811.0,1930.0,377105743.0,168666850.0,229918.0,245642.0,380616551.0,241294742.0
26.2,sysbench,STREAM,4,0.4471504998089403,12736.7,2.895708351000933e-06,807.0,1899.0,168624836.0,377109801.0,20867809.28,0.4471504998089403,0.42496050552922593,2.895708351000933e-06,0.9678537623442817,0.9449170239959556,0.0001745148661739075,807.0,1899.0,377109801.0,168624836.0,1128933.0,1194743.0,377102544.0,364980116.0
26.5,sysbench,STREAM,4,0.44755847066424426,15724.8,2.882410142487981e-06,1079.0,2166.0,168780997.0,377114965.0,25763512.32,0.44755847066424426,0.4981532779316713,2.882410142487981e-06,0.9276034319933436,0.9331690830972112,0.00017975766936134793,1079.0,2166.0,377114965.0,168780997.0,946519.0,1014306.0,377102130.0,349801230.0
26.6,sysbench,STREAM,4,0.4475864295324167,16484.6,2.9699412248631602e-06,1119.0,2239.0,168790142.0,377111840.0,27008368.64,0.4475864295324167,0.49977668602054487,2.9699412248631602e-06,0.9024274396811404,0.9319386432444468,0.00019535050264549603,1119.0,2239.0,377111840.0,168790142.0,1008722.0,1082391.0,377111904.0,340316130.0
26.7,sysbench,STREAM,4,0.44714956298634184,16196.099999999999,2.871893745935064e-06,859.0,1942.0,168621481.0,377103088.0,26535690.24,0.44714956298634184,0.4423274974253347,2.871893745935064e-06,1.0290501814393822,0.9406419629652774,0.00018891988619705558,859.0,1942.0,377103088.0,168621481.0,1128982.0,1200225.0,377106939.0,388061964.0
26.8,sysbench,STREAM,4,0.44750194552463146,5078.8,3.020366861449126e-06,906.0,2045.0,168755896.0,377106508.0,8321105.92,0.44750194552463146,0.4430317848410758,3.020366861449126e-06,1.3545678786605058,0.8519291139514321,0.00029635180972847365,906.0,2045.0,377106508.0,168755896.0,630143.0,739666.0,369570883.0,500608847.0
26.9,sysbench,STREAM,4,0.4473918137656582,2566.0,3.160860586510198e-06,907.0,2099.0,168717040.0,377112488.0,4204134.4,0.4473918137656582,0.4321105288232492,3.160860586510198e-06,0.5977262506208684,0.39589165157253414,3.8914485324362465e-05,907.0,2099.0,377112488.0,168717040.0,9617.0,24292.0,377108932.0,225407908.0
27.0,sysbench,STREAM,4,0.44805586285813426,16298.3,2.826800393877775e-06,828.0,1894.0,168964017.0,377104801.0,26703134.72,0.44805586285813426,0.4371700105596621,2.826800393877775e-06,0.8611938929650954,0.9569046556455518,9.627969764483706e-05,828.0,1894.0,377104801.0,168964017.0,806196.0,842504.0,377109618.0,324764500.0
27.1,sysbench,STREAM,4,0.4471415460576908,15723.5,2.8744623641657428e-06,874.0,1958.0,168623337.0,377114000.0,25761382.4,0.4471415460576908,0.4463738508682329,2.8744623641657428e-06,0.9108002088317371,0.936698609915544,0.0001942221813982245,874.0,1958.0,377114000.0,168623337.0,1083809.0,1157052.0,377109347.0,343471272.0
27.2,sysbench,STREAM,4,0.44730920791783424,16286.100000000002,2.7710384384610253e-06,1008.0,2053.0,168686986.0,377114942.0,26683146.240000002,0.44730920791783424,0.4909887968826108,2.7710384384610253e-06,0.9198320655153548,0.9371572441531714,0.00018089555460709913,1008.0,2053.0,377114942.0,168686986.0,1017287.0,1085503.0,377101583.0,346870128.0
27.3,sysbench,STREAM,4,0.44809105376394737,16382.3,2.948825986323223e-06,801.0,1913.0,168974790.0,377099227.0,26840760.32,0.44809105376394737,0.41871406168322006,2.948825986323223e-06,0.903321751635018,0.9335396882296153,0.00018583843801459038,801.0,1913.0,377099227.0,168974790.0,984412.0,1054494.0,377112511.0,340653934.0
27.4,sysbench,STREAM,4,0.4480989235721767,15807.4,2.667641513741774e-06,827.0,1833.0,168983544.0,377112140.0,25898844.16,0.4480989235721767,0.4511729405346427,2.667641513741774e-06,0.9739805698225573,0.9391015186347856,0.00018565562957578946,827.0,1833.0,377112140.0,168983544.0,1079639.0,1149651.0,377106798.0,367294694.0
27.5,sysbench,STREAM,4,0.4480178002425504,15643.099999999999,2.6092721615885976e-06,845.0,1829.0,168954976.0,377116659.0,25629655.04,0.4480178002425504,0.46200109349371243,2.6092721615885976e-06,0.9660134715590923,0.9382949861344179,0.00019335340427071817,845.0,1829.0,377116659.0,168954976.0,1108786.0,1181703.0,377117746.0,364300823.0
27.6,sysbench,STREAM,4,0.4472129251049151,1727.2,3.272220887022925e-06,1170.0,2404.0,168650213.0,377113906.0,2829844.48,0.4472129251049151,0.48668885191347755,3.272220887022925e-06,1.2048780951607871,0.5378537930384371,0.00021230116601004447,1170.0,2404.0,377113906.0,168650213.0,91291.0,169732.0,369479836.0,445178161.0
27.7,sysbench,STREAM,4,0.46921416925614823,6562.1,4.3348803810586904e-05,30786.0,46843.0,173803456.0,370413912.0,10751344.64,0.46921416925614823,0.6572166599064961,4.3348803810586904e-05,0.6332527180513671,0.9358540675976951,4.1887068438131824e-05,30786.0,46843.0,370413912.0,173803456.0,230455.0,246251.0,377109227.0,238805443.0
27.8,sysbench,STREAM,4,0.44708650346060497,16191.400000000001,3.0549362422209944e-06,1247.0,2399.0,168593912.0,377094613.0,26527989.76,0.44708650346060497,0.5197999166319299,3.0549362422209944e-06,0.9696821230849941,0.9465185683607251,0.0001694586484316674,1247.0,2399.0,377094613.0,168593912.0,1130978.0,1194882.0,377106749.0,365673673.0
27.9,sysbench,STREAM,4,0.44752709691130305,16471.199999999997,2.715398372634707e-06,880.0,1904.0,168766304.0,377108571.0,26986414.08,0.44752709691130305,0.46218487394957986,2.715398372634707e-06,0.9109649215409371,0.9386692653790153,0.00018340918462600984,880.0,1904.0,377108571.0,168766304.0,1058573.0,1127738.0,377107614.0,343531808.0
28.0,sysbench,STREAM,4,0.44726610265092986,15791.6,2.7736661800632636e-06,834.0,1880.0,168672188.0,377118201.0,25872957.44,0.44726610265092986,0.44361702127659575,2.7736661800632636e-06,0.9274761001134909,0.9338474822592513,0.0001814147098529792,834.0,1880.0,377118201.0,168672188.0,965786.0,1034201.0,377119364.0,349769197.0
28.1,sysbench,STREAM,4,0.4475717901835564,15676.800000000001,2.8770145386124626e-06,1126.0,2211.0,168791428.0,377127048.0,25684869.12,0.4475717901835564,0.5092718227046585,2.8770145386124626e-06,0.8995888945492918,0.9315634317014874,0.000195201080580403,1126.0,2211.0,377127048.0,168791428.0,1002039.0,1075653.0,377118814.0,339251897.0
28.3,sysbench,STREAM,4,0.4480964325185062,16682.6,3.15562403018094e-06,973.0,2163.0,168979178.0,377104493.0,27332771.84,0.4480964325185062,0.44983818770226536,3.15562403018094e-06,1.3475530300039018,0.8546600793037354,0.0002880943298270984,973.0,2163.0,377104493.0,168979178.0,629164.0,736157.0,371381832.0,500456713.0
28.6,sysbench,STREAM,4,0.4476215378665224,11107.3,3.430524168890452e-06,1430.0,2723.0,168713182.0,376910331.0,18198200.32,0.4476215378665224,0.5251560778553066,3.430524168890452e-06,0.8591148115670563,0.9592024829846232,9.613340559951873e-05,1430.0,2723.0,376910331.0,168713182.0,852355.0,888608.0,377111367.0,323981961.0
28.7,sysbench,STREAM,4,0.44715438632163557,15863.899999999998,2.9249000825094956e-06,879.0,1982.0,168625004.0,377106899.0,25991413.759999998,0.44715438632163557,0.4434914228052472,2.9249000825094956e-06,0.9164653979642299,0.9383588356773956,0.0001902771507687568,879.0,1982.0,377106899.0,168625004.0,1092321.0,1164076.0,377107812.0,345606261.0
28.8,sysbench,STREAM,4,0.4472603094787418,15697.8,2.916919500608426e-06,1490.0,2590.0,168666410.0,377110167.0,25719275.52,0.4472603094787418,0.5752895752895753,2.916919500608426e-06,0.9183779917798267,0.9366426434337543,0.0001785717870371111,1490.0,2590.0,377110167.0,168666410.0,995520.0,1062860.0,377103243.0,346323319.0
28.9,sysbench,STREAM,4,0.4473197820166456,16406.1,3.160868473751614e-06,1075.0,2267.0,168689455.0,377111547.0,26879754.24,0.4473197820166456,0.4741949713277459,3.160868473751614e-06,0.904917243563012,0.9331204488191491,0.0001832164916522779,1075.0,2267.0,377111547.0,168689455.0,964017.0,1033111.0,377116707.0,341259411.0
29.0,sysbench,STREAM,4,0.4471639285665057,16235.699999999999,2.7764067961750032e-06,927.0,1974.0,168628255.0,377106122.0,26600570.88,0.4471639285665057,0.4696048632218845,2.7764067961750032e-06,0.9679906326509039,0.9381069179178456,0.0001864281796734558,927.0,1974.0,377106122.0,168628255.0,1065560.0,1135862.0,377099643.0,365028922.0
29.1,sysbench,STREAM,4,0.4473199962067041,15788.0,2.805566691934622e-06,984.0,2042.0,168687687.0,377107414.0,25867059.2,0.4473199962067041,0.48188050930460335,2.805566691934622e-06,0.9711905343606622,0.9381222006253698,0.00019415990036738529,984.0,2042.0,377107414.0,168687687.0,1110080.0,1183300.0,377111854.0,366247463.0
29.2,sysbench,STREAM,4,0.4480523387883196,7539.300000000001,3.4499204561307157e-06,1171.0,2472.0,168965082.0,377110144.0,12352389.120000001,0.4480523387883196,0.47370550161812297,3.4499204561307157e-06,1.2031736390647751,0.5102312682929954,0.00020758259489867074,1171.0,2472.0,377110144.0,168965082.0,79667.0,156139.0,368393121.0,443240892.0
29.3,sysbench,STREAM,4,0.4473250164248254,1739.4,3.0654635712149416e-06,761.0,1917.0,168688261.0,377104465.0,2849832.96,0.4473250164248254,0.39697443922796033,3.0654635712149416e-06,0.6306512084376859,0.9410766286032131,3.820418379434315e-05,761.0,1917.0,377104465.0,168688261.0,230097.0,244504.0,377105295.0,237821910.0
29.4,sysbench,STREAM,4,0.4479777674301383,14624.0,2.9195712920607306e-06,898.0,1999.0,168936968.0,377110161.0,23959961.6,0.4479777674301383,0.44922461230615307,2.9195712920607306e-06,0.9792995668981007,0.9465663182932582,0.00017061019436881346,898.0,1999.0,377110161.0,168936968.0,1139734.0,1204072.0,377105250.0,369299008.0
29.5,sysbench,STREAM,4,0.447336019207909,16249.899999999998,2.954008767031319e-06,1100.0,2214.0,168696969.0,377114656.0,26623836.159999996,0.447336019207909,0.4968383017163505,2.954008767031319e-06,0.9103744130599677,0.9378901515416898,0.00018806551480089992,1100.0,2214.0,377114656.0,168696969.0,1070943.0,1141864.0,377107946.0,343309425.0
29.6,sysbench,STREAM,4,0.4475378472602885,16393.6,2.8083276519945623e-06,941.0,2000.0,168763278.0,377092751.0,26859274.24,0.4475378472602885,0.4705,2.8083276519945623e-06,0.9289146156463469,0.9328825566282035,0.00017938414762661678,941.0,2000.0,377092751.0,168763278.0,940243.0,1007890.0,377106901.0,350300112.0
29.7,sysbench,STREAM,4,0.4475689482461479,15811.100000000002,2.893046799083832e-06,1098.0,2189.0,168783209.0,377111079.0,25904906.240000002,0.4475689482461479,0.5015989036089539,2.893046799083832e-06,0.8897669938616686,0.9315169194319454,0.00019392346638697343,1098.0,2189.0,377111079.0,168783209.0,994725.0,1067855.0,377107533.0,335537836.0
29.8,sysbench,STREAM,4,0.44724460560062634,15682.1,3.0097432974561416e-06,856.0,1991.0,168659775.0,377108573.0,25693552.64,0.44724460560062634,0.4299347061778001,3.0097432974561416e-06,1.0351108036858678,0.9407843604402708,0.00018849905193608292,856.0,1991.0,377108573.0,168659775.0,1129358.0,1200443.0,377110650.0,390351308.0
29.9,sysbench,STREAM,4,0.4474950764855647,16732.6,3.004491571702392e-06,969.0,2102.0,168751321.0,377102073.0,27414691.84,0.4474950764855647,0.4609895337773549,3.004491571702392e-06,1.3501245583383807,0.8531940055655678,0.0002938495178426082,969.0,2102.0,377102073.0,168751321.0,633430.0,742422.0,370910937.0,500775965.0
30.0,sysbench,STREAM,4,0.44714247337205626,3196.9,3.346789921673076e-06,1086.0,2348.0,168607476.0,377077746.0,5237800.96,0.44714247337205626,0.46252129471890974,3.346789921673076e-06,0.5960956679957025,0.3989186065709097,3.8621929150536054e-05,1086.0,2348.0,377077746.0,168607476.0,9665.0,24228.0,377065577.0,224767157.0
30.1,sysbench,STREAM,4,0.4479588727219607,4079.1000000000004,2.755132268477452e-06,747.0,1786.0,168931733.0,377114381.0,6683197.44,0.4479588727219607,0.41825307950727886,2.755132268477452e-06,0.8567036119946477,0.95664289003543,9.78599431982263e-05,747.0,1786.0,377114381.0,168931733.0,814348.0,851256.0,377151251.0,323106839.0
30.2,sysbench,STREAM,4,0.44766316108346077,16899.3,2.6143807555867428e-06,903.0,1889.0,168833815.0,377144759.0,27687813.119999997,0.44766316108346077,0.47803070407623083,2.6143807555867428e-06,0.9233467099323402,0.937436247048415,0.000193708017587815,903.0,1889.0,377144759.0,168833815.0,1094544.0,1167593.0,377108810.0,348202179.0
30.3,sysbench,STREAM,4,0.4474053150511689,15822.9,2.9037150060841183e-06,989.0,2084.0,168717942.0,377103124.0,25924239.36,0.4474053150511689,0.47456813819577737,2.9037150060841183e-06,0.9173034107688322,0.9373810709291344,0.00017775424350568487,989.0,2084.0,377103124.0,168717942.0,1003458.0,1070491.0,377110547.0,345924791.0
30.4,sysbench,STREAM,4,0.4481408440415368,15726.199999999999,2.8639087582429464e-06,860.0,1940.0,168997043.0,377106986.0,25765806.08,0.4481408440415368,0.44329896907216493,2.8639087582429464e-06,0.9074897476606271,0.9323121784777414,0.00018454063697076305,860.0,1940.0,377106986.0,168997043.0,958526.0,1028117.0,377103933.0,342217953.0
30.7,sysbench,STREAM,4,0.4472276204475761,13716.0,2.62048629987483e-06,863.0,1851.0,168617897.0,377029256.0,22472294.4,0.4472276204475761,0.4662344678552134,2.62048629987483e-06,0.9750360923624007,0.9385708414464066,0.0001934104195034876,863.0,1851.0,377029256.0,168617897.0,1114444.0,1187384.0,377125494.0,367710968.0
30.8,sysbench,STREAM,4,0.4481259919194554,1571.9,2.893013474020658e-06,1164.0,2255.0,168995223.0,377115423.0,2575400.96,0.4481259919194554,0.5161862527716187,2.893013474020658e-06,1.1999600618704052,0.4914687419002042,0.0002173626258598468,1164.0,2255.0,377115423.0,168995223.0,77742.0,158183.0,370077421.0,444078125.0
30.9,sysbench,STREAM,4,0.4479965058237372,8592.2,3.0097703057594363e-06,756.0,1891.0,168941807.0,377105189.0,14077460.48,0.4479965058237372,0.39978847170809095,3.0097703057594363e-06,0.6270227797911273,0.9390275646380077,4.161719255176356e-05,756.0,1891.0,377105189.0,168941807.0,241701.0,257395.0,377103765.0,236452651.0
31.0,sysbench,STREAM,4,0.44742963716691203,15774.0,3.0466095545721868e-06,926.0,2075.0,168743859.0,377140549.0,25844121.6,0.44742963716691203,0.44626506024096385,3.0466095545721868e-06,0.9833568539309635,0.9451319473540698,0.00017500841353458506,926.0,2075.0,377140549.0,168743859.0,1136903.0,1202904.0,377130440.0,370853803.0
31.1,sysbench,STREAM,4,0.4473921159631471,16390.6,2.591101944285723e-06,889.0,1866.0,168693516.0,377059653.0,26854359.04,0.4473921159631471,0.47642015005359056,2.591101944285723e-06,0.9094557603640991,0.9370858510861834,0.00018982087620393362,889.0,1866.0,377059653.0,168693516.0,1065863.0,1137423.0,376986986.0,342852986.0
31.2,sysbench,STREAM,4,0.4474631452976296,16239.2,2.61490005428994e-06,869.0,1855.0,168724866.0,377069861.0,26606305.28,0.4474631452976296,0.46846361185983826,2.61490005428994e-06,0.9280614147808198,0.9331627587108998,0.00017883446725304203,869.0,1855.0,377069861.0,168724866.0,941690.0,1009138.0,377153247.0,350021376.0
31.3,sysbench,STREAM,4,0.44756239627598376,15802.7,2.680756126913868e-06,937.0,1948.0,168790282.0,377132403.0,25891143.68,0.44756239627598376,0.48100616016427106,2.680756126913868e-06,0.8868673688027212,0.9314416683533107,0.00019399846038414023,937.0,1948.0,377132403.0,168790282.0,994042.0,1067208.0,377147323.0,334479654.0
31.4,sysbench,STREAM,4,0.4474768403833457,15702.1,2.699436818458828e-06,852.0,1870.0,168750541.0,377115698.0,25726320.64,0.4474768403833457,0.4556149732620321,2.699436818458828e-06,1.0352075880210587,0.9419931754730638,0.00018598460066708848,852.0,1870.0,377115698.0,168750541.0,1138752.0,1208875.0,377036592.0,390311141.0
31.5,sysbench,STREAM,4,0.447398844936372,10228.5,2.7743293091386108e-06,1136.0,2182.0,168681919.0,377028061.0,16758374.4,0.447398844936372,0.5206232813932172,2.7743293091386108e-06,1.35427902848624,0.8517705049734816,0.000295552677071563,1136.0,2182.0,377028061.0,168681919.0,625536.0,734395.0,368323512.0,498812808.0
31.6,sysbench,STREAM,4,0.44729773099377357,1713.1,3.204794580513702e-06,821.0,2030.0,168741847.0,377247268.0,2806743.04,0.44729773099377357,0.4044334975369458,3.204794580513702e-06,0.5957404888904504,0.3972557719168515,3.8899625465964335e-05,821.0,2030.0,377247268.0,168741847.0,9670.0,24342.0,377175868.0,224698936.0
31.7,sysbench,STREAM,4,0.44751617603770333,12399.2,2.766188708332824e-06,864.0,1907.0,168737357.0,377053090.0,20314849.28,0.44751617603770333,0.45306764551651807,2.766188708332824e-06,0.8596100468374765,0.9577896641121335,9.428148972591347e-05,864.0,1907.0,377053090.0,168737357.0,806865.0,842424.0,377157808.0,324208641.0
31.8,sysbench,STREAM,4,0.4479357754505339,16345.9,2.5534687676020804e-06,877.0,1840.0,168931830.0,377134043.0,26781122.56,0.4479357754505339,0.4766304347826087,2.5534687676020804e-06,0.9116010664807288,0.9380473349877211,0.00019098525771420595,877.0,1840.0,377134043.0,168931830.0,1090541.0,1162565.0,377118113.0,343781274.0
31.9,sysbench,STREAM,4,0.44731635162683175,15784.8,2.5612649810934102e-06,895.0,1861.0,168708665.0,377157384.0,25861816.32,0.44731635162683175,0.48092423428264375,2.5612649810934102e-06,0.9188867668605671,0.9365021161876573,0.00017854238813843484,895.0,1861.0,377157384.0,168708665.0,993507.0,1060870.0,377294158.0,346690609.0
32.0,sysbench,STREAM,4,0.44714334004744083,15653.099999999999,2.76424691135427e-06,1094.0,2137.0,168715212.0,377317958.0,25646039.04,0.44714334004744083,0.5119326158165652,2.76424691135427e-06,0.9021623931141721,0.9325843458319533,0.0001846481242369387,1094.0,2137.0,377317958.0,168715212.0,962981.0,1032594.0,377003559.0,340118433.0
32.1,sysbench,STREAM,4,0.44726593785578367,16819.9,2.7377031302107056e-06,1025.0,2057.0,168600621.0,376958330.0,27557724.16,0.44726593785578367,0.49829849295089934,2.7377031302107056e-06,0.9746599965388781,0.9379843678128876,0.00018875013656392025,1025.0,2057.0,376958330.0,168600621.0,1076701.0,1147888.0,377149396.0,367592429.0
32.2,sysbench,STREAM,4,0.4477601859927939,15889.899999999998,2.6196616290723787e-06,874.0,1862.0,168871834.0,377147945.0,26034012.159999996,0.4477601859927939,0.46938775510204084,2.6196616290723787e-06,0.9637364274798745,0.937761753794953,0.00019456854443169298,874.0,1862.0,377147945.0,168871834.0,1105683.0,1179066.0,377157573.0,363480492.0
32.3,sysbench,STREAM,4,0.4474918592731363,5756.900000000001,3.0733858376709994e-06,1120.0,2279.0,168752995.0,377108525.0,9432104.96,0.4474918592731363,0.49144361562088634,3.0733858376709994e-06,1.2012685936289589,0.5243295386384857,0.00020833272058207194,1120.0,2279.0,377108525.0,168752995.0,84793.0,161717.0,369236286.0,443551954.0
32.4,sysbench,STREAM,4,0.44788956570256205,1728.7,2.7518738139768505e-06,938.0,1976.0,168942837.0,377197528.0,2832302.08,0.44788956570256205,0.47469635627530365,2.7518738139768505e-06,0.6349120794349095,0.939780615234778,3.869021263777088e-05,938.0,1976.0,377197528.0,168942837.0,227722.0,242314.0,377149646.0,239456866.0
32.5,sysbench,STREAM,4,0.44822165323105045,16212.1,2.763497797777357e-06,1086.0,2128.0,169005730.0,377058379.0,26561904.64,0.44822165323105045,0.5103383458646616,2.763497797777357e-06,0.9604551311472957,0.9446015062831729,0.00017506259866165107,1086.0,2128.0,377058379.0,169005730.0,1125658.0,1191675.0,377105107.0,362192535.0
32.8,sysbench,STREAM,4,0.4476264645874416,15926.199999999999,2.6674873476978406e-06,946.0,1952.0,168815130.0,377133935.0,26093486.08,0.4476264645874416,0.48463114754098363,2.6674873476978406e-06,0.921711814347409,0.9322155757222019,0.0001819899672767266,946.0,1952.0,377133935.0,168815130.0,943927.0,1012563.0,377141669.0,347615932.0
32.9,sysbench,STREAM,4,0.44810919470633553,15776.900000000001,2.688877915520956e-06,914.0,1928.0,168986000.0,377108977.0,25848872.96,0.44810919470633553,0.47406639004149376,2.688877915520956e-06,0.9129429987528085,0.9340487442323657,0.00019106846555666008,914.0,1928.0,377108977.0,168986000.0,1020466.0,1092519.0,377105661.0,344275973.0
33.0,sysbench,STREAM,4,0.44732332248050055,16045.0,2.803275926812815e-06,862.0,1919.0,168667218.0,377058851.0,26288128.0,0.44732332248050055,0.4491922876498176,2.803275926812815e-06,1.0174608592590197,0.9393415443116081,0.00019240983027577917,862.0,1919.0,377058851.0,168667218.0,1123491.0,1196041.0,377059737.0,383643524.0
33.1,sysbench,STREAM,4,0.44751486738218194,2221.6,3.0627059205685232e-06,1040.0,2195.0,168765688.0,377117500.0,3639869.44,0.44751486738218194,0.47380410022779046,3.0627059205685232e-06,1.3622267659532836,0.8531335008368518,0.0002993275465457714,1040.0,2195.0,377117500.0,168765688.0,640728.0,751029.0,368495988.0,501975098.0
33.2,sysbench,STREAM,4,0.44789453577805055,5416.800000000001,3.312104651814919e-06,761.0,2010.0,168901751.0,377101611.0,8874885.120000001,0.44789453577805055,0.37860696517412934,3.312104651814919e-06,0.5995008864679642,0.4017405719021964,3.828140181147403e-05,761.0,2010.0,377101611.0,168901751.0,9694.0,24130.0,377102178.0,226073090.0
33.4,sysbench,STREAM,4,0.4473820303474623,16713.6,2.827204513912077e-06,778.0,1845.0,168844038.0,377404604.0,27383562.24,0.4473820303474623,0.421680216802168,2.827204513912077e-06,0.9026041124715506,0.9382709042754446,0.00019020817302310068,778.0,1845.0,377404604.0,168844038.0,1091134.0,1162920.0,377407547.0,340649604.0
33.5,sysbench,STREAM,4,0.4472648780306025,16039.2,2.5917381630852777e-06,1160.0,2138.0,168776714.0,377352934.0,26278625.28,0.4472648780306025,0.5425631431244153,2.5917381630852777e-06,0.921303245117412,0.9368434360737755,0.00017341573394506727,1160.0,2138.0,377352934.0,168776714.0,970730.0,1036171.0,377364836.0,347667448.0
33.6,sysbench,STREAM,4,0.4474777846990901,15749.9,2.5542244495695328e-06,854.0,1818.0,168884369.0,377413974.0,25804636.16,0.4474777846990901,0.46974697469746973,2.5542244495695328e-06,0.8906115743975436,0.9315284837710252,0.0001892346339163704,854.0,1818.0,377413974.0,168884369.0,971451.0,1042857.0,377341074.0,336064328.0
33.7,sysbench,STREAM,4,0.4475422026078121,15857.9,2.219152200813212e-06,976.0,1814.0,169001642.0,377621688.0,25981583.36,0.4475422026078121,0.538037486218302,2.219152200813212e-06,1.0005607815807296,0.9397114702377556,0.00018740908752861192,976.0,1814.0,377621688.0,169001642.0,1103241.0,1174021.0,377676456.0,377888250.0
33.8,sysbench,STREAM,4,0.4475825551213833,16700.0,2.5396012912923533e-06,822.0,1780.0,168839136.0,377224568.0,27361280.0,0.4475825551213833,0.46179775280898877,2.5396012912923533e-06,0.937686079375,0.9379457575762757,0.00019241622497107467,822.0,1780.0,377224568.0,168839136.0,1097057.0,1169638.0,377208315.0,353702986.0
33.9,sysbench,STREAM,4,0.44741229853864417,12377.8,2.791788205009805e-06,954.0,2007.0,168753901.0,377177609.0,20279787.52,0.44741229853864417,0.47533632286995514,2.791788205009805e-06,1.2206113426912104,0.5668921339317698,0.00022315505682778036,954.0,2007.0,377177609.0,168753901.0,107612.0,189828.0,368425440.0,449704271.0
34.0,sysbench,STREAM,4,0.44767597348078836,1643.6,2.6984824426593086e-06,783.0,1801.0,168885346.0,377249073.0,2692874.2399999998,0.44767597348078836,0.43475846751804553,2.6984824426593086e-06,0.6474213391680466,0.9360687511740297,3.969394023826142e-05,783.0,1801.0,377249073.0,168885346.0,219261.0,234236.0,377261615.0,244247220.0
34.1,sysbench,STREAM,4,0.4475047912864088,9646.2,2.6735433274696616e-06,946.0,1955.0,168889103.0,377401776.0,15804334.08,0.4475047912864088,0.48388746803069055,2.6735433274696616e-06,0.9336192918734679,0.9451072973747632,0.0001715202223473569,946.0,1955.0,377401776.0,168889103.0,1114514.0,1179246.0,377401563.0,352349380.0
34.2,sysbench,STREAM,4,0.4472976457066282,15794.2,2.526661816695563e-06,855.0,1808.0,168710610.0,377177505.0,25877217.28,0.4472976457066282,0.4728982300884956,2.526661816695563e-06,0.914326473294272,0.9371192612571159,0.00018042136748383665,855.0,1808.0,377177505.0,168710610.0,1014217.0,1082271.0,377194791.0,344879183.0
34.3,sysbench,STREAM,4,0.4473179495662719,15877.6,2.752365959499354e-06,976.0,2014.0,168697055.0,377130082.0,26013859.84,0.4473179495662719,0.4846077457795432,2.752365959499354e-06,0.911946927411039,0.932739974389208,0.00018286820930909887,976.0,2014.0,377130082.0,168697055.0,956384.0,1025349.0,377129520.0,343922107.0
34.4,sysbench,STREAM,4,0.4476089523853054,16777.1,2.760532874173008e-06,848.0,1889.0,168793831.0,377101106.0,27487600.64,0.4476089523853054,0.4489147697194283,2.760532874173008e-06,0.9462522602478105,0.9375028874618411,0.00018653652330446688,848.0,1889.0,377101106.0,168793831.0,1055212.0,1125556.0,377105774.0,356837191.0
34.5,sysbench,STREAM,4,0.4474305324666705,15848.400000000001,2.837176332868982e-06,1075.0,2145.0,168741951.0,377135530.0,25966018.560000002,0.4474305324666705,0.5011655011655012,2.837176332868982e-06,0.9889159850391266,0.9384959585142897,0.00019447584757876946,1075.0,2145.0,377135530.0,168741951.0,1119163.0,1192507.0,377136806.0,372956616.0
34.6,sysbench,STREAM,4,0.4475160596658747,15747.6,2.8268013758620383e-06,833.0,1899.0,168760396.0,377104670.0,25800867.84,0.4475160596658747,0.43865192206424436,2.8268013758620383e-06,1.3804796606306111,0.8539346613629392,0.0003027191965331636,833.0,1899.0,377104670.0,168760396.0,651325.0,762734.0,368027536.0,508054528.0
34.9,sysbench,STREAM,4,0.44738046580657775,13013.900000000001,2.7207150951478617e-06,798.0,1824.0,168710189.0,377106740.0,21321973.76,0.44738046580657775,0.4375,2.7207150951478617e-06,0.8342459604437783,0.9581391633158469,9.170833868490899e-05,798.0,1824.0,377106740.0,168710189.0,791582.0,826166.0,377108565.0,314601297.0
35.0,sysbench,STREAM,4,0.4474369882854224,16889.100000000002,2.762893968097351e-06,812.0,1854.0,168746737.0,377140785.0,27671101.44,0.4474369882854224,0.43797195253505933,2.762893968097351e-06,0.9085533911294369,0.9380387415519236,0.00018888404094913742,812.0,1854.0,377140785.0,168746737.0,1078435.0,1149670.0,377136150.0,342648328.0
35.1,sysbench,STREAM,4,0.44775029714329373,15858.899999999998,2.744415423525586e-06,846.0,1881.0,168859843.0,377129494.0,25983221.759999998,0.44775029714329373,0.44976076555023925,2.744415423525586e-06,0.9273923890848192,0.9346269517326904,0.00017556653398887855,846.0,1881.0,377129494.0,168859843.0,946607.0,1012818.0,377127682.0,349745342.0
35.2,sysbench,STREAM,4,0.4474021475033654,15741.199999999999,2.7791226262136026e-06,976.0,2024.0,168714200.0,377097430.0,25790382.08,0.4474021475033654,0.48221343873517786,2.7791226262136026e-06,0.8866510793562465,0.9320149054996609,0.00019090853675477411,976.0,2024.0,377097430.0,168714200.0,986946.0,1058938.0,377102047.0,334357937.0
35.3,sysbench,STREAM,4,0.44722816771883506,16213.0,2.852954559248084e-06,950.0,2026.0,168673387.0,377152870.0,26563379.2,0.44722816771883506,0.46890424481737414,2.852954559248084e-06,1.0250512303897221,0.9415228092054287,0.00018549233631443384,950.0,2026.0,377152870.0,168673387.0,1126420.0,1196381.0,377163830.0,386612248.0
35.4,sysbench,STREAM,4,0.4477571654206912,16445.6,2.6040487590999634e-06,805.0,1787.0,168851499.0,377105074.0,26944471.04,0.4477571654206912,0.45047565752658086,2.6040487590999634e-06,0.9235904396658663,0.9380544002038738,0.00019079413246018024,805.0,1787.0,377105074.0,168851499.0,1089553.0,1161503.0,377108033.0,348293374.0
35.5,sysbench,STREAM,4,0.4475019550483069,4590.6,3.0281124577859047e-06,952.0,2094.0,168767587.0,377132625.0,7521239.04,0.4475019550483069,0.45463228271251194,3.0281124577859047e-06,1.2280330823977073,0.5993674629091563,0.00021146100516154586,952.0,2094.0,377132625.0,168767587.0,116550.0,194455.0,368413079.0,452423449.0
35.6,sysbench,STREAM,4,0.44754856058796544,3046.8,3.1090192468117006e-06,1264.0,2437.0,168855327.0,377289398.0,4991877.12,0.44754856058796544,0.5186704965121051,3.1090192468117006e-06,0.6530383643386672,0.9390489919690191,3.7893932599631e-05,1264.0,2437.0,377289398.0,168855327.0,220176.0,234467.0,377131615.0,246281413.0
35.7,sysbench,STREAM,4,0.4475974770228449,16223.3,2.9287834470253115e-06,990.0,2094.0,168721117.0,376948320.0,26580254.72,0.4475974770228449,0.47277936962750716,2.9287834470253115e-06,0.9266989920316943,0.9446584341075351,0.00017201132028056527,990.0,2094.0,376948320.0,168721117.0,1107305.0,1172175.0,377126342.0,349482601.0
35.8,sysbench,STREAM,4,0.44792058396418105,15768.300000000001,2.7655996158706764e-06,843.0,1886.0,168925815.0,377133405.0,25834782.720000003,0.44792058396418105,0.4469777306468717,2.7655996158706764e-06,0.916858825089129,0.9365553252366179,0.00018138973027757857,843.0,1886.0,377133405.0,168925815.0,1009808.0,1078215.0,377127194.0,345772396.0
35.9,sysbench,STREAM,4,0.44742275855008606,16089.7,2.8241608857154056e-06,860.0,1925.0,168724537.0,377103162.0,26361364.48,0.44742275855008606,0.44675324675324674,2.8241608857154056e-06,0.910527993862234,0.9322941343693736,0.00018567702870762417,860.0,1925.0,377103162.0,168724537.0,964173.0,1034194.0,377111808.0,343370858.0
36.0,sysbench,STREAM,4,0.44735231157227423,16547.6,2.8267828906849436e-06,836.0,1902.0,168699749.0,377107136.0,27111587.839999996,0.44735231157227423,0.4395373291272345,2.8267828906849436e-06,0.9536900378015798,0.9362132383904991,0.00019079492729562407,836.0,1902.0,377107136.0,168699749.0,1056027.0,1127977.0,377106462.0,359642676.0
36.1,sysbench,STREAM,4,0.4472958712587341,15817.3,3.078664295852967e-06,931.0,2092.0,168680459.0,377111594.0,25915064.32,0.4472958712587341,0.4450286806883365,3.078664295852967e-06,0.9845390747222921,0.9381313289801916,0.00019605055906137325,931.0,2092.0,377111594.0,168680459.0,1121066.0,1194999.0,377111906.0,371281407.0
36.2,sysbench,STREAM,4,0.447157280628609,15356.599999999999,2.943484251154019e-06,850.0,1960.0,168624847.0,377104107.0,25160253.439999998,0.447157280628609,0.4336734693877551,2.943484251154019e-06,1.3760087080025165,0.8584000052420174,0.00029117544430516283,850.0,1960.0,377104107.0,168624847.0,655015.0,763065.0,371082116.0,510612223.0
36.3,sysbench,STREAM,4,0.44748569135987837,1508.7,3.2377678443449232e-06,993.0,2214.0,168752071.0,377111658.0,2471854.08,0.44748569135987837,0.44850948509485095,3.2377678443449232e-06,0.6045500824544835,0.3139337102928332,3.95755639041857e-05,993.0,2214.0,377111658.0,168752071.0,6829.0,21753.0,377101386.0,227976674.0
36.4,sysbench,STREAM,4,0.44816043677077166,7141.2,2.7817125707579904e-06,740.0,1789.0,169003909.0,377105820.0,11700142.08,0.44816043677077166,0.4136389044158748,2.7817125707579904e-06,0.8399957101237806,0.9590709550150986,8.93503234168802e-05,740.0,1789.0,377105820.0,169003909.0,789559.0,823254.0,377111114.0,316771718.0
36.5,sysbench,STREAM,4,0.4473936294146801,15880.1,2.991139592204893e-06,1216.0,2344.0,168718309.0,377113794.0,26017955.84,0.4473936294146801,0.5187713310580204,2.991139592204893e-06,0.9075918314372347,0.9377424341533933,0.0001910566713932703,1216.0,2344.0,377113794.0,168718309.0,1085224.0,1157273.0,377108004.0,342260144.0
36.6,sysbench,STREAM,4,0.4473974618350834,16814.4,2.765782158925216e-06,872.0,1915.0,168717392.0,377108514.0,27548712.96,0.4473974618350834,0.45535248041775456,2.765782158925216e-06,0.9287653568450761,0.9354734282276449,0.00017548213960491492,872.0,1915.0,377108514.0,168717392.0,959386.0,1025562.0,377109603.0,350246335.0
36.7,sysbench,STREAM,4,0.44820624782658547,15856.8,2.760480753872497e-06,942.0,1983.0,169022263.0,377108226.0,25979781.119999997,0.44820624782658547,0.4750378214826021,2.760480753872497e-06,0.891902277239075,0.9320377792717023,0.0001906080994769453,942.0,1983.0,377108226.0,169022263.0,985739.0,1057617.0,377098351.0,336334878.0
37.0,sysbench,STREAM,4,0.4475608217137941,11046.6,2.8851773863275644e-06,833.0,1921.0,168775125.0,377099864.0,18098749.44,0.4475608217137941,0.4336283185840708,2.8851773863275644e-06,0.9351674452427599,0.9372693031208087,0.0001941026174346955,833.0,1921.0,377099864.0,168775125.0,1093648.0,1166845.0,377104652.0,352655994.0
37.1,sysbench,STREAM,4,0.4474133953997858,1701.9,3.0070544542877127e-06,996.0,2130.0,168725508.0,377113224.0,2788392.96,0.4474133953997858,0.4676056338028169,3.0070544542877127e-06,1.2201839294823107,0.5731466080395419,0.00021935246040626205,996.0,2130.0,377113224.0,168725508.0,109232.0,190583.0,370868874.0,452528240.0
37.2,sysbench,STREAM,4,0.4473070630718822,11615.0,2.8001799762646034e-06,777.0,1833.0,168687821.0,377118617.0,19030016.0,0.4473070630718822,0.4238952536824877,2.8001799762646034e-06,0.6462834334765929,0.9372909383961652,3.971886657962317e-05,777.0,1833.0,377118617.0,168687821.0,223886.0,238865.0,377125565.0,243730005.0
37.3,sysbench,STREAM,4,0.44771687954646144,15913.5,2.9935330406105234e-06,1062.0,2191.0,168854778.0,377146330.0,26072678.4,0.44771687954646144,0.4847101780009128,2.9935330406105234e-06,0.9418380541793551,0.9450081521235144,0.0001729616347649305,1062.0,2191.0,377146330.0,168854778.0,1120963.0,1186194.0,377141440.0,355206160.0
37.4,sysbench,STREAM,4,0.4474513070355294,15793.099999999999,2.710000296190834e-06,881.0,1903.0,168743611.0,377121730.0,25875415.04,0.4474513070355294,0.46295323173935893,2.710000296190834e-06,0.9144199961240447,0.937918760660401,0.00018008897599772726,881.0,1903.0,377121730.0,168743611.0,1026085.0,1094002.0,377130247.0,344855439.0
37.5,sysbench,STREAM,4,0.44766836025034734,16144.8,2.6541112128331862e-06,841.0,1842.0,168838452.0,377150737.0,26451640.32,0.44766836025034734,0.4565689467969598,2.6541112128331862e-06,0.9143026691537494,0.9331262597438957,0.0001811317682626554,841.0,1842.0,377150737.0,168838452.0,953223.0,1021537.0,377150848.0,344830027.0
37.6,sysbench,STREAM,4,0.44735480771942004,16478.5,2.8928699410698264e-06,1127.0,2218.0,168712768.0,377134134.0,26998374.400000002,0.44735480771942004,0.5081154192966637,2.8928699410698264e-06,0.9367216715425224,0.9357806231993676,0.0001897817642816519,1127.0,2218.0,377134134.0,168712768.0,1042964.0,1114539.0,377143717.0,353278693.0
37.7,sysbench,STREAM,4,0.46800743272482276,15802.2,3.580396483517443e-05,31985.0,45240.0,173261217.0,370210396.0,25890324.48,0.46800743272482276,0.7070070733863837,3.580396483517443e-05,0.9899242299128905,0.9390057548423659,0.0001935324234119837,31985.0,45240.0,370210396.0,173261217.0,1113458.0,1185784.0,373715157.0,369949689.0
37.8,sysbench,STREAM,4,0.4473372271099895,7260.5,3.3065688739513255e-06,2141.0,3412.0,171950332.0,384386368.0,11895603.2,0.4473372271099895,0.6274912075029309,3.3065688739513255e-06,1.3787334471734212,0.8614732611984249,0.0002923519343221863,2141.0,3412.0,384386368.0,171950332.0,671409.0,779373.0,369294632.0,509158861.0
37.9,sysbench,STREAM,4,0.44739813784135546,1725.4,3.6800873060942973e-06,986.0,2374.0,168742903.0,377164965.0,2826895.3600000003,0.44739813784135546,0.4153327716933446,3.6800873060942973e-06,0.6042579404314663,0.37008507216320313,3.945681484092042e-05,986.0,2374.0,377164965.0,168742903.0,8744.0,23627.0,377197198.0,227924402.0
38.0,sysbench,STREAM,4,0.4475118444984243,14810.0,2.8373501766076795e-06,855.0,1925.0,168762276.0,377112423.0,24264704.0,0.4475118444984243,0.44415584415584414,2.8373501766076795e-06,0.8259541478591703,0.9582012751692773,8.973804760922571e-05,855.0,1925.0,377112423.0,168762276.0,775777.0,809618.0,377108717.0,311474509.0
38.1,sysbench,STREAM,4,0.44775170905582456,16142.3,2.526954497284159e-06,1050.0,2003.0,168862312.0,377133819.0,26447544.32,0.44775170905582456,0.5242136794807788,2.526954497284159e-06,0.9108405230839199,0.9377106276605887,0.00018883237446422907,1050.0,2003.0,377133819.0,168862312.0,1072093.0,1143309.0,377138720.0,343513229.0
38.2,sysbench,STREAM,4,0.4478041937878882,16472.3,2.5508126452904233e-06,885.0,1847.0,168882507.0,377134715.0,26988216.32,0.4478041937878882,0.47915538711423933,2.5508126452904233e-06,0.9291060624308068,0.9327785500544339,0.00017977087220315765,885.0,1847.0,377134715.0,168882507.0,940765.0,1008562.0,377130061.0,350393826.0
38.3,sysbench,STREAM,4,0.44737008794647626,15823.599999999999,2.5695300853191378e-06,854.0,1823.0,168708519.0,377111755.0,25925386.24,0.44737008794647626,0.4684585847504114,2.5695300853191378e-06,0.8857207980512661,0.9296790503365994,0.0001982676213122744,854.0,1823.0,377111755.0,168708519.0,988511.0,1063282.0,377121587.0,334024433.0
38.4,sysbench,STREAM,4,0.44775021843762897,15724.300000000001,2.99363115710216e-06,907.0,2036.0,168861817.0,377133969.0,25762693.12,0.44775021843762897,0.4454813359528487,2.99363115710216e-06,1.034452190099197,0.9414359845800759,0.00018715794721379015,907.0,2036.0,377133969.0,168861817.0,1134613.0,1205194.0,377119973.0,390112582.0
38.6,sysbench,STREAM,4,0.44746287926558614,16619.9,3.113053862962154e-06,914.0,2088.0,168747938.0,377121647.0,27230044.16,0.44746287926558614,0.43773946360153254,3.113053862962154e-06,1.2351920384124613,0.6076851339142599,0.00021930984983152495,914.0,2088.0,377121647.0,168747938.0,125109.0,205878.0,368287152.0,454905358.0
38.7,sysbench,STREAM,4,0.4475286389117,3059.3,2.804748228792878e-06,1269.0,2327.0,168815616.0,377217459.0,5012357.12,0.4475286389117,0.5453373442200258,2.804748228792878e-06,0.6573554521358014,0.9358450678992439,3.797372530503284e-05,1269.0,2327.0,377217459.0,168815616.0,208948.0,223272.0,377208185.0,247959857.0
38.8,sysbench,STREAM,4,0.4475458251836005,4097.3,2.8001945371513896e-06,780.0,1836.0,168776985.0,377116656.0,6713016.32,0.4475458251836005,0.42483660130718953,2.8001945371513896e-06,0.9188976395595871,0.9448412627577584,0.00017207063049788377,780.0,1836.0,377116656.0,168776985.0,1111550.0,1176441.0,377118395.0,346533203.0
39.0,sysbench,STREAM,4,0.4477426429953667,15804.3,2.5109909547583064e-06,783.0,1730.0,168862529.0,377141940.0,25893765.119999997,0.4477426429953667,0.4526011560693642,2.5109909547583064e-06,0.9187687553956875,0.9369467653533843,0.00017914762860737633,783.0,1730.0,377141940.0,168862529.0,1003975.0,1071539.0,377141470.0,346505799.0
39.1,sysbench,STREAM,4,0.44726431475727296,15698.0,2.7379451739492774e-06,943.0,1976.0,168748462.0,377290243.0,25719603.2,0.44726431475727296,0.4772267206477733,2.7379451739492774e-06,0.9077691444644146,0.9310526315789474,0.00018888623542979283,943.0,1976.0,377290243.0,168748462.0,962336.0,1033600.0,377285300.0,342487954.0
39.2,sysbench,STREAM,4,0.4470930987262359,16494.100000000002,2.549282092717289e-06,804.0,1765.0,168540182.0,376968874.0,27023933.44,0.4470930987262359,0.4555240793201133,2.549282092717289e-06,0.9624573906219287,0.9363582699851413,0.0001919046983791582,804.0,1765.0,376968874.0,168540182.0,1064365.0,1136707.0,376968363.0,362815987.0
39.3,sysbench,STREAM,4,0.4475661871920472,16139.1,2.7877663906883935e-06,924.0,1976.0,168894937.0,377363040.0,26442301.44,0.4475661871920472,0.4676113360323887,2.7877663906883935e-06,0.9730621665926331,0.9371319951492091,0.00019754647008561645,924.0,1976.0,377363040.0,168894937.0,1111238.0,1185786.0,377369436.0,367203921.0
39.4,sysbench,STREAM,4,0.4473349107627755,13589.9,3.1795064679899237e-06,975.0,2174.0,168691136.0,377102551.0,22265692.16,0.4473349107627755,0.4484820607175713,3.1795064679899237e-06,1.3883566364508582,0.8603924443074596,0.00029283015538607906,975.0,2174.0,377102551.0,168691136.0,664383.0,772186.0,368141730.0,511112014.0
39.5,sysbench,STREAM,4,0.4473848094936445,1607.5,3.220998078294224e-06,1099.0,2314.0,168759040.0,377212271.0,2633728.0,0.4473848094936445,0.4749351771823682,3.220998078294224e-06,0.6089295738790739,0.22004563414769882,3.715371022239018e-05,1099.0,2314.0,377212271.0,168759040.0,3954.0,17969.0,377216701.0,229698405.0
39.6,sysbench,STREAM,4,0.44739355256535673,8789.1,2.5335157404534145e-06,537.0,1492.0,168643453.0,376946543.0,14400061.440000001,0.44739355256535673,0.3599195710455764,2.5335157404534145e-06,0.8289655983678276,0.9591403742643592,9.054124556921992e-05,537.0,1492.0,376946543.0,168643453.0,801521.0,835666.0,377120944.0,312620289.0
39.7,sysbench,STREAM,4,0.44792949357223993,15791.0,3.017569000009851e-06,873.0,2011.0,168925305.0,377124765.0,25871974.4,0.44792949357223993,0.4341123818995525,3.017569000009851e-06,0.9109388315346262,0.9386955952328982,0.00018618680430332047,873.0,2011.0,377124765.0,168925305.0,1075135.0,1145350.0,377121248.0,343534389.0
39.8,sysbench,STREAM,4,0.4471851430187695,16291.5,2.8002516535247356e-06,954.0,2010.0,168637526.0,377108964.0,26691993.6,0.4471851430187695,0.4746268656716418,2.8002516535247356e-06,0.9286532701024832,0.9338139236597706,0.00017733638647354964,954.0,2010.0,377108964.0,168637526.0,943548.0,1010424.0,377113808.0,350207971.0
39.9,sysbench,STREAM,4,0.44721329507201457,16357.8,2.6091553532515015e-06,807.0,1791.0,168659134.0,377133542.0,26800619.52,0.44721329507201457,0.45058626465661644,2.6091553532515015e-06,0.8870709760857801,0.9311179902660689,0.00019405643417779578,807.0,1791.0,377133542.0,168659134.0,989284.0,1062469.0,377132561.0,334543349.0
40.0,sysbench,STREAM,4,0.4477111298986554,15801.499999999998,2.5586596861339623e-06,791.0,1756.0,168854515.0,377150586.0,25889177.599999998,0.4477111298986554,0.45045558086560367,2.5586596861339623e-06,1.0289259614466468,0.9408252888577819,0.00018785643454993916,791.0,1756.0,377150586.0,168854515.0,1126452.0,1197302.0,377149711.0,388059129.0
40.1,sysbench,STREAM,4,0.44746218469106025,15671.5,2.736387841994422e-06,894.0,1926.0,168755674.0,377139521.0,25676185.6,0.44746218469106025,0.46417445482866043,2.736387841994422e-06,0.9216617725700362,0.9369366192640628,0.00019442291996933636,894.0,1926.0,377139521.0,168755674.0,1089409.0,1162735.0,377146892.0,347601873.0
40.2,sysbench,STREAM,4,0.4474311728421546,9932.5,3.1529067047322126e-06,1023.0,2212.0,168731813.0,377112332.0,16273408.0,0.4474311728421546,0.4624773960216998,3.1529067047322126e-06,1.2282362884976474,0.6076481139678166,0.0002038696399011564,1023.0,2212.0,377112332.0,168731813.0,116872.0,192335.0,370153202.0,454635595.0
40.3,sysbench,STREAM,4,0.4474143305305449,1711.2,2.535470469368813e-06,794.0,1750.0,168697725.0,377050339.0,2803630.08,0.4474143305305449,0.45371428571428574,2.535470469368813e-06,0.6508457842469136,0.9416949600588173,3.74210495317614e-05,794.0,1750.0,377050339.0,168697725.0,227990.0,242106.0,377220847.0,245512598.0
40.4,sysbench,STREAM,4,0.4479667152331325,12693.900000000001,2.670230629940843e-06,835.0,1842.0,168937648.0,377120983.0,20797685.76,0.4479667152331325,0.4533116178067318,2.670230629940843e-06,0.9334304906928379,0.9460168668722474,0.00016910913048075367,835.0,1842.0,377120983.0,168937648.0,1117595.0,1181369.0,377117426.0,352012904.0
40.5,sysbench,STREAM,4,0.44746794564430253,16600.7,2.818650672626304e-06,1341.0,2404.0,168753947.0,377130806.0,27198586.880000003,0.44746794564430253,0.5578202995008319,2.818650672626304e-06,0.9150169391072642,0.9384573671197876,0.00017754581317161035,1341.0,2404.0,377130806.0,168753947.0,1021051.0,1088010.0,377136463.0,345086252.0
40.6,sysbench,STREAM,4,0.44726201808462496,15791.100000000002,2.6835454533704997e-06,884.0,1896.0,168668342.0,377113046.0,25872138.240000002,0.44726201808462496,0.46624472573839665,2.6835454533704997e-06,0.9128953192872034,0.9317517528462396,0.0001853772163835785,884.0,1896.0,377113046.0,168668342.0,954425.0,1024334.0,377117541.0,344268838.0
40.7,sysbench,STREAM,4,0.44721739476595745,15696.6,2.5773577966766394e-06,949.0,1921.0,168659279.0,377130409.0,25717309.44,0.44721739476595745,0.4940135346173868,2.5773577966766394e-06,0.9459565543587665,0.9364465348947669,0.00018946214221917589,949.0,1921.0,377130409.0,168659279.0,1052815.0,1124266.0,377125473.0,356744313.0
40.8,sysbench,STREAM,4,0.4473348327022697,16563.699999999997,2.6230102399850744e-06,838.0,1826.0,168496031.0,376666467.0,27137966.08,0.4473348327022697,0.4589266155531216,2.6230102399850744e-06,0.995485736985136,0.9381223798335312,0.0001932768536476699,838.0,1826.0,376666467.0,168496031.0,1136327.0,1211278.0,387790874.0,386040284.0
40.9,sysbench,STREAM,4,0.4476244577648255,16073.400000000001,2.6724488573423556e-06,1036.0,2074.0,173860834.0,388407807.0,26334658.560000002,0.4476244577648255,0.49951783992285437,2.6724488573423556e-06,1.3598550423083877,0.8534874693937305,0.0002960857268227922,1036.0,2074.0,388407807.0,173860834.0,635453.0,744537.0,368420326.0,500998238.0
41.1,sysbench,STREAM,4,0.44789089752693395,2262.1,2.9220170214703734e-06,827.0,1929.0,168916117.0,377136749.0,3706224.6399999997,0.44789089752693395,0.42871954380508037,2.9220170214703734e-06,0.6012769413815617,0.3709801787091214,3.676917519247277e-05,827.0,1929.0,377136749.0,168916117.0,8179.0,22047.0,377163750.0,226779866.0
41.2,sysbench,STREAM,4,0.4474075079994003,16319.9,2.505569038153647e-06,779.0,1724.0,168744141.0,377159833.0,26738524.16,0.4474075079994003,0.45185614849187933,2.505569038153647e-06,0.8527749442457857,0.9591801559009622,9.48165662286993e-05,779.0,1724.0,377159833.0,168744141.0,840308.0,876069.0,377159830.0,321632453.0
41.3,sysbench,STREAM,4,0.447624000630292,15658.4,2.550565707519981e-06,928.0,1890.0,168830894.0,377171228.0,25654722.56,0.447624000630292,0.491005291005291,2.550565707519981e-06,0.905820969034528,0.936398132388076,0.0001943771464398776,928.0,1890.0,377171228.0,168830894.0,1079388.0,1152702.0,377173970.0,341652091.0
41.4,sysbench,STREAM,4,0.4474840633623248,16459.0,2.4020415571589135e-06,792.0,1698.0,168781660.0,377179153.0,26966425.6,0.4474840633623248,0.4664310954063604,2.4020415571589135e-06,0.9214635726025326,0.9359183079460561,0.0001751086035096955,792.0,1698.0,377179153.0,168781660.0,964651.0,1030700.0,377188777.0,347565718.0
41.5,sysbench,STREAM,4,0.4477593460045728,16192.2,2.656872730233229e-06,1158.0,2160.0,168865772.0,377135114.0,26529300.48,0.4477593460045728,0.5361111111111111,2.656872730233229e-06,0.8918107637323743,0.9318083141563785,0.00018864625358544338,1158.0,2160.0,377135114.0,168865772.0,972205.0,1043353.0,377150347.0,336346739.0
41.6,sysbench,STREAM,4,0.4474644711570597,15783.699999999999,2.932537860077965e-06,857.0,1963.0,168760210.0,377147731.0,25860014.08,0.4474644711570597,0.43657666836474784,2.932537860077965e-06,1.0007694169718988,0.9396505000647664,0.0001878598207138685,857.0,1963.0,377147731.0,168760210.0,1102631.0,1173448.0,376967250.0,377257295.0
41.7,sysbench,STREAM,4,0.447469973636946,15813.3,2.285892871757854e-06,658.0,1520.0,168738930.0,377095537.0,25908510.72,0.447469973636946,0.4328947368421053,2.285892871757854e-06,0.9426698081651601,0.9373246915933662,0.00019519779292064934,658.0,1520.0,377095537.0,168738930.0,1101424.0,1175072.0,377299348.0,355668704.0
41.8,sysbench,STREAM,4,0.44796090630789054,1912.2,3.0996537432220693e-06,1149.0,2318.0,168943483.0,377138899.0,3132948.48,0.44796090630789054,0.495685936151855,3.0996537432220693e-06,1.221918585485619,0.5546572168461223,0.00022172372798432425,1149.0,2318.0,377138899.0,168943483.0,101738.0,183425.0,368417944.0,450176733.0
41.9,sysbench,STREAM,4,0.4474581998439427,5953.7,2.5403022262789744e-06,790.0,1748.0,168745652.0,377120482.0,9754542.08,0.4474581998439427,0.45194508009153317,2.5403022262789744e-06,0.6435961326820709,0.9382735397517896,3.864173134366111e-05,790.0,1748.0,377120482.0,168745652.0,221517.0,236090.0,377131135.0,242720140.0
42.0,sysbench,STREAM,4,0.44738699136943405,16396.8,2.383606158180936e-06,793.0,1692.0,168736309.0,377159623.0,26864517.119999997,0.44738699136943405,0.46867612293144206,2.383606158180936e-06,0.9423751012244239,0.9443147035100923,0.00017499129239224824,793.0,1692.0,377159623.0,168736309.0,1119266.0,1185268.0,377173053.0,355438494.0
42.1,sysbench,STREAM,4,0.44792773275103237,16238.5,2.4472354170103203e-06,950.0,1873.0,168940550.0,377160282.0,26605158.4,0.44792773275103237,0.5072076882007475,2.4472354170103203e-06,0.9137350038788549,0.9372993006113385,0.0001823854004884212,950.0,1873.0,377160282.0,168940550.0,1028312.0,1097101.0,377162864.0,344626911.0
42.2,sysbench,STREAM,4,0.4474755586609027,15763.899999999998,2.4259419960609387e-06,774.0,1689.0,168775732.0,377173074.0,25827573.759999998,0.4474755586609027,0.458259325044405,2.4259419960609387e-06,0.9154351180889329,0.9314735423990835,0.00018650635990743675,774.0,1689.0,377173074.0,168775732.0,956220.0,1026567.0,377182848.0,345286425.0
42.3,sysbench,STREAM,4,0.4474092825830097,15618.3,2.4947524301009602e-06,983.0,1924.0,168759084.0,377191736.0,25589022.72,0.4474092825830097,0.510914760914761,2.4947524301009602e-06,0.9345071614287263,0.93481725193059,0.00019139178732363468,983.0,1924.0,377191736.0,168759084.0,1035369.0,1107563.0,377205318.0,352501071.0
42.4,sysbench,STREAM,4,0.44812254495862747,16900.3,2.643791013448864e-06,774.0,1771.0,168991488.0,377109989.0,27689451.52,0.44812254495862747,0.4370412196499153,2.643791013448864e-06,0.9958682086677134,0.93797213066934,0.00019622805494662384,774.0,1771.0,377109989.0,168991488.0,1118997.0,1192996.0,377107137.0,375549009.0
42.5,sysbench,STREAM,4,0.44829152582745113,11802.5,3.037621514999258e-06,1315.0,2461.0,169126432.0,377268858.0,19337216.0,0.44829152582745113,0.5343356359203576,3.037621514999258e-06,1.3758497291957676,0.8538115839209397,0.0003026763869744202,1315.0,2461.0,377268858.0,169126432.0,651080.0,762557.0,368304251.0,506731304.0
42.6,sysbench,STREAM,4,0.4481183240980838,1660.1999999999998,3.180326364242704e-06,983.0,2182.0,168942998.0,377005333.0,2720071.6799999997,0.4481183240980838,0.45050412465627865,3.180326364242704e-06,0.6033724838319502,0.39932968200768415,3.8998081645195956e-05,983.0,2182.0,377005333.0,168942998.0,9770.0,24466.0,376839049.0,227374313.0
42.7,sysbench,STREAM,4,0.4479226307801639,10323.500000000002,2.458136562086957e-06,784.0,1711.0,168918312.0,377114931.0,16914022.400000002,0.4479226307801639,0.4582115721800117,2.458136562086957e-06,0.8326836739555116,0.9583870508274016,9.05994779962461e-05,784.0,1711.0,377114931.0,168918312.0,787245.0,821427.0,377286942.0,314160677.0
42.8,sysbench,STREAM,4,0.4472238819905006,15836.2,2.4711694663934033e-06,787.0,1719.0,168670204.0,377149367.0,25946030.080000002,0.4472238819905006,0.45782431646305993,2.4711694663934033e-06,0.9081625584800043,0.9381795198161815,0.00018775931497880288,787.0,1719.0,377149367.0,168670204.0,1074664.0,1145478.0,377153059.0,342516287.0
42.9,sysbench,STREAM,4,0.4472396540141292,15657.5,2.4325402531355446e-06,845.0,1763.0,168780764.0,377383272.0,25653248.0,0.4472396540141292,0.4792966534316506,2.4325402531355446e-06,0.926567210087125,0.9338666577363393,0.0001779126021002528,845.0,1763.0,377383272.0,168780764.0,948124.0,1015267.0,377393165.0,349680132.0
43.0,sysbench,STREAM,4,0.4474530168229025,16814.2,2.3889840947219203e-06,863.0,1764.0,168755903.0,377147760.0,27548385.28,0.4474530168229025,0.48922902494331066,2.3889840947219203e-06,0.8870912059806956,0.9308690875749063,0.00019371366170245849,863.0,1764.0,377147760.0,168755903.0,983762.0,1056821.0,377149445.0,334565956.0
43.2,sysbench,STREAM,4,0.44758294741160004,15759.900000000001,2.3200193055302467e-06,808.0,1683.0,168806819.0,377152034.0,25821020.160000004,0.44758294741160004,0.4800950683303625,2.3200193055302467e-06,1.0249838598398855,0.9407960394614993,0.00018764443284736642,808.0,1683.0,377152034.0,168806819.0,1124621.0,1195393.0,377160137.0,386583053.0
43.3,sysbench,STREAM,4,0.44759850010109253,8349.7,2.4925765237433186e-06,810.0,1750.0,168798264.0,377119816.0,13680148.48,0.44759850010109253,0.46285714285714286,2.4925765237433186e-06,0.9242949913015829,0.9374656720035688,0.00019291396740000831,810.0,1750.0,377119816.0,168798264.0,1090656.0,1163409.0,377126659.0,348576282.0
43.4,sysbench,STREAM,4,0.4470936144170515,1734.2000000000003,2.786908482817761e-06,944.0,1995.0,168608116.0,377120385.0,2841313.2800000003,0.4470936144170515,0.4731829573934837,2.786908482817761e-06,1.2255916141077337,0.6024716246154492,0.0002043763077565497,944.0,1995.0,377120385.0,168608116.0,114760.0,190482.0,370502828.0,454085159.0
43.5,sysbench,STREAM,4,0.4474960961088832,13801.300000000001,2.6543508253258406e-06,740.0,1741.0,168758247.0,377116691.0,22612049.92,0.4474960961088832,0.4250430786904078,2.6543508253258406e-06,0.6497991442527625,0.9375818766458033,3.7526376559763446e-05,740.0,1741.0,377116691.0,168758247.0,212562.0,226713.0,377094761.0,245035853.0
43.7,sysbench,STREAM,4,0.4472435139232138,16632.5,2.291123604299342e-06,853.0,1717.0,168658904.0,377107546.0,27250688.0,0.4472435139232138,0.49679673849737915,2.291123604299342e-06,0.9158240567537945,0.9371365767311536,0.0001810983370042519,853.0,1717.0,377107546.0,168658904.0,1018078.0,1086371.0,377104512.0,345361384.0
43.8,sysbench,STREAM,4,0.448137538868006,16062.199999999997,2.672942133738268e-06,958.0,1966.0,168998286.0,377112541.0,26316308.479999997,0.448137538868006,0.4872838250254323,2.672942133738268e-06,0.9144589306403064,0.9317070366433174,0.00018586203266328515,958.0,1966.0,377112541.0,168998286.0,956210.0,1026299.0,377102300.0,344844566.0
43.9,sysbench,STREAM,4,0.4471515001867008,15788.0,3.0170970805309316e-06,1076.0,2214.0,168658281.0,377183753.0,25867059.2,0.4471515001867008,0.4859981933152665,3.0170970805309316e-06,0.9421165726229749,0.9360109690881722,0.00018976337075553762,1076.0,2214.0,377183753.0,168658281.0,1046508.0,1118051.0,377011642.0,355188916.0
44.0,sysbench,STREAM,4,0.4473894139258755,15783.8,2.574748413470389e-06,851.0,1822.0,168721386.0,377124225.0,25860177.919999998,0.4473894139258755,0.4670691547749726,2.574748413470389e-06,0.9942382252758033,0.938006193276039,0.00019657673025149917,851.0,1822.0,377124225.0,168721386.0,1121680.0,1195813.0,377119916.0,374947036.0
44.1,sysbench,STREAM,4,0.44724251974656515,16790.6,2.7368362340738805e-06,842.0,1874.0,168645195.0,377077732.0,27509719.04,0.44724251974656515,0.44930629669156885,2.7368362340738805e-06,1.3720585996153127,0.8517827618572612,0.00030539980699470195,842.0,1874.0,377077732.0,168645195.0,650676.0,763899.0,370736973.0,508672852.0
44.2,sysbench,STREAM,4,0.4470600820657238,3734.5,3.060081970261938e-06,832.0,1986.0,168592652.0,377114081.0,6118604.8,0.4470600820657238,0.418932527693857,3.060081970261938e-06,0.6026353205457191,0.4027944773829761,3.8193527905175484e-05,832.0,1986.0,377114081.0,168592652.0,9715.0,24119.0,377131959.0,227273039.0
44.3,sysbench,STREAM,4,0.44813110029022213,3616.7000000000003,2.519100496141351e-06,942.0,1892.0,168998635.0,377118738.0,5925601.28,0.44813110029022213,0.4978858350951374,2.519100496141351e-06,0.8422900436870585,0.9574781746007711,9.308411391901321e-05,942.0,1892.0,377118738.0,168998635.0,790426.0,825529.0,377110535.0,317636449.0
44.4,sysbench,STREAM,4,0.44725349170909673,16585.1,2.5072383720015706e-06,799.0,1745.0,168752125.0,377307563.0,27173027.84,0.44725349170909673,0.45787965616045845,2.5072383720015706e-06,0.9048253177305955,0.9368196724721283,0.0001932122053778238,799.0,1745.0,377307563.0,168752125.0,1080955.0,1153856.0,377310532.0,341400122.0
44.5,sysbench,STREAM,4,0.4473429219846462,15793.8,2.709945417748388e-06,1128.0,2150.0,168706153.0,377129367.0,25876561.919999998,0.4473429219846462,0.5246511627906977,2.709945417748388e-06,0.9260839504716205,0.9370395873163638,0.00017359763331706532,1128.0,2150.0,377129367.0,168706153.0,974360.0,1039828.0,377124957.0,349249370.0
44.6,sysbench,STREAM,4,0.4473142342945222,15678.4,2.6358424777046574e-06,848.0,1842.0,168686237.0,377109030.0,25687490.56,0.4473142342945222,0.4603691639522258,2.6358424777046574e-06,0.8930528204203071,0.9303073539197901,0.00019467813798346747,848.0,1842.0,377109030.0,168686237.0,979996.0,1053411.0,377109627.0,336778816.0
44.7,sysbench,STREAM,4,0.4479284072459755,16882.4,2.68879487929781e-06,913.0,1927.0,168923040.0,377120623.0,27660124.16,0.4479284072459755,0.4737934613388687,2.68879487929781e-06,1.0127753436954905,0.9395579974856398,0.00018931284633965867,913.0,1927.0,377120623.0,168923040.0,1109820.0,1181215.0,377127075.0,381945003.0
44.8,sysbench,STREAM,4,0.4481483160015183,15878.5,2.755128776296773e-06,795.0,1834.0,169003389.0,377114859.0,26015334.4,0.4481483160015183,0.4334787350054526,2.755128776296773e-06,0.9354209215172331,0.937620756043776,0.00019382672269655063,795.0,1834.0,377114859.0,169003389.0,1098689.0,1171784.0,377115183.0,352761432.0
44.9,sysbench,STREAM,4,0.4474960894256828,14422.1,2.9751970312964283e-06,1023.0,2145.0,168758777.0,377117881.0,23629168.64,0.4474960894256828,0.47692307692307695,2.9751970312964283e-06,1.2229468216394106,0.5686298026782362,0.00022339939966235241,1023.0,2145.0,377117881.0,168758777.0,109045.0,191768.0,370291953.0,452847367.0
45.0,sysbench,STREAM,4,0.4481551077597994,1531.3999999999999,2.8368422548915863e-06,789.0,1859.0,169035118.0,377179943.0,2509045.76,0.4481551077597994,0.42442173211403983,2.8368422548915863e-06,0.6452015382246216,0.9392927462530081,3.899346929517633e-05,789.0,1859.0,377179943.0,169035118.0,227554.0,242261.0,377165722.0,243347904.0
45.1,sysbench,STREAM,4,0.4473437213059326,7875.4,2.5614479768895025e-06,750.0,1716.0,168706934.0,377130439.0,12903055.36,0.4473437213059326,0.4370629370629371,2.5614479768895025e-06,0.9437618550027218,0.9445161988355502,0.00017405195947372494,750.0,1716.0,377130439.0,168706934.0,1117408.0,1183048.0,377128762.0,355919740.0
45.3,sysbench,STREAM,4,0.4472131839869491,16758.9,2.6412924665066875e-06,767.0,1763.0,168638777.0,377088116.0,27457781.76,0.4472131839869491,0.43505388542257517,2.6412924665066875e-06,0.9170662791879173,0.9385773302752453,0.00018276227282410402,767.0,1763.0,377088116.0,168638777.0,1082801.0,1153662.0,387722252.0,355567003.0
45.4,sysbench,STREAM,4,0.44744941502338426,15927.3,2.763024719541191e-06,801.0,1843.0,168743438.0,377122938.0,26095288.32,0.44744941502338426,0.4346174715138361,2.763024719541191e-06,0.9257761164407995,0.9328523610916836,0.00018075332276426046,801.0,1843.0,377122938.0,168743438.0,947000.0,1015166.0,377121698.0,349130261.0
45.5,sysbench,STREAM,4,0.4478548801061037,15807.6,2.7867157139945353e-06,941.0,1992.0,168906888.0,377146472.0,25899171.84,0.4478548801061037,0.4723895582329317,2.7867157139945353e-06,0.8996544314257373,0.9324533111521554,0.00019335172080631955,941.0,1992.0,377146472.0,168906888.0,1006671.0,1079594.0,377152061.0,339306523.0
45.6,sysbench,STREAM,4,0.44776488902480716,15946.5,2.9430634234224397e-06,1036.0,2146.0,168878123.0,377158029.0,26126745.6,0.44776488902480716,0.4827586206896552,2.9430634234224397e-06,1.024824827106758,0.9403510902732255,0.0001901114629369387,1036.0,2146.0,377158029.0,168878123.0,1130381.0,1202084.0,377162949.0,386525954.0
45.7,sysbench,STREAM,4,0.4479175281218067,10676.199999999999,2.786706566506794e-06,859.0,1910.0,168931070.0,377147710.0,17491886.08,0.4479175281218067,0.44973821989528795,2.786706566506794e-06,1.3596146823679307,0.8502869893672792,0.0003023575897069132,859.0,1910.0,377147710.0,168931070.0,632554.0,743930.0,368358539.0,500825678.0
45.8,sysbench,STREAM,4,0.44759298818800525,1722.4,3.1396874442740283e-06,904.0,2088.0,168790718.0,377107601.0,2821980.16,0.44759298818800525,0.4329501915708812,3.1396874442740283e-06,0.5985275428521702,0.44414862378137115,3.764748555607558e-05,904.0,2088.0,377107601.0,168790718.0,11344.0,25541.0,377103538.0,225706854.0
45.9,sysbench,STREAM,4,0.4474592864917732,12041.7,2.8187760908155673e-06,849.0,1912.0,168743173.0,377114026.0,19729121.28,0.4474592864917732,0.4440376569037657,2.8187760908155673e-06,0.8598684484334961,0.9579754784653932,9.504333319159842e-05,849.0,1912.0,377114026.0,168743173.0,817041.0,852883.0,377112195.0,324266878.0
46.0,sysbench,STREAM,4,0.4474925230072961,16062.9,3.0573968910267065e-06,925.0,2078.0,168757573.0,377118196.0,26317455.36,0.4474925230072961,0.4451395572666025,3.0573968910267065e-06,0.9074776948899242,0.9360355528576282,0.00019671060839903388,925.0,2078.0,377118196.0,168757573.0,1085556.0,1159738.0,377112351.0,342221047.0
46.1,sysbench,STREAM,4,0.44732558709910447,15785.5,3.061461406175821e-06,1149.0,2304.0,168762883.0,377270802.0,25862963.2,0.44732558709910447,0.4986979166666667,3.061461406175821e-06,0.921425789906077,0.935474064403,0.00017954902907779953,1149.0,2304.0,377270802.0,168762883.0,981621.0,1049330.0,377105910.0,347475111.0
46.2,sysbench,STREAM,4,0.44761970096880316,15807.9,2.7511790599691268e-06,915.0,1952.0,168720981.0,376929301.0,25899663.36,0.44761970096880316,0.46875,2.7511790599691268e-06,0.9021730180405642,0.9317697680291636,0.00018770855100594844,915.0,1952.0,376929301.0,168720981.0,966672.0,1037458.0,377105889.0,340214758.0
46.3,sysbench,STREAM,4,0.44805438280742443,16810.1,2.7870695565316217e-06,930.0,1981.0,168960676.0,377098590.0,27541667.84,0.44805438280742443,0.469459868753155,2.7870695565316217e-06,0.9818107964274088,0.9382752134904334,0.00018927709623005158,930.0,1981.0,377098590.0,168960676.0,1084998.0,1156375.0,377103207.0,370244000.0
46.4,sysbench,STREAM,4,0.44808983631585464,15848.4,3.0123777035310946e-06,956.0,2092.0,168979492.0,377110745.0,25966018.56,0.44808983631585464,0.4569789674952199,3.0123777035310946e-06,0.9597839128985094,0.9381386317376234,0.00019261518672301093,956.0,2092.0,377110745.0,168979492.0,1101553.0,1174190.0,377109413.0,361943548.0
46.5,sysbench,STREAM,4,0.44734946104741524,6314.9,3.1556161307745877e-06,938.0,2128.0,168697914.0,377105437.0,10346332.16,0.44734946104741524,0.4407894736842105,3.1556161307745877e-06,1.2162564203931323,0.5298854519205737,0.0002177456521190556,938.0,2128.0,377105437.0,168697914.0,89557.0,169012.0,364898216.0,443809798.0
46.6,sysbench,STREAM,4,0.4473239469337609,1723.1,2.8109000285770418e-06,1076.0,2136.0,168687388.0,377103415.0,2823127.04,0.4473239469337609,0.5037453183520599,2.8109000285770418e-06,0.6364947071071853,0.9392734210578076,4.056517034006662e-05,1076.0,2136.0,377103415.0,168687388.0,238768.0,254205.0,380548137.0,242216875.0
46.7,sysbench,STREAM,4,0.4472233216846445,15772.8,2.7604784699942276e-06,986.0,2027.0,168651733.0,377108538.0,25842155.52,0.4472233216846445,0.48643315244203256,2.7604784699942276e-06,0.9629519788101549,0.9452532736405366,0.00017309586985659884,986.0,2027.0,377108538.0,168651733.0,1127051.0,1192327.0,377108940.0,363137800.0
46.8,sysbench,STREAM,4,0.44803998584590504,15694.400000000001,2.8135083542012697e-06,840.0,1901.0,168960019.0,377109241.0,25713704.96,0.44803998584590504,0.4418726985796949,2.8135083542012697e-06,0.9120885210865358,0.9398163901730691,0.00018244289210781722,840.0,1901.0,377109241.0,168960019.0,1074384.0,1143185.0,377109786.0,343957507.0
46.9,sysbench,STREAM,4,0.44736800668482213,16901.9,2.7869689414771634e-06,889.0,1940.0,168707935.0,377112204.0,27692072.96,0.44736800668482213,0.45824742268041235,2.7869689414771634e-06,0.9261771225148572,0.9347922969340011,0.00017964627654777236,889.0,1940.0,377112204.0,168707935.0,971166.0,1038911.0,377102166.0,349263399.0
47.0,sysbench,STREAM,4,0.44809542511523714,15848.000000000002,2.7551444619559787e-06,873.0,1912.0,168982481.0,377112712.0,25965363.200000003,0.44809542511523714,0.45658995815899583,2.7551444619559787e-06,0.906928401873402,0.9340822819131629,0.0001934031683869537,873.0,1912.0,377112712.0,168982481.0,1033506.0,1106440.0,377108610.0,342010509.0
47.1,sysbench,STREAM,4,0.4472981503720904,15751.399999999998,2.805573923343373e-06,876.0,1934.0,168679014.0,377106442.0,25807093.759999998,0.4472981503720904,0.452947259565667,2.805573923343373e-06,1.0240125415214927,0.9399362305030761,0.00019122092434812192,876.0,1934.0,377106442.0,168679014.0,1128463.0,1200574.0,377108312.0,386163641.0
47.4,sysbench,STREAM,4,0.4478139894964816,5197.6,3.1184202922863518e-06,877.0,2053.0,168876932.0,377114016.0,8515747.84,0.4478139894964816,0.4271797369702874,3.1184202922863518e-06,0.5994253205472174,0.31340085703155435,3.738947759917773e-05,877.0,2053.0,377114016.0,168876932.0,6436.0,20536.0,377111447.0,226050150.0
47.5,sysbench,STREAM,4,0.44806478665288413,16815.2,2.8321408044942574e-06,752.0,1820.0,168965184.0,377099895.0,27550023.68,0.44806478665288413,0.41318681318681316,2.8321408044942574e-06,0.8611629931417057,0.9562525878187864,9.72206072779974e-05,752.0,1820.0,377099895.0,168965184.0,801398.0,838061.0,377111407.0,324754388.0
47.6,sysbench,STREAM,4,0.4482113312026786,15966.0,2.9567087769881483e-06,1109.0,2224.0,169024301.0,377108496.0,26158694.4,0.4482113312026786,0.49865107913669066,2.9567087769881483e-06,0.9093081020992252,0.9379229515143617,0.00019073388497157004,1109.0,2224.0,377108496.0,169024301.0,1086746.0,1158673.0,377106564.0,342906054.0
47.7,sysbench,STREAM,4,0.4476121418169767,16144.300000000001,2.6756014891363715e-06,891.0,1900.0,168799671.0,377111466.0,26450821.12,0.4476121418169767,0.4689473684210526,2.6756014891363715e-06,0.9209995450611699,0.9358661785472263,0.0001796886530397017,891.0,1900.0,377111466.0,168799671.0,988810.0,1056572.0,377107841.0,347316150.0
47.8,sysbench,STREAM,4,0.467977013438866,15936.900000000001,3.7657724303504396e-05,32999.0,46998.0,173967236.0,371743122.0,26111016.96,0.467977013438866,0.7021362611174944,3.7657724303504396e-05,0.9008411985367759,0.9368614010104382,0.00017434494568176358,32999.0,46998.0,371743122.0,173967236.0,984854.0,1051227.0,380699307.0,342949620.0
47.9,sysbench,STREAM,4,0.447341817618031,16722.2,3.0733577453223892e-06,865.0,2024.0,168697955.0,377111972.0,27397652.48,0.447341817618031,0.42737154150197626,3.0733577453223892e-06,0.9692134141918964,0.9386654875160345,0.00018575227394389396,865.0,2024.0,377111972.0,168697955.0,1072017.0,1142065.0,377104401.0,365494644.0
48.0,sysbench,STREAM,4,0.448133509979917,12306.900000000001,2.906296058975302e-06,880.0,1976.0,168996660.0,377112303.0,20163624.96,0.448133509979917,0.44534412955465585,2.906296058975302e-06,0.9707975550470528,0.9386426828144563,0.0001924631958753391,880.0,1976.0,377112303.0,168996660.0,1110327.0,1182907.0,377111061.0,366098496.0
48.1,sysbench,STREAM,4,0.4471745042928092,1657.0,3.3941350375398494e-06,1245.0,2525.0,168638949.0,377121118.0,2714828.8,0.4471745042928092,0.49306930693069306,3.3941350375398494e-06,1.2061246151373957,0.4978191583725355,0.00022287342061394328,1245.0,2525.0,377121118.0,168638949.0,81378.0,163469.0,368330148.0,444252058.0
48.2,sysbench,STREAM,4,0.44713405557162716,9791.0,3.3996869217175967e-06,800.0,2082.0,168611367.0,377093547.0,16041574.4,0.44713405557162716,0.38424591738712777,3.3996869217175967e-06,0.6317513793216397,0.9365228524778876,4.299109943165615e-05,800.0,2082.0,377093547.0,168611367.0,239187.0,255399.0,377101312.0,238234274.0
48.3,sysbench,STREAM,4,0.44729846841385706,15834.300000000001,3.091883312822294e-06,980.0,2146.0,168683602.0,377116431.0,25942917.12,0.44729846841385706,0.45666356011183595,3.091883312822294e-06,0.9726616853641896,0.9442624186221766,0.00017651779381619605,980.0,2146.0,377116431.0,168683602.0,1127709.0,1194275.0,377106458.0,366797003.0
48.4,sysbench,STREAM,4,0.4481106404877545,15772.8,2.9965537828261596e-06,1025.0,2155.0,168982458.0,377099856.0,25842155.52,0.4481106404877545,0.4756380510440835,2.9965537828261596e-06,0.9112821883759608,0.9373338955783446,0.00018758107081223615,1025.0,2155.0,377099856.0,168982458.0,1058070.0,1128808.0,377106281.0,343650237.0
48.5,sysbench,STREAM,4,0.44828399865866814,16852.5,3.028304033037768e-06,1447.0,2589.0,169051826.0,377108767.0,27611136.0,0.44828399865866814,0.5589030513711858,3.028304033037768e-06,0.9270341032988043,0.9330278868658018,0.00017907775069764086,1447.0,2589.0,377108767.0,169051826.0,940828.0,1008360.0,377109941.0,349593776.0
48.7,sysbench,STREAM,4,0.44713206403955036,15834.2,2.8320202164240457e-06,1486.0,2554.0,168620634.0,377115952.0,25942753.28,0.44713206403955036,0.581832419733751,2.8320202164240457e-06,1.0322737077648032,0.9400275418484932,0.00019147302161009563,1486.0,2554.0,377115952.0,168620634.0,1131780.0,1203986.0,377107957.0,389278629.0
48.8,sysbench,STREAM,4,0.44746019647287305,15740.0,3.0548447899921755e-06,865.0,2017.0,168739881.0,377105902.0,25788416.0,0.44746019647287305,0.428854734754586,3.0548447899921755e-06,1.3531665360491318,0.8496142800454659,0.0003027199937995458,865.0,2017.0,377105902.0,168739881.0,631616.0,743415.0,369314886.0,499744545.0
48.9,sysbench,STREAM,4,0.4480897526844043,8867.6,3.436709629709175e-06,920.0,2216.0,168976836.0,377104888.0,14528675.84,0.4480897526844043,0.4151624548736462,3.436709629709175e-06,0.5964016700856976,0.41506783483050536,4.195882072288108e-05,920.0,2216.0,377104888.0,168976836.0,11228.0,27051.0,377107834.0,224907742.0
49.0,sysbench,STREAM,4,0.44714875937484216,1719.3000000000002,3.057501591823368e-06,831.0,1984.0,168622159.0,377105282.0,2816901.12,0.44714875937484216,0.4188508064516129,3.057501591823368e-06,0.8621083396839395,0.9566928383807354,9.64480864760368e-05,831.0,1984.0,377105282.0,168622159.0,803467.0,839838.0,377104423.0,325104868.0
49.1,sysbench,STREAM,4,0.44807005141610573,13159.300000000001,2.8081959598916965e-06,886.0,1945.0,168971892.0,377110435.0,21560197.12,0.44807005141610573,0.45552699228791776,2.8081959598916965e-06,0.9099138619236067,0.9365851129554184,0.0001946156814294753,886.0,1945.0,377110435.0,168971892.0,1083924.0,1157315.0,377107330.0,343135187.0
49.2,sysbench,STREAM,4,0.447417111675374,16905.7,2.95402148034486e-06,1143.0,2257.0,168726824.0,377113033.0,27698298.88,0.447417111675374,0.5064244572441293,2.95402148034486e-06,0.9210351469105686,0.9360252091997653,0.00017895147097517797,1143.0,2257.0,377113033.0,168726824.0,987369.0,1054853.0,377107825.0,347329561.0
49.4,sysbench,STREAM,4,0.4474036273659261,15775.8,2.9354760721151483e-06,896.0,2003.0,168720781.0,377110892.0,25847070.72,0.4474036273659261,0.4473290064902646,2.9354760721151483e-06,0.9041450072839953,0.9319542922075287,0.00018674143600504875,896.0,2003.0,377110892.0,168720781.0,964500.0,1034922.0,377109663.0,340961819.0
49.5,sysbench,STREAM,4,0.44729398646076574,16006.0,2.8931041684749116e-06,843.0,1934.0,168676173.0,377103601.0,26224230.4,0.44729398646076574,0.43588417786970013,2.8931041684749116e-06,0.9736269791894214,0.9383600194419259,0.00018731686914101288,843.0,1934.0,377103601.0,168676173.0,1075339.0,1145977.0,377104317.0,367158937.0
49.6,sysbench,STREAM,4,0.4472228744024905,16668.800000000003,2.9752502140350453e-06,1101.0,2223.0,168652728.0,377111140.0,27310161.92,0.4472228744024905,0.49527665317139,2.9752502140350453e-06,0.9676630131659064,0.9389799358528911,0.00019133481999860247,1101.0,2223.0,377111140.0,168652728.0,1110725.0,1182906.0,377249682.0,365050564.0
49.7,sysbench,STREAM,4,0.44808663331451765,4286.8,3.3635439482242603e-06,1202.0,2471.0,169054410.0,377280636.0,7023493.12,0.44808663331451765,0.48644273573452046,3.3635439482242603e-06,1.2045169622199186,0.5094942601925884,0.0002209403899883888,1202.0,2471.0,377280636.0,169054410.0,84815.0,166469.0,369574798.0,445159113.0
49.8,sysbench,STREAM,4,0.44811040099349814,3235.8,2.968778518364356e-06,969.0,2088.0,168902980.0,376922695.0,5301534.720000001,0.44811040099349814,0.4640804597701149,2.968778518364356e-06,0.632061186428195,0.9405324041408407,4.358164091913172e-05,969.0,2088.0,376922695.0,168902980.0,259934.0,276369.0,377108334.0,238355541.0
49.9,sysbench,STREAM,4,0.44743046468160885,16302.2,3.0150502238156374e-06,930.0,2067.0,168729673.0,377108146.0,26709524.48,0.44743046468160885,0.44992743105950656,3.0150502238156374e-06,0.9691761793248981,0.9453840162902357,0.0001736884791504705,930.0,2067.0,377108146.0,168729673.0,1133748.0,1199246.0,377100429.0,365476753.0
50.0,sysbench,STREAM,4,0.44733567184635886,15796.099999999999,2.667690876106331e-06,913.0,1919.0,168692591.0,377105162.0,25880330.24,0.44733567184635886,0.4757686294945284,2.667690876106331e-06,0.9129128547655212,0.938234921512398,0.00018487738620378424,913.0,1919.0,377105162.0,168692591.0,1059058.0,1128777.0,377109399.0,344268018.0
50.1,sysbench,STREAM,4,0.44734457179987225,15961.100000000002,2.932797672599651e-06,1040.0,2146.0,168700044.0,377114320.0,26150666.240000002,0.44734457179987225,0.4846225535880708,2.932797672599651e-06,0.928644749177638,0.9327525888815696,0.00018110509461073242,1040.0,2146.0,377114320.0,168700044.0,947297.0,1015593.0,377107006.0,350198441.0
50.2,sysbench,STREAM,4,0.44728477689601415,16659.0,2.8798175373065314e-06,842.0,1928.0,168674321.0,377107225.0,27294105.6,0.44728477689601415,0.4367219917012448,2.8798175373065314e-06,0.8978587791112371,0.9311522045731335,0.00019727800269497202,842.0,1928.0,377107225.0,168674321.0,1006177.0,1080572.0,377107427.0,338589214.0
50.3,sysbench,STREAM,4,0.44750221458319983,15819.400000000001,2.8029006420567646e-06,1006.0,2063.0,168757263.0,377109336.0,25918504.96,0.44750221458319983,0.4876393601551139,2.8029006420567646e-06,1.031912356656588,0.9395443774683018,0.0001928164968186764,1006.0,2063.0,377109336.0,168757263.0,1130037.0,1202750.0,377109849.0,389144313.0
50.4,sysbench,STREAM,4,0.44719809104197894,15089.3,3.184761132772069e-06,1023.0,2224.0,168642132.0,377108345.0,24722309.119999997,0.44719809104197894,0.45998201438848924,3.184761132772069e-06,1.354432487217076,0.8568628814814512,0.0002849090839590656,1023.0,2224.0,377108345.0,168642132.0,628275.0,733227.0,368370143.0,498932489.0
50.5,sysbench,STREAM,4,0.4473099904045767,1534.8,3.5055988311389473e-06,1189.0,2511.0,168685533.0,377111034.0,2514616.32,0.4473099904045767,0.4735165272799681,3.5055988311389473e-06,0.5985329596474314,0.3134708909769111,3.855654182547231e-05,1189.0,2511.0,377111034.0,168685533.0,6639.0,21179.0,377108509.0,225711872.0
50.6,sysbench,STREAM,4,0.4473320970642705,7272.3,2.7843778360628495e-06,797.0,1847.0,168690720.0,377103993.0,11914936.32,0.4473320970642705,0.431510557661072,2.7843778360628495e-06,0.8661843950573203,0.9576975323560541,9.512121846308086e-05,797.0,1847.0,377103993.0,168690720.0,804419.0,839951.0,373544416.0,323558344.0
50.7,sysbench,STREAM,4,0.4472299817476512,15830.8,2.8292317481656813e-06,1005.0,2076.0,169298012.0,378547993.0,25937182.72,0.4472299817476512,0.4841040462427746,2.8292317481656813e-06,0.9107183309555053,0.937458934840151,0.00019181728348129152,1005.0,2076.0,378547993.0,169298012.0,1098625.0,1171918.0,382097998.0,347983651.0
50.8,sysbench,STREAM,4,0.44800869002990285,16927.4,2.985874554065204e-06,855.0,1981.0,168948084.0,377108944.0,27733852.160000004,0.44800869002990285,0.4316002019182231,2.985874554065204e-06,0.9184704239690482,0.9374801347657492,0.00017734306778602115,855.0,1981.0,377108944.0,168948084.0,1002830.0,1069708.0,377110878.0,346365188.0
50.9,sysbench,STREAM,4,0.4479695593338308,15842.9,2.771109421904093e-06,821.0,1866.0,168931687.0,377105282.0,25957007.36,0.4479695593338308,0.439978563772776,2.771109421904093e-06,0.9073973283234817,0.9329380443190873,0.00018322141086362688,821.0,1866.0,377105282.0,168931687.0,961207.0,1030301.0,377106582.0,342185505.0
51.0,sysbench,STREAM,4,0.4472351250537904,15743.599999999999,2.7551017596834936e-06,879.0,1918.0,168660665.0,377118557.0,25794314.24,0.4472351250537904,0.45828988529718456,2.7551017596834936e-06,0.9621132185961523,0.9378553509681044,0.00018715144746672718,879.0,1918.0,377118557.0,168660665.0,1065097.0,1135673.0,377106354.0,362819008.0
51.1,sysbench,STREAM,4,0.4476709024887153,16164.300000000001,2.7897170552017254e-06,819.0,1871.0,168816328.0,377099175.0,26483589.12,0.4476709024887153,0.4377338321753073,2.7897170552017254e-06,0.9789581379297284,0.9387528121129395,0.00019275517694821836,819.0,1871.0,377099175.0,168816328.0,1114140.0,1186830.0,377110494.0,369175387.0
51.2,sysbench,STREAM,4,0.4472165384823142,10899.1,3.2325299325244516e-06,1083.0,2302.0,168647150.0,377104010.0,17857085.44,0.4472165384823142,0.47046046915725453,3.2325299325244516e-06,1.1948764681720236,0.4998659193907377,0.0002013735690007835,1083.0,2302.0,377104010.0,168647150.0,74562.0,149164.0,370465699.0,442660746.0
51.3,sysbench,STREAM,4,0.44758880190708944,1695.5,2.8797647159039713e-06,780.0,1866.0,168792067.0,377114142.0,2777907.2,0.44758880190708944,0.4180064308681672,2.8797647159039713e-06,0.6250748105942305,0.9482069331683082,3.90608417000414e-05,780.0,1866.0,377114142.0,168792067.0,269671.0,284401.0,377104009.0,235718217.0
51.5,sysbench,STREAM,4,0.447811090820665,15988.900000000001,2.8745333901741377e-06,901.0,1985.0,168871659.0,377104682.0,26196213.76,0.447811090820665,0.45390428211586903,2.8745333901741377e-06,0.9891068638796143,0.9467919209671884,0.0001730836623954584,901.0,1985.0,377104682.0,168871659.0,1161459.0,1226731.0,377112427.0,373004490.0
51.6,sysbench,STREAM,4,0.4481430835695858,15797.8,3.0150580271385454e-06,1051.0,2188.0,168997970.0,377107170.0,25883115.52,0.4481430835695858,0.4803473491773309,3.0150580271385454e-06,0.9094697689300073,0.9386352243331663,0.00018632638821399579,1051.0,2188.0,377107170.0,168997970.0,1074773.0,1145038.0,377107079.0,342967488.0
51.7,sysbench,STREAM,4,0.4479649821278019,15968.800000000001,2.8585143606656987e-06,852.0,1930.0,168936094.0,377118973.0,26163281.92,0.4479649821278019,0.44145077720207254,2.8585143606656987e-06,0.9286272266625091,0.9340523669837131,0.00017705784566265099,852.0,1930.0,377118973.0,168936094.0,945700.0,1012470.0,377108395.0,350193123.0
51.8,sysbench,STREAM,4,0.44718235500027453,16653.1,2.9169230045344308e-06,966.0,2066.0,168636810.0,377109714.0,27284439.04,0.44718235500027453,0.4675701839303001,2.9169230045344308e-06,0.886043707276396,0.9305033595801518,0.0001946788312929239,966.0,2066.0,377109714.0,168636810.0,982967.0,1056382.0,377108284.0,334134422.0
51.9,sysbench,STREAM,4,0.4480673373220352,15823.599999999999,2.9275537757619657e-06,855.0,1959.0,168969173.0,377106651.0,25925386.24,0.4480673373220352,0.43644716692189894,2.9275537757619657e-06,1.0303251506912545,0.9410639691653581,0.000186804326910611,855.0,1959.0,377106651.0,168969173.0,1124834.0,1195279.0,377105826.0,388541617.0
52.0,sysbench,STREAM,4,0.4471725739453136,6611.9,3.0255715580448295e-06,860.0,2001.0,168637197.0,377118828.0,10832936.959999999,0.4471725739453136,0.42978510744627685,3.0255715580448295e-06,1.3545466552695777,0.8540282791898688,0.0002899266107003848,860.0,2001.0,377118828.0,168637197.0,629728.0,737362.0,371245674.0,502869586.0
52.1,sysbench,STREAM,4,0.4470225463336694,1724.6,3.163649981000333e-06,810.0,2003.0,168570449.0,377096078.0,2825584.6399999997,0.4470225463336694,0.40439340988517225,3.163649981000333e-06,0.5937789020646232,0.3894499657988975,4.023635546909268e-05,810.0,2003.0,377096078.0,168570449.0,9679.0,24853.0,377121631.0,223926868.0
52.2,sysbench,STREAM,4,0.44725367256044,15604.300000000001,2.930225048894385e-06,771.0,1876.0,168661212.0,377104141.0,25566085.12,0.44725367256044,0.4109808102345416,2.930225048894385e-06,0.8547887331525766,0.9576320921248417,9.725464463589359e-05,771.0,1876.0,377104141.0,168661212.0,828934.0,865608.0,377092530.0,322334446.0
52.3,sysbench,STREAM,4,0.4472627560213675,15761.8,2.977810496393267e-06,981.0,2104.0,168672948.0,377122722.0,25824133.119999997,0.4472627560213675,0.46625475285171103,2.977810496393267e-06,0.9343002996650218,0.9373712405654547,0.00019484420959508072,981.0,2104.0,377122722.0,168672948.0,1099738.0,1173215.0,377106408.0,352330630.0
52.4,sysbench,STREAM,4,0.44724802868454316,16850.2,2.787058418603377e-06,906.0,1957.0,168657275.0,377100097.0,27607367.68,0.44724802868454316,0.4629535002554931,2.787058418603377e-06,0.9167769025378599,0.9374913267917814,0.00018036403384446772,906.0,1957.0,377100097.0,168657275.0,1020104.0,1088121.0,377109552.0,345725327.0
52.5,sysbench,STREAM,4,0.4473345384974859,15877.7,3.216601989719454e-06,1388.0,2601.0,168692551.0,377106028.0,26014023.68,0.4473345384974859,0.5336409073433295,3.216601989719454e-06,0.9141564181841018,0.9322254806125774,0.00018422220209958368,1388.0,2601.0,377106028.0,168692551.0,955574.0,1025046.0,377109812.0,344737355.0
52.6,sysbench,STREAM,4,0.44772174712708296,15759.300000000001,2.9062789347612637e-06,848.0,1944.0,168842374.0,377114525.0,25820037.12,0.44772174712708296,0.43621399176954734,2.9062789347612637e-06,0.9431044752568606,0.9377879998891148,0.0001844829558750711,848.0,1944.0,377114525.0,168842374.0,1048703.0,1118273.0,377108008.0,355652250.0
52.7,sysbench,STREAM,4,0.44801677420911334,16258.2,2.797600174551158e-06,884.0,1939.0,168951125.0,377108927.0,26637434.880000003,0.44801677420911334,0.4559051057246003,2.797600174551158e-06,0.991892542588948,0.938183530123875,0.00019498601126320212,884.0,1939.0,377108927.0,168951125.0,1115974.0,1189505.0,377109104.0,374051708.0
52.8,sysbench,STREAM,4,0.44729027516089986,2575.5,3.1291071354255133e-06,1036.0,2216.0,168675121.0,377104378.0,4219699.2,0.44729027516089986,0.4675090252707581,3.1291071354255133e-06,1.188224920327741,0.4701752956671691,0.00021091613425590312,1036.0,2216.0,377104378.0,168675121.0,69254.0,147294.0,370004885.0,439649025.0
52.9,sysbench,STREAM,4,0.44713378494457473,4830.599999999999,2.8425836919881104e-06,882.0,1954.0,168623854.0,377121702.0,7914455.039999999,0.44713378494457473,0.45138178096212894,2.8425836919881104e-06,0.621852218396984,0.9391183592631848,4.173596209098618e-05,882.0,1954.0,377121702.0,168623854.0,242779.0,258518.0,377108834.0,234505965.0
53.0,sysbench,STREAM,4,0.4472837569265732,16943.4,2.9250090295400004e-06,824.0,1927.0,168667508.0,377092853.0,27760066.560000002,0.4472837569265732,0.4276076803321225,2.9250090295400004e-06,0.9963150732583109,0.9452989440645184,0.00017497050319561822,824.0,1927.0,377092853.0,168667508.0,1140247.0,1206229.0,377103562.0,375713963.0
53.1,sysbench,STREAM,4,0.4476559915859867,15863.400000000001,2.609331853212822e-06,854.0,1838.0,168814670.0,377108032.0,25990594.560000002,0.4476559915859867,0.4646354733405876,2.609331853212822e-06,0.9092785430753513,0.9357801125847569,0.00019517274338483648,854.0,1838.0,377108032.0,168814670.0,1072885.0,1146514.0,377250423.0,343025715.0
53.2,sysbench,STREAM,4,0.4472455416634142,15751.0,3.0130843226461363e-06,1144.0,2281.0,168769980.0,377354192.0,25806438.4,0.4472455416634142,0.5015344147303814,3.0130843226461363e-06,0.9274792255943485,0.9332633246415762,0.00017903638601322904,1144.0,2281.0,377354192.0,168769980.0,943812.0,1011303.0,376968065.0,349630049.0
53.3,sysbench,STREAM,4,0.44798783811465037,16074.3,2.8207303406870406e-06,935.0,1998.0,168825451.0,376852755.0,26336133.119999997,0.44798783811465037,0.46796796796796797,2.8207303406870406e-06,0.8900143195674375,0.9314118979379947,0.00019304454400959642,935.0,1998.0,376852755.0,168825451.0,988595.0,1061394.0,377109855.0,335633171.0
53.4,sysbench,STREAM,4,0.44721408810921465,16551.8,2.8559330310274745e-06,851.0,1928.0,168648763.0,377109683.0,27118469.12,0.44721408810921465,0.4413900414937759,2.8559330310274745e-06,1.020449941317527,0.940039003001594,0.00018842373132617297,851.0,1928.0,377109683.0,168648763.0,1113981.0,1185037.0,377107488.0,384819314.0
53.6,sysbench,STREAM,4,0.44720971714085067,1627.1,3.0733246578071757e-06,1127.0,2286.0,168649954.0,377116032.0,2665840.6399999997,0.44720971714085067,0.49300087489063865,3.0733246578071757e-06,1.3623071048293787,0.8532609142791324,0.00029061691897112386,1127.0,2286.0,377116032.0,168649954.0,622261.0,729274.0,368227013.0,501638276.0
53.8,sysbench,STREAM,4,0.44815461157035513,9427.6,2.7790498810841108e-06,867.0,1915.0,169002376.0,377107301.0,15446179.84,0.44815461157035513,0.4527415143603133,2.7790498810841108e-06,0.8550278940197464,0.9584902114826881,9.723622220552289e-05,867.0,1915.0,377107301.0,169002376.0,846713.0,883382.0,377112553.0,322441752.0
53.9,sysbench,STREAM,4,0.4476113675536087,15843.899999999998,2.8400210419306913e-06,939.0,2010.0,168798670.0,377109882.0,25958645.759999998,0.4476113675536087,0.4671641791044776,2.8400210419306913e-06,0.9297906162161034,0.9375053565123191,0.0001933653210419612,939.0,2010.0,377109882.0,168798670.0,1093885.0,1166804.0,377104848.0,350628549.0
54.0,sysbench,STREAM,4,0.447258074291371,15976.6,2.8480149276289306e-06,846.0,1920.0,168663151.0,377104765.0,26176061.44,0.447258074291371,0.440625,2.8480149276289306e-06,0.9175873394948281,0.9376274934352974,0.00017951188359865655,846.0,1920.0,377104765.0,168663151.0,1017654.0,1085350.0,377111524.0,346032760.0
54.1,sysbench,STREAM,4,0.4473026563745198,16675.1,2.869209683272955e-06,832.0,1914.0,168681110.0,377107329.0,27320483.84,0.4473026563745198,0.4346917450365726,2.869209683272955e-06,0.9130539773558591,0.9325880544443654,0.00018361996276755496,832.0,1914.0,377107329.0,168681110.0,957933.0,1027177.0,377104967.0,344317190.0
54.2,sysbench,STREAM,4,0.447214425832114,15814.0,2.8664937484144623e-06,874.0,1955.0,168651613.0,377115771.0,25909657.6,0.447214425832114,0.4470588235294118,2.8664937484144623e-06,0.9480334248876626,0.9367463060641333,0.00018819206372516515,874.0,1955.0,377115771.0,168651613.0,1051005.0,1121974.0,377109420.0,357512335.0
54.3,sysbench,STREAM,4,0.4472704978288424,15727.5,2.9514322413646597e-06,832.0,1945.0,168667963.0,377105049.0,25767936.0,0.4472704978288424,0.42776349614395887,2.9514322413646597e-06,0.9878496882183196,0.9383633101381296,0.00019457798914757768,832.0,1945.0,377105049.0,168667963.0,1117099.0,1190476.0,377108430.0,372526445.0
54.4,sysbench,STREAM,4,0.44712402276240176,9213.0,3.0389171607331204e-06,1163.0,2309.0,168614050.0,377108009.0,15094579.200000001,0.44712402276240176,0.5036812472932005,3.0389171607331204e-06,1.194813758839036,0.47707958303679826,0.0002034391912938993,1163.0,2309.0,377108009.0,168614050.0,68376.0,143322.0,368395094.0,440163527.0
54.5,sysbench,STREAM,4,0.4473924718914127,1714.1000000000004,2.8877670757943155e-06,754.0,1843.0,168715270.0,377107977.0,2808381.4400000004,0.4473924718914127,0.40911557243624525,2.8877670757943155e-06,0.622495473525208,0.9422898902824378,3.918009851046199e-05,754.0,1843.0,377107977.0,168715270.0,241246.0,256021.0,377104718.0,234745980.0
54.6,sysbench,STREAM,4,0.44722057735580334,13001.800000000001,3.4288061830312117e-06,1280.0,2573.0,168646513.0,377099180.0,21302149.12,0.44722057735580334,0.49747376603186944,3.4288061830312117e-06,0.9964588747374096,0.9462145049075293,0.0001723837791573287,1280.0,2573.0,377099180.0,168646513.0,1143645.0,1208653.0,377112048.0,375776647.0
54.7,sysbench,STREAM,4,0.4476341656409849,16864.5,2.696859700193846e-06,858.0,1875.0,168805202.0,377105268.0,27630796.8,0.4476341656409849,0.4576,2.696859700193846e-06,0.9066772799468318,0.9366885809363498,0.00019211822892200366,858.0,1875.0,377105268.0,168805202.0,1061744.0,1133508.0,373540816.0,338680971.0
54.8,sysbench,STREAM,4,0.44725761600122205,15816.7,2.70997251536329e-06,1014.0,2036.0,168672295.0,377125596.0,25914081.28,0.44725761600122205,0.49803536345776034,2.70997251536329e-06,0.9294465983028867,0.9333607281184154,0.0001802047577150605,1014.0,2036.0,377125596.0,168672295.0,960795.0,1029393.0,380666975.0,353809625.0
54.9,sysbench,STREAM,4,0.4480703096835288,15737.6,2.7446439076321094e-06,834.0,1869.0,168966462.0,377098099.0,25784483.84,0.4480703096835288,0.4462279293739968,2.7446439076321094e-06,0.8878622362933881,0.9311498992180992,0.0001926601127013133,834.0,1869.0,377098099.0,168966462.0,982595.0,1055249.0,377109714.0,334821474.0
55.0,sysbench,STREAM,4,0.44727147931654254,16244.5,2.752525463326671e-06,867.0,1905.0,168669755.0,377108228.0,26614988.8,0.44727147931654254,0.45511811023622045,2.752525463326671e-06,1.0223391198494096,0.9400230612355149,0.00018841565012693736,867.0,1905.0,377108228.0,168669755.0,1113619.0,1184672.0,377107740.0,385531995.0
55.1,sysbench,STREAM,4,0.44711419052574175,16352.299999999997,2.89832930222486e-06,981.0,2074.0,168612935.0,377113808.0,26791608.319999997,0.44711419052574175,0.4729990356798457,2.89832930222486e-06,1.3560432930133977,0.8569074057942759,0.0002789956310409447,981.0,2074.0,377113808.0,168612935.0,619742.0,723231.0,370934124.0,503002731.0
55.2,sysbench,STREAM,4,0.44720813643027363,4662.099999999999,3.0311035617980835e-06,921.0,2064.0,168637887.0,377090382.0,7638384.64,0.44720813643027363,0.44622093023255816,3.0311035617980835e-06,0.5945325558586403,0.3583400598262191,3.583780202225445e-05,921.0,2064.0,377090382.0,168637887.0,7547.0,21061.0,377087858.0,224191008.0
55.3,sysbench,STREAM,4,0.4474211887071186,3172.8999999999996,2.6674555334963696e-06,815.0,1821.0,168739726.0,377138433.0,5198479.359999999,0.4474211887071186,0.4475562877539813,2.6674555334963696e-06,0.85013431168482,0.957900656044986,9.825870300829355e-05,815.0,1821.0,377138433.0,168739726.0,843216.0,880275.0,377157431.0,320634473.0
55.4,sysbench,STREAM,4,0.44719444649182166,16218.600000000002,2.611416682653971e-06,891.0,1876.0,168677229.0,377189901.0,26572554.240000002,0.44719444649182166,0.47494669509594883,2.611416682653971e-06,0.941333661233273,0.9374211981551085,0.00019438741680516609,891.0,1876.0,377189901.0,168677229.0,1098143.0,1171451.0,377123176.0,354998740.0
55.5,sysbench,STREAM,4,0.4478289548150758,15771.100000000002,2.7634924915206198e-06,1079.0,2121.0,168857984.0,377059103.0,25839370.240000002,0.4478289548150758,0.5087223008015087,2.7634924915206198e-06,0.9136337148039043,0.9381814645317322,0.00017869477741479318,1079.0,2121.0,377059103.0,168857984.0,1022554.0,1089932.0,377056347.0,344491391.0
55.7,sysbench,STREAM,4,0.44727714463133744,16555.0,2.625556999983196e-06,824.0,1814.0,168651594.0,377062848.0,27123712.0,0.44727714463133744,0.45424476295479604,2.625556999983196e-06,0.9136352564418222,0.9340884138978187,0.0001816238705500867,824.0,1814.0,377062848.0,168651594.0,970771.0,1039271.0,377153068.0,344580340.0
55.8,sysbench,STREAM,4,0.4480769814405772,15816.3,2.90364916440203e-06,928.0,2023.0,168975061.0,377111675.0,25913425.919999998,0.4480769814405772,0.4587246663371231,2.90364916440203e-06,0.9388139868185247,0.9365036048328628,0.00018695309404917747,928.0,2023.0,377111675.0,168975061.0,1039814.0,1110315.0,377105286.0,354031717.0
55.9,sysbench,STREAM,4,0.44726588666992134,15349.8,2.9514701458423493e-06,827.0,1940.0,168664058.0,377100206.0,25149112.32,0.44726588666992134,0.4262886597938144,2.9514701458423493e-06,0.9970033604764386,0.9385346833532482,0.00019437481172276933,827.0,1940.0,377100206.0,168664058.0,1119273.0,1192575.0,377116764.0,375986681.0
56.0,sysbench,STREAM,4,0.44721000188465415,1502.1,2.903629052908303e-06,1001.0,2096.0,168649281.0,377114287.0,2461040.6399999997,0.44721000188465415,0.4775763358778626,2.903629052908303e-06,1.1875051154353695,0.4517263025737602,0.000212073131900334,1001.0,2096.0,377114287.0,168649281.0,64764.0,143370.0,370655157.0,440154895.0
56.1,sysbench,STREAM,4,0.44726692504926746,7042.4,3.015010520238819e-06,822.0,1959.0,168670222.0,377113112.0,11538268.16,0.44726692504926746,0.41960183767228176,3.015010520238819e-06,0.6165900232564749,0.9399788952065835,4.1176451963555875e-05,822.0,1959.0,377113112.0,168670222.0,243181.0,258709.0,377108742.0,232521488.0
56.2,sysbench,STREAM,4,0.44801806193435567,15916.2,3.0363207230628934e-06,791.0,1936.0,168948121.0,377101138.0,26077102.080000002,0.44801806193435567,0.40857438016528924,3.0363207230628934e-06,1.0104147659794926,0.9449960741030629,0.00017629254736302945,791.0,1936.0,377101138.0,168948121.0,1142161.0,1208641.0,377100456.0,381027869.0
56.3,sysbench,STREAM,4,0.4479897385800154,16800.3,2.8373655404622768e-06,829.0,1899.0,168941581.0,377110381.0,27525611.52,0.4479897385800154,0.4365455502896261,2.8373655404622768e-06,0.9100640833756578,0.936286196106322,0.00019907190361966896,829.0,1899.0,377110381.0,168941581.0,1103197.0,1178269.0,377109972.0,343194241.0
56.4,sysbench,STREAM,4,0.44802215253791483,15812.3,2.9591190465020547e-06,927.0,2043.0,168966748.0,377139271.0,25906872.32,0.44802215253791483,0.45374449339207046,2.9591190465020547e-06,0.9246812385328325,0.9346459603461543,0.00017768119535679786,927.0,2043.0,377139271.0,168966748.0,958314.0,1025323.0,377130511.0,348725508.0
56.5,sysbench,STREAM,4,0.44732366272262003,15774.199999999999,2.8453454963288097e-06,955.0,2028.0,168688931.0,377107104.0,25844449.279999997,0.44732366272262003,0.47090729783037477,2.8453454963288097e-06,0.895262439316055,0.9310079923519252,0.00019293875506618406,955.0,2028.0,377107104.0,168688931.0,981639.0,1054383.0,377031561.0,337542195.0
56.6,sysbench,STREAM,4,0.44773110084417234,16341.900000000001,2.994473472432948e-06,1031.0,2160.0,168807110.0,377027885.0,26774568.96,0.44773110084417234,0.4773148148148148,2.994473472432948e-06,1.0035348264855597,0.9401279789111163,0.00018669958103275443,1031.0,2160.0,377027885.0,168807110.0,1105567.0,1175975.0,377119218.0,378452269.0
56.7,sysbench,STREAM,4,0.4476515909499719,11055.9,3.2563054629631342e-06,1014.0,2242.0,168815905.0,377114498.0,18113986.56,0.4476515909499719,0.45227475468331846,3.2563054629631342e-06,1.3684254736959407,0.854393509706368,0.00028788533824520847,1014.0,2242.0,377114498.0,168815905.0,623034.0,729212.0,368820450.0,504703299.0
56.8,sysbench,STREAM,4,0.4471835668621551,1678.8,3.355533367157428e-06,1025.0,2291.0,168716664.0,377287263.0,2750545.92,0.4471835668621551,0.44740288083806196,3.355533367157428e-06,0.5926856474586198,0.43906846014856454,3.70449274622135e-05,1025.0,2291.0,377287263.0,168716664.0,10935.0,24905.0,377109660.0,223507483.0
56.9,sysbench,STREAM,4,0.4476533098377433,11612.4,2.780275287100498e-06,908.0,1956.0,168738927.0,376941091.0,19025756.16,0.4476533098377433,0.46421267893660534,2.780275287100498e-06,0.8489630121651378,0.9574757477351948,9.840209094698773e-05,908.0,1956.0,376941091.0,168738927.0,835591.0,872702.0,377136295.0,320174765.0
57.0,sysbench,STREAM,4,0.44739776073360515,15845.9,2.5926302311898477e-06,854.0,1832.0,168768768.0,377223095.0,25961922.56,0.44739776073360515,0.4661572052401747,2.5926302311898477e-06,0.9452275003599674,0.937729898591247,0.00019381791342640642,854.0,1832.0,377223095.0,168768768.0,1101044.0,1174159.0,377235513.0,356573381.0
57.1,sysbench,STREAM,4,0.4475792870514663,15712.2,2.4762218083373305e-06,836.0,1770.0,168821328.0,377187535.0,25742868.48,0.4475792870514663,0.47231638418079097,2.4762218083373305e-06,0.9119169691184434,0.9385200629137862,0.00017827686815527206,836.0,1770.0,377187535.0,168821328.0,1026328.0,1093560.0,377121276.0,343903291.0
57.2,sysbench,STREAM,4,0.4477481499259317,16158.999999999998,2.544627491398391e-06,902.0,1862.0,168919901.0,377265436.0,26474905.599999998,0.4477481499259317,0.48442534908700324,2.544627491398391e-06,0.9142961420161788,0.9329553993288459,0.00018068159481108583,902.0,1862.0,377265436.0,168919901.0,948588.0,1016756.0,377282479.0,344947915.0
57.3,sysbench,STREAM,4,0.44724222238175515,16367.3,2.2977828098044776e-06,825.0,1693.0,168948191.0,377755459.0,26816184.32,0.44724222238175515,0.4873006497341996,2.2977828098044776e-06,0.9322721860979964,0.9362484763472334,0.00018732702101134709,825.0,1693.0,377755459.0,168948191.0,1039233.0,1109997.0,377756501.0,352171879.0
57.4,sysbench,STREAM,4,0.44757646653086297,15790.7,2.4870402269317617e-06,796.0,1734.0,168805764.0,377155138.0,25871482.880000003,0.44757646653086297,0.4590542099192618,2.4870402269317617e-06,0.9942509293375987,0.939384018989329,0.0001919476608093911,796.0,1734.0,377155138.0,168805764.0,1121958.0,1194355.0,377170525.0,375002145.0
57.5,sysbench,STREAM,4,0.4474369007956528,7171.5,3.1827215056937725e-06,1207.0,2407.0,168699737.0,377035816.0,11749785.6,0.4474369007956528,0.5014540922309929,3.1827215056937725e-06,1.1886468141185176,0.44721245055230846,0.00021851827597093765,1207.0,2407.0,377035816.0,168699737.0,65344.0,146114.0,369625834.0,439354570.0
57.6,sysbench,STREAM,4,0.4476488591981378,1743.5000000000002,2.715069943754675e-06,725.0,1749.0,168832642.0,377154188.0,2856550.4000000004,0.4476488591981378,0.4145225843339051,2.715069943754675e-06,0.6197286595842068,0.9383343878519456,4.13466928066642e-05,725.0,1749.0,377154188.0,168832642.0,237286.0,252880.0,377152293.0,233732085.0
57.8,sysbench,STREAM,4,0.4683560664719455,16251.7,3.9652885569048294e-05,32064.0,46931.0,175600074.0,374928578.0,26626785.28,0.4683560664719455,0.6832157848756686,3.9652885569048294e-05,0.9910851087302048,0.9480623774084532,0.00016720477916058597,32064.0,46931.0,374928578.0,175600074.0,1139242.0,1201653.0,373260862.0,369933282.0
57.9,sysbench,STREAM,4,0.4473782599433953,16394.7,2.865573188832806e-06,966.0,2048.0,168923718.0,377585889.0,26861076.48,0.4473782599433953,0.4716796875,2.865573188832806e-06,0.9072183123313815,0.9385592717093242,0.00018496727110355157,966.0,2048.0,377585889.0,168923718.0,1066850.0,1136689.0,377574906.0,342542869.0
58.0,sysbench,STREAM,4,0.4477341770576328,15803.0,2.6113533771009416e-06,978.0,1963.0,168884904.0,377199045.0,25891635.2,0.4477341770576328,0.49821701477330615,2.6113533771009416e-06,0.9281936322378366,0.9333486753157092,0.00017821432860441776,978.0,1963.0,377199045.0,168884904.0,940934.0,1008127.0,377034779.0,349961281.0
58.1,sysbench,STREAM,4,0.44780841104619573,15676.0,2.4293550512936444e-06,733.0,1649.0,168848314.0,377054807.0,25683558.4,0.44780841104619573,0.44451182534869615,2.4293550512936444e-06,0.8880445812784212,0.9305847190349495,0.00019621912744149749,733.0,1649.0,377054807.0,168848314.0,992289.0,1066307.0,377221125.0,334989176.0
58.2,sysbench,STREAM,4,0.4473670260409556,16710.600000000002,2.6355414908378464e-06,807.0,1801.0,168725412.0,377152097.0,27378647.040000003,0.4473670260409556,0.4480843975569128,2.6355414908378464e-06,1.0349388451355566,0.9408369036444195,0.0001886666197302394,807.0,1801.0,377152097.0,168725412.0,1131585.0,1202743.0,377162638.0,390340265.0
58.3,sysbench,STREAM,4,0.447295015315538,3161.5999999999995,3.1954496033921983e-06,1010.0,2215.0,168674384.0,377098734.0,5179965.4399999995,0.447295015315538,0.45598194130925507,3.1954496033921983e-06,1.3552254702382542,0.8549611164493756,0.00028579812718951416,1010.0,2215.0,377098734.0,168674384.0,620164.0,725371.0,368116478.0,498880827.0
58.4,sysbench,STREAM,4,0.4469286936163953,4053.1,3.363104936875992e-06,890.0,2158.0,168506661.0,377032541.0,6640599.04,0.4469286936163953,0.41241890639481,3.363104936875992e-06,0.5971177501268501,0.3142456795889771,3.8920492297412695e-05,890.0,2158.0,377032541.0,168506661.0,6728.0,21410.0,377230583.0,225251077.0
58.5,sysbench,STREAM,4,0.44728471980292567,16922.000000000004,3.2563713823039824e-06,1297.0,2525.0,168674138.0,377106864.0,27725004.800000004,0.44728471980292567,0.5136633663366337,3.2563713823039824e-06,0.8573718441562883,0.9577160664437135,9.736803800661404e-05,1297.0,2525.0,377106864.0,168674138.0,831627.0,868344.0,377094997.0,323310633.0
58.6,sysbench,STREAM,4,0.4480492804244374,15825.1,2.808222902000735e-06,820.0,1879.0,168962438.0,377106817.0,25927843.84,0.4480492804244374,0.43640234167110165,2.808222902000735e-06,0.9223000786024239,0.9381402625204986,0.00019125944546375775,820.0,1879.0,377106817.0,168962438.0,1093804.0,1165928.0,377100330.0,347799664.0
58.7,sysbench,STREAM,4,0.4481914169454211,15694.6,2.5747923275526806e-06,844.0,1815.0,169020958.0,377117793.0,25714032.64,0.4481914169454211,0.4650137741046832,2.5747923275526806e-06,0.9190097117887143,0.9368843230419234,0.00018030715956644542,844.0,1815.0,377117793.0,169020958.0,1009372.0,1077371.0,377128674.0,346584914.0
58.9,sysbench,STREAM,4,0.44806780938122465,16510.0,2.6941879950340073e-06,874.0,1890.0,168969981.0,377108057.0,27049984.0,0.44806780938122465,0.4624338624338624,2.6941879950340073e-06,0.9571545251733259,0.936178690791237,0.00019070476419349934,874.0,1890.0,377108057.0,168969981.0,1054903.0,1126818.0,377101224.0,360944143.0
59.0,sysbench,STREAM,4,0.4471510189258965,16130.1,2.956643467295198e-06,958.0,2073.0,168628173.0,377116826.0,26427555.84,0.4471510189258965,0.462132175590931,2.956643467295198e-06,0.9811830674925396,0.9375420999208077,0.00019596170653689686,958.0,2073.0,377116826.0,168628173.0,1109297.0,1183197.0,377114495.0,370018357.0
59.1,sysbench,STREAM,4,0.44717511989527464,13604.6,3.200711222960573e-06,1061.0,2268.0,168631386.0,377103686.0,22289776.64,0.44717511989527464,0.4678130511463845,3.200711222960573e-06,1.2000120389333626,0.4755997120603895,0.00021888034660694404,1061.0,2268.0,377103686.0,168631386.0,73337.0,154199.0,369434722.0,443326114.0
59.2,sysbench,STREAM,4,0.44712078341886985,1575.6999999999998,3.0150930626373412e-06,958.0,2095.0,168610494.0,377102788.0,2581626.88,0.44712078341886985,0.45727923627684963,3.0150930626373412e-06,0.6237492426276096,0.9394322009431239,4.17255256733362e-05,958.0,2095.0,377102788.0,168610494.0,244041.0,259775.0,377083326.0,235205439.0
59.3,sysbench,STREAM,4,0.447489733541418,8720.3,2.792261096427698e-06,853.0,1906.0,168754523.0,377113731.0,14287339.52,0.447489733541418,0.4475341028331584,2.792261096427698e-06,0.9927699630888874,0.9445388895308384,0.0001769130036430087,853.0,1906.0,377113731.0,168754523.0,1136217.0,1202933.0,377111906.0,374385373.0
59.4,sysbench,STREAM,4,0.4473198348119428,15767.1,2.6146464181694866e-06,916.0,1902.0,168687190.0,377106439.0,25832816.64,0.4473198348119428,0.4815983175604627,2.6146464181694866e-06,0.9100886604786708,0.9356580804178056,0.00019562633380355732,916.0,1902.0,377106439.0,168687190.0,1072790.0,1146562.0,377106694.0,343200526.0
59.5,sysbench,STREAM,4,0.44819125813880667,16305.4,2.8214812734257193e-06,1122.0,2186.0,169016007.0,377106880.0,26714767.36,0.44819125813880667,0.5132662397072278,2.8214812734257193e-06,0.9274818147169576,0.9330965044613564,0.0001789971446961439,1122.0,2186.0,377106880.0,169016007.0,941388.0,1008886.0,377089814.0,349743945.0
59.6,sysbench,STREAM,4,0.4472483649227771,16339.9,2.7498015668146584e-06,850.0,1887.0,168665463.0,377118121.0,26771292.16,0.4472483649227771,0.45045045045045046,2.7498015668146584e-06,0.8874702226253486,0.9323017080371129,0.00019068635236902797,850.0,1887.0,377118121.0,168665463.0,990358.0,1062272.0,377132391.0,334693767.0
59.7,sysbench,STREAM,4,0.44755772078849465,15844.400000000001,2.7154394237307182e-06,999.0,2023.0,168775301.0,377102870.0,25959464.96,0.44755772078849465,0.49382105783489866,2.7154394237307182e-06,1.0258840626592594,0.9402911567805806,0.00018968390970396744,999.0,2023.0,377102870.0,168775301.0,1126450.0,1197980.0,377101042.0,386861949.0
59.9,sysbench,STREAM,4,0.44753950171103496,9984.8,2.9513930465132094e-06,929.0,2042.0,168771647.0,377110057.0,16359096.32,0.44753950171103496,0.45494613124387856,2.9513930465132094e-06,1.360680485352647,0.8522827568504667,0.0002912646577140514,929.0,2042.0,377110057.0,168771647.0,620911.0,728527.0,369478401.0,502742050.0
60.0,sysbench,STREAM,4,0.4468950489920247,3036.6000000000004,3.895304250440012e-06,1001.5,2051.0,120405576.5,269426964.5,4975165.44,0.4468950489920247,0.48829839102876643,3.895304250440012e-06,0.6425355211743066,0.9155491434618692,3.7925331999672525e-05,1001.5,2051.0,269426964.5,120405576.5,110737.5,120952.0,269331854.5,173055283.5
