time_step,victim,attacker,run_id,IPC,Total_MB_per_sec,cache_dominance_score,LLC-load-misses,LLC-loads,instructions,cycles,cas_count_total,victim_IPC,victim_miss_rate,victim_cache_dominance,attacker_IPC,attacker_miss_rate,attacker_cache_dominance,victim_LLC-load-misses,victim_LLC-loads,victim_cycles,victim_instructions,attacker_LLC-load-misses,attacker_LLC-loads,attacker_cycles,attacker_instructions
0.1,redis-benchmark,STREAM,5,0.6976759785205556,5841.500000000001,0.0013636098054647559,8610.0,540910.0,272345448.0,390360936.0,9570713.600000001,0.6976759785205556,0.015917620306520493,0.0013636098054647559,1.2218482337966359,0.5613242532533207,0.000215608218987959,8610.0,540910.0,390360936.0,272345448.0,99900.0,177972.0,362101224.0,442432741.0
0.2,redis-benchmark,STREAM,5,0.6999898772248622,2636.2,0.001370545539837269,6285.0,529874.0,267416871.0,382029626.0,4319150.08,0.6999898772248622,0.011861310424742486,0.001370545539837269,0.6452420250690323,0.9404661262428817,3.641303160273443e-05,6285.0,529874.0,382029626.0,267416871.0,219154.0,233027.0,380989975.0,245830743.0
0.3,redis-benchmark,STREAM,5,0.6977045144157732,16370.699999999999,0.0013981588785557137,9079.0,536713.0,263298134.0,377377713.0,26821754.88,0.6977045144157732,0.01691593086062756,0.0013981588785557137,0.9389554778887138,0.952908578023892,0.00014855230652396865,9079.0,536713.0,377377713.0,263298134.0,1143476.0,1199985.0,380397998.0,357176784.0
0.4,redis-benchmark,STREAM,5,0.7041951854174742,15938.500000000002,0.0014101891281930487,9005.0,540435.0,265376069.0,376850161.0,26113638.400000002,0.7041951854174742,0.016662503353779827,0.0014101891281930487,0.9056800129575521,0.9467523237882763,0.00015556550991673916,9005.0,540435.0,376850161.0,265376069.0,1043091.0,1101757.0,377114439.0,341545010.0
0.5,redis-benchmark,STREAM,5,0.7006152900813082,16694.3,0.001410545750186696,8965.0,540902.0,264212058.0,377114319.0,27351941.12,0.7006152900813082,0.016574166854624314,0.001410545750186696,0.9025000945449161,0.9429872001598196,0.00015879412508211459,8965.0,540902.0,377114319.0,264212058.0,991254.0,1051185.0,377413207.0,340615455.0
0.6,redis-benchmark,STREAM,5,0.6997041940231621,16327.7,0.0014303184180200184,7501.0,546886.0,263864285.0,377108337.0,26751303.68,0.6997041940231621,0.013715838401421869,0.0014303184180200184,0.9486424217381146,0.9473372649076961,0.00016291282569570514,7501.0,546886.0,377108337.0,263864285.0,1104222.0,1165606.0,376790469.0,357439423.0
0.7,redis-benchmark,STREAM,5,0.7020271844846798,15966.099999999999,0.0014107006648976896,9324.0,541303.0,264736332.0,377102679.0,26158858.24,0.7020271844846798,0.01722510313077888,0.0014107006648976896,0.9678523821239029,0.9480084072298144,0.0001641164903520819,9324.0,541303.0,377102679.0,264736332.0,1128513.0,1190404.0,377116278.0,364992888.0
0.8,redis-benchmark,STREAM,5,0.7003448921522895,16209.7,0.001418157199128129,8205.0,543001.0,264104464.0,377106290.0,26557972.48,0.7003448921522895,0.015110469409816925,0.001418157199128129,1.3843342293897123,0.8627480873711054,0.00029515943165417987,8205.0,543001.0,377106290.0,264104464.0,684739.0,793672.0,369064947.0,510909239.0
0.9,redis-benchmark,STREAM,5,0.7071157610596696,2276.5,0.0014110876809328742,6698.0,533484.0,263979828.0,373319112.0,3729817.6,0.7071157610596696,0.012555203155108682,0.0014110876809328742,0.6031523041037379,0.3376988892224557,4.589136129641575e-05,6698.0,533484.0,373319112.0,263979828.0,8999.0,26648.0,384582185.0,231961631.0
1.2,redis-benchmark,STREAM,5,0.7031764782184269,15957.7,0.0014228056956216203,7727.0,544784.0,265423347.0,377463347.0,26145095.68,0.7031764782184269,0.014183603042673793,0.0014228056956216203,0.9013478461808015,0.9476601104715062,0.0001573480784970707,7727.0,544784.0,377463347.0,265423347.0,1074349.0,1133686.0,377106607.0,339904228.0
1.3,redis-benchmark,STREAM,5,0.7020259611926359,15950.7,0.0014195209018576533,8571.0,543887.0,264741244.0,377110333.0,26133626.880000003,0.7020259611926359,0.01575878813062272,0.0014195209018576533,0.9149020190407652,0.943478849979283,0.00015264818751186036,8571.0,543887.0,377110333.0,264741244.0,960920.0,1018486.0,377115516.0,345023747.0
1.4,redis-benchmark,STREAM,5,0.6964568263525953,16305.599999999999,0.0014221333886623756,7886.0,557345.0,269084795.0,386362492.0,26715095.04,0.6964568263525953,0.01414922534516323,0.0014221333886623756,0.8934309301171786,0.9427275373787427,0.0001652334829982833,7886.0,557345.0,386362492.0,269084795.0,1045976.0,1109521.0,384577017.0,343593002.0
1.5,redis-benchmark,STREAM,5,0.7033302525829355,16459.1,0.0013794928340973805,8382.0,532581.0,267261276.0,379994000.0,26966589.439999998,0.7033302525829355,0.015738451052515954,0.0013794928340973805,1.0180461948156638,0.9492553602021429,0.00016128621857034912,8382.0,532581.0,379994000.0,267261276.0,1158588.0,1220523.0,384006771.0,390936632.0
1.6,redis-benchmark,STREAM,5,0.6998055522406418,13738.599999999999,0.0014087131548389511,8311.0,539561.0,263908730.0,377117228.0,22509322.24,0.6998055522406418,0.015403263023087288,0.0014087131548389511,0.9033553507330215,0.9471889937329983,0.00016372597394062412,8311.0,539561.0,377117228.0,263908730.0,1108303.0,1170097.0,377423316.0,340947372.0
1.7,redis-benchmark,STREAM,5,0.6999045820901432,1659.2000000000003,0.0014083266998952439,7559.0,543709.0,266453687.0,380700018.0,2718433.2800000003,0.6999045820901432,0.013902657487737006,0.0014083266998952439,1.234669678518647,0.6157881771151723,0.00022679424434446732,7559.0,543709.0,380700018.0,266453687.0,134982.0,219202.0,371349812.0,458494353.0
1.8,redis-benchmark,STREAM,5,0.6971140985671722,8628.5,0.0013943572770489566,6938.0,537762.0,265387430.0,380694395.0,14136934.4,0.6971140985671722,0.012901618187971631,0.0013943572770489566,0.6601482972143927,0.9401008552665958,3.6450849643865136e-05,6938.0,537762.0,380694395.0,265387430.0,215881.0,229636.0,377357459.0,249111884.0
1.9,redis-benchmark,STREAM,5,0.7041609480705012,15996.399999999998,0.0013645701784419926,8300.0,516757.0,262379736.0,372613302.0,26208501.759999998,0.7041609480705012,0.01606170792074418,0.0013645701784419926,0.9095691271963658,0.9515752185077901,0.00015050385061998373,8300.0,516757.0,372613302.0,262379736.0,1134664.0,1192406.0,383657958.0,348963434.0
2.0,redis-benchmark,STREAM,5,0.6975536749402187,16679.3,0.0014160620104868818,8013.0,550324.0,267142984.0,382971223.0,27327365.119999997,0.6975536749402187,0.014560513442989947,0.0014160620104868818,0.9118965091927151,0.9451655772122872,0.00015611083644714478,8013.0,550324.0,382971223.0,267142984.0,1015622.0,1074544.0,377436963.0,344183449.0
2.1,redis-benchmark,STREAM,5,0.6989996738508591,16334.300000000001,0.0014130576073895567,8181.0,546834.0,266456420.0,381196773.0,26762117.12,0.6989996738508591,0.014960664479531266,0.0014130576073895567,0.8964771112174237,0.9415857359489987,0.00016132943351687855,8181.0,546834.0,381196773.0,266456420.0,979816.0,1040602.0,376781835.0,337776291.0
2.2,redis-benchmark,STREAM,5,0.7054820259318709,15794.400000000001,0.0013676826635333303,9182.0,534289.0,270862211.0,383939209.0,25877544.96,0.7054820259318709,0.017185455811368006,0.0013676826635333303,0.9721004022320328,0.94694064266523,0.00016266082635883086,9182.0,534289.0,383939209.0,270862211.0,1095045.0,1156403.0,377214363.0,366690234.0
2.3,redis-benchmark,STREAM,5,0.6976645091903457,16265.9,0.001430134289827257,9029.0,548349.0,263097267.0,377111439.0,26650050.56,0.6976645091903457,0.016465790947006377,0.001430134289827257,0.9486895144640083,0.9476501967099308,0.0001652154657601485,9029.0,548349.0,377111439.0,263097267.0,1127536.0,1189823.0,377004657.0,357660365.0
2.4,redis-benchmark,STREAM,5,0.7019917046395673,10809.9,0.0014173289431569406,8430.0,543842.0,265185287.0,377761283.0,17710940.16,0.7019917046395673,0.015500825607437454,0.0014173289431569406,1.3874419645570621,0.8639148063234554,0.0002952862237061883,8430.0,543842.0,377761283.0,265185287.0,698241.0,808229.0,372479280.0,516793384.0
2.5,redis-benchmark,STREAM,5,0.6971693076906103,1770.4,0.00145009469189815,6484.0,562770.0,267448414.0,383620465.0,2900623.3600000003,0.6971693076906103,0.011521580752349983,0.00145009469189815,0.6078813637820126,0.37987012987012986,4.520030111131132e-05,6484.0,562770.0,383620465.0,267448414.0,10530.0,27720.0,380307201.0,231181660.0
2.6,redis-benchmark,STREAM,5,0.6999587050176291,12053.199999999999,0.0014182271624433684,7628.0,540486.0,262989319.0,375721192.0,19747962.88,0.6999587050176291,0.014113224024304052,0.0014182271624433684,0.8118905947184557,0.9616372494921176,8.138575645899147e-05,7628.0,540486.0,375721192.0,262989319.0,777251.0,808258.0,380988042.0,309320608.0
2.9,redis-benchmark,STREAM,5,0.6988260927795146,16021.8,0.001441227312420297,7823.0,551788.0,263759181.0,377431787.0,26250117.119999997,0.6988260927795146,0.014177546448998529,0.001441227312420297,0.9062919425335844,0.9434591523435877,0.00016590199698838617,7823.0,551788.0,377431787.0,263759181.0,1044147.0,1106722.0,377180511.0,341835658.0
3.1,redis-benchmark,STREAM,5,0.700629665560132,16704.7,0.0013935152508134264,8443.0,533931.0,264204128.0,377095263.0,27368980.48,0.700629665560132,0.015812904663711227,0.0013935152508134264,1.0024649707558455,0.9490986651874854,0.0001636549947405669,8443.0,533931.0,377095263.0,264204128.0,1149815.0,1211481.0,376804876.0,377733689.0
3.2,redis-benchmark,STREAM,5,0.7008418101946604,15841.8,0.001417403219275116,8433.0,542964.0,264301413.0,377119928.0,25955205.119999997,0.7008418101946604,0.015531416447499282,0.001417403219275116,0.8993848696422807,0.9462618617446918,0.00016507603003711803,8433.0,542964.0,377119928.0,264301413.0,1096198.0,1158451.0,377117138.0,339173448.0
3.3,redis-benchmark,STREAM,5,0.7005202625291035,7690.2,0.0013894554112636242,7760.0,535070.0,265853324.0,379508400.0,12599623.68,0.7005202625291035,0.014502775337806268,0.0013894554112636242,1.247209115421712,0.6726220137175545,0.00021552319687591034,7760.0,535070.0,379508400.0,265853324.0,166028.0,246837.0,374943399.0,467632825.0
3.4,redis-benchmark,STREAM,5,0.7010855195021247,1788.1999999999998,0.00139056434993364,6537.0,527839.0,262826588.0,374885204.0,2929786.88,0.7010855195021247,0.0123844581396979,0.00139056434993364,0.6633922828229595,0.9425236451970762,3.413728266032041e-05,6537.0,527839.0,374885204.0,262826588.0,214951.0,228059.0,383979010.0,254728712.0
3.5,redis-benchmark,STREAM,5,0.7011230113508323,14385.0,0.0014384705976492637,7482.0,549964.0,264410419.0,377124149.0,23568384.0,0.7011230113508323,0.013604526841756915,0.0014384705976492637,0.8992148110211817,0.9519801668315457,0.00014940299644391529,7482.0,549964.0,377124149.0,264410419.0,1118194.0,1174598.0,377529242.0,339479886.0
3.6,redis-benchmark,STREAM,5,0.6994084704033966,16659.9,0.0014112795601792369,8068.0,534573.0,260927790.0,373069245.0,27295580.16,0.6994084704033966,0.015092419557291521,0.0014112795601792369,0.9132190520242889,0.9446426856670956,0.00015303662338579736,8068.0,534573.0,373069245.0,260927790.0,983732.0,1041380.0,376694145.0,344004270.0
3.7,redis-benchmark,STREAM,5,0.7051146537452397,16360.1,0.0013892855162170913,7938.0,534401.0,267199774.0,378945144.0,26804387.84,0.7051146537452397,0.014854014120482558,0.0013892855162170913,0.8898099597007989,0.9426288113457829,0.00016166226157032733,7938.0,534401.0,378945144.0,267199774.0,1011206.0,1072751.0,380701095.0,338751626.0
3.8,redis-benchmark,STREAM,5,0.700552655139344,16152.2,0.0013927107227280743,8071.0,537780.0,266450915.0,380343880.0,26463764.48,0.700552655139344,0.015007995834727955,0.0013927107227280743,0.9929590022104244,0.9483957611682493,0.0001611634234047879,8071.0,537780.0,380343880.0,266450915.0,1117894.0,1178721.0,377424348.0,374766904.0
3.9,redis-benchmark,STREAM,5,0.7025878341414484,15987.7,0.0013861928803804628,8616.0,531371.0,264956853.0,377115629.0,26194247.68,0.7025878341414484,0.016214659813952963,0.0013861928803804628,0.933509847180135,0.9473656158684017,0.00016511416227787184,8616.0,531371.0,377115629.0,264956853.0,1119807.0,1182022.0,376799901.0,351746418.0
4.0,redis-benchmark,STREAM,5,0.7030820191845712,16943.6,0.0013980434009321938,7277.0,535061.0,265424836.0,377516177.0,27760394.24,0.7030820191845712,0.013600318468361551,0.0013980434009321938,1.390840827927156,0.8737057694066015,0.00027604140982466475,7277.0,535061.0,377516177.0,265424836.0,716679.0,820275.0,375291519.0,521970767.0
4.1,redis-benchmark,STREAM,5,0.7021629384725706,4031.5999999999995,0.0014174932680683992,6217.0,540177.0,264499967.0,376693147.0,6605373.4399999995,0.7021629384725706,0.01150919050607486,0.0014174932680683992,0.6120828545716074,0.33646183098021765,4.425461672757922e-05,6217.0,540177.0,376693147.0,264499967.0,8317.0,24719.0,370627998.0,226855043.0
4.2,redis-benchmark,STREAM,5,0.7049326024395259,3400.6,0.001420700867126268,6412.0,542174.0,265837876.0,377111053.0,5571543.04,0.7049326024395259,0.011826461615643687,0.001420700867126268,0.7923875919831189,0.9627731473149177,7.946960977671214e-05,6412.0,542174.0,377111053.0,265837876.0,775663.0,805655.0,377402130.0,299048765.0
4.3,redis-benchmark,STREAM,5,0.6978341223211688,16260.400000000001,0.0014212416586224124,7379.0,543374.0,263175230.0,377131501.0,26641039.360000003,0.6978341223211688,0.013579965180520232,0.0014212416586224124,0.9081159468005535,0.9467656485896547,0.0001536533368464812,7379.0,543374.0,377131501.0,263175230.0,1029708.0,1087606.0,376809259.0,342186497.0
4.4,redis-benchmark,STREAM,5,0.7008829978654096,15999.9,0.0014148046501776532,8261.0,539810.0,263325157.0,375704872.0,26214236.16,0.7008829978654096,0.015303532724477131,0.0014148046501776532,0.8984739782116988,0.9423130786511645,0.0001583828836046208,8261.0,539810.0,375704872.0,263325157.0,975654.0,1035382.0,377111457.0,338824831.0
4.5,redis-benchmark,STREAM,5,0.6991789804031848,16207.1,0.0014238202836102532,8185.0,554882.0,268460181.0,383964891.0,26553712.64,0.6991789804031848,0.014750883971727323,0.0014238202836102532,0.9535608419968238,0.9474365420625563,0.00015914353298627484,8185.0,554882.0,383964891.0,268460181.0,1092887.0,1153520.0,380995689.0,363302570.0
4.6,redis-benchmark,STREAM,5,0.6970164369852279,16580.2,0.0014149916826933623,9819.0,543430.0,262853586.0,377112464.0,27164999.68,0.6970164369852279,0.018068564488526583,0.0014149916826933623,0.9676154831989292,0.9488548351405178,0.00016164370708507197,9819.0,543430.0,377112464.0,262853586.0,1131999.0,1193016.0,377478351.0,365253897.0
4.7,redis-benchmark,STREAM,5,0.7057776088645885,16038.800000000001,0.0014103400220345239,8746.0,545652.0,268684308.0,380692593.0,26277969.92,0.7057776088645885,0.016028531005109484,0.0014103400220345239,0.904765031299614,0.947665787012409,0.0001569435536952414,8746.0,545652.0,380692593.0,268684308.0,1090244.0,1150452.0,383628372.0,347093536.0
5.0,redis-benchmark,STREAM,5,0.7025888627472244,6621.1,0.001447972703768242,5437.0,551470.0,264947470.0,377101722.0,10848010.24,0.7025888627472244,0.009859103849710773,0.001447972703768242,0.5970365588075445,0.8816972412827335,3.362971313814885e-05,5437.0,551470.0,377101722.0,264947470.0,94443.0,107115.0,376809637.0,224969129.0
5.1,redis-benchmark,STREAM,5,0.7001920352928741,16276.900000000001,0.001422654369000739,8284.0,550878.0,267050104.0,381395518.0,26668072.96,0.7001920352928741,0.015037812364988254,0.001422654369000739,0.9404999473524858,0.9564821829891342,0.0001434957696777235,8284.0,550878.0,381395518.0,267050104.0,1200608.0,1255233.0,380673243.0,358023165.0
5.2,redis-benchmark,STREAM,5,0.7001172474141493,16383.099999999999,0.0014428807239496373,7508.0,555800.0,266043256.0,379998146.0,26842071.04,0.7001172474141493,0.013508456279237135,0.0014428807239496373,0.9213911234347054,0.9423493225316729,0.0001567811313018721,7508.0,555800.0,379998146.0,266043256.0,976403.0,1036137.0,381002481.0,351052304.0
5.3,redis-benchmark,STREAM,5,0.7003440349945297,16002.599999999999,0.0014159878909111526,7982.0,542326.0,264285193.0,377364809.0,26218659.839999996,0.7003440349945297,0.014718084694445776,0.0014159878909111526,0.8800717136927265,0.9410404105051594,0.00016721716679903625,7982.0,542326.0,377364809.0,264285193.0,1005720.0,1068732.0,376827339.0,331635082.0
5.4,redis-benchmark,STREAM,5,0.6989169552784549,15901.7,0.0014154537959495386,8587.0,542035.0,263403760.0,376874188.0,26053345.28,0.6989169552784549,0.01584215041464112,0.0014154537959495386,1.0297020738112743,0.9509355068551241,0.0001583285532844398,8587.0,542035.0,376874188.0,263403760.0,1157124.0,1216827.0,377082963.0,388283109.0
5.5,redis-benchmark,STREAM,5,0.7009793218515414,17214.7,0.001444344240392852,8788.0,558624.0,266850281.0,380682101.0,28204564.48,0.7009793218515414,0.01573151171449848,0.001444344240392852,0.8983676559995073,0.9462009730825928,0.00016584343046860113,8788.0,558624.0,380682101.0,266850281.0,1110452.0,1173590.0,380708478.0,342016183.0
5.6,redis-benchmark,STREAM,5,0.7016842224399155,12209.0,0.0014074929120539963,7040.0,537832.0,264618293.0,377118773.0,20003225.6,0.7016842224399155,0.013089589314135269,0.0014074929120539963,1.3679576719492583,0.8981948381321796,0.00021702560979318527,7040.0,537832.0,377118773.0,264618293.0,722472.0,804360.0,377319525.0,516157139.0
5.7,redis-benchmark,STREAM,5,0.7041960273232497,1730.3999999999999,0.001427299997446309,6969.0,545485.0,265691045.0,377296995.0,2835087.36,0.7041960273232497,0.012775786685243408,0.001427299997446309,0.6514160755397148,0.26710912849526713,0.00012769821933889436,6969.0,545485.0,377296995.0,265691045.0,17185.0,64337.0,369245556.0,240532491.0
5.8,redis-benchmark,STREAM,5,0.6996003099035921,10155.4,0.0014512692414078434,6308.0,553307.0,263686888.0,376910765.0,16638607.36,0.6996003099035921,0.011400542555940914,0.0014512692414078434,0.7699418505162878,0.9616016004391706,7.709719690086756e-05,6308.0,553307.0,376910765.0,263686888.0,728694.0,757792.0,377419688.0,290591213.0
5.9,redis-benchmark,STREAM,5,0.7026840908517116,15834.199999999999,0.001399357762726371,7843.0,535562.0,264992810.0,377115141.0,25942753.279999997,0.7026840908517116,0.014644429589851408,0.001399357762726371,0.9141734080904985,0.9458368549060973,0.00015019526578958947,7843.0,535562.0,377115141.0,264992810.0,988164.0,1044751.0,376756216.0,344420514.0
6.0,redis-benchmark,STREAM,5,0.7027556451558861,16080.3,0.0013986603845535486,7283.0,534712.0,265006224.0,377095831.0,26345963.52,0.7027556451558861,0.013620416224060803,0.0013986603845535486,0.8846516298778639,0.9413122732156299,0.00016353755217418295,7283.0,534712.0,377095831.0,265006224.0,989162.0,1050833.0,377106048.0,333607480.0
6.1,redis-benchmark,STREAM,5,0.700706465601832,17030.8,0.0014045027130758603,7600.0,537274.0,264254382.0,377125651.0,27903262.72,0.700706465601832,0.014145482565692738,0.0014045027130758603,1.0057256828024501,0.9497248439551289,0.0001588214229570043,7600.0,537274.0,377125651.0,264254382.0,1131430.0,1191324.0,377115372.0,379274615.0
6.2,redis-benchmark,STREAM,5,0.7044967908132587,15843.600000000002,0.0013873266363009788,8249.0,526196.0,263018088.0,373341783.0,25958154.240000002,0.7044967908132587,0.015676668009638992,0.0013873266363009788,0.9216462090414237,0.9473978630488294,0.00016382339340727608,8249.0,526196.0,373341783.0,263018088.0,1112697.0,1174477.0,377113419.0,347565153.0
6.3,redis-benchmark,STREAM,5,0.7006565037810033,16065.2,0.001395373994967861,9265.0,539381.0,266186144.0,379909617.0,26321223.68,0.7006565037810033,0.017177097450596146,0.001395373994967861,0.909210354993166,0.9449224630674516,0.00015512298305219355,9265.0,539381.0,379909617.0,266186144.0,1003639.0,1062139.0,377120133.0,342881530.0
6.4,redis-benchmark,STREAM,5,0.7035814958609421,9498.7,0.0014205545512131546,8260.0,548080.0,267365560.0,380006526.0,15562670.08,0.7035814958609421,0.015070792585024084,0.0014205545512131546,1.2949696822522598,0.7707862413886096,0.0002541288255434181,8260.0,548080.0,380006526.0,267365560.0,314396.0,407890.0,367900020.0,476419372.0
6.5,redis-benchmark,STREAM,5,0.7049428812489401,1786.3999999999999,0.0014133892047180862,6093.0,539571.0,266077820.0,377445928.0,2926837.76,0.7049428812489401,0.011292304441862145,0.0014133892047180862,0.5560183672656769,0.5471737833760218,3.393618693156148e-05,6093.0,539571.0,377445928.0,266077820.0,15595.0,28501.0,380302007.0,211454901.0
6.6,redis-benchmark,STREAM,5,0.702764489433726,13095.1,0.0014024568701306458,7050.0,529328.0,261711030.0,372402183.0,21455011.84,0.702764489433726,0.013318773992685065,0.0014024568701306458,0.9546629167319461,0.9588068310123428,0.0001316678765596741,7050.0,529328.0,372402183.0,261711030.0,1167634.0,1217799.0,380996499.0,363723229.0
6.7,redis-benchmark,STREAM,5,0.7006531986032039,16859.6,0.0014132813315600474,8106.0,542448.0,264907222.0,378086081.0,27622768.64,0.7006531986032039,0.014943367843553667,0.0014132813315600474,0.8961221708990863,0.942399676457594,0.00015933821008696993,8106.0,542448.0,378086081.0,264907222.0,983346.0,1043449.0,377203936.0,338020810.0
7.0,redis-benchmark,STREAM,5,0.7043360894476747,16788.3,0.0014084302636732994,8064.0,539205.0,265616115.0,377115583.0,27505950.72,0.7043360894476747,0.014955350933318496,0.0014084302636732994,0.97045380086526,0.9475492884625851,0.0001662366194137637,8064.0,539205.0,377115583.0,265616115.0,1131606.0,1194245.0,376806267.0,365673074.0
7.1,redis-benchmark,STREAM,5,0.7011918575315836,16404.0,0.0014093738414617646,7907.0,539389.0,264422994.0,377105055.0,26876313.599999998,0.7011918575315836,0.014659179182371165,0.0014093738414617646,0.9039389758049905,0.9463868762380532,0.00016048919199934192,7907.0,539389.0,377105055.0,264422994.0,1069226.0,1129798.0,377421054.0,341165601.0
7.2,redis-benchmark,STREAM,5,0.7021566120081417,5492.6,0.0013900223063612164,9948.0,551221.0,273418933.0,389398787.0,8999075.84,0.7021566120081417,0.01804720792567772,0.0013900223063612164,1.3526544220550403,0.932520897064388,0.00015074606783139008,9948.0,551221.0,389398787.0,273418933.0,786172.0,843061.0,377382978.0,510468754.0
7.3,redis-benchmark,STREAM,5,0.7019008070663281,1944.6,0.001403460993585739,7593.0,541321.0,266928768.0,380294146.0,3186032.6399999997,0.7019008070663281,0.014026797408561649,0.001403460993585739,0.6994722521385179,0.2719536710100095,0.00018622856357344256,7593.0,541321.0,380294146.0,266928768.0,26110.0,96009.0,375339844.0,262539806.0
7.4,redis-benchmark,STREAM,5,0.7032879685914585,16466.8,0.001396693611873975,7666.0,534389.0,265224918.0,377121364.0,26979205.12,0.7032879685914585,0.014345355162624978,0.001396693611873975,0.745392766280495,0.9644340021906236,6.71284616524862e-05,7666.0,534389.0,377121364.0,265224918.0,685918.0,711213.0,376814832.0,280875050.0
7.5,redis-benchmark,STREAM,5,0.7044183049744628,15731.900000000001,0.001397435638055924,10783.0,542774.0,268165623.0,380690878.0,25775144.96,0.7044183049744628,0.01986646375839668,0.001397435638055924,0.9200018826981943,0.9454854536606038,0.00014799758225787004,10783.0,542774.0,380690878.0,268165623.0,977215.0,1033559.0,380708922.0,350252925.0
7.6,redis-benchmark,STREAM,5,0.7001432950759773,16868.1,0.0014059773443835133,9585.0,539796.0,264032474.0,377112051.0,27636695.04,0.7001432950759773,0.017756708089722784,0.0014059773443835133,0.8850507012700215,0.9429223617438974,0.00016331320824008452,9585.0,539796.0,377112051.0,264032474.0,1018243.0,1079880.0,377415891.0,334032199.0
7.7,redis-benchmark,STREAM,5,0.7058194462117958,16044.2,0.0013815911127732722,9481.0,530493.0,266171661.0,377110127.0,26286817.28,0.7058194462117958,0.01787205486217537,0.0013815911127732722,1.022979007312107,0.9503061180731714,0.00015992349701942084,9481.0,530493.0,377110127.0,266171661.0,1152345.0,1212604.0,376798914.0,385457379.0
7.8,redis-benchmark,STREAM,5,0.7021136849694297,15774.300000000001,0.0013952117472627733,9513.0,536264.0,265077388.0,377541976.0,25844613.12,0.7021136849694297,0.017739397013411304,0.0013952117472627733,0.897341416207436,0.9464549558969225,0.00016567622503954108,9513.0,536264.0,377541976.0,265077388.0,1104335.0,1166812.0,377102991.0,338390132.0
7.9,redis-benchmark,STREAM,5,0.7030190160912171,16724.4,0.0013911451449985653,10140.0,534152.0,264810902.0,376676727.0,27401256.96,0.7030190160912171,0.01898336054156869,0.0013911451449985653,0.9164599780362273,0.9456433174253945,0.00015107014578359234,10140.0,534152.0,376676727.0,264810902.0,991142.0,1048114.0,377122824.0,345617975.0
8.0,redis-benchmark,STREAM,5,0.7026395217645068,2830.9000000000005,0.001388917593587114,9029.0,532812.0,264976582.0,377115966.0,4638146.5600000005,0.7026395217645068,0.016945939656013754,0.001388917593587114,1.307785240107274,0.8113796333805955,0.0002432350167439191,9029.0,532812.0,377115966.0,264976582.0,384555.0,473952.0,367533430.0,480654795.0
8.2,redis-benchmark,STREAM,5,0.7027724496131711,4473.0,0.001407247006579066,8337.0,538667.0,264844275.0,376856371.0,7328563.2,0.7027724496131711,0.01547709438298615,0.001407247006579066,0.9379180881147221,0.9578501985532741,0.00012705065487967455,8337.0,538667.0,376856371.0,264844275.0,1108589.0,1157372.0,383964963.0,360127684.0
8.3,redis-benchmark,STREAM,5,0.702199267350986,17092.5,0.0013957030447558473,9301.0,535527.0,264752243.0,377032924.0,28004352.0,0.702199267350986,0.017367938497965557,0.0013957030447558473,0.8849153028395524,0.9414048944450658,0.0001623946562929937,9301.0,535527.0,377032924.0,264752243.0,984750.0,1046043.0,377432370.0,333995680.0
8.4,redis-benchmark,STREAM,5,0.7044191327028515,15827.5,0.0013956147942152932,9002.0,535299.0,265641836.0,377107639.0,25931776.0,0.7044191327028515,0.0168167696931995,0.0013956147942152932,1.001777042867839,0.949258925832231,0.0001606463291131522,9002.0,535299.0,377107639.0,265641836.0,1132464.0,1192998.0,376815333.0,377484950.0
8.5,redis-benchmark,STREAM,5,0.6992472045684867,16083.0,0.0014220427665926065,9539.0,546166.0,263870355.0,377363475.0,26350387.2,0.6992472045684867,0.017465385981551396,0.0014220427665926065,0.9248999450540695,0.9476797456756251,0.0001628937212598985,9539.0,546166.0,377363475.0,263870355.0,1123245.0,1185258.0,380696073.0,352105777.0
8.6,redis-benchmark,STREAM,5,0.7008639882581718,16667.5,0.001408227378715929,9053.0,544808.0,266641163.0,380446374.0,27308032.0,0.7008639882581718,0.016616863188499434,0.001408227378715929,0.9110418358467575,0.9461556658316518,0.00015727447899106532,9053.0,544808.0,380446374.0,266641163.0,1071913.0,1132914.0,387863310.0,353359702.0
8.9,redis-benchmark,STREAM,5,0.7005372249688352,1561.8000000000002,0.0014226593757643178,6981.0,552867.0,268801844.0,383708152.0,2558853.12,0.7005372249688352,0.01262690665205194,0.0014226593757643178,0.7066889810393335,0.3551497639726511,0.00020618326509763544,6981.0,552867.0,383708152.0,268801844.0,42282.0,119054.0,372348357.0,263134481.0
9.0,redis-benchmark,STREAM,5,0.7057307315138407,7653.6,0.0014126929539572486,7746.0,532409.0,262102817.0,371392098.0,12539658.24,0.7057307315138407,0.014548965175269388,0.0014126929539572486,0.735751092810929,0.9653147302517812,6.0689030679660094e-05,7746.0,532409.0,371392098.0,262102817.0,636933.0,659819.0,377102744.0,277453756.0
9.1,redis-benchmark,STREAM,5,0.6979720153513947,15824.9,0.001422286263513399,7671.0,542627.0,262524027.0,376124001.0,25927516.16,0.6979720153513947,0.014136782725518634,0.001422286263513399,0.913415401626262,0.9456067631266929,0.00014810179195451774,7671.0,542627.0,376124001.0,262524027.0,980963.0,1037390.0,381001467.0,348012608.0
9.2,redis-benchmark,STREAM,5,0.7010404009835652,16808.899999999998,0.0014161782076646315,8829.0,535735.0,260830446.0,372061932.0,27539701.759999998,0.7010404009835652,0.016480162767039674,0.0014161782076646315,0.9147388654746083,0.9438533125081349,0.0001648526571456202,8829.0,535735.0,372061932.0,260830446.0,1044234.0,1106352.0,376809213.0,344682032.0
9.3,redis-benchmark,STREAM,5,0.7024408492129203,16019.7,0.0013975920093338796,9225.0,536280.0,264902031.0,377116495.0,26246676.48,0.7024408492129203,0.017201834862385322,0.0013975920093338796,0.9965564818993835,0.9488083539005123,0.00016285739958051823,9225.0,536280.0,377116495.0,264902031.0,1138311.0,1199727.0,377115195.0,375816592.0
9.4,redis-benchmark,STREAM,5,0.6987241414746495,15896.6,0.0014223279794942977,10171.0,546550.0,263498266.0,377113442.0,26044989.44,0.6987241414746495,0.018609459335833866,0.0014223279794942977,0.899716815284746,0.9465799531511124,0.00016333775533506698,10171.0,546550.0,377113442.0,263498266.0,1091472.0,1153069.0,377114280.0,339296059.0
9.5,redis-benchmark,STREAM,5,0.7026673641048254,16775.7,0.0014218987704271995,10484.0,546568.0,264919514.0,377019807.0,27485306.88,0.7026673641048254,0.019181510809268013,0.0014218987704271995,0.9200633816666948,0.94386737175889,0.00015110628844853584,10484.0,546568.0,377019807.0,264919514.0,958469.0,1015470.0,377224539.0,347070485.0
9.6,redis-benchmark,STREAM,5,0.6972012747807167,11619.9,0.0014323296374551115,8301.0,548888.0,263136317.0,377418009.0,19038044.16,0.6972012747807167,0.015123303843407035,0.0014323296374551115,1.3146434992486435,0.8056350535933113,0.0002710253488826465,8301.0,548888.0,377418009.0,263136317.0,415495.0,515736.0,369858393.0,486231932.0
9.7,redis-benchmark,STREAM,5,0.7027972965104896,1724.9,0.0014384834336338762,6473.0,554183.0,267593702.0,380755167.0,2826076.16,0.7027972965104896,0.011680257243545905,0.0014384834336338762,0.5626535572846114,0.5217965653896962,3.5177975051435506e-05,6473.0,554183.0,380755167.0,267593702.0,14615.0,28009.0,380749602.0,214230118.0
9.8,redis-benchmark,STREAM,5,0.7008748581974003,10527.1,0.0014157446063650925,8230.0,541603.0,264050256.0,376743798.0,17247600.64,0.7008748581974003,0.015195632225079993,0.0014157446063650925,0.9299781064408088,0.9593379196174342,0.00011944204844105801,8230.0,541603.0,376743798.0,264050256.0,1061635.0,1106633.0,376734999.0,350355301.0
9.9,redis-benchmark,STREAM,5,0.7034421370328031,16203.8,0.0014122250767410007,9261.0,541822.0,265273471.0,377107735.0,26548305.919999998,0.7034421370328031,0.01709232921512969,0.0014122250767410007,0.881236065011959,0.9420770194689805,0.0001653541988715025,9261.0,541822.0,377107735.0,265273471.0,1014177.0,1076533.0,377105634.0,332319085.0
10.0,redis-benchmark,STREAM,5,0.6975953665574723,15710.0,0.0014331435010083873,9221.0,549676.0,263071286.0,377111573.0,25739264.0,0.6975953665574723,0.016775336743827272,0.0014331435010083873,1.0305814357119016,0.9493423332728202,0.00016278859758020955,9221.0,549676.0,377111573.0,263071286.0,1150470.0,1211860.0,377114865.0,388647579.0
10.1,redis-benchmark,STREAM,5,0.7014761675226772,17180.0,0.0013991340634284053,8326.0,536415.0,264765084.0,377439885.0,28147712.0,0.7014761675226772,0.015521564460352525,0.0013991340634284053,0.8986276519073704,0.9456055199154878,0.00016888697601106823,8326.0,536415.0,377439885.0,264765084.0,1108157.0,1171902.0,377441775.0,339179616.0
10.2,redis-benchmark,STREAM,5,0.7027487528964592,15895.4,0.0014037882366392334,8757.0,534790.0,263336752.0,374723898.0,26043023.36,0.7027487528964592,0.016374651732455732,0.0014037882366392334,0.9166580703551868,0.9447270137770895,0.00015331851403042028,8757.0,534790.0,374723898.0,263336752.0,987030.0,1044778.0,376653794.0,345262740.0
10.3,redis-benchmark,STREAM,5,0.6994422755321635,15747.3,0.001413174408523368,9442.0,542363.0,263766082.0,377109150.0,25800376.32,0.6994422755321635,0.017409004670303835,0.001413174408523368,1.2684674387819825,0.9425618328665119,0.00015128163788293754,9442.0,542363.0,377109150.0,263766082.0,936192.0,993242.0,377111200.0,478353278.0
10.4,redis-benchmark,STREAM,5,0.7037532065477029,9137.2,0.0014105303620487902,7414.0,544267.0,267851037.0,380603647.0,14970388.48,0.7037532065477029,0.013621990677369748,0.0014105303620487902,0.8140245965266318,0.33594962421287833,0.00021857688321650926,7414.0,544267.0,380603647.0,267851037.0,41347.0,123075.0,373909623.0,304371630.0
10.5,redis-benchmark,STREAM,5,0.7027815633239837,1798.8,0.0014058631565778495,5979.0,536705.0,265306368.0,377509004.0,2947153.92,0.7027815633239837,0.011140198060386991,0.0014058631565778495,0.7106918127531191,0.9646725111619576,5.4603439211341144e-05,5979.0,536705.0,377509004.0,265306368.0,562843.0,583455.0,377485380.0,268275769.0
10.6,redis-benchmark,STREAM,5,0.6976180415409347,13142.6,0.0014100153310605088,8117.0,539301.0,262808165.0,376722145.0,21532835.84,0.6976180415409347,0.015050964118368036,0.0014100153310605088,0.8856804381645094,0.9432387184855523,0.0001580376984361779,8117.0,539301.0,376722145.0,262808165.0,989348.0,1048884.0,376720242.0,333653749.0
10.7,redis-benchmark,STREAM,5,0.7012397686918492,17037.3,0.001409259694792678,8927.0,542891.0,265697510.0,378896808.0,27913912.319999997,0.7012397686918492,0.016443448132313854,0.001409259694792678,0.9926328371214708,0.948278539690588,0.0001618467339641946,8927.0,542891.0,378896808.0,265697510.0,1129615.0,1191227.0,380681145.0,377876605.0
10.9,redis-benchmark,STREAM,5,0.6997073438586503,15878.2,0.0014051171094313114,7382.0,537276.0,263871759.0,377117321.0,26014842.880000003,0.6997073438586503,0.013739679419888474,0.0014051171094313114,0.9342566956441165,0.9469742624404975,0.00016612151878194853,7382.0,537276.0,377117321.0,263871759.0,1118816.0,1181464.0,377121522.0,352328307.0
11.0,redis-benchmark,STREAM,5,0.7038545251054387,16669.2,0.0013943192770407861,9281.0,537607.0,266699781.0,378913215.0,27310817.28,0.7038545251054387,0.017263540095274057,0.0013943192770407861,0.9102690644941738,0.9462520453533096,0.00015612748039867477,9281.0,537607.0,378913215.0,266699781.0,1047290.0,1106777.0,381015564.0,346826681.0
11.1,redis-benchmark,STREAM,5,0.6979070334778175,16315.5,0.0014003528646847707,7736.0,539286.0,264913575.0,379582899.0,26731315.2,0.6979070334778175,0.014344893062308312,0.0014003528646847707,0.9205332661216845,0.9445742178169977,0.00015371212007867456,7736.0,539286.0,379582899.0,264913575.0,1024267.0,1084369.0,391003650.0,359931867.0
11.2,redis-benchmark,STREAM,5,0.7017534683971215,5386.1,0.0014010778515262377,9711.0,534847.0,263023221.0,374808580.0,8824586.24,0.7017534683971215,0.018156594315757592,0.0014010778515262377,1.3183772526700221,0.8245373118627002,0.0002516311153314334,9711.0,534847.0,374808580.0,263023221.0,438921.0,532324.0,371190184.0,489368695.0
11.3,redis-benchmark,STREAM,5,0.7016270502411092,1916.9,0.0014116593264370686,6159.0,543126.0,266884910.0,380380018.0,3140648.96,0.7016270502411092,0.011339910076114935,0.0014116593264370686,0.5658377610740272,0.43661244513297187,3.471623386118406e-05,6159.0,543126.0,380380018.0,266884910.0,10146.0,23238.0,377114639.0,213385703.0
11.4,redis-benchmark,STREAM,5,0.7026531405857074,16449.3,0.0014039067576531348,8512.0,537951.0,264983393.0,377118350.0,26950533.12,0.7026531405857074,0.01582300246676742,0.0014039067576531348,0.9102159574664254,0.9585319663659826,0.00011639483935323,8512.0,537951.0,377118350.0,264983393.0,996093.0,1039186.0,370231191.0,336990338.0
11.5,redis-benchmark,STREAM,5,0.7033372698887921,15940.3,0.001401352612657026,10191.0,538663.0,265239491.0,377115649.0,26116587.52,0.7033372698887921,0.018919064424324672,0.001401352612657026,0.9261230235164637,0.9461812967576555,0.00016003499429018275,10191.0,538663.0,377115649.0,265239491.0,1050494.0,1110246.0,373368339.0,345785015.0
11.6,redis-benchmark,STREAM,5,0.7016556826251257,16781.300000000003,0.0013771294989531819,8178.0,527944.0,264823873.0,377427105.0,27494481.92,0.7016556826251257,0.015490279272044005,0.0013771294989531819,0.981446844388589,0.9477027217693964,0.0001659688943912457,8178.0,527944.0,377427105.0,264823873.0,1135146.0,1197787.0,377426145.0,370423699.0
11.7,redis-benchmark,STREAM,5,0.7021095124983882,16091.100000000002,0.001403612549030748,9755.0,546352.0,268414427.0,382297095.0,26363658.240000002,0.7021095124983882,0.017854789586200837,0.001403612549030748,0.90439377111398,0.9461585880215431,0.00016428365232448052,9755.0,546352.0,382297095.0,268414427.0,1108175.0,1171236.0,383854383.0,347155513.0
11.8,redis-benchmark,STREAM,5,0.697291980386303,15785.0,0.0013949303503456476,8229.0,534227.0,262933692.0,377078325.0,25862144.0,0.697291980386303,0.01540356440239823,0.0013949303503456476,0.9204503233921512,0.9439826978753314,0.00015090574714609153,8229.0,534227.0,377078325.0,262933692.0,958925.0,1015829.0,377083054.0,347086219.0
11.9,redis-benchmark,STREAM,5,0.7028044472769314,16622.1,0.0013777749992035296,8886.0,525679.0,263616642.0,375092450.0,27233648.64,0.7028044472769314,0.016903851970499106,0.0013777749992035296,1.2178411057055814,0.9434505462983455,0.00015782046000284908,8886.0,525679.0,375092450.0,263616642.0,993277.0,1052813.0,377238794.0,459416910.0
12.0,redis-benchmark,STREAM,5,0.7039104024645969,2672.4,0.0013928573013898841,7863.0,533136.0,265458011.0,377119034.0,4378460.16,0.7039104024645969,0.014748581975330872,0.0013928573013898841,0.883295528034425,0.33100716710675215,0.00022188765955167232,7863.0,533136.0,377119034.0,265458011.0,40365.0,121946.0,367668036.0,324759532.0
12.1,redis-benchmark,STREAM,5,0.7018822724441868,4604.0,0.0014038751857425207,6204.0,544352.0,269052794.0,383330374.0,7543193.6,0.7018822724441868,0.011397037211216272,0.0014038751857425207,0.700802601400537,0.9586503599548701,5.355876641187963e-05,6204.0,544352.0,383330374.0,269052794.0,477521.0,498118.0,384568230.0,269506416.0
12.2,redis-benchmark,STREAM,5,0.7047395721472681,17110.3,0.00138366693526393,8313.0,530128.0,265774711.0,377124716.0,28033515.52,0.7047395721472681,0.015681118522319137,0.00138366693526393,0.876913906383754,0.9435663332154816,0.00015829821786865576,8313.0,530128.0,377124716.0,265774711.0,998129.0,1057826.0,377117322.0,330699424.0
12.3,redis-benchmark,STREAM,5,0.6987582144620405,16023.3,0.001375283156972859,8928.0,527112.0,263280565.0,376783499.0,26252574.72,0.6987582144620405,0.01693757683376588,0.001375283156972859,1.028536502231212,0.949847385008786,0.00016073394273750637,8928.0,527112.0,376783499.0,263280565.0,1147049.0,1207614.0,376802802.0,387555436.0
12.4,redis-benchmark,STREAM,5,0.7060408096931555,16099.9,0.0013910029429056074,9373.0,538102.0,268370569.0,380106313.0,26378076.16,0.7060408096931555,0.01741863066853496,0.0013910029429056074,0.9045857660617616,0.9470173408145178,0.0001637809336145738,9373.0,538102.0,380106313.0,268370569.0,1114468.0,1176819.0,380697549.0,344373584.0
12.5,redis-benchmark,STREAM,5,0.7032709055250242,16485.7,0.0013937184472923075,9322.0,535389.0,265453626.0,377455720.0,27010170.88,0.7032709055250242,0.017411639013875893,0.0013937184472923075,0.9119578188252131,0.9452543026248119,0.00015313732696897478,9322.0,535389.0,377455720.0,265453626.0,998008.0,1055809.0,377445533.0,344214405.0
12.6,redis-benchmark,STREAM,5,0.6955829907723683,16493.899999999998,0.0014231105112456062,8054.0,544242.0,262076100.0,376771864.0,27023605.759999998,0.6955829907723683,0.014798563874158921,0.0014231105112456062,0.8901095787359691,0.9420402991431217,0.0001600095632042551,8054.0,544242.0,376771864.0,262076100.0,979883.0,1040171.0,376777480.0,335373244.0
12.9,redis-benchmark,STREAM,5,0.700805507095628,8783.3,0.0014454206258165158,6597.0,556978.0,266849683.0,380775665.0,14390558.719999999,0.700805507095628,0.011844273921052537,0.0014454206258165158,0.5740933847041993,0.5054097562801841,3.471551318849205e-05,6597.0,556978.0,380775665.0,266849683.0,13500.0,26711.0,380550330.0,218471427.0
13.0,redis-benchmark,STREAM,5,0.7025264612393285,15752.4,0.001410886684457783,7316.0,539820.0,265151096.0,377425066.0,25808732.16,0.7025264612393285,0.01355266570338261,0.001410886684457783,0.8575580622668563,0.9562491730890087,0.00011214714782568443,7316.0,539820.0,377425066.0,265151096.0,925129.0,967456.0,377423776.0,323662802.0
13.1,redis-benchmark,STREAM,5,0.6975179261404162,16716.4,0.0014232929529549559,9010.0,553269.0,266726824.0,382394221.0,27388149.76,0.6975179261404162,0.01628502590963889,0.0014232929529549559,0.9652432442589011,0.9471503961811899,0.00016222590542343233,9010.0,553269.0,382394221.0,266726824.0,1116696.0,1179006.0,384094019.0,370744157.0
13.2,redis-benchmark,STREAM,5,0.7018702753148603,16279.6,0.0014283707850135372,8918.0,548046.0,264915750.0,377442612.0,26672496.64,0.7018702753148603,0.016272356699985037,0.0014283707850135372,0.959982847599602,0.9465265584535972,0.00016888091773359357,8918.0,548046.0,377442612.0,264915750.0,1128289.0,1192031.0,377437551.0,362333575.0
13.3,redis-benchmark,STREAM,5,0.6992321428175665,15980.5,0.0014256851297314316,8571.0,550856.0,265965531.0,380367999.0,26182451.2,0.6992321428175665,0.01555942024775985,0.0014256851297314316,0.9060001020483375,0.946265409203652,0.00015958986579665626,8571.0,550856.0,380367999.0,265965531.0,1068979.0,1129682.0,380368764.0,344614139.0
13.4,redis-benchmark,STREAM,5,0.7010918634028345,16195.2,0.0014157617128232932,9572.0,543605.0,264455655.0,377205426.0,26534215.68,0.7010918634028345,0.017608373727246805,0.0014157617128232932,0.9122819625492337,0.9436350581479733,0.00015554503239299577,9572.0,543605.0,377205426.0,264455655.0,981723.0,1040363.0,376996932.0,343927501.0
13.5,redis-benchmark,STREAM,5,0.70277160598717,10760.8,0.0013949957618080034,9170.0,536180.0,265497340.0,377786094.0,17630494.72,0.70277160598717,0.017102465589913834,0.0013949957618080034,1.169333033966528,0.945735054900366,0.00015823855510930054,9170.0,536180.0,377786094.0,265497340.0,1041852.0,1101632.0,377784036.0,441755353.0
13.6,redis-benchmark,STREAM,5,0.6995144908285772,1774.0,0.0014316692416249618,8171.0,543990.0,261801500.0,374261725.0,2906521.6,0.6995144908285772,0.01502049670030699,0.0014316692416249618,0.9519901598843826,0.3393910109414925,0.00021982783580333672,8171.0,543990.0,374261725.0,261801500.0,41441.0,122104.0,366937152.0,349320558.0
13.7,redis-benchmark,STREAM,5,0.7049131524884175,12060.8,0.0014136687015096634,5644.0,538729.0,265818029.0,377093303.0,19760414.72,0.7049131524884175,0.010476510453307693,0.0014136687015096634,0.6663132737252357,0.9612045841925487,4.545146499427697e-05,5644.0,538729.0,377093303.0,265818029.0,424640.0,441779.0,377083555.0,251255778.0
13.8,redis-benchmark,STREAM,5,0.7000628785183461,15988.199999999999,0.0014051472994488388,8856.0,535602.0,262431790.0,374868884.0,26195066.88,0.7000628785183461,0.016534665665923577,0.0014051472994488388,0.93164013577035,0.9488750177355122,0.00015383838491276117,8856.0,535602.0,374868884.0,262431790.0,1076716.0,1134729.0,377103543.0,351324796.0
13.9,redis-benchmark,STREAM,5,0.7020439750968385,15941.900000000001,0.0014148479419998667,9300.0,543294.0,264966474.0,377421477.0,26119208.96,0.7020439750968385,0.01711780362013937,0.0014148479419998667,0.9823194873628728,0.946900246209063,0.00016902813638463408,9300.0,543294.0,377421477.0,264966474.0,1137623.0,1201418.0,377422371.0,370749350.0
14.1,redis-benchmark,STREAM,5,0.6959855533094539,16250.500000000002,0.0014290915011393832,7168.0,546088.0,262460825.0,377106714.0,26624819.200000003,0.6959855533094539,0.013126089567981718,0.0014290915011393832,0.9238719476581961,0.9424867249238909,0.00015794607408172348,7168.0,546088.0,377106714.0,262460825.0,1003361.0,1064589.0,387651294.0,358140156.0
14.2,redis-benchmark,STREAM,5,0.7026835538692809,16348.500000000002,0.001389856009328539,7865.0,535503.0,266763278.0,379635010.0,26785382.400000002,0.7026835538692809,0.014687125935802414,0.001389856009328539,0.8857565595700313,0.9420014177044544,0.00016616681362284486,7865.0,535503.0,379635010.0,266763278.0,1028577.0,1091906.0,381117015.0,337576896.0
14.3,redis-benchmark,STREAM,5,0.6976249865712582,15978.3,0.0014409975139409433,10329.0,564100.0,268095179.0,384296985.0,26178846.72,0.6976249865712582,0.018310583229923773,0.0014409975139409433,1.402061031963187,0.851973945805956,0.00027026683914344436,10329.0,564100.0,384296985.0,268095179.0,567804.0,666457.0,365020734.0,511781347.0
14.4,redis-benchmark,STREAM,5,0.7049862726814533,7802.6,0.0014451612182509257,6646.0,552053.0,266063359.0,377402184.0,12783779.84,0.7049862726814533,0.01203869918286831,0.0014451612182509257,0.5790933464410161,0.4387558606831882,3.5525117087150464e-05,6646.0,552053.0,377402184.0,266063359.0,10481.0,23888.0,377394956.0,218546908.0
14.5,redis-benchmark,STREAM,5,0.6998871867920298,1788.7,0.0014210019826902045,6838.0,547374.0,266230607.0,380390743.0,2930606.08,0.6998871867920298,0.0124923726738939,0.0014210019826902045,0.8366585785239609,0.9569910963950978,0.00010848468537835021,6838.0,547374.0,380390743.0,266230607.0,918232.0,959499.0,380394706.0,318260494.0
14.8,redis-benchmark,STREAM,5,0.6997599046594343,16086.100000000002,0.001431895335051538,9616.0,550048.0,264106346.0,377424234.0,26355466.240000002,0.6997599046594343,0.017482110652161265,0.001431895335051538,0.9236397755000678,0.9463209791028965,0.00016755407015576376,9616.0,550048.0,377424234.0,264106346.0,1114821.0,1178058.0,377412497.0,348593194.0
14.9,redis-benchmark,STREAM,5,0.6979355082124784,15768.4,0.0014553038941655639,8457.0,561999.0,265468002.0,380361794.0,25834946.56,0.6979355082124784,0.015048069480550676,0.0014553038941655639,0.9112837914199097,0.9457480955821163,0.00015597159349902735,8457.0,561999.0,380361794.0,265468002.0,1034185.0,1093510.0,380357722.0,346613827.0
15.0,redis-benchmark,STREAM,5,0.6999270118912772,16307.6,0.001438652355070026,7755.0,550304.0,263958627.0,377123075.0,26718371.84,0.6999270118912772,0.01409221085072978,0.001438652355070026,0.9006332957842805,0.9431224963401259,0.00016019872055328947,7755.0,550304.0,377123075.0,263958627.0,1001780.0,1062195.0,377125359.0,339651655.0
15.1,redis-benchmark,STREAM,5,0.6995779624928441,16467.7,0.0014356612342602527,9364.0,549026.0,262969866.0,375897870.0,26980679.68,0.6995779624928441,0.017055658566260977,0.0014356612342602527,1.1232868717161848,0.9463783323854509,0.00015962137165238197,9364.0,549026.0,375897870.0,262969866.0,1063310.0,1123557.0,377436927.0,423969945.0
15.2,redis-benchmark,STREAM,5,0.7049289275149171,4824.5,0.0013988626251611837,7883.0,540430.0,268366442.0,380699999.0,7904460.800000001,0.7049289275149171,0.014586532945987454,0.0013988626251611837,1.0217914059772981,0.34642787688064636,0.0001991264560240065,7883.0,540430.0,380699999.0,268366442.0,39190.0,113126.0,371301742.0,379392929.0
15.3,redis-benchmark,STREAM,5,0.700151922564075,2759.3,0.001426515091395363,6542.0,542109.0,262863160.0,375437318.0,4520837.12,0.700151922564075,0.01206768380528639,0.001426515091395363,0.6547704760352002,0.9604194198314522,4.361893325278988e-05,6542.0,542109.0,375437318.0,262863160.0,398988.0,415431.0,376969329.0,246828387.0
15.4,redis-benchmark,STREAM,5,0.698410185128612,16320.4,0.0014299339098642484,9398.0,548194.0,263159445.0,376797834.0,26739343.36,0.698410185128612,0.0171435659638741,0.0014299339098642484,0.9519720417624593,0.9487319348908685,0.00015565570175354794,9398.0,548194.0,376797834.0,263159445.0,1085337.0,1143987.0,376793136.0,358696531.0
15.5,redis-benchmark,STREAM,5,0.7044223753645432,15944.300000000001,0.0014160014947892663,9224.0,543542.0,265808727.0,377342822.0,26123141.12,0.7044223753645432,0.01697016973849307,0.0014160014947892663,0.9628262520371048,0.9476613358922834,0.0001658443236650811,9224.0,543542.0,377342822.0,265808727.0,1133710.0,1196324.0,377546838.0,363512007.0
15.6,redis-benchmark,STREAM,5,0.699652232657264,16639.0,0.0014107748202574408,8057.0,539636.0,263628489.0,376799325.0,27261337.599999998,0.699652232657264,0.014930434589241637,0.0014107748202574408,0.9042397150934243,0.9476750636631449,0.00015644948007013812,8057.0,539636.0,376799325.0,263628489.0,1067682.0,1126633.0,376805343.0,340722356.0
15.7,redis-benchmark,STREAM,5,0.7025942395645759,16201.900000000001,0.0014159956861225765,9447.0,550978.0,268698955.0,382438312.0,26545192.96,0.7025942395645759,0.017145875152909915,0.0014159956861225765,0.9221298247983535,0.944034450810218,0.0001539262223402176,9447.0,550978.0,382438312.0,268698955.0,998543.0,1057740.0,384580347.0,354633008.0
15.8,redis-benchmark,STREAM,5,0.6994069402296559,15999.8,0.001440416800996557,9133.0,551899.0,263544765.0,376811767.0,26214072.32,0.6994069402296559,0.01654831771755339,0.001440416800996557,0.8993402998696788,0.9441994295550781,0.00016500033551271304,9133.0,551899.0,376811767.0,263544765.0,1052044.0,1114218.0,376811355.0,338881637.0
15.9,redis-benchmark,STREAM,5,0.6969146228701528,16052.5,0.0014234679652632895,8032.0,544844.0,262817388.0,377115617.0,26300416.0,0.6969146228701528,0.014741834359926879,0.0014234679652632895,1.4010864149584936,0.856502082871578,0.0002746944912131556,8032.0,544844.0,377115617.0,262817388.0,602837.0,703836.0,367677559.0,515148033.0
16.0,redis-benchmark,STREAM,5,0.7065014895057987,2313.6000000000004,0.0014065951962264616,6735.0,537186.0,266433742.0,377117028.0,3790602.24,0.7065014895057987,0.0125375568238934,0.0014065951962264616,0.5830120893701953,0.4798149861239593,3.727734334699615e-05,6735.0,537186.0,377117028.0,266433742.0,12967.0,27025.0,377119149.0,219865023.0
16.1,redis-benchmark,STREAM,5,0.6968984367064891,4952.5,0.001404861169490676,7927.0,537675.0,262787926.0,377082100.0,8114176.0,0.6968984367064891,0.014743106895429394,0.001404861169490676,0.8281940744024797,0.9593163774169157,9.588996926635928e-05,7927.0,537675.0,377082100.0,262787926.0,852579.0,888736.0,377067594.0,312285147.0
16.2,redis-benchmark,STREAM,5,0.7016993332379475,17081.399999999998,0.0014169005511710873,8495.0,542848.0,264630530.0,377128091.0,27986165.759999998,0.7016993332379475,0.015648947771751947,0.0014169005511710873,1.0000310789133462,0.9479053237543822,0.0001664303518476104,8495.0,542848.0,377128091.0,264630530.0,1142097.0,1204864.0,377136738.0,377148459.0
16.3,redis-benchmark,STREAM,5,0.7002918365916733,16036.7,0.0014029600220435599,8707.0,537759.0,264077943.0,377096989.0,26274529.28,0.7002918365916733,0.01619126783559178,0.0014029600220435599,0.8990279958334011,0.9457584791531648,0.00016645806835577476,8707.0,537759.0,377096989.0,264077943.0,1094479.0,1157250.0,377097972.0,339021634.0
16.4,redis-benchmark,STREAM,5,0.6999631713324155,15739.300000000001,0.0014308752633128646,8512.0,548550.0,264178661.0,377417944.0,25787269.12,0.6999631713324155,0.015517272810135813,0.0014308752633128646,0.9207094312585583,0.9433616896450572,0.00015347508879048178,8512.0,548550.0,377417944.0,264178661.0,964776.0,1022700.0,377416299.0,347490746.0
16.5,redis-benchmark,STREAM,5,0.6985382919723785,16642.1,0.0014142167936058718,8310.0,541184.0,263207802.0,376797958.0,27266416.64,0.6985382919723785,0.015355221144749291,0.0014142167936058718,0.8833764934277915,0.9424730468673804,0.00016436847646436397,8310.0,541184.0,376797958.0,263207802.0,1014658.0,1076591.0,376793661.0,332850663.0
16.8,redis-benchmark,STREAM,5,0.7001795699586923,1633.0,0.0014352202913745908,7647.0,549212.0,264205259.0,377339286.0,2675507.2,0.7001795699586923,0.013923585063691252,0.0014352202913745908,1.1621276805422716,0.33742014018728766,0.00022620129110717654,7647.0,549212.0,377339286.0,264205259.0,42410.0,125689.0,368163239.0,427852691.0
16.9,redis-benchmark,STREAM,5,0.6953733363990086,8661.4,0.001455010038109355,5607.0,559044.0,264496686.0,380366448.0,14190837.76,0.6953733363990086,0.010029621997552965,0.001455010038109355,0.6063461531732095,0.9432390436840061,4.225726549767199e-05,5607.0,559044.0,380366448.0,264496686.0,267097.0,283170.0,380360627.0,230630203.0
17.0,redis-benchmark,STREAM,5,0.6985077991968014,15768.699999999999,0.0014423808348093604,8325.0,552620.0,263588016.0,377358730.0,25835438.08,0.6985077991968014,0.015064601353552169,0.0014423808348093604,1.0279412918012125,0.9525188311166044,0.0001533196972775799,8325.0,552620.0,377358730.0,263588016.0,1160608.0,1218462.0,377342253.0,387885683.0
17.1,redis-benchmark,STREAM,5,0.6971127652901873,16621.600000000002,0.0014320009854557397,7788.0,547471.0,262723219.0,376873344.0,27232829.44,0.6971127652901873,0.014225411026337469,0.0014320009854557397,0.9041050452255076,0.945605161788352,0.00016902005333248687,7788.0,547471.0,376873344.0,262723219.0,1107367.0,1171067.0,376878357.0,340737624.0
17.2,redis-benchmark,STREAM,5,0.7024618032639285,16153.000000000002,0.0013948856237445933,8236.0,539257.0,267421187.0,380691428.0,26465075.200000003,0.7024618032639285,0.015272866184398163,0.0013948856237445933,0.9139381313863538,0.9443855429833021,0.000155565321533611,8236.0,539257.0,380691428.0,267421187.0,1005645.0,1064867.0,380688957.0,347926154.0
17.3,redis-benchmark,STREAM,5,0.6990639107071667,15965.800000000001,0.0014031281737340198,8326.0,543062.0,266415176.0,381102746.0,26158366.720000003,0.6990639107071667,0.015331582765872038,0.0014031281737340198,0.895975783442591,0.9422920914524676,0.00016042975693821934,8326.0,543062.0,381102746.0,266415176.0,997762.0,1058867.0,380883205.0,341262128.0
17.4,redis-benchmark,STREAM,5,0.6953447151757836,16268.099999999999,0.0014358458623352152,7942.0,548966.0,262004571.0,376798105.0,26653655.04,0.6953447151757836,0.014467198332865788,0.0014358458623352152,0.9761146256523687,0.9467121899922329,0.000165146829456619,7942.0,548966.0,376798105.0,262004571.0,1105526.0,1167753.0,376798030.0,367798068.0
17.5,redis-benchmark,STREAM,5,0.7007247450672682,10907.4,0.0014194991007075823,7922.0,543555.0,264411085.0,377339443.0,17870684.16,0.7007247450672682,0.014574422091600666,0.0014194991007075823,1.373115460729897,0.8580018830536122,0.00028189060143123785,7922.0,543555.0,377339443.0,264411085.0,626966.0,730728.0,368093152.0,505434398.0
17.6,redis-benchmark,STREAM,5,0.7003723621042355,1727.8999999999999,0.0014195969001285494,6938.0,541837.0,263897784.0,376796399.0,2830991.36,0.7003723621042355,0.012804588833911305,0.0014195969001285494,0.5889438272312,0.42173845193508114,3.933848309163681e-05,6938.0,541837.0,376796399.0,263897784.0,10810.0,25632.0,376781178.0,221902949.0
17.7,redis-benchmark,STREAM,5,0.7020037356733548,12032.3,0.001432065652993163,6688.0,546821.0,264775140.0,377170557.0,19713720.32,0.7020037356733548,0.012230693407897649,0.001432065652993163,0.8481094406281934,0.9607790748343004,9.072981323728325e-05,6688.0,546821.0,377170557.0,264775140.0,837857.0,872060.0,376976418.0,319717259.0
17.8,redis-benchmark,STREAM,5,0.6979034137305823,16170.9,0.0014323844298716768,7541.0,547705.0,263185142.0,377108260.0,26494402.56,0.6979034137305823,0.013768360705124109,0.0014323844298716768,0.9379165797422131,0.9472475909075647,0.00016664939845308202,7541.0,547705.0,377108260.0,263185142.0,1128475.0,1191320.0,377109072.0,353696851.0
17.9,redis-benchmark,STREAM,5,0.7000080542083684,15944.1,0.0014049019815943872,7917.0,537611.0,263925933.0,377032709.0,26122813.44,0.7000080542083684,0.014726261181411838,0.0014049019815943872,0.9082748382555789,0.9453817437103091,0.00015765854822564858,7917.0,537611.0,377032709.0,263925933.0,1029412.0,1088885.0,377226612.0,342625440.0
18.0,redis-benchmark,STREAM,5,0.7007531604067513,16273.599999999999,0.0014158921786549662,8533.0,542481.0,264261470.0,377110636.0,26662666.24,0.7007531604067513,0.015729583155907764,0.0014158921786549662,0.9017320617043258,0.9419606206887227,0.0001593456791020122,8533.0,542481.0,377110636.0,264261470.0,975274.0,1035366.0,377117223.0,340058691.0
18.1,redis-benchmark,STREAM,5,0.6994313683775436,16685.4,0.0014096618365199512,8092.0,539707.0,263771209.0,377122361.0,27337359.36,0.6994313683775436,0.014993320449799613,0.0014096618365199512,0.9553005351461801,0.9458362003049791,0.00016510460832401305,8092.0,539707.0,377122361.0,263771209.0,1087321.0,1149587.0,377130600.0,360273064.0
18.2,redis-benchmark,STREAM,5,0.7037085278860697,15796.399999999998,0.001415435772429222,8158.0,542382.0,265598759.0,377427228.0,25880821.759999998,0.7037085278860697,0.015041059622185103,0.001415435772429222,0.965748829351792,0.9468349829095694,0.00016818505059108127,8158.0,542382.0,377427228.0,265598759.0,1130467.0,1193943.0,377417611.0,364490616.0
18.3,redis-benchmark,STREAM,5,0.6995905686646803,7490.700000000001,0.0014249577277815919,7655.0,544982.0,263803546.0,377082765.0,12272762.88,0.6995905686646803,0.014046335475300101,0.0014249577277815919,1.203357505420903,0.5141503325681324,0.0002236414676317619,7655.0,544982.0,377082765.0,263803546.0,87349.0,169890.0,369077349.0,444131998.0
18.4,redis-benchmark,STREAM,5,0.7005806506389247,1776.3,0.0014371414406226552,5834.0,547373.0,263990540.0,376816773.0,2910289.92,0.7005806506389247,0.010658180070993636,0.0014371414406226552,0.6343716621828205,0.9431051445127006,3.898273630056772e-05,5834.0,547373.0,376816773.0,263990540.0,243489.0,258178.0,376807823.0,239036205.0
18.5,redis-benchmark,STREAM,5,0.698025437689787,15028.599999999999,0.0014218028342518978,8016.0,544192.0,263232340.0,377109953.0,24622858.24,0.698025437689787,0.014730095260496295,0.0014218028342518978,0.9632807412653132,0.9531889702652818,0.00014950827449806194,8016.0,544192.0,377109953.0,263232340.0,1148037.0,1204417.0,377102874.0,363255936.0
18.6,redis-benchmark,STREAM,5,0.6960390751317331,16275.5,0.0014421173548697388,7826.0,551639.0,262471772.0,377093444.0,26665779.2,0.6960390751317331,0.014186814202766665,0.0014421173548697388,0.9041455557955959,0.9460442146135472,0.00015993020860817676,7826.0,551639.0,377093444.0,262471772.0,1057422.0,1117730.0,377089485.0,340943782.0
18.8,redis-benchmark,STREAM,5,0.7016768813517696,15790.599999999999,0.0014212112418096675,8551.0,544507.0,264610864.0,377112131.0,25871319.04,0.7016768813517696,0.01570411399669793,0.0014212112418096675,0.9100660879028173,0.9420635666013156,0.00015703376135712852,8551.0,544507.0,377112131.0,264610864.0,962951.0,1022172.0,377122725.0,343206603.0
18.9,redis-benchmark,STREAM,5,0.6961950273698604,15983.0,0.0014410414834496814,8111.0,551999.0,262762818.0,377427025.0,26186547.2,0.6961950273698604,0.014693867199034781,0.0014410414834496814,0.9247383654201311,0.9441485723787906,0.00016552155357461886,8111.0,551999.0,377427025.0,262762818.0,1056067.0,1118539.0,377425167.0,349019532.0
19.0,redis-benchmark,STREAM,5,0.7022977326131983,16759.2,0.0014190130325520056,7527.0,542197.0,264618802.0,376790056.0,27458273.28,0.7022977326131983,0.013882408054636967,0.0014190130325520056,0.9890006455211932,0.9474224988502428,0.00016717992245778414,7527.0,542197.0,376790056.0,264618802.0,1135087.0,1198079.0,376791657.0,372647192.0
19.1,redis-benchmark,STREAM,5,0.695169681706515,4168.599999999999,0.0014436467682856823,7365.0,551806.0,262168617.0,377128957.0,6829834.239999999,0.695169681706515,0.013347082126689452,0.0014436467682856823,1.3679863520478763,0.8657105690552297,0.0002799536653811014,7365.0,551806.0,377128957.0,262168617.0,669499.0,773352.0,370964959.0,507475001.0
19.2,redis-benchmark,STREAM,5,0.7031353904447928,3436.7000000000003,0.0014106193189709838,7330.0,544448.0,267731109.0,380767506.0,5630689.28,0.7031353904447928,0.013463177383331373,0.0014106193189709838,0.6032508497489085,0.27181741156534633,3.613333500699529e-05,7330.0,544448.0,380767506.0,267731109.0,5133.0,18884.0,380562713.0,229574780.0
19.3,redis-benchmark,STREAM,5,0.6991886684924511,16492.9,0.0014393293180492359,6594.0,549733.0,263842770.0,377355615.0,27021967.36,0.6991886684924511,0.01199491389456336,0.0014393293180492359,0.839898255720163,0.9612494963337854,8.639581274618921e-05,6594.0,549733.0,377355615.0,263842770.0,808729.0,841331.0,377356251.0,316940857.0
19.4,redis-benchmark,STREAM,5,0.6985315819625564,15956.800000000001,0.0014171457339830105,7359.0,541309.0,263191660.0,376778469.0,26143621.12,0.6985315819625564,0.013594822919995787,0.0014171457339830105,0.8992355567985048,0.9462572305396778,0.00016662253222635772,7359.0,541309.0,376778469.0,263191660.0,1106011.0,1168827.0,376995831.0,339008056.0
19.5,redis-benchmark,STREAM,5,0.7003147757212316,16219.099999999999,0.0014092035807283237,8155.0,539703.0,264156949.0,377197452.0,26573373.439999998,0.7003147757212316,0.01511016244119451,0.0014092035807283237,0.9199936184869532,0.943415444664566,0.0001526700227721665,8155.0,539703.0,377197452.0,264156949.0,959562.0,1017115.0,376976429.0,346815909.0
19.6,redis-benchmark,STREAM,5,0.69687240483534,16742.5,0.0014360900245792712,7563.0,548992.0,262732087.0,377016058.0,27430912.0,0.69687240483534,0.013776157029610632,0.0014360900245792712,0.879616718868985,0.9414814634502569,0.00016568736678097116,7563.0,548992.0,377016058.0,262732087.0,1005602.0,1068106.0,377240590.0,331827130.0
19.7,redis-benchmark,STREAM,5,0.7011341321825562,16011.0,0.0014361964664539241,8086.0,550150.0,264629235.0,377430256.0,26232422.4,0.7011341321825562,0.014697809688266837,0.0014361964664539241,1.030656122887659,0.9498550308976217,0.0001612113384573229,8086.0,550150.0,377430256.0,264629235.0,1152518.0,1213362.0,377417622.0,388987783.0
19.8,redis-benchmark,STREAM,5,0.7012181192628936,15626.800000000001,0.0013951326852803855,8198.0,533893.0,264223513.0,376806454.0,25602949.12,0.7012181192628936,0.015355136703421847,0.0013951326852803855,0.8972591791777944,0.945976243899173,0.00016702938060817355,8198.0,533893.0,376806454.0,264223513.0,1102068.0,1165006.0,376807959.0,338094400.0
19.9,redis-benchmark,STREAM,5,0.7011047271491302,1703.1,0.0014083053149084217,6613.0,538235.0,264660435.0,377490587.0,2790359.04,0.7011047271491302,0.01228645480134142,0.0014083053149084217,1.2430990968262088,0.6155314628903032,0.00024750286477408516,6613.0,538235.0,377490587.0,264660435.0,145740.0,236771.0,367797763.0,457209067.0
20.0,redis-benchmark,STREAM,5,0.7050668316462616,6149.9,0.0014121191808180822,5257.0,537229.0,265612009.0,376718911.0,10075996.16,0.7050668316462616,0.00978539877780239,0.0014121191808180822,0.625480807197091,0.9074904583103941,3.967465951481783e-05,5257.0,537229.0,376718911.0,265612009.0,146704.0,161659.0,376940853.0,235769269.0
20.2,redis-benchmark,STREAM,5,0.7011446766924927,16477.8,0.0014280791244078636,8335.0,546302.0,264125910.0,376706718.0,26997227.52,0.7011446766924927,0.015257128840824306,0.0014280791244078636,0.9155945906610217,0.9445690156258671,0.000151047422154285,8335.0,546302.0,376706718.0,264125910.0,970147.0,1027079.0,376914741.0,345101098.0
20.3,redis-benchmark,STREAM,5,0.6980281073889961,16208.400000000001,0.001434455057074651,8424.0,554630.0,265792322.0,380775959.0,26555842.560000002,0.6980281073889961,0.01518850404774354,0.001434455057074651,0.8870843117279594,0.9417952050375882,0.0001626324296301199,8424.0,554630.0,380775959.0,265792322.0,1001473.0,1063366.0,380569854.0,337597547.0
20.4,redis-benchmark,STREAM,5,0.703231637830321,15768.600000000002,0.001421077526888007,8381.0,544175.0,265141968.0,377033617.0,25835274.240000002,0.703231637830321,0.015401295539118849,0.001421077526888007,1.0019636873930413,0.9482564395297969,0.00016290505436031765,8381.0,544175.0,377033617.0,265141968.0,1126284.0,1187742.0,377262696.0,378003522.0
20.5,redis-benchmark,STREAM,5,0.6994672967477611,16254.300000000001,0.0014113743183737778,8140.0,540369.0,263768991.0,377099819.0,26631045.12,0.6994672967477611,0.015063780490738737,0.0014113743183737778,0.9254087178872776,0.9474000976210182,0.00016432748883700053,8140.0,540369.0,377099819.0,263768991.0,1116061.0,1178025.0,377076291.0,348949687.0
20.6,redis-benchmark,STREAM,5,0.6971671308649635,16899.4,0.0014272787619759538,8053.0,546412.0,262966289.0,377192609.0,27687976.96,0.6971671308649635,0.014737963295096008,0.0014272787619759538,1.3878018595533093,0.8734565824960095,0.0002743908022272333,8053.0,546412.0,377192609.0,262966289.0,714125.0,817585.0,377053455.0,523275486.0
20.8,redis-benchmark,STREAM,5,0.7046346305648892,1667.8999999999999,0.0014206327889690928,7052.0,553281.0,270929879.0,384496968.0,2732687.36,0.7046346305648892,0.012745783787984768,0.0014206327889690928,0.6147291739150417,0.37978769812418206,5.663136336093072e-05,7052.0,553281.0,384496968.0,270929879.0,13059.0,34385.0,376575783.0,231492120.0
20.9,redis-benchmark,STREAM,5,0.6996289809146918,9514.7,0.0014320400827913548,6027.0,545629.0,263624742.0,376806492.0,15588884.48,0.6996289809146918,0.011045967131512438,0.0014320400827913548,0.7981458166290495,0.961319875539169,8.063093015484879e-05,6027.0,545629.0,376806492.0,263624742.0,755086.0,785468.0,376803293.0,300743972.0
21.0,redis-benchmark,STREAM,5,0.6991364191507802,15837.800000000003,0.0014405161089378377,8134.0,551478.0,263705193.0,377187035.0,25948651.520000003,0.6991364191507802,0.01474945510065678,0.0014405161089378377,0.9075690501024131,0.9471641047124534,0.0001569060219563547,8134.0,551478.0,377187035.0,263705193.0,1060372.0,1119523.0,376983619.0,342138665.0
21.1,redis-benchmark,STREAM,5,0.6990346527869087,16288.8,0.0014333172531336908,7458.0,547863.0,263557716.0,377030974.0,26687569.919999998,0.6990346527869087,0.013612892274163431,0.0014333172531336908,0.902885086362708,0.9411854977194496,0.00016052167077679699,7458.0,547863.0,377030974.0,263557716.0,969022.0,1029576.0,377232555.0,340597648.0
21.2,redis-benchmark,STREAM,5,0.6994308352013832,16466.8,0.0014350096007207252,8584.0,549755.0,263769444.0,377120125.0,26979205.12,0.6994308352013832,0.015614228156178661,0.0014350096007207252,0.9496858347764533,0.9458314684496859,0.0001633487601564472,8584.0,549755.0,377120125.0,263769444.0,1075644.0,1137247.0,377125605.0,358150845.0
21.3,redis-benchmark,STREAM,5,0.6990370493309709,16135.900000000001,0.0014055925727510389,8104.0,547481.0,268245944.0,383736376.0,26437058.560000002,0.6990370493309709,0.014802340172535669,0.0014055925727510389,0.9724836794253818,0.9472654213619355,0.00016560448936206912,8104.0,547481.0,383736376.0,268245944.0,1144757.0,1208486.0,384826524.0,374237514.0
21.4,redis-benchmark,STREAM,5,0.6988381112551604,15701.7,0.0014173878302437307,8025.0,546844.0,265662823.0,380149306.0,25725665.28,0.6988381112551604,0.014675117583808179,0.0014173878302437307,0.9027463112033537,0.9460780047922621,0.00016462909261149178,8025.0,546844.0,380149306.0,265662823.0,1098038.0,1160621.0,380145447.0,343174900.0
21.5,redis-benchmark,STREAM,5,0.7020366169665293,10397.1,0.0014151475299803336,8069.0,541870.0,264811859.0,377205195.0,17034608.64,0.7020366169665293,0.014891025522726854,0.0014151475299803336,1.2633535368275588,0.6644579244262422,0.0002362982045956571,8069.0,541870.0,377205195.0,264811859.0,171975.0,258820.0,367522894.0,464311348.0
21.6,redis-benchmark,STREAM,5,0.6990500747458194,1785.7999999999997,0.0014416028041911511,5666.0,549631.0,263774996.0,377333478.0,2925854.7199999997,0.6990500747458194,0.010308734405446563,0.0014416028041911511,0.6060565914086729,0.8924433656957929,3.5211336340324256e-05,5666.0,549631.0,377333478.0,263774996.0,110306.0,123600.0,377548863.0,228815977.0
21.7,redis-benchmark,STREAM,5,0.7032562344788593,12365.5,0.0014036149836798531,7300.0,536179.0,264985383.0,376797773.0,20259635.2,0.7032562344788593,0.01361485623271333,0.0014036149836798531,0.9331041411230913,0.9570914395937897,0.00014004005472011068,7300.0,536179.0,376797773.0,264985383.0,1176943.0,1229708.0,376785057.0,351579697.0
21.8,redis-benchmark,STREAM,5,0.6989294480736628,16391.7,0.0014220849927607997,8516.0,545268.0,263804049.0,377440169.0,26856161.28,0.6989294480736628,0.015618008025411358,0.0014220849927607997,0.9195751330262353,0.9442985221674877,0.00014979098531477927,8516.0,545268.0,377440169.0,263804049.0,958463.0,1015000.0,377439269.0,347083766.0
21.9,redis-benchmark,STREAM,5,0.6998641815443121,15977.7,0.0014125671445141758,8539.0,540759.0,263691334.0,376775010.0,26177863.68,0.6998641815443121,0.015790768161047714,0.0014125671445141758,0.8926199316601714,0.9437633430318971,0.00016569325484549406,8539.0,540759.0,376775010.0,263691334.0,1047700.0,1110130.0,376780576.0,336321852.0
22.0,redis-benchmark,STREAM,5,0.7026859292424219,15908.099999999999,0.0014094637477038042,8486.0,540006.0,264988458.0,377107961.0,26063831.04,0.7026859292424219,0.015714640207701396,0.0014094637477038042,1.0137557441139227,0.9491257755217146,0.00016264837072969032,8486.0,540006.0,377107961.0,264988458.0,1144304.0,1205640.0,377107989.0,382295390.0
22.1,redis-benchmark,STREAM,5,0.69801445013279,16992.5,0.001419189729027779,8283.0,543599.0,263289887.0,377198333.0,27840512.0,0.69801445013279,0.015237334873684462,0.001419189729027779,0.8977502664362733,0.9461689280484015,0.00016634303883826542,8283.0,543599.0,377198333.0,263289887.0,1102213.0,1164922.0,376986019.0,338439299.0
22.2,redis-benchmark,STREAM,5,0.6996349964881269,15998.5,0.0014306735091143324,8571.0,547965.0,263777107.0,377021030.0,26211942.4,0.6996349964881269,0.01564150995045304,0.0014306735091143324,1.3604387326383918,0.9202973735433584,0.0001723930174280902,8571.0,547965.0,377021030.0,263777107.0,751282.0,816347.0,377422479.0,513460159.0
22.3,redis-benchmark,STREAM,5,0.6997637186286467,6783.8,0.0014228434175768158,7325.0,544370.0,264122251.0,377444906.0,11114577.92,0.6997637186286467,0.013455921523963481,0.0014228434175768158,0.6726217381031986,0.24398903358464702,0.00015004680327926006,7325.0,544370.0,377444906.0,264122251.0,17799.0,72950.0,367558647.0,247227936.0
22.4,redis-benchmark,STREAM,5,0.7021954434927202,1775.0,0.0014419517326611168,5745.0,549033.0,264568050.0,376772667.0,2908160.0,0.7021954434927202,0.01046385189961259,0.0014419517326611168,0.7551843207714505,0.9622873696781898,7.445222711819025e-05,5745.0,549033.0,376772667.0,264568050.0,715503.0,743544.0,376630775.0,284425656.0
22.5,redis-benchmark,STREAM,5,0.6990179490599405,15314.9,0.0014147600487691714,8238.0,541761.0,263608061.0,377112006.0,25091932.16,0.6990179490599405,0.015205967206941806,0.0014147600487691714,0.9186668783915845,0.9448960379101178,0.00014776741698675481,8238.0,541761.0,377112006.0,263608061.0,955511.0,1011234.0,377099371.0,346428702.0
22.6,redis-benchmark,STREAM,5,0.6977929452856879,16336.3,0.0014212676506349259,8344.0,544431.0,263200057.0,377189335.0,26765393.919999998,0.6977929452856879,0.0153260927463719,0.0014212676506349259,0.8766394298014553,0.9433961568829053,0.00016297803447153474,8344.0,544431.0,377189335.0,263200057.0,1023982.0,1085421.0,376977181.0,330473061.0
22.8,redis-benchmark,STREAM,5,0.699403825117805,16155.2,0.0014438949846872049,8149.0,552531.0,263691513.0,377023264.0,26468679.68,0.699403825117805,0.014748493749671965,0.0014438949846872049,1.033498396329777,0.949802172611888,0.0001620757899476979,8149.0,552531.0,377023264.0,263691513.0,1156841.0,1217981.0,377230924.0,389867555.0
22.9,redis-benchmark,STREAM,5,0.6979393048765841,15708.5,0.0014359935314159247,7879.0,549863.0,263421755.0,377427884.0,25736806.4,0.6979393048765841,0.014329023775013048,0.0014359935314159247,0.8992413609664501,0.9463761721377136,0.00016583087622438496,7879.0,549863.0,377427884.0,263421755.0,1104615.0,1167205.0,377432728.0,339403120.0
23.0,redis-benchmark,STREAM,5,0.6989494846978714,16836.600000000002,0.0014507100026466227,7900.0,554507.0,263354275.0,376785849.0,27585085.44,0.6989494846978714,0.014246889579392144,0.0014507100026466227,0.9145478470958486,0.9448586467085095,0.0001531452005467758,7900.0,554507.0,376785849.0,263354275.0,988753.0,1046456.0,376786212.0,344589019.0
23.1,redis-benchmark,STREAM,5,0.6973658732951292,3428.1,0.0014433859691178016,7918.0,552385.0,263056946.0,377215112.0,5616599.04,0.6973658732951292,0.014334205309702471,0.0014433859691178016,1.2988854136926105,0.7968957376720764,0.00024117149188016647,7918.0,552385.0,377215112.0,263056946.0,350050.0,439267.0,369931783.0,480498997.0
23.2,redis-benchmark,STREAM,5,0.6981045564627079,3875.7,0.0014449127217147618,5858.0,550608.0,263194068.0,377012391.0,6349946.88,0.6981045564627079,0.01063914799639671,0.0014449127217147618,0.5585052858111308,0.48073921971252565,3.351803865077329e-05,5858.0,550608.0,377012391.0,263194068.0,11706.0,24350.0,377229710.0,210684787.0
23.3,redis-benchmark,STREAM,5,0.700532552389974,16618.6,0.001442815449806767,8370.0,558202.0,266960833.0,381082695.0,27227914.24,0.700532552389974,0.014994571857499615,0.001442815449806767,0.9471598309909793,0.9592894364860018,0.0001266617974126928,8370.0,558202.0,381082695.0,266960833.0,1136734.0,1184975.0,380864641.0,360739689.0
23.4,redis-benchmark,STREAM,5,0.6985644415494556,15972.6,0.0014231911976249573,8179.0,549434.0,265671610.0,380310812.0,26169507.84,0.6985644415494556,0.0148862283731986,0.0014231911976249573,0.8971639665746971,0.9430508325475653,0.00016332063983217918,8179.0,549434.0,380310812.0,265671610.0,1029141.0,1091289.0,380527532.0,341395590.0
23.5,redis-benchmark,STREAM,5,0.701558263370544,16091.900000000001,0.0014258299572183504,9481.0,552288.0,267080050.0,380695466.0,26364968.96,0.701558263370544,0.017166768063039572,0.0014258299572183504,0.9666353082303093,0.9472108367702944,0.00016255250569388198,9481.0,552288.0,380695466.0,267080050.0,1110420.0,1172305.0,380707758.0,368005561.0
23.6,redis-benchmark,STREAM,5,0.6983283429018553,17063.1,0.0014169443582491093,8589.0,542940.0,263350107.0,377115020.0,27956183.04,0.6983283429018553,0.01581942756105647,0.0014169443582491093,0.958144078654758,0.9481165112312296,0.00016422791048220604,8589.0,542940.0,377115020.0,263350107.0,1131706.0,1193636.0,377097899.0,361314119.0
23.7,redis-benchmark,STREAM,5,0.7018022181914916,16008.0,0.0014293430502699304,7975.0,547454.0,264882219.0,377431436.0,26227507.2,0.7018022181914916,0.014567433976187955,0.0014293430502699304,0.9048342068959085,0.9464644592739462,0.00015767021342071575,7975.0,547454.0,377431436.0,264882219.0,1052088.0,1111598.0,377433370.0,341514624.0
23.8,redis-benchmark,STREAM,5,0.6977964753994719,15048.500000000002,0.0014292782984910797,8676.0,547514.0,263069311.0,377000057.0,24655462.400000002,0.6977964753994719,0.0158461701435945,0.0014292782984910797,1.3512396485975258,0.9359491188724548,0.00014589324647998537,8676.0,547514.0,377000057.0,263069311.0,803780.0,858786.0,377029104.0,509456674.0
23.9,redis-benchmark,STREAM,5,0.6999397657311291,1564.2000000000003,0.0014280254479372215,5719.0,543949.0,263810831.0,376905048.0,2562785.2800000003,0.6999397657311291,0.01051385332080765,0.0014280254479372215,0.706787700623551,0.3462702184243798,0.0002040610403394543,5719.0,543949.0,376905048.0,263810831.0,39712.0,114685.0,367404772.0,259677174.0
24.0,redis-benchmark,STREAM,5,0.7043522861990497,7338.9,0.0014235260661977292,6171.0,542962.0,265601015.0,377085473.0,12024053.76,0.7043522861990497,0.011365436255207547,0.0014235260661977292,0.7294928543998457,0.9641541189506385,6.116956462142043e-05,6171.0,542962.0,377085473.0,265601015.0,620411.0,643477.0,377082952.0,275079319.0
24.1,redis-benchmark,STREAM,5,0.7038287651559768,16033.599999999999,0.0013798127170159971,9517.0,530313.0,265652868.0,377439629.0,26269450.24,0.7038287651559768,0.01794600547223998,0.0013798127170159971,0.9061260091764574,0.9435078755686196,0.00015520477376701838,9517.0,530313.0,377439629.0,265652868.0,978362.0,1036941.0,377430401.0,341999503.0
24.2,redis-benchmark,STREAM,5,0.7010783000611042,16836.5,0.0014108762086051216,8802.0,540578.0,264244738.0,376911877.0,27584921.6,0.7010783000611042,0.016282571617786887,0.0014108762086051216,0.9406582471774654,0.9457795231892485,0.0001627882918604318,8802.0,540578.0,376911877.0,264244738.0,1070246.0,1131602.0,376906713.0,354540408.0
24.3,redis-benchmark,STREAM,5,0.7015043138426483,15821.400000000001,0.001392882794762134,9815.0,535053.0,264528160.0,377087004.0,25921781.76,0.7015043138426483,0.01834397713871336,0.001392882794762134,0.9734519732895912,0.9479667839793299,0.0001658579057352815,9815.0,535053.0,377087004.0,264528160.0,1138838.0,1201348.0,376888878.0,366883222.0
24.4,redis-benchmark,STREAM,5,0.7010772102964253,15666.000000000002,0.001423549458647776,7978.0,544787.0,264370552.0,377091921.0,25667174.400000002,0.7010772102964253,0.014644255461308731,0.001423549458647776,0.9027499098231959,0.9462456542712623,0.00016060661120233325,7978.0,544787.0,377091921.0,264370552.0,1066117.0,1126681.0,377095311.0,340422758.0
24.5,redis-benchmark,STREAM,5,0.7023547091898777,16966.600000000002,0.001379682877197588,8723.0,528892.0,264802262.0,377020697.0,27798077.44,0.7023547091898777,0.016492970209418936,0.001379682877197588,0.913367980850721,0.9430301270531363,0.00015395762583301448,8723.0,528892.0,377020697.0,264802262.0,961340.0,1019416.0,377220678.0,344541289.0
24.6,redis-benchmark,STREAM,5,0.6987573346113208,11848.699999999999,0.0014273730143914342,8398.0,547228.0,263779272.0,377497679.0,19412910.08,0.6987573346113208,0.01534643695132559,0.0014273730143914342,1.3327962866411707,0.8232204603878136,0.00026429104013420043,8398.0,547228.0,377497679.0,263779272.0,452819.0,550058.0,367923937.0,490367657.0
24.9,redis-benchmark,STREAM,5,0.7014483043230523,16039.5,0.0013999794880385846,7767.0,540268.0,266805283.0,380363430.0,26279116.8,0.7014483043230523,0.01437619847927325,0.0013999794880385846,0.9001826155248128,0.9592897445169586,0.00011188236546910613,7767.0,540268.0,380363430.0,266805283.0,1002759.0,1045314.0,380354847.0,342388821.0
25.0,redis-benchmark,STREAM,5,0.7020939374938278,15923.4,0.0014186691267414361,9246.0,544261.0,264776882.0,377124581.0,26088898.56,0.7020939374938278,0.01698817295378504,0.0014186691267414361,0.9165624822209486,0.9449245312004485,0.00016255700910503793,9246.0,544261.0,377124581.0,264776882.0,1051804.0,1113109.0,377129232.0,345662505.0
25.1,redis-benchmark,STREAM,5,0.6963529562423041,16989.2,0.0014312011890742205,7998.0,548148.0,262810744.0,377410251.0,27835105.28,0.6963529562423041,0.014590949889445917,0.0014312011890742205,0.9956373211959296,0.9473241463737427,0.00016874159143795043,7998.0,548148.0,377410251.0,262810744.0,1145277.0,1208960.0,377399546.0,375753073.0
25.2,redis-benchmark,STREAM,5,0.6969223286329482,15832.8,0.0014339035334395634,7658.0,547964.0,262605752.0,376807775.0,25940459.52,0.6969223286329482,0.013975370644786884,0.0014339035334395634,0.9004898753995851,0.9455232413276393,0.0001665237838870154,7658.0,547964.0,376807775.0,262605752.0,1089100.0,1151849.0,376817044.0,339319933.0
25.3,redis-benchmark,STREAM,5,0.7020279612929309,16040.800000000001,0.0014126679556223814,9081.0,541807.0,264739174.0,377106310.0,26281246.720000003,0.7020279612929309,0.01676058079722115,0.0014126679556223814,0.9207024273278201,0.9428480783176215,0.0001538187504229411,9081.0,541807.0,377106310.0,264739174.0,956938.0,1014944.0,377106171.0,347202567.0
25.4,redis-benchmark,STREAM,5,0.6962344025514909,9418.7,0.0014242335896217833,8406.0,545618.0,262615261.0,377193744.0,15431598.08,0.6962344025514909,0.015406383220494925,0.0014242335896217833,1.2074730170109302,0.9428202540374993,0.0001565996613494856,8406.0,545618.0,377193744.0,262615261.0,973411.0,1032446.0,376980381.0,455193638.0
25.5,redis-benchmark,STREAM,5,0.7035485259968977,1791.1000000000001,0.001403339731243056,6827.0,536347.0,265468872.0,377328446.0,2934538.24,0.7035485259968977,0.012728699890183034,0.001403339731243056,0.8938498848004287,0.3494901900200834,0.00022760646011430634,6827.0,536347.0,377328446.0,265468872.0,45245.0,129460.0,370002679.0,330726852.0
25.6,redis-benchmark,STREAM,5,0.699901352122181,12921.5,0.0014126683320885543,5898.0,538194.0,263724104.0,376801821.0,21170585.6,0.699901352122181,0.010958873566037525,0.0014126683320885543,0.6939066177983196,0.9595339671839649,4.8560340886639496e-05,5898.0,538194.0,376801821.0,263724104.0,433860.0,452157.0,376788953.0,261456348.0
25.7,redis-benchmark,STREAM,5,0.7022704464906405,16975.1,0.0014210046220017444,8399.0,544405.0,264897923.0,377202151.0,27812003.84,0.7022704464906405,0.015427852426043111,0.0014210046220017444,0.890232442751856,0.9466350589372379,0.00015788724038139779,8399.0,544405.0,377202151.0,264897923.0,1055819.0,1115339.0,376977898.0,335597955.0
25.8,redis-benchmark,STREAM,5,0.6967497396319203,16034.300000000001,0.001425385951229858,7885.0,545291.0,262692003.0,377024903.0,26270597.12,0.6967497396319203,0.01446016897399737,0.001425385951229858,1.0175754125588323,0.9489280065511628,0.00016400124222961998,7885.0,545291.0,377024903.0,262692003.0,1149520.0,1211388.0,377241045.0,383871212.0
26.0,redis-benchmark,STREAM,5,0.7012701499090677,15903.199999999999,0.0013921203800518,8092.0,530558.0,263188310.0,375302314.0,26055802.88,0.7012701499090677,0.01525186690239333,0.0013921203800518,0.9190229900520123,0.9442960351596469,0.00015122299628714264,8092.0,530558.0,375302314.0,263188310.0,966436.0,1023446.0,376992927.0,346465167.0
26.1,redis-benchmark,STREAM,5,0.6981446004573985,16763.7,0.0014308898031115142,7305.0,546761.0,263205659.0,377007369.0,27465646.080000002,0.6981446004573985,0.01336049937724161,0.0014308898031115142,0.8802272806747556,0.9412665593883812,0.00016439185605205206,7305.0,546761.0,377007369.0,263205659.0,993809.0,1055821.0,377220633.0,332039892.0
26.2,redis-benchmark,STREAM,5,0.7021874136214988,16074.499999999998,0.001438238600479476,8671.0,551480.0,265014197.0,377412343.0,26336460.799999997,0.7021874136214988,0.01572314499165881,0.001438238600479476,1.4014890056082157,0.8576217868720508,0.00026061142167151596,8671.0,551480.0,377412343.0,265014197.0,580700.0,677105.0,369918553.0,518436785.0
26.3,redis-benchmark,STREAM,5,0.698993301428931,5773.8,0.0014212285000130356,7112.0,543088.0,263605489.0,377121624.0,9459793.92,0.698993301428931,0.013095483604866983,0.0014212285000130356,0.5782773049493828,0.4115351993214589,3.6795500248681206e-05,7112.0,543088.0,377121624.0,263605489.0,9704.0,23580.0,377111329.0,218074923.0
26.4,redis-benchmark,STREAM,5,0.7024443841165606,2016.0000000000002,0.001388551083429283,7519.0,532362.0,265509150.0,377978892.0,3303014.4000000004,0.7024443841165606,0.014123848058276135,0.001388551083429283,0.8356734120253924,0.9559933721784178,0.0001076291910836462,7519.0,532362.0,377978892.0,265509150.0,889092.0,930019.0,380259292.0,317772580.0
26.5,redis-benchmark,STREAM,5,0.7034633929211779,16224.0,0.0013858342893749889,9434.0,532374.0,265449592.0,377346703.0,26581401.6,0.7034633929211779,0.017720624974172292,0.0013858342893749889,1.0046766031442396,0.9484979873307147,0.0001625583516280674,9434.0,532374.0,377346703.0,265449592.0,1130326.0,1191701.0,377556732.0,379322415.0
26.6,redis-benchmark,STREAM,5,0.6994352645659025,15894.400000000001,0.0013943054594930373,8164.0,538510.0,266041198.0,380365720.0,26041384.96,0.6994352645659025,0.015160349854227406,0.0013943054594930373,0.9232823908058858,0.9470880625003684,0.00016520290665729236,8164.0,538510.0,380365720.0,266041198.0,1124740.0,1187577.0,380362557.0,351182051.0
26.7,redis-benchmark,STREAM,5,0.700729768469328,16868.9,0.001429656375994834,8465.0,547753.0,264325863.0,377215119.0,27638005.76,0.700729768469328,0.015454045892948099,0.001429656375994834,0.9107339291340204,0.9452386421869202,0.00015617958833600502,8465.0,547753.0,377215119.0,264325863.0,1016348.0,1075229.0,377008293.0,343354244.0
26.9,redis-benchmark,STREAM,5,0.6974249968589611,15935.0,0.0014159813286073852,8973.0,542822.0,262941064.0,377016977.0,26107904.0,0.6974249968589611,0.01653028064448383,0.0014159813286073852,0.8988703203785932,0.9415554190712371,0.00016042968530925037,8973.0,542822.0,377016977.0,262941064.0,975007.0,1035528.0,377243151.0,339092672.0
27.0,redis-benchmark,STREAM,5,0.7020621824730903,16656.9,0.0013951096595713587,8643.0,540054.0,267422395.0,380909842.0,27290664.96,0.7020621824730903,0.01600395516003955,0.0013951096595713587,1.140066407000566,0.9465538643259798,0.00015870347918451122,8643.0,540054.0,380909842.0,267422395.0,1070613.0,1131064.0,380905323.0,434257363.0
27.1,redis-benchmark,STREAM,5,0.7024896950869207,2666.5,0.0013908966356544238,6641.0,531168.0,264918904.0,377114292.0,4368793.6,0.7024896950869207,0.01250263570094584,0.0013908966356544238,1.0063576347041412,0.3592392295072006,0.0002007455119651015,6641.0,531168.0,377114292.0,264918904.0,41384.0,115199.0,367704360.0,370042090.0
27.2,redis-benchmark,STREAM,5,0.7009435957648624,4754.2,0.0014020408269725018,5963.0,534363.0,264171049.0,376879182.0,7789281.279999999,0.7009435957648624,0.01115908099924583,0.0014020408269725018,0.6522191975088374,0.9579915727464255,4.3596290190801036e-05,5963.0,534363.0,376879182.0,264171049.0,374682.0,391112.0,376866929.0,245799846.0
27.3,redis-benchmark,STREAM,5,0.6992458542828015,17088.2,0.0014210394853651786,8291.0,544186.0,263695950.0,377114785.0,27997306.880000003,0.6992458542828015,0.01523559959278629,0.0014210394853651786,0.9571851230908986,0.9487401586444345,0.000156299757701168,8291.0,544186.0,377114785.0,263695950.0,1090925.0,1149867.0,377108710.0,360962847.0
27.4,redis-benchmark,STREAM,5,0.6984939464030427,15837.5,0.001412382986931065,9776.0,542517.0,263467039.0,377193017.0,25948160.0,0.6984939464030427,0.01801971182469858,0.001412382986931065,0.9609280305847154,0.9466071742120205,0.00016857895542847265,9776.0,542517.0,377193017.0,263467039.0,1126738.0,1190291.0,376992489.0,362262650.0
27.5,redis-benchmark,STREAM,5,0.7049031666247804,15800.4,0.0013747478119555063,9017.0,524809.0,264472808.0,375190268.0,25887375.36,0.7049031666247804,0.017181488884527515,0.0013747478119555063,0.9037339085811359,0.944743682382476,0.0001623561863289175,9017.0,524809.0,375190268.0,264472808.0,1042040.0,1102987.0,375390685.0,339253291.0
27.6,redis-benchmark,STREAM,5,0.6975045951961591,16802.4,0.0014073892762417719,8466.0,538853.0,262860728.0,376858776.0,27529052.16,0.6975045951961591,0.01571114942294095,0.0014073892762417719,0.908227587185656,0.9422327448458631,0.0001574117191126593,8466.0,538853.0,376858776.0,262860728.0,967070.0,1026360.0,376655565.0,342088975.0
27.7,redis-benchmark,STREAM,5,0.7011852116943349,16396.199999999997,0.0013984810254295088,8615.0,535888.0,264369715.0,377032645.0,26863534.08,0.7011852116943349,0.016076120383363687,0.0013984810254295088,0.9345984075280256,0.944173214466944,0.00016623069446950261,8615.0,535888.0,377032645.0,264369715.0,1060569.0,1123278.0,377240799.0,352568650.0
27.8,redis-benchmark,STREAM,5,0.6985467655558065,13875.8,0.0013797660757702257,7557.0,525162.0,262052608.0,375139677.0,22734110.72,0.6985467655558065,0.014389845419127812,0.0013797660757702257,1.3890015852502062,0.8572540040064291,0.00028034867456586636,7557.0,525162.0,375139677.0,262052608.0,619228.0,722339.0,367795568.0,510868627.0
27.9,redis-benchmark,STREAM,5,0.6988944076229127,1630.1,0.0014245096608818514,5997.0,543335.0,263629327.0,377209095.0,2670755.84,0.6988944076229127,0.011037389455860564,0.0014245096608818514,0.586830305889477,0.4693933250155958,3.609893923204732e-05,5997.0,543335.0,377209095.0,263629327.0,12039.0,25648.0,376991687.0,221230147.0
28.0,redis-benchmark,STREAM,5,0.7017603576017145,8470.599999999999,0.0014107997529287483,7418.0,539304.0,264570864.0,377010273.0,13878231.04,0.7017603576017145,0.013754765401332088,0.0014107997529287483,0.8367787215278009,0.959334944100905,9.476725909538036e-05,7418.0,539304.0,377010273.0,264570864.0,843336.0,879084.0,377218887.0,315648738.0
28.1,redis-benchmark,STREAM,5,0.696459401792916,15917.099999999999,0.001410609685865907,8781.0,540872.0,262708943.0,377206399.0,26078576.639999997,0.696459401792916,0.016234894762531614,0.001410609685865907,0.9720399137176026,0.9474446786090621,0.0001672213097402587,8781.0,540872.0,377206399.0,262708943.0,1136494.0,1199536.0,376997406.0,366456526.0
28.2,redis-benchmark,STREAM,5,0.7025561310429199,16772.3,0.0013939718933872335,8768.0,534756.0,265095800.0,377330420.0,27479736.32,0.7025561310429199,0.01639626296853144,0.0013939718933872335,0.9042101443771721,0.9459574299277569,0.00016237897853991657,8768.0,534756.0,377330420.0,265095800.0,1073061.0,1134365.0,377536554.0,341372382.0
28.3,redis-benchmark,STREAM,5,0.6990766106656454,16100.599999999999,0.0014199105784948947,9341.0,544832.0,263642823.0,377130087.0,26379223.04,0.6990766106656454,0.017144734523669682,0.0014199105784948947,0.9142777803796167,0.94217502511565,0.00015598217122059376,9341.0,544832.0,377130087.0,263642823.0,958469.0,1017294.0,377126434.0,344798319.0
28.4,redis-benchmark,STREAM,5,0.6977691112577363,15762.5,0.0013916487137860473,8846.0,533186.0,262902737.0,376776118.0,25825280.0,0.6977691112577363,0.016590833217676383,0.0013916487137860473,0.9128989849856325,0.9434292678252096,0.0001660705271827711,8846.0,533186.0,376776118.0,262902737.0,1043529.0,1106102.0,376785701.0,343967284.0
28.5,redis-benchmark,STREAM,5,0.6979133873569743,16394.6,0.0014174529990691879,8265.0,551984.0,267711712.0,383588733.0,26860912.64,0.6979133873569743,0.014973260094495493,0.0014174529990691879,1.0023049228463485,0.9483613105570459,0.00016353983699006879,8265.0,551984.0,383588733.0,267711712.0,1153875.0,1216704.0,384181623.0,385067132.0
28.6,redis-benchmark,STREAM,5,0.7004094384651716,10997.0,0.0013915370526461155,7285.0,531905.0,264059659.0,377007568.0,18017484.8,0.7004094384651716,0.013696054746618287,0.0013915370526461155,1.1751333454573676,0.39142805798490476,0.00022099629527211792,7285.0,531905.0,377007568.0,264059659.0,52276.0,133552.0,367770871.0,432179814.0
28.7,redis-benchmark,STREAM,5,0.7031132778064555,1766.7000000000003,0.0014062483214952206,6229.0,536660.0,265211395.0,377195828.0,2894561.2800000003,0.7031132778064555,0.011606976484179929,0.0014062483214952206,0.614629633505584,0.9478174399318959,3.772467849997593e-05,6229.0,536660.0,377195828.0,265211395.0,258303.0,272524.0,376968090.0,231695759.0
29.0,redis-benchmark,STREAM,5,0.701317388029524,15953.3,0.0014011731528275366,8894.0,537700.0,264678810.0,377402321.0,26137886.72,0.701317388029524,0.016540822019713596,0.0014011731528275366,0.8983421186010868,0.9446304505148766,0.0001715057671927543,8894.0,537700.0,377402321.0,264678810.0,1104290.0,1169018.0,377410049.0,339043343.0
29.1,redis-benchmark,STREAM,5,0.6958221869332452,16368.3,0.0014099076828049445,8502.0,539734.0,262175330.0,376784953.0,26817822.72,0.6958221869332452,0.015752203863384558,0.0014099076828049445,0.9207161582267362,0.9430745221208786,0.00015431088160829833,8502.0,539734.0,376784953.0,262175330.0,963245.0,1021388.0,376791315.0,346917852.0
29.2,redis-benchmark,STREAM,5,0.6994462052192305,16614.5,0.0013785405559028218,8960.0,528950.0,263833393.0,377203266.0,27221196.799999997,0.6994462052192305,0.016939219207864637,0.0013785405559028218,0.8771366723386537,0.9409072580076644,0.00016676166840290518,8960.0,528950.0,377203266.0,263833393.0,1001019.0,1063887.0,376993110.0,330674482.0
29.3,redis-benchmark,STREAM,5,0.7007711319547508,15954.199999999999,0.0014140669554572635,8716.0,541865.0,264213393.0,377032359.0,26139361.279999997,0.7007711319547508,0.016085187269891946,0.0014140669554572635,1.0315936738455855,0.9493526893642048,0.00016299097070261753,8716.0,541865.0,377032359.0,264213393.0,1152536.0,1214023.0,377241756.0,389160209.0
29.4,redis-benchmark,STREAM,5,0.696224826069386,7488.5,0.0014191102842990096,9185.0,544454.0,262606487.0,377186330.0,12269158.4,0.696224826069386,0.01687011207558398,0.0014191102842990096,1.3495285495293452,0.8572805977404787,0.00028765639061290515,9185.0,544454.0,377186330.0,262606487.0,638392.0,744671.0,369465110.0,498603714.0
29.5,redis-benchmark,STREAM,5,0.7038685693242792,1756.9,0.0014106671854098773,7030.0,544346.0,268099980.0,380894945.0,2878504.96,0.7038685693242792,0.012914580064885202,0.0014106671854098773,0.5954423544335663,0.4307111907963544,3.9989920682310494e-05,7030.0,544346.0,380894945.0,268099980.0,11531.0,26772.0,381121036.0,226935607.0
29.6,redis-benchmark,STREAM,5,0.7006918102696859,14286.400000000001,0.001385936970497712,6795.0,529476.0,264253212.0,377131869.0,23406837.76,0.7006918102696859,0.012833442875597761,0.001385936970497712,0.85709491723494,0.960998731403529,8.967273492831306e-05,6795.0,529476.0,377131869.0,264253212.0,833282.0,867100.0,377126894.0,323233544.0
29.7,redis-benchmark,STREAM,5,0.7027656740494294,16635.6,0.001373069480908595,8418.0,526253.0,265038782.0,377136778.0,27255767.04,0.7027656740494294,0.015996108335724454,0.001373069480908595,0.9087113037054854,0.9471053259161661,0.00016584927380837702,8418.0,526253.0,377136778.0,265038782.0,1119935.0,1182482.0,377131588.0,342703737.0
29.8,redis-benchmark,STREAM,5,0.7014815884962199,16198.2,0.0013758701009054226,8325.0,531636.0,266807914.0,380349133.0,26539130.880000003,0.7014815884962199,0.01565921043721644,0.0013758701009054226,0.914248120281972,0.9443682085961763,0.00015711236945787285,8325.0,531636.0,380349133.0,266807914.0,1014395.0,1074152.0,380345610.0,347730259.0
29.9,redis-benchmark,STREAM,5,0.7016417490324949,16016.0,0.0014086685782966268,8073.0,544802.0,267338592.0,381018650.0,26240614.4,0.7016417490324949,0.014818227539546477,0.0014086685782966268,0.8980137361700747,0.9431828016873192,0.00015851183433513406,8073.0,544802.0,381018650.0,267338592.0,1002592.0,1062988.0,381018870.0,342160179.0
30.0,redis-benchmark,STREAM,5,0.705681050169628,16243.099999999999,0.0013621941289671958,8751.0,522462.0,266126619.0,377120257.0,26612695.04,0.705681050169628,0.0167495435074704,0.0013621941289671958,0.9682430699849897,0.9455451268182558,0.0001661044684570697,8751.0,522462.0,377120257.0,266126619.0,1087705.0,1150347.0,377124111.0,365147807.0
30.1,redis-benchmark,STREAM,5,0.7000460205880026,16835.4,0.0013878332176807864,8843.0,532196.0,263987906.0,377100788.0,27583119.36,0.7000460205880026,0.016616058745274297,0.0013878332176807864,0.9528563443848717,0.947052273570828,0.00016682714132958178,8843.0,532196.0,377100788.0,263987906.0,1125243.0,1188153.0,377096913.0,359319186.0
30.2,redis-benchmark,STREAM,5,0.7037274204542759,4246.7,0.0013869232417735103,8174.0,536026.0,267833082.0,380592079.0,6957793.28,0.7037274204542759,0.015249260297075141,0.0013869232417735103,1.2040227557841388,0.565432890150583,0.00020373024639615432,8174.0,536026.0,380592079.0,267833082.0,98793.0,174721.0,372688893.0,448725908.0
30.3,redis-benchmark,STREAM,5,0.7013640240477638,3580.7,0.0013838543706141354,8373.0,535234.0,267023293.0,380719974.0,5866618.88,0.7013640240477638,0.015643625031294725,0.0013838543706141354,0.6314821532172481,0.9437584061538945,3.7563677702951916e-05,8373.0,535234.0,380719974.0,267023293.0,239977.0,254278.0,380713521.0,240413794.0
30.4,redis-benchmark,STREAM,5,0.7006832974189123,16683.699999999997,0.0013873536953858366,8901.0,532315.0,264350359.0,377275097.0,27334574.08,0.7006832974189123,0.016721302236457736,0.0013873536953858366,0.9696832302228439,0.9517310391910411,0.0001532971000323601,8901.0,532315.0,377275097.0,264350359.0,1140347.0,1198182.0,377273934.0,365836207.0
30.5,redis-benchmark,STREAM,5,0.703623016187628,16000.5,0.001383751183786377,8059.0,529761.0,265280015.0,377020093.0,26215219.2,0.703623016187628,0.015212520362956125,0.001383751183786377,0.9038913819992161,0.9454401703172689,0.00016381841397484546,8059.0,529761.0,377020093.0,265280015.0,1070243.0,1132005.0,377015004.0,340780613.0
30.6,redis-benchmark,STREAM,5,0.6984405625158444,16062.4,0.0013892903095599934,7965.0,531561.0,263228414.0,376880193.0,26316636.16,0.6984405625158444,0.01498416926749705,0.0013892903095599934,0.9130216209100486,0.9422412237339736,0.00015633547335515012,7965.0,531561.0,376880193.0,263228414.0,960679.0,1019568.0,376683543.0,343920219.0
30.7,redis-benchmark,STREAM,5,0.702456380649856,16935.0,0.0014045186254847113,8408.0,537950.0,264845300.0,377027396.0,27746304.0,0.702456380649856,0.015629705362951947,0.0014045186254847113,0.9167675878965313,0.9433012728123785,0.00017050612691976656,8408.0,537950.0,377027396.0,264845300.0,1070097.0,1134417.0,377229846.0,345832096.0
31.0,redis-benchmark,STREAM,5,0.7042866259190094,1551.4,0.0013815857525431316,8131.0,528690.0,265363725.0,376783706.0,2541813.7600000002,0.7042866259190094,0.015379522971873876,0.0013815857525431316,1.3715550517563493,0.8623553768062816,0.00028724602103497433,8131.0,528690.0,376783706.0,265363725.0,661048.0,766561.0,367326237.0,503808156.0
31.1,redis-benchmark,STREAM,5,0.7016399740651761,7127.9,0.001394183798792906,6003.0,537178.0,267320287.0,380993525.0,11678351.36,0.7016399740651761,0.01117506673765493,0.001394183798792906,0.602533826402096,0.3197480717447857,3.9121734206607085e-05,6003.0,537178.0,380993525.0,267320287.0,7006.0,21911.0,380990268.0,229559524.0
31.3,redis-benchmark,STREAM,5,0.702960404842288,16199.6,0.0013760673887272213,8898.0,531039.0,266734356.0,379444353.0,26541424.64,0.702960404842288,0.01675583149260224,0.0013760673887272213,0.9001179108204267,0.9458508179707933,0.0001672949639859295,8898.0,531039.0,379444353.0,266734356.0,1112802.0,1176509.0,380806442.0,342770699.0
31.4,redis-benchmark,STREAM,5,0.6987205350799066,16962.8,0.0014306450241332775,9149.0,549140.0,263729153.0,377445831.0,27791851.52,0.6987205350799066,0.0166605965691809,0.0014306450241332775,0.9205253552016361,0.943053968845458,0.00015385360397331488,9149.0,549140.0,377445831.0,263729153.0,961684.0,1019755.0,377443222.0,347446056.0
31.5,redis-benchmark,STREAM,5,0.6987231349071986,15830.1,0.0014360193910755552,9204.0,555418.0,265771034.0,380366730.0,25936035.84,0.6987231349071986,0.01657130305463633,0.0014360193910755552,0.8823517426537573,0.9410843866631983,0.00016612761991590603,9204.0,555418.0,380366730.0,265771034.0,1009361.0,1072551.0,380370224.0,335620330.0
31.6,redis-benchmark,STREAM,5,0.6963140297159567,15690.1,0.0014345449077291666,8106.0,549233.0,262657739.0,377211614.0,25706659.84,0.6963140297159567,0.014758763584853786,0.0014345449077291666,1.0199472335953264,0.9500491721988845,0.0001597854234998738,8106.0,549233.0,377211614.0,262657739.0,1145727.0,1205966.0,376999345.0,384519439.0
31.7,redis-benchmark,STREAM,5,0.7015596678480546,16872.3,0.0014136099956815105,8144.0,541101.0,264500914.0,377018415.0,27643576.32,0.7015596678480546,0.015050794583635957,0.0014136099956815105,0.9087232167939744,0.9464838804557719,0.00016639365007986375,8144.0,541101.0,377018415.0,264500914.0,1110183.0,1172955.0,377249973.0,342815809.0
31.8,redis-benchmark,STREAM,5,0.6982031683185151,11789.7,0.0014299771731195274,7874.0,547128.0,263297106.0,377106719.0,19316244.48,0.6982031683185151,0.01439151350323873,0.0014299771731195274,1.2345439614221994,0.6082611655258481,0.00022432038462162087,7874.0,547128.0,377106719.0,263297106.0,128674.0,211544.0,369426970.0,456073835.0
31.9,redis-benchmark,STREAM,5,0.6980395653243602,1739.2000000000003,0.0014360061083029767,5372.0,546900.0,263235628.0,377107031.0,2849505.2800000003,0.6980395653243602,0.009822636679466082,0.0014360061083029767,0.6601611578896177,0.9414189799363932,3.561053738608124e-05,5372.0,546900.0,377107031.0,263235628.0,215793.0,229221.0,377079398.0,248933172.0
32.0,redis-benchmark,STREAM,5,0.7009587439049265,10727.6,0.0014264604466514904,8060.0,546461.0,264568772.0,377438436.0,17576099.84,0.7009587439049265,0.014749451470461753,0.0014264604466514904,0.9059965725967772,0.9517640311403419,0.00015063511350226253,8060.0,546461.0,377438436.0,264568772.0,1121810.0,1178664.0,377428600.0,341949018.0
32.1,redis-benchmark,STREAM,5,0.6988238018543731,16024.3,0.0014166300589995963,7323.0,541073.0,263298948.0,376774442.0,26254213.119999997,0.6988238018543731,0.013534218118442428,0.0014166300589995963,0.9132039683373631,0.9441479097544162,0.0001563275665338533,7323.0,541073.0,376774442.0,263298948.0,995688.0,1054589.0,376779357.0,344076404.0
32.2,redis-benchmark,STREAM,5,0.7012172764477783,15862.399999999998,0.0014240020666676455,8636.0,545773.0,264500841.0,377202402.0,25988956.159999996,0.7012172764477783,0.015823428421706462,0.0014240020666676455,0.8885271762592054,0.942650162929367,0.0001638172708572135,8636.0,545773.0,377202402.0,264500841.0,1015090.0,1076847.0,376987113.0,334963295.0
32.3,redis-benchmark,STREAM,5,0.6978022382637692,17029.0,0.0014143028306843953,8880.0,542220.0,263144383.0,377104527.0,27900313.6,0.6978022382637692,0.016377116299656966,0.0014143028306843953,0.9954087708036617,0.9469729214804005,0.00016650433885804765,8880.0,542220.0,377104527.0,263144383.0,1121322.0,1184112.0,377107290.0,375375904.0
32.4,redis-benchmark,STREAM,5,0.6989213680228983,16047.0,0.0014136821262683767,9078.0,542426.0,263686091.0,377275761.0,26291404.8,0.6989213680228983,0.016735923425499514,0.0014136821262683767,0.932038850563367,0.9461163531309923,0.00016898321869055917,9078.0,542426.0,377275761.0,263686091.0,1120022.0,1183810.0,377481270.0,351827209.0
32.5,redis-benchmark,STREAM,5,0.6997035014413477,15971.499999999998,0.001414928310016805,8162.0,541395.0,263691803.0,376862203.0,26167705.599999998,0.6997035014413477,0.015075868820362213,0.001414928310016805,1.39328286815025,0.8666695938421984,0.00029131450408249215,8162.0,541395.0,376862203.0,263691803.0,710585.0,819903.0,375257663.0,522840073.0
32.6,redis-benchmark,STREAM,5,0.7010035188930301,8760.2,0.0014250024841444098,7852.0,555577.0,269443146.0,384367751.0,14352711.68,0.7010035188930301,0.014133054464097686,0.0014250024841444098,0.6090344664538841,0.42090833664009236,4.264541917255215e-05,7852.0,555577.0,384367751.0,269443146.0,11668.0,27721.0,376429645.0,229258628.0
32.7,redis-benchmark,STREAM,5,0.7044852302752787,1787.8999999999999,0.0014162822216120755,6760.0,540748.0,265615605.0,377035023.0,2929295.36,0.7044852302752787,0.012501202038657563,0.0014162822216120755,0.8006693787489275,0.9624092563104327,8.228908485535492e-05,6760.0,540748.0,377035023.0,265615605.0,794772.0,825815.0,377243228.0,302047101.0
33.0,redis-benchmark,STREAM,5,0.6988943882872947,15869.9,0.0014492653902916605,8571.0,555571.0,263785524.0,377432597.0,26001244.16,0.6988943882872947,0.01542737111908289,0.0014492653902916605,0.9060678330112389,0.943473035902058,0.0001595190980337456,8571.0,555571.0,377432597.0,263785524.0,1004912.0,1065120.0,377434431.0,341981197.0
33.1,redis-benchmark,STREAM,5,0.6982859795540768,15879.199999999999,0.0014205493212446948,8380.0,543943.0,263261633.0,377011197.0,26016481.279999997,0.6982859795540768,0.015406025999047694,0.0014205493212446948,0.9428429518747353,0.9450285921853316,0.0001652892930054959,8380.0,543943.0,377011197.0,263261633.0,1071876.0,1134226.0,377217416.0,355656782.0
33.2,redis-benchmark,STREAM,5,0.6973061152467656,16529.9,0.0014226397822387751,8367.0,544418.0,262745106.0,376800232.0,27082588.16,0.6973061152467656,0.015368705663662847,0.0014226397822387751,0.9744180826882907,0.9475174484202399,0.00016739355232360707,8367.0,544418.0,376800232.0,262745106.0,1138753.0,1201828.0,376806628.0,367167192.0
33.3,redis-benchmark,STREAM,5,0.699604430977215,16274.1,0.001417710493329572,8473.0,546685.0,265594070.0,379634631.0,26663485.44,0.699604430977215,0.015498870464710025,0.001417710493329572,0.9046348967191773,0.945680314507623,0.00016369147462384952,8473.0,546685.0,379634631.0,265594070.0,1084875.0,1147190.0,380685678.0,344381549.0
33.4,redis-benchmark,STREAM,5,0.6970628120671475,5485.700000000001,0.0014323309285795007,8095.0,548253.0,262875043.0,377118157.0,8987770.88,0.6970628120671475,0.014765081084827625,0.0014323309285795007,1.2695551057654502,0.6892253114721596,0.00023820654337455857,8095.0,548253.0,377118157.0,262875043.0,194671.0,282449.0,368495335.0,467825134.0
33.5,redis-benchmark,STREAM,5,0.702770830807053,2261.5,0.0014120447979099377,6728.0,539563.0,265190521.0,377349926.0,3705241.6,0.702770830807053,0.012469350196362613,0.0014120447979099377,0.5953806588802993,0.8761732745092233,3.325040582470146e-05,6728.0,539563.0,377349926.0,265190521.0,88773.0,101319.0,377318703.0,224648258.0
33.6,redis-benchmark,STREAM,5,0.7025956279689843,16247.7,0.0013908844379097146,7954.0,532457.0,264949053.0,377100344.0,26620231.68,0.7025956279689843,0.014938295486771702,0.0013908844379097146,0.9416789412402046,0.9576769529564092,0.00014146431251657558,7954.0,532457.0,377100344.0,264949053.0,1207102.0,1260448.0,377098641.0,355105849.0
33.7,redis-benchmark,STREAM,5,0.7040144493410958,15716.399999999998,0.0013794202118089238,8390.0,533187.0,267840552.0,380447521.0,25749749.759999998,0.7040144493410958,0.015735567446318082,0.0013794202118089238,0.9214226755286758,0.9426969869463284,0.00015611528398515922,8390.0,533187.0,380447521.0,267840552.0,977096.0,1036490.0,380449617.0,350554904.0
33.8,redis-benchmark,STREAM,5,0.6969304113845805,16957.7,0.0014327425392584984,8715.0,549143.0,262880942.0,377198265.0,27783495.68,0.6969304113845805,0.01587018317633112,0.0014327425392584984,0.8906997883570398,0.9414678160082652,0.0001684601442540218,8715.0,549143.0,377198265.0,262880942.0,1021518.0,1085027.0,376997184.0,335791312.0
33.9,redis-benchmark,STREAM,5,0.7030961508747603,15981.300000000001,0.0013831381462689747,9376.0,530871.0,265093641.0,377037537.0,26183761.92,0.7030961508747603,0.01766154112769392,0.0013831381462689747,1.0200622626890619,0.9483657497985959,0.00016649885699333898,9376.0,530871.0,377037537.0,265093641.0,1153649.0,1216460.0,377245833.0,384814238.0
34.0,redis-benchmark,STREAM,5,0.7022491458386843,16128.099999999999,0.0014212213499807315,8664.0,544617.0,264823306.0,377107338.0,26424279.04,0.7022491458386843,0.015908427390257742,0.0014212213499807315,0.897450390964276,0.9449172465069903,0.0001699394437950928,8664.0,544617.0,377107338.0,264823306.0,1099312.0,1163395.0,377093149.0,338422394.0
34.1,redis-benchmark,STREAM,5,0.6967621600023646,16260.699999999999,0.001420575515403222,8335.0,544169.0,262815212.0,377195013.0,26641530.88,0.6967621600023646,0.015316932791099823,0.001420575515403222,1.3618618606749648,0.9124811381763311,0.00018631297825892686,8335.0,544169.0,377195013.0,262815212.0,732309.0,802547.0,376989304.0,513407355.0
34.2,redis-benchmark,STREAM,5,0.7029312211702493,2623.2,0.0014280066209629053,7106.0,550616.0,267540880.0,380607479.0,4297850.88,0.7029312211702493,0.012905545788716638,0.0014280066209629053,0.6693226550785296,0.196096961678401,0.00013687656638105566,7106.0,550616.0,380607479.0,267540880.0,12450.0,63489.0,372883404.0,249579310.0
34.3,redis-benchmark,STREAM,5,0.6991463209492792,4869.5,0.001430648811703367,7811.0,547664.0,263821726.0,377348372.0,7978188.8,0.6991463209492792,0.014262394460837302,0.001430648811703367,0.7704887906300173,0.9610492448457202,7.848284778326147e-05,7811.0,547664.0,377348372.0,263821726.0,730630.0,760242.0,377305371.0,290709559.0
34.4,redis-benchmark,STREAM,5,0.698274604333646,17113.0,0.0014276657097374865,8144.0,546655.0,263386977.0,377196844.0,28037939.200000003,0.698274604333646,0.014897878918147643,0.0014276657097374865,0.9146579892197227,0.9452903154731718,0.00015272865002961448,8144.0,546655.0,377196844.0,263386977.0,995351.0,1052958.0,377185289.0,344995538.0
34.5,redis-benchmark,STREAM,5,0.700699797650722,16202.2,0.0014130246624689889,9463.0,545996.0,266059450.0,379705333.0,26545684.48,0.700699797650722,0.017331628803141416,0.0014130246624689889,0.8912264995912182,0.9418876813775664,0.00016244450547961848,9463.0,545996.0,379705333.0,266059450.0,1001204.0,1062976.0,380265247.0,338902465.0
34.6,redis-benchmark,STREAM,5,0.6996898201470242,15786.0,0.0014241937529153922,8625.0,546024.0,264017876.0,377335597.0,25863782.4,0.6996898201470242,0.01579600896663883,0.0014241937529153922,0.9891095817195393,0.9476877728886699,0.00016311663052039963,8625.0,546024.0,377335597.0,264017876.0,1115637.0,1177220.0,377539677.0,373428112.0
34.7,redis-benchmark,STREAM,5,0.7017600812151191,16624.8,0.0014251224061689251,8318.0,545294.0,264418214.0,376792897.0,27238072.32,0.7017600812151191,0.015254156473388668,0.0014251224061689251,0.9352247229725409,0.9471888129885281,0.0001655557334318828,8318.0,545294.0,376792897.0,264418214.0,1118845.0,1181227.0,376803622.0,352396063.0
35.0,redis-benchmark,STREAM,5,0.7017746327949965,1674.0999999999997,0.0014066093050063685,8027.0,548124.0,269461017.0,383970871.0,2742845.4399999995,0.7017746327949965,0.014644496500791792,0.0014066093050063685,1.2741265874925836,0.7467137083772222,0.0002504349487641993,8027.0,548124.0,383970871.0,269461017.0,277891.0,372152.0,376389160.0,479567436.0
35.1,redis-benchmark,STREAM,5,0.6993134688759812,9237.6,0.0014348112854824795,5934.0,547453.0,263931246.0,377414790.0,15134883.84,0.6993134688759812,0.010839286660224714,0.0014348112854824795,0.5506445616222487,0.5345207622298066,3.469152945406767e-05,5934.0,547453.0,377414790.0,263931246.0,15035.0,28128.0,377412014.0,207819873.0
35.2,redis-benchmark,STREAM,5,0.6988535705565657,16015.0,0.0014217989807313934,7108.0,542853.0,263333503.0,376807838.0,26238976.0,0.6988535705565657,0.013093784136773675,0.0014217989807313934,0.9726340796189042,0.9590942270487561,0.00013697764136985915,7108.0,542853.0,376807838.0,263333503.0,1210117.0,1261729.0,376791420.0,366480176.0
35.3,redis-benchmark,STREAM,5,0.6986466421215521,16371.100000000002,0.0014220394799215883,8553.0,542147.0,262154224.0,375231495.0,26822410.240000002,0.6986466421215521,0.015776164029313082,0.0014220394799215883,0.9068567633748138,0.9418308501331637,0.00015908973593745774,8553.0,542147.0,375231495.0,262154224.0,971086.0,1031062.0,376994780.0,341880266.0
35.4,redis-benchmark,STREAM,5,0.7025584699172974,16413.899999999998,0.0013857383946773423,10189.0,532630.0,264873479.0,377012719.0,26892533.759999998,0.7025584699172974,0.019129602162852262,0.0013857383946773423,0.9380851732412719,0.9444108879232889,0.00016613634154855915,10189.0,532630.0,377012719.0,264873479.0,1064777.0,1127451.0,377244373.0,353887353.0
35.5,redis-benchmark,STREAM,5,0.7003920493538812,15797.2,0.001434594507689778,9095.0,550546.0,264345063.0,377424420.0,25882132.48,0.7003920493538812,0.0165199638177373,0.001434594507689778,0.9763999155873576,0.9466167280931057,0.00017028738157121641,9095.0,550546.0,377424420.0,264345063.0,1139612.0,1203879.0,377403184.0,368496437.0
35.6,redis-benchmark,STREAM,5,0.697673669536624,15832.4,0.0014138477254225026,8652.0,541403.0,262889941.0,376809320.0,25939804.16,0.697673669536624,0.01598070199093836,0.0014138477254225026,0.9025108255263039,0.9453747802489425,0.00016442574336993212,8652.0,541403.0,376809320.0,262889941.0,1072280.0,1134238.0,376814474.0,340079142.0
35.7,redis-benchmark,STREAM,5,0.6965293936629962,10763.4,0.0014206702797364907,8495.0,544213.0,262653016.0,377088201.0,17634754.56,0.6965293936629962,0.015609696938514883,0.0014206702797364907,1.3511698677704456,0.9320161606315166,0.00015088981707598489,8495.0,544213.0,377088201.0,262653016.0,780187.0,837096.0,377156001.0,509601824.0
35.8,redis-benchmark,STREAM,5,0.7010135421497131,1763.6000000000001,0.0014226764962575538,7078.0,543583.0,264358954.0,377109625.0,2889482.24,0.7010135421497131,0.013021010590838933,0.0014226764962575538,0.6992342184465373,0.2901665771090811,0.00019770209996147428,7078.0,543583.0,377109625.0,264358954.0,29700.0,102355.0,367497361.0,256966730.0
35.9,redis-benchmark,STREAM,5,0.700592628599907,12224.300000000001,0.0014127166953231288,6327.0,539557.0,264438729.0,377450059.0,20028293.12,0.700592628599907,0.011726286564718835,0.0014127166953231288,0.7380338471630286,0.9637765480107687,6.4168766478866e-05,6327.0,539557.0,377450059.0,264438729.0,644381.0,668600.0,377426610.0,278553613.0
36.0,redis-benchmark,STREAM,5,0.698700668092744,16070.300000000003,0.0014256155703200788,8376.0,545512.0,263252794.0,376774785.0,26329579.520000003,0.698700668092744,0.015354382671691915,0.0014256155703200788,0.9137897407381282,0.942871667375701,0.00015539541883667605,8376.0,545512.0,376774785.0,263252794.0,966319.0,1024868.0,376774299.0,344292489.0
36.1,redis-benchmark,STREAM,5,0.6961205287959482,15967.2,0.001411286640358226,8914.0,549047.0,266421901.0,382723810.0,26160660.48,0.6961205287959482,0.016235404255009134,0.001411286640358226,0.9026583822851808,0.9433307339626138,0.00016463700756049737,8914.0,549047.0,382723810.0,266421901.0,1053641.0,1116937.0,384457911.0,347034156.0
36.2,redis-benchmark,STREAM,5,0.7010642771746435,16126.699999999999,0.0014112964476447336,8781.0,545514.0,266623170.0,380312018.0,26421985.279999997,0.7010642771746435,0.01609674545474543,0.0014112964476447336,1.0173933869683656,0.9480086689145886,0.0001664993832766344,8781.0,545514.0,380312018.0,266623170.0,1155250.0,1218607.0,380523932.0,387142532.0
36.3,redis-benchmark,STREAM,5,0.69757807485486,16472.4,0.001413721192385749,9553.0,542840.0,263141927.0,377222187.0,26988380.16,0.69757807485486,0.017598187311178248,0.001413721192385749,0.8990832473273742,0.9455284941128712,0.0001694155970373566,9553.0,542840.0,377222187.0,263141927.0,1108687.0,1172558.0,377007791.0,338961389.0
36.4,redis-benchmark,STREAM,5,0.7007113887908455,15983.099999999999,0.0013887514614171481,8140.0,532130.0,264385508.0,377310134.0,26186711.04,0.7007113887908455,0.01529701388758386,0.0013887514614171481,0.9179219263924173,0.9440630048465266,0.00015408251476522794,8140.0,532130.0,377310134.0,264385508.0,981750.0,1039920.0,377524991.0,346538467.0
36.5,redis-benchmark,STREAM,5,0.701825963178315,7485.4,0.0014213168844812401,8216.0,544086.0,264604947.0,377023594.0,12264079.36,0.701825963178315,0.015100553956543635,0.0014213168844812401,1.3062625806797936,0.7933032995398189,0.0002554917657457991,8216.0,544086.0,377023594.0,264604947.0,360811.0,454821.0,367957064.0,480648544.0
36.6,redis-benchmark,STREAM,5,0.7040305914546316,1791.3999999999999,0.0014014229663788266,6461.0,534624.0,265332393.0,376876227.0,2935029.76,0.7040305914546316,0.012085128987849405,0.0014014229663788266,0.5608152766759331,0.5314142769096908,3.429571278143741e-05,6461.0,534624.0,376876227.0,265332393.0,14658.0,27583.0,376869263.0,211354040.0
36.7,redis-benchmark,STREAM,5,0.7004014858198988,14812.7,0.0014341099505102268,7404.0,548234.0,264134654.0,377118923.0,24269127.68,0.7004014858198988,0.013505182093777475,0.0014341099505102268,0.9390241146297797,0.9592430047725689,0.00012219254954045294,7404.0,548234.0,377118923.0,264134654.0,1084547.0,1130628.0,377117919.0,354122820.0
37.0,redis-benchmark,STREAM,5,0.6996054132237031,16609.9,0.0014247559014843886,8668.0,545854.0,263777278.0,377037217.0,27213660.16,0.6996054132237031,0.01587970409669985,0.0014247559014843886,1.0159934742228423,0.9487389097800808,0.00016289790311892948,8668.0,545854.0,377037217.0,263777278.0,1137352.0,1198804.0,377242425.0,383275842.0
37.1,redis-benchmark,STREAM,5,0.6971365097766697,15979.099999999999,0.0014219247978442576,8381.0,544583.0,262887314.0,377095892.0,26180157.439999998,0.6971365097766697,0.01538975693328657,0.0014219247978442576,0.9132840128350574,0.9460863162228815,0.00016735900669923663,8381.0,544583.0,377095892.0,262887314.0,1107535.0,1170649.0,377117439.0,344415328.0
37.2,redis-benchmark,STREAM,5,0.6967542998226322,15833.599999999999,0.0014331468162475847,8450.0,549372.0,262980544.0,377436557.0,25941770.24,0.6967542998226322,0.0153811988961942,0.0014331468162475847,0.9120488749469298,0.9446304796802447,0.00015478641824509057,8450.0,549372.0,377436557.0,262980544.0,996639.0,1055057.0,377410374.0,344216707.0
37.3,redis-benchmark,STREAM,5,0.7016364772889473,17049.2,0.001425939641627905,8378.0,545641.0,264361343.0,376778220.0,27933409.28,0.7016364772889473,0.015354418014775283,0.001425939641627905,1.3030148384976412,0.9401623926531794,0.00014927309346041086,8378.0,545641.0,376778220.0,264361343.0,883700.0,939944.0,376785921.0,490957646.0
37.4,redis-benchmark,STREAM,5,0.6978362220382647,3729.3,0.0014255075694514943,7129.0,543352.0,262500067.0,376162857.0,6110085.12,0.6978362220382647,0.013120408133217508,0.0014255075694514943,0.773824896764959,0.3375110468385956,0.00020177454313300894,7129.0,543352.0,376162857.0,262500067.0,37809.0,112023.0,367806557.0,284617871.0
37.5,redis-benchmark,STREAM,5,0.6987035807564798,3477.6,0.0014307877327157114,6457.0,555855.0,268290216.0,383982884.0,5697699.84,0.6987035807564798,0.011616338793390362,0.0014307877327157114,0.7187803590075007,0.9632378379816905,5.756029799306384e-05,6457.0,555855.0,383982884.0,268290216.0,579114.0,601216.0,383979944.0,275997242.0
37.6,redis-benchmark,STREAM,5,0.6976903528300832,16325.599999999999,0.0014231660099927376,8772.0,545356.0,263053978.0,377035424.0,26747863.04,0.6976903528300832,0.016084906006351814,0.0014231660099927376,0.8947617184244425,0.9424929750952693,0.00015840710235111524,8772.0,545356.0,377035424.0,263053978.0,979401.0,1039160.0,377249499.0,337548410.0
37.7,redis-benchmark,STREAM,5,0.6989786609418066,15801.7,0.001399370592174597,8731.0,536879.0,263807303.0,377418250.0,25889505.28,0.6989786609418066,0.01626250980202243,0.001399370592174597,0.9705353989491794,0.9474689982519972,0.00016228401134417338,8731.0,536879.0,377418250.0,263807303.0,1104656.0,1165902.0,377400087.0,366280144.0
37.8,redis-benchmark,STREAM,5,0.6996235229534906,16298.899999999998,0.0014185671328703277,8418.0,543085.0,263692568.0,376906378.0,26704117.759999998,0.6996235229534906,0.01550033604316083,0.0014185671328703277,0.9504586145835873,0.9474405792499287,0.00016608761380854111,8418.0,543085.0,376906378.0,263692568.0,1127802.0,1190367.0,376698771.0,358036592.0
37.9,redis-benchmark,STREAM,5,0.6968893748539874,16486.7,0.0014306023761423443,7730.0,547062.0,262724812.0,376996438.0,27011809.28,0.6968893748539874,0.014130025481572472,0.0014306023761423443,0.9071789179633354,0.9456012761824493,0.0001594686990943617,7730.0,547062.0,376996438.0,262724812.0,1045644.0,1105798.0,377215092.0,342201579.0
38.0,redis-benchmark,STREAM,5,0.6999266656533124,15828.5,0.0014074402017191124,8391.0,544198.0,266459354.0,380696103.0,25933414.4,0.6999266656533124,0.01541902028305874,0.0014074402017191124,0.910825455368764,0.9424504027894673,0.0001571621175234096,8391.0,544198.0,380696103.0,266459354.0,979795.0,1039625.0,380689704.0,346741873.0
38.1,redis-benchmark,STREAM,5,0.6998205346700236,15928.7,0.0014083742438737166,7614.0,538749.0,263920745.0,377126323.0,26097582.080000002,0.6998205346700236,0.014132740849634987,0.0014083742438737166,1.3344088881203677,0.8345711146126309,0.00024871681152620844,7614.0,538749.0,377126323.0,263920745.0,465568.0,557853.0,371044480.0,495125052.0
38.2,redis-benchmark,STREAM,5,0.7005290449897132,2000.0,0.0014387235316796778,5603.0,553601.0,266825771.0,380891803.0,3276800.0,0.7005290449897132,0.010121007729393552,0.0014387235316796778,0.5667994098353587,0.409681333992539,3.4479176963407076e-05,5603.0,553601.0,380891803.0,266825771.0,9115.0,22249.0,380925566.0,215908386.0
38.3,redis-benchmark,STREAM,5,0.6979445415564919,6169.400000000001,0.001425301234167168,8864.0,546071.0,263060667.0,376907693.0,10107944.96,0.6979445415564919,0.01623232143805476,0.001425301234167168,0.9054488439073165,0.9590385981709657,0.00011448195662926836,8864.0,546071.0,376907693.0,263060667.0,1009672.0,1052796.0,376688181.0,341071878.0
38.4,redis-benchmark,STREAM,5,0.6990268678200138,16640.1,0.0013909129308212558,7721.0,532121.0,263546108.0,377018567.0,27263139.84,0.6990268678200138,0.014509857720330527,0.0013909129308212558,0.914149856273772,0.9440892451998525,0.00016441994095074415,7721.0,532121.0,377018567.0,263546108.0,1047366.0,1109393.0,377247429.0,344860683.0
38.5,redis-benchmark,STREAM,5,0.7034852158994278,16338.899999999998,0.0013910525510049685,8496.0,533076.0,265291397.0,377110124.0,26769653.759999998,0.7034852158994278,0.015937689935393826,0.0013910525510049685,0.9948455803979078,0.9474415036313233,0.00016823014386477703,8496.0,533076.0,377110124.0,265291397.0,1143560.0,1206998.0,377090565.0,375146882.0
38.6,redis-benchmark,STREAM,5,0.699246692756592,15960.2,0.0014211790183744067,8616.0,544554.0,263691533.0,377108016.0,26149191.68,0.699246692756592,0.015822122323956852,0.0014211790183744067,0.8985343624987624,0.9465011805112127,0.0001630750122463376,8616.0,544554.0,377108016.0,263691533.0,1088005.0,1149502.0,377108664.0,338845093.0
38.7,redis-benchmark,STREAM,5,0.7012855485347571,16037.5,0.0014196159659016177,8214.0,543571.0,264464571.0,377113961.0,26275840.0,0.7012855485347571,0.015111181428001125,0.0014196159659016177,0.9195300995986103,0.9432584280714731,0.0001529695381637321,8214.0,543571.0,377113961.0,264464571.0,958975.0,1016662.0,377114298.0,346767948.0
39.0,redis-benchmark,STREAM,5,0.7004519146271196,1719.9,0.001428238028171925,6679.0,545710.0,264357403.0,377409780.0,2817884.16,0.7004519146271196,0.012239101354199117,0.001428238028171925,0.9007343035851169,0.32900844329415757,0.00021370265141255,6679.0,545710.0,377409780.0,264357403.0,38772.0,117845.0,370014127.0,333284417.0
39.1,redis-benchmark,STREAM,5,0.6991870518000861,10088.0,0.0014226132287621187,5640.0,541575.0,263401749.0,376725725.0,16528179.2,0.6991870518000861,0.010414070073397036,0.0014226132287621187,0.694714910582585,0.9598469049148076,4.959678279849964e-05,5640.0,541575.0,376725725.0,263401749.0,446898.0,465593.0,376939772.0,261865680.0
39.2,redis-benchmark,STREAM,5,0.6969174726146392,16018.800000000001,0.0014199136728648858,9265.0,544845.0,262871657.0,377191945.0,26245201.92,0.6969174726146392,0.017004836237829106,0.0014199136728648858,0.8886624143393616,0.9445803101174911,0.0001596621567014937,9265.0,544845.0,377191945.0,262871657.0,1025852.0,1086040.0,376970982.0,334999943.0
39.3,redis-benchmark,STREAM,5,0.7014437415852639,15954.400000000001,0.001411637856550966,8019.0,540237.0,264459460.0,377021626.0,26139688.96,0.7014437415852639,0.01484348535920346,0.001411637856550966,1.0195395775310219,0.9481950239199828,0.00016701071372058457,8019.0,540237.0,377021626.0,264459460.0,1153136.0,1216138.0,377233284.0,384604263.0
39.4,redis-benchmark,STREAM,5,0.7024074440128836,16970.5,0.0013804500767236455,8857.0,529577.0,264955329.0,377210309.0,27804467.200000003,0.7024074440128836,0.016724668933884967,0.0013804500767236455,0.8974193683049992,0.9451833944833884,0.00016973531484552095,8857.0,529577.0,377210309.0,264955329.0,1103357.0,1167347.0,376998741.0,338325972.0
39.5,redis-benchmark,STREAM,5,0.6980436704631516,16001.199999999999,0.001433287403816078,8966.0,549328.0,263168624.0,377008825.0,26216366.08,0.6980436704631516,0.016321760405440828,0.001433287403816078,0.919019243439299,0.942394185225508,0.00015722839605058413,8966.0,549328.0,377008825.0,263168624.0,970339.0,1029653.0,377247377.0,346697599.0
39.6,redis-benchmark,STREAM,5,0.6952661698564886,15900.2,0.0014424844573399506,8695.0,552684.0,262198422.0,377119488.0,26050887.68,0.6952661698564886,0.0157323172011493,0.0014424844573399506,0.8804805060146295,0.9412748482433579,0.0001684477628944553,8695.0,552684.0,377119488.0,262198422.0,1018145.0,1081666.0,377096133.0,332025794.0
39.7,redis-benchmark,STREAM,5,0.6994837762287278,9466.0,0.001411528968300445,8222.0,540517.0,263779012.0,377105261.0,15509094.4,0.6994837762287278,0.015211362454834908,0.001411528968300445,1.4002293861885269,0.8536142636106273,0.00026888609224998735,8222.0,540517.0,377105261.0,263779012.0,579832.0,679267.0,369803433.0,517809634.0
39.8,redis-benchmark,STREAM,5,0.7003447027531918,1751.1000000000001,0.0014197308940494193,6939.0,543170.0,264519524.0,377699043.0,2869002.24,0.7003447027531918,0.01277500598339378,0.0014197308940494193,0.5786488530759578,0.4816048270187674,3.5050583295244867e-05,6939.0,543170.0,377699043.0,264519524.0,12292.0,25523.0,377483019.0,218430116.0
39.9,redis-benchmark,STREAM,5,0.7007717989745693,12953.5,0.0014057825811206457,7654.0,537273.0,264010996.0,376743180.0,21223014.4,0.7007717989745693,0.014246016457182847,0.0014057825811206457,0.8303865519062797,0.9549431580171587,0.0001110028293424976,7654.0,537273.0,376743180.0,264010996.0,886786.0,928627.0,376936338.0,313002866.0
40.0,redis-benchmark,STREAM,5,0.7000526017930748,17038.800000000003,0.0014241970567285835,8603.0,545331.0,263824329.0,376863579.0,27916369.92,0.7000526017930748,0.01577573987174762,0.0014241970567285835,1.0173014870225745,0.9493413868131977,0.00016272355902167057,8603.0,545331.0,376863579.0,263824329.0,1149248.0,1210574.0,376872288.0,383392739.0
40.1,redis-benchmark,STREAM,5,0.6969600004145231,15820.1,0.0014182335221654028,8220.0,547974.0,265250357.0,380581894.0,25919651.84,0.6969600004145231,0.015000711712599504,0.0014182335221654028,0.9133767457291786,0.9453889804447918,0.00016886809995538376,8220.0,547974.0,380581894.0,265250357.0,1112893.0,1177180.0,380693571.0,347716655.0
40.2,redis-benchmark,STREAM,5,0.701264851236621,15675.5,0.0014181450435106298,8530.0,543344.0,264462554.0,377122215.0,25682739.2,0.701264851236621,0.015699078300303308,0.0014181450435106298,0.9105759432326566,0.9444309413544181,0.0001576213633520056,8530.0,543344.0,377122215.0,264462554.0,1010271.0,1069714.0,377125275.0,343401203.0
40.3,redis-benchmark,STREAM,5,0.6973793337910104,16816.199999999997,0.0014191627438066698,9959.0,545148.0,262992916.0,377116016.0,27551662.08,0.6973793337910104,0.018268433526308452,0.0014191627438066698,0.8935542737924443,0.9408340258032089,0.00016294039326874568,9959.0,545148.0,377116016.0,262992916.0,977106.0,1038553.0,377113365.0,336971259.0
40.4,redis-benchmark,STREAM,5,0.6995445954232856,16214.300000000001,0.0014046711220918498,8496.0,538746.0,264071437.0,377490497.0,26565509.12,0.6995445954232856,0.01576995467251729,0.0014046711220918498,1.10216072726397,0.947283452019582,0.00016046053477520493,8496.0,538746.0,377490497.0,264071437.0,1087866.0,1148406.0,377289033.0,415833155.0
40.5,redis-benchmark,STREAM,5,0.702671553382497,5878.3,0.0014230633707390484,6408.0,542503.0,264709720.0,376718993.0,9631006.72,0.702671553382497,0.011811916247467757,0.0014230633707390484,1.05572621131299,0.3266004623877969,0.0002214343697471157,6408.0,542503.0,376718993.0,264709720.0,39696.0,121543.0,369621934.0,390219564.0
40.6,redis-benchmark,STREAM,5,0.700790170116685,1789.8,0.0014204181284051434,6373.0,542016.0,264269613.0,377102340.0,2932408.32,0.700790170116685,0.011757955484708938,0.0014204181284051434,0.6335010313118584,0.9524760155599411,4.4191995167436695e-05,6373.0,542016.0,377102340.0,264269613.0,333980.0,350644.0,377081866.0,238881751.0
40.7,redis-benchmark,STREAM,5,0.7001556697564222,16415.7,0.0014263233311474363,8114.0,546012.0,264044152.0,377122065.0,26895482.88,0.7001556697564222,0.01486047925686615,0.0014263233311474363,0.9845324879418084,0.9509034427314137,0.0001536782207957354,8114.0,546012.0,377122065.0,264044152.0,1122474.0,1180429.0,377119150.0,371286055.0
40.8,redis-benchmark,STREAM,5,0.6992706243385671,15850.7,0.001414063260967624,8269.0,541643.0,263759607.0,377192460.0,25969786.880000003,0.6992706243385671,0.015266513183037535,0.001414063260967624,0.9370972625047752,0.9469032314290767,0.00016646067777844532,8269.0,541643.0,377192460.0,263759607.0,1119108.0,1181861.0,376983927.0,353270606.0
41.1,redis-benchmark,STREAM,5,0.7047727647808274,15948.599999999999,0.0014008386121007004,7906.0,535628.0,265501029.0,376718628.0,26130186.24,0.7047727647808274,0.014760244049974983,0.0014008386121007004,0.9014379298289581,0.9430449864866906,0.00016012200503535745,7906.0,535628.0,376718628.0,265501029.0,999341.0,1059696.0,376931328.0,339780196.0
41.2,redis-benchmark,STREAM,5,0.6975615281813097,16430.4,0.0014060910186924273,8215.0,535984.0,261826116.0,375344834.0,26919567.36,0.6975615281813097,0.015326950058210692,0.0014060910186924273,0.9561650012632599,0.9459438152051086,0.00016363854741219692,8215.0,535984.0,375344834.0,261826116.0,1079880.0,1141590.0,377111634.0,360580946.0
41.3,redis-benchmark,STREAM,5,0.7033239172707287,2703.4999999999995,0.0014057044987552435,8922.0,539660.0,265547083.0,377560149.0,4429414.399999999,0.7033239172707287,0.016532631656969204,0.0014057044987552435,1.3779043006950986,0.8634751996946878,0.0002641533250003537,8922.0,539660.0,377560149.0,265547083.0,615410.0,712713.0,368358036.0,507562122.0
41.4,redis-benchmark,STREAM,5,0.6982099421978861,4707.299999999999,0.0014370785101149295,6265.0,547985.0,263196678.0,376959224.0,7712440.319999999,0.6982099421978861,0.011432794693285401,0.0014370785101149295,0.5898086092800863,0.30525433753943215,3.7369882186349315e-05,6265.0,547985.0,376959224.0,263196678.0,6193.0,20288.0,377175393.0,222461294.0
41.5,redis-benchmark,STREAM,5,0.7014521618617975,16939.4,0.0014215371224174768,7520.0,543610.0,264531600.0,377119944.0,27753512.96,0.7014521618617975,0.013833446772502346,0.0014215371224174768,0.8387341721319422,0.9600178355765977,9.463460303759267e-05,7520.0,543610.0,377119944.0,264531600.0,856910.0,892598.0,377113644.0,316298100.0
41.6,redis-benchmark,STREAM,5,0.6970533022124416,15979.3,0.0014325981284328932,8335.0,553264.0,265143833.0,380378132.0,26180485.119999997,0.6970533022124416,0.015065140692327714,0.0014325981284328932,0.966324985132205,0.9470851339922873,0.0001674528022991827,8335.0,553264.0,380378132.0,265143833.0,1140031.0,1203726.0,380375838.0,367566676.0
41.7,redis-benchmark,STREAM,5,0.6970060527559535,15889.7,0.001441879283821054,8573.0,552500.0,262934918.0,377234770.0,26033684.48,0.6970060527559535,0.015516742081447963,0.001441879283821054,0.9023365259047725,0.9466653199655528,0.00015967499065193882,8573.0,552500.0,377234770.0,262934918.0,1068486.0,1128684.0,377003310.0,340183857.0
41.8,redis-benchmark,STREAM,5,0.7036431247259917,16567.399999999998,0.0014030757413259246,8372.0,537441.0,265328345.0,377078004.0,27144028.159999996,0.7036431247259917,0.015577523858432833,0.0014030757413259246,0.913003451957109,0.9423730014127351,0.00015533376067619622,8372.0,537441.0,377078004.0,265328345.0,957892.0,1016468.0,377097675.0,344291479.0
41.9,redis-benchmark,STREAM,5,0.6981333170059776,16372.199999999997,0.0014191914201556405,7723.0,542786.0,263209953.0,377019613.0,26824212.479999997,0.6981333170059776,0.014228443622348402,0.0014191914201556405,0.9140364058504516,0.9425104829554993,0.00016794853508676308,7723.0,542786.0,377019613.0,263209953.0,1038672.0,1102027.0,377228655.0,344800724.0
42.0,redis-benchmark,STREAM,5,0.7013955732863263,14060.8,0.0014331086098731231,8055.0,548951.0,264726663.0,377428477.0,23037214.72,0.7013955732863263,0.014673440798905549,0.0014331086098731231,0.9955280847953802,0.9480318656661761,0.00016543945469171811,8055.0,548951.0,377428477.0,264726663.0,1139102.0,1201544.0,377431128.0,375743288.0
42.1,redis-benchmark,STREAM,5,0.6980108249872808,1610.7999999999997,0.0014203748511458089,6906.0,542096.0,263006919.0,376794900.0,2639134.7199999997,0.6980108249872808,0.01273944098462265,0.0014203748511458089,1.1876111426372304,0.45194474736459467,0.0002052092313704154,6906.0,542096.0,376794900.0,263006919.0,62165.0,137550.0,367356768.0,436276991.0
42.2,redis-benchmark,STREAM,5,0.7015064804609672,8269.300000000001,0.00143203490041134,6385.0,546555.0,264611397.0,377204494.0,13548421.120000001,0.7015064804609672,0.011682264364976993,0.00143203490041134,0.6209811022078425,0.9451377371079973,3.816973740289707e-05,6385.0,546555.0,377204494.0,264611397.0,247886.0,262275.0,376974037.0,234093753.0
42.3,redis-benchmark,STREAM,5,0.7001037782560874,15714.899999999998,0.0014105333782746014,7766.0,539552.0,263946528.0,377010575.0,25747292.159999996,0.7001037782560874,0.014393422691418065,0.0014105333782746014,0.9942424900670183,0.9526142403014798,0.00015233395681549168,7766.0,539552.0,377010575.0,263946528.0,1155221.0,1212685.0,377223839.0,375051969.0
42.4,redis-benchmark,STREAM,5,0.6983298349889584,16819.9,0.001413370964830588,8523.0,541647.0,263410247.0,377200334.0,27557724.16,0.6983298349889584,0.015735340544672082,0.001413370964830588,0.9005902425673799,0.9462146896565446,0.00016492213731768578,8523.0,541647.0,377200334.0,263410247.0,1093757.0,1155929.0,376977894.0,339502613.0
42.5,redis-benchmark,STREAM,5,0.7029683229210141,16072.5,0.00140423219151173,8500.0,538458.0,265300631.0,377400549.0,26333184.0,0.7029683229210141,0.015785818021089852,0.00140423219151173,0.9207142303869329,0.9448102802365123,0.00015227485003918773,8500.0,538458.0,377400549.0,265300631.0,983830.0,1041299.0,377403097.0,347480402.0
42.7,redis-benchmark,STREAM,5,0.7014949820456305,15790.7,0.0014042894925001648,9557.0,539270.0,264611402.0,377210684.0,25871482.880000003,0.7014949820456305,0.017722105809705714,0.0014042894925001648,1.0312762914684417,0.950414934336435,0.00015943945132393858,9557.0,539270.0,377210684.0,264611402.0,1152131.0,1212240.0,377002050.0,388793276.0
42.8,redis-benchmark,STREAM,5,0.7011611753281514,16370.300000000003,0.0013852339780098411,8665.0,530934.0,264355879.0,377025837.0,26821099.520000003,0.7011611753281514,0.01632029593132103,0.0013852339780098411,1.3487520454153725,0.8568302573731758,0.0002909360766782202,8665.0,530934.0,377025837.0,264355879.0,642956.0,750389.0,369266683.0,498049194.0
42.9,redis-benchmark,STREAM,5,0.6997916118596016,11395.4,0.0014134502401002313,6655.0,540370.0,264239426.0,377597304.0,18670223.36,0.6997916118596016,0.012315635583026445,0.0014134502401002313,0.5957320272011514,0.3999917975638765,3.8746403880839815e-05,6655.0,540370.0,377597304.0,264239426.0,9753.0,24383.0,377583428.0,224938541.0
43.1,redis-benchmark,STREAM,5,0.7020562831091992,11321.900000000001,0.0013952670002529007,7250.0,532711.0,264396131.0,376602471.0,18549800.96,0.7020562831091992,0.01360963073786725,0.0013952670002529007,0.8539933296882013,0.9609006478867903,8.768571508784015e-05,7250.0,532711.0,376602471.0,264396131.0,811569.0,844592.0,376606383.0,321619339.0
43.2,redis-benchmark,STREAM,5,0.7007629067719193,16044.300000000001,0.0013746543847038997,8447.0,526839.0,264262704.0,377107152.0,26286981.12,0.7007629067719193,0.016033361235595695,0.0013746543847038997,0.8975779978736231,0.9465863049765361,0.00016612476506837895,8447.0,526839.0,377107152.0,264262704.0,1110217.0,1172864.0,377108133.0,338483963.0
43.3,redis-benchmark,STREAM,5,0.7037920999818507,15886.800000000001,0.001376371407828996,8779.0,527839.0,265415516.0,377122045.0,26028933.12,0.7037920999818507,0.01663196542885236,0.001376371407828996,0.9171017362188899,0.9440045435890853,0.0001526732418299896,8779.0,527839.0,377122045.0,265415516.0,970684.0,1028262.0,377132229.0,345868622.0
43.4,redis-benchmark,STREAM,5,0.7015495763097913,16673.300000000003,0.0013966843581660947,8897.0,536190.0,264857395.0,377531972.0,27317534.720000003,0.7015495763097913,0.01659299875044294,0.0013966843581660947,0.8834915353251508,0.9416262330635301,0.00016768692769545012,8897.0,536190.0,377531972.0,264857395.0,1021188.0,1084494.0,377524956.0,333540103.0
43.5,redis-benchmark,STREAM,5,0.7036922086811334,16283.4,0.0013878189440785333,9017.0,531908.0,265131359.0,376771770.0,26678722.56,0.7036922086811334,0.016952179700248916,0.0013878189440785333,1.0150050557975405,0.9491903889385286,0.00016097715667544324,9017.0,531908.0,376771770.0,265131359.0,1132424.0,1193042.0,376562745.0,382213090.0
43.6,redis-benchmark,STREAM,5,0.6985548218007839,15970.2,0.0014166722956761655,8953.0,543067.0,263369243.0,377020149.0,26165575.68,0.6985548218007839,0.01648599528235006,0.0014166722956761655,0.9125789307817326,0.9464997022967994,0.00016602468458265724,8953.0,543067.0,377020149.0,263369243.0,1108000.0,1170629.0,377227038.0,344249447.0
43.7,redis-benchmark,STREAM,5,0.6972985105774903,8216.7,0.001434521104397321,8490.0,549450.0,262952285.0,377101458.0,13462241.280000001,0.6972985105774903,0.015451815451815452,0.001434521104397321,1.2338824796667496,0.599841510046449,0.00022709832626306557,8490.0,549450.0,377101458.0,262952285.0,125653.0,209477.0,369108841.0,455436932.0
43.8,redis-benchmark,STREAM,5,0.7039404072999077,1782.5,0.001407037635749521,5844.0,536450.0,265461985.0,377108605.0,2920448.0,0.7039404072999077,0.0108938391275981,0.001407037635749521,0.6574583823636969,0.9390017237818679,3.837951550360456e-05,5844.0,536450.0,377108605.0,265461985.0,222796.0,237269.0,377102207.0,247929007.0
43.9,redis-benchmark,STREAM,5,0.6998689117616315,13532.9,0.0014082954333104415,8059.0,539135.0,263924439.0,377105533.0,22172303.36,0.6998689117616315,0.014948018585326496,0.0014082954333104415,0.9098828298807474,0.9521503006469811,0.00014997753201008364,8059.0,539135.0,377105533.0,263924439.0,1125395.0,1181951.0,377096484.0,343113616.0
44.0,redis-benchmark,STREAM,5,0.7026613781388537,16876.600000000002,0.001413377578792952,8632.0,541781.0,265055295.0,377216257.0,27650621.44,0.7026613781388537,0.01593263698800807,0.001413377578792952,0.9127441706281633,0.9451130173557807,0.00015391725052332756,8632.0,541781.0,377216257.0,265055295.0,999199.0,1057227.0,377007774.0,344111648.0
44.1,redis-benchmark,STREAM,5,0.6994931550380399,16193.099999999999,0.0013997807192076312,8551.0,536282.0,263715750.0,377009765.0,26530775.04,0.6994931550380399,0.01594496925125214,0.0013997807192076312,0.8905175895005798,0.9409054799326612,0.00016386741433851857,8551.0,536282.0,377009765.0,263715750.0,984237.0,1046053.0,377231802.0,335931555.0
44.2,redis-benchmark,STREAM,5,0.7007558554852052,15763.4,0.0013989275469911148,8141.0,536155.0,264494686.0,377441992.0,25826754.56,0.7007558554852052,0.015184041928173755,0.0013989275469911148,0.9891916739459158,0.9472253017696503,0.0001643423211840648,8141.0,536155.0,377441992.0,264494686.0,1113290.0,1175317.0,377425605.0,373346266.0
44.3,redis-benchmark,STREAM,5,0.7082224838771183,16593.1,0.0013479464797189502,9882.0,517763.0,266844974.0,376781280.0,27186135.04,0.7082224838771183,0.019085952453149414,0.0013479464797189502,0.9378260341356648,0.9467774359804636,0.0001675114094853906,9882.0,517763.0,376781280.0,266844974.0,1122772.0,1185888.0,376786275.0,353359978.0
44.4,redis-benchmark,STREAM,5,0.6957019514038674,16405.4,0.0014165622172917758,8813.0,542996.0,262347923.0,377098156.0,26878607.36,0.6957019514038674,0.016230322138652956,0.0014165622172917758,1.3883895939365423,0.8692822263345056,0.0002834513741247325,8813.0,542996.0,377098156.0,262347923.0,707441.0,813822.0,375305995.0,521070938.0
44.5,redis-benchmark,STREAM,5,0.706077417548247,5028.0,0.001379497275480535,7299.0,538049.0,271657361.0,384741608.0,8237875.2,0.706077417548247,0.013565678962324993,0.001379497275480535,0.609833238196679,0.4027430942410388,4.1232263731297984e-05,7299.0,538049.0,384741608.0,271657361.0,10483.0,26029.0,377034841.0,229928378.0
44.6,redis-benchmark,STREAM,5,0.6984713125508483,2286.2,0.0014126857288618718,6361.0,543528.0,265590380.0,380245223.0,3745710.08,0.6984713125508483,0.011703168925979895,0.0014126857288618718,0.806116415022897,0.9602848359370099,8.319234581845135e-05,6361.0,543528.0,380245223.0,265590380.0,765299.0,796950.0,380455674.0,306691564.0
44.7,redis-benchmark,STREAM,5,0.7012595106139392,16440.5,0.0014098519448409788,9634.0,541440.0,264519985.0,377206984.0,26936115.2,0.7012595106139392,0.01779329196217494,0.0014098519448409788,0.906496420679653,0.9484726526661671,0.00015448853328417795,9634.0,541440.0,377206984.0,264519985.0,1072052.0,1130293.0,376992381.0,341742244.0
44.8,redis-benchmark,STREAM,5,0.6974629620174723,15908.600000000002,0.0014192427856473213,8395.0,543608.0,263021414.0,377111658.0,26064650.240000002,0.6974629620174723,0.015443113419964386,0.0014192427856473213,0.9092001752003935,0.9420940405235003,0.00015684240470031344,8395.0,543608.0,377111658.0,263021414.0,962285.0,1021432.0,377111025.0,342869410.0
44.9,redis-benchmark,STREAM,5,0.6988907217304156,16747.6,0.0014186930541158277,7996.0,543428.0,263769852.0,377412153.0,27439267.84,0.6988907217304156,0.014714000750789434,0.0014186930541158277,0.927589255486928,0.943790093407468,0.00016655734891636679,7996.0,543428.0,377412153.0,263769852.0,1055465.0,1118326.0,377413548.0,350084752.0
45.2,redis-benchmark,STREAM,5,0.6975411650573408,16263.599999999999,0.001420379146732023,8592.0,543796.0,262836034.0,376803617.0,26646282.24,0.6975411650573408,0.01580004266305747,0.001420379146732023,0.9020646506593036,0.9456610803353199,0.00016473095848041548,8592.0,543796.0,376803617.0,262836034.0,1080240.0,1142312.0,376808346.0,339905489.0
45.3,redis-benchmark,STREAM,5,0.7005154540525361,2479.5,0.0014002889717332685,8348.0,535887.0,263909257.0,376735810.0,4062412.8,0.7005154540525361,0.015577911014822155,0.0014002889717332685,1.266179478721308,0.6772873214789106,0.00023904775877973462,8348.0,535887.0,376735810.0,263909257.0,184999.0,273147.0,368746398.0,466899122.0
45.4,redis-benchmark,STREAM,5,0.7003657363965048,5451.3,0.0014146054202603831,6149.0,539454.0,264037267.0,376999121.0,8931409.92,0.7003657363965048,0.011398562249978683,0.0014146054202603831,0.6015416930193767,0.8825797498594716,3.544137119322221e-05,6149.0,539454.0,376999121.0,264037267.0,100487.0,113856.0,377214525.0,226910264.0
45.5,redis-benchmark,STREAM,5,0.7018969898301117,16890.4,0.0014182494267969874,7961.0,542936.0,264761145.0,377207979.0,27673231.36,0.7018969898301117,0.01466287002519634,0.0014182494267969874,0.9366370720343974,0.9563780573768431,0.0001426481383754794,7961.0,542936.0,377207979.0,264761145.0,1179020.0,1232797.0,376990549.0,353103324.0
45.6,redis-benchmark,STREAM,5,0.695252639834951,16030.2,0.0014302934650355977,8110.0,547342.0,262115769.0,377007945.0,26263879.68,0.695252639834951,0.014817061362000358,0.0014302934650355977,0.9201958777787873,0.942946914689407,0.00015403537981076429,8110.0,547342.0,377007945.0,262115769.0,960349.0,1018455.0,377225025.0,347120913.0
45.7,redis-benchmark,STREAM,5,0.6990625160280975,15967.2,0.0014132311316222988,8671.0,542498.0,264060448.0,377735098.0,26160660.48,0.6990625160280975,0.01598346906348042,0.0014132311316222988,0.893667945490859,0.9426587376093214,0.00016574845417023884,8671.0,542498.0,377735098.0,264060448.0,1029241.0,1091849.0,377729013.0,337564311.0
45.8,redis-benchmark,STREAM,5,0.7021086267381529,16408.8,0.0014042294986522685,8340.0,536997.0,264326195.0,376474786.0,26884177.919999998,0.7021086267381529,0.015530813021301795,0.0014042294986522685,1.0167033783296138,0.9496055487293731,0.00016319393536816281,8340.0,536997.0,376474786.0,264326195.0,1157723.0,1219162.0,376478451.0,382766913.0
45.9,redis-benchmark,STREAM,5,0.6987925714131222,16689.5,0.0014212154999772347,7636.0,543717.0,263583827.0,377198954.0,27344076.8,0.6987925714131222,0.014044070720613849,0.0014212154999772347,0.8975384539357891,0.9457870077331646,0.00016721267821072868,7636.0,543717.0,377198954.0,263583827.0,1099746.0,1162784.0,376992945.0,338365665.0
46.0,redis-benchmark,STREAM,5,0.6991270185249312,13069.2,0.0014321787248413377,8127.0,548091.0,263586810.0,377022777.0,21412577.28,0.6991270185249312,0.014827829685216506,0.0014321787248413377,1.3581167327551154,0.9182531707109259,0.00017287192509935715,8127.0,548091.0,377022777.0,263586810.0,732845.0,798086.0,377394999.0,512546463.0
46.1,redis-benchmark,STREAM,5,0.7052148442526038,1686.6,0.0014028101628706915,6676.0,536110.0,266154841.0,377409584.0,2763325.44,0.7052148442526038,0.012452668295685587,0.0014028101628706915,0.6717711618645676,0.2143990866562709,0.00015373374320497537,6676.0,536110.0,377409584.0,266154841.0,15399.0,71824.0,367030678.0,246560625.0
46.2,redis-benchmark,STREAM,5,0.6995033917048338,9361.4,0.001422915395210272,6615.0,548184.0,266234629.0,380605201.0,15337717.76,0.6995033917048338,0.012067116150781489,0.001422915395210272,0.7573115816093408,0.9613077886463259,7.533354419368402e-05,6615.0,548184.0,380605201.0,266234629.0,712306.0,740976.0,380574156.0,288213216.0
46.3,redis-benchmark,STREAM,5,0.6977401912900316,15993.899999999998,0.0014307225730869064,8696.0,547914.0,262967872.0,376885086.0,26204405.759999998,0.6977401912900316,0.015871103859364792,0.0014307225730869064,0.9171103386149203,0.9448478947166737,0.0001489343683722253,8696.0,547914.0,376885086.0,262967872.0,961618.0,1017749.0,376884131.0,345644333.0
46.4,redis-benchmark,STREAM,5,0.7015917772864807,16194.3,0.0013969294501996546,8797.0,540928.0,267256685.0,380929044.0,26532741.119999997,0.7015917772864807,0.016262792830099383,0.0013969294501996546,0.8837807933777468,0.941719185511026,0.0001647026122667431,8797.0,540928.0,380929044.0,267256685.0,1013255.0,1075963.0,380734702.0,336486017.0
46.5,redis-benchmark,STREAM,5,0.7041173781618749,16387.8,0.0013853654825020283,8232.0,530354.0,265370531.0,376883939.0,26849771.52,0.7041173781618749,0.015521708142108856,0.0013853654825020283,1.0154737462316343,0.9490860736663583,0.00016185186924548827,8232.0,530354.0,376883939.0,265370531.0,1137697.0,1198729.0,377085543.0,382920469.0
46.6,redis-benchmark,STREAM,5,0.6975578004576165,15972.3,0.0014183663894758892,7290.0,542174.0,263057916.0,377112715.0,26169016.32,0.6975578004576165,0.013445867931697204,0.0014183663894758892,0.9133820194796295,0.9465898261627085,0.00016615623986342243,7290.0,542174.0,377112715.0,263057916.0,1110507.0,1173166.0,377108919.0,344444506.0
46.7,redis-benchmark,STREAM,5,0.703737415300089,15892.6,0.0013917576810840648,9044.0,534019.0,265451777.0,377202876.0,26038435.84,0.703737415300089,0.016935727005967953,0.0013917576810840648,0.9110745274364734,0.9446362968754601,0.00015457801029448285,9044.0,534019.0,377202876.0,265451777.0,994327.0,1052603.0,377000583.0,343475628.0
46.8,redis-benchmark,STREAM,5,0.6993390940675717,10583.900000000001,0.0014275425763619226,7907.0,546130.0,263670164.0,377027634.0,17340661.76,0.6993390940675717,0.014478237782213027,0.0014275425763619226,1.2951138689761872,0.7757295551768926,0.0002537109072148275,7907.0,546130.0,377027634.0,263670164.0,325500.0,419605.0,370914286.0,480376236.0
46.9,redis-benchmark,STREAM,5,0.7011731920770873,1739.3000000000002,0.0014152123410073121,5528.0,544401.0,266987003.0,380771835.0,2849669.12,0.7011731920770873,0.010154279657825758,0.0014152123410073121,0.5558861157014034,0.5592192601628934,3.2281908634777795e-05,5528.0,544401.0,380771835.0,266987003.0,15586.0,27871.0,380553707.0,211544522.0
47.0,redis-benchmark,STREAM,5,0.7052473241890242,12224.6,0.0014018379595497515,7424.0,536064.0,265952240.0,377104926.0,20028784.64,0.7052473241890242,0.013849092645654251,0.0014018379595497515,0.9587317630601845,0.9599764705691708,0.0001309902318709016,7424.0,536064.0,377104926.0,265952240.0,1184802.0,1234199.0,377104455.0,361542019.0
47.2,redis-benchmark,STREAM,5,0.7005779599286557,15819.300000000001,0.0013943852595988265,8260.0,534537.0,264416211.0,377425820.0,25918341.12,0.7005779599286557,0.01545262535614934,0.0013943852595988265,0.898382332686253,0.9409681522547819,0.00016292526748443653,8260.0,534537.0,377425820.0,264416211.0,980183.0,1041675.0,377424576.0,339071571.0
47.3,redis-benchmark,STREAM,5,0.7031743525178997,16212.1,0.0013944187891051477,8823.0,534135.0,264903147.0,376724700.0,26561904.64,0.7031743525178997,0.01651829593642057,0.0013944187891051477,0.9676401613550818,0.9462411132177354,0.00016534264016898254,8823.0,534135.0,376724700.0,264903147.0,1096983.0,1159306.0,376932411.0,364734939.0
47.4,redis-benchmark,STREAM,5,0.6990280358935845,16740.5,0.001400277293827951,8225.0,536264.0,263600693.0,377096024.0,27427635.200000003,0.6990280358935845,0.015337594915936927,0.001400277293827951,0.9556317994196651,0.9467944724661562,0.00016850862302915105,8225.0,536264.0,377096024.0,263600693.0,1130768.0,1194312.0,377096429.0,360365339.0
47.5,redis-benchmark,STREAM,5,0.7044511571489412,16170.900000000001,0.0013928666387403705,8348.0,533744.0,265722367.0,377204813.0,26494402.560000002,0.7044511571489412,0.015640456848226864,0.0013928666387403705,0.9064252192935612,0.9462206622800037,0.00015862988974552883,8348.0,533744.0,377204813.0,265722367.0,1052204.0,1112007.0,376997047.0,341719631.0
47.6,redis-benchmark,STREAM,5,0.6982496738116479,6780.2,0.0014048277785322688,8065.0,537853.0,263323593.0,377119536.0,11108679.68,0.6982496738116479,0.014994803412828413,0.0014048277785322688,1.351126291130092,0.9346146557461914,0.00015003028233384448,8065.0,537853.0,377119536.0,263323593.0,808823.0,865408.0,377157192.0,509586998.0
47.7,redis-benchmark,STREAM,5,0.6986134194995403,1792.7,0.0014164567061907044,5998.0,540015.0,263383583.0,377009052.0,2937159.68,0.6986134194995403,0.01110709887688305,0.0014164567061907044,0.7091688012737231,0.340842328483774,0.0002054584349708395,5998.0,540015.0,377009052.0,263383583.0,39218.0,115062.0,369145224.0,261786276.0
47.8,redis-benchmark,STREAM,5,0.7034840211016945,15370.1,0.0014103746235824216,6549.0,543892.0,268022558.0,380993100.0,25182371.84,0.7034840211016945,0.012040993432519692,0.0014103746235824216,0.7351760727395271,0.9643997838681596,6.22594273507593e-05,6549.0,543892.0,380993100.0,268022558.0,642541.0,666260.0,380970417.0,280080335.0
47.9,redis-benchmark,STREAM,5,0.698095861503176,16078.300000000001,0.001408823600976565,7464.0,538754.0,263263158.0,377116056.0,26342686.720000003,0.698095861503176,0.01385418948165582,0.001408823600976565,0.9114189479819754,0.9425693850373493,0.00015540831310854875,7464.0,538754.0,377116056.0,263263158.0,961893.0,1020501.0,377122683.0,343716759.0
48.0,redis-benchmark,STREAM,5,0.6976387766204925,16530.6,0.0014310936901881708,8468.0,547710.0,262873166.0,376804121.0,27083735.04,0.6976387766204925,0.015460736521151704,0.0014310936901881708,0.9224964437652898,0.9440566152830405,0.0001655052622900131,8468.0,547710.0,376804121.0,262873166.0,1052389.0,1114752.0,376803729.0,347600100.0
48.1,redis-benchmark,STREAM,5,0.6997051566369954,16131.000000000002,0.001415680833656441,7875.0,542226.0,264104833.0,377451603.0,26429030.400000002,0.6997051566369954,0.014523464385698952,0.001415680833656441,0.989033755113389,0.9474075551013965,0.00016771713814363792,7875.0,542226.0,377451603.0,264104833.0,1140385.0,1203690.0,377450991.0,373311771.0
48.2,redis-benchmark,STREAM,5,0.7016371401933843,15884.6,0.0013943804911392447,7694.0,533048.0,264352435.0,376765168.0,26025328.64,0.7016371401933843,0.014433972175113685,0.0013943804911392447,0.9008941381900167,0.9457545538062455,0.00016440174334326547,7694.0,533048.0,376765168.0,264352435.0,1079907.0,1141847.0,376759995.0,339420871.0
48.4,redis-benchmark,STREAM,5,0.6978504262308746,17001.9,0.0014223708074731427,7331.0,543865.0,263236899.0,377211060.0,27855912.96,0.6978504262308746,0.013479448024785562,0.0014223708074731427,1.3225718486188724,0.8131724097141799,0.0002665412761679145,7331.0,543865.0,377211060.0,263236899.0,426217.0,524141.0,367387751.0,485896697.0
48.5,redis-benchmark,STREAM,5,0.7054656663538424,3367.6,0.0013950478094534552,5622.0,531861.0,266115286.0,377219330.0,5517475.84,0.7054656663538424,0.010570430996068522,0.0013950478094534552,0.564389398614331,0.5027917557041428,3.8221250003434376e-05,5622.0,531861.0,377219330.0,266115286.0,14588.0,29014.0,377434019.0,213019759.0
48.6,redis-benchmark,STREAM,5,0.6996882905956046,3715.4,0.0014152320333461344,7258.0,541114.0,263937491.0,377221535.0,6087311.36,0.6996882905956046,0.013413070073958538,0.0014152320333461344,0.9155544438406292,0.9590144956998538,0.00011544854284032092,7258.0,541114.0,377221535.0,263937491.0,1018974.0,1062522.0,377207013.0,345353557.0
48.7,redis-benchmark,STREAM,5,0.7013238102102574,16619.0,0.0014029582180836075,8355.0,541980.0,266753431.0,380357015.0,27228569.6,0.7013238102102574,0.015415697996236023,0.0014029582180836075,0.8943545750648723,0.9426308732635924,0.0001660376027872969,8355.0,541980.0,380357015.0,266753431.0,1037682.0,1100836.0,380359623.0,340176369.0
48.8,redis-benchmark,STREAM,5,0.699472940376408,16003.2,0.0013805479412699363,9630.0,535334.0,266354910.0,380793730.0,26219642.880000003,0.699472940376408,0.017988769627933214,0.0013805479412699363,1.0204405015486429,0.9492593615244888,0.00016272130754055162,9630.0,535334.0,380793730.0,266354910.0,1158572.0,1220501.0,380583225.0,388362537.0
48.9,redis-benchmark,STREAM,5,0.7000473208808144,16101.7,0.0013965171273681279,7771.0,534306.0,263941923.0,377034402.0,26381025.28,0.7000473208808144,0.014544100197265238,0.0013965171273681279,0.8984191381287405,0.9449070240672834,0.00017036586749929184,7771.0,534306.0,377034402.0,263941923.0,1102372.0,1166646.0,377270406.0,338946953.0
49.0,redis-benchmark,STREAM,5,0.700986784175595,17036.0,0.0014024453310855398,8583.0,537440.0,264339550.0,377096339.0,27911782.4,0.700986784175595,0.015970154807978566,0.0014024453310855398,0.9162592705266466,0.9454485181992972,0.00015274355196182303,8583.0,537440.0,377096339.0,264339550.0,998214.0,1055810.0,377076474.0,345499815.0
49.3,redis-benchmark,STREAM,5,0.7020768975058487,1570.0,0.0014198302253876503,6787.0,542226.0,264763593.0,377114806.0,2572288.0,0.7020768975058487,0.012516920988665243,0.0014198302253876503,0.8156017549247058,0.3382529771713087,0.0002017070265155133,6787.0,542226.0,377114806.0,264763593.0,37976.0,112271.0,368331244.0,300411609.0
49.4,redis-benchmark,STREAM,5,0.6998880564637705,7402.5,0.0014189647584319552,6757.0,542154.0,264078416.0,377315220.0,12128256.0,0.6998880564637705,0.012463248449702483,0.0014189647584319552,0.7108624141612397,0.9621866106766356,5.480033449753105e-05,6757.0,542154.0,377315220.0,264078416.0,526089.0,546764.0,377278719.0,268193261.0
49.5,redis-benchmark,STREAM,5,0.6999053795319842,15966.0,0.0014182828571086225,8113.0,542654.0,263789497.0,376893084.0,26158694.4,0.6999053795319842,0.014950594669900157,0.0014182828571086225,0.8855809312531274,0.9427984360528973,0.00016043195394859465,8113.0,542654.0,376893084.0,263789497.0,996603.0,1057069.0,376894992.0,333771018.0
49.6,redis-benchmark,STREAM,5,0.7056908311560378,17040.899999999998,0.0013818721776376794,8370.0,529472.0,266114992.0,377098554.0,27919810.56,0.7056908311560378,0.01580820137797655,0.0013818721776376794,1.003849304048027,0.9481252873910432,0.00016394043628304518,8370.0,529472.0,377098554.0,266114992.0,1129934.0,1191756.0,377100375.0,378551949.0
49.7,redis-benchmark,STREAM,5,0.6998942016111244,15976.5,0.0013978415966137134,7772.0,534909.0,263935578.0,377107822.0,26175897.6,0.6998942016111244,0.01452957418925462,0.0013978415966137134,0.923164667159511,0.9461446347597681,0.00016887163170000563,7772.0,534909.0,377107822.0,263935578.0,1118799.0,1182482.0,377108928.0,348133638.0
49.8,redis-benchmark,STREAM,5,0.7045320450518969,15935.8,0.0014036167988782068,7927.0,537667.0,265897933.0,377410701.0,26109214.72,0.7045320450518969,0.014743326259562145,0.0014036167988782068,0.9104539527046684,0.9446669810924272,0.0001569835710295347,7927.0,537667.0,377410701.0,265897933.0,1011488.0,1070735.0,377408920.0,343613443.0
49.9,redis-benchmark,STREAM,5,0.696451189304983,16623.5,0.0014371494200248434,8651.0,550189.0,262432548.0,376813985.0,27235942.4,0.696451189304983,0.01572368767823421,0.0014371494200248434,0.8950829714850203,0.9417435543175917,0.00016023979629023954,8651.0,550189.0,376813985.0,262432548.0,976088.0,1036469.0,376816505.0,337282037.0
50.0,redis-benchmark,STREAM,5,0.7003583358712901,11495.2,0.0014394222903588085,7827.0,551221.0,264391152.0,377508396.0,18833735.68,0.7003583358712901,0.014199386452983468,0.0014394222903588085,1.373287760358445,0.8433752961442144,0.0002644560128274365,7827.0,551221.0,377508396.0,264391152.0,524361.0,621741.0,368227589.0,505682441.0
50.1,redis-benchmark,STREAM,5,0.6972670933052004,1736.6,0.001444939358233057,5803.0,555300.0,265164191.0,380290700.0,2845245.44,0.6972670933052004,0.01045020709526382,0.001444939358233057,0.5719409440638797,0.48225004969191015,3.42482340774026e-05,5803.0,555300.0,380290700.0,265164191.0,12131.0,25155.0,380282381.0,217499064.0
50.2,redis-benchmark,STREAM,5,0.7021455530200285,11315.2,0.0013944565240622553,6964.0,532966.0,264855848.0,377209322.0,18538823.68,0.7021455530200285,0.01306649955156614,0.0013944565240622553,0.8648927905098642,0.9589058404541662,0.00011128613563343594,6964.0,532966.0,377209322.0,264855848.0,978993.0,1020948.0,377001140.0,326065568.0
50.3,redis-benchmark,STREAM,5,0.7025288540548477,16037.0,0.0013873641078691748,8634.0,531710.0,264873497.0,377028638.0,26275020.8,0.7025288540548477,0.01623817494498881,0.0013873641078691748,0.9691725039412262,0.9469787080662186,0.00016377187467996545,8634.0,531710.0,377028638.0,264873497.0,1103448.0,1165230.0,377244262.0,365614766.0
50.4,redis-benchmark,STREAM,5,0.6995445743957214,15885.8,0.0014095400870733907,8131.0,540096.0,264010391.0,377403243.0,26027294.72,0.6995445743957214,0.015054731010783268,0.0014095400870733907,0.9512963873816743,0.9472885560284826,0.00016706184471937,8131.0,540096.0,377403243.0,264010391.0,1133049.0,1196097.0,377393175.0,359012764.0
50.5,redis-benchmark,STREAM,5,0.7046235550271011,16730.0,0.001377677022752151,8885.0,528038.0,265524812.0,376832154.0,27410432.0,0.7046235550271011,0.016826440521326116,0.001377677022752151,0.9065753480913223,0.9462389829564742,0.00015872759812495947,8885.0,528038.0,376832154.0,265524812.0,1053639.0,1113502.0,377142984.0,341908532.0
50.6,redis-benchmark,STREAM,5,0.6985653350774176,16133.3,0.0014174237666238826,7913.0,542412.0,263423319.0,377091885.0,26432798.72,0.6985653350774176,0.014588541551440602,0.0014174237666238826,0.9053698295447955,0.9424847645646068,0.00015610173291342777,7913.0,542412.0,377091885.0,263423319.0,963800.0,1022616.0,376779930.0,341125181.0
50.7,redis-benchmark,STREAM,5,0.6995585432032069,15799.7,0.0014339490150089848,8774.0,554782.0,266372484.0,380772255.0,25886228.48,0.6995585432032069,0.015815221113878966,0.0014339490150089848,1.163008276029352,0.9455141945750347,0.00015762889439482886,8774.0,554782.0,380772255.0,266372484.0,1040996.0,1100984.0,380564745.0,442599948.0
50.8,redis-benchmark,STREAM,5,0.7000107166303572,8569.300000000001,0.001428825699853952,7763.0,546501.0,263938683.0,377049489.0,14039941.120000001,0.7000107166303572,0.014204914538125273,0.001428825699853952,0.969841904567817,0.34287478389725856,0.00021697861981389844,7763.0,546501.0,377049489.0,263938683.0,41649.0,121470.0,367874955.0,356780547.0
50.9,redis-benchmark,STREAM,5,0.7013810990076821,1777.0,0.0014221946946216396,5812.0,542579.0,264716378.0,377421602.0,2911436.8,0.7013810990076821,0.010711804179667845,0.0014221946946216396,0.6668998817325252,0.9551878365224676,4.818715740365312e-05,5812.0,542579.0,377421602.0,264716378.0,387620.0,405805.0,377382709.0,251676484.0
51.0,redis-benchmark,STREAM,5,0.7018722573595161,13646.400000000001,0.001420101023828523,8569.0,543642.0,264455055.0,376785166.0,22358261.76,0.7018722573595161,0.015762211161021406,0.001420101023828523,0.9323449071688001,0.9478383600653443,0.00015576140187767117,8569.0,543642.0,376785166.0,264455055.0,1066430.0,1125118.0,376781406.0,351290225.0
51.1,redis-benchmark,STREAM,5,0.6974439318614531,17028.1,0.0014197030711550695,8145.0,543646.0,263070448.0,377192253.0,27898839.04,0.6974439318614531,0.014982175901229845,0.0014197030711550695,0.9791622663148414,0.9472234755435237,0.0001675516921732798,8145.0,543646.0,377192253.0,263070448.0,1133656.0,1196820.0,376982167.0,369126713.0
51.3,redis-benchmark,STREAM,5,0.6989232543533167,15933.3,0.0014415218976898264,7946.0,551430.0,263508731.0,377020981.0,26105118.72,0.6989232543533167,0.014409807228478682,0.0014415218976898264,0.903157213746748,0.9459178499430658,0.00016341571907647987,7946.0,551430.0,377020981.0,263508731.0,1078265.0,1139914.0,377252570.0,340718380.0
51.4,redis-benchmark,STREAM,5,0.7009574732865265,16550.8,0.001420093304483577,9374.0,544893.0,264331959.0,377101278.0,27116830.72,0.7009574732865265,0.01720337754384806,0.001420093304483577,0.917631437861612,0.9423412415505505,0.00015592430494348398,9374.0,544893.0,377101278.0,264331959.0,960944.0,1019741.0,377086818.0,346026719.0
51.5,redis-benchmark,STREAM,5,0.6961900825972469,16402.5,0.0014433790656172756,8359.0,552667.0,262537985.0,377106758.0,26873856.0,0.6961900825972469,0.015124840093582573,0.0014433790656172756,0.9034567771433951,0.9425112014285245,0.00016699169493364322,8359.0,552667.0,377106758.0,262537985.0,1032423.0,1095396.0,377102586.0,340695887.0
51.6,redis-benchmark,STREAM,5,0.7019470230353295,4978.6,0.0014286384360364121,8229.0,547518.0,264974187.0,377484594.0,8156938.24,0.7019470230353295,0.015029642861056623,0.0014286384360364121,1.39574793111674,0.852201892762295,0.00028296898141827833,8229.0,547518.0,377484594.0,264974187.0,603595.0,708277.0,369941608.0,516345234.0
51.7,redis-benchmark,STREAM,5,0.699045233002291,3029.8,0.0014330730045718585,5967.0,546025.0,263437361.0,376853097.0,4964024.32,0.699045233002291,0.010928071059017445,0.0014330730045718585,0.5830714351541245,0.45710827378860647,3.69161985565777e-05,5967.0,546025.0,376853097.0,263437361.0,11707.0,25611.0,376636830.0,219606177.0
51.8,redis-benchmark,STREAM,5,0.7033226700393767,16315.1,0.0014128895881662335,6423.0,539068.0,265145491.0,376989826.0,26730659.84,0.7033226700393767,0.011915008867155906,0.0014128895881662335,0.8261089270485336,0.961034784385001,9.861055903658354e-05,6423.0,539068.0,376989826.0,265145491.0,917399.0,954595.0,377200985.0,311609101.0
51.9,redis-benchmark,STREAM,5,0.6996073163704355,15970.4,0.001417303922323288,8752.0,543357.0,263890873.0,377198561.0,26165903.36,0.6996073163704355,0.016107273854942514,0.001417303922323288,1.0049592636039255,0.949129659056523,0.00016321190546882282,8752.0,543357.0,377198561.0,263890873.0,1147997.0,1209526.0,376988430.0,378858015.0
52.0,redis-benchmark,STREAM,5,0.7009657364118342,16359.400000000001,0.0013986513893394516,8531.0,539217.0,265965276.0,379426928.0,26803240.96,0.7009657364118342,0.01582108872680201,0.0013986513893394516,0.9012568826690918,0.9457286062963941,0.00016679712797752568,8531.0,539217.0,379426928.0,265965276.0,1107016.0,1170543.0,380863872.0,343256186.0
52.1,redis-benchmark,STREAM,5,0.695069873972401,16248.400000000001,0.0014451524112853188,8741.0,553733.0,262122886.0,377117317.0,26621378.560000002,0.695069873972401,0.01578558619406826,0.0014451524112853188,0.9188824243275199,0.9445428378432383,0.00015088579228828727,8741.0,553733.0,377117317.0,262122886.0,969032.0,1025927.0,377073276.0,346486006.0
52.2,redis-benchmark,STREAM,5,0.6971199554897685,15994.499999999998,0.0014267784076881108,8620.0,546663.0,262886311.0,377103408.0,26205388.799999997,0.6971199554897685,0.015768398446574947,0.0014267784076881108,0.8797792204452285,0.940931127400284,0.0001658478332645263,8620.0,546663.0,377103408.0,262886311.0,996240.0,1058781.0,377098686.0,331763588.0
52.3,redis-benchmark,STREAM,5,0.6980813716127557,16203.0,0.0014321606880195118,9549.0,554889.0,265816328.0,380781294.0,26546995.2,0.6980813716127557,0.017208847174840374,0.0014321606880195118,1.066590574249335,0.9502554637979977,0.00015715578060380343,9549.0,554889.0,380781294.0,265816328.0,1142514.0,1202323.0,380571429.0,405913899.0
52.4,redis-benchmark,STREAM,5,0.700658036617402,2056.5,0.0014063535406384925,7217.0,537489.0,264186300.0,377054549.0,3369369.6,0.700658036617402,0.013427251534450008,0.0014063535406384925,1.1255795060718499,0.32986270483552765,0.00022622210586442667,7217.0,537489.0,377054549.0,264186300.0,40964.0,124185.0,367872979.0,414070286.0
52.5,redis-benchmark,STREAM,5,0.7010653965554956,5669.9,0.0014361420705993697,5862.0,547414.0,264363377.0,377088041.0,9289564.16,0.7010653965554956,0.010708531385751917,0.0014361420705993697,0.6135103310807641,0.9470827003181421,4.221354428649102e-05,5862.0,547414.0,377088041.0,264363377.0,284891.0,300809.0,377082765.0,231344172.0
52.6,redis-benchmark,STREAM,5,0.6970801491700592,16793.0,0.0014143418720133662,8666.0,550041.0,266824997.0,382775205.0,27513651.200000003,0.6970801491700592,0.015755189158626358,0.0014143418720133662,1.001144972458648,0.9519762821436659,0.00015180151727483009,8666.0,550041.0,382775205.0,266824997.0,1155961.0,1214275.0,384146358.0,384586195.0
52.7,redis-benchmark,STREAM,5,0.7035529730552134,16109.0,0.001397618143853552,9247.0,536741.0,265537460.0,377423549.0,26392985.6,0.7035529730552134,0.0172280485373765,0.001397618143853552,0.9299151482428588,0.9459155192452894,0.0001689090843932167,9247.0,536741.0,377423549.0,265537460.0,1114979.0,1178730.0,377427894.0,350975916.0
52.8,redis-benchmark,STREAM,5,0.6986906718782937,16141.900000000001,0.0014186850081281026,7552.0,541987.0,263204832.0,376711530.0,26446888.96,0.6986906718782937,0.013933913544051794,0.0014186850081281026,0.9093948484021561,0.945100081366965,0.0001566384072280419,7552.0,541987.0,376711530.0,263204832.0,1016337.0,1075375.0,376906284.0,342756633.0
52.9,redis-benchmark,STREAM,5,0.6986468905520867,16034.8,0.0014173280826818842,9027.0,543507.0,263462493.0,377103937.0,26271416.32,0.6986468905520867,0.0166088017265647,0.0014173280826818842,0.8985392356396542,0.9418750589517086,0.00016014455337756185,9027.0,543507.0,377103937.0,263462493.0,978595.0,1038986.0,377103053.0,338841889.0
53.0,redis-benchmark,STREAM,5,0.7032657619293282,16598.600000000002,0.0013936153033732644,8456.0,534116.0,265265945.0,377191610.0,27195146.240000002,0.7032657619293282,0.015831766882100518,0.0013936153033732644,0.965491103043183,0.9461212135945933,0.00016460524907902874,8456.0,534116.0,377191610.0,265265945.0,1089697.0,1151752.0,376992838.0,363983231.0
53.1,redis-benchmark,STREAM,5,0.6992674916602177,13114.300000000001,0.001428064600949646,7576.0,551524.0,266350103.0,380898735.0,21486469.12,0.6992674916602177,0.013736482909175304,0.001428064600949646,1.368223266778242,0.8601263786254799,0.0002714004320151269,7576.0,551524.0,380898735.0,266350103.0,620158.0,721008.0,371591155.0,508419664.0
53.3,redis-benchmark,STREAM,5,0.7021092134584397,9067.3,0.0014243927622096557,5875.0,542630.0,264576345.0,376830755.0,14855864.32,0.7021092134584397,0.010826898623371358,0.0014243927622096557,0.5888629122485354,0.3790421255025345,3.770961000166705e-05,5875.0,542630.0,376830755.0,264576345.0,8674.0,22884.0,376827021.0,221899457.0
53.4,redis-benchmark,STREAM,5,0.7000357196784,16137.1,0.0014071897364551064,7720.0,535610.0,262609829.0,375137756.0,26439024.64,0.7000357196784,0.014413472489311253,0.0014071897364551064,0.8401274019470686,0.9600797216374723,9.257504223159569e-05,7720.0,535610.0,375137756.0,262609829.0,839631.0,874543.0,377121081.0,316829754.0
53.5,redis-benchmark,STREAM,5,0.6975090975218311,16280.0,0.00143232622335142,8688.0,548950.0,263094855.0,377192005.0,26673152.0,0.6975090975218311,0.01582657801256945,0.00143232622335142,0.9605683917931924,0.9477720945832635,0.0001652267794912478,8688.0,548950.0,377192005.0,263094855.0,1130313.0,1192600.0,376978842.0,362113960.0
53.6,redis-benchmark,STREAM,5,0.700363323820089,16515.7,0.0014134700040086272,8513.0,541415.0,264048770.0,377016844.0,27059322.88,0.700363323820089,0.015723613124867246,0.0014134700040086272,0.9046827076657087,0.9467097822507909,0.00015786633797134028,8513.0,541415.0,377016844.0,264048770.0,1058058.0,1117616.0,377268522.0,341308308.0
53.7,redis-benchmark,STREAM,5,0.6973821330387174,16146.5,0.0014264577188594142,7568.0,545492.0,262986124.0,377104763.0,26454425.6,0.6973821330387174,0.013873714004971659,0.0014264577188594142,0.9093112006719805,0.9425657242427264,0.00015577636776786702,7568.0,545492.0,377104763.0,262986124.0,963945.0,1022682.0,377059761.0,342864664.0
53.9,redis-benchmark,STREAM,5,0.6988866322963299,15898.2,0.0014200958882547247,7914.0,543428.0,263548102.0,377097071.0,26047610.880000003,0.6988866322963299,0.014563106796116505,0.0014200958882547247,0.9858877366357603,0.9486487516297316,0.00016439771618228076,7914.0,543428.0,377097071.0,263548102.0,1145260.0,1207254.0,377097696.0,371775994.0
54.0,redis-benchmark,STREAM,5,0.7024852695726371,10405.0,0.001423964337057967,7014.0,544021.0,264922019.0,377121102.0,17047552.0,0.7024852695726371,0.01289288464967345,0.001423964337057967,1.193450869479721,0.4677545238110854,0.00021969015577432178,7014.0,544021.0,377121102.0,264922019.0,71319.0,152471.0,369392974.0,440852366.0
54.1,redis-benchmark,STREAM,5,0.6981743663622104,1747.0,0.0014113090436536167,5522.0,538818.0,263821449.0,377873296.0,2862284.8,0.6981743663622104,0.010248358443853026,0.0014113090436536167,0.6197158715734145,0.9428930220449168,3.916864935633473e-05,5522.0,538818.0,377873296.0,263821449.0,246278.0,261194.0,380814765.0,235996954.0
54.2,redis-benchmark,STREAM,5,0.6983901828567156,12355.599999999999,0.0014374242433539675,7011.0,549074.0,263367951.0,377107178.0,20243415.04,0.6983901828567156,0.012768770693931966,0.0014374242433539675,0.9977955119559083,0.9529949443217205,0.00015150594772022,7011.0,549074.0,377107178.0,263367951.0,1158332.0,1215465.0,377100707.0,376269393.0
54.3,redis-benchmark,STREAM,5,0.7026596379271752,16217.6,0.00141532110211362,8210.0,541949.0,264983580.0,377115129.0,26570915.84,0.7026596379271752,0.015149026937959107,0.00141532110211362,0.8992088682186161,0.9456145182690875,0.00016651255339187451,8210.0,541949.0,377115129.0,264983580.0,1091833.0,1154628.0,377118714.0,339108492.0
54.4,redis-benchmark,STREAM,5,0.6974295396549336,15782.5,0.001441690401661483,8766.0,558045.0,265718215.0,380996502.0,25858048.0,0.6974295396549336,0.015708410612047415,0.001441690401661483,0.9207061321727495,0.9422445216596359,0.0001565373455168152,8766.0,558045.0,380996502.0,265718215.0,972973.0,1032612.0,380988957.0,350778869.0
54.5,redis-benchmark,STREAM,5,0.7004557155707072,16171.0,0.0014355400718669513,8310.0,549664.0,264147627.0,377108247.0,26494566.4,0.7004557155707072,0.015118326832392153,0.0014355400718669513,0.887845410963193,0.9421307145374417,0.00016444939265591204,8310.0,549664.0,377108247.0,264147627.0,1037252.0,1100964.0,387426180.0,343974556.0
54.6,redis-benchmark,STREAM,5,0.6972180849141351,16766.1,0.0014412098265793717,8050.0,551555.0,262932925.0,377117190.0,27469578.24,0.6972180849141351,0.014595099310132262,0.0014412098265793717,1.0038676088090395,0.9481672143609131,0.00016345504848939722,8050.0,551555.0,377117190.0,262932925.0,1127587.0,1189228.0,377112855.0,378571380.0
54.7,redis-benchmark,STREAM,5,0.7016184559436012,16007.8,0.001432254851118731,7498.0,547168.0,264368057.0,376797467.0,26227179.52,0.7016184559436012,0.013703286741914731,0.001432254851118731,1.361689073494998,0.8558771483449662,0.00028932656381522586,7498.0,547168.0,376797467.0,264368057.0,634086.0,740861.0,369046653.0,502526795.0
54.8,redis-benchmark,STREAM,5,0.6990779095670758,7109.300000000001,0.0014257999989493715,6673.0,544353.0,263627585.0,377107589.0,11647877.120000001,0.6990779095670758,0.012258589554939534,0.0014257999989493715,0.5934193953255581,0.4363827141302658,3.845858826788029e-05,6673.0,544353.0,377107589.0,263627585.0,11229.0,25732.0,377106926.0,223782564.0
54.9,redis-benchmark,STREAM,5,0.6990541341429354,1810.2,0.0014315835229698037,7291.0,547172.0,263628380.0,377121552.0,2965831.68,0.6990541341429354,0.013324877734971818,0.0014315835229698037,0.8534217395745918,0.9605306787719151,8.964015794221934e-05,7291.0,547172.0,377121552.0,263628380.0,822683.0,856488.0,377118925.0,321841489.0
55.0,redis-benchmark,STREAM,5,0.7023585445720645,15205.1,0.0014187610767783787,7368.0,542380.0,264858020.0,377098025.0,24912035.84,0.7023585445720645,0.013584571702496405,0.0014187610767783787,0.9199891964700655,0.9470070833127637,0.00016509930431459646,7368.0,542380.0,377098025.0,264858020.0,1112614.0,1174874.0,377106374.0,346933790.0
55.1,redis-benchmark,STREAM,5,0.6980464559542839,16276.400000000001,0.0014358857225688275,7773.0,549262.0,263241337.0,377111487.0,26667253.76,0.6980464559542839,0.014151716302966527,0.0014358857225688275,0.910370346377464,0.9453936083777196,0.00015397847942061907,7773.0,549262.0,377111487.0,263241337.0,1005324.0,1063392.0,377117635.0,343316712.0
55.4,redis-benchmark,STREAM,5,0.7011463568572944,15722.5,0.0014071564591989305,9460.0,540098.0,264401942.0,377099502.0,25759744.0,0.7011463568572944,0.017515339808701385,0.0014071564591989305,0.9805085345711808,0.9477692003302108,0.0001611813427878318,9460.0,540098.0,377099502.0,264401942.0,1111339.0,1172584.0,379975740.0,372569456.0
55.5,redis-benchmark,STREAM,5,0.6978584829682671,17037.0,0.0014242423034429446,7491.0,543049.0,262415807.0,376030117.0,27913420.8,0.6978584829682671,0.013794335317807417,0.0014242423034429446,0.9480123938515469,0.9475531067211956,0.00016442036066380357,7491.0,543049.0,376030117.0,262415807.0,1130898.0,1193493.0,380701026.0,360909291.0
55.6,redis-benchmark,STREAM,5,0.7011448112705886,3746.3,0.0014254944163588988,8080.0,550775.0,266930392.0,380706507.0,6137937.92,0.7011448112705886,0.01467023739276474,0.0014254944163588988,1.2064823471285746,0.5371737054475804,0.00022569782206971806,8080.0,550775.0,380706507.0,266930392.0,97316.0,181163.0,371501148.0,448209577.0
55.7,redis-benchmark,STREAM,5,0.7018842825693377,3762.0000000000005,0.0014048580766355073,5240.0,539622.0,266983785.0,380381484.0,6163660.800000001,0.7018842825693377,0.009710501054441814,0.0014048580766355073,0.635982800786202,0.9455157306123625,4.007945899844049e-05,5240.0,539622.0,380381484.0,266983785.0,262426.0,277548.0,377300502.0,239956630.0
55.8,redis-benchmark,STREAM,5,0.7012936685630013,16728.0,0.0014278206728471174,9234.0,548483.0,264859528.0,377672778.0,27407155.2,0.7012936685630013,0.01683552635177389,0.0014278206728471174,0.9549354717349771,0.9525060341824215,0.00015082004229333905,9234.0,548483.0,377672778.0,264859528.0,1140084.0,1196931.0,376919401.0,359933706.0
55.9,redis-benchmark,STREAM,5,0.6991547663583321,15821.399999999998,0.0014283092128335715,7959.0,545780.0,263262403.0,376543815.0,25921781.759999998,0.6991547663583321,0.014582798929971783,0.0014283092128335715,0.9062441675138742,0.9466166935879381,0.00015731097540852868,7959.0,545780.0,376543815.0,263262403.0,1051942.0,1111265.0,377106555.0,341750616.0
56.0,redis-benchmark,STREAM,5,0.7007695602350367,15879.6,0.001444466388109743,8602.0,553752.0,264474500.0,377405805.0,26017136.64,0.7007695602350367,0.015534029673933457,0.001444466388109743,0.908159395105081,0.9424622594518536,0.0001574504669128705,8602.0,553752.0,377405805.0,264474500.0,972540.0,1031914.0,377096373.0,342463614.0
56.1,redis-benchmark,STREAM,5,0.6961943469151344,16718.6,0.001466052937602746,8174.0,561484.0,262754014.0,377414748.0,27391754.24,0.6961943469151344,0.014557850268217794,0.001466052937602746,0.9341299681477178,0.9450067110514573,0.00016405951833665572,8174.0,561484.0,377414748.0,262754014.0,1063142.0,1125010.0,377107044.0,352266991.0
56.2,redis-benchmark,STREAM,5,0.6988913136511118,15819.699999999997,0.0014201359567773068,7475.0,541600.0,262858863.0,376108356.0,25918996.479999997,0.6988913136511118,0.013801698670605614,0.0014201359567773068,0.9799309711242724,0.9476722894541244,0.0001663306788544777,7475.0,541600.0,376108356.0,262858863.0,1136025.0,1198753.0,377128263.0,369559665.0
56.3,redis-benchmark,STREAM,5,0.7006550375299414,15836.7,0.0014299768936647914,9377.0,564741.0,272115295.0,388372709.0,25946849.28,0.7006550375299414,0.01660407160096398,0.0014299768936647914,1.3799746580407597,0.860858274064021,0.0002961892735420866,9377.0,564741.0,388372709.0,272115295.0,674906.0,783992.0,368298280.0,508242293.0
56.4,redis-benchmark,STREAM,5,0.69558096734556,1621.0,0.0014366498298847095,9183.0,551899.0,262766133.0,377764984.0,2655846.4,0.69558096734556,0.016638914004192797,0.0014366498298847095,0.6059530002831621,0.3812870275791624,4.008528904304638e-05,9183.0,551899.0,377764984.0,262766133.0,9332.0,24475.0,377769510.0,228910568.0
56.5,redis-benchmark,STREAM,5,0.7033398977500959,6525.599999999999,0.0014372008748943738,7055.0,558282.0,269760441.0,383542071.0,10691543.04,0.7033398977500959,0.012636982743488057,0.0014372008748943738,0.8258349995226058,0.9615240081998607,8.324431702813133e-05,7055.0,558282.0,383542071.0,269760441.0,798313.0,830258.0,383749920.0,316914115.0
56.6,redis-benchmark,STREAM,5,0.6983438651640386,16388.0,0.0014369089842148728,8370.0,550730.0,263589262.0,377449098.0,26850099.2,0.6983438651640386,0.015198009914113995,0.0014369089842148728,0.8995972315775481,0.9472451381330536,0.00016039139793106355,8370.0,550730.0,377449098.0,263589262.0,1087014.0,1147553.0,377445429.0,339548863.0
56.7,redis-benchmark,STREAM,5,0.6989293711163879,16421.9,0.0014263821547480084,7333.0,544766.0,263342967.0,376780513.0,26905640.96,0.6989293711163879,0.013460825381907094,0.0014263821547480084,0.9194496576254692,0.9430165099566278,0.0001528688417372459,7333.0,544766.0,376780513.0,263342967.0,953186.0,1010784.0,376780509.0,346430710.0
56.8,redis-benchmark,STREAM,5,0.7006805767070339,15946.7,0.0013897246000226483,10053.0,542436.0,268420396.0,383085253.0,26127073.28,0.7006805767070339,0.018533061964913833,0.0013897246000226483,0.8779343742894926,0.941396077455342,0.00016658448895632828,10053.0,542436.0,383085253.0,268420396.0,1028816.0,1092862.0,384465567.0,337535537.0
56.9,redis-benchmark,STREAM,5,0.6984724145407959,15896.099999999999,0.0014294986178081124,8331.0,546855.0,263130131.0,376722295.0,26044170.24,0.6984724145407959,0.015234385714677565,0.0014294986178081124,1.0330306428815372,0.9504442672672426,0.00015995028037461514,8331.0,546855.0,376722295.0,263130131.0,1156320.0,1216610.0,376929630.0,389379858.0
57.0,redis-benchmark,STREAM,5,0.6995077697574922,17192.3,0.0014179623837072307,8968.0,547792.0,265812111.0,379998797.0,28167864.32,0.6995077697574922,0.016371177381195784,0.0014179623837072307,0.9013103263443707,0.9462199452209322,0.000165357068515962,8968.0,547792.0,379998797.0,265812111.0,1107224.0,1170155.0,380576413.0,343017451.0
57.3,redis-benchmark,STREAM,5,0.7017941770685491,9989.400000000001,0.0014312269258351079,5805.0,545387.0,264581038.0,377006602.0,16366632.96,0.7017941770685491,0.010643818059469698,0.0014312269258351079,0.6591319913324184,0.9407995810055866,3.595736927806293e-05,5805.0,545387.0,377006602.0,264581038.0,215556.0,229120.0,377224482.0,248640724.0
57.4,redis-benchmark,STREAM,5,0.6981088216122163,15827.8,0.00143424625975584,8155.0,549024.0,263264009.0,377110274.0,25932267.52,0.6981088216122163,0.014853631170950633,0.00143424625975584,0.9093450590439917,0.9518252616930232,0.0001507314677905067,8155.0,549024.0,377110274.0,263264009.0,1123071.0,1179913.0,377107719.0,342921041.0
57.5,redis-benchmark,STREAM,5,0.6976945556490982,16100.2,0.0014448492964461326,7868.0,552742.0,263110917.0,377114763.0,26378567.68,0.6976945556490982,0.014234489146835233,0.0014448492964461326,0.9135751462637058,0.9449578446611088,0.000154937543292123,7868.0,552742.0,377114763.0,263110917.0,1003120.0,1061550.0,377119701.0,344527186.0
57.6,redis-benchmark,STREAM,5,0.7034250208589895,16863.699999999997,0.0014096523467828448,8862.0,540893.0,265486677.0,377420008.0,27629486.08,0.7034250208589895,0.016384016801844356,0.0014096523467828448,0.8896566871371737,0.9412588754557667,0.00016221556251644548,8862.0,540893.0,377420008.0,265486677.0,980980.0,1042200.0,377399055.0,335755593.0
57.7,redis-benchmark,STREAM,5,0.7010562326280706,15807.1,0.0013962550855499828,8526.0,534640.0,264160541.0,376803641.0,25898352.64,0.7010562326280706,0.01594717941044441,0.0013962550855499828,0.9902097460618574,0.9480997177718399,0.00016139573344510795,8526.0,534640.0,376803641.0,264160541.0,1110933.0,1171747.0,376800543.0,373111570.0
57.8,redis-benchmark,STREAM,5,0.7023774277794108,15890.599999999999,0.00140763432015469,8808.0,539752.0,264928949.0,377188871.0,26035159.04,0.7023774277794108,0.016318605581822763,0.00140763432015469,0.93358248662164,0.9474683243558805,0.00016422182940093957,8808.0,539752.0,377188871.0,264928949.0,1116599.0,1178508.0,376983987.0,351945648.0
57.9,redis-benchmark,STREAM,5,0.6972155640959637,9931.1,0.0014020080691981647,7896.0,545758.0,267477603.0,383636879.0,16271114.24,0.6972155640959637,0.01446795099659556,0.0014020080691981647,1.3901472693558896,0.864869710296582,0.0002945130346890869,7896.0,545758.0,383636879.0,267477603.0,709143.0,819942.0,376210853.0,522988490.0
58.0,redis-benchmark,STREAM,5,0.7013876775435667,1765.3,0.0014219018957166334,7997.0,544221.0,264505524.0,377117438.0,2892267.52,0.7013876775435667,0.014694398047851883,0.0014219018957166334,0.6079069243326267,0.4286643891329104,4.669056181136407e-05,7997.0,544221.0,377117438.0,264505524.0,13175.0,30735.0,376093140.0,228629624.0
58.1,redis-benchmark,STREAM,5,0.7014804832890215,12531.099999999999,0.001401392548882182,7379.0,540860.0,267039032.0,380679204.0,20530954.24,0.7014804832890215,0.013643086935621048,0.001401392548882182,0.8021682667480301,0.9614747281548193,8.11697659797204e-05,7379.0,540860.0,380679204.0,267039032.0,771121.0,802019.0,380658976.0,305352551.0
58.2,redis-benchmark,STREAM,5,0.7001819884595587,16503.3,0.0014208431956932099,7735.0,544053.0,264293910.0,377464594.0,27039006.72,0.7001819884595587,0.014217364852321373,0.0014208431956932099,0.9066385066819106,0.9469078709148756,0.00015654483543434125,7735.0,544053.0,377464594.0,264293910.0,1053881.0,1112971.0,377463746.0,342223167.0
58.3,redis-benchmark,STREAM,5,0.7024115365452686,16133.3,0.0014172499613283494,8825.0,548013.0,267230116.0,380446650.0,26432798.72,0.7024115365452686,0.01610363257805928,0.0014172499613283494,0.9113372160645403,0.9420578756449227,0.0001581633187238826,8825.0,548013.0,380446650.0,267230116.0,977776.0,1037915.0,380233549.0,346520984.0
58.4,redis-benchmark,STREAM,5,0.6992543845440045,15858.900000000001,0.0014150173919520027,8849.0,542461.0,263693247.0,377106319.0,25983221.76,0.6992543845440045,0.01631269344708652,0.0014150173919520027,0.9255407824101574,0.9441280033140017,0.00016595249840834007,8849.0,542461.0,377106319.0,263693247.0,1057514.0,1120096.0,377107911.0,349028751.0
58.5,redis-benchmark,STREAM,5,0.6999268626656704,17026.2,0.0014409161494687004,8131.0,551877.0,264125315.0,377361306.0,27895726.080000002,0.6999268626656704,0.014733355439708485,0.0014409161494687004,0.9880027059763695,0.9468997561135395,0.00016959098218908796,8131.0,551877.0,377361306.0,264125315.0,1141856.0,1205889.0,377573142.0,373043286.0
58.6,redis-benchmark,STREAM,5,0.7006897563504663,16052.5,0.0013961712187351059,9028.0,535832.0,264384598.0,377320484.0,26300416.0,0.7006897563504663,0.0168485644754326,0.0013961712187351059,0.9004381808776054,0.945756837070071,0.00016425269468695215,9028.0,535832.0,377320484.0,264384598.0,1080513.0,1142485.0,377296702.0,339732356.0
58.7,redis-benchmark,STREAM,5,0.6986926653682836,6324.9,0.0014327397968292017,8033.0,547531.0,263092640.0,376549881.0,10362716.16,0.6986926653682836,0.014671315414104406,0.0014327397968292017,1.266015185964546,0.6695612015956306,0.000246512785821268,8033.0,547531.0,376549881.0,263092640.0,184130.0,275001.0,368625910.0,466686000.0
58.8,redis-benchmark,STREAM,5,0.7015570740945803,1780.6,0.0014398921288530187,5813.0,548801.0,264559452.0,377103249.0,2917335.04,0.7015570740945803,0.010592181865557826,0.0014398921288530187,0.5866622143666567,0.8576641146766575,3.475851123220878e-05,5813.0,548801.0,377103249.0,264559452.0,78978.0,92085.0,377087497.0,221222986.0
58.9,redis-benchmark,STREAM,5,0.6990185568724113,15906.199999999999,0.0014230978903677525,8057.0,544838.0,263664139.0,377191902.0,26060718.08,0.6990185568724113,0.014787881902510472,0.0014230978903677525,0.946744772129732,0.9572991531757314,0.00014109913047491757,8057.0,544838.0,377191902.0,263664139.0,1192520.0,1245713.0,376990275.0,356913572.0
59.0,redis-benchmark,STREAM,5,0.7012650786954004,15936.599999999999,0.0014293455959110508,8647.0,547685.0,264462651.0,377122231.0,26110525.439999998,0.7012650786954004,0.015788272455882487,0.0014293455959110508,0.9174825656648361,0.9417800939957647,0.00015688277167702123,8647.0,547685.0,377122231.0,264462651.0,957052.0,1016216.0,377122353.0,346003184.0
59.3,redis-benchmark,STREAM,5,0.702516101872727,16081.100000000002,0.0014166599379973359,8532.0,547850.0,267445679.0,380696867.0,26347274.240000002,0.702516101872727,0.015573605914027563,0.0014166599379973359,1.007399253220949,0.9473222949849248,0.0001678338748187087,8532.0,547850.0,380696867.0,267445679.0,1149029.0,1212923.0,380697878.0,383514758.0
59.4,redis-benchmark,STREAM,5,0.7005549377516895,16611.199999999997,0.0014157831334258124,9271.0,543648.0,264419343.0,377442694.0,27215790.08,0.7005549377516895,0.017053313908999942,0.0014157831334258124,0.899608962790043,0.9449220263879029,0.00017019230864508822,9271.0,543648.0,377442694.0,264419343.0,1102055.0,1166292.0,377437738.0,339546372.0
59.6,redis-benchmark,STREAM,5,0.7021347530927862,2888.3,0.0014548633332860982,7282.0,556350.0,264986900.0,377401772.0,4732190.720000001,0.7021347530927862,0.013088882897456636,0.0014548633332860982,0.6710869715519869,0.20101432643541997,0.00017541202014383103,7282.0,556350.0,377401772.0,264986900.0,16290.0,81039.0,369125217.0,247715124.0
59.7,redis-benchmark,STREAM,5,0.700229624925891,4443.9,0.0014163497229536717,6095.0,539785.0,263851182.0,376806654.0,7280885.76,0.700229624925891,0.011291532739887178,0.0014163497229536717,0.754206886918251,0.9622666455848036,7.347069941637632e-05,6095.0,539785.0,376806654.0,263851182.0,705965.0,733648.0,376789662.0,284177358.0
59.8,redis-benchmark,STREAM,5,0.7025681489596703,16924.2,0.0013938419564787775,9216.0,538544.0,266808580.0,379761850.0,27728609.28,0.7025681489596703,0.01711280786713806,0.0013938419564787775,0.9204527354747077,0.9458110341418963,0.00014750124883383415,9216.0,538544.0,379761850.0,266808580.0,979777.0,1035912.0,380573049.0,350299504.0
59.9,redis-benchmark,STREAM,5,0.7019294853145194,15826.900000000001,0.0013947242559316042,8522.0,534906.0,264915770.0,377410802.0,25930792.96,0.7019294853145194,0.01593177118970436,0.0013947242559316042,0.8777094713701302,0.9427232445588057,0.0001633727057871314,8522.0,534906.0,377410802.0,264915770.0,1014851.0,1076510.0,377413104.0,331259056.0
60.0,redis-benchmark,STREAM,5,0.6997989814105712,23559.300000000003,0.001390559124253905,5722.5,300160.0,148175693.5,211740367.5,38599557.120000005,0.6997989814105712,0.019064832089552237,0.001390559124253905,0.9507686871313301,0.9477629738492578,0.00015703372478722137,5722.5,300160.0,211740367.5,148175693.5,588140.0,620556.0,206426995.5,196264323.5
