time_step,victim,attacker,run_id,IPC,Total_MB_per_sec,cache_dominance_score,LLC-load-misses,LLC-loads,instructions,cycles,cas_count_total,victim_IPC,victim_miss_rate,victim_cache_dominance,attacker_IPC,attacker_miss_rate,attacker_cache_dominance,victim_LLC-load-misses,victim_LLC-loads,victim_cycles,victim_instructions,attacker_LLC-load-misses,attacker_LLC-loads,attacker_cycles,attacker_instructions
0.1,mcf,stress-ng,8,0.21360064248740132,15349.2,0.003023554037518809,8383273.0,9534168.0,81305612.0,380643106.0,25148129.28,0.21360064248740132,0.8792873169426005,0.003023554037518809,1.462037008940025,0.8628963394986144,9.083684215398637e-05,8383273.0,9534168.0,380643106.0,81305612.0,214233.0,248272.0,374726809.0,547864463.0
0.2,mcf,stress-ng,8,0.21401698513667602,14914.6,0.00302489830346542,8325602.0,9466728.0,80736713.0,377244418.0,24436080.64,0.21401698513667602,0.8794593020946625,0.00302489830346542,1.51195149646057,0.8873019263331569,9.526247794286513e-05,8325602.0,9466728.0,377244418.0,80736713.0,286642.0,323049.0,382175656.0,577831055.0
0.3,mcf,stress-ng,8,0.2143129751629023,14924.8,0.003029264063733828,8356354.0,9498927.0,80834227.0,377178409.0,24452792.32,0.2143129751629023,0.8797155720851418,0.003029264063733828,1.5194818019123801,0.8874866804462532,9.355143395579789e-05,8356354.0,9498927.0,377178409.0,80834227.0,276516.0,311572.0,374724347.0,569386826.0
0.4,mcf,stress-ng,8,0.21155148361596432,15298.400000000001,0.0029941888672659193,8244382.0,9373506.0,79777151.0,377105136.0,25064898.560000002,0.21155148361596432,0.879540910306133,0.0029941888672659193,1.4408430616097097,0.851661723147348,8.474275547640551e-05,8244382.0,9373506.0,377105136.0,79777151.0,182328.0,214085.0,374745898.0,539950027.0
0.5,mcf,stress-ng,8,0.20291092218102125,17368.5,0.0028870345897295726,7903703.0,8992620.0,76532908.0,377174906.0,28456550.4,0.20291092218102125,0.8789099283634803,0.0028870345897295726,1.2953892941435516,0.12742627528434244,6.838196243844239e-05,7903703.0,8992620.0,377174906.0,76532908.0,3742.0,29366.0,374718699.0,485406591.0
0.6,mcf,stress-ng,8,0.2034214273513748,17398.1,0.002891938604697808,7925618.0,9016227.0,76714367.0,377120385.0,28505047.04,0.2034214273513748,0.8790393143384699,0.002891938604697808,1.2933394881843123,0.12409013338905722,6.711365015911218e-05,7925618.0,9016227.0,377120385.0,76714367.0,3563.0,28713.0,374737478.0,484662778.0
0.7,mcf,stress-ng,8,0.20325701742712665,17365.7,0.0028936358189625834,7920235.0,9011777.0,76672942.0,377221623.0,28451962.88,0.20325701742712665,0.8788760529693533,0.0028936358189625834,1.2957147002923939,0.11703941088231283,6.906892083828809e-05,7920235.0,9011777.0,377221623.0,76672942.0,3433.0,29332.0,374973283.0,485858395.0
0.8,mcf,stress-ng,8,0.21151237506747708,16191.100000000002,0.002998226334466567,8713537.0,9909208.0,84349607.0,398792775.0,26527498.240000002,0.21151237506747708,0.8793373799399508,0.002998226334466567,1.4291632988889338,0.8418544782232208,9.013316050701514e-05,8713537.0,9909208.0,398792775.0,84349607.0,179858.0,213645.0,374856488.0,535731135.0
0.9,mcf,stress-ng,8,0.21314630859427078,15273.099999999999,0.003019324153314747,8304938.0,9443964.0,80408454.0,377245351.0,25023447.04,0.21314630859427078,0.879391111613725,0.003019324153314747,1.4517508693091608,0.8601892824460141,9.075701122020452e-05,8304938.0,9443964.0,377245351.0,80408454.0,217135.0,252427.0,388862519.0,564531500.0
1.1,mcf,stress-ng,8,0.2135277911796387,15074.5,0.0030253531778008606,8791099.0,9997498.0,85146989.0,398763030.0,24698060.8,0.2135277911796387,0.8793299083430675,0.0030253531778008606,1.4537060403133724,0.8628321042730022,9.037667208218892e-05,8791099.0,9997498.0,398763030.0,85146989.0,217394.0,251954.0,382399564.0,555896556.0
1.2,mcf,stress-ng,8,0.2138162897371665,14884.9,0.003021764170218676,8328878.0,9469172.0,80685791.0,377360355.0,24387420.16,0.2138162897371665,0.879578277805071,0.003021764170218676,1.4998006379114266,0.8860026917900404,9.354022760912612e-05,8328878.0,9469172.0,377360355.0,80685791.0,283069.0,319490.0,389361892.0,583965214.0
1.3,mcf,stress-ng,8,0.2137881950608604,14897.2,0.0030227975007455893,8809126.0,10014463.0,85247795.0,398748841.0,24407572.48,0.2137881950608604,0.8796403761240118,0.0030227975007455893,1.5174894806204666,0.8894725737087396,9.319953273755839e-05,8809126.0,10014463.0,398748841.0,85247795.0,286661.0,322282.0,382201487.0,579986736.0
1.4,mcf,stress-ng,8,0.21366357118586424,16011.099999999999,0.0030218917347171626,8323310.0,9463436.0,80612879.0,377288831.0,26232586.24,0.21366357118586424,0.8795230400459199,0.0030218917347171626,1.5105704467137666,0.8873764786848632,9.252315165649455e-05,8323310.0,9463436.0,377288831.0,80612879.0,273351.0,308044.0,374965610.0,566411969.0
1.5,mcf,stress-ng,8,0.20337843690407784,17420.6,0.002887041304966151,8374949.0,9526192.0,81099637.0,398762220.0,28541911.04,0.20337843690407784,0.8791497169068186,0.002887041304966151,1.2947732789780124,0.13968200836820083,6.856357608811378e-05,8374949.0,9526192.0,398762220.0,81099637.0,4173.0,29875.0,374863761.0,485363581.0
1.6,mcf,stress-ng,8,0.20283281121089805,17387.4,0.0028864957445581957,7896843.0,8985274.0,76483577.0,377076946.0,28487516.16,0.20283281121089805,0.8788650184735601,0.0028864957445581957,1.2909566959370455,0.1174867066029481,6.741982189659141e-05,7896843.0,8985274.0,377076946.0,76483577.0,3491.0,29714.0,388950894.0,502118761.0
1.7,mcf,stress-ng,8,0.20330009211878095,17397.9,0.0028908072098530898,8374077.0,9526935.0,81076364.0,398801413.0,28504719.36,0.20330009211878095,0.8789896225806096,0.0028908072098530898,1.2964510590272382,0.10794688595308709,6.923578521699769e-05,8374077.0,9526935.0,398801413.0,81076364.0,3203.0,29672.0,382302301.0,495636223.0
1.8,mcf,stress-ng,8,0.20954720802115748,15509.2,0.0029729725351914397,8161680.0,9283112.0,79043093.0,377209001.0,25410273.28,0.20954720802115748,0.879196545296448,0.0029729725351914397,1.3887861913756017,0.8085343778747144,8.290675817596363e-05,8161680.0,9283112.0,377209001.0,79043093.0,136234.0,168495.0,389123887.0,540409881.0
1.9,mcf,stress-ng,8,0.6080371842599593,10912.6,0.0019912777374005617,5415008.0,6182025.0,234208844.0,385188357.0,17879203.84,0.6080371842599593,0.8759278715307687,0.0019912777374005617,1.4850967961599046,0.8673772763852046,9.241407834361243e-05,5415008.0,6182025.0,385188357.0,234208844.0,232811.0,268408.0,385190229.0,572044775.0
2.0,mcf,stress-ng,8,1.002063807349603,7349.8,2.165701801959024e-05,17221.0,25622.0,388711781.0,387911207.0,12041912.32,1.002063807349603,0.6721177113418156,2.165701801959024e-05,1.527767661047006,0.8810790185311147,9.291848716186215e-05,17221.0,25622.0,387911207.0,388711781.0,265544.0,301385.0,385725178.0,589298453.0
2.1,mcf,stress-ng,8,0.5289124118094496,12026.3,0.0018145582970682135,5123945.0,5828067.0,205239405.0,388040440.0,19703889.919999998,0.5289124118094496,0.879184299013721,0.0018145582970682135,1.5293752914764538,0.8868932687286726,9.663293414009555e-05,5123945.0,5828067.0,388040440.0,205239405.0,292132.0,329388.0,385541434.0,589637543.0
2.2,mcf,stress-ng,8,0.21378710025134467,14832.2,0.0030210210281731136,8565926.0,9737982.0,82942307.0,387966846.0,24301076.48,0.21378710025134467,0.8796407715684831,0.0030210210281731136,1.5068103637231112,0.8860372626407345,9.754829280894542e-05,8565926.0,9737982.0,387966846.0,82942307.0,292519.0,330143.0,385696140.0,581170941.0
2.5,mcf,stress-ng,8,0.2023694895765599,17320.5,0.0028761954054090087,8111614.0,9227498.0,78513746.0,387972249.0,28377907.2,0.2023694895765599,0.8790697109877456,0.0028761954054090087,1.301902941999505,0.36303974039183395,6.819736802652872e-05,8111614.0,9227498.0,387972249.0,78513746.0,14991.0,41293.0,385674708.0,502111037.0
2.6,mcf,stress-ng,8,0.2022363593436483,17362.6,0.002875369370205188,8107197.0,9222992.0,78478376.0,388052753.0,28446883.84,0.2022363593436483,0.8790202788856372,0.002875369370205188,1.2951171992347807,0.11953206181074649,6.80923303587896e-05,8107197.0,9222992.0,388052753.0,78478376.0,3566.0,29833.0,385755633.0,499598755.0
2.8,mcf,stress-ng,8,0.2091639188207564,16667.5,0.002965757771511063,8382233.0,9532893.0,81151791.0,387981787.0,27308032.0,0.2091639188207564,0.8792958234189768,0.002965757771511063,1.3880438009830351,0.8052568408035595,8.332401970539666e-05,8382233.0,9532893.0,387981787.0,81151791.0,132840.0,164966.0,385555091.0,535167354.0
2.9,mcf,stress-ng,8,0.21245785667920256,15248.699999999999,0.003007104985550455,8515023.0,9681904.0,82442428.0,388041324.0,24983470.08,0.21245785667920256,0.8794781480997953,0.003007104985550455,1.4572133027972025,0.8583892746542537,9.540305543919475e-05,8515023.0,9681904.0,388041324.0,82442428.0,223134.0,259945.0,385847181.0,562261645.0
3.0,mcf,stress-ng,8,0.21243228332428174,15266.300000000001,0.00300802014462374,8509500.0,9676461.0,82413075.0,387949862.0,25012305.92,0.21243228332428174,0.8794020871886943,0.00300802014462374,1.4510956592212876,0.860043903536329,9.361541106516364e-05,8509500.0,9676461.0,387949862.0,82413075.0,221752.0,257838.0,385470721.0,559354890.0
3.1,mcf,stress-ng,8,0.2130579338634516,15153.600000000002,0.0030116264875676827,8536690.0,9705279.0,82671991.0,388025874.0,24827658.240000002,0.2130579338634516,0.8795924362401122,0.0030116264875676827,1.4903176181230984,0.8735136992621394,0.00010317006364302813,8536690.0,9705279.0,388025874.0,82671991.0,274534.0,314287.0,385315261.0,574242122.0
3.2,mcf,stress-ng,8,0.21306631903808732,14842.6,0.0030085379300535137,8538008.0,9705504.0,82682712.0,388060921.0,24318115.84,0.21306631903808732,0.8797078441263844,0.0030085379300535137,1.5102694901117095,0.8803352983872396,0.00010511999347336948,8538008.0,9705504.0,388060921.0,82682712.0,298365.0,338922.0,385816234.0,582686487.0
3.3,mcf,stress-ng,8,0.21326717117472427,14835.8,0.0030140734457591266,8545545.0,9714759.0,82730221.0,387918218.0,24306974.72,0.21326717117472427,0.8796455990313296,0.0030140734457591266,1.5082312643385147,0.8822219099972485,0.00010431687478682995,8545545.0,9714759.0,387918218.0,82730221.0,301397.0,341634.0,385718994.0,581753446.0
3.4,mcf,stress-ng,8,0.20412271259956885,15314.400000000001,0.0028977433848259146,8185297.0,9309741.0,79208035.0,388041262.0,25091112.96,0.20412271259956885,0.8792185518372638,0.0028977433848259146,1.3414295506647274,0.6906524078119396,7.380609692501667e-05,8185297.0,9309741.0,388041262.0,79208035.0,63549.0,92013.0,385659196.0,517334642.0
3.5,mcf,stress-ng,8,0.20258626473881006,17336.600000000002,0.0028790278362172445,8115309.0,9232430.0,78607566.0,388020215.0,28404285.44,0.20258626473881006,0.879000328190953,0.0028790278362172445,1.294817585518913,0.1265171018756896,6.771201402666357e-05,8115309.0,9232430.0,388020215.0,78607566.0,3784.0,29909.0,385825180.0,499573228.0
3.6,mcf,stress-ng,8,0.20232959556260263,17318.800000000003,0.002875962058493638,8104898.0,9220227.0,78465592.0,387810749.0,28375121.92,0.20232959556260263,0.8790345400389817,0.002875962058493638,1.2921294246994213,0.11876642602881,6.873643474562656e-05,8104898.0,9220227.0,387810749.0,78465592.0,3570.0,30059.0,385370584.0,497948671.0
3.9,mcf,stress-ng,8,0.21177550329093764,15178.5,0.003000167827382906,8475944.0,9639383.0,82124699.0,387791306.0,24868454.4,0.21177550329093764,0.8793035819823738,0.003000167827382906,1.4530485592869056,0.8486829920968187,0.00010389198339457589,8475944.0,9639383.0,387791306.0,82124699.0,224542.0,264577.0,385352158.0,559935398.0
4.0,mcf,stress-ng,8,0.21134746615903702,15139.2,0.002993837326639077,8464550.0,9626253.0,82009461.0,388031437.0,24804065.28,0.21134746615903702,0.8793192948492005,0.002993837326639077,1.448131554043688,0.8522024664639266,0.00010270541927871342,8464550.0,9626253.0,388031437.0,82009461.0,228386.0,267995.0,385656378.0,558481170.0
4.1,mcf,stress-ng,8,0.21205274339568903,15014.300000000001,0.0029993543784495548,8489495.0,9653188.0,82272470.0,387981163.0,24599429.12,0.21205274339568903,0.8794498770768786,0.0029993543784495548,1.4767865866127892,0.8678220602450558,0.00010497454488535693,8489495.0,9653188.0,387981163.0,82272470.0,265741.0,306216.0,385569664.0,569404108.0
4.2,mcf,stress-ng,8,0.21176923405375217,14772.4,0.0029889660121075385,8469315.0,9629235.0,82180717.0,388067310.0,24203100.16,0.21176923405375217,0.8795418327624157,0.0029889660121075385,1.512066438835585,0.8805305077014841,0.0001058797209013667,8469315.0,9629235.0,388067310.0,82180717.0,301152.0,342012.0,385909593.0,583520944.0
4.3,mcf,stress-ng,8,0.21219127706687832,14802.4,0.002999676111532879,8500339.0,9664114.0,82323189.0,387966886.0,24252252.16,0.21219127706687832,0.8795776829619353,0.002999676111532879,1.510633210638101,0.8836800528187367,0.00010408687559285749,8500339.0,9664114.0,387966886.0,82323189.0,305163.0,345332.0,385918011.0,582980564.0
4.4,mcf,stress-ng,8,0.20565323086815998,15819.7,0.0029148206403151944,8230654.0,9361498.0,79785946.0,387963494.0,25918996.48,0.20565323086815998,0.8792026660690415,0.0029148206403151944,1.3858161199389996,0.7987495895279733,8.107895734287053e-05,8230654.0,9361498.0,387963494.0,79785946.0,124053.0,155309.0,385500764.0,534233173.0
4.5,mcf,stress-ng,8,0.20116268418891015,17237.1,0.0028586002483147227,8056126.0,9165455.0,78064640.0,388067202.0,28241264.64,0.20116268418891015,0.8789662924535662,0.0028586002483147227,1.2928278522536005,0.12917765683950452,6.760224524676282e-05,8056126.0,9165455.0,388067202.0,78064640.0,3869.0,29951.0,385815588.0,498793138.0
4.6,mcf,stress-ng,8,0.20125704923735166,17265.3,0.002860562101821604,8060514.0,9170380.0,78085477.0,387988780.0,28287467.52,0.20125704923735166,0.8789727361352528,0.002860562101821604,1.2935236469461169,0.11972840180155589,6.684829083943634e-05,8060514.0,9170380.0,387988780.0,78085477.0,3509.0,29308.0,385933577.0,499214208.0
4.7,mcf,stress-ng,8,0.2032589618066355,17254.2,0.0028869344055164536,8139615.0,9259975.0,78880632.0,388079479.0,28269281.28,0.2032589618066355,0.8790104724904765,0.0028869344055164536,1.325353129425327,0.6321535481598873,7.579684393200209e-05,8139615.0,9259975.0,388079479.0,78880632.0,50260.0,79506.0,385847200.0,511383794.0
4.8,mcf,stress-ng,8,0.21086519198541293,15501.199999999999,0.0029857502098179617,8205680.0,9331918.0,79539270.0,377204361.0,25397166.08,0.21086519198541293,0.8793133415874421,0.0029857502098179617,1.4471117989898667,0.857342429393001,9.702723588189123e-05,8205680.0,9331918.0,377204361.0,79539270.0,220932.0,257694.0,378883307.0,548286504.0
4.9,mcf,stress-ng,8,0.21244527251618117,15172.8,0.003008221625132811,8274043.0,9408963.0,80149809.0,377272735.0,24859115.52,0.21244527251618117,0.87937884334331,0.003008221625132811,1.45084890013297,0.8570718624280192,9.485452893965662e-05,8274043.0,9408963.0,377272735.0,80149809.0,217302.0,253540.0,382037636.0,554278884.0
5.0,mcf,stress-ng,8,0.21267299215098967,15204.400000000001,0.0030095269880732784,8521161.0,9688586.0,82497937.0,387909796.0,24910888.96,0.21267299215098967,0.8795051207678809,0.0030095269880732784,1.477337984199789,0.8646883199799238,9.682644327340095e-05,8521161.0,9688586.0,387909796.0,82497937.0,234302.0,270967.0,378667219.0,559419466.0
5.3,mcf,stress-ng,8,0.21347701571910582,14823.5,0.0030175255796250676,8327906.0,9466511.0,80551429.0,377330687.0,24286822.4,0.21347701571910582,0.8797228461468011,0.0030175255796250676,1.5039019636752577,0.8814957284362249,9.654027677151686e-05,8327906.0,9466511.0,377330687.0,80551429.0,271781.0,308318.0,378463800.0,569172452.0
5.4,mcf,stress-ng,8,0.2100582912645903,16527.8,0.002971781817918021,8190503.0,9311311.0,79223519.0,377150164.0,27079147.52,0.2100582912645903,0.8796294098650556,0.002971781817918021,1.4468874098383104,0.8584312324308967,8.607820332242755e-05,8190503.0,9311311.0,377150164.0,79223519.0,199411.0,232297.0,382047937.0,552780350.0
5.5,mcf,stress-ng,8,0.20236373870493868,17320.4,0.0028762807800935945,8107555.0,9223494.0,78513054.0,387979855.0,28377743.36,0.20236373870493868,0.8790112510508491,0.0028762807800935945,1.2985687084171533,0.12562631856540085,7.00105688641006e-05,8107555.0,9223494.0,387979855.0,78513054.0,3811.0,30336.0,378871368.0,491990503.0
5.6,mcf,stress-ng,8,0.20269889094156376,17350.4,0.0028805791617761583,7901640.0,8988185.0,76457356.0,377196716.0,28426895.36,0.20269889094156376,0.8791140814302332,0.0028805791617761583,1.2966448713010743,0.11496932955483015,6.581193241609623e-05,7901640.0,8988185.0,377196716.0,76457356.0,3205.0,27877.0,374886424.0,486094559.0
5.7,mcf,stress-ng,8,0.2024275293968192,17136.300000000003,0.0028776191311307283,8107613.0,9224124.0,78541514.0,387998185.0,28076113.92,0.2024275293968192,0.8789575031732011,0.0028776191311307283,1.2936206467003053,0.121410544983289,6.748858128675297e-05,8107613.0,9224124.0,387998185.0,78541514.0,3560.0,29322.0,381723834.0,493805833.0
5.8,mcf,stress-ng,8,0.21060057271279684,15189.400000000001,0.0029860419647717877,8219309.0,9347480.0,79568024.0,377814851.0,24886312.96,0.21060057271279684,0.8793074711045116,0.0029860419647717877,1.4297283501342641,0.8477175139777134,9.121900339178663e-05,8219309.0,9347480.0,377814851.0,79568024.0,196044.0,231261.0,386070870.0,551976468.0
5.9,mcf,stress-ng,8,0.21158790268184288,15222.4,0.0029952038436506646,8265539.0,9398496.0,80034618.0,378257060.0,24940380.16,0.21158790268184288,0.8794533721140063,0.0029952038436506646,1.4607163693636678,0.8555296185649721,9.43107601131703e-05,8265539.0,9398496.0,378257060.0,80034618.0,212203.0,248037.0,379956645.0,555008891.0
6.0,mcf,stress-ng,8,0.21237701865459935,15221.0,0.0030071433398144365,8275259.0,9409735.0,80121432.0,377260367.0,24938086.4,0.21237701865459935,0.8794359246036153,0.0030071433398144365,1.4565385132932638,0.8573759370018438,9.144196840563782e-05,8275259.0,9409735.0,377260367.0,80121432.0,205994.0,240261.0,374740402.0,545823828.0
6.1,mcf,stress-ng,8,0.2132769622220459,14930.4,0.0030152830938154,8550719.0,9720573.0,82746097.0,387974848.0,24461967.36,0.2132769622220459,0.8796517448096939,0.0030152830938154,1.5103524383935893,0.8846943201755806,9.498337340314403e-05,8550719.0,9720573.0,387974848.0,82746097.0,273298.0,308918.0,375013002.0,566401802.0
6.2,mcf,stress-ng,8,0.8086989361434733,9150.4,0.0012616073057637451,3252429.0,3726854.0,304109679.0,376048076.0,14992015.36,0.8086989361434733,0.8727009429400776,0.0012616073057637451,1.5680283658334884,0.8989811561368045,9.50045759053121e-05,3252429.0,3726854.0,376048076.0,304109679.0,331324.0,368555.0,391886387.0,614488971.0
6.3,mcf,stress-ng,8,1.00400021667548,7339.499999999999,2.1488541305635977e-05,24176.0,32507.0,389245863.0,387694999.0,12025036.799999999,1.00400021667548,0.7437167379333682,2.1488541305635977e-05,1.5658697718463794,0.8915105073154531,9.149542918856216e-05,24176.0,32507.0,387694999.0,389245863.0,289921.0,325202.0,385603962.0,603805588.0
6.4,mcf,stress-ng,8,0.3402613234325418,16097.8,0.0023880383178139027,6718113.0,7644455.0,131990493.0,387909186.0,26374635.52,0.3402613234325418,0.8788217080223508,0.0023880383178139027,1.3075912829372172,0.13784825534216932,6.6129926147196e-05,6718113.0,7644455.0,387909186.0,131990493.0,4077.0,29576.0,385589422.0,504193367.0
6.5,mcf,stress-ng,8,0.20306060861710937,17374.3,0.0028878650802682893,8142784.0,9263020.0,78769540.0,387911474.0,28466053.12,0.20306060861710937,0.8790636315154237,0.0028878650802682893,1.2979462798396697,0.11656874265569918,6.82824610487459e-05,8142784.0,9263020.0,387911474.0,78769540.0,3472.0,29785.0,385355179.0,500170321.0
6.6,mcf,stress-ng,8,0.20291078440583918,17375.7,0.002884462611525721,8131466.0,9250456.0,78716617.0,387937079.0,28468346.88,0.20291078440583918,0.8790340714014531,0.002884462611525721,1.2982467624672174,0.11104024705447954,6.866534245896418e-05,8131466.0,9250456.0,387937079.0,78716617.0,3308.0,29791.0,385682195.0,500710661.0
6.8,mcf,stress-ng,8,0.21144665529512616,15251.599999999999,0.0029978830095817115,8477531.0,9640603.0,82033783.0,387964439.0,24988221.439999998,0.21144665529512616,0.8793569240430292,0.0029978830095817115,1.434528160050869,0.8397868577724693,8.975533042388638e-05,8477531.0,9640603.0,387964439.0,82033783.0,181399.0,216006.0,385570415.0,553111618.0
6.9,mcf,stress-ng,8,0.21325561157214282,15209.300000000001,0.0030202363796356306,8543116.0,9714565.0,82714742.0,387866661.0,24918917.12,0.21325561157214282,0.8794131286372575,0.0030202363796356306,1.4504804999556675,0.8618592222769145,9.175548156681649e-05,8543116.0,9714565.0,387866661.0,82714742.0,220617.0,255978.0,385382970.0,558990483.0
7.0,mcf,stress-ng,8,0.21304903592271582,15111.900000000001,0.0030154180800910017,8541106.0,9711044.0,82659902.0,387985337.0,24759336.96,0.21304903592271582,0.8795250026670665,0.0030154180800910017,1.4599703810077245,0.8619611329465344,9.18370504618599e-05,8541106.0,9711044.0,387985337.0,82659902.0,221062.0,256464.0,385487119.0,562799776.0
7.1,mcf,stress-ng,8,0.21363978538262324,14877.4,0.0030192898569961213,8567736.0,9738694.0,82854985.0,387825633.0,24375132.16,0.21363978538262324,0.8797623172059826,0.0030192898569961213,1.5014876150392413,0.8832862657553786,9.4662850733216e-05,8567736.0,9738694.0,387825633.0,82854985.0,276178.0,312671.0,385504976.0,578830947.0
7.2,mcf,stress-ng,8,0.21388504262782373,14859.1,0.0030214789404088625,8566060.0,9738246.0,82976932.0,387951074.0,24345149.44,0.21388504262782373,0.8796306850330131,0.0030214789404088625,1.5159773643279395,0.8872412775324979,9.513291153306903e-05,8566060.0,9738246.0,387951074.0,82976932.0,288577.0,325252.0,385513272.0,584429394.0
7.3,mcf,stress-ng,8,0.2129972144695596,16030.4,0.0030111600221207706,8540020.0,9708293.0,82638881.0,387981041.0,26264207.36,0.2129972144695596,0.8796623670093188,0.0030111600221207706,1.5022771890315887,0.881638497868455,9.341189429684439e-05,8540020.0,9708293.0,387981041.0,82638881.0,268436.0,304474.0,385796694.0,579573573.0
7.4,mcf,stress-ng,8,0.2028277013414703,17369.8,0.0028818571183565926,8134614.0,9252783.0,78697742.0,388002928.0,28458680.32,0.2028277013414703,0.8791532234139717,0.0028818571183565926,1.2967531238873684,0.13693391479369338,6.677297449503618e-05,8134614.0,9252783.0,388002928.0,78697742.0,4082.0,29810.0,385305585.0,499646221.0
7.5,mcf,stress-ng,8,0.20243516458928226,17350.3,0.002878553477884321,8110603.0,9227376.0,78537407.0,387963263.0,28426731.52,0.20243516458928226,0.8789717683553808,0.002878553477884321,1.2943913461362755,0.11556437241518443,6.821786618342495e-05,8110603.0,9227376.0,387963263.0,78537407.0,3437.0,29741.0,385588138.0,499101949.0
7.6,mcf,stress-ng,8,0.20312250116876693,17368.1,0.0028895589186617226,8145210.0,9266287.0,78806479.0,387975131.0,28455895.04,0.20312250116876693,0.8790155107434078,0.0028895589186617226,1.296997799788348,0.11284465366509751,6.841836667403595e-05,8145210.0,9266287.0,387975131.0,78806479.0,3356.0,29740.0,385627446.0,500157949.0
7.7,mcf,stress-ng,8,0.21004685882573126,15479.1,0.002978499768039182,8421034.0,9576213.0,81464408.0,387839211.0,25360957.44,0.21004685882573126,0.8793699555346148,0.002978499768039182,1.4073361995199727,0.8206578489383919,8.559505357564838e-05,8421034.0,9576213.0,387839211.0,81464408.0,150896.0,183872.0,385255907.0,542184584.0
7.9,mcf,stress-ng,8,0.2128562070934213,15237.1,0.0030140500082024954,8531668.0,9700984.0,82578646.0,387955076.0,24964464.64,0.2128562070934213,0.8794641863134709,0.0030140500082024954,1.449697804987946,0.8623797628038609,8.843840992357681e-05,8531668.0,9700984.0,387955076.0,82578646.0,207818.0,240982.0,374995435.0,543630059.0
8.2,mcf,stress-ng,8,0.21411123440287416,14900.4,0.003020736838231962,8556240.0,9728123.0,83063613.0,387946075.0,24412815.36,0.21411123440287416,0.8795365765831703,0.003020736838231962,1.514913014070636,0.8844416895421943,9.469509205315342e-05,8556240.0,9728123.0,387946075.0,83063613.0,279664.0,316204.0,385870051.0,584559562.0
8.3,mcf,stress-ng,8,0.21338507424245465,14851.800000000001,0.0030145155612699946,8571651.0,9742834.0,82903195.0,388514498.0,24333189.12,0.21338507424245465,0.879790315630955,0.0030145155612699946,1.5141418248661496,0.8893309343334569,9.435424570175706e-05,8571651.0,9742834.0,388514498.0,82903195.0,292613.0,329026.0,385917981.0,584334556.0
8.4,mcf,stress-ng,8,0.2037611260818127,16827.2,0.002893499988772736,8174030.0,9297564.0,79119597.0,388295837.0,27569684.48,0.2037611260818127,0.8791582397281696,0.002893499988772736,1.3174461221472868,0.5434271696430103,6.898847332604032e-05,8174030.0,9297564.0,388295837.0,79119597.0,31678.0,58293.0,385789085.0,508256334.0
8.5,mcf,stress-ng,8,0.20217317884126484,17356.0,0.0028746987365099574,8124627.0,9242824.0,78641090.0,388978847.0,28436070.4,0.20217317884126484,0.8790199835028775,0.0028746987365099574,1.293712788785584,0.12013074538347486,6.75148346078927e-05,8124627.0,9242824.0,388978847.0,78641090.0,3565.0,29676.0,386744634.0,500336479.0
8.6,mcf,stress-ng,8,0.20226923950290407,17369.6,0.00287531624927873,8115348.0,9232803.0,78609361.0,388637250.0,28458352.64,0.20226923950290407,0.8789690411460095,0.00287531624927873,1.2953330503249254,0.11259510282733645,6.91419817107732e-05,8115348.0,9232803.0,388637250.0,78609361.0,3389.0,30099.0,386306544.0,500395634.0
8.7,mcf,stress-ng,8,0.208032350998474,16922.6,0.002951230568333769,8350968.0,9497523.0,80820704.0,388500652.0,27725987.84,0.208032350998474,0.8792785234634336,0.002951230568333769,1.3810087543956482,0.7918093014359117,8.181590966196435e-05,8350968.0,9497523.0,388500652.0,80820704.0,120047.0,151611.0,385792936.0,532783422.0
8.8,mcf,stress-ng,8,0.21246252499941615,15245.9,0.0030072660945126175,8533735.0,9702428.0,82567840.0,388623076.0,24978882.56,0.21246252499941615,0.8795463362366616,0.0030072660945126175,1.456790718916468,0.8599604910289798,9.337216029455947e-05,8533735.0,9702428.0,388623076.0,82567840.0,221580.0,257663.0,386442810.0,562966299.0
8.9,mcf,stress-ng,8,0.21293622866981726,15231.900000000001,0.0030149854829061686,8546277.0,9716716.0,82663372.0,388207176.0,24955944.96,0.21293622866981726,0.8795437676680063,0.0030149854829061686,1.456738652486259,0.8591510041295712,9.305370013083738e-05,8546277.0,9716716.0,388207176.0,82663372.0,218867.0,254748.0,385594554.0,561710491.0
9.0,mcf,stress-ng,8,0.21294593063320663,15220.599999999999,0.0030103930489908267,8547213.0,9716889.0,82739277.0,388545941.0,24937431.04,0.21294593063320663,0.8796244353516851,0.0030103930489908267,1.4935394919919962,0.8779744684835938,9.44185743088736e-05,8547213.0,9716889.0,388545941.0,82739277.0,262517.0,299003.0,386428203.0,577145782.0
9.1,mcf,stress-ng,8,0.2139071283858684,14914.7,0.00302228133290452,8579183.0,9752682.0,83056398.0,388282516.0,24436244.48,0.2139071283858684,0.8796742270485185,0.00302228133290452,1.5072677737650908,0.8897287033994231,9.395236044455983e-05,8579183.0,9752682.0,388282516.0,83056398.0,292404.0,328644.0,385727403.0,581394484.0
9.2,mcf,stress-ng,8,0.21311048128250248,14899.8,0.003011256781599109,8561936.0,9732568.0,82847119.0,388751968.0,24411832.32,0.21311048128250248,0.8797201314185527,0.003011256781599109,1.5156777377697894,0.8862623666568611,9.508773637043526e-05,8561936.0,9732568.0,388751968.0,82847119.0,286214.0,322945.0,386285355.0,585484113.0
9.3,mcf,stress-ng,8,0.20569729142190574,15110.599999999999,0.0029188115610889625,8250805.0,9383697.0,79838253.0,388134683.0,24757207.04,0.20569729142190574,0.8792701853011665,0.0029188115610889625,1.3504053352102454,0.7213198121391606,7.242200817241989e-05,8250805.0,9383697.0,388134683.0,79838253.0,72339.0,100287.0,385904792.0,521127890.0
9.5,mcf,stress-ng,8,0.20247653512474112,17354.8,0.0028782456570165065,8136225.0,9254656.0,78678494.0,388580800.0,28434104.32,0.20247653512474112,0.8791493708680258,0.0028782456570165065,1.2948906912217195,0.12554201235958892,6.628549093136867e-05,8136225.0,9254656.0,388580800.0,78678494.0,3677.0,29289.0,386389233.0,500331821.0
9.6,mcf,stress-ng,8,0.20215723500159802,17351.399999999998,0.0028730950557835674,8116240.0,9233537.0,78615454.0,388882713.0,28428533.759999998,0.20215723500159802,0.8789957737755315,0.0028730950557835674,1.293759201140154,0.11686988418299765,6.734093899022291e-05,8116240.0,9233537.0,388882713.0,78615454.0,3441.0,29443.0,386124702.0,499552386.0
9.7,mcf,stress-ng,8,0.2060983805805318,16233.0,0.002925307717768151,8274286.0,9411510.0,80121494.0,388753632.0,26596147.2,0.2060983805805318,0.8791666799482761,0.002925307717768151,1.3572108178814346,0.7429125043058905,7.722516402134111e-05,8274286.0,9411510.0,388753632.0,80121494.0,86267.0,116120.0,386570885.0,524658187.0
9.8,mcf,stress-ng,8,0.212592383662286,15240.5,0.003009973046740268,8526988.0,9696024.0,82568231.0,388387531.0,24970035.2,0.212592383662286,0.8794314040476797,0.003009973046740268,1.4542520219568424,0.8597351740352995,9.148114482867348e-05,8526988.0,9696024.0,388387531.0,82568231.0,216471.0,251788.0,386057696.0,561425185.0
9.9,mcf,stress-ng,8,0.212295358789055,15236.599999999999,0.0030055123422989887,8521993.0,9690104.0,82509907.0,388656198.0,24963645.439999998,0.212295358789055,0.8794532029790393,0.0030055123422989887,1.4568732143727334,0.8594028653249606,9.164154142087515e-05,8521993.0,9690104.0,388656198.0,82509907.0,216371.0,251769.0,386265873.0,562740404.0
10.0,mcf,stress-ng,8,0.21276807318370178,15104.0,0.0030078270621574804,8542748.0,9712036.0,82713251.0,388748414.0,24746393.6,0.21276807318370178,0.8796042354043992,0.0030078270621574804,1.484754603775546,0.8725268822903747,9.333070463318542e-05,8542748.0,9712036.0,388748414.0,82713251.0,246919.0,282993.0,386518029.0,573884423.0
10.1,mcf,stress-ng,8,0.21327859187306264,14921.6,0.003014188661640145,8558827.0,9729831.0,82858146.0,388497248.0,24447549.44,0.21327859187306264,0.8796480637741807,0.003014188661640145,1.5139219408482496,0.8871589648626228,9.408716664855067e-05,8558827.0,9729831.0,388497248.0,82858146.0,285533.0,321851.0,386003759.0,584379560.0
10.2,mcf,stress-ng,8,0.2135678873693177,14907.3,0.0030136304457092965,8570736.0,9741892.0,82996677.0,388619647.0,24424120.32,0.2135678873693177,0.8797814633954062,0.0030136304457092965,1.5128540265754782,0.8860699711694582,9.555270615585667e-05,8570736.0,9741892.0,388619647.0,82996677.0,287053.0,323962.0,386268495.0,584367848.0
10.3,mcf,stress-ng,8,0.20680432090550083,15907.9,0.0029302974363373496,8301119.0,9439585.0,80346686.0,388515509.0,26063503.36,0.20680432090550083,0.879394486092344,0.0029302974363373496,1.3792333814782087,0.7877688056581622,7.673806998222602e-05,8301119.0,9439585.0,388515509.0,80346686.0,110045.0,139692.0,386340183.0,532853277.0
10.4,mcf,stress-ng,8,0.4468214238045606,17401.0,0.0024854824030227287,6719073.0,7669674.0,170891933.0,382461368.0,28509798.4,0.4468214238045606,0.8760571831345113,0.0024854824030227287,1.3134116978067547,0.13273078094851223,6.64299661356005e-05,6719073.0,7669674.0,382461368.0,170891933.0,3921.0,29541.0,385669322.0,506542599.0
10.5,mcf,stress-ng,8,1.0015245593122382,10926.300000000001,2.1301233009851592e-05,14840.0,23186.0,392405640.0,391808305.0,17901649.92,1.0015245593122382,0.6400414042956957,2.1301233009851592e-05,1.3676177090897566,0.14960215690142697,6.762721047227331e-05,14840.0,23186.0,391808305.0,392405640.0,4550.0,30414.0,382449606.0,523044854.0
10.6,mcf,stress-ng,8,0.6897847079961863,10866.5,0.0012180036392074767,3284250.0,3744680.0,260752565.0,378020217.0,17803673.6,0.6897847079961863,0.877044233419144,0.0012180036392074767,1.3967448149956587,0.7702234885038984,7.691132841904783e-05,3284250.0,3744680.0,378020217.0,260752565.0,100565.0,130566.0,390072576.0,544831848.0
10.9,mcf,stress-ng,8,0.2141377685150357,15321.199999999999,0.00303011055611779,8336097.0,9478844.0,80757876.0,377130464.0,25102254.08,0.2141377685150357,0.8794423666008218,0.00303011055611779,1.460717410086032,0.8605734023097438,9.159186145842254e-05,8336097.0,9478844.0,377130464.0,80757876.0,219750.0,255353.0,388713576.0,567800688.0
11.0,mcf,stress-ng,8,0.21425326268126507,14969.6,0.003029319824283626,8829809.0,10037343.0,85404683.0,398615554.0,24526192.64,0.21425326268126507,0.8796958517806953,0.003029319824283626,1.4868318179140991,0.8720053128395991,9.43779722017134e-05,8829809.0,10037343.0,398615554.0,85404683.0,245541.0,281582.0,381879364.0,567790389.0
11.1,mcf,stress-ng,8,0.21480844266743537,14966.8,0.0030347446908540097,8366491.0,9511008.0,81012388.0,377137821.0,24521605.119999997,0.21480844266743537,0.8796639641140035,0.0030347446908540097,1.5174878171220005,0.884555031121771,9.628341270263335e-05,8366491.0,9511008.0,377137821.0,81012388.0,286924.0,324371.0,388924727.0,590188535.0
11.2,mcf,stress-ng,8,0.21499023660771016,14911.300000000001,0.0030368481929364333,8856294.0,10066958.0,85707590.0,398658057.0,24430673.92,0.21499023660771016,0.8797388446440325,0.0030368481929364333,1.5069644190066822,0.8788551754950787,9.651476989529391e-05,8856294.0,10066958.0,398658057.0,85707590.0,267520.0,304396.0,382076236.0,575775293.0
11.3,mcf,stress-ng,8,0.2086103456666619,17142.2,0.002957821537481052,8134860.0,9250273.0,78668266.0,377106254.0,28085780.48,0.2086103456666619,0.8794183695983891,0.002957821537481052,1.382288412333867,0.7811184038567653,7.756764936192882e-05,8134860.0,9250273.0,377106254.0,78668266.0,107585.0,137732.0,388654294.0,537232327.0
11.4,mcf,stress-ng,8,0.20400266826995933,17444.2,0.0028989077570819,8404130.0,9560034.0,81343568.0,398737765.0,28580577.28,0.20400266826995933,0.8790899697637059,0.0028989077570819,1.2961114764124377,0.1236501799760032,6.885197540150973e-05,8404130.0,9560034.0,398737765.0,81343568.0,3710.0,30004.0,381891730.0,494974254.0
11.5,mcf,stress-ng,8,0.20430226290335274,17422.2,0.0029040938856921134,7964388.0,9059556.0,77044789.0,377111775.0,28544532.48,0.20430226290335274,0.8791146056164342,0.0029040938856921134,1.3005254307551088,0.12811677123630572,6.896034233415532e-05,7964388.0,9059556.0,377111775.0,77044789.0,3941.0,30761.0,388919183.0,505799288.0
11.6,mcf,stress-ng,8,0.20645784697201636,16714.1,0.00293338426831135,8510814.0,9680014.0,82290792.0,398583988.0,27384381.439999998,0.20645784697201636,0.8792150507220341,0.00293338426831135,1.340633148609813,0.6767885744794447,7.603966977377699e-05,8510814.0,9680014.0,398583988.0,82290792.0,60846.0,89904.0,382142638.0,512313088.0
11.7,mcf,stress-ng,8,0.2140251162343156,15261.399999999998,0.00303311233115627,8343698.0,9487639.0,80719762.0,377150885.0,25004277.759999998,0.2140251162343156,0.8794282750429269,0.00303311233115627,1.462000969170845,0.8594287476573435,9.141175846164079e-05,8343698.0,9487639.0,377150885.0,80719762.0,217365.0,252918.0,388932459.0,568619632.0
11.8,mcf,stress-ng,8,0.21405104071930678,15307.8,0.0030294945049196415,8811103.0,10018673.0,85321698.0,398604453.0,25080299.52,0.21405104071930678,0.8794680692742443,0.0030294945049196415,1.4517965849460726,0.8558589585895859,9.205820086208591e-05,8811103.0,10018673.0,398604453.0,85321698.0,208744.0,243900.0,381888845.0,554424921.0
11.9,mcf,stress-ng,8,0.21391122520939201,15240.3,0.0030260373245152667,8335725.0,9477099.0,80683972.0,377184376.0,24969707.52,0.21391122520939201,0.8795650441131827,0.0030260373245152667,1.4855404735790914,0.8687304540596176,9.37449174171426e-05,8335725.0,9477099.0,377184376.0,80683972.0,241395.0,277871.0,389098428.0,578021463.0
12.0,mcf,stress-ng,8,0.21444073294619828,14933.099999999999,0.0030297599721693493,8835586.0,10043438.0,85489501.0,398662604.0,24466391.04,0.21444073294619828,0.8797371975612335,0.0030297599721693493,1.5152617710606806,0.8847805455587608,9.632552679956909e-05,8835586.0,10043438.0,398662604.0,85489501.0,282483.0,319269.0,381892539.0,578667165.0
12.3,mcf,stress-ng,8,0.20981331700493888,17415.5,0.0029715888981656485,8643022.0,9827727.0,83647804.0,398677287.0,28533555.2,0.20981331700493888,0.8794527971727338,0.0029715888981656485,1.4048663532917678,0.8173225789617122,8.240792504124495e-05,8643022.0,9827727.0,398677287.0,83647804.0,140953.0,172457.0,382293329.0,537071035.0
12.4,mcf,stress-ng,8,0.20384936027678,17423.399999999998,0.0028971212931009948,7943500.0,9036214.0,76886339.0,377172334.0,28546498.56,0.20384936027678,0.8790739130348174,0.0028971212931009948,1.2984109700242805,0.12441471571906354,6.730492629255762e-05,7943500.0,9036214.0,377172334.0,76886339.0,3720.0,29900.0,388975985.0,505050686.0
12.5,mcf,stress-ng,8,0.20330607270865145,17433.3,0.0028901441058412987,8378825.0,9531818.0,81106848.0,398939623.0,28562718.72,0.20330607270865145,0.8790374511976624,0.0028901441058412987,1.2968587681675106,0.12188815593197866,6.92995941296217e-05,8378825.0,9531818.0,398939623.0,81106848.0,3677.0,30167.0,382253321.0,495728571.0
12.6,mcf,stress-ng,8,0.20426347548830107,16009.6,0.0029023101759441216,7980110.0,9076937.0,77194263.0,377915155.0,26230128.64,0.20426347548830107,0.8791633124698343,0.0029023101759441216,1.3101313117888613,0.45881305517897253,7.121909757596057e-05,7980110.0,9076937.0,377915155.0,77194263.0,22675.0,49421.0,375545337.0,492013705.0
12.7,mcf,stress-ng,8,0.21415297470957537,15283.400000000001,0.003032861514954409,8821061.0,10029852.0,85353778.0,398564522.0,25040322.560000002,0.21415297470957537,0.8794806742911062,0.003032861514954409,1.4590841495450042,0.8576469013736074,9.371366813249001e-05,8821061.0,10029852.0,398564522.0,85353778.0,211476.0,246577.0,374555822.0,546508463.0
12.8,mcf,stress-ng,8,0.21386637614741816,15250.5,0.003025161276519801,8339587.0,9480546.0,80661077.0,377156421.0,24986419.2,0.21386637614741816,0.8796526065059966,0.003025161276519801,1.4554939661974202,0.8595792275224714,9.178476804879159e-05,8339587.0,9480546.0,377156421.0,80661077.0,210578.0,244978.0,374789856.0,545504374.0
12.9,mcf,stress-ng,8,0.21300664103589662,15071.300000000001,0.003017936775891247,8299608.0,9438192.0,80361509.0,377272317.0,24692817.92,0.21300664103589662,0.8793641833096847,0.003017936775891247,1.4582129687558851,0.8614910738246969,9.222722742662995e-05,8299608.0,9438192.0,377272317.0,80361509.0,215079.0,249659.0,374943506.0,546747483.0
13.1,mcf,stress-ng,8,0.21484416907139472,14973.600000000002,0.003034750196670914,8374038.0,9518325.0,81009432.0,377061348.0,24532746.240000002,0.21484416907139472,0.8797806336724161,0.003034750196670914,1.526564873280176,0.884412396830847,9.70514376570406e-05,8374038.0,9518325.0,377061348.0,81009432.0,278176.0,314532.0,374605476.0,571859561.0
13.2,mcf,stress-ng,8,0.21274425221756676,14995.0,0.003003651339288387,8289631.0,9422414.0,80233371.0,377135317.0,24567808.0,0.21274425221756676,0.8797778361256468,0.003003651339288387,1.4820816676499486,0.8688903201710425,9.183889424796707e-05,8289631.0,9422414.0,377135317.0,80233371.0,227989.0,262391.0,374590747.0,555174079.0
13.3,mcf,stress-ng,8,0.20378580184693013,16304.6,0.0028976899422603094,7945853.0,9038705.0,76856988.0,377145941.0,26713456.64,0.20378580184693013,0.8790919716928476,0.0028976899422603094,1.2960221731613626,0.1311157218392343,6.674599475959109e-05,7945853.0,9038705.0,377145941.0,76856988.0,3918.0,29882.0,388997124.0,504148898.0
13.4,mcf,stress-ng,8,0.20343378936997517,17430.8,0.0028927856603043595,7926831.0,9018163.0,76747409.0,377259890.0,28558622.72,0.20343378936997517,0.8789851103822364,0.0028927856603043595,1.2938237337214802,0.11456699482729851,6.945142974649812e-05,7926831.0,9018163.0,377259890.0,76747409.0,3433.0,29965.0,382022373.0,494269613.0
13.5,mcf,stress-ng,8,0.20343264422359777,17388.2,0.0028927186555393228,7928266.0,9019117.0,76714928.0,377102349.0,28488826.880000003,0.20343264422359777,0.8790512419342159,0.0028927186555393228,1.2955871598397946,0.11420519358518419,6.786697490951101e-05,7928266.0,9019117.0,377102349.0,76714928.0,3404.0,29806.0,389025738.0,504016751.0
13.6,mcf,stress-ng,8,0.21140034462412988,17428.0,0.002997608050095924,8700399.0,9895625.0,84290936.0,398726578.0,28554035.2,0.21140034462412988,0.8792167245626223,0.002997608050095924,1.421279761141954,0.837239884748935,8.642655813908234e-05,8700399.0,9895625.0,398726578.0,84290936.0,169989.0,203035.0,382359320.0,543439563.0
13.9,mcf,stress-ng,8,0.21401822384847327,15296.400000000001,0.0030268543600250985,8809922.0,10017048.0,85351633.0,398805445.0,25061621.76,0.21401822384847327,0.8794928406053361,0.0030268543600250985,1.461353031574984,0.8556811799467656,9.277948741295547e-05,8809922.0,10017048.0,398805445.0,85351633.0,210246.0,245706.0,382196550.0,558524087.0
14.0,mcf,stress-ng,8,0.21443494638035326,15006.999999999998,0.0030305096250568143,8363508.0,9506879.0,80903455.0,377286708.0,24587468.799999997,0.21443494638035326,0.8797322444095481,0.0030305096250568143,1.5059955631437285,0.8809622376904241,9.543045544086453e-05,8363508.0,9506879.0,377286708.0,80903455.0,274514.0,311607.0,388691428.0,585367566.0
14.1,mcf,stress-ng,8,0.21436634026525217,14906.900000000001,0.0030291513186077386,8743663.0,9939862.0,84652358.0,394895756.0,24423464.96,0.21436634026525217,0.8796563775231487,0.0030291513186077386,1.5125888700264443,0.8837008650088642,9.667263890841043e-05,8743663.0,9939862.0,394895756.0,84652358.0,280636.0,317569.0,382041914.0,577872347.0
14.2,mcf,stress-ng,8,0.2142490642363503,14901.100000000002,0.003023841227209578,8418025.0,9569464.0,81583228.0,380786858.0,24413962.240000002,0.2142490642363503,0.8796757059747548,0.003023841227209578,1.5104288693302614,0.886985219468956,9.468668203383175e-05,8418025.0,9569464.0,380786858.0,81583228.0,289190.0,326037.0,389146596.0,587778253.0
14.3,mcf,stress-ng,8,0.20344108896697732,17023.699999999997,0.002891564712164467,8381738.0,9534861.0,81129984.0,398788585.0,27891630.08,0.20344108896697732,0.8790624215706972,0.002891564712164467,1.2948667860163616,0.13623303279500645,6.836238168222742e-05,8381738.0,9534861.0,398788585.0,81129984.0,4125.0,30279.0,382578830.0,495388620.0
14.4,mcf,stress-ng,8,0.20213527690555202,17529.0,0.0028785841856571585,7866907.0,8952865.0,76256384.0,377254209.0,28719513.6,0.20213527690555202,0.8787027392907186,0.0028785841856571585,1.2900310048188146,0.11814716102695591,6.72470283220717e-05,7866907.0,8952865.0,377254209.0,76256384.0,3502.0,29641.0,388701191.0,501436588.0
14.5,mcf,stress-ng,8,0.20329951550260483,17372.3,0.0028944233748523394,8363799.0,9517974.0,81067345.0,398758181.0,28462776.32,0.20329951550260483,0.8787373237203632,0.0028944233748523394,1.292705918094235,0.10489915508312891,6.870406654409208e-05,8363799.0,9517974.0,398758181.0,81067345.0,3079.0,29352.0,382408223.0,494341373.0
14.6,mcf,stress-ng,8,0.20986268464771632,16652.1,0.0029807300673483986,8175611.0,9300159.0,79175456.0,377272673.0,27282800.64,0.20986268464771632,0.8790829275069383,0.0029807300673483986,1.3927600587774658,0.8099171587780176,8.214020254006402e-05,8175611.0,9300159.0,377272673.0,79175456.0,136190.0,168153.0,389127358.0,541961042.0
14.7,mcf,stress-ng,8,0.9008709558025443,12238.400000000001,0.0008864641716558485,2276660.0,2616970.0,345840706.0,383895944.0,20051394.560000002,0.9008709558025443,0.8699602975960748,0.0008864641716558485,1.5139557806128658,0.8754196286657467,9.247629289859657e-05,2276660.0,2616970.0,383895944.0,345840706.0,250602.0,286265.0,385644784.0,583849150.0
14.8,mcf,stress-ng,8,1.0036087848430768,7347.6,2.1863551625623096e-05,22733.0,31217.0,389443448.0,388043084.0,12038307.84,1.0036087848430768,0.7282250056059199,2.1863551625623096e-05,1.532619965153471,0.8699823241463406,9.592964294571537e-05,22733.0,31217.0,388043084.0,389443448.0,247570.0,284569.0,385688916.0,591114533.0
14.9,mcf,stress-ng,8,0.24211538007033925,11170.0,0.002910593294733085,8250406.0,9378967.0,93878446.0,387742596.0,18300928.0,0.24211538007033925,0.879671076782763,0.002910593294733085,1.5067549756387735,0.8798416563189957,9.623468887716136e-05,8250406.0,9378967.0,387742596.0,93878446.0,271381.0,308443.0,385121004.0,580282989.0
15.0,mcf,stress-ng,8,0.21389025510867937,14898.3,0.0030224428874438486,8575003.0,9747738.0,82991341.0,388008986.0,24409374.72,0.21389025510867937,0.8796915756250322,0.0030224428874438486,1.5159182080189433,0.8855053532330934,9.620663986384345e-05,8575003.0,9747738.0,388008986.0,82991341.0,286747.0,323823.0,385378806.0,584202749.0
15.2,mcf,stress-ng,8,0.21401904014582288,15567.7,0.00302244024994613,8577719.0,9750013.0,83010156.0,387863416.0,25506119.68,0.21401904014582288,0.8797648782622136,0.00302244024994613,1.513501789547139,0.8844608528322229,9.566013184574465e-05,8577719.0,9750013.0,387863416.0,83010156.0,282212.0,319078.0,385385210.0,583281205.0
15.3,mcf,stress-ng,8,0.20422538969214904,17403.2,0.002901642437422854,8189709.0,9315286.0,79221133.0,387910304.0,28513402.88,0.20422538969214904,0.8791688199374662,0.002901642437422854,1.303839824249797,0.28576600662823404,6.650682208651781e-05,8189709.0,9315286.0,387910304.0,79221133.0,10261.0,35907.0,385614576.0,502779641.0
15.4,mcf,stress-ng,8,0.20306483529467165,17397.2,0.0028852010329610657,8137524.0,9256746.0,78772546.0,387918203.0,28503572.48,0.20306483529467165,0.8790912054840869,0.0028852010329610657,1.2980240661508347,0.11870910274418445,6.672539317478808e-05,8137524.0,9256746.0,387918203.0,78772546.0,3465.0,29189.0,385520396.0,500414752.0
15.5,mcf,stress-ng,8,0.2024777167861079,17359.9,0.002877030350181394,8115143.0,9231426.0,78561018.0,387998340.0,28442460.16,0.2024777167861079,0.8790779452708607,0.002877030350181394,1.2965494849220462,0.11355433765539366,6.884815566520757e-05,8115143.0,9231426.0,387998340.0,78561018.0,3398.0,29924.0,385282652.0,499538024.0
15.6,mcf,stress-ng,8,0.20801276771964042,15830.900000000001,0.0029523104164466906,8336629.0,9482084.0,80706034.0,387985963.0,25937346.560000002,0.20801276771964042,0.8791979695602781,0.0029523104164466906,1.3933980496023912,0.8100925187240274,8.267291545147358e-05,8336629.0,9482084.0,387985963.0,80706034.0,136068.0,167966.0,385833738.0,537619978.0
15.7,mcf,stress-ng,8,0.21215124129605004,15166.0,0.0030057684669967323,8498814.0,9665372.0,82337256.0,388106407.0,24847974.4,0.21215124129605004,0.8793054214571359,0.0030057684669967323,1.4545805495046744,0.8633912167367984,8.962257681645673e-05,8498814.0,9665372.0,388106407.0,82337256.0,218520.0,253095.0,385784489.0,561154614.0
15.8,mcf,stress-ng,8,0.21230044196035802,15190.7,0.0030056879665569455,8504756.0,9671615.0,82418629.0,388216945.0,24888442.880000003,0.21230044196035802,0.879352207464834,0.0030056879665569455,1.4550459780530023,0.8604928394905266,9.135030243757617e-05,8504756.0,9671615.0,388216945.0,82418629.0,217271.0,252496.0,385603540.0,561070880.0
15.9,mcf,stress-ng,8,0.21286379686744306,14990.900000000001,0.0030122533188096166,8527988.0,9696056.0,82542656.0,387772168.0,24561090.560000002,0.21286379686744306,0.8795316363684368,0.0030122533188096166,1.4918602445705602,0.8803895830619546,9.28308543910137e-05,8527988.0,9696056.0,387772168.0,82542656.0,263586.0,299397.0,385766136.0,575509162.0
16.0,mcf,stress-ng,8,0.21341296002237262,14876.100000000002,0.003017681109617848,8556684.0,9727359.0,82791126.0,387938605.0,24373002.240000002,0.21341296002237262,0.8796513010365917,0.003017681109617848,1.5087943934757095,0.8825506331920608,9.623760536585737e-05,8556684.0,9727359.0,387938605.0,82791126.0,278623.0,315702.0,385285979.0,581317325.0
16.1,mcf,stress-ng,8,0.2143691441364067,14885.8,0.003024821812651581,8585456.0,9758784.0,83153764.0,387899874.0,24388894.72,0.2143691441364067,0.8797669873623599,0.003024821812651581,1.5242238590909152,0.8863187343177666,9.50767730480982e-05,8585456.0,9758784.0,387899874.0,83153764.0,285766.0,322419.0,385509508.0,587602790.0
16.2,mcf,stress-ng,8,0.20573237560982946,16326.0,0.0029184718815610453,8248092.0,9380296.0,79812665.0,387944118.0,26748518.4,0.20573237560982946,0.8792997577048741,0.0029184718815610453,1.3494428477089422,0.67256162276256,7.126510468929009e-05,8248092.0,9380296.0,387944118.0,79812665.0,56399.0,83857.0,385293758.0,519931906.0
16.3,mcf,stress-ng,8,0.20345682613968263,17384.3,0.0028930437314090523,8161322.0,9283468.0,78916285.0,387877303.0,28482437.119999997,0.20345682613968263,0.879124266922663,0.0028930437314090523,1.2990813433992068,0.12227884842552904,6.744372386473036e-05,8161322.0,9283468.0,387877303.0,78916285.0,3623.0,29629.0,385595553.0,500919989.0
16.6,mcf,stress-ng,8,0.20734556918622052,15227.6,0.002943958634798742,8309401.0,9451445.0,80435153.0,387928005.0,24948899.84,0.20734556918622052,0.8791672596095095,0.002943958634798742,1.3684414049857665,0.7635775381754186,7.980329147539498e-05,8309401.0,9451445.0,387928005.0,80435153.0,99359.0,130123.0,385497884.0,527531266.0
16.7,mcf,stress-ng,8,0.21293741233306912,15226.900000000001,0.0030156403434528915,8528360.0,9698230.0,82605703.0,387934192.0,24947752.96,0.21293741233306912,0.8793728340119795,0.0030156403434528915,1.4579238227248976,0.8568226041835576,9.160136996787816e-05,8528360.0,9698230.0,387934192.0,82605703.0,211361.0,246680.0,385572836.0,562135823.0
16.8,mcf,stress-ng,8,0.21323370804119038,15241.800000000001,0.003019876683997037,8548146.0,9719591.0,82715815.0,387911535.0,24972165.12,0.21323370804119038,0.8794758956421108,0.003019876683997037,1.4579702306583378,0.8624617497291226,8.99678794368315e-05,8548146.0,9719591.0,387911535.0,82715815.0,217305.0,251959.0,385181914.0,561583764.0
16.9,mcf,stress-ng,8,0.21341435306533899,14956.300000000001,0.003017694129702086,8557860.0,9728611.0,82796684.0,387962116.0,24504401.92,0.21341435306533899,0.8796589770112095,0.003017694129702086,1.4915750668772272,0.8761874343176245,9.345424084294065e-05,8557860.0,9728611.0,387962116.0,82796684.0,255123.0,291174.0,385760985.0,575391467.0
17.0,mcf,stress-ng,8,0.21405655156619374,14918.0,0.0030224533525194178,8574887.0,9747290.0,83032065.0,387897798.0,24441651.2,0.21405655156619374,0.8797201068194339,0.0030224533525194178,1.5210273143412347,0.8846388170785925,9.354329790135919e-05,8574887.0,9747290.0,387897798.0,83032065.0,268625.0,303655.0,374478993.0,569592777.0
17.1,mcf,stress-ng,8,0.21430103272015968,14884.499999999998,0.003022741761074465,8342719.0,9482607.0,80813776.0,377103997.0,24386764.799999997,0.21430103272015968,0.8797917070695854,0.003022741761074465,1.5167978426212454,0.8857068990758248,9.521868184880749e-05,8342719.0,9482607.0,377103997.0,80813776.0,284350.0,321043.0,385355051.0,584505710.0
17.2,mcf,stress-ng,8,0.20764023852179678,17141.300000000003,0.0029421748537688933,8325825.0,9467062.0,80541346.0,387888911.0,28084305.92,0.20764023852179678,0.8794518299341443,0.0029421748537688933,1.3796368691369754,0.788920595444319,7.61985525554827e-05,8325825.0,9467062.0,387888911.0,80541346.0,109757.0,139123.0,385387898.0,531695353.0
17.3,mcf,stress-ng,8,0.2035972675737621,17390.1,0.002894743091457195,8159994.0,9283027.0,78986785.0,387956017.0,28491939.84,0.2035972675737621,0.8790229738640208,0.002894743091457195,1.2976135524352468,0.12027199320017,6.982351373898287e-05,8159994.0,9283027.0,387956017.0,78986785.0,3679.0,30589.0,385400255.0,500100594.0
17.4,mcf,stress-ng,8,0.20324452655436487,17411.5,0.0028875841711299482,8143181.0,9263086.0,78825256.0,387834582.0,28527001.6,0.20324452655436487,0.879100226425621,0.0028875841711299482,1.298208020052986,0.11439774368851895,6.679112900084518e-05,8143181.0,9263086.0,387834582.0,78825256.0,3326.0,29074.0,385500296.0,500459576.0
17.5,mcf,stress-ng,8,0.2056487945239864,16667.2,0.002922088733561935,8243346.0,9377015.0,79784594.0,387965289.0,27307540.48,0.2056487945239864,0.8791012918290095,0.002922088733561935,1.336462209778356,0.656540986108991,7.587589754798956e-05,8243346.0,9377015.0,387965289.0,79784594.0,55913.0,85163.0,385497911.0,515203390.0
17.6,mcf,stress-ng,8,0.21343201291513328,15208.5,0.003024328428356217,8555419.0,9728570.0,82791266.0,387904630.0,24917606.4,0.21343201291513328,0.8794117737755909,0.003024328428356217,1.4562270507050443,0.8564283936868471,9.12935027126154e-05,8555419.0,9728570.0,387904630.0,82791266.0,209944.0,245139.0,385514839.0,561397137.0
17.7,mcf,stress-ng,8,0.2131371226746862,15238.0,0.0030175222140164768,8538331.0,9708976.0,82686353.0,387949091.0,24965939.2,0.2131371226746862,0.879426522426258,0.0030175222140164768,1.4570060234307767,0.8548438674524168,9.060776715226525e-05,8538331.0,9708976.0,387949091.0,82686353.0,205837.0,240789.0,385750594.0,562040939.0
17.9,mcf,stress-ng,8,0.2135212017047164,14925.500000000002,0.003019738333758554,8556069.0,9727318.0,82817273.0,387864401.0,24453939.200000003,0.2135212017047164,0.8795917847036563,0.003019738333758554,1.480776883792098,0.8690757157818654,9.216596704676888e-05,8556069.0,9727318.0,387864401.0,82817273.0,235669.0,271172.0,385207264.0,570406012.0
18.1,mcf,stress-ng,8,0.21398097637863023,14914.300000000001,0.0030232655601469672,8582542.0,9755313.0,83006497.0,387915311.0,24435589.12,0.21398097637863023,0.8797813048130798,0.0030232655601469672,1.51828824212995,0.883014368558139,9.515860036856289e-05,8582542.0,9755313.0,387915311.0,83006497.0,276976.0,313671.0,385619375.0,585481363.0
18.2,mcf,stress-ng,8,0.20905694865978383,15426.2,0.002957634363928813,8373602.0,9520970.0,81100374.0,387934362.0,25274286.080000002,0.20905694865978383,0.8794904300717259,0.002957634363928813,1.426183212310521,0.827463346481655,7.981939293216642e-05,8373602.0,9520970.0,387934362.0,81100374.0,147473.0,178223.0,385244724.0,549429558.0
18.3,mcf,stress-ng,8,0.20326889769980416,17419.9,0.0028880067271903355,8149610.0,9269845.0,78846400.0,387892102.0,28540764.16,0.20326889769980416,0.8791527797929739,0.0028880067271903355,1.298976535015473,0.1286671131949096,6.74795034250309e-05,8149610.0,9269845.0,387892102.0,78846400.0,3842.0,29860.0,385568931.0,500844994.0
18.4,mcf,stress-ng,8,0.20323014247971807,17373.5,0.0028889180280333602,8144975.0,9265612.0,78834780.0,387908895.0,28464742.4,0.20323014247971807,0.8790541844402723,0.0028889180280333602,1.2994873091539019,0.12385858112854133,6.79730263703917e-05,8144975.0,9265612.0,387908895.0,78834780.0,3703.0,29897.0,385358743.0,500768796.0
18.5,mcf,stress-ng,8,0.20436496718886518,17434.1,0.0029071464306342273,8190346.0,9318150.0,79281740.0,387941931.0,28564029.439999998,0.20436496718886518,0.8789669623262129,0.0029071464306342273,1.3281641049464858,0.5098875880739373,7.088211381400246e-05,8190346.0,9318150.0,387941931.0,79281740.0,28440.0,55777.0,385668521.0,512231086.0
18.6,mcf,stress-ng,8,0.21274447435018515,15966.7,0.003013814817674988,8539340.0,9710059.0,82640777.0,388450874.0,26159841.28,0.21274447435018515,0.8794323494841793,0.003013814817674988,1.4508974088506066,0.8610797607339213,8.931453868306088e-05,8539340.0,9710059.0,388450874.0,82640777.0,213627.0,248092.0,385883424.0,559877260.0
18.7,mcf,stress-ng,8,0.2122755308101909,15219.0,0.003004083240490245,8528347.0,9696303.0,82530496.0,388789493.0,24934809.6,0.2122755308101909,0.8795462559286772,0.003004083240490245,1.4553171870047685,0.8572040308315391,9.22500741412044e-05,8528347.0,9696303.0,388789493.0,82530496.0,214193.0,249874.0,386785597.0,562895727.0
18.8,mcf,stress-ng,8,0.21211976693654686,15215.699999999999,0.0030027676310768535,8528572.0,9696596.0,82510873.0,388982480.0,24929402.88,0.21211976693654686,0.8795428828838492,0.0030027676310768535,1.4683217400773625,0.866942267759977,9.089391545025466e-05,8528572.0,9696596.0,388982480.0,82510873.0,228793.0,263908.0,386329490.0,567255989.0
18.9,mcf,stress-ng,8,0.6089314934240316,15053.4,0.0019975130949222235,5472334.0,6248083.0,236483054.0,388357404.0,24663490.56,0.6089314934240316,0.8758420782822507,0.0019975130949222235,1.5562727940656849,0.8928405833447549,9.599522458044517e-05,5472334.0,6248083.0,388357404.0,236483054.0,306172.0,342919.0,382800292.0,595741680.0
19.0,mcf,stress-ng,8,1.0047779524684572,9126.5,2.1593122399801142e-05,19097.0,27249.0,379331424.0,377527615.0,14952857.600000001,1.0047779524684572,0.700833058093875,2.1593122399801142e-05,1.604949831831596,0.901560432779547,9.677985886335278e-05,19097.0,27249.0,377527615.0,379331424.0,344809.0,382458.0,389016893.0,624352597.0
19.3,mcf,stress-ng,8,0.2027718453678638,17419.6,0.002882649235718788,7914391.0,9004036.0,76648010.0,378001245.0,28540272.64,0.2027718453678638,0.8789826029127382,0.002882649235718788,1.2985785718112761,0.12738749345892203,6.848057677580349e-05,7914391.0,9004036.0,378001245.0,76648010.0,3895.0,30576.0,389614125.0,505944554.0
19.4,mcf,stress-ng,8,0.2032218643454319,17291.5,0.002891735171760645,8386759.0,9541394.0,81144041.0,399287947.0,28330393.6,0.2032218643454319,0.8789867602155408,0.002891735171760645,1.296760094023813,0.11450922210607951,6.859339983289445e-05,8386759.0,9541394.0,399287947.0,81144041.0,3396.0,29657.0,382850246.0,496464921.0
19.5,mcf,stress-ng,8,0.20386831246583662,17144.0,0.0029008048596044726,7956966.0,9054165.0,77111050.0,378239507.0,28088729.6,0.20386831246583662,0.8788183117935227,0.0029008048596044726,1.3222950155026807,0.5387590266607345,6.909408414600761e-05,7956966.0,9054165.0,378239507.0,77111050.0,31484.0,58438.0,390105757.0,515834898.0
19.6,mcf,stress-ng,8,0.21271692910643122,15244.099999999999,0.0030133512592222193,8772528.0,9976446.0,84986355.0,399527933.0,24975933.439999998,0.21271692910643122,0.8793239596545703,0.0030133512592222193,1.4524170246988488,0.8601066958925305,9.06006824463329e-05,8772528.0,9976446.0,399527933.0,84986355.0,213463.0,248182.0,383209034.0,556579325.0
19.7,mcf,stress-ng,8,0.21279692346700751,15242.0,0.0030141109365719116,8311837.0,9451483.0,80459269.0,378103535.0,24972492.8,0.21279692346700751,0.8794214622192094,0.0030141109365719116,1.4574585703141558,0.863338782469945,8.961428152933306e-05,8311837.0,9451483.0,378103535.0,80459269.0,220754.0,255698.0,389937847.0,568318257.0
19.8,mcf,stress-ng,8,0.21338388341872763,15260.900000000001,0.0030210808044905564,8793058.0,9997759.0,85090004.0,398764905.0,25003458.560000002,0.21338388341872763,0.8795028965991278,0.0030210808044905564,1.4719143524537932,0.8594928326581489,9.440556436252788e-05,8793058.0,9997759.0,398764905.0,85090004.0,220649.0,256720.0,382085529.0,562397174.0
19.9,mcf,stress-ng,8,0.21430154425491182,14928.099999999999,0.003031113563381674,8352497.0,9495766.0,80829803.0,377177884.0,24458199.04,0.21430154425491182,0.8796022353541568,0.003031113563381674,1.5180328073120857,0.8857226963163753,9.578654181455871e-05,8352497.0,9495766.0,377177884.0,80829803.0,288851.0,326119.0,389073447.0,590626257.0
20.0,mcf,stress-ng,8,0.2142453615355824,14957.1,0.003029158507370571,8824562.0,10032175.0,85411669.0,398662862.0,24505712.64,0.2142453615355824,0.879626003334272,0.003029158507370571,1.5106363117108597,0.8853758553629009,9.519239457214563e-05,8824562.0,10032175.0,398662862.0,85411669.0,280897.0,317263.0,382026318.0,577102828.0
20.1,mcf,stress-ng,8,0.21116851066600084,14898.699999999999,0.0029868792850972587,8222528.0,9349158.0,79651287.0,377193014.0,24410030.08,0.21116851066600084,0.8794939608465275,0.0029868792850972587,1.446101909299858,0.8513061679397613,8.440073084346686e-05,8222528.0,9349158.0,377193014.0,79651287.0,187902.0,220722.0,388859192.0,562330020.0
20.2,mcf,stress-ng,8,0.2036365555490882,17424.2,0.002893582551362213,8381621.0,9535249.0,81186843.0,398685014.0,28547809.28,0.2036365555490882,0.8790143812710083,0.002893582551362213,1.3012274728874857,0.13255591791020194,6.894822170261544e-05,8381621.0,9535249.0,398685014.0,81186843.0,4024.0,30357.0,381924281.0,496970367.0
20.3,mcf,stress-ng,8,0.20373104522317026,17434.0,0.0028948809366076494,7940078.0,9032237.0,76862123.0,377272511.0,28563865.6,0.20373104522317026,0.8790821144307883,0.0028948809366076494,1.3015442370804093,0.11450356805370002,6.989535953506785e-05,7940078.0,9032237.0,377272511.0,76862123.0,3514.0,30689.0,388795482.0,506034519.0
20.4,mcf,stress-ng,8,0.20322590106650285,17440.9,0.0028896251790666706,8374110.0,9525798.0,80997644.0,398559650.0,28575170.560000002,0.20322590106650285,0.879098003127927,0.0028896251790666706,1.299987436191687,0.10336650858326098,7.025485030031756e-05,8374110.0,9525798.0,398559650.0,80997644.0,3095.0,29942.0,382137317.0,496773711.0
20.7,mcf,stress-ng,8,0.21360110499352447,15255.3,0.0030245872686944374,8802272.0,10008179.0,85163047.0,398701341.0,24994283.52,0.21360110499352447,0.8795078505290523,0.0030245872686944374,1.4539467902602123,0.8556583559370317,9.15026568825772e-05,8802272.0,10008179.0,398701341.0,85163047.0,207255.0,242217.0,382087266.0,555534554.0
20.8,mcf,stress-ng,8,0.21345209251266142,15137.6,0.003023355208819157,8317430.0,9457829.0,80513382.0,377196499.0,24801443.84,0.21345209251266142,0.8794227512466127,0.003023355208819157,1.4610359852398223,0.8665015853151362,8.994108276848385e-05,8317430.0,9457829.0,377196499.0,80513382.0,227104.0,262093.0,389021334.0,568374168.0
20.9,mcf,stress-ng,8,0.21443284361619347,14898.0,0.0030314675906472285,8834434.0,10043022.0,85490263.0,398680825.0,24408883.2,0.21443284361619347,0.8796589313455652,0.0030314675906472285,1.5100607991336064,0.8824433235691537,9.634491034939982e-05,8834434.0,10043022.0,398680825.0,85490263.0,276248.0,313049.0,381971397.0,576800033.0
21.0,mcf,stress-ng,8,0.2146128541467758,14921.5,0.0030297066212258707,8358809.0,9501728.0,80960020.0,377237516.0,24447385.6,0.2146128541467758,0.879714616120352,0.0030297066212258707,1.520745016357692,0.886577617999814,9.407179823467965e-05,8358809.0,9501728.0,377237516.0,80960020.0,286072.0,322670.0,389043270.0,591635614.0
21.1,mcf,stress-ng,8,0.21272857223425948,15691.400000000001,0.0030084080133084717,8763146.0,9962121.0,84781133.0,398541353.0,25708789.76,0.21272857223425948,0.8796466134069241,0.0030084080133084717,1.4741780100912367,0.8675811708878983,9.032700016081619e-05,8763146.0,9962121.0,398541353.0,84781133.0,225978.0,260469.0,381845959.0,562908916.0
21.2,mcf,stress-ng,8,0.20380128404682807,17464.0,0.002892982857608772,7925834.0,9016962.0,76866438.0,377163659.0,28613017.6,0.20380128404682807,0.8789916160232237,0.002892982857608772,1.3103073978130582,0.13442870261052078,6.790739521542602e-05,7925834.0,9016962.0,377163659.0,76866438.0,4099.0,30492.0,388661646.0,509266230.0
21.3,mcf,stress-ng,8,0.20344023726171265,17422.2,0.00289011078869606,8376407.0,9529004.0,81133432.0,398807203.0,28544532.48,0.20344023726171265,0.8790432872102898,0.00289011078869606,1.3118172347942232,0.11365260900643316,6.82508020294853e-05,8376407.0,9529004.0,398807203.0,81133432.0,3339.0,29379.0,381533978.0,500502848.0
21.4,mcf,stress-ng,8,0.20384114524202873,17436.399999999998,0.0028965021322085597,7932210.0,9024166.0,76846331.0,376991264.0,28567797.759999998,0.20384114524202873,0.8789964634959064,0.0028965021322085597,1.3011246151140976,0.10300443837487197,7.007375656948803e-05,7932210.0,9024166.0,376991264.0,76846331.0,3017.0,29290.0,374933517.0,487835228.0
21.5,mcf,stress-ng,8,0.21139262030795858,15804.7,0.00299797334960716,8696979.0,9892143.0,84273214.0,398657313.0,25894420.48,0.21139262030795858,0.87918047686937,0.00299797334960716,1.4217945635104685,0.8377207150347131,8.715967435603935e-05,8696979.0,9892143.0,398657313.0,84273214.0,168567.0,201221.0,374645732.0,532669265.0
21.6,mcf,stress-ng,8,0.21344861281703456,15302.2,0.0030213885479398682,8317776.0,9457381.0,80508383.0,377179228.0,25071124.48,0.21344861281703456,0.8795009950429193,0.0030213885479398682,1.459681397169353,0.8603507648611265,9.076225483574166e-05,8317776.0,9457381.0,377179228.0,80508383.0,209615.0,243639.0,374869488.0,547190018.0
21.7,mcf,stress-ng,8,0.21348167832361786,15251.2,0.0030263575463405842,8311350.0,9452699.0,80511670.0,377136205.0,24987566.080000002,0.21348167832361786,0.8792568133186088,0.0030263575463405842,1.461703343672202,0.8619048987450378,8.975853872426548e-05,8311350.0,9452699.0,377136205.0,80511670.0,209954.0,243593.0,374772144.0,547805696.0
21.8,mcf,stress-ng,8,0.21409783167568214,15055.2,0.0030243997800242736,8342961.0,9483687.0,80752209.0,377174343.0,24666439.68,0.21409783167568214,0.8797170341028758,0.0030243997800242736,1.495808743796897,0.8811971351180684,9.540920434155169e-05,8342961.0,9483687.0,377174343.0,80752209.0,265139.0,300885.0,374659869.0,560419508.0
21.9,mcf,stress-ng,8,0.21410789852775164,14893.5,0.00302870663323345,8335804.0,9477852.0,80734626.0,377074487.0,24401510.4,0.21410789852775164,0.8795034993160897,0.00302870663323345,1.517513630115464,0.8853712526947185,9.519649007534101e-05,8335804.0,9477852.0,377074487.0,80734626.0,275578.0,311257.0,374793230.0,568753835.0
22.1,mcf,stress-ng,8,0.21392604217040503,16520.0,0.0030201755045560176,8347244.0,9487855.0,80792125.0,377663814.0,27066368.0,0.21392604217040503,0.8797819949820059,0.0030201755045560176,1.3338222346272843,0.6360900624906807,7.161992802968228e-05,8347244.0,9487855.0,377663814.0,80792125.0,46925.0,73771.0,374839807.0,499969669.0
22.3,mcf,stress-ng,8,0.20352088784839797,17405.2,0.002891281052465757,7934000.0,9024420.0,76756027.0,377140783.0,28516679.68,0.20352088784839797,0.8791700740878639,0.002891281052465757,1.2970542936404248,0.1137169348241069,6.93550497865225e-05,7934000.0,9024420.0,377140783.0,76756027.0,3336.0,29336.0,374882580.0,486243060.0
22.4,mcf,stress-ng,8,0.2031910265838008,17272.6,0.0028901390890839753,7912930.0,9002770.0,76621125.0,377089118.0,28299427.84,0.2031910265838008,0.8789439250364055,0.0028901390890839753,1.2964191477971134,0.10998188770376333,6.822639165910494e-05,7912930.0,9002770.0,377089118.0,76621125.0,3279.0,29814.0,388925742.0,504210779.0
22.5,mcf,stress-ng,8,0.20790756944872263,15297.4,0.002949532873195928,8098450.0,9211126.0,78430644.0,377238040.0,25063260.16,0.20790756944872263,0.8792030420602215,0.002949532873195928,1.370538503309765,0.7547341430710964,8.194235837248765e-05,8098450.0,9211126.0,377238040.0,78430644.0,96252.0,127531.0,381719548.0,523161338.0
22.6,mcf,stress-ng,8,0.21360827692610312,15271.0,0.0030265761802193304,8329763.0,9470919.0,80539974.0,377045193.0,25020006.4,0.21360827692610312,0.8795094752684507,0.0030265761802193304,1.4585435115076864,0.8585956006085381,9.011006625333556e-05,8329763.0,9470919.0,377045193.0,80539974.0,212766.0,247807.0,388868874.0,567182173.0
22.7,mcf,stress-ng,8,0.21387344010089224,15229.8,0.0030288123849262836,8815195.0,10022889.0,85278861.0,398735163.0,24952504.32,0.21387344010089224,0.8795063978060617,0.0030288123849262836,1.4567006424660698,0.8648871287128713,8.923241572927379e-05,8815195.0,10022889.0,398735163.0,85278861.0,218384.0,252500.0,382327428.0,556936610.0
22.8,mcf,stress-ng,8,0.21388827025310042,14900.699999999999,0.003026780395238064,8327644.0,9469063.0,80658688.0,377106645.0,24413306.88,0.21388827025310042,0.8794580836562181,0.003026780395238064,1.478607533118995,0.8770800633455881,9.006890260757656e-05,8327644.0,9469063.0,377106645.0,80658688.0,249781.0,284787.0,388658005.0,574672654.0
22.9,mcf,stress-ng,8,0.21446120923729728,14886.800000000001,0.0030308694727703826,8832457.0,10040696.0,85493750.0,398644353.0,24390533.12,0.21446120923729728,0.8796658120114382,0.0030308694727703826,1.51828837911732,0.8871353629359732,9.41535648147317e-05,8832457.0,10040696.0,398644353.0,85493750.0,282919.0,318913.0,382290358.0,580427008.0
23.0,mcf,stress-ng,8,0.2144893722800103,14937.1,0.003030479616379011,8355877.0,9498572.0,80876945.0,377067377.0,24472944.64,0.2144893722800103,0.879698232534322,0.003030479616379011,1.5085718501362708,0.8865109664856001,9.119174310623528e-05,8355877.0,9498572.0,377067377.0,80876945.0,276790.0,312224.0,388565881.0,586179550.0
23.1,mcf,stress-ng,8,0.20786572710093934,16763.6,0.002943960095309878,8560297.0,9734192.0,82885817.0,398746913.0,27465482.24,0.20786572710093934,0.8794049881078985,0.002943960095309878,1.3798545200463002,0.7758960458461376,7.764008340419453e-05,8560297.0,9734192.0,398746913.0,82885817.0,102762.0,132443.0,382289646.0,527504096.0
23.3,mcf,stress-ng,8,1.0030973246780974,10553.199999999999,2.156540970640903e-05,22930.0,31064.0,378346331.0,377178088.0,17290362.88,1.0030973246780974,0.7381534895699202,2.156540970640903e-05,1.3726767482867903,0.14109870839375444,6.674879703108143e-05,22930.0,31064.0,377178088.0,378346331.0,4184.0,29653.0,381564929.0,523765306.0
23.4,mcf,stress-ng,8,0.21367438715887677,11939.2,0.002926688465636767,8250693.0,9385899.0,82880173.0,387880710.0,19561185.28,0.21367438715887677,0.8790519693425212,0.002926688465636767,1.362776188655285,0.7630308614267602,7.954269327049915e-05,8250693.0,9385899.0,387880710.0,82880173.0,96895.0,126987.0,378312561.0,515555350.0
23.5,mcf,stress-ng,8,0.21368134365254646,16223.699999999999,0.003027899427356093,8329073.0,9470907.0,80580161.0,377104335.0,26580910.08,0.21368134365254646,0.8794377349497783,0.003027899427356093,1.457255554657317,0.8613007647973876,8.954735601224249e-05,8329073.0,9470907.0,377104335.0,80580161.0,212060.0,246209.0,381351293.0,555726290.0
23.8,mcf,stress-ng,8,0.21383693234692136,15137.4,0.0030272261696643954,8336101.0,9478259.0,80679655.0,377295232.0,24801116.16,0.21383693234692136,0.8794970679741924,0.0030272261696643954,1.4882611847268372,0.875175904727899,9.248781075990661e-05,8336101.0,9478259.0,377295232.0,80679655.0,250008.0,285666.0,385542697.0,573788231.0
23.9,mcf,stress-ng,8,0.21406128922091017,14885.599999999999,0.0030271627070207366,8337997.0,9478996.0,80684040.0,376920275.0,24388567.04,0.21406128922091017,0.8796287075129053,0.0030271627070207366,1.5176024982678304,0.8892686135630039,9.561024597352525e-05,8337997.0,9478996.0,376920275.0,80684040.0,290653.0,326845.0,378536836.0,574468448.0
24.0,mcf,stress-ng,8,0.21404418775902764,14899.400000000001,0.0030261923880672724,8576376.0,9750390.0,83038631.0,387950880.0,24411176.96,0.21404418775902764,0.879593123967349,0.0030261923880672724,1.5125864691310857,0.88568909978077,9.305838819088813e-05,8576376.0,9750390.0,387950880.0,83038631.0,270276.0,305159.0,374850679.0,566994065.0
24.1,mcf,stress-ng,8,0.2079430846106704,16041.6,0.002945260085112144,8333454.0,9476074.0,80671968.0,387952156.0,26282557.44,0.2079430846106704,0.879420527952821,0.002945260085112144,1.3923368825334494,0.7986651527320059,7.758104086048558e-05,8333454.0,9476074.0,387952156.0,80671968.0,115356.0,144436.0,374833847.0,521894990.0
24.2,mcf,stress-ng,8,0.2043169067077956,17450.4,0.002902044792281072,8177609.0,9303268.0,79251418.0,387884778.0,28590735.36,0.2043169067077956,0.8790039156133093,0.002902044792281072,1.2966592482155854,0.11826171199224968,6.805361468000107e-05,8177609.0,9303268.0,387884778.0,79251418.0,3418.0,28902.0,374469455.0,485559282.0
24.3,mcf,stress-ng,8,0.2026959095826314,17465.0,0.002880880113731238,8126008.0,9243600.0,78632681.0,387934227.0,28614656.0,0.2026959095826314,0.8790955904625903,0.002880880113731238,1.2959072447027784,0.11623548311523144,6.918236225463132e-05,8126008.0,9243600.0,387934227.0,78632681.0,3473.0,29879.0,381686880.0,494630793.0
24.4,mcf,stress-ng,8,0.20567588284844113,17427.3,0.0029221738389693876,8241427.0,9374978.0,79784474.0,387913609.0,28552888.32,0.20567588284844113,0.8790876095922572,0.0029221738389693876,1.323038349302223,0.5828354074007518,7.225581958025068e-05,8241427.0,9374978.0,387913609.0,79784474.0,38920.0,66777.0,385532960.0,510074891.0
24.5,mcf,stress-ng,8,0.21267241426312475,15489.5,0.003012223435250526,8519962.0,9688444.0,82498491.0,387913455.0,25377996.8,0.21267241426312475,0.879394255672015,0.003012223435250526,1.457137901398823,0.8614472806764867,9.105485982824852e-05,8519962.0,9688444.0,387913455.0,82498491.0,218314.0,253427.0,385624667.0,561908318.0
24.6,mcf,stress-ng,8,0.21247889666055964,15257.8,0.0030081642141695708,8516237.0,9683457.0,82445505.0,388017381.0,24998379.52,0.21247889666055964,0.8794624688269902,0.0030081642141695708,1.454051033081249,0.8620719727901943,9.0256904863339e-05,8516237.0,9683457.0,388017381.0,82445505.0,217468.0,252262.0,385499592.0,560536080.0
24.7,mcf,stress-ng,8,0.21252550489563032,15199.2,0.003009038272922648,8513972.0,9681386.0,82453338.0,387969143.0,24902369.28,0.21252550489563032,0.8794166455092277,0.003009038272922648,1.4680058229852453,0.8715357339207503,9.026469213551397e-05,8513972.0,9681386.0,387969143.0,82453338.0,236201.0,271017.0,385710062.0,566224617.0
24.8,mcf,stress-ng,8,0.21314802165793975,14959.300000000001,0.003012926725089315,8545334.0,9714463.0,82709457.0,388037648.0,24509317.12,0.21314802165793975,0.8796506816691771,0.003012926725089315,1.5121393690670544,0.8880643771183722,9.497966952718024e-05,8545334.0,9714463.0,388037648.0,82709457.0,290572.0,327197.0,385608838.0,583094305.0
24.9,mcf,stress-ng,8,0.21346740823011115,14855.9,0.0030159185683994168,8549828.0,9719830.0,82813010.0,387942172.0,24339906.56,0.21346740823011115,0.87962731858479,0.0030159185683994168,1.5073858214656903,0.8879472840204687,9.301151304842856e-05,8549828.0,9719830.0,387942172.0,82813010.0,284057.0,319903.0,385393150.0,580936170.0
25.1,mcf,stress-ng,8,0.20891889125751653,16782.8,0.0029590502737587543,8373983.0,9522074.0,81059082.0,387993070.0,27496939.52,0.20891889125751653,0.8794284732506805,0.0029590502737587543,1.2937551012194566,0.12105781865965834,6.939922917286594e-05,8373983.0,9522074.0,387993070.0,81059082.0,3685.0,30440.0,385523014.0,498772366.0
25.3,mcf,stress-ng,8,0.20278651952198953,17403.699999999997,0.0028845053617429788,8125948.0,9244974.0,78669775.0,387943810.0,28514222.08,0.20278651952198953,0.8789584481254356,0.0028845053617429788,1.2937897667961176,0.10903225806451614,6.80699289833661e-05,8125948.0,9244974.0,387943810.0,78669775.0,3211.0,29450.0,385471241.0,498718747.0
25.4,mcf,stress-ng,8,0.202699573694547,16946.399999999998,0.00288367742070342,8118735.0,9237551.0,78643861.0,387982370.0,27764981.759999998,0.202699573694547,0.8788839163107192,0.00288367742070342,1.2925939235595925,0.10526838637040961,7.002593826062339e-05,8118735.0,9237551.0,387982370.0,78643861.0,3179.0,30199.0,385857022.0,498756442.0
25.5,mcf,stress-ng,8,0.21281580853077378,15280.599999999999,0.0030130540204069962,8529280.0,9698059.0,82552336.0,387905093.0,25035735.04,0.21281580853077378,0.8794832038039777,0.0030130540204069962,1.4566193212778662,0.8612891306334405,9.054810827710212e-05,8529280.0,9698059.0,387905093.0,82552336.0,216777.0,251689.0,385562997.0,561618511.0
25.6,mcf,stress-ng,8,0.2122967021127324,15214.7,0.003008147872590762,8504992.0,9672275.0,82379704.0,388040432.0,24927764.48,0.2122967021127324,0.8793166033844158,0.003008147872590762,1.4567289496297242,0.8621751432579594,9.019619418897503e-05,8504992.0,9672275.0,388040432.0,82379704.0,217563.0,252342.0,385592766.0,561704145.0
25.7,mcf,stress-ng,8,0.21245700212753313,15157.3,0.0030071104956262496,8506904.0,9673697.0,82435728.0,388011349.0,24833720.32,0.21245700212753313,0.8793849962429049,0.0030071104956262496,1.4581396350283449,0.8632372530010325,8.995287553328989e-05,8506904.0,9673697.0,388011349.0,82435728.0,219043.0,253746.0,385790891.0,562536989.0
25.8,mcf,stress-ng,8,0.21311967942144458,14866.199999999999,0.003012414160169109,8533238.0,9701969.0,82684373.0,387971553.0,24356782.08,0.21311967942144458,0.8795367208450161,0.003012414160169109,1.5084361491727118,0.8896244524290003,9.299616490347441e-05,8533238.0,9701969.0,387971553.0,82684373.0,289192.0,325072.0,385822362.0,581988398.0
25.9,mcf,stress-ng,8,0.21307109862058762,14846.5,0.0030130151334511416,8544972.0,9714168.0,82681920.0,388048499.0,24324505.6,0.21307109862058762,0.8796401297568665,0.0030130151334511416,1.5088450063508678,0.8884002606474805,9.370861926029813e-05,8544972.0,9714168.0,388048499.0,82681920.0,287672.0,323809.0,385631549.0,581858237.0
26.0,mcf,stress-ng,8,0.2111791217515562,15029.9,0.0029867369862331163,8461892.0,9620368.0,81910776.0,387873457.0,24624988.16,0.2111791217515562,0.879580905844766,0.0029867369862331163,1.4678479124072124,0.8694904463543972,8.720267254830997e-05,8461892.0,9620368.0,387873457.0,81910776.0,223979.0,257598.0,385527175.0,565895259.0
26.1,mcf,stress-ng,8,0.2025025312800938,17364.1,0.002876820530096541,8104507.0,9220129.0,78529848.0,387796871.0,28449341.439999998,0.2025025312800938,0.8790014760097175,0.002876820530096541,1.2925788956946476,0.12816813666021837,6.897582224407129e-05,8104507.0,9220129.0,387796871.0,78529848.0,3909.0,30499.0,385497398.0,498285801.0
26.2,mcf,stress-ng,8,0.20227680729223263,17382.3,0.0028749930938048655,8097963.0,9213209.0,78465719.0,387912584.0,28479160.32,0.20227680729223263,0.8789514055309068,0.0028749930938048655,1.2921210990751262,0.10679644123352733,6.934097033133958e-05,8097963.0,9213209.0,387912584.0,78465719.0,3193.0,29898.0,385125848.0,497629234.0
26.3,mcf,stress-ng,8,0.2022451531760975,17380.5,0.0028762603393236597,8103451.0,9219400.0,78468306.0,387986089.0,28476211.2,0.2022451531760975,0.8789564396815411,0.0028762603393236597,1.291937109372752,0.11260253542132737,6.786135484546923e-05,8103451.0,9219400.0,387986089.0,78468306.0,3322.0,29502.0,385786580.0,498411999.0
26.6,mcf,stress-ng,8,0.21233847256599037,15196.7,0.0030074253405287504,8506627.0,9673574.0,82391985.0,388021935.0,24898273.28,0.21233847256599037,0.8793675429577528,0.0030074253405287504,1.4520567966418896,0.860372778639575,9.010263643078687e-05,8506627.0,9673574.0,388021935.0,82391985.0,214090.0,248834.0,385604699.0,559919924.0
26.7,mcf,stress-ng,8,0.21257924834507722,15006.300000000001,0.003016265927271049,8511592.0,9681822.0,82475027.0,387973086.0,24586321.92,0.21257924834507722,0.8791312213754807,0.003016265927271049,1.45334862110357,0.8602625046644061,8.934532423724697e-05,8511592.0,9681822.0,387973086.0,82475027.0,212096.0,246548.0,385604958.0,560418434.0
26.8,mcf,stress-ng,8,0.21297094505775305,14853.3,0.00301081223232066,8537841.0,9706128.0,82639224.0,388030508.0,24335646.72,0.21297094505775305,0.8796340827155793,0.00301081223232066,1.5093428044343873,0.8856328947621398,9.250886530980841e-05,8537841.0,9706128.0,388030508.0,82639224.0,276383.0,312074.0,385811672.0,582322071.0
26.9,mcf,stress-ng,8,0.21311358973054018,14855.3,0.0030117132147023944,8538805.0,9707254.0,82681299.0,387968215.0,24338923.52,0.21311358973054018,0.8796313560972032,0.0030117132147023944,1.5105435532086935,0.8874026481548152,9.492515027900115e-05,8538805.0,9707254.0,387968215.0,82681299.0,288389.0,324981.0,385482666.0,582288356.0
27.0,mcf,stress-ng,8,0.21260976101843104,15690.599999999999,0.0030039026265871512,8514756.0,9680431.0,82503967.0,388053524.0,25707479.04,0.21260976101843104,0.8795843904057578,0.0030039026265871512,1.5088047782587157,0.8824905937413967,9.29395377578187e-05,8514756.0,9680431.0,388053524.0,82503967.0,269262.0,305116.0,385777688.0,582063219.0
27.1,mcf,stress-ng,8,0.20334951667660212,17444.2,0.0028891621019479776,8153096.0,9273776.0,78877449.0,387891008.0,28580577.28,0.20334951667660212,0.8791560201583476,0.0028891621019479776,1.2999991616103508,0.13432236026924751,6.709712827146195e-05,8153096.0,9273776.0,387891008.0,78877449.0,4011.0,29861.0,385262390.0,500840784.0
27.2,mcf,stress-ng,8,0.20331775976165076,17429.2,0.002886724345522997,8140766.0,9260573.0,78870243.0,387916152.0,28556001.28,0.20331775976165076,0.8790780008969208,0.002886724345522997,1.2970088515659899,0.11634422948632421,6.872417629151021e-05,8140766.0,9260573.0,387916152.0,78870243.0,3488.0,29980.0,385482976.0,499974832.0
27.3,mcf,stress-ng,8,0.20314860246174093,17436.399999999998,0.002888089365436095,8144481.0,9264908.0,78810989.0,387947483.0,28567797.759999998,0.20314860246174093,0.879067660466785,0.002888089365436095,1.2980356286091392,0.10916107382550336,6.890575833640927e-05,8144481.0,9264908.0,387947483.0,78810989.0,3253.0,29800.0,385265334.0,500088130.0
27.4,mcf,stress-ng,8,0.5079498044912681,13286.199999999999,0.0023434476784760768,6256379.0,7143097.0,192198972.0,378381821.0,21768110.08,0.5079498044912681,0.8758636484986834,0.0023434476784760768,1.4262259840368179,0.8281629335641453,8.450848135751702e-05,6256379.0,7143097.0,378381821.0,192198972.0,156917.0,189476.0,385274939.0,549489129.0
27.5,mcf,stress-ng,8,1.0031387873778983,7348.8,2.1486148949568473e-05,16449.0,24784.0,389141945.0,387924333.0,12040273.92,1.0031387873778983,0.6636943189154293,2.1486148949568473e-05,1.5275622543043361,0.8732225214789758,9.253642941760375e-05,16449.0,24784.0,387924333.0,389141945.0,245758.0,281438.0,385577877.0,588994211.0
27.6,mcf,stress-ng,8,0.6329614875270871,10621.199999999999,0.0014449512753307464,4029508.0,4590097.0,245566237.0,387963947.0,17401774.08,0.6329614875270871,0.8778699012243096,0.0014449512753307464,1.4928286647263918,0.8701005825169978,8.99933816610285e-05,4029508.0,4590097.0,387963947.0,245566237.0,232269.0,266945.0,385317224.0,575212597.0
27.8,mcf,stress-ng,8,0.21415666577188155,14909.400000000001,0.003031055916120027,8586119.0,9761943.0,83076840.0,387925539.0,24427560.96,0.21415666577188155,0.879550208396013,0.003031055916120027,1.5168743190784375,0.8808286177655086,9.94074804519946e-05,8586119.0,9761943.0,387925539.0,83076840.0,275362.0,312617.0,374770589.0,568479882.0
28.0,mcf,stress-ng,8,0.2145813330304765,16959.8,0.0030343227500743437,8364771.0,9509021.0,80919108.0,377102271.0,27786936.32,0.2145813330304765,0.8796668973598859,0.0030343227500743437,1.5183043271461676,0.8846168445425732,9.559410799922361e-05,8364771.0,9509021.0,377102271.0,80919108.0,279661.0,316138.0,381582095.0,579357746.0
28.1,mcf,stress-ng,8,0.20361505232792937,17422.5,0.002890999492209321,8153229.0,9274716.0,78987089.0,387923624.0,28545024.0,0.20361505232792937,0.8790812570433424,0.002890999492209321,1.3006588479521648,0.24439954317842397,6.817494275278483e-05,8153229.0,9274716.0,387923624.0,78987089.0,8346.0,34149.0,378482166.0,492276178.0
28.2,mcf,stress-ng,8,0.2035221860419127,17465.5,0.0028877155706316647,7917619.0,9006561.0,76747121.0,377094618.0,28615475.2,0.2035221860419127,0.8790945844923496,0.0028877155706316647,1.2976551173637976,0.1056847632190098,6.957628524093116e-05,7917619.0,9006561.0,377094618.0,76747121.0,3140.0,29711.0,381897365.0,495571070.0
28.4,mcf,stress-ng,8,0.20957924763608485,16938.3,0.002972616269393799,8166567.0,9287746.0,79046816.0,377169099.0,27751710.72,0.20957924763608485,0.8792840588017803,0.002972616269393799,1.3902386274482998,0.7977069606000141,8.255715879451602e-05,8166567.0,9287746.0,377169099.0,79046816.0,124333.0,155863.0,381917213.0,530956062.0
28.5,mcf,stress-ng,8,0.21351148271716897,15286.300000000001,0.003022347580568407,8551772.0,9724016.0,82812300.0,387858765.0,25045073.92,0.21351148271716897,0.8794485735111912,0.003022347580568407,1.4476240328722614,0.8529374337221634,9.169255991917047e-05,8551772.0,9724016.0,387858765.0,82812300.0,201080.0,235750.0,378111376.0,547363115.0
28.6,mcf,stress-ng,8,0.21313597989572058,15275.9,0.003017849946269812,8304439.0,9442675.0,80388041.0,377167858.0,25028034.56,0.21313597989572058,0.8794583102775432,0.003017849946269812,1.4527469583954047,0.8518616195430706,9.117875759582983e-05,8304439.0,9442675.0,377167858.0,80388041.0,200265.0,235091.0,381953000.0,554881059.0
28.7,mcf,stress-ng,8,0.2129117434040501,15161.800000000001,0.0030127721597504853,8527473.0,9696259.0,82597771.0,387943707.0,24841093.12,0.2129117434040501,0.8794601093060737,0.0030127721597504853,1.4906183857234487,0.8770875791604547,9.489556830488758e-05,8527473.0,9696259.0,387943707.0,82597771.0,256499.0,292444.0,378784812.0,564623605.0
28.8,mcf,stress-ng,8,0.21359898117223872,14907.7,0.0030196105836104467,8320035.0,9458837.0,80555734.0,377135385.0,24424775.68,0.21359898117223872,0.8796044376280086,0.0030196105836104467,1.5105784605625048,0.887079272191757,9.323430549724501e-05,8320035.0,9458837.0,377135385.0,80555734.0,274677.0,309642.0,375022904.0,566501521.0
28.9,mcf,stress-ng,8,0.21306418233806806,14837.5,0.003010816762183329,8303417.0,9439314.0,80383160.0,377272046.0,24309760.0,0.21306418233806806,0.8796631831508095,0.003010816762183329,1.508760652766532,0.8847793056054674,9.571624788296447e-05,8303417.0,9439314.0,377272046.0,80383160.0,280675.0,317226.0,381868291.0,576147852.0
29.0,mcf,stress-ng,8,0.20624450077697853,15086.399999999998,0.002923137507059662,8259767.0,9393686.0,80004638.0,387911618.0,24717557.759999998,0.20624450077697853,0.8792892374729153,0.002923137507059662,1.3740262695780983,0.770024596714748,7.685146574250817e-05,8259767.0,9393686.0,387911618.0,80004638.0,99240.0,128879.0,385666034.0,529915262.0
29.1,mcf,stress-ng,8,0.20290128232773139,17402.0,0.002882794049697037,8129053.0,9248411.0,78784391.0,388289271.0,28511436.8,0.20290128232773139,0.8789675329091667,0.002882794049697037,1.2921493512965834,0.12618190383256503,6.73211245717384e-05,8129053.0,9248411.0,388289271.0,78784391.0,3750.0,29719.0,385748161.0,498444236.0
29.2,mcf,stress-ng,8,0.20302326159633513,17421.9,0.002886396661333955,7910728.0,8999501.0,76582075.0,377208377.0,28544040.96,0.20302326159633513,0.879018514470969,0.002886396661333955,1.2956897472756952,0.11163333333333333,6.919532645558461e-05,7910728.0,8999501.0,377208377.0,76582075.0,3349.0,30000.0,385156070.0,499042771.0
29.3,mcf,stress-ng,8,0.20548470482801978,17413.399999999998,0.0029191821708268798,8009405.0,9111158.0,77553704.0,377418378.0,28530114.56,0.20548470482801978,0.8790765125574598,0.0029191821708268798,1.3390587132595226,0.6736601950433927,7.563881914324158e-05,8009405.0,9111158.0,377418378.0,77553704.0,60236.0,89416.0,385780745.0,516583068.0
29.6,mcf,stress-ng,8,0.2136301963136034,15296.8,0.003022955418301324,8325793.0,9465802.0,80563658.0,377117371.0,25062277.119999997,0.2136301963136034,0.8795655138360172,0.003022955418301324,1.4564520161970598,0.8540443023897589,9.205230465151312e-05,8325793.0,9465802.0,377117371.0,80563658.0,207350.0,242786.0,384955055.0,560668566.0
29.7,mcf,stress-ng,8,0.2135431676160067,15089.400000000001,0.0030230370476854417,8560141.0,9732862.0,82839394.0,387928094.0,24722472.96,0.2135431676160067,0.8795091310243585,0.0030230370476854417,1.4743353325619264,0.8685676338144822,9.13711006687696e-05,8560141.0,9732862.0,387928094.0,82839394.0,232810.0,268039.0,385559545.0,568444060.0
29.8,mcf,stress-ng,8,0.2140038062002011,14907.4,0.0030262864417418918,8579233.0,9753302.0,83024274.0,387956997.0,24424284.16,0.2140038062002011,0.879623434196952,0.0030262864417418918,1.5135020697986112,0.8861025308810044,9.435432941420907e-05,8579233.0,9753302.0,387956997.0,83024274.0,283139.0,319533.0,385716270.0,583782373.0
29.9,mcf,stress-ng,8,0.21448505564447876,14864.8,0.003031886137533646,8595458.0,9771609.0,83204580.0,387927167.0,24354488.32,0.21448505564447876,0.8796358921033374,0.003031886137533646,1.5089719166169289,0.8868820439483565,9.483568420157294e-05,8595458.0,9771609.0,387927167.0,83204580.0,286517.0,323061.0,385340184.0,581467516.0
30.0,mcf,stress-ng,8,0.21013102593305194,15904.5,0.002973488080182574,8417601.0,9570951.0,81505159.0,387877795.0,26057932.8,0.21013102593305194,0.879494733595439,0.002973488080182574,1.4087088317260783,0.8235545355664261,8.037773613600208e-05,8417601.0,9570951.0,387877795.0,81505159.0,144617.0,175601.0,385479879.0,543028910.0
30.1,mcf,stress-ng,8,0.2036103082666544,17458.899999999998,0.002894192153935919,8163944.0,9286584.0,78979233.0,387894079.0,28604661.759999998,0.2036103082666544,0.8791116302829975,0.002894192153935919,1.2969331265484654,0.12337071839951501,6.749986888640613e-05,8163944.0,9286584.0,387894079.0,78979233.0,3663.0,29691.0,385600749.0,500098385.0
30.2,mcf,stress-ng,8,0.20379887663997828,17441.300000000003,0.002892235931539827,8164484.0,9286350.0,79051307.0,387888826.0,28575825.92,0.20379887663997828,0.8791919322446387,0.002892235931539827,1.2977307543966516,0.11134321429755628,6.958417536888382e-05,8164484.0,9286350.0,387888826.0,79051307.0,3358.0,30159.0,385159411.0,499833213.0
30.3,mcf,stress-ng,8,0.20415986917404486,17460.5,0.002903273698844813,8184245.0,9310442.0,79194818.0,387905901.0,28607283.2,0.20415986917404486,0.879039362470654,0.002903273698844813,1.3151594479318995,0.5174225901183259,7.288705038523828e-05,8184245.0,9310442.0,387905901.0,79194818.0,30129.0,58229.0,385528017.0,507030814.0
30.4,mcf,stress-ng,8,0.213750523374188,15617.7,0.0030275122325162016,8569770.0,9744153.0,82914605.0,387903635.0,25588039.68,0.213750523374188,0.8794781855334168,0.0030275122325162016,1.4563151521425242,0.8543944708066845,9.518319352849524e-05,8569770.0,9744153.0,387903635.0,82914605.0,215345.0,252044.0,385561764.0,561499439.0
30.5,mcf,stress-ng,8,0.21344799348949786,15280.599999999999,0.003021175853234354,8545741.0,9717800.0,82806713.0,387947957.0,25035735.04,0.21344799348949786,0.8793904999073865,0.003021175853234354,1.4570975236944106,0.8602337377342356,9.288631021064609e-05,8545741.0,9717800.0,387947957.0,82806713.0,220305.0,256099.0,385352803.0,561496615.0
30.6,mcf,stress-ng,8,0.21346444051495025,15267.2,0.003022579350402117,8556611.0,9729239.0,82814825.0,387956068.0,25013780.48,0.21346444051495025,0.8794738211282507,0.003022579350402117,1.4681355860539702,0.8630613175290631,9.346494431764685e-05,8556611.0,9729239.0,387956068.0,82814825.0,227175.0,263220.0,385652613.0,566190325.0
30.7,mcf,stress-ng,8,0.21438380719928388,15025.5,0.0030307968697699667,8590965.0,9766650.0,83162230.0,387912833.0,24617779.2,0.21438380719928388,0.8796224908233632,0.0030307968697699667,1.5116082955231018,0.8805331146954841,0.00010054378026626481,8590965.0,9766650.0,387912833.0,83162230.0,285674.0,324433.0,385493761.0,582715567.0
30.9,mcf,stress-ng,8,0.21427322645285427,14885.7,0.0030272300166263844,8589768.0,9764179.0,83127094.0,387949047.0,24388730.880000003,0.21427322645285427,0.8797225040630656,0.0030272300166263844,1.5147778308671795,0.8808202987090733,0.00010070882216052949,8589768.0,9764179.0,387949047.0,83127094.0,286914.0,325735.0,385477649.0,583912997.0
31.0,mcf,stress-ng,8,0.21149556914363987,16633.1,0.002991364772441714,8468318.0,9628753.0,82045113.0,387928283.0,27251671.04,0.21149556914363987,0.879482317180636,0.002991364772441714,1.436768334602842,0.8539755083422517,8.63247581532545e-05,8468318.0,9628753.0,387928283.0,82045113.0,194703.0,227996.0,385671512.0,554120616.0
31.1,mcf,stress-ng,8,0.20352594991264225,17322.6,0.002891548385374107,8157686.0,9279378.0,78951966.0,387920882.0,28381347.84,0.20352594991264225,0.8791199151494853,0.002891548385374107,1.2960601748382783,0.12649607228346987,6.726098806980778e-05,8157686.0,9279378.0,387920882.0,78951966.0,3752.0,29661.0,385201002.0,499243678.0
31.2,mcf,stress-ng,8,0.2036047889341471,17541.9,0.0028909931111221654,8155125.0,9276329.0,78963351.0,387826590.0,28740648.96,0.2036047889341471,0.8791327905683379,0.0028909931111221654,1.2958638335826116,0.1183986086491187,6.838583006684992e-05,8155125.0,9276329.0,387826590.0,78963351.0,3540.0,29899.0,385445347.0,499484685.0
31.3,mcf,stress-ng,8,0.20329592609571864,17117.8,0.0028905973510830276,8146252.0,9267603.0,78864699.0,387930543.0,28045803.52,0.20329592609571864,0.8790031251878182,0.0028905973510830276,1.294585976424858,0.1099610610044264,6.938283484543834e-05,8146252.0,9267603.0,387930543.0,78864699.0,3304.0,30047.0,385441155.0,498986714.0
31.4,mcf,stress-ng,8,0.2123596833004405,15236.7,0.0030117650258639117,8505083.0,9673538.0,82387813.0,387963533.0,24963809.28,0.2123596833004405,0.879211204835294,0.0030117650258639117,1.4450879782941257,0.853499135491029,9.389018374703412e-05,8505083.0,9673538.0,387963533.0,82387813.0,210781.0,246961.0,385343798.0,556855690.0
31.5,mcf,stress-ng,8,0.21345224139062774,15275.2,0.003022290450579581,8554276.0,9726709.0,82804236.0,387928632.0,25026887.68,0.21345224139062774,0.8794625191315993,0.003022290450579581,1.459648123743308,0.8522523249480543,9.49949273953926e-05,8554276.0,9726709.0,387928632.0,82804236.0,211235.0,247855.0,385494268.0,562685985.0
31.6,mcf,stress-ng,8,0.21344957151757799,15265.599999999999,0.003023047203874419,8558963.0,9731649.0,82800336.0,387915213.0,25011159.04,0.21344957151757799,0.8794977089699804,0.003023047203874419,1.4613283250532059,0.8507366840987811,9.644207574569443e-05,8558963.0,9731649.0,387915213.0,82800336.0,211967.0,249157.0,385620070.0,563517531.0
31.7,mcf,stress-ng,8,0.8282398319292625,9386.1,0.0011961735413270542,3073443.0,3521780.0,310432014.0,374809327.0,15378186.24,0.8282398319292625,0.872695909454878,0.0011961735413270542,1.581639617247729,0.8962621907600185,9.753793593746075e-05,3073443.0,3521780.0,374809327.0,310432014.0,324498.0,362057.0,385070687.0,609043054.0
31.8,mcf,stress-ng,8,1.003679827766336,6919.700000000001,2.203582310160978e-05,23223.0,31770.0,389295714.0,387868425.0,11337236.48,1.003679827766336,0.7309726156751652,2.203582310160978e-05,1.605238099837724,0.894772435607291,0.00010251120124608301,23223.0,31770.0,387868425.0,389295714.0,336064.0,375586.0,385538356.0,618880858.0
31.9,mcf,stress-ng,8,0.32741046207974567,13676.0,0.002543526428923256,7198656.0,8185499.0,127029434.0,387982208.0,22406758.4,0.32741046207974567,0.8794400927787054,0.002543526428923256,1.442529710554618,0.8516118538187285,8.759366886746388e-05,7198656.0,8185499.0,387982208.0,127029434.0,193717.0,227471.0,385347485.0,555875196.0
32.0,mcf,stress-ng,8,0.20375259343360952,17385.5,0.0028994242333825965,8167099.0,9291461.0,79012816.0,387788026.0,28484403.2,0.20375259343360952,0.8789897519884117,0.0028994242333825965,1.2952961548643993,0.13004740611236257,6.718364431199082e-05,8167099.0,9291461.0,387788026.0,79012816.0,3868.0,29743.0,385138381.0,498868264.0
32.1,mcf,stress-ng,8,0.20312730609093155,17424.7,0.0028843683294644995,8132248.0,9252363.0,78882416.0,388339793.0,28548628.48,0.20312730609093155,0.8789374130695046,0.0028843683294644995,1.293079178915419,0.11089216552286471,6.781420779017486e-05,8132248.0,9252363.0,388339793.0,78882416.0,3264.0,29434.0,385907332.0,499008736.0
32.3,mcf,stress-ng,8,0.20349001593740224,16140.7,0.0028941941692829814,8153389.0,9275931.0,78925627.0,387859948.0,26444922.880000003,0.20349001593740224,0.878983360268635,0.0028941941692829814,1.2914528725505763,0.11550151975683891,6.946320914416674e-05,8153389.0,9275931.0,387859948.0,78925627.0,3496.0,30268.0,385412657.0,497742283.0
32.4,mcf,stress-ng,8,0.21248066317170816,15274.8,0.0030140548119459926,8512593.0,9681894.0,82431763.0,387949481.0,25026232.32,0.21248066317170816,0.8792280725238264,0.0030140548119459926,1.4497621533002127,0.8545995883160165,9.233559522905215e-05,8512593.0,9681894.0,387949481.0,82431763.0,209247.0,244848.0,385560952.0,558971676.0
32.5,mcf,stress-ng,8,0.21367952648019606,15293.099999999999,0.0030259753568531887,8553158.0,9726990.0,82890254.0,387918559.0,25056215.04,0.21367952648019606,0.8793221746912457,0.0030259753568531887,1.4583110312497785,0.853905167433574,9.377571795110266e-05,8553158.0,9726990.0,387918559.0,82890254.0,211368.0,247531.0,385632878.0,562372680.0
32.6,mcf,stress-ng,8,0.21329039547566597,15090.3,0.003019826726840341,8553288.0,9725118.0,82766366.0,388045443.0,24723947.52,0.21329039547566597,0.8795048039519932,0.003019826726840341,1.457848972728723,0.8535127055306427,9.405182000050394e-05,8553288.0,9725118.0,388045443.0,82766366.0,211270.0,247530.0,385532146.0,562047643.0
32.7,mcf,stress-ng,8,0.21373399832495965,14903.4,0.0030228238682858065,8557837.0,9730585.0,82921179.0,387964384.0,24417730.56,0.21373399832495965,0.879478160871109,0.0030228238682858065,1.5097969472385986,0.8838701398691133,9.621500391214274e-05,8557837.0,9730585.0,387964384.0,82921179.0,282408.0,319513.0,385646713.0,582248230.0
32.8,mcf,stress-ng,8,0.21389349793455156,14867.2,0.003023913379677098,8575996.0,9749494.0,83006211.0,388072624.0,24358420.48,0.21389349793455156,0.8796349841335356,0.003023913379677098,1.5130103009275626,0.8845443272627069,9.559477567745137e-05,8575996.0,9749494.0,388072624.0,83006211.0,282481.0,319352.0,385700994.0,583569577.0
32.9,mcf,stress-ng,8,0.21323451702925758,16076.300000000001,0.003014675755344662,8547152.0,9716521.0,82711991.0,387892130.0,26339409.92,0.21323451702925758,0.8796514719620325,0.003014675755344662,1.4713304253223234,0.8706288878689161,8.993193294820963e-05,8547152.0,9716521.0,387892130.0,82711991.0,233312.0,267981.0,385502667.0,567201803.0
33.0,mcf,stress-ng,8,0.2037727763992325,17394.2,0.0028972767289272123,8168563.0,9292495.0,79048971.0,387927045.0,28498657.28,0.2037727763992325,0.879049491013985,0.0028972767289272123,1.2960481182951518,0.1312850087832687,6.800849353171634e-05,8168563.0,9292495.0,387927045.0,79048971.0,3961.0,30171.0,385393039.0,499487923.0
33.1,mcf,stress-ng,8,0.2045029648459973,17055.4,0.0029104360963484732,8192933.0,9322073.0,79339477.0,387962478.0,27943567.36,0.2045029648459973,0.8788745807933492,0.0029104360963484732,1.2911542950411925,0.12643678160919541,6.699495612501879e-05,8192933.0,9322073.0,387962478.0,79339477.0,3740.0,29580.0,385700678.0,497999087.0
33.2,mcf,stress-ng,8,0.2037007656030119,17434.3,0.0028976087579668445,8165773.0,9289861.0,79022948.0,387936431.0,28564357.119999997,0.2037007656030119,0.8789984048200505,0.0028976087579668445,1.2940814112617753,0.11592687533729087,6.800003411027617e-05,8165773.0,9289861.0,387936431.0,79022948.0,3437.0,29648.0,385455689.0,498811042.0
33.3,mcf,stress-ng,8,0.21008995195546448,15618.699999999999,0.002982208375203466,8414964.0,9572041.0,81513503.0,387993344.0,25589678.08,0.21008995195546448,0.8791190927828245,0.002982208375203466,1.4262170298721157,0.8368055723980035,8.720800236638413e-05,8414964.0,9572041.0,387993344.0,81513503.0,172515.0,206159.0,385790284.0,550220673.0
33.4,mcf,stress-ng,8,0.21299751070635237,15223.2,0.003017603454692475,8536531.0,9707617.0,82661094.0,388084789.0,24941690.880000003,0.21299751070635237,0.8793642147192251,0.003017603454692475,1.4547090146318162,0.8614576546254732,8.98253530163068e-05,8536531.0,9707617.0,388084789.0,82661094.0,215510.0,250169.0,385848748.0,561297652.0
33.6,mcf,stress-ng,8,0.21319110787785864,15266.800000000001,0.0030160956251666263,8535484.0,9706032.0,82739560.0,388100427.0,25013125.12,0.21319110787785864,0.8793999442820712,0.0030160956251666263,1.4546906421369785,0.8630382513661202,8.942287324018274e-05,8535484.0,9706032.0,388100427.0,82739560.0,217162.0,251625.0,385393566.0,560628414.0
33.7,mcf,stress-ng,8,0.21363970393128603,15000.3,0.0030214068440862674,8554506.0,9726312.0,82856861.0,387834562.0,24576491.52,0.21363970393128603,0.8795220634501546,0.0030214068440862674,1.5034411209943697,0.8847816841508364,9.26654281045089e-05,8554506.0,9726312.0,387834562.0,82856861.0,274615.0,310376.0,385915230.0,580200826.0
33.8,mcf,stress-ng,8,0.2142932127562526,14908.3,0.0030296122757233752,8587661.0,9762842.0,83123941.0,387898151.0,24425758.72,0.2142932127562526,0.8796271618448809,0.0030296122757233752,1.5166885649342463,0.8849302138704915,9.362954594978808e-05,8587661.0,9762842.0,387898151.0,83123941.0,277515.0,313601.0,385412528.0,584550774.0
33.9,mcf,stress-ng,8,0.21440249212366463,14859.2,0.003028763384840352,8583434.0,9758742.0,83198630.0,388048801.0,24345313.28,0.21440249212366463,0.8795635748952068,0.003028763384840352,1.5111885756870236,0.8874674947372432,9.186478348854387e-05,8583434.0,9758742.0,388048801.0,83198630.0,279507.0,314949.0,385806167.0,583025872.0
34.0,mcf,stress-ng,8,0.20510292874324806,16686.5,0.0029136678714601306,8215797.0,9345924.0,79553459.0,387870907.0,27339161.6,0.20510292874324806,0.8790780879450764,0.0029136678714601306,1.2961891421110698,0.13466177588314993,6.793189479145207e-05,8215797.0,9345924.0,387870907.0,79553459.0,4075.0,30261.0,385474306.0,499647610.0
34.1,mcf,stress-ng,8,0.2037328536155509,17413.1,0.0028965306320201897,8167014.0,9290695.0,79036187.0,387940313.0,28529623.04,0.2037328536155509,0.8790530740703467,0.0028965306320201897,1.2947468255384333,0.12164886111671035,6.783108216945735e-05,8167014.0,9290695.0,387940313.0,79036187.0,3621.0,29766.0,385442767.0,499050799.0
34.2,mcf,stress-ng,8,0.20353077372302741,17432.4,0.0028912425092775577,8144499.0,9266259.0,78966977.0,387985441.0,28561244.16,0.20353077372302741,0.8789414368840759,0.0028912425092775577,1.2937253942778366,0.11427038626609443,6.851239053689309e-05,8144499.0,9266259.0,387985441.0,78966977.0,3408.0,29824.0,385565294.0,498815612.0
34.3,mcf,stress-ng,8,0.2089668125870586,17165.4,0.0029662702302702035,8372311.0,9522773.0,81047362.0,387848008.0,28123791.36,0.2089668125870586,0.8791883414631432,0.0029662702302702035,1.3964693325438726,0.8041554777314408,8.216280410633767e-05,8372311.0,9522773.0,387848008.0,81047362.0,129966.0,161618.0,385235148.0,537969070.0
34.4,mcf,stress-ng,8,0.2139885495622841,15299.8,0.0030300939566093917,8581585.0,9756963.0,83006480.0,387901503.0,25067192.32,0.2139885495622841,0.8795344411985574,0.0030300939566093917,1.4547749122893745,0.8569646535182783,8.959074902237474e-05,8581585.0,9756963.0,387901503.0,83006480.0,206783.0,241297.0,385240668.0,560438459.0
34.5,mcf,stress-ng,8,0.21405519474702075,15254.8,0.003030455683498178,8578760.0,9754233.0,83029131.0,387886550.0,24993464.32,0.21405519474702075,0.8794909861185395,0.003030455683498178,1.4579059155929877,0.8557834805542763,8.934720271101342e-05,8578760.0,9754233.0,387886550.0,83029131.0,204421.0,238870.0,385563274.0,562114978.0
34.6,mcf,stress-ng,8,0.21436026325264343,15285.9,0.003033297205608334,8589815.0,9766528.0,83157202.0,387931983.0,25044418.56,0.21436026325264343,0.879515729643124,0.003033297205608334,1.490712089096717,0.8829962020445381,9.067892746595292e-05,8589815.0,9766528.0,387931983.0,83157202.0,263879.0,298845.0,385602267.0,574821961.0
34.7,mcf,stress-ng,8,0.21420607707715095,14939.1,0.003027643762403068,8590359.0,9765255.0,83124001.0,388056222.0,24476221.44,0.21420607707715095,0.8796860911466213,0.003027643762403068,1.512819125933269,0.8857411713320401,9.231076520167752e-05,8590359.0,9765255.0,388056222.0,83124001.0,275795.0,311372.0,385404670.0,583047556.0
34.8,mcf,stress-ng,8,0.21453989818053962,14892.9,0.003031125175716766,8599533.0,9775280.0,83218154.0,387891272.0,24400527.36,0.21453989818053962,0.8797224222733262,0.003031125175716766,1.5152448734120203,0.8847570675985813,9.172911324575425e-05,8599533.0,9775280.0,387891272.0,83218154.0,271401.0,306752.0,385384735.0,583952244.0
35.0,mcf,stress-ng,8,0.20719989933657515,17396.4,0.0029401300073669074,8296112.0,9436631.0,80375841.0,387914479.0,28502261.76,0.20719989933657515,0.8791391758351047,0.0029401300073669074,1.3305723296857819,0.6402910112508448,7.043165718867791e-05,8296112.0,9436631.0,387914479.0,80375841.0,48317.0,75461.0,385394879.0,512795762.0
35.1,mcf,stress-ng,8,0.2038753682045001,17423.2,0.002899178964575743,8170695.0,9295119.0,79071475.0,387842218.0,28546170.88,0.2038753682045001,0.879030704179258,0.002899178964575743,1.2952394925379305,0.12549847525216984,6.771210619417068e-05,8170695.0,9295119.0,387842218.0,79071475.0,3745.0,29841.0,385396371.0,499180600.0
35.2,mcf,stress-ng,8,0.20285031907785814,17360.5,0.002883401182372115,8129861.0,9250080.0,78808590.0,388506118.0,28443443.2,0.20285031907785814,0.8788962906266756,0.002883401182372115,1.2909332425139042,0.11744920839845077,6.727700849452454e-05,8129861.0,9250080.0,388506118.0,78808590.0,3457.0,29434.0,386120022.0,498455172.0
35.3,mcf,stress-ng,8,0.20686019758222113,16516.100000000002,0.0029394781073393012,8288932.0,9429556.0,80269251.0,388036229.0,27059978.240000002,0.20686019758222113,0.8790373587049062,0.0029394781073393012,1.3531598182421944,0.7532111736039396,7.703584216705053e-05,8288932.0,9429556.0,388036229.0,80269251.0,88253.0,117169.0,375357745.0,507919018.0
35.4,mcf,stress-ng,8,0.21278362548312837,15221.900000000001,0.0030157126992064374,8293899.0,9432163.0,80313997.0,377444443.0,24939560.96,0.21278362548312837,0.8793209998597352,0.0030157126992064374,1.4557183042007757,0.8564273522081627,9.292101697997258e-05,8293899.0,9432163.0,377444443.0,80313997.0,213742.0,249574.0,385617820.0,561350919.0
35.5,mcf,stress-ng,8,0.21397397036455895,15263.099999999999,0.003030141054298586,8575673.0,9751458.0,83028275.0,388029791.0,25007063.04,0.21397397036455895,0.8794246973119302,0.003030141054298586,1.4533846444363936,0.8608705516049036,9.218170206923646e-05,8575673.0,9751458.0,388029791.0,83028275.0,220085.0,255654.0,385857488.0,560799348.0
35.6,mcf,stress-ng,8,0.21368111820039704,15180.5,0.0030248050525387795,8562309.0,9736245.0,82930289.0,388103028.0,24871731.2,0.21368111820039704,0.8794262058935453,0.0030248050525387795,1.4826191654893632,0.8716426646241446,9.21547729022178e-05,8562309.0,9736245.0,388103028.0,82930289.0,241255.0,276782.0,385514487.0,571571167.0
35.7,mcf,stress-ng,8,0.21476271709823685,14948.3,0.0030356435148067274,8609134.0,9786749.0,83312746.0,387929279.0,24491294.72,0.21476271709823685,0.8796725041175574,0.0030356435148067274,1.51382040682686,0.8829852263660464,9.433425595335952e-05,8609134.0,9786749.0,387929279.0,83312746.0,274453.0,310824.0,385554533.0,583660320.0
35.8,mcf,stress-ng,8,0.2143952152669274,14908.3,0.0030295683056451427,8592642.0,9768600.0,83219701.0,388160253.0,24425758.72,0.2143952152669274,0.8796185737976783,0.0030295683056451427,1.5105524145785576,0.8850728321782037,9.338790392377466e-05,8592642.0,9768600.0,388160253.0,83219701.0,277496.0,313529.0,385842261.0,582834959.0
35.9,mcf,stress-ng,8,0.5722308633079389,14929.2,0.0021185295482269275,5712207.0,6522060.0,218747424.0,382271279.0,24460001.28,0.5722308633079389,0.8758286492304579,0.0021185295482269275,1.4116141920274603,0.7913729026616385,7.926839893374788e-05,5712207.0,6522060.0,382271279.0,218747424.0,115838.0,146376.0,385248099.0,543821684.0
36.0,mcf,stress-ng,8,0.999971352734917,10820.599999999999,2.1738097478357232e-05,18770.0,27202.0,387879319.0,387890431.0,17728471.04,0.999971352734917,0.6900227924417323,2.1738097478357232e-05,1.3658620069420593,0.14778838945206818,6.78162436019025e-05,18770.0,27202.0,387890431.0,387879319.0,4534.0,30679.0,385527104.0,526576824.0
36.1,mcf,stress-ng,8,0.5649345324805218,12085.8,0.001599185270680351,4456461.0,5076804.0,219144829.0,387911902.0,19801374.72,0.5649345324805218,0.8778083613233838,0.001599185270680351,1.3143707042287065,0.12230167067674269,6.716437665359214e-05,4456461.0,5076804.0,387911902.0,219144829.0,3609.0,29509.0,385621088.0,506849061.0
36.2,mcf,stress-ng,8,0.20736746258235178,17429.8,0.0029460321801287816,8304989.0,9447719.0,80435313.0,387887820.0,28556984.32,0.20736746258235178,0.8790469953647012,0.0029460321801287816,1.3588317921680615,0.7367274754761034,7.842047991678106e-05,8304989.0,9447719.0,387887820.0,80435313.0,84566.0,114786.0,385358519.0,523637407.0
36.4,mcf,stress-ng,8,0.2133498480591955,15280.599999999999,0.003022037149929352,8544838.0,9716987.0,82751402.0,387867171.0,25035735.04,0.2133498480591955,0.8793711466321813,0.003022037149929352,1.4613139595876563,0.8541133729408138,9.08985729679455e-05,8544838.0,9716987.0,387867171.0,82751402.0,205006.0,240022.0,385220569.0,562928195.0
36.5,mcf,stress-ng,8,0.21382841810678627,15263.600000000002,0.0030300177920204,8578442.0,9754124.0,82967903.0,388011583.0,25007882.240000002,0.21382841810678627,0.8794682126247318,0.0030300177920204,1.4539973126858914,0.8582481872116019,8.924374174694463e-05,8578442.0,9754124.0,388011583.0,82967903.0,208314.0,242720.0,385528434.0,560557307.0
36.6,mcf,stress-ng,8,0.21397911048802512,15047.0,0.0030279279694779217,8580326.0,9755244.0,83029686.0,388027064.0,24653004.8,0.21397911048802512,0.8795603677365733,0.0030279279694779217,1.4857782077995199,0.8719180263786539,9.173484164178014e-05,8580326.0,9755244.0,388027064.0,83029686.0,240897.0,276284.0,385753105.0,573143557.0
36.7,mcf,stress-ng,8,0.21452875238715963,14927.2,0.0030310138948591186,8600256.0,9776146.0,83227007.0,387952692.0,24456724.48,0.21452875238715963,0.8797184493766766,0.0030310138948591186,1.515619497394038,0.8853437421304458,9.445606730421121e-05,8600256.0,9776146.0,387952692.0,83227007.0,281256.0,317680.0,385618426.0,584450805.0
36.8,mcf,stress-ng,8,0.2144734075891086,14910.2,0.0030306581059683854,8596389.0,9771951.0,83192092.0,387890009.0,24428871.68,0.2144734075891086,0.8797003791770958,0.0030306581059683854,1.5197375693824937,0.8876387842171483,9.24669148380778e-05,8596389.0,9771951.0,387890009.0,83192092.0,281496.0,317129.0,385359456.0,585645243.0
36.9,mcf,stress-ng,8,0.20945665883969297,16754.9,0.002973736636859446,8398815.0,9552325.0,81248066.0,387899179.0,27451228.16,0.20945665883969297,0.8792430115181382,0.002973736636859446,1.38001622125831,0.7915257140410226,7.580141231958309e-05,8398815.0,9552325.0,387899179.0,81248066.0,110907.0,140118.0,385362213.0,531806105.0
37.0,mcf,stress-ng,8,0.20418244074946287,17419.0,0.002903868962717764,8176115.0,9302469.0,79198377.0,387880450.0,28539289.6,0.20418244074946287,0.8789188117692196,0.002903868962717764,1.295917923606067,0.13063795205201137,6.660751153096819e-05,8176115.0,9302469.0,387880450.0,79198377.0,3858.0,29532.0,385452022.0,499514184.0
37.1,mcf,stress-ng,8,0.2038555100484704,17398.0,0.0028988579778920307,8161030.0,9284996.0,79040320.0,387727170.0,28504883.2,0.2038555100484704,0.8789481438656517,0.0028988579778920307,1.2929261377247496,0.12303070761014687,6.822124980644161e-05,8161030.0,9284996.0,387727170.0,79040320.0,3686.0,29960.0,385129268.0,497943697.0
37.2,mcf,stress-ng,8,0.20473339174539687,17002.6,0.002909312251020614,8208155.0,9338030.0,79511280.0,388364982.0,27857059.84,0.20473339174539687,0.8790028517792297,0.002909312251020614,1.331892697549456,0.6526648545735394,7.512808935194726e-05,8208155.0,9338030.0,388364982.0,79511280.0,54506.0,83513.0,386100595.0,514244563.0
37.3,mcf,stress-ng,8,0.21326084981550814,15290.4,0.0030171062566370552,8538383.0,9708712.0,82723423.0,387897840.0,25051791.36,0.21326084981550814,0.8794557918702296,0.0030171062566370552,1.4556368574999379,0.8577913456875512,9.280842638251873e-05,8538383.0,9708712.0,387897840.0,82723423.0,215798.0,251574.0,385482239.0,561122155.0
37.4,mcf,stress-ng,8,0.21358527890551787,15273.099999999999,0.0030249683765023144,8562993.0,9736483.0,82857127.0,387934634.0,25023447.04,0.21358527890551787,0.8794749603116444,0.0030249683765023144,1.4611761290095442,0.8565703106581685,9.001605667056658e-05,8562993.0,9736483.0,387934634.0,82857127.0,207099.0,241777.0,385242381.0,562906971.0
37.5,mcf,stress-ng,8,0.21387267960706138,15225.2,0.0030267280377782187,8566780.0,9740686.0,82949779.0,387846541.0,24944967.68,0.21387267960706138,0.8794842580902413,0.0030267280377782187,1.4765140671205172,0.8663632066120743,9.097099839173324e-05,8566780.0,9740686.0,387846541.0,82949779.0,227254.0,262308.0,385331596.0,568947522.0
37.7,mcf,stress-ng,8,0.21466032565046642,15020.9,0.003033229569295389,8608269.0,9784807.0,83263078.0,387882939.0,24610242.56,0.21466032565046642,0.879758691203618,0.003033229569295389,1.5183064827644732,0.8860146457045682,9.37800605841307e-05,8608269.0,9784807.0,387882939.0,83263078.0,280825.0,316953.0,385241807.0,584915133.0
37.8,mcf,stress-ng,8,0.21440747424384138,15155.4,0.0030279669500765222,8592371.0,9766968.0,83172102.0,387916057.0,24830607.36,0.21440747424384138,0.8797378060417521,0.0030279669500765222,1.5216438052994645,0.8844969118419769,9.520076872221926e-05,8592371.0,9766968.0,387916057.0,83172102.0,281117.0,317827.0,385606130.0,586755179.0
37.9,mcf,stress-ng,8,0.21052220629138452,17391.5,0.002977043877098752,8438447.0,9593341.0,81668542.0,387933147.0,28494233.6,0.21052220629138452,0.879615037138782,0.002977043877098752,1.414122853474894,0.8268063026290775,8.038055546640963e-05,8438447.0,9593341.0,387933147.0,81668542.0,147871.0,178846.0,385354391.0,544938451.0
38.0,mcf,stress-ng,8,0.20403436238085088,17412.6,0.002900692706760603,8182085.0,9307284.0,79146357.0,387906998.0,28528803.84,0.20403436238085088,0.879105547869819,0.002900692706760603,1.2955807546812919,0.12581163397817793,6.779318017167084e-05,8182085.0,9307284.0,387906998.0,79146357.0,3759.0,29878.0,385274742.0,499154541.0
38.1,mcf,stress-ng,8,0.204042252692015,17470.6,0.00290083742996133,8178268.0,9303479.0,79146313.0,387891782.0,28623831.04,0.204042252692015,0.8790548137960004,0.00290083742996133,1.2960297794500963,0.11369421347361276,6.776501961124598e-05,8178268.0,9303479.0,387891782.0,79146313.0,3350.0,29465.0,385375820.0,499458539.0
38.2,mcf,stress-ng,8,0.20417265116063824,16323.4,0.0028991324202754256,8172951.0,9297572.0,79201919.0,387916396.0,26744258.56,0.20417265116063824,0.8790414314618913,0.0028991324202754256,1.311985699574226,0.4761950141038347,7.133145040763771e-05,8172951.0,9297572.0,387916396.0,79201919.0,24985.0,52468.0,385285871.0,505489553.0
38.3,mcf,stress-ng,8,0.21383213386465041,15321.5,0.0030273135961381053,8572100.0,9746375.0,82944076.0,387893412.0,25102745.6,0.21383213386465041,0.8795167434045992,0.0030273135961381053,1.4555902943073384,0.8549804646473134,9.129139588365855e-05,8572100.0,9746375.0,387893412.0,82944076.0,203511.0,238030.0,378118876.0,550386166.0
38.4,mcf,stress-ng,8,0.21363590978103306,15292.6,0.003025430051524224,8554205.0,9727857.0,82875561.0,387928982.0,25055395.84,0.21363590978103306,0.8793514337227614,0.003025430051524224,1.4608021900419328,0.8563967809455664,9.312268082131417e-05,8554205.0,9727857.0,387928982.0,82875561.0,208256.0,243177.0,374999943.0,547800738.0
38.6,mcf,stress-ng,8,0.21411389518352078,15145.4,0.0030258025993983692,8585872.0,9759771.0,83068237.0,387962850.0,24814223.36,0.21411389518352078,0.879720640986351,0.0030258025993983692,1.5194231141749481,0.8851470137578427,9.490505345806678e-05,8585872.0,9759771.0,387962850.0,83068237.0,274400.0,310005.0,375164427.0,570033502.0
38.7,mcf,stress-ng,8,0.21487032715307022,14953.3,0.00303787355618043,8378329.0,9523989.0,81033109.0,377125637.0,24499486.72,0.21487032715307022,0.8797079669033637,0.00303787355618043,1.518054278287232,0.8874712316226485,9.212343141514564e-05,8378329.0,9523989.0,377125637.0,81033109.0,277254.0,312409.0,381607583.0,579301024.0
38.8,mcf,stress-ng,8,0.21274937302617317,14896.2,0.003009129419124605,8520396.0,9687585.0,82521784.0,387882619.0,24405934.080000002,0.21274937302617317,0.8795170313344347,0.003009129419124605,1.4678270896044805,0.8638233748316526,8.763134704314593e-05,8520396.0,9687585.0,387882619.0,82521784.0,210379.0,243544.0,378460461.0,555514517.0
38.9,mcf,stress-ng,8,0.20370004168223627,15933.900000000001,0.0028943857259355935,7933559.0,9025263.0,76831553.0,377179859.0,26106101.76,0.20370004168223627,0.8790390928220042,0.0028943857259355935,1.2932531001955299,0.12453441854048834,6.647808051653843e-05,7933559.0,9025263.0,377179859.0,76831553.0,3611.0,28996.0,381855189.0,493835407.0
39.0,mcf,stress-ng,8,0.20404226527217334,17374.7,0.0029023856078274554,8171158.0,9297072.0,79153522.0,387927089.0,28466708.48,0.20404226527217334,0.8788958502203704,0.0029023856078274554,1.2984532129236568,0.11749544657892023,6.781949580266647e-05,8171158.0,9297072.0,387927089.0,79153522.0,3419.0,29099.0,378652181.0,491662141.0
39.3,mcf,stress-ng,8,0.21143936468182514,15629.5,0.003000539179376815,8242003.0,9374633.0,79813178.0,377475491.0,25607372.8,0.21143936468182514,0.8791814036880163,0.003000539179376815,1.4197182320234492,0.8314837147058673,8.746949257800573e-05,8242003.0,9374633.0,377475491.0,79813178.0,163409.0,196527.0,378623438.0,537538598.0
39.4,mcf,stress-ng,8,0.21331818739950528,15272.8,0.0030200299494385846,8318480.0,9458421.0,80519118.0,377460164.0,25022955.52,0.21331818739950528,0.8794787206025192,0.0030200299494385846,1.463855486438275,0.856918652458291,8.971427475653167e-05,8318480.0,9458421.0,377460164.0,80519118.0,205298.0,239577.0,382090811.0,559325730.0
39.5,mcf,stress-ng,8,0.21362125873886934,15284.9,0.0030259100919878437,8558278.0,9731507.0,82826868.0,387727647.0,25042780.16,0.21362125873886934,0.8794401524861463,0.0030259100919878437,1.467206052905644,0.8561581267494678,9.066133906441251e-05,8558278.0,9731507.0,387727647.0,82826868.0,204317.0,238644.0,378628866.0,555526564.0
39.6,mcf,stress-ng,8,0.21424285950790248,15025.9,0.003028844854666608,8583608.0,9758587.0,83111177.0,387929741.0,24618434.56,0.21424285950790248,0.8795953758469336,0.003028844854666608,1.5030111035085734,0.8778767631774314,9.307265566850021e-05,8583608.0,9758587.0,387929741.0,83111177.0,250690.0,285564.0,374696518.0,563173027.0
39.7,mcf,stress-ng,8,0.21453570895895507,14940.1,0.0030327806374478797,8594381.0,9770878.0,83224159.0,387926837.0,24477859.84,0.21453570895895507,0.8795914758121021,0.0030327806374478797,1.5244152799459265,0.88527746792636,9.351733842715984e-05,8594381.0,9770878.0,387926837.0,83224159.0,275393.0,311081.0,381619073.0,581745946.0
39.8,mcf,stress-ng,8,0.21462920973665622,14905.1,0.003034668822143679,8607731.0,9784875.0,83254385.0,387898670.0,24420515.84,0.21462920973665622,0.8796975945017182,0.003034668822143679,1.5167367720153389,0.8855879191002194,9.438115362522053e-05,8607731.0,9784875.0,387898670.0,83254385.0,281725.0,318122.0,385638431.0,584911989.0
39.9,mcf,stress-ng,8,0.20454119761873765,16742.3,0.0029055868253100702,8201956.0,9328994.0,79338776.0,387886533.0,27430584.32,0.20454119761873765,0.8791897604393357,0.0029055868253100702,1.3160267549146882,0.512391009314172,6.80689954168321e-05,8201956.0,9328994.0,387886533.0,79338776.0,27561.0,53789.0,385314927.0,507084753.0
40.0,mcf,stress-ng,8,0.20400716891197598,17407.8,0.00290020709526171,8174457.0,9299434.0,79133443.0,387895403.0,28520939.52,0.20400716891197598,0.8790273687624429,0.00290020709526171,1.295991604721135,0.12929499439424916,6.849097397127179e-05,8174457.0,9299434.0,387895403.0,79133443.0,3921.0,30326.0,385525252.0,499637490.0
40.1,mcf,stress-ng,8,0.20406655468409352,17420.8,0.0028990581808688654,8178077.0,9302612.0,79156736.0,387896665.0,28542238.72,0.20406655468409352,0.8791162095119092,0.0028990581808688654,1.2969177181603444,0.11232617793978669,6.819794494490889e-05,8178077.0,9302612.0,387896665.0,79156736.0,3328.0,29628.0,385642119.0,500146097.0
40.2,mcf,stress-ng,8,1.0424303864091966,13314.6,0.0003468825179853227,743086.0,875621.0,398286175.0,382074602.0,21814640.64,1.0424303864091966,0.8486388517406503,0.0003468825179853227,1.4555922320492911,0.8259493845941087,8.243323004648372e-05,743086.0,875621.0,382074602.0,398286175.0,149311.0,180775.0,381690733.0,555586066.0
40.3,mcf,stress-ng,8,0.9181059311182816,7348.3,0.00033266858742083533,927869.0,1053338.0,346272048.0,377159145.0,12039454.72,0.9181059311182816,0.8808843884868864,0.00033266858742083533,1.5352150255411208,0.8721624514166619,9.34041174593818e-05,927869.0,1053338.0,377159145.0,346272048.0,247736.0,284048.0,388762305.0,596833732.0
40.4,mcf,stress-ng,8,0.2139191625464408,12272.3,0.003042938494660468,8795885.0,10008656.0,85258035.0,398552584.0,20106936.32,0.2139191625464408,0.8788277866678603,0.003042938494660468,1.459002335119097,0.8604199504616078,9.089643801675056e-05,8795885.0,10008656.0,398552584.0,85258035.0,213983.0,248696.0,381896153.0,557187379.0
40.6,mcf,stress-ng,8,0.21439778382210062,14950.4,0.003032238115718464,8359652.0,9503200.0,80855839.0,377130013.0,24494735.36,0.21439778382210062,0.8796670595167944,0.003032238115718464,1.5173177622902134,0.887073726248791,9.473823963640116e-05,8359652.0,9503200.0,377130013.0,80855839.0,284316.0,320510.0,382042142.0,579679328.0
40.8,mcf,stress-ng,8,0.21459234563523205,15402.6,0.003033530066683684,8364172.0,9508190.0,80927995.0,377124332.0,25235619.84,0.21459234563523205,0.879680780464,0.003033530066683684,1.5121518895478447,0.8857397174834906,9.376544512174397e-05,8364172.0,9508190.0,377124332.0,80927995.0,282605.0,319061.0,388799946.0,587924573.0
40.9,mcf,stress-ng,8,0.20471626686162972,17432.6,0.0029072676893545446,8434646.0,9593630.0,81610262.0,398650597.0,28561571.84,0.20471626686162972,0.8791923390833293,0.0029072676893545446,1.317998865104944,0.50575840616205,6.985954582983147e-05,8434646.0,9593630.0,398650597.0,81610262.0,27315.0,54008.0,382095241.0,503601094.0
41.0,mcf,stress-ng,8,0.20390875252089505,17403.899999999998,0.0028966072668294087,7934050.0,9026387.0,76895849.0,377109114.0,28514549.759999998,0.20390875252089505,0.8789840276070592,0.0028966072668294087,1.2966918305369382,0.11865090029561946,6.747861527039983e-05,7934050.0,9026387.0,377109114.0,76895849.0,3532.0,29768.0,388804659.0,504159825.0
41.1,mcf,stress-ng,8,0.20418453156678745,17420.2,0.0028998327774386132,8403949.0,9559999.0,81400393.0,398660919.0,28541255.68,0.20418453156678745,0.8790742551332903,0.0028998327774386132,1.2972887979244276,0.11786329315141078,6.91154087055119e-05,8403949.0,9559999.0,398660919.0,81400393.0,3559.0,30196.0,385398864.0,499973629.0
41.2,mcf,stress-ng,8,0.20982708579828,16073.4,0.0029793103732104077,8170563.0,9294091.0,79127911.0,377110089.0,26334658.56,0.20982708579828,0.8791137293577177,0.0029793103732104077,1.3865442987374779,0.7957658131991706,8.224990526928676e-05,8170563.0,9294091.0,377110089.0,79127911.0,122423.0,153843.0,382006519.0,529668961.0
41.3,mcf,stress-ng,8,0.213876502890484,15316.5,0.003026324475016571,8801827.0,10008320.0,85265313.0,398666108.0,25094553.6,0.213876502890484,0.8794509967706868,0.003026324475016571,1.4573539233412733,0.8573816986407329,9.104377109641903e-05,8801827.0,10008320.0,398666108.0,85265313.0,212821.0,248222.0,388834948.0,566670137.0
41.4,mcf,stress-ng,8,0.21395656747336309,15274.7,0.003032026182261409,8339610.0,9483034.0,80686333.0,377115477.0,25026068.48,0.21395656747336309,0.8794242433381553,0.003032026182261409,1.4592079410363294,0.8570172121849775,9.105041116850361e-05,8339610.0,9483034.0,377115477.0,80686333.0,208526.0,243316.0,382096023.0,557557551.0
41.5,mcf,stress-ng,8,0.21425116455410192,15091.900000000001,0.0030304011501318217,8820457.0,10028423.0,85403915.0,398615873.0,24726568.96,0.21425116455410192,0.8795457670662675,0.0030304011501318217,1.4883952603289112,0.8783564110759418,9.109021033217249e-05,8820457.0,10028423.0,398615873.0,85403915.0,255578.0,290973.0,388570845.0,578347004.0
41.6,mcf,stress-ng,8,0.21451966286330648,14914.6,0.0030318498844931828,8351044.0,9494211.0,80885205.0,377052639.0,24436080.64,0.21451966286330648,0.8795932595136131,0.0030318498844931828,1.5153343916728559,0.8854567949386027,9.384991985181745e-05,8351044.0,9494211.0,377052639.0,80885205.0,276970.0,312799.0,381769106.0,578507856.0
41.7,mcf,stress-ng,8,0.21481376570546692,14918.400000000001,0.003034777619512499,8850867.0,10060666.0,85634439.0,398645025.0,24442306.560000002,0.21481376570546692,0.8797496110098476,0.003034777619512499,1.5093614513214701,0.8861389280229474,9.227635942647976e-05,8850867.0,10060666.0,398645025.0,85634439.0,279272.0,315156.0,388875333.0,586953437.0
41.8,mcf,stress-ng,8,0.20582974520354533,16172.4,0.002921495580836642,8018123.0,9119896.0,77623823.0,377126362.0,26496860.16,0.20582974520354533,0.8791901793616945,0.002921495580836642,1.3519987397963265,0.7162546683265161,7.516030075572704e-05,8018123.0,9119896.0,377126362.0,77623823.0,72495.0,101214.0,382103314.0,516603199.0
42.1,mcf,stress-ng,8,0.20428513318214483,17324.7,0.0029042426117279344,7960365.0,9055477.0,77030445.0,377073181.0,28384788.48,0.20428513318214483,0.8790663374220927,0.0029042426117279344,1.2986516479985901,0.10967503692762186,6.941599606131948e-05,7960365.0,9055477.0,377073181.0,77030445.0,3267.0,29788.0,382058913.0,496161437.0
42.2,mcf,stress-ng,8,0.20800719725570518,15466.300000000001,0.002951158025830475,8554705.0,9731472.0,82942358.0,398747539.0,25339985.92,0.20800719725570518,0.8790761562074062,0.002951158025830475,1.3594765901259889,0.7487909366266714,7.725887498170237e-05,8554705.0,9731472.0,398747539.0,82942358.0,89491.0,119514.0,388602604.0,528296143.0
42.3,mcf,stress-ng,8,0.21385969207374636,15292.1,0.0030290525104334004,8333186.0,9475321.0,80637968.0,377060152.0,25054576.64,0.21385969207374636,0.8794621311510186,0.0030290525104334004,1.4507254530802396,0.8597907687326737,9.067299826002061e-05,8333186.0,9475321.0,377060152.0,80637968.0,212450.0,247095.0,382087288.0,554303754.0
42.4,mcf,stress-ng,8,0.21381645361881502,15285.5,0.0030275661329753523,8808923.0,10015855.0,85237418.0,398647609.0,25043763.2,0.21381645361881502,0.8794978561490756,0.0030275661329753523,1.4739479154493036,0.860800728571929,9.198634962281632e-05,8808923.0,10015855.0,398647609.0,85237418.0,221175.0,256941.0,388818560.0,573098306.0
42.5,mcf,stress-ng,8,0.21437133143795367,14993.199999999999,0.003032829504315371,8358793.0,9502513.0,80842256.0,377113187.0,24564858.88,0.21437133143795367,0.8796402593713895,0.003032829504315371,1.4759559882433633,0.8762562635235167,9.102338173687715e-05,8358793.0,9502513.0,377113187.0,80842256.0,246221.0,280992.0,382000749.0,563816293.0
42.6,mcf,stress-ng,8,0.21452831178725063,14948.099999999999,0.0030316416367782563,8841624.0,10050238.0,85525254.0,398666513.0,24490967.04,0.21452831178725063,0.8797427483806851,0.0030316416367782563,1.5150245981115615,0.8843555346356006,9.473313997332842e-05,8841624.0,10050238.0,398666513.0,85525254.0,281822.0,318675.0,389019091.0,589373492.0
42.7,mcf,stress-ng,8,0.21458756089859635,14899.400000000001,0.003033173160315712,8365054.0,9508977.0,80928992.0,377137387.0,24411176.96,0.21458756089859635,0.8797007291110285,0.003033173160315712,1.512316062669526,0.8847290111188698,9.562218658673765e-05,8365054.0,9508977.0,377137387.0,80928992.0,280007.0,316489.0,381522336.0,576982357.0
42.8,mcf,stress-ng,8,0.2078722996307155,16921.9,0.00294665736775416,8559604.0,9734298.0,82868930.0,398653068.0,27724840.96,0.2078722996307155,0.8793242204008959,0.00294665736775416,1.3901078882399782,0.7984319642207643,7.69264585883507e-05,8559604.0,9734298.0,398653068.0,82868930.0,118540.0,148466.0,389020898.0,540781019.0
42.9,mcf,stress-ng,8,0.20384529808164226,17414.1,0.002899478898073395,7940857.0,9034351.0,76877128.0,377134664.0,28531261.439999998,0.20384529808164226,0.8789626393749811,0.002899478898073395,1.2972818518675329,0.11688707004430615,6.835049269865383e-05,7940857.0,9034351.0,377134664.0,76877128.0,3456.0,29567.0,382016266.0,495582769.0
43.0,mcf,stress-ng,8,0.20375629327412786,17439.4,0.002896820717714927,8391039.0,9545875.0,81228742.0,398656359.0,28572712.96,0.20375629327412786,0.8790225097227861,0.002896820717714927,1.2998483363677584,0.11346483982768114,7.041187670387994e-05,8391039.0,9545875.0,398656359.0,81228742.0,3503.0,30873.0,388712832.0,505267728.0
43.1,mcf,stress-ng,8,0.20683255510555115,16919.3,0.0029343596814401817,8040105.0,9146689.0,77999162.0,377112597.0,27720581.12,0.20683255510555115,0.8790180796570213,0.0029343596814401817,1.336072885131945,0.6494674093618684,7.51143982915003e-05,8040105.0,9146689.0,377112597.0,77999162.0,53168.0,81864.0,382030618.0,510420750.0
43.3,mcf,stress-ng,8,0.21380030719996446,15302.9,0.0030301513609748876,8808150.0,10016133.0,85232421.0,398654343.0,25072271.36,0.21380030719996446,0.8793962699976129,0.0030301513609748876,1.4651503912897066,0.8550247522720369,9.245192104178737e-05,8808150.0,10016133.0,398654343.0,85232421.0,208296.0,243614.0,382014777.0,559709100.0
43.5,mcf,stress-ng,8,0.21402391179775843,14943.599999999999,0.003030011948282946,8810445.0,10018323.0,85318071.0,398638032.0,24483594.24,0.21402391179775843,0.879433114703928,0.003030011948282946,1.481754456731428,0.8655529581010609,9.617539947766699e-05,8810445.0,10018323.0,398638032.0,85318071.0,240667.0,278050.0,388696072.0,575952137.0
43.7,mcf,stress-ng,8,0.2145356600957899,14944.1,0.003031791181266647,8828308.0,10036938.0,85525097.0,398652126.0,24484413.44,0.2145356600957899,0.8795818007444103,0.003031791181266647,1.53296422259955,0.8846108821525375,9.887997020297545e-05,8828308.0,10036938.0,398652126.0,85525097.0,294709.0,333151.0,388774389.0,595977229.0
43.8,mcf,stress-ng,8,0.209992597141428,15176.199999999999,0.0029768731475899443,8181925.0,9304565.0,79192521.0,377120537.0,24864686.08,0.209992597141428,0.8793452461238113,0.0029768731475899443,1.4140650195975788,0.828243777420616,8.281115145458251e-05,8181925.0,9304565.0,377120537.0,79192521.0,152536.0,184168.0,381977541.0,540141079.0
43.9,mcf,stress-ng,8,0.2033288358158416,17411.0,0.0028876236111568063,8152927.0,9273006.0,78869129.0,387889542.0,28526182.4,0.2033288358158416,0.8792107974479905,0.0028876236111568063,1.295906815840676,0.163325762812284,6.783255218932864e-05,8152927.0,9273006.0,387889542.0,78869129.0,4962.0,30381.0,374731588.0,485617219.0
44.0,mcf,stress-ng,8,0.20374206962961522,17422.0,0.0028988867616574696,7932588.0,9025802.0,76834213.0,377115110.0,28544204.8,0.20374206962961522,0.8788790181747838,0.0028988867616574696,1.3012645612167753,0.11528752723123206,6.826201419387256e-05,7932588.0,9025802.0,377115110.0,76834213.0,3334.0,28919.0,374805817.0,487721527.0
44.1,mcf,stress-ng,8,0.20462523302391364,17444.8,0.002904431581446567,7966123.0,9061402.0,77165433.0,377106146.0,28581560.32,0.20462523302391364,0.8791269827781617,0.002904431581446567,1.2985637733520428,0.13336612559435973,7.052573482142243e-05,7966123.0,9061402.0,377106146.0,77165433.0,4067.0,30495.0,374728460.0,486608803.0
44.2,mcf,stress-ng,8,0.21390241157566503,16223.800000000001,0.0030310005178314555,8333854.0,9476878.0,80664978.0,377111120.0,26581073.92,0.21390241157566503,0.8793881276091134,0.0030310005178314555,1.466794832541461,0.8483394446539878,0.00010405895836563803,8333854.0,9476878.0,377111120.0,80664978.0,218170.0,257173.0,374816360.0,549778700.0
44.3,mcf,stress-ng,8,0.2138082357436627,15285.9,0.0030259205872260808,8339510.0,9480609.0,80628806.0,377108046.0,25044418.56,0.2138082357436627,0.879638639247753,0.0030259205872260808,1.466138221610205,0.8453074047562237,0.0001038816554671841,8339510.0,9480609.0,377108046.0,80628806.0,212561.0,251460.0,374454949.0,549002713.0
44.4,mcf,stress-ng,8,0.7479877662719214,15292.2,0.0015075283275600869,3845396.0,4401691.0,276015944.0,369011308.0,25054740.48,0.7479877662719214,0.873617889124884,0.0015075283275600869,1.5153518192986046,0.8644973167258017,0.00010180063257598153,3845396.0,4401691.0,369011308.0,276015944.0,243407.0,281559.0,374771738.0,567911035.0
44.5,mcf,stress-ng,8,1.0047455710633941,7308.9000000000015,2.1500361634597713e-05,21584.0,29692.0,378899538.0,377109936.0,11974901.760000002,1.0047455710633941,0.7269298127441736,2.1500361634597713e-05,1.6025799298760892,0.8905367637455923,0.00011185031180703155,21584.0,29692.0,377109936.0,378899538.0,340942.0,382850.0,374679331.0,600453576.0
44.6,mcf,stress-ng,8,0.44250150430692464,7598.000000000001,0.0021574730429031745,5929186.0,6742799.0,166873453.0,377113866.0,12448563.200000001,0.44250150430692464,0.8793360146135158,0.0021574730429031745,1.5472319504892824,0.8869707088641181,0.00010685513375754084,5929186.0,6742799.0,377113866.0,166873453.0,314228.0,354271.0,374741003.0,579811253.0
44.7,mcf,stress-ng,8,0.21130602946294563,14932.8,0.0029886041407126474,8232702.0,9359737.0,79685793.0,377110834.0,24465899.52,0.21130602946294563,0.8795868943753441,0.0029886041407126474,1.4659476430373737,0.8538380651945321,9.6899319272867e-05,8232702.0,9359737.0,377110834.0,79685793.0,211932.0,248211.0,374398915.0,548849207.0
44.8,mcf,stress-ng,8,0.20334472343974222,16403.3,0.0028929890007336526,7924138.0,9015103.0,76682620.0,377106515.0,26875166.72,0.20334472343974222,0.8789847437128561,0.0028929890007336526,1.2957767294019937,0.13931227695694226,6.636167213145411e-05,7924138.0,9015103.0,377106515.0,76682620.0,4177.0,29983.0,388869044.0,503887458.0
44.9,mcf,stress-ng,8,0.20325158969121634,17262.9,0.002888309000046089,7870084.0,8953651.0,76251092.0,375156190.0,28283535.36,0.20325158969121634,0.8789804293243058,0.002888309000046089,1.2978628320126802,0.11575638772475327,6.882902688986157e-05,7870084.0,8953651.0,375156190.0,76251092.0,3425.0,29588.0,380115791.0,493338157.0
45.1,mcf,stress-ng,8,0.20298121362486568,17305.3,0.002887295622847486,7912098.0,9000532.0,76518543.0,376973522.0,28353003.52,0.20298121362486568,0.879070037193357,0.002887295622847486,1.2968005535513045,0.10982774736279877,6.854893712245788e-05,7912098.0,9000532.0,376973522.0,76518543.0,3290.0,29956.0,389006761.0,504464183.0
45.2,mcf,stress-ng,8,0.21150635131086665,15239.9,0.0029932724338489645,8712447.0,9905662.0,84313258.0,398632275.0,24969052.16,0.21150635131086665,0.879542124494052,0.0029932724338489645,1.4363891942486804,0.8347999499204092,9.668867712808356e-05,8712447.0,9905662.0,398632275.0,84313258.0,186698.0,223644.0,382112995.0,548862977.0
45.3,mcf,stress-ng,8,0.21332405986544137,15220.599999999999,0.0030213280401392996,8310410.0,9449849.0,80451295.0,377131839.0,24937431.04,0.21332405986544137,0.8794225177566329,0.0030213280401392996,1.4624806000202777,0.8533742500680411,9.560227503118534e-05,8310410.0,9449849.0,377131839.0,80451295.0,216350.0,253523.0,388829659.0,568655833.0
45.4,mcf,stress-ng,8,0.2130833956494733,15375.2,0.003017437690615354,8777668.0,9980715.0,84955968.0,398698208.0,25190727.68,0.2130833956494733,0.8794628440948369,0.003017437690615354,1.4803288427118522,0.850091522574259,9.995805135335718e-05,8777668.0,9980715.0,398698208.0,84955968.0,216418.0,254582.0,381800160.0,565189789.0
45.5,mcf,stress-ng,8,0.21367140282342165,14821.900000000001,0.0030193545816021546,8325017.0,9464520.0,80639487.0,377399530.0,24284200.96,0.21367140282342165,0.8796026634208602,0.0030193545816021546,1.5116966643563214,0.8825937928455689,0.00010047228748289911,8325017.0,9464520.0,377399530.0,80639487.0,283242.0,320920.0,375008880.0,566899673.0
45.6,mcf,stress-ng,8,0.21418777604769762,14868.800000000001,0.0030283925920570783,8350297.0,9491705.0,80727856.0,376902256.0,24361041.92,0.21418777604769762,0.8797467894335106,0.0030283925920570783,1.5084261372118077,0.8798346105219702,9.954193238232861e-05,8350297.0,9491705.0,376902256.0,80727856.0,272798.0,310056.0,374294522.0,564595640.0
45.7,mcf,stress-ng,8,0.21415121421670105,14880.8,0.003028590936428436,8352287.0,9494411.0,80759418.0,377113986.0,24380702.72,0.21415121421670105,0.8797056499871345,0.003028590936428436,1.5325608483079305,0.88572306298311,9.831059068143309e-05,8352287.0,9494411.0,377113986.0,80759418.0,285434.0,322261.0,374598502.0,574094998.0
45.8,mcf,stress-ng,8,0.20396680329309277,17177.3,0.0028949303909158054,8402599.0,9556654.0,81310732.0,398646891.0,28143288.32,0.20396680329309277,0.8792406840302055,0.0028949303909158054,1.3067163335846568,0.30680257156986646,6.734577882044734e-05,8402599.0,9556654.0,398646891.0,81310732.0,11167.0,36398.0,374648574.0,489559411.0
45.9,mcf,stress-ng,8,0.20305434923880747,17380.0,0.0028869521134121845,7903755.0,8992096.0,76548680.0,376986163.0,28475392.0,0.20305434923880747,0.8789669282890218,0.0028869521134121845,1.2972045028451005,0.15051255092653437,6.899650532633807e-05,7903755.0,8992096.0,376986163.0,76548680.0,4581.0,30436.0,374729124.0,486100307.0
46.0,mcf,stress-ng,8,0.20339031807556973,17419.6,0.002889538793054437,7929730.0,9019392.0,76699680.0,377105856.0,28540272.64,0.20339031807556973,0.8791867567126476,0.002889538793054437,1.298306933048651,0.11259309410968178,6.99798112756024e-05,7929730.0,9019392.0,377105856.0,76699680.0,3326.0,29540.0,374593751.0,486337664.0
46.1,mcf,stress-ng,8,0.20886343335851928,16676.7,0.002965066932102813,8145143.0,9263279.0,78763053.0,377103123.0,27323105.28,0.20886343335851928,0.8792937144611536,0.002965066932102813,1.3833494878279937,0.7740441473277199,8.206686480566222e-05,8145143.0,9263279.0,377103123.0,78763053.0,109302.0,141209.0,388792725.0,537836217.0
46.2,mcf,stress-ng,8,0.21367001618405065,15272.7,0.003024702962549032,8324721.0,9465670.0,80598523.0,377210263.0,25022791.68,0.21367001618405065,0.879464528131659,0.003024702962549032,1.4670689528404748,0.8551662843348026,9.470298783620398e-05,8324721.0,9465670.0,377210263.0,80598523.0,213606.0,249783.0,382004843.0,560427445.0
46.3,mcf,stress-ng,8,0.21318207991245156,15222.6,0.0030193902182413237,8298835.0,9437421.0,80389123.0,377091372.0,24940707.84,0.21318207991245156,0.8793541159178975,0.0030193902182413237,1.45449816558804,0.855902477831305,9.22242906371477e-05,8298835.0,9437421.0,377091372.0,80389123.0,213023.0,248887.0,388878025.0,565622374.0
46.4,mcf,stress-ng,8,0.2138466559075597,15200.599999999999,0.003026297087000728,8808315.0,10014522.0,85233976.0,398575211.0,24904663.04,0.2138466559075597,0.8795542113742423,0.003026297087000728,1.50064362396718,0.8739377786889447,9.655792409078931e-05,8808315.0,10014522.0,398575211.0,85233976.0,255771.0,292665.0,382091893.0,573383763.0
46.5,mcf,stress-ng,8,0.21403929279095354,14894.6,0.0030256866794109126,8348632.0,9489667.0,80717652.0,377116047.0,24403312.64,0.21403929279095354,0.8797602697755359,0.0030256866794109126,1.513440944753035,0.8869618261989695,9.38993906702502e-05,8348632.0,9489667.0,377116047.0,80717652.0,286439.0,322944.0,388767166.0,588376147.0
46.7,mcf,stress-ng,8,0.21427427673895247,15502.0,0.0030265213678071193,8831841.0,10038362.0,85420317.0,398649424.0,25398476.8,0.21427427673895247,0.8798089768031876,0.0030265213678071193,1.52496097484112,0.8847150259067358,9.596384866893626e-05,8831841.0,10038362.0,398649424.0,85420317.0,281396.0,318064.0,382102224.0,582690980.0
46.8,mcf,stress-ng,8,0.20612810859084787,17403.800000000003,0.002924880577103869,8035971.0,9138979.0,77733414.0,377112149.0,28514385.92,0.20612810859084787,0.8793073055534978,0.002924880577103869,1.360088759111274,0.7285558960166058,7.327379791448874e-05,8035971.0,9138979.0,377112149.0,77733414.0,73708.0,101170.0,374786087.0,509742344.0
46.9,mcf,stress-ng,8,0.20354549650458734,17385.5,0.0028884330321226333,8384477.0,9535944.0,81142931.0,398647636.0,28484403.2,0.20354549650458734,0.879249815225425,0.0028884330321226333,1.298694439619222,0.12437523375607766,6.873956726658054e-05,8384477.0,9535944.0,398647636.0,81142931.0,3658.0,29411.0,374645943.0,486550603.0
47.0,mcf,stress-ng,8,0.2033430745964353,17418.6,0.0028897257928227733,7920691.0,9010451.0,76683798.0,377115366.0,28538634.24,0.2033430745964353,0.8790559984178372,0.0028897257928227733,1.2980988508936329,0.11861712696205047,6.84394732468618e-05,7920691.0,9010451.0,377115366.0,76683798.0,3582.0,30198.0,388898376.0,504828535.0
47.1,mcf,stress-ng,8,0.2068543876394821,15918.3,0.0029371111620902354,8068149.0,9176079.0,78029114.0,377217592.0,26080542.72,0.2068543876394821,0.8792588860666958,0.0029371111620902354,1.357675685666909,0.716996644455704,7.751347781535225e-05,8068149.0,9176079.0,377217592.0,78029114.0,75000.0,104603.0,381907777.0,518506903.0
47.2,mcf,stress-ng,8,0.2129861410850562,15274.400000000001,0.003013088489005418,8286485.0,9422597.0,80308332.0,377058956.0,25025576.96,0.2129861410850562,0.8794268713816371,0.003013088489005418,1.4618520392185452,0.8601138761325555,9.26775604899931e-05,8286485.0,9422597.0,377058956.0,80308332.0,221758.0,257824.0,389155690.0,568888039.0
47.3,mcf,stress-ng,8,0.21313101237780224,15226.399999999998,0.003018069006186424,8779924.0,9983235.0,84975821.0,398702282.0,24946933.759999998,0.21313101237780224,0.8794668261340137,0.003018069006186424,1.4770575433113144,0.8611590861702002,9.239099921131372e-05,8779924.0,9983235.0,398702282.0,84975821.0,218892.0,254183.0,381974438.0,564198225.0
47.4,mcf,stress-ng,8,0.2133701845020669,15074.6,0.003021341977207423,8315739.0,9455241.0,80472768.0,377150951.0,24698224.64,0.2133701845020669,0.879484615992337,0.003021341977207423,1.490724399640032,0.8757220398977125,9.176760842051467e-05,8315739.0,9455241.0,377150951.0,80472768.0,251362.0,287034.0,388721038.0,579475936.0
47.5,mcf,stress-ng,8,0.21419264823545814,14903.599999999999,0.0030260869331400504,8821442.0,10027873.0,85393664.0,398676914.0,24418058.24,0.21419264823545814,0.8796922338366272,0.0030260869331400504,1.523083766953639,0.8854219396259029,9.709623331378692e-05,8821442.0,10027873.0,398676914.0,85393664.0,286859.0,323980.0,382311432.0,582292336.0
47.6,mcf,stress-ng,8,0.2139712846190914,14884.3,0.0030232324241281083,8344331.0,9484473.0,80694308.0,377126810.0,24386437.119999997,0.2139712846190914,0.8797885765503259,0.0030232324241281083,1.5182737193151636,0.8833171322486575,9.413860265267052e-05,8344331.0,9484473.0,377126810.0,80694308.0,277154.0,313765.0,388905284.0,590464672.0
47.7,mcf,stress-ng,8,0.20811935304549656,16359.2,0.0029461066967275706,8570086.0,9744594.0,82969787.0,398664448.0,26802913.28,0.20811935304549656,0.8794708122267587,0.0029461066967275706,1.412057237028797,0.8054477229865913,7.8577463955592e-05,8570086.0,9744594.0,398664448.0,82969787.0,124283.0,154303.0,382043381.0,539467121.0
47.8,mcf,stress-ng,8,0.20279388827068415,17367.1,0.0028833585466908527,7904719.0,8992290.0,76491615.0,377188956.0,28454256.64,0.20279388827068415,0.8790551683720165,0.0028833585466908527,1.2947761633022112,0.1584762638915655,6.736075323925521e-05,7904719.0,8992290.0,377188956.0,76491615.0,4934.0,31134.0,388950520.0,503603862.0
47.9,mcf,stress-ng,8,0.20332186864395205,17371.5,0.002887843542169373,8378306.0,9529604.0,81058429.0,398670490.0,28461465.6,0.20332186864395205,0.8791872149147016,0.002887843542169373,1.3006419385754848,0.11343775208389352,6.902917077968638e-05,8378306.0,9529604.0,398670490.0,81058429.0,3375.0,29752.0,382113818.0,496993257.0
48.1,mcf,stress-ng,8,0.20461688447441848,15238.099999999999,0.0029082574633053845,7968799.0,9065688.0,77174051.0,377163650.0,24966103.04,0.20461688447441848,0.8790065354113223,0.0029082574633053845,1.3301252901022453,0.6271770210553678,7.374241729165776e-05,7968799.0,9065688.0,377163650.0,77174051.0,48255.0,76940.0,388989147.0,517404302.0
48.2,mcf,stress-ng,8,0.21313425378433476,15289.8,0.0030141670924635766,8772929.0,9974723.0,84979850.0,398715122.0,25050808.32,0.21313425378433476,0.8795160527264767,0.0030141670924635766,1.4583435223502614,0.8531940830919772,9.388663876553648e-05,8772929.0,9974723.0,398715122.0,84979850.0,208565.0,244452.0,382237563.0,557433674.0
48.3,mcf,stress-ng,8,0.21300525552345081,15274.9,0.003013386952406066,8301525.0,9438043.0,80336283.0,377156342.0,25026396.16,0.21300525552345081,0.879581180123888,0.003013386952406066,1.4755421137682256,0.8549127226921001,9.124248225282279e-05,8301525.0,9438043.0,377156342.0,80336283.0,209033.0,244508.0,388799155.0,573689527.0
48.4,mcf,stress-ng,8,0.21349019751622403,14947.9,0.0030190135081331424,8798875.0,10002735.0,85131222.0,398759395.0,24490639.36,0.21349019751622403,0.8796469165683186,0.0030190135081331424,1.4940416260848124,0.865171143987444,9.293577393570891e-05,8798875.0,10002735.0,398759395.0,85131222.0,227662.0,263141.0,381758267.0,570362742.0
48.5,mcf,stress-ng,8,0.21377701388629342,14887.1,0.003022634825012833,8337684.0,9477439.0,80609612.0,377073337.0,24391024.64,0.21377701388629342,0.8797401914166897,0.003022634825012833,1.5311009368607502,0.8877353913194731,9.45953879434795e-05,8337684.0,9477439.0,377073337.0,80609612.0,290910.0,327699.0,388909024.0,595458971.0
48.6,mcf,stress-ng,8,0.21410443701041432,12191.7,0.0030239858777062387,8819757.0,10025304.0,85355214.0,398661584.0,19974881.28,0.21410443701041432,0.8797495816585712,0.0030239858777062387,1.5239275036161506,0.88498708257583,9.750123529606368e-05,8819757.0,10025304.0,398661584.0,85355214.0,286719.0,323981.0,382169517.0,582398638.0
48.8,mcf,stress-ng,8,0.9650950682888368,10640.4,0.0001225416501885566,398674.0,447524.0,384725471.0,398639972.0,17433231.36,0.9650950682888368,0.8908438430117714,0.0001225416501885566,1.3722322640975282,0.1630252664030561,6.667926819496482e-05,398674.0,447524.0,398639972.0,384725471.0,4865.0,29842.0,374584195.0,514016518.0
48.9,mcf,stress-ng,8,0.2033546862663846,13671.7,0.0029177087970894714,7902087.0,9002164.0,76671741.0,377034542.0,22399713.28,0.2033546862663846,0.8777986048687849,0.0029177087970894714,1.2983034503842872,0.11753463927376971,6.898451838329635e-05,7902087.0,9002164.0,377034542.0,76671741.0,3444.0,29302.0,374837726.0,486653113.0
49.0,mcf,stress-ng,8,0.20603126752198353,17440.1,0.002924833184120454,8028595.0,9131569.0,77695758.0,377106635.0,28573859.84,0.20603126752198353,0.8792130903243462,0.002924833184120454,1.3259163101539646,0.5760453081350084,7.41368632645636e-05,8028595.0,9131569.0,377106635.0,77695758.0,37735.0,65507.0,374604465.0,496694170.0
49.1,mcf,stress-ng,8,0.21365801193549772,16244.7,0.0030237752515089493,8321845.0,9462141.0,80572581.0,377110038.0,26615316.48,0.21365801193549772,0.8794885850887236,0.0030237752515089493,1.4589748183413391,0.8570914585881845,9.192825603933582e-05,8321845.0,9462141.0,377110038.0,80572581.0,214398.0,250146.0,388868467.0,567349301.0
49.2,mcf,stress-ng,8,0.21365233028551914,15283.5,0.0030208921774592555,8800757.0,10005058.0,85174081.0,398657393.0,25040486.4,0.21365233028551914,0.879630782750085,0.0030208921774592555,1.4623755118293322,0.858657522368058,9.388373539789164e-05,8800757.0,10005058.0,398657393.0,85174081.0,217850.0,253710.0,381961794.0,558571574.0
49.3,mcf,stress-ng,8,0.2137490025166953,15297.4,0.0030259968974837635,8324089.0,9465254.0,80609098.0,377120347.0,25063260.16,0.2137490025166953,0.8794364102643204,0.0030259968974837635,1.4743650247748854,0.868915288907871,9.336396481143678e-05,8324089.0,9465254.0,377120347.0,80609098.0,231930.0,266919.0,374759149.0,552531782.0
49.4,mcf,stress-ng,8,0.2142980381961115,15159.7,0.003025018858829781,8355518.0,9496150.0,80804521.0,377066079.0,24837652.48,0.2142980381961115,0.8798847954170901,0.003025018858829781,1.5147128593573664,0.8837006551534033,9.684258140439822e-05,8355518.0,9496150.0,377066079.0,80804521.0,275704.0,311988.0,374669897.0,567517311.0
49.7,mcf,stress-ng,8,0.21023628798682617,16088.199999999999,0.0029741373462190013,8665733.0,9851423.0,83814241.0,398666861.0,26358906.88,0.21023628798682617,0.8796427683594543,0.0029741373462190013,1.4504707490896522,0.8516518395589049,8.565186108480247e-05,8665733.0,9851423.0,398666861.0,83814241.0,187825.0,220542.0,381976522.0,554045772.0
49.8,mcf,stress-ng,8,0.20314814274800413,17400.9,0.0028882553673355714,7910725.0,9000527.0,76652243.0,377321899.0,28509634.560000002,0.20314814274800413,0.8789179789139013,0.0028882553673355714,1.2959405522513399,0.1246133892048289,6.769453905257632e-05,7910725.0,9000527.0,377321899.0,76652243.0,3747.0,30069.0,388834910.0,503906928.0
49.9,mcf,stress-ng,8,0.20383051713504236,17415.8,0.002898785984121873,7939500.0,9032270.0,76839020.0,376975053.0,28534046.72,0.20383051713504236,0.8790149098731548,0.002898785984121873,1.2992997690901527,0.14837540535385008,7.011624950639267e-05,7939500.0,9032270.0,376975053.0,76839020.0,4667.0,31454.0,382036977.0,496380556.0
50.0,mcf,stress-ng,8,0.20289968151195095,17384.0,0.0028868496314187232,7910754.0,8999497.0,76521342.0,377138798.0,28481945.6,0.20289968151195095,0.8790217942180546,0.0028868496314187232,1.2954308595878825,0.11083693888588426,6.763133225697744e-05,7910754.0,8999497.0,377138798.0,76521342.0,3279.0,29584.0,388946944.0,503853874.0
50.1,mcf,stress-ng,8,0.21338526742587782,15498.600000000002,0.003022747852813856,8795126.0,10000231.0,85072148.0,398678639.0,25392906.240000002,0.21338526742587782,0.8794922837282458,0.003022747852813856,1.4584276328427117,0.8538156729663567,9.545742932750376e-05,8795126.0,10000231.0,398678639.0,85072148.0,213103.0,249589.0,382222738.0,557444203.0
50.2,mcf,stress-ng,8,0.21332429298899194,15265.5,0.003016692052111675,8303765.0,9441504.0,80454804.0,377147876.0,25010995.2,0.21332429298899194,0.879495999789864,0.003016692052111675,1.4580639126404686,0.8613079363075418,9.038842028532751e-05,8303765.0,9441504.0,377147876.0,80454804.0,218314.0,253468.0,388921500.0,567072404.0
50.3,mcf,stress-ng,8,0.21351867988061485,15274.7,0.00302210264450213,8800322.0,10005403.0,85141815.0,398755814.0,25026068.48,0.21351867988061485,0.8795569753662097,0.00302210264450213,1.4654986561027914,0.861826043699537,9.449115741077514e-05,8800322.0,10005403.0,398755814.0,85141815.0,225221.0,261330.0,382141578.0,560027969.0
50.4,mcf,stress-ng,8,0.21411299412188312,15015.5,0.0030293132519448925,8343302.0,9485888.0,80758406.0,377176576.0,24601395.2,0.21411299412188312,0.879548862478663,0.0030293132519448925,1.5058223131133928,0.887973269875661,9.463800435055645e-05,8343302.0,9485888.0,377176576.0,80758406.0,291804.0,328618.0,388998059.0,585761957.0
50.5,mcf,stress-ng,8,0.21434331599439108,14739.8,0.003030625497689281,8829306.0,10037236.0,85431777.0,398574486.0,24149688.32,0.21434331599439108,0.8796551162092832,0.003030625497689281,1.511282862042898,0.880176537175536,9.59101153600583e-05,8829306.0,10037236.0,398574486.0,85431777.0,269033.0,305658.0,381867959.0,577110502.0
50.6,mcf,stress-ng,8,0.21293960790195401,14891.300000000001,0.0030116680636918746,8303178.0,9438828.0,80295989.0,377083389.0,24397905.92,0.21293960790195401,0.8796831555782137,0.0030116680636918746,1.4756618985810468,0.8684693968993638,9.057971899572009e-05,8303178.0,9438828.0,377083389.0,80295989.0,232590.0,267816.0,388895002.0,573877537.0
50.7,mcf,stress-ng,8,0.20305867053810822,16769.8,0.002887131288091627,8368184.0,9519359.0,80964820.0,398726239.0,27475640.32,0.20305867053810822,0.8790701138595571,0.002887131288091627,1.2949682128119135,0.1289789029535865,6.757890559398428e-05,8368184.0,9519359.0,398726239.0,80964820.0,3821.0,29625.0,381835127.0,494464352.0
50.8,mcf,stress-ng,8,0.20325006008890972,17390.3,0.002890113316510709,7920985.0,9011146.0,76666644.0,377203549.0,28492267.52,0.20325006008890972,0.8790208259859512,0.002890113316510709,1.299817303986197,0.11397639780788757,6.777778319881163e-05,7920985.0,9011146.0,377203549.0,76666644.0,3390.0,29743.0,388814723.0,505388105.0
51.1,mcf,stress-ng,8,0.21143385412594848,15249.300000000001,0.0029975017955062707,8239150.0,9369766.0,79749910.0,377186096.0,24984453.12,0.21143385412594848,0.8793335927492746,0.0029975017955062707,1.4300444792869702,0.8456256991589712,8.765549373799396e-05,8239150.0,9369766.0,377186096.0,79749910.0,186715.0,220801.0,388863248.0,556091741.0
51.2,mcf,stress-ng,8,0.21349327074006386,15256.199999999999,0.003019741389668172,8787530.0,9991347.0,85108887.0,398649038.0,24995758.08,0.21349327074006386,0.8795140435018421,0.003019741389668172,1.4558318152952767,0.8554483805420227,9.275305317631479e-05,8787530.0,9991347.0,398649038.0,85108887.0,209655.0,245082.0,381949691.0,556054512.0
51.3,mcf,stress-ng,8,0.2135282205074722,15244.9,0.003022658523088222,8315867.0,9455735.0,80523150.0,377107765.0,24977244.16,0.2135282205074722,0.8794522054604956,0.003022658523088222,1.4562181179071045,0.8621022899143983,9.026327167289695e-05,8315867.0,9455735.0,377107765.0,80523150.0,219449.0,254551.0,388884641.0,566300860.0
51.4,mcf,stress-ng,8,0.2142151676724613,14961.2,0.003027614451436519,8822538.0,10029525.0,85398893.0,398659413.0,24512430.080000002,0.2142151676724613,0.879656613847615,0.003027614451436519,1.5076425378531517,0.8817259634249104,9.624482774671334e-05,8822538.0,10029525.0,398659413.0,85398893.0,274148.0,310922.0,382088065.0,576052220.0
51.5,mcf,stress-ng,8,0.21438271601664752,14914.499999999998,0.0030301592840385055,8360651.0,9503438.0,80851783.0,377137600.0,24435916.799999997,0.21438271601664752,0.8797501493669975,0.0030301592840385055,1.5217778894425147,0.8838401790212557,9.669152635259347e-05,8360651.0,9503438.0,377137600.0,80851783.0,285955.0,323537.0,388679354.0,591483647.0
51.6,mcf,stress-ng,8,0.21387763228765957,15023.400000000001,0.0030235029405952935,8805675.0,10011099.0,85269714.0,398684580.0,24614338.560000002,0.21387763228765957,0.8795912416808584,0.0030235029405952935,1.5034324776842165,0.8791634238678785,9.593057284370053e-05,8805675.0,10011099.0,398684580.0,85269714.0,266594.0,303236.0,381963736.0,574256686.0
51.7,mcf,stress-ng,8,0.20365529229943757,17417.9,0.0028926784840685197,7935528.0,9027123.0,76852336.0,377364787.0,28537487.36,0.20365529229943757,0.8790760910203617,0.0028926784840685197,1.2965769368895697,0.13089095882821428,6.692882960415169e-05,7935528.0,9027123.0,377364787.0,76852336.0,3780.0,28879.0,375010293.0,486229697.0
51.8,mcf,stress-ng,8,0.2024393762642915,17331.0,0.0028784808964105635,8325350.0,9472346.0,80666561.0,398472681.0,28395110.4,0.2024393762642915,0.878911095519526,0.0028784808964105635,1.2973675869856327,0.11540812168952873,6.888555246224974e-05,8325350.0,9472346.0,398472681.0,80666561.0,3399.0,29452.0,378207027.0,490673538.0
51.9,mcf,stress-ng,8,0.20358994084646648,17427.1,0.002895511724960533,7930268.0,9022333.0,76785546.0,377157858.0,28552560.64,0.20358994084646648,0.8789597989788229,0.002895511724960533,1.2962598929750386,0.14897710511126788,6.950955126579656e-05,7930268.0,9022333.0,377157858.0,76785546.0,4646.0,31186.0,381818031.0,494935400.0
52.0,mcf,stress-ng,8,0.2096410193470153,16371.599999999999,0.0029739765732537684,8641628.0,9828086.0,83635583.0,398946653.0,26823229.439999998,0.2096410193470153,0.8792788341493959,0.0029739765732537684,1.401126226763542,0.8098554108251176,8.451737914070653e-05,8641628.0,9828086.0,398946653.0,83635583.0,140139.0,173042.0,389304547.0,545464811.0
52.1,mcf,stress-ng,8,0.21387735942254027,15249.1,0.003027218763861161,8327089.0,9468548.0,80645720.0,377065250.0,24984125.44,0.21387735942254027,0.8794473027965851,0.003027218763861161,1.4517052793674126,0.8582962971836554,9.294015411487364e-05,8327089.0,9468548.0,377065250.0,80645720.0,214944.0,250431.0,381826352.0,554299331.0
52.2,mcf,stress-ng,8,0.2134509380481043,15255.5,0.003021095978894345,8790090.0,9994602.0,85102962.0,398700342.0,24994611.2,0.2134509380481043,0.8794837453257268,0.003021095978894345,1.4593413629738137,0.8610397342090607,9.30242259418394e-05,8790090.0,9994602.0,398700342.0,85102962.0,224176.0,260355.0,388920194.0,567567326.0
52.5,mcf,stress-ng,8,0.21426244972827835,14878.699999999999,0.003030027057309541,8354476.0,9497435.0,80822115.0,377210823.0,24377262.08,0.21426244972827835,0.8796560334448196,0.003030027057309541,1.511624301742167,0.8823434580990223,9.563901606469273e-05,8354476.0,9497435.0,377210823.0,80822115.0,279132.0,316353.0,389182172.0,588297229.0
52.6,mcf,stress-ng,8,0.21439203670521928,15801.900000000001,0.0030307257146129775,8592895.0,9768545.0,83164899.0,387910392.0,25889832.96,0.21439203670521928,0.879649425784495,0.0030307257146129775,1.5117265778333688,0.8846319902935569,9.585117780826552e-05,8592895.0,9768545.0,387910392.0,83164899.0,280707.0,317315.0,381925406.0,577366787.0
52.7,mcf,stress-ng,8,0.2058896841569745,17453.0,0.0029216114341726112,8025155.0,9126948.0,77644758.0,377118253.0,28594995.2,0.2058896841569745,0.8792813325988053,0.0029216114341726112,1.3409771193921887,0.6626783754116355,7.111891235404707e-05,8025155.0,9126948.0,377118253.0,77644758.0,54333.0,81990.0,388883900.0,521484412.0
52.8,mcf,stress-ng,8,0.20346912978088666,17425.6,0.0028926935918635404,8378834.0,9532043.0,81115550.0,398662687.0,28550103.04,0.20346912978088666,0.8790176460597167,0.0028926935918635404,1.2968834133348153,0.11806419089228701,6.870776233053441e-05,8378834.0,9532043.0,398662687.0,81115550.0,3513.0,29755.0,381936467.0,495327069.0
52.9,mcf,stress-ng,8,0.5045757587909857,12846.599999999999,0.0022884986928955867,5998743.0,6850513.0,187801066.0,372195974.0,21047869.439999998,0.5045757587909857,0.8756633262355681,0.0022884986928955867,1.322993416480774,0.11806286165176223,6.897923088972709e-05,5998743.0,6850513.0,372195974.0,187801066.0,3591.0,30416.0,388885171.0,514492521.0
53.0,mcf,stress-ng,8,1.0008645736196389,7743.6,2.222845274387585e-05,16141.0,24762.0,388171574.0,387836261.0,12687114.24,1.0008645736196389,0.6518455698247314,2.222845274387585e-05,1.4592152731991204,0.8152839978466789,8.370268346978013e-05,16141.0,24762.0,387836261.0,388171574.0,142360.0,174614.0,385340095.0,562294152.0
53.1,mcf,stress-ng,8,0.638373213278228,13629.400000000001,0.0014129427546531687,3963934.0,4512014.0,247624746.0,387899650.0,22330408.96,0.638373213278228,0.8785287456998139,0.0014129427546531687,1.4932123777956308,0.8635137789327371,9.377882316849697e-05,3963934.0,4512014.0,387899650.0,247624746.0,228617.0,264752.0,385321534.0,575366884.0
53.2,mcf,stress-ng,8,0.21343328952284965,15247.5,0.003022573314215049,8543078.0,9715634.0,82797821.0,387933022.0,24981504.0,0.21343328952284965,0.8793124566034497,0.003022573314215049,1.455696077292063,0.8573061448427213,8.901163742311625e-05,8543078.0,9715634.0,387933022.0,82797821.0,206261.0,240592.0,385691141.0,561449081.0
53.3,mcf,stress-ng,8,0.21393653835704368,14981.599999999999,0.0030250794413970903,8573676.0,9747136.0,82988224.0,387910474.0,24545853.439999998,0.21393653835704368,0.8796097643451368,0.0030250794413970903,1.4900478350742166,0.8795230625230331,9.334620913491801e-05,8573676.0,9747136.0,387910474.0,82988224.0,269682.0,306623.0,395741834.0,589674263.0
53.4,mcf,stress-ng,8,0.2142890767315898,14935.4,0.0030292361260208125,8594307.0,9769277.0,83117732.0,387876663.0,24470159.36,0.2142890767315898,0.8797280494759233,0.0030292361260208125,1.5208068045600087,0.8855282827795727,9.49730662924112e-05,8594307.0,9769277.0,387876663.0,83117732.0,275448.0,311055.0,374916820.0,570176051.0
53.5,mcf,stress-ng,8,0.21411805214980112,14879.9,0.003025736785923099,8586024.0,9759755.0,83059768.0,387915765.0,24379228.16,0.21411805214980112,0.8797376573489806,0.003025736785923099,1.5160389230066096,0.8867766939423358,9.529096495798947e-05,8586024.0,9759755.0,387915765.0,83059768.0,287728.0,324465.0,385524483.0,584470122.0
53.6,mcf,stress-ng,8,0.2056266733530906,16994.3,0.002917091823888949,8247194.0,9379439.0,79812288.0,388141707.0,27843461.12,0.2056266733530906,0.8792843580516916,0.002917091823888949,1.3263805356253617,0.6148890686387798,6.92082999051733e-05,8247194.0,9379439.0,388141707.0,79812288.0,42570.0,69232.0,385242811.0,510978566.0
53.8,mcf,stress-ng,8,0.20339192705377437,17463.1,0.0028902649074138667,8140884.0,9261276.0,78843530.0,387643360.0,28611543.04,0.20339192705377437,0.8790240135376594,0.0028902649074138667,1.2976082833731393,0.11942659084025978,6.791025125692616e-05,8140884.0,9261276.0,387643360.0,78843530.0,3549.0,29717.0,385332104.0,500010130.0
53.9,mcf,stress-ng,8,0.20373610491433053,17392.6,0.0028930516144558033,8158611.0,9281042.0,79044466.0,387974758.0,28496035.84,0.20373610491433053,0.8790619630856105,0.0028930516144558033,1.2990601732563405,0.15477567810772594,6.81932932414677e-05,8158611.0,9281042.0,387974758.0,79044466.0,4816.0,31116.0,385668425.0,501006491.0
54.0,mcf,stress-ng,8,0.20783542652630568,16784.2,0.0029498513739710038,8334447.0,9478384.0,80597496.0,387794792.0,27499233.28,0.20783542652630568,0.8793109669327599,0.0029498513739710038,1.365850097688812,0.7697246631517282,7.871237690357846e-05,8334447.0,9478384.0,387794792.0,80597496.0,98544.0,128025.0,374540843.0,511566647.0
54.1,mcf,stress-ng,8,0.21312469054846403,15297.3,0.003016394880920878,8307727.0,9445577.0,80395286.0,377221831.0,25063096.32,0.21312469054846403,0.8795362104400821,0.003016394880920878,1.4572455311767398,0.8587016718703598,9.140125122028093e-05,8307727.0,9445577.0,377221831.0,80395286.0,213973.0,249182.0,385213545.0,561350717.0
54.2,mcf,stress-ng,8,0.21346931866376875,15255.699999999999,0.0030181323580383856,8545683.0,9716233.0,82791767.0,387839187.0,24994938.88,0.21346931866376875,0.8795263555330548,0.0030181323580383856,1.4643281900423193,0.8560998208660201,9.062383908791299e-05,8545683.0,9716233.0,387839187.0,82791767.0,207891.0,242835.0,385593905.0,564636025.0
54.3,mcf,stress-ng,8,0.21384538299611724,15230.2,0.003022214328860563,8579506.0,9751767.0,82946666.0,387881491.0,24953159.68,0.21384538299611724,0.879789888335109,0.003022214328860563,1.4955695876054536,0.8729218205751673,9.340571525315566e-05,8579506.0,9751767.0,387881491.0,82946666.0,247352.0,283361.0,385511742.0,576559637.0
54.4,mcf,stress-ng,8,0.2141718698538907,14929.5,0.003024336259623881,8591390.0,9764491.0,83074504.0,387887093.0,24460492.8,0.2141718698538907,0.8798605068098275,0.003024336259623881,1.5182458004368966,0.8849802569413591,9.544269826386924e-05,8591390.0,9764491.0,387887093.0,83074504.0,282845.0,319606.0,385163042.0,584772171.0
54.5,mcf,stress-ng,8,0.2139801140934364,14900.2,0.003023524550273426,8582620.0,9755594.0,83013419.0,387949223.0,24412487.68,0.2139801140934364,0.8797639590167446,0.003023524550273426,1.5166564403807028,0.8864963784274225,9.570513209382911e-05,8582620.0,9755594.0,387949223.0,83013419.0,288231.0,325135.0,385601056.0,584824325.0
54.6,mcf,stress-ng,8,0.20692575079617304,15370.5,0.0029326818475355993,8300884.0,9438311.0,80255189.0,387845344.0,25183027.2,0.20692575079617304,0.8794882898010036,0.0029326818475355993,1.3679349392636564,0.7550627375786322,7.554273199199581e-05,8300884.0,9438311.0,387845344.0,80255189.0,89783.0,118908.0,385543377.0,527398256.0
54.7,mcf,stress-ng,8,0.2034530492482355,17379.4,0.002890114523498562,8159466.0,9280483.0,78915325.0,387879785.0,28474408.96,0.2034530492482355,0.8792070412714511,0.002890114523498562,1.2987136331322684,0.12591119946984758,6.846091656196553e-05,8159466.0,9280483.0,387879785.0,78915325.0,3800.0,30180.0,385329343.0,500432471.0
54.8,mcf,stress-ng,8,0.20334518736687027,17397.4,0.0028898833871609355,8152440.0,9273512.0,78883666.0,387929840.0,28503900.16,0.20334518736687027,0.8791103090177702,0.0028898833871609355,1.2973868629553207,0.12172873249060472,6.665470752210186e-05,8152440.0,9273512.0,387929840.0,78883666.0,3563.0,29270.0,385674185.0,500368621.0
54.9,mcf,stress-ng,8,0.2066301898622593,17417.2,0.0029330575183919797,8282632.0,9420401.0,80154386.0,387912270.0,28536340.48,0.2066301898622593,0.8792228695997124,0.0029330575183919797,1.3489341461800086,0.7111104495976345,7.549230837123222e-05,8282632.0,9420401.0,387912270.0,80154386.0,71665.0,100779.0,385655183.0,520223445.0
55.0,mcf,stress-ng,8,0.21336012976714647,16032.0,0.003019932894104055,8553034.0,9724413.0,82758652.0,387882460.0,26266828.8,0.21336012976714647,0.8795424464181025,0.003019932894104055,1.4580769395455406,0.8593528436265753,9.110100349732422e-05,8553034.0,9724413.0,387882460.0,82758652.0,214534.0,249646.0,385418367.0,561969633.0
55.2,mcf,stress-ng,8,0.21360350947641027,15218.4,0.003020650861805495,8548239.0,9719974.0,82858536.0,387908121.0,24933826.56,0.21360350947641027,0.8794508092305596,0.003020650861805495,1.457765380895665,0.8592371828130845,9.075008649301595e-05,8548239.0,9719974.0,387908121.0,82858536.0,213633.0,248631.0,385652525.0,562190900.0
55.3,mcf,stress-ng,8,0.21373270452566367,15107.2,0.0030226141775936267,8561075.0,9733503.0,82903802.0,387885430.0,24751636.48,0.21373270452566367,0.8795471681675138,0.0030226141775936267,1.4814563004386505,0.8721493687631208,9.229633794855076e-05,8561075.0,9733503.0,387885430.0,82903802.0,242618.0,278184.0,385345733.0,570872864.0
55.4,mcf,stress-ng,8,0.21457773434583308,14900.599999999999,0.0030342832637807074,8604086.0,9781025.0,83230497.0,387880398.0,24413143.04,0.21457773434583308,0.8796712001042836,0.0030342832637807074,1.5157235608550563,0.8835710692898291,9.547527015656916e-05,8604086.0,9781025.0,387880398.0,83230497.0,279303.0,316107.0,385482020.0,584284180.0
55.5,mcf,stress-ng,8,0.21432057478907027,14864.9,0.0030281119033158605,8598759.0,9773336.0,83132997.0,387890883.0,24354652.16,0.21432057478907027,0.8798182115093557,0.0030281119033158605,1.5160648898995308,0.8833230892112234,9.712321232100356e-05,8598759.0,9773336.0,387890883.0,83132997.0,283113.0,320509.0,385036688.0,583740604.0
55.6,mcf,stress-ng,8,0.20935064826199548,16172.5,0.0029620988958827398,8375305.0,9524436.0,81216505.0,387944846.0,26497024.0,0.20935064826199548,0.8793491814108468,0.0029620988958827398,1.3975589454072104,0.7954460717299302,8.114405499256533e-05,8375305.0,9524436.0,387944846.0,81216505.0,121607.0,152879.0,385388677.0,538603393.0
55.7,mcf,stress-ng,8,0.2035408860822691,17393.699999999997,0.0028939753083340766,8156023.0,9278346.0,78935925.0,387813606.0,28497838.08,0.2035408860822691,0.8790384622431627,0.0028939753083340766,1.2999101884603195,0.12493167532112599,6.644473166518848e-05,8156023.0,9278346.0,387813606.0,78935925.0,3657.0,29272.0,385508367.0,501126254.0
55.8,mcf,stress-ng,8,0.203526327958459,17427.2,0.0028903634142612793,8161202.0,9282591.0,78963145.0,387975088.0,28552724.48,0.203526327958459,0.8791943973401392,0.0028903634142612793,1.2986931796978742,0.12560481880122445,6.889547983071926e-05,8161202.0,9282591.0,387975088.0,78963145.0,3816.0,30381.0,385584077.0,500755411.0
55.9,mcf,stress-ng,8,0.2049772006160841,17403.2,0.0029129577756129834,8223343.0,9352970.0,79488890.0,387793812.0,28513402.88,0.2049772006160841,0.879222642647202,0.0029129577756129834,1.330796991304572,0.6186372205763534,7.351620716575399e-05,8223343.0,9352970.0,387793812.0,79488890.0,45940.0,74260.0,385221179.0,512651186.0
56.0,mcf,stress-ng,8,0.21358909797978728,15343.899999999998,0.003021022590752513,8558876.0,9730908.0,82863749.0,387958701.0,25139445.759999998,0.21358909797978728,0.8795557413552775,0.003021022590752513,1.4597087368921335,0.8598511890596989,9.164495631816915e-05,8558876.0,9730908.0,387958701.0,82863749.0,216796.0,252132.0,385574956.0,562827132.0
56.1,mcf,stress-ng,8,0.21361152039086012,15242.0,0.0030227982089308762,8557387.0,9729644.0,82839668.0,387805245.0,24972492.8,0.21361152039086012,0.8795169689661821,0.0030227982089308762,1.4571809402651712,0.8606192537821666,8.920967714031124e-05,8557387.0,9729644.0,387805245.0,82839668.0,212301.0,246684.0,385417828.0,561623513.0
56.2,mcf,stress-ng,8,0.21379971847665616,15234.2,0.0030225694589072183,8567610.0,9740274.0,82947716.0,387969248.0,24959713.28,0.21379971847665616,0.8796066722558318,0.0030225694589072183,1.4758053713514447,0.8696878395912003,9.303188411669329e-05,8567610.0,9740274.0,387969248.0,82947716.0,239292.0,275147.0,385405502.0,568783510.0
56.3,mcf,stress-ng,8,0.21410034456411772,14949.0,0.0030270874284213716,8590182.0,9764071.0,83027017.0,387794878.0,24492441.6,0.21410034456411772,0.8797746349857555,0.0030270874284213716,1.5155061384156667,0.885100899799074,9.553204384624825e-05,8590182.0,9764071.0,387794878.0,83027017.0,283689.0,320516.0,385493689.0,584218052.0
56.6,mcf,stress-ng,8,0.2101138898967946,17043.0,0.0029751654529964824,8427877.0,9581911.0,81500870.0,387889016.0,27923251.2,0.2101138898967946,0.8795611856549284,0.0029751654529964824,1.4274403284042003,0.8333541543042152,8.310894890605375e-05,8427877.0,9581911.0,387889016.0,81500870.0,160099.0,192114.0,385217241.0,549874625.0
56.7,mcf,stress-ng,8,0.20320990776596823,17403.1,0.0028873086808927097,8145169.0,9265115.0,78822235.0,387885787.0,28513239.04,0.20320990776596823,0.8791222774892702,0.0028873086808927097,1.2992133420608947,0.12948160140308274,6.693599366070237e-05,8145169.0,9265115.0,387885787.0,78822235.0,3839.0,29649.0,385592244.0,500966588.0
56.8,mcf,stress-ng,8,0.2031643740227803,17392.7,0.002888334005693358,8148159.0,9268622.0,78812964.0,387927088.0,28496199.68,0.2031643740227803,0.879112234806857,0.002888334005693358,1.2957160987337337,0.1212793555434189,6.680036999148021e-05,8148159.0,9268622.0,387927088.0,78812964.0,3553.0,29296.0,385372117.0,499332856.0
56.9,mcf,stress-ng,8,0.2034401539733092,16772.0,0.0028922661578108864,8160567.0,9282522.0,78917598.0,387915544.0,27479244.8,0.2034401539733092,0.879132524544515,0.0028922661578108864,1.3075947026289054,0.3984064629247398,7.028812436578361e-05,8160567.0,9282522.0,387915544.0,78917598.0,17951.0,45057.0,385641248.0,504262453.0
57.0,mcf,stress-ng,8,0.21339694983808558,15242.9,0.0030200003933864893,8549069.0,9720722.0,82790445.0,387964519.0,24973967.36,0.21339694983808558,0.8794685209596571,0.0030200003933864893,1.4566349321224876,0.8545150501672241,9.28056914802652e-05,8549069.0,9720722.0,387964519.0,82790445.0,210021.0,245778.0,385288870.0,561225227.0
57.1,mcf,stress-ng,8,0.21327791318559852,14737.1,0.0030176485858443717,8540975.0,9711238.0,82710509.0,387806256.0,24145264.64,0.21327791318559852,0.8794939429967631,0.0030176485858443717,1.459950946058557,0.8602942645184745,9.074932716695662e-05,8540975.0,9711238.0,387806256.0,82710509.0,215348.0,250319.0,385358229.0,562604111.0
57.2,mcf,stress-ng,8,1.0490953619384027,7065.299999999999,0.0003258772411969003,705384.0,831832.0,407073565.0,388023415.0,11575787.52,1.0490953619384027,0.847988536146722,0.0003258772411969003,1.538444702942832,0.8814936143633634,9.337008596730846e-05,705384.0,831832.0,388023415.0,407073565.0,265319.0,300988.0,382017427.0,587712687.0
57.3,mcf,stress-ng,8,0.8975408393661792,8322.5,0.00041193095901153064,1140616.0,1295968.0,338490617.0,377131159.0,13635584.0,0.8975408393661792,0.8801266697943159,0.00041193095901153064,1.5889502072592034,0.8963583327064684,9.84698604271787e-05,1140616.0,1295968.0,377131159.0,338490617.0,321729.0,358929.0,377780570.0,600274515.0
57.4,mcf,stress-ng,8,0.21422781638368005,14902.4,0.003032763678907424,8579914.0,9756535.0,83113943.0,387969893.0,24416092.16,0.21422781638368005,0.8794017548238181,0.003032763678907424,1.5190119517263545,0.8827294295438464,9.587718974619647e-05,8579914.0,9756535.0,387969893.0,83113943.0,275702.0,312329.0,382019958.0,580292882.0
57.5,mcf,stress-ng,8,0.2100905360789495,15756.0,0.0029775422800142927,8184684.0,9307344.0,79213062.0,377042505.0,25814630.4,0.2100905360789495,0.8793791225509662,0.0029775422800142927,1.4293822119362705,0.8407968429913727,8.416424106033919e-05,8184684.0,9307344.0,377042505.0,79213062.0,172793.0,205511.0,388739916.0,555657921.0
57.6,mcf,stress-ng,8,0.20338520538196067,17379.7,0.0028917143522458498,8380944.0,9533815.0,81085777.0,398680803.0,28474900.48,0.20338520538196067,0.879075585167113,0.0028917143522458498,1.3002105566258437,0.11921767572258193,6.903555968051673e-05,8380944.0,9533815.0,398680803.0,81085777.0,3572.0,29962.0,382266764.0,497027282.0
57.7,mcf,stress-ng,8,0.20299927394660175,17413.2,0.002885698613604808,7910438.0,8998791.0,76562004.0,377154078.0,28529786.88,0.20299927394660175,0.879055642030135,0.002885698613604808,1.2965229116257664,0.11922198333781242,6.747342483413251e-05,7910438.0,8998791.0,377154078.0,76562004.0,3549.0,29768.0,388582617.0,503806266.0
58.0,mcf,stress-ng,8,0.21355874537779898,15283.3,0.00302552126619814,8639494.0,9823604.0,83581315.0,391373881.0,25040158.72,0.21355874537779898,0.8794627715042259,0.00302552126619814,1.4570017293084783,0.857229047383808,9.224600619844815e-05,8639494.0,9823604.0,391373881.0,83581315.0,211703.0,246962.0,382227930.0,556906755.0
58.1,mcf,stress-ng,8,0.2132148365904745,15227.8,0.0030155286122827206,8303527.0,9441054.0,80429558.0,377223083.0,24949227.52,0.2132148365904745,0.8795127111866959,0.0030155286122827206,1.4526946832805157,0.8566849798035002,8.970670626831376e-05,8303527.0,9441054.0,377223083.0,80429558.0,208482.0,243359.0,388789216.0,564792027.0
58.2,mcf,stress-ng,8,0.21339623798870816,15038.0,0.003016789255211772,8781695.0,9984424.0,85076491.0,398678495.0,24638259.2,0.21339623798870816,0.8795394706795304,0.003016789255211772,1.471483392361926,0.863530458191321,9.0759729792462e-05,8781695.0,9984424.0,398678495.0,85076491.0,219411.0,254086.0,382052702.0,562184206.0
58.3,mcf,stress-ng,8,0.2138852005513317,14914.8,0.0030223837132745917,8341154.0,9480656.0,80639203.0,377020957.0,24436408.32,0.2138852005513317,0.8798076841940051,0.0030223837132745917,1.5167684915725455,0.8848043436737736,9.458155464808668e-05,8341154.0,9480656.0,377020957.0,80639203.0,282572.0,319361.0,388965905.0,589971229.0
58.4,mcf,stress-ng,8,0.21416468151202436,14890.5,0.003027300001357533,8828605.0,10035481.0,85379782.0,398664156.0,24396595.2,0.21416468151202436,0.8797390977074243,0.003027300001357533,1.5192259914391752,0.8851346122294831,9.713003849968148e-05,8828605.0,10035481.0,398664156.0,85379782.0,285933.0,323039.0,382023940.0,580380699.0
58.5,mcf,stress-ng,8,0.2114490247575995,16573.4,0.0029908734755779826,8247739.0,9375613.0,79738531.0,377105220.0,27153858.560000002,0.2114490247575995,0.8797013059306096,0.0029908734755779826,1.4580351374168594,0.863079823489196,8.50041289961439e-05,8247739.0,9375613.0,377105220.0,79738531.0,208300.0,241345.0,388745822.0,566805068.0
58.6,mcf,stress-ng,8,0.2034201398172631,17383.800000000003,0.002890645136714689,8381286.0,9533720.0,81098950.0,398677093.0,28481617.92,0.2034201398172631,0.8791202175016678,0.002890645136714689,1.300271729367669,0.13742571582928148,6.684563587409601e-05,8381286.0,9533720.0,398677093.0,81098950.0,4070.0,29616.0,382164066.0,496917131.0
58.7,mcf,stress-ng,8,0.20285571342050784,17389.9,0.0028840750927139856,7903893.0,8992618.0,76577093.0,377495372.0,28491612.16,0.20285571342050784,0.8789312522782575,0.0028840750927139856,1.294751198762333,0.1251054923539142,6.66109009946169e-05,7903893.0,8992618.0,377495372.0,76577093.0,3706.0,29623.0,389080460.0,503762392.0
58.8,mcf,stress-ng,8,0.20292729856566855,17015.9,0.002883772822800442,8365250.0,9515864.0,80967193.0,398996062.0,27878850.560000002,0.20292729856566855,0.8790846527440913,0.002883772822800442,1.295328663706225,0.1142876475961701,6.782250017233481e-05,8365250.0,9515864.0,398996062.0,80967193.0,3378.0,29557.0,385992848.0,499987600.0
59.0,mcf,stress-ng,8,0.21292050504971566,15226.199999999999,0.0030140010476607856,8776477.0,9979004.0,84951084.0,398980286.0,24946606.08,0.21292050504971566,0.8794942862033125,0.0030140010476607856,1.4534476347604897,0.861780580237834,8.989698957165386e-05,8776477.0,9979004.0,398980286.0,84951084.0,214436.0,248829.0,382582333.0,556063387.0
59.1,mcf,stress-ng,8,0.21308543720522377,15252.9,0.003016551963694516,8307251.0,9446214.0,80454914.0,377571152.0,24990351.36,0.21308543720522377,0.8794265088637627,0.003016551963694516,1.4596352904757826,0.8654471149168045,8.880712730398688e-05,8307251.0,9446214.0,377571152.0,80454914.0,222355.0,256925.0,389270558.0,568193044.0
59.3,mcf,stress-ng,8,0.21385101032251366,14904.7,0.003021576013834326,8802391.0,10007881.0,85318143.0,398960673.0,24419860.48,0.21385101032251366,0.8795459298526831,0.003021576013834326,1.5073428772450315,0.8818255427816515,9.42842403095919e-05,8802391.0,10007881.0,398960673.0,85318143.0,269000.0,305049.0,382343856.0,576323288.0
59.4,mcf,stress-ng,8,0.21339818171597533,14886.0,0.0030154896200687976,8331305.0,9470048.0,80585814.0,377631212.0,24389222.4,0.21339818171597533,0.8797531966047057,0.0030154896200687976,1.5126966147285263,0.8835559964239118,9.46394748233193e-05,8331305.0,9470048.0,377631212.0,80585814.0,279687.0,316547.0,389478070.0,589162158.0
59.5,mcf,stress-ng,8,0.21193505885034764,14826.599999999999,0.002997684125596007,8762059.0,9961054.0,84768463.0,399973763.0,24291901.439999998,0.21193505885034764,0.8796317136720673,0.002997684125596007,1.4841939766686898,0.8771594225077299,9.210870370919238e-05,8762059.0,9961054.0,399973763.0,84768463.0,252200.0,287519.0,383449105.0,569112852.0
59.6,mcf,stress-ng,8,0.20259007194843381,17158.3,0.002881087164729009,7893473.0,8980485.0,76435674.0,377292299.0,28112158.72,0.20259007194843381,0.8789584304188471,0.002881087164729009,1.294392379421348,0.13050587634133878,6.55689262805998e-05,7893473.0,8980485.0,377292299.0,76435674.0,3831.0,29355.0,389269757.0,503867807.0
59.7,mcf,stress-ng,8,0.20275141198598248,17402.5,0.0028817954586007016,8355426.0,9504860.0,80869503.0,398860369.0,28512256.0,0.20275141198598248,0.8790688132176592,0.0028817954586007016,1.2958216055830136,0.10896367877374209,6.99426999008464e-05,8355426.0,9504860.0,398860369.0,80869503.0,3270.0,30010.0,382312951.0,495409382.0
59.8,mcf,stress-ng,8,0.20309018202461446,17404.7,0.0028867139188901905,7913823.0,9003197.0,76641181.0,377375116.0,28515860.48,0.20309018202461446,0.8790014258268479,0.0028867139188901905,1.2989368117567817,0.10418006430868167,6.80263766948825e-05,7913823.0,9003197.0,377375116.0,76641181.0,3078.0,29545.0,389069671.0,505376918.0
59.9,mcf,stress-ng,8,0.20924928457913886,16629.7,0.002968273275704292,8618347.0,9802038.0,83444640.0,398781005.0,27246100.48,0.20924928457913886,0.8792403171666954,0.002968273275704292,1.407347351687034,0.8259158673594867,8.6968355993259e-05,8618347.0,9802038.0,398781005.0,83444640.0,157835.0,191103.0,382529940.0,538352498.0
60.0,mcf,stress-ng,8,0.2130934548364175,19666.3,0.0030112814963208657,7587095.0,8626905.0,73582196.0,345304815.0,32221265.919999998,0.2130934548364175,0.8794689404832904,0.0030112814963208657,1.451777403515331,0.8553287961659748,9.190871506783355e-05,7587095.0,8626905.0,345304815.0,73582196.0,192035.0,224516.0,353405006.0,513065402.0
