time_step,victim,attacker,run_id,IPC,Total_MB_per_sec,cache_dominance_score,LLC-load-misses,LLC-loads,instructions,cycles,cas_count_total,victim_IPC,victim_miss_rate,victim_cache_dominance,attacker_IPC,attacker_miss_rate,attacker_cache_dominance,victim_LLC-load-misses,victim_LLC-loads,victim_cycles,victim_instructions,attacker_LLC-load-misses,attacker_LLC-loads,attacker_cycles,attacker_instructions
0.1,sysbench,stress-ng,9,0.44698235542758324,7615.599999999999,4.908490701245596e-06,1137.0,2946.0,164733139.0,368545060.0,12477399.04,0.44698235542758324,0.3859470468431772,4.908490701245596e-06,1.457894117730592,0.14769128188031339,6.954767135815789e-05,1137.0,2946.0,368545060.0,164733139.0,4430.0,29995.0,367589590.0,535906701.0
0.2,sysbench,stress-ng,9,0.4478735272732842,7445.1,3.884898884117025e-06,970.0,2435.0,168893641.0,377101192.0,12198051.84,0.4478735272732842,0.39835728952772076,3.884898884117025e-06,1.4605283948577548,0.17461807353702744,6.683018489328948e-05,970.0,2435.0,377101192.0,168893641.0,5395.0,30896.0,381579073.0,557307071.0
0.3,sysbench,stress-ng,9,0.44729104873372794,5555.5,4.1841687851717345e-06,1340.0,2963.0,173500021.0,387890662.0,9102131.2,0.44729104873372794,0.4522443469456632,4.1841687851717345e-06,1.5977684218133337,0.8232585443841673,0.00011011463960917562,1340.0,2963.0,387890662.0,173500021.0,197736.0,240187.0,385516405.0,615965938.0
0.4,sysbench,stress-ng,9,0.4470175396556104,4811.4,3.4952701820911385e-06,727.0,2045.0,168561824.0,377081007.0,7882997.76,0.4470175396556104,0.35550122249388755,3.4952701820911385e-06,1.628841411760593,0.8368960776560975,0.00011668250161148827,727.0,2045.0,377081007.0,168561824.0,230713.0,275677.0,385353411.0,627679594.0
0.5,sysbench,stress-ng,9,0.4469532128792649,4833.3,3.870882493574143e-06,896.0,2356.0,168579566.0,377174973.0,7918878.72,0.4469532128792649,0.38030560271646857,3.870882493574143e-06,1.6471791382150518,0.8583852586302118,0.00011525096347423295,896.0,2356.0,377174973.0,168579566.0,264223.0,307814.0,378226773.0,623007250.0
0.6,sysbench,stress-ng,9,0.4473964442375428,4491.400000000001,3.825231454019374e-06,980.0,2464.0,173567621.0,387950381.0,7358709.760000001,0.4473964442375428,0.3977272727272727,3.825231454019374e-06,1.7223027918950629,0.865849678815568,0.00012494049876376147,980.0,2464.0,387950381.0,173567621.0,302469.0,349332.0,375082543.0,646005711.0
0.7,sysbench,stress-ng,9,0.4472660284309162,4476.3,3.804697491100813e-06,1275.0,2710.0,168693241.0,377165334.0,7333969.92,0.4472660284309162,0.470479704797048,3.804697491100813e-06,1.7202846961654423,0.8739560936194689,0.0001228591847790365,1275.0,2710.0,377165334.0,168693241.0,319077.0,365095.0,374558891.0,644347928.0
0.8,sysbench,stress-ng,9,0.44694994020540757,6385.4,3.849812799936078e-06,840.0,2292.0,168572174.0,377161196.0,10461839.36,0.44694994020540757,0.36649214659685864,3.849812799936078e-06,1.471553709728652,0.46855746538292853,6.786896224785374e-05,840.0,2292.0,377161196.0,168572174.0,22435.0,47881.0,374928379.0,551727247.0
0.9,sysbench,stress-ng,9,0.44740861176701224,7526.799999999999,4.111706501135066e-06,1176.0,2719.0,167899019.0,375269976.0,12331909.12,0.44740861176701224,0.43251195292386907,4.111706501135066e-06,1.4556098053561928,0.1633890582599082,6.700173868063015e-05,1176.0,2719.0,375269976.0,167899019.0,4877.0,29849.0,372706746.0,542515594.0
1.1,sysbench,stress-ng,9,0.44770090783675015,5580.4,4.245351591254961e-06,1012.0,2613.0,168836229.0,377118353.0,9142927.36,0.44770090783675015,0.3872942977420589,4.245351591254961e-06,1.4785650161553303,0.5444108956452941,7.526141097263786e-05,1012.0,2613.0,377118353.0,168836229.0,33717.0,61933.0,374906604.0,554323789.0
1.2,sysbench,stress-ng,9,0.4468866381813972,4759.1,3.882158798607834e-06,941.0,2405.0,168525316.0,377109767.0,7797309.44,0.4468866381813972,0.3912681912681913,3.882158798607834e-06,1.6272869594681725,0.8441389518885865,0.00011362954149041572,941.0,2405.0,377109767.0,168525316.0,230390.0,272929.0,374365675.0,609200381.0
1.3,sysbench,stress-ng,9,0.4474142073119227,4737.5,3.882081478112493e-06,886.0,2350.0,168727628.0,377117278.0,7761920.0,0.4474142073119227,0.3770212765957447,3.882081478112493e-06,1.6343139732493055,0.8409636501044707,0.0001144989110347809,886.0,2350.0,377117278.0,168727628.0,227003.0,269932.0,374929330.0,612752243.0
1.4,sysbench,stress-ng,9,0.44767189065793117,4537.6,3.980174055636618e-06,1019.0,2520.0,168825659.0,377119186.0,7434403.84,0.44767189065793117,0.40436507936507937,3.980174055636618e-06,1.683922964207443,0.861755508922554,0.00011555108852224943,1019.0,2520.0,377119186.0,168825659.0,269801.0,313083.0,374570249.0,630747444.0
1.5,sysbench,stress-ng,9,0.4469212009783296,4509.3,4.043815217839755e-06,1443.0,2968.0,168542526.0,377119111.0,7388037.12,0.4469212009783296,0.4861859838274933,4.043815217839755e-06,1.7303749709251692,0.8755447739345017,0.00011903968435137094,1443.0,2968.0,377119111.0,168542526.0,314001.0,358635.0,374950591.0,648805118.0
1.6,sysbench,stress-ng,9,0.4471499660177833,6396.599999999999,3.8037223295634723e-06,943.0,2378.0,168692703.0,377262028.0,10480189.44,0.4471499660177833,0.39655172413793105,3.8037223295634723e-06,1.6658470203654678,0.8724624331451072,0.00010496704724228524,943.0,2378.0,377262028.0,168692703.0,268995.0,308317.0,374612805.0,624047625.0
1.7,sysbench,stress-ng,9,0.44717670054744146,7478.9,3.5637838705406508e-06,1027.0,2371.0,168642518.0,377127247.0,12253429.76,0.44717670054744146,0.43315056938000845,3.5637838705406508e-06,1.4547714952754396,0.2062235255783643,6.494198169301505e-05,1027.0,2371.0,377127247.0,168642518.0,6329.0,30690.0,375119443.0,545713073.0
1.8,sysbench,stress-ng,9,0.4469725647598206,7498.6,3.958844835486981e-06,1029.0,2522.0,168566859.0,377130214.0,12285706.24,0.4469725647598206,0.40800951625693893,3.958844835486981e-06,1.4504316695923665,0.19644527595884004,6.654077049249253e-05,1029.0,2522.0,377130214.0,168566859.0,6090.0,31001.0,374371980.0,543000976.0
1.9,sysbench,stress-ng,9,0.4472292255744823,5574.9,3.7458981123295377e-06,896.0,2309.0,168700503.0,377212609.0,9133916.16,0.4472292255744823,0.3880467734950195,3.7458981123295377e-06,1.5081724104620715,0.7193825568709482,8.144771415929035e-05,896.0,2309.0,377212609.0,168700503.0,79786.0,110909.0,382122449.0,576306535.0
2.0,sysbench,stress-ng,9,0.4468873278021845,4816.6,3.996189528540352e-06,973.0,2480.0,168525341.0,377109241.0,7891517.44,0.4468873278021845,0.39233870967741935,3.996189528540352e-06,1.6386498662689397,0.8532852692999517,0.00010603238000068773,973.0,2480.0,377109241.0,168525341.0,233394.0,273524.0,378469294.0,620178658.0
2.1,sysbench,stress-ng,9,0.4469392262613595,4752.099999999999,4.026939015478687e-06,898.0,2460.0,173362216.0,387887672.0,7785840.64,0.4469392262613595,0.3650406504065041,4.026939015478687e-06,1.6281847726972098,0.8503143793383968,0.00010515466029719695,898.0,2460.0,387887672.0,173362216.0,223682.0,263058.0,374457964.0,609686755.0
2.2,sysbench,stress-ng,9,0.4477070869913687,4505.5,4.014612893948077e-06,949.0,2463.0,168840321.0,377122288.0,7381811.2,0.4477070869913687,0.3853024766544864,4.014612893948077e-06,1.7090574231692386,0.8760500904624988,0.00010969613144310971,949.0,2463.0,377122288.0,168840321.0,295850.0,337709.0,381590485.0,652160051.0
2.3,sysbench,stress-ng,9,0.44741116810280185,4459.4,4.041240873723277e-06,1150.0,2674.0,168724073.0,377111894.0,7306280.96,0.44741116810280185,0.4300673148840688,4.041240873723277e-06,1.7396919272438713,0.8898475583087481,0.0001098093794681902,1150.0,2674.0,377111894.0,168724073.0,335703.0,377259.0,378437618.0,658364869.0
2.4,sysbench,stress-ng,9,0.44770806712826944,6449.6,3.8928150248635515e-06,938.0,2448.0,173663320.0,387894105.0,10567024.64,0.44770806712826944,0.3831699346405229,3.8928150248635515e-06,1.584596887201883,0.8219368535216305,8.240353969682803e-05,938.0,2448.0,387894105.0,173663320.0,142477.0,173343.0,374571288.0,593544497.0
2.5,sysbench,stress-ng,9,0.4470557251229284,7520.8,3.972212016948989e-06,914.0,2412.0,168593588.0,377119850.0,12322078.72,0.4470557251229284,0.37893864013267,3.972212016948989e-06,1.4512752369483224,0.22156657466450938,6.435173835099847e-05,914.0,2412.0,377119850.0,168593588.0,6984.0,31521.0,381295061.0,553364080.0
2.7,sysbench,stress-ng,9,0.4475246832050285,7420.8,4.057839118842143e-06,959.0,2533.0,173590877.0,387891179.0,12158238.72,0.4475246832050285,0.37860244769048557,4.057839118842143e-06,1.5765061587909972,0.8256254297862449,9.340718311510665e-05,959.0,2533.0,387891179.0,173590877.0,170490.0,206498.0,385494978.0,607735207.0
3.0,sysbench,stress-ng,9,0.44741353332548833,4786.1,3.8858472599004694e-06,1376.0,2885.0,173745126.0,388332299.0,7841546.24,0.44741353332548833,0.47694974003466206,3.8858472599004694e-06,1.6494115511518714,0.8651468764854686,0.00010510305215916171,1376.0,2885.0,388332299.0,173745126.0,260263.0,300831.0,385983082.0,636644954.0
3.1,sysbench,stress-ng,9,0.4469482901326112,4502.200000000001,3.977872879732528e-06,1017.0,2560.0,173369344.0,387895754.0,7376404.48,0.4469482901326112,0.397265625,3.977872879732528e-06,1.7240543731654698,0.8779060668764889,0.00010926137842857242,1017.0,2560.0,387895754.0,173369344.0,302925.0,345054.0,385579979.0,664760849.0
3.2,sysbench,stress-ng,9,0.4470574851562442,4465.200000000001,3.8021964987575363e-06,1063.0,2538.0,173428646.0,387933659.0,7315783.680000001,0.4470574851562442,0.41883372734436564,3.8021964987575363e-06,1.7306657709644115,0.879663821658582,0.00010997322013572615,1063.0,2538.0,387933659.0,173428646.0,309917.0,352313.0,385512036.0,667192485.0
3.3,sysbench,stress-ng,9,0.4472656149207774,6481.800000000001,3.882659456218522e-06,1034.0,2541.0,173599897.0,388136023.0,10619781.120000001,0.4472656149207774,0.4069264069264069,3.882659456218522e-06,1.4697348049478183,0.535531715746274,6.685527935561648e-05,1034.0,2541.0,388136023.0,173599897.0,29752.0,55556.0,385968023.0,567270637.0
3.4,sysbench,stress-ng,9,0.44714675557289235,7466.900000000001,3.129161865433739e-06,1014.0,2234.0,174333916.0,389880758.0,12233768.96,0.44714675557289235,0.4538943598925694,3.129161865433739e-06,1.4437085528490152,0.1621885686370298,6.633529703862988e-05,1014.0,2234.0,389880758.0,174333916.0,4980.0,30705.0,387802590.0,559873916.0
3.5,sysbench,stress-ng,9,0.44726940793946324,7458.099999999999,3.6449974011477865e-06,1120.0,2534.0,173508750.0,387928946.0,12219351.04,0.44726940793946324,0.4419889502762431,3.6449974011477865e-06,1.4749498680461577,0.6147227139857548,7.282770342594888e-05,1120.0,2534.0,387928946.0,173508750.0,44793.0,72867.0,385485175.0,568571308.0
3.6,sysbench,stress-ng,9,0.44698870590540063,5517.6,3.9881278872325106e-06,952.0,2499.0,173387501.0,387901302.0,9040035.84,0.44698870590540063,0.38095238095238093,3.9881278872325106e-06,1.6294827756559285,0.8484363232208012,0.00010751593521877549,952.0,2499.0,387901302.0,173387501.0,232066.0,273522.0,385580053.0,628296055.0
3.7,sysbench,stress-ng,9,0.4478510643506073,4777.5,3.9315194282348764e-06,1048.0,2573.0,173717283.0,387890745.0,7827456.0,0.4478510643506073,0.40730664593859306,3.9315194282348764e-06,1.6324737149962336,0.8468615847841641,0.00010658003202624278,1048.0,2573.0,387890745.0,173717283.0,227257.0,268352.0,385578792.0,629447243.0
3.8,sysbench,stress-ng,9,0.4470671313731529,4758.6,4.062903846938594e-06,937.0,2513.0,173417296.0,387899901.0,7796490.24,0.4470671313731529,0.3728611221647433,4.062903846938594e-06,1.695211550660374,0.8754501534513243,0.00010930400064578233,937.0,2513.0,387899901.0,173417296.0,296093.0,338218.0,385393030.0,653322716.0
3.9,sysbench,stress-ng,9,0.4473724729714679,4524.599999999999,3.970234584146286e-06,1152.0,2692.0,173529698.0,387886400.0,7413104.64,0.4473724729714679,0.4279346210995542,3.970234584146286e-06,1.7287953908563374,0.8778398604689168,0.00011245036339675236,1152.0,2692.0,387886400.0,173529698.0,311548.0,354903.0,385547887.0,666533410.0
4.0,sysbench,stress-ng,9,0.4477369228552517,4486.9,4.021807052512458e-06,1087.0,2647.0,173670589.0,387885341.0,7351336.96,0.4477369228552517,0.4106535700793351,4.021807052512458e-06,1.6239903227579444,0.8525577602159307,9.239407852016441e-05,1087.0,2647.0,387885341.0,173670589.0,205943.0,241559.0,385479249.0,626014570.0
4.1,sysbench,stress-ng,9,0.44727206546147463,6532.1,3.745124362937399e-06,863.0,2316.0,173528633.0,387971095.0,10702192.64,0.44727206546147463,0.37262521588946457,3.745124362937399e-06,1.4506328629293448,0.17999933197501586,6.369726352741835e-05,863.0,2316.0,387971095.0,173528633.0,5389.0,29939.0,385416871.0,559098379.0
4.3,sysbench,stress-ng,9,0.44706979922989837,7423.299999999999,3.790719807157038e-06,895.0,2366.0,173486754.0,388052949.0,12162334.719999999,0.44706979922989837,0.3782755705832629,3.790719807157038e-06,1.4515788717265787,0.17288488436392024,6.597283916269364e-05,895.0,2366.0,388052949.0,173486754.0,5315.0,30743.0,385431343.0,559483994.0
4.4,sysbench,stress-ng,9,0.4471689056263007,5570.5,3.6033444418239297e-06,1144.0,2542.0,173489418.0,387972902.0,9126707.2,0.4471689056263007,0.4500393391030684,3.6033444418239297e-06,1.5585123710642852,0.8031177188505492,9.20993024696227e-05,1144.0,2542.0,387972902.0,173489418.0,144770.0,180260.0,385344938.0,600564853.0
4.5,sysbench,stress-ng,9,0.4474086599584989,4803.8,3.618547113746307e-06,868.0,2272.0,173595020.0,388001028.0,7870545.92,0.4474086599584989,0.38204225352112675,3.618547113746307e-06,1.6307644606573242,0.8493275736784257,0.00010697771873166093,868.0,2272.0,388001028.0,173595020.0,232596.0,273859.0,385715834.0,629011674.0
4.6,sysbench,stress-ng,9,0.4472657189231182,4809.7,3.585703210984336e-06,876.0,2267.0,173507560.0,387929485.0,7880212.4799999995,0.4472657189231182,0.38641376268195854,3.585703210984336e-06,1.640967953723398,0.8588319830542529,0.00010754073992444538,876.0,2267.0,387929485.0,173507560.0,252190.0,293643.0,385463221.0,632532793.0
4.7,sysbench,stress-ng,9,0.44731049527824673,4521.9,3.5907721671480054e-06,1098.0,2491.0,173529116.0,387938843.0,7408680.96,0.44731049527824673,0.44078683259735046,3.5907721671480054e-06,1.7247041980260285,0.8801364009769707,0.00011286762782801369,1098.0,2491.0,387938843.0,173529116.0,319273.0,362754.0,385238893.0,664423136.0
4.8,sysbench,stress-ng,9,0.4473536059103997,4513.3,3.890608305142581e-06,1069.0,2578.0,173509266.0,387857086.0,7394590.72,0.4473536059103997,0.41466252909231965,3.890608305142581e-06,1.7169811197624594,0.8836273825865832,0.00010930216079037432,1069.0,2578.0,387857086.0,173509266.0,314126.0,355496.0,378492060.0,649863721.0
4.9,sysbench,stress-ng,9,0.44736795629995124,6397.6,3.661469978314151e-06,1041.0,2462.0,173621488.0,388095494.0,10481827.84,0.44736795629995124,0.4228269699431357,3.661469978314151e-06,1.5084390050673882,0.6940341558455694,7.49390406494363e-05,1041.0,2462.0,388095494.0,173621488.0,63763.0,91873.0,375104882.0,565822835.0
5.0,sysbench,stress-ng,9,0.447236269683541,7466.5,3.212666665405554e-06,826.0,2042.0,169279717.0,378501764.0,12233113.6,0.447236269683541,0.40450538687561216,3.212666665405554e-06,1.4484080521637286,0.17622101628021708,6.52923794288834e-05,826.0,2042.0,378501764.0,169279717.0,5358.0,30405.0,383612915.0,555628035.0
5.1,sysbench,stress-ng,9,0.44719923168825265,7441.800000000001,3.7224406363381823e-06,865.0,2269.0,168670983.0,377171898.0,12192645.120000001,0.44719923168825265,0.38122520934332305,3.7224406363381823e-06,1.4450217464136528,0.1649120446671824,6.559324315833453e-05,865.0,2269.0,377171898.0,168670983.0,4903.0,29731.0,378514597.0,546961824.0
5.2,sysbench,stress-ng,9,0.447222369913777,5562.9,3.6272656282660215e-06,904.0,2311.0,173475543.0,387895496.0,9114255.36,0.447222369913777,0.3911726525313717,3.6272656282660215e-06,1.6265759336982903,0.842361133015803,0.0001066453263271898,904.0,2311.0,387895496.0,173475543.0,213643.0,253624.0,374896879.0,609798241.0
5.3,sysbench,stress-ng,9,0.44708562144263514,4806.4,3.740288798062754e-06,1092.0,2503.0,168660188.0,377243597.0,7874805.76,0.44708562144263514,0.4362764682381143,3.740288798062754e-06,1.6351235636741919,0.8529034275388402,0.00010588282344665875,1092.0,2503.0,377243597.0,168660188.0,234580.0,275037.0,382092191.0,624767945.0
5.4,sysbench,stress-ng,9,0.44735361857377504,4786.599999999999,4.1051329142219206e-06,1149.0,2683.0,167166439.0,373678522.0,7842365.4399999995,0.44735361857377504,0.4282519567648155,4.1051329142219206e-06,1.6616044394001506,0.8620631454218536,0.00010587972130289258,1149.0,2683.0,373678522.0,167166439.0,250269.0,290314.0,378212178.0,628439034.0
5.5,sysbench,stress-ng,9,0.44698770965918255,4569.5,3.8032624103990075e-06,1080.0,2569.0,174998364.0,391505986.0,7486668.8,0.44698770965918255,0.42039704165044767,3.8032624103990075e-06,1.7240725006786923,0.8818767130226302,0.00011201550811039835,1080.0,2569.0,391505986.0,174998364.0,313389.0,355366.0,374742754.0,646083677.0
5.6,sysbench,stress-ng,9,0.44716160633692476,4460.6,3.6484938660691194e-06,884.0,2260.0,168643389.0,377141925.0,7308247.04,0.44716160633692476,0.3911504424778761,3.6484938660691194e-06,1.7055154026763555,0.8733757628011979,0.0001087739797691233,884.0,2260.0,377141925.0,168643389.0,286669.0,328231.0,382095057.0,651669005.0
5.9,sysbench,stress-ng,9,0.44713335098247453,7452.9,3.944182191416755e-06,1072.0,2602.0,173448891.0,387913115.0,12210831.36,0.44713335098247453,0.41199077632590314,3.944182191416755e-06,1.4521084012451424,0.164240825762756,6.848393142495588e-05,1072.0,2602.0,387913115.0,173448891.0,5044.0,30711.0,374788647.0,544233743.0
6.0,sysbench,stress-ng,9,0.44743201473679395,5568.400000000001,4.025293010836545e-06,947.0,2465.0,168733505.0,377115404.0,9123266.56,0.44743201473679395,0.3841784989858012,4.025293010836545e-06,1.4997643098348374,0.6957718211067545,7.699761914050789e-05,947.0,2465.0,377115404.0,168733505.0,67254.0,96661.0,381920900.0,572791335.0
6.1,sysbench,stress-ng,9,0.44768698499131837,4823.900000000001,3.993512753322754e-06,1073.0,2579.0,168827957.0,377111604.0,7903477.760000001,0.44768698499131837,0.41605273361768125,3.993512753322754e-06,1.6260388100895626,0.8464437491800607,0.0001021386480610063,1073.0,2579.0,377111604.0,168827957.0,212917.0,251543.0,378172227.0,614922718.0
6.2,sysbench,stress-ng,9,0.44775921555420384,4730.7,3.946985422081327e-06,917.0,2448.0,173681756.0,387890969.0,7750778.88,0.44775921555420384,0.37459150326797386,3.946985422081327e-06,1.6368995304425633,0.8482745010228131,0.00010663424538919115,917.0,2448.0,387890969.0,173681756.0,223511.0,263489.0,374907703.0,613686243.0
6.3,sysbench,stress-ng,9,0.44694507950157475,4486.7,4.067712672527929e-06,1150.0,2684.0,168550192.0,377116115.0,7351009.28,0.44694507950157475,0.4284649776453055,4.067712672527929e-06,1.704497437933186,0.8698335290970476,0.00011090130020843641,1150.0,2684.0,377116115.0,168550192.0,282889.0,325222.0,381717797.0,650637007.0
6.4,sysbench,stress-ng,9,0.44725564072465257,4472.299999999999,3.7919322742864247e-06,1030.0,2460.0,168667455.0,377116440.0,7327416.319999999,0.44725564072465257,0.4186991869918699,3.7919322742864247e-06,1.7160153373123377,0.8822565495715504,0.00010766424558430845,1030.0,2460.0,377116440.0,168667455.0,305274.0,346015.0,378407890.0,649353743.0
6.5,sysbench,stress-ng,9,0.4474561525099931,6469.700000000001,4.04495772778127e-06,866.0,2435.0,173563916.0,387890333.0,10599956.48,0.4474561525099931,0.35564681724846,4.04495772778127e-06,1.6254529602441194,0.8473401033941,9.281196120299937e-05,866.0,2435.0,387890333.0,173563916.0,193080.0,227866.0,374800829.0,609221117.0
6.6,sysbench,stress-ng,9,0.447667034997488,7426.7,3.919193454170518e-06,937.0,2415.0,168823480.0,377118409.0,12167905.28,0.447667034997488,0.38799171842650104,3.919193454170518e-06,1.4576810268444176,0.19091479317288965,6.418231977326095e-05,937.0,2415.0,377118409.0,168823480.0,5783.0,30291.0,381849707.0,556615073.0
6.7,sysbench,stress-ng,9,0.44706530868665667,7424.8,3.87415457216466e-06,981.0,2442.0,168594826.0,377114535.0,12164792.32,0.44706530868665667,0.40171990171990174,3.87415457216466e-06,1.4492665545749732,0.16432229429839534,6.468739397320683e-05,981.0,2442.0,377114535.0,168594826.0,4813.0,29290.0,378389026.0,548386560.0
6.8,sysbench,stress-ng,9,0.44690477442709114,5545.8,3.804941832673538e-06,884.0,2360.0,173361769.0,387916574.0,9086238.72,0.44690477442709114,0.37457627118644066,3.804941832673538e-06,1.5558596368933384,0.792147750538874,9.239132510417836e-05,884.0,2360.0,387916574.0,173361769.0,131933.0,166551.0,374688857.0,582963269.0
6.9,sysbench,stress-ng,9,0.4474663045092831,4817.6,3.6927676387624315e-06,1088.0,2481.0,168794959.0,377223843.0,7893155.84,0.4474663045092831,0.4385328496573962,3.6927676387624315e-06,1.6330896439848392,0.8507752369501161,0.00010524023976077389,1088.0,2481.0,377223843.0,168794959.0,229255.0,269466.0,382087689.0,623983448.0
7.0,sysbench,stress-ng,9,0.4473577168214723,4768.0,3.893234431883067e-06,887.0,2355.0,168682657.0,377064373.0,7811891.2,0.4473577168214723,0.3766454352441614,3.893234431883067e-06,1.6314052179949956,0.855675847497242,0.0001020794234253267,887.0,2355.0,377064373.0,168682657.0,228812.0,267405.0,378068358.0,616782692.0
7.1,sysbench,stress-ng,9,0.44768330452693084,4662.4,3.934010718591166e-06,930.0,2456.0,173656040.0,387899299.0,7638876.16,0.44768330452693084,0.3786644951140065,3.934010718591166e-06,1.7293371011385104,0.8806442688085249,0.00011165267821492153,930.0,2456.0,387899299.0,173656040.0,308753.0,350599.0,374787248.0,648133493.0
7.2,sysbench,stress-ng,9,0.4470834201909096,4438.2,3.6212564274186668e-06,905.0,2271.0,168647530.0,377217142.0,7271546.88,0.4470834201909096,0.3985028621752532,3.6212564274186668e-06,1.728874927712074,0.8784518157593781,0.00011212052919193524,905.0,2271.0,377217142.0,168647530.0,309555.0,352387.0,382017462.0,660460412.0
7.3,sysbench,stress-ng,9,0.4471601029141443,6236.700000000001,3.871080451223629e-06,1251.0,2712.0,168764488.0,377414011.0,10218209.280000001,0.4471601029141443,0.461283185840708,3.871080451223629e-06,1.5194863293704381,0.7559664306320483,7.372567352205915e-05,1251.0,2712.0,377414011.0,168764488.0,86475.0,114390.0,378633367.0,575328225.0
7.4,sysbench,stress-ng,9,0.4475038564179193,7447.5,3.682769409998135e-06,1067.0,2495.0,173520369.0,387751673.0,12201984.0,0.4475038564179193,0.4276553106212425,3.682769409998135e-06,1.4517176455523957,0.1735370611183355,6.779960313789536e-05,1067.0,2495.0,387751673.0,173520369.0,5338.0,30760.0,374957947.0,544333068.0
7.8,sysbench,stress-ng,9,0.47011782593716694,4991.8,3.164833975360486e-05,29350.0,41298.0,177480646.0,377523753.0,8178565.12,0.47011782593716694,0.7106881689185917,3.164833975360486e-05,1.6223379353167227,0.8560651650618982,0.00010423106964091189,29350.0,41298.0,377523753.0,177480646.0,238986.0,279168.0,385508852.0,625425635.0
7.9,sysbench,stress-ng,9,0.44751594062308714,4795.200000000001,3.944839144570963e-06,1431.0,2919.0,168803770.0,377201692.0,7856455.680000001,0.44751594062308714,0.49023638232271327,3.944839144570963e-06,1.6618574313509262,0.8672235132766962,0.00010846066331583221,1431.0,2919.0,377201692.0,168803770.0,273165.0,314988.0,385605239.0,640820932.0
8.0,sysbench,stress-ng,9,0.44717812488615655,4530.1,3.733163856110416e-06,1007.0,2456.0,173568889.0,388142620.0,7422115.84,0.44717812488615655,0.41001628664495116,3.733163856110416e-06,1.7210694299474372,0.8835288612312922,0.00011032733051748964,1007.0,2456.0,388142620.0,173568889.0,322860.0,365421.0,385770233.0,663937355.0
8.1,sysbench,stress-ng,9,0.44706155552253496,4488.0,3.3245350561349546e-06,1097.0,2392.0,174143062.0,389528153.0,7353139.2,0.44706155552253496,0.45861204013377926,3.3245350561349546e-06,1.7058253149369853,0.8827556625110019,0.00010862298568280204,1097.0,2392.0,389528153.0,174143062.0,316934.0,359028.0,387523872.0,661048031.0
8.2,sysbench,stress-ng,9,0.4470583273048114,6410.6,3.2121533380118477e-06,880.0,2131.0,174110607.0,389458369.0,10503127.040000001,0.4470583273048114,0.4129516658845612,3.2121533380118477e-06,1.447135867647789,0.1952331336285491,6.383068173572463e-05,880.0,2131.0,389458369.0,174110607.0,5996.0,30712.0,387211907.0,560348239.0
8.3,sysbench,stress-ng,9,0.4472241441062129,7448.5,3.841290191718974e-06,1161.0,2651.0,173474000.0,387890507.0,12203622.4,0.4472241441062129,0.43794794417201055,3.841290191718974e-06,1.4524481928065118,0.16287405984957593,6.787078775204429e-05,1161.0,2651.0,387890507.0,173474000.0,5089.0,31245.0,385379349.0,559743539.0
8.4,sysbench,stress-ng,9,0.44726953274515086,7434.8,3.2352742921520264e-06,900.0,2160.0,174192220.0,389456932.0,12181176.32,0.44726953274515086,0.4166666666666667,3.2352742921520264e-06,1.49853047212371,0.6969333544780557,7.89704537975647e-05,900.0,2160.0,389456932.0,174192220.0,70315.0,100892.0,387195445.0,580224173.0
8.5,sysbench,stress-ng,9,0.4471458425217053,5587.0,3.233648366316083e-06,1027.0,2284.0,173816773.0,388725012.0,9153740.8,0.4471458425217053,0.44964973730297725,3.233648366316083e-06,1.620229674807005,0.8546482906747808,0.00010508204067335423,1027.0,2284.0,388725012.0,173816773.0,238746.0,279350.0,386402850.0,626061364.0
8.6,sysbench,stress-ng,9,0.44708271561172747,4850.6,3.1610159051492848e-06,965.0,2197.0,174249647.0,389748118.0,7947223.04,0.44708271561172747,0.43923532089212564,3.1610159051492848e-06,1.6234559314044836,0.853092237731366,0.00010561679514245829,965.0,2197.0,389748118.0,174249647.0,237686.0,278617.0,387542530.0,629158219.0
8.7,sysbench,stress-ng,9,0.44726687616482846,4768.4,3.111287613238473e-06,1641.0,2852.0,174088755.0,389227918.0,7812546.56,0.44726687616482846,0.5753856942496494,3.111287613238473e-06,1.701664392949719,0.8752615890099237,0.00011104679777065492,1641.0,2852.0,389227918.0,174088755.0,301553.0,344529.0,387008008.0,658557747.0
8.8,sysbench,stress-ng,9,0.44694630671030133,4543.0,3.292440358105259e-06,940.0,2220.0,173759039.0,388769381.0,7443251.2,0.44694630671030133,0.42342342342342343,3.292440358105259e-06,1.722465671654952,0.8881474909318651,0.00011090285694225387,940.0,2220.0,388769381.0,173759039.0,340347.0,383210.0,386491396.0,665718162.0
9.1,sysbench,stress-ng,9,0.4472521528830585,7444.0,3.387890226168744e-06,806.0,2120.0,173467642.0,387852000.0,12196249.6,0.4472521528830585,0.38018867924528305,3.387890226168744e-06,1.448090623366141,0.17768741730403073,6.606345254483908e-05,806.0,2120.0,387852000.0,173467642.0,5506.0,30987.0,385704940.0,558535707.0
9.2,sysbench,stress-ng,9,0.4472952656105358,7427.5,3.7966058987631303e-06,925.0,2398.0,173540774.0,387978115.0,12169216.0,0.4472952656105358,0.38573811509591327,3.7966058987631303e-06,1.4522781807510003,0.16280497657133625,6.719803686591116e-05,925.0,2398.0,387978115.0,173540774.0,5038.0,30945.0,385532096.0,559899851.0
9.3,sysbench,stress-ng,9,0.4473587506190558,5556.800000000001,3.7939706996024498e-06,1089.0,2561.0,173568046.0,387984019.0,9104261.120000001,0.4473587506190558,0.42522452167122216,3.7939706996024498e-06,1.5779963018158203,0.8242520373609199,9.793769493283383e-05,1089.0,2561.0,387984019.0,173568046.0,177201.0,214984.0,385786086.0,608769017.0
9.4,sysbench,stress-ng,9,0.4472260028581858,4754.5,4.099927486207051e-06,1174.0,2764.0,173439493.0,387811737.0,7789772.8,0.4472260028581858,0.4247467438494935,4.099927486207051e-06,1.6273200224169615,0.8513553124290101,0.00010521566573887866,1174.0,2764.0,387811737.0,173439493.0,232357.0,272926.0,385579464.0,627461182.0
9.5,sysbench,stress-ng,9,0.44785897080735765,4781.8,4.176467239024002e-06,1491.0,3111.0,173718957.0,387887635.0,7834501.12,0.44785897080735765,0.4792671166827387,4.176467239024002e-06,1.6570395965056688,0.8599787237635298,0.0001075910908276147,1491.0,3111.0,387887635.0,173718957.0,254644.0,296105.0,385357186.0,638552116.0
9.6,sysbench,stress-ng,9,0.44726347228506647,4555.2,3.934081996699542e-06,1009.0,2535.0,173490044.0,387892271.0,7463239.68,0.44726347228506647,0.3980276134122288,3.934081996699542e-06,1.728163286980741,0.886267343236105,0.00011204512457785594,1009.0,2535.0,387892271.0,173490044.0,336568.0,379759.0,385478620.0,666169999.0
9.7,sysbench,stress-ng,9,0.4471498271286054,4464.8,3.646009617296678e-06,977.0,2391.0,173414204.0,387821248.0,7315128.32,0.4471498271286054,0.4086156419907988,3.646009617296678e-06,1.725858241841228,0.8870095555328604,0.00011191961368300122,977.0,2391.0,387821248.0,173414204.0,338725.0,381873.0,385526706.0,665364443.0
9.8,sysbench,stress-ng,9,0.44731926150187434,6418.200000000001,3.5867887616427437e-06,946.0,2339.0,173725238.0,388369679.0,10515578.88,0.44731926150187434,0.40444634459170586,3.5867887616427437e-06,1.462922883138646,0.47552144581296035,6.588627584053673e-05,946.0,2339.0,388369679.0,173725238.0,23049.0,48471.0,385846668.0,564463920.0
9.9,sysbench,stress-ng,9,0.4470891468981389,7498.7,3.454475126186995e-06,1063.0,2405.0,173685904.0,388481593.0,12285870.08,0.4470891468981389,0.441995841995842,3.454475126186995e-06,1.451060530845221,0.17568478854243602,6.646017788860147e-05,1063.0,2405.0,388481593.0,173685904.0,5471.0,31141.0,386246333.0,560466809.0
10.0,sysbench,stress-ng,9,0.44720450865455824,7467.1,3.4115511904865356e-06,903.0,2228.0,173688138.0,388386375.0,12234096.64,0.44720450865455824,0.40529622980251345,3.4115511904865356e-06,1.4825216297417783,0.6215392767253941,7.399759943188491e-05,903.0,2228.0,388386375.0,173688138.0,46920.0,75490.0,386093606.0,572392122.0
10.1,sysbench,stress-ng,9,0.4471573323388392,5562.6,3.5662929880480073e-06,960.0,2344.0,173531942.0,388078042.0,9113763.84,0.4471573323388392,0.40955631399317405,3.5662929880480073e-06,1.6294256065395956,0.8437732860562646,0.00011253524460128827,960.0,2344.0,388078042.0,173531942.0,234396.0,277795.0,385648071.0,628384842.0
10.2,sysbench,stress-ng,9,0.446953139351072,4794.9,3.934599672119444e-06,953.0,2479.0,173346858.0,387841236.0,7855964.16,0.446953139351072,0.3844292053247277,3.934599672119444e-06,1.6277739210422932,0.8454719213616092,0.00011012222703242495,953.0,2479.0,387841236.0,173346858.0,232230.0,274675.0,385435358.0,627401624.0
10.4,sysbench,stress-ng,9,0.4470163328246094,4500.7,4.039107832891803e-06,1206.0,2773.0,173423098.0,387956961.0,7373946.88,0.4470163328246094,0.434908041831951,4.039107832891803e-06,1.6948412117034883,0.8783739473065804,0.00011549070035985666,1206.0,2773.0,387956961.0,173423098.0,321455.0,365966.0,385407655.0,653204777.0
10.5,sysbench,stress-ng,9,0.44740345511781116,4539.7,3.788203819548692e-06,927.0,2396.0,173495331.0,387782725.0,7437844.4799999995,0.44740345511781116,0.3868948247078464,3.788203819548692e-06,1.726050998793375,0.8808372068594238,0.0001176818105585155,927.0,2396.0,387782725.0,173495331.0,335414.0,380790.0,385582103.0,665534374.0
10.6,sysbench,stress-ng,9,0.44709371803040654,6410.0,3.987489839601378e-06,1000.0,2547.0,173455986.0,387963371.0,10502144.0,0.44709371803040654,0.39261876717707106,3.987489839601378e-06,1.615094635578216,0.8559778286732195,9.390594759221088e-05,1000.0,2547.0,387963371.0,173455986.0,215275.0,251496.0,385715718.0,622967387.0
10.7,sysbench,stress-ng,9,0.44703150805552405,7483.7,3.5781430769695902e-06,990.0,2378.0,173408307.0,387910704.0,12261294.08,0.44703150805552405,0.4163162321278385,3.5781430769695902e-06,1.4553270629875321,0.18562835521635082,6.533404720807551e-05,990.0,2378.0,387910704.0,173408307.0,5740.0,30922.0,385434564.0,560933352.0
10.8,sysbench,stress-ng,9,0.4470649131571963,7466.599999999999,3.6883449549491603e-06,929.0,2360.0,173451751.0,387978895.0,12233277.44,0.4470649131571963,0.39364406779661015,3.6883449549491603e-06,1.4557669679686607,0.17150473933649288,6.529845957553894e-05,929.0,2360.0,387978895.0,173451751.0,5211.0,30384.0,385506797.0,561208061.0
10.9,sysbench,stress-ng,9,0.447331207798738,5548.8,3.387219372668557e-06,1122.0,2439.0,173928859.0,388814498.0,9091153.92,0.447331207798738,0.46002460024600245,3.387219372668557e-06,1.5589698911298462,0.8062938767550702,0.00010275790389910549,1122.0,2439.0,388814498.0,173928859.0,165387.0,205120.0,386666120.0,602800839.0
11.0,sysbench,stress-ng,9,0.44714456199158137,4838.5,3.3917998540410036e-06,874.0,2193.0,173885165.0,388879078.0,7927398.4,0.44714456199158137,0.39854081167350663,3.3917998540410036e-06,1.6283581376813738,0.8338336930767554,0.0001223221954257622,874.0,2193.0,388879078.0,173885165.0,237194.0,284462.0,386422103.0,629233576.0
11.1,sysbench,stress-ng,9,0.44720524430575437,4730.8,3.654488728998793e-06,839.0,2257.0,173522778.0,388015973.0,7750942.72,0.44720524430575437,0.37173238812583076,3.654488728998793e-06,1.6431569287393268,0.8476017649852341,0.0001256672785446233,839.0,2257.0,388015973.0,173522778.0,269506.0,317963.0,385597592.0,633597355.0
11.2,sysbench,stress-ng,9,0.44736383847171607,4514.5,3.895112372780371e-06,1079.0,2590.0,173542300.0,387922056.0,7396556.8,0.44736383847171607,0.4166023166023166,3.895112372780371e-06,1.7232195614852794,0.8657718632144353,0.00013705594708141088,1079.0,2590.0,387922056.0,173542300.0,340902.0,393755.0,385630840.0,664526607.0
11.3,sysbench,stress-ng,9,0.44777648577983675,4440.400000000001,4.068098473195981e-06,1144.0,2722.0,173690804.0,387896215.0,7275151.36,0.44777648577983675,0.42027920646583394,4.068098473195981e-06,1.7267397411059509,0.8716882551431371,0.00013762423271590978,1144.0,2722.0,387896215.0,173690804.0,360369.0,413415.0,385440841.0,665556018.0
11.4,sysbench,stress-ng,9,0.44741050085861517,6458.5,3.727024344742597e-06,922.0,2368.0,173585017.0,387977074.0,10581606.4,0.44741050085861517,0.3893581081081081,3.727024344742597e-06,1.490880199149313,0.684375886122611,7.216904186290189e-05,922.0,2368.0,387977074.0,173585017.0,60338.0,88165.0,385580843.0,574854844.0
11.5,sysbench,stress-ng,9,0.44720545451488086,7569.5,3.815267618814994e-06,1060.0,2540.0,173477758.0,387915121.0,12401868.8,0.44720545451488086,0.41732283464566927,3.815267618814994e-06,1.4479261186293995,0.17725359694626602,6.540180302329676e-05,1060.0,2540.0,387915121.0,173477758.0,5433.0,30651.0,385585700.0,558299606.0
11.8,sysbench,stress-ng,9,0.4472440661863711,4775.200000000001,3.0573118598563976e-06,989.0,2180.0,174227461.0,389557904.0,7823687.680000001,0.4472440661863711,0.4536697247706422,3.0573118598563976e-06,1.6168058922658175,0.8411146061703683,0.00012909592586542927,989.0,2180.0,389557904.0,174227461.0,264724.0,314730.0,387355369.0,626278443.0
11.9,sysbench,stress-ng,9,0.4470863373845157,4780.299999999999,3.0854012604254312e-06,1094.0,2296.0,174174356.0,389576557.0,7832043.52,0.4470863373845157,0.4764808362369338,3.0854012604254312e-06,1.6202695137369008,0.8361770344417268,0.00012803787046229643,1094.0,2296.0,389576557.0,174174356.0,252977.0,302540.0,387096410.0,627200512.0
12.0,sysbench,stress-ng,9,0.44700234937533506,4547.3,3.7781914808678726e-06,987.0,2453.0,173444212.0,388016332.0,7450296.32,0.44700234937533506,0.40236445169180596,3.7781914808678726e-06,1.684022139842335,0.8543413540083451,0.00013265629647618446,987.0,2453.0,388016332.0,173444212.0,300166.0,351342.0,385778899.0,649660207.0
12.1,sysbench,stress-ng,9,0.44724714513445557,4461.2,3.588494109251038e-06,950.0,2342.0,173490051.0,387906447.0,7309230.08,0.44724714513445557,0.40563620836891545,3.588494109251038e-06,1.7245563967827784,0.8682562694716062,0.00013289058252731532,950.0,2342.0,387906447.0,173490051.0,337776.0,389028.0,385670670.0,665110821.0
12.2,sysbench,stress-ng,9,0.44688660846934786,6433.6,3.820593744810489e-06,964.0,2446.0,173346343.0,387897824.0,10540810.24,0.44688660846934786,0.39411283728536384,3.820593744810489e-06,1.6511445232093733,0.8492694505494506,0.00011123585208950269,964.0,2446.0,387897824.0,173346343.0,241511.0,284375.0,385343387.0,636257623.0
12.3,sysbench,stress-ng,9,0.44710704436128296,7454.2,3.853744721897052e-06,1107.0,2602.0,173448186.0,387934362.0,12212961.28,0.44710704436128296,0.42544196771714066,3.853744721897052e-06,1.4510015388981832,0.16801214156548697,6.68122195439421e-05,1107.0,2602.0,387934362.0,173448186.0,5203.0,30968.0,385633050.0,559554149.0
12.4,sysbench,stress-ng,9,0.44723170313383886,7446.6,3.4897374553500464e-06,917.0,2271.0,173523577.0,387994804.0,12200509.440000001,0.44723170313383886,0.40378687802730073,3.4897374553500464e-06,1.45113485277628,0.16071662089708383,6.656470553765092e-05,917.0,2271.0,387994804.0,173523577.0,4916.0,30588.0,385669850.0,559658961.0
12.5,sysbench,stress-ng,9,0.44719197453605103,5609.9,3.475586514878793e-06,870.0,2220.0,173699939.0,388423650.0,9191260.16,0.44719197453605103,0.3918918918918919,3.475586514878793e-06,1.5391926923750316,0.7808908456744239,8.935483014467586e-05,870.0,2220.0,388423650.0,173699939.0,122913.0,157401.0,385966824.0,594077315.0
12.6,sysbench,stress-ng,9,0.4471485257603557,4795.200000000001,3.654441006601085e-06,965.0,2383.0,173503036.0,388021040.0,7856455.680000001,0.4471485257603557,0.404951741502308,3.654441006601085e-06,1.6273947544426195,0.8490448794928366,0.00011209943786831885,965.0,2383.0,388021040.0,173503036.0,243214.0,286456.0,385746805.0,627762327.0
12.7,sysbench,stress-ng,9,0.4472931429846694,4763.6,3.58610755339823e-06,989.0,2380.0,173498634.0,387885745.0,7804682.24,0.4472931429846694,0.415546218487395,3.58610755339823e-06,1.6343262897675057,0.8530644542655641,0.00011030349447633785,989.0,2380.0,387885745.0,173498634.0,246876.0,289399.0,385509092.0,630047644.0
12.9,sysbench,stress-ng,9,0.4473238094805602,4527.2,3.6442801355769108e-06,1052.0,2466.0,173564008.0,388005298.0,7417364.4799999995,0.4473238094805602,0.42660178426601786,3.6442801355769108e-06,1.7269607632504649,0.885617162136355,0.00011648136899548696,1052.0,2466.0,388005298.0,173564008.0,347804.0,392725.0,385649657.0,666001826.0
13.1,sysbench,stress-ng,9,0.44720443679486127,6452.1,3.681391799649823e-06,1113.0,2543.0,173712112.0,388440046.0,10571120.64,0.44720443679486127,0.43767204089657885,3.681391799649823e-06,1.5227098144218258,0.7351342390213683,7.859050004166155e-05,1113.0,2543.0,388440046.0,173712112.0,84253.0,114609.0,386255336.0,588154791.0
13.2,sysbench,stress-ng,9,0.44728425595619786,7462.5,3.5002120605281103e-06,910.0,2268.0,173535777.0,387976493.0,12226560.0,0.44728425595619786,0.4012345679012346,3.5002120605281103e-06,1.4526527664199134,0.16108243185479892,6.614344833006367e-05,910.0,2268.0,387976493.0,173535777.0,4899.0,30413.0,385737373.0,560342462.0
13.3,sysbench,stress-ng,9,0.44711977690843274,7440.699999999999,3.605523819185666e-06,930.0,2329.0,173489512.0,388015742.0,12190842.879999999,0.44711977690843274,0.399313009875483,3.605523819185666e-06,1.4519206427179563,0.16215600806713942,6.676468964895281e-05,930.0,2329.0,388015742.0,173489512.0,4985.0,30742.0,385787759.0,560133211.0
13.4,sysbench,stress-ng,9,0.4472314149626,5511.800000000001,3.708479780486861e-06,1283.0,2722.0,173539036.0,388029620.0,9030533.120000001,0.4472314149626,0.4713445995591477,3.708479780486861e-06,1.6189331764937982,0.8507896439442953,0.00010943426826553789,1283.0,2722.0,388029620.0,173539036.0,240645.0,282849.0,385656163.0,624351557.0
13.5,sysbench,stress-ng,9,0.44731728371731494,4812.2,3.6287306034136996e-06,988.0,2396.0,173565581.0,388014475.0,7884308.4799999995,0.44731728371731494,0.41235392320534225,3.6287306034136996e-06,1.6292532786045542,0.8494087613239492,0.00011007667494048175,988.0,2396.0,388014475.0,173565581.0,239563.0,282035.0,385840143.0,628631318.0
13.6,sysbench,stress-ng,9,0.4471462744743747,4835.400000000001,3.801944714053161e-06,995.0,2470.0,173474578.0,387959350.0,7922319.36,0.4471462744743747,0.402834008097166,3.801944714053161e-06,1.678211204142098,0.8695462829564538,0.00011337289863876752,995.0,2470.0,387959350.0,173474578.0,291518.0,335253.0,385762387.0,647390760.0
13.7,sysbench,stress-ng,9,0.44714919499135986,4532.4,3.6147978116859733e-06,929.0,2331.0,173426898.0,387850185.0,7425884.159999999,0.44714919499135986,0.39854139854139853,3.6147978116859733e-06,1.726450648627193,0.8786671172693478,0.00011643627153156459,929.0,2331.0,387850185.0,173426898.0,324997.0,369875.0,385429724.0,665425397.0
13.8,sysbench,stress-ng,9,0.4471810904070739,4497.0,3.6338049035351986e-06,899.0,2309.0,173516563.0,388023033.0,7367884.800000001,0.4471810904070739,0.3893460372455608,3.6338049035351986e-06,1.6729138157728383,0.8663114322076386,0.00010782575386170518,899.0,2309.0,388023033.0,173516563.0,269558.0,311156.0,385789095.0,645391907.0
13.9,sysbench,stress-ng,9,0.44711502137931136,6506.599999999999,4.005783774359902e-06,1002.0,2556.0,173453382.0,387939062.0,10660413.44,0.44711502137931136,0.392018779342723,4.005783774359902e-06,1.4524025776873268,0.19118026027573767,6.510780801802824e-05,1002.0,2556.0,387939062.0,173453382.0,5935.0,31044.0,385652670.0,560122932.0
14.0,sysbench,stress-ng,9,0.4469523169701532,7478.9,3.345214471609135e-06,910.0,2208.0,173425086.0,388016975.0,12253429.76,0.4469523169701532,0.4121376811594203,3.345214471609135e-06,1.4500790331662836,0.17414645323905856,6.543024247375727e-05,910.0,2208.0,388016975.0,173425086.0,5320.0,30549.0,385586222.0,559130496.0
14.1,sysbench,stress-ng,9,0.4473215687354957,7581.3,3.618538701598726e-06,916.0,2320.0,173561632.0,388001930.0,12421201.92,0.4473215687354957,0.39482758620689656,3.618538701598726e-06,1.5246999442876863,0.7552623657335007,8.643449473888162e-05,916.0,2320.0,388001930.0,173561632.0,102869.0,136203.0,385656214.0,588010008.0
14.2,sysbench,stress-ng,9,0.4469460734728134,5501.599999999999,3.6032476952958898e-06,943.0,2341.0,173407621.0,387983319.0,9013821.44,0.4469460734728134,0.4028193079880393,3.6032476952958898e-06,1.6294259509962767,0.8471896892881973,0.00011111123612057703,943.0,2341.0,387983319.0,173407621.0,237624.0,280485.0,385748566.0,628548724.0
14.5,sysbench,stress-ng,9,0.4470109841606938,4539.9,3.3983403964881905e-06,889.0,2207.0,173367117.0,387836369.0,7438172.16,0.4470109841606938,0.4028092433167195,3.3983403964881905e-06,1.7188578173828275,0.8773875405277707,0.00011703580927451171,889.0,2207.0,387836369.0,173367117.0,323112.0,368266.0,385813541.0,663158621.0
14.6,sysbench,stress-ng,9,0.4472722221222525,4521.5,3.8670236771672515e-06,965.0,2465.0,173494757.0,387895220.0,7408025.6,0.4472722221222525,0.39148073022312374,3.8670236771672515e-06,1.7274698506413888,0.8841805068859442,0.00011649261109622715,965.0,2465.0,387895220.0,173494757.0,342902.0,387819.0,385578103.0,666074548.0
14.7,sysbench,stress-ng,9,0.44741092599176935,6514.700000000001,3.905691316153987e-06,961.0,2476.0,173548675.0,387895478.0,10673684.48,0.44741092599176935,0.38812600969305333,3.905691316153987e-06,1.5534456748441878,0.7876551198829818,8.172253229212607e-05,961.0,2476.0,387895478.0,173548675.0,116851.0,148353.0,385475084.0,598814602.0
14.8,sysbench,stress-ng,9,0.4473126730371077,7450.1,3.621071202499319e-06,914.0,2319.0,173560328.0,388006731.0,12206243.84,0.4473126730371077,0.39413540319103063,3.621071202499319e-06,1.453674949980301,0.16533957845433256,6.466747266509715e-05,914.0,2319.0,388006731.0,173560328.0,4942.0,29890.0,385789006.0,560811814.0
14.9,sysbench,stress-ng,9,0.44720567488598595,7516.4,3.7072310071503007e-06,1224.0,2663.0,173587501.0,388160327.0,12314869.76,0.44720567488598595,0.45963199399173865,3.7072310071503007e-06,1.4536327395155033,0.16160005207655254,6.6761913040575e-05,1224.0,2663.0,388160327.0,173587501.0,4965.0,30724.0,385833761.0,560860587.0
15.0,sysbench,stress-ng,9,0.44731345305288717,5467.1,3.6346627829083276e-06,1005.0,2415.0,173526956.0,387931449.0,8957296.64,0.44731345305288717,0.4161490683229814,3.6346627829083276e-06,1.6077054079563835,0.8476186900448667,0.00010533291167986919,1005.0,2415.0,387931449.0,173526956.0,225759.0,266345.0,385311669.0,619467654.0
15.1,sysbench,stress-ng,9,0.4470153209176515,4796.3,3.8567860661290515e-06,957.0,2453.0,173391759.0,387887732.0,7858257.92,0.4470153209176515,0.3901345291479821,3.8567860661290515e-06,1.6306472085175097,0.845857602204869,0.00010880750841015689,957.0,2453.0,387887732.0,173391759.0,230179.0,272125.0,385506484.0,628625072.0
15.2,sysbench,stress-ng,9,0.4472714455468562,4726.8,3.8979945962451534e-06,967.0,2479.0,173492910.0,387891764.0,7744389.12,0.4472714455468562,0.39007664380798707,3.8979945962451534e-06,1.6700834664428068,0.8679504604248431,0.00011221873277234155,967.0,2479.0,387891764.0,173492910.0,284180.0,327415.0,385274356.0,643440332.0
15.3,sysbench,stress-ng,9,0.44697078407431756,4483.0,4.083658772020141e-06,1199.0,2783.0,173374359.0,387887453.0,7344947.2,0.44697078407431756,0.4308300395256917,4.083658772020141e-06,1.7274582845884754,0.8816148229094051,0.00011414164389964648,1199.0,2783.0,387887453.0,173374359.0,327549.0,371533.0,385345773.0,665668748.0
15.4,sysbench,stress-ng,9,0.4469218124749095,4461.6,4.008842335765418e-06,1123.0,2678.0,173357633.0,387892531.0,7309885.44,0.4469218124749095,0.4193427931292009,4.008842335765418e-06,1.7005161073929382,0.876438910832745,0.00010986808807688529,1123.0,2678.0,387892531.0,173357633.0,300438.0,342794.0,385516857.0,655577625.0
15.5,sysbench,stress-ng,9,0.4479251038601867,6632.0,4.142893987323342e-06,943.0,2550.0,173747058.0,387893102.0,10865868.8,0.4479251038601867,0.36980392156862746,4.142893987323342e-06,1.4557606848108384,0.22329015626491835,6.340598609718338e-05,943.0,2550.0,387893102.0,173747058.0,7016.0,31421.0,384900567.0,560323113.0
15.6,sysbench,stress-ng,9,0.44784308732184985,7522.7,3.905727141725458e-06,941.0,2456.0,173714715.0,387891920.0,12325191.68,0.44784308732184985,0.38314332247557004,3.905727141725458e-06,1.4597139612353562,0.1706980623636597,6.705548559084199e-05,941.0,2456.0,387891920.0,173714715.0,5321.0,31172.0,385516558.0,562743902.0
15.8,sysbench,stress-ng,9,0.4470867137246941,5337.200000000001,3.900564359070878e-06,958.0,2471.0,173421622.0,387892587.0,8744468.48,0.4470867137246941,0.3876972885471469,3.900564359070878e-06,1.5211360274833603,0.7245528372148512,8.389924029320972e-05,958.0,2471.0,387892587.0,173421622.0,85027.0,117351.0,385271665.0,586050610.0
15.9,sysbench,stress-ng,9,0.4472633044711913,4830.700000000001,3.885090700703616e-06,1183.0,2690.0,173490364.0,387893132.0,7914618.880000001,0.4472633044711913,0.43977695167286246,3.885090700703616e-06,1.6345159231751902,0.8506971346960636,0.00010856544549943238,1183.0,2690.0,387893132.0,173490364.0,238259.0,280075.0,385168594.0,629564200.0
16.0,sysbench,stress-ng,9,0.44778357997375534,4719.4,4.0553222890175656e-06,1071.0,2644.0,173688679.0,387885324.0,7732264.96,0.44778357997375534,0.40506807866868383,4.0553222890175656e-06,1.6325500595391025,0.8512373081716982,0.00010809178827483731,1071.0,2644.0,387885324.0,173688679.0,238349.0,280003.0,385357673.0,629115692.0
16.1,sysbench,stress-ng,9,0.4469608636400281,4523.099999999999,3.879987865872898e-06,955.0,2460.0,173370671.0,387887811.0,7410647.039999999,0.4469608636400281,0.3882113821138211,3.879987865872898e-06,1.7187938038533845,0.8795366503931786,0.00011599541435234472,955.0,2460.0,387887811.0,173370671.0,326265.0,370951.0,385239367.0,662147037.0
16.2,sysbench,stress-ng,9,0.4477908998683102,4463.4,3.936632315772916e-06,1026.0,2553.0,173695852.0,387895002.0,7312834.56,0.4477908998683102,0.4018801410105758,3.936632315772916e-06,1.7329907418080281,0.8823900549890048,0.00011565124157491508,1026.0,2553.0,387895002.0,173695852.0,334252.0,378803.0,385218519.0,667580127.0
16.3,sysbench,stress-ng,9,0.4470786057007827,6703.7,4.019156345826361e-06,1144.0,2703.0,173418371.0,387892350.0,10983342.08,0.4470786057007827,0.4232334443211247,4.019156345826361e-06,1.5674355716313721,0.8026669514094769,8.149273355594492e-05,1144.0,2703.0,387892350.0,173418371.0,127791.0,159208.0,385519035.0,604276249.0
16.4,sysbench,stress-ng,9,0.44694172875919547,7480.8,3.972772376361336e-06,920.0,2461.0,173364376.0,387890333.0,12256542.72,0.44694172875919547,0.37383177570093457,3.972772376361336e-06,1.4597755115040132,0.19283358416856128,6.544659572198916e-05,920.0,2461.0,387890333.0,173364376.0,6022.0,31229.0,385153723.0,562237973.0
16.5,sysbench,stress-ng,9,0.44788306444752024,7556.700000000001,3.998519923745674e-06,866.0,2417.0,173730942.0,387893528.0,12380897.280000001,0.44788306444752024,0.35829540752999584,3.998519923745674e-06,1.4561278641353645,0.17317916853500737,6.703715930636008e-05,866.0,2417.0,387893528.0,173730942.0,5407.0,31222.0,385084933.0,560732901.0
16.6,sysbench,stress-ng,9,0.4478936808179118,5220.599999999999,3.89532579517585e-06,1010.0,2521.0,173738318.0,387900802.0,8553431.04,0.4478936808179118,0.40063466878222925,3.89532579517585e-06,1.6009692917061022,0.8299915664725336,0.00010273056743645019,1010.0,2521.0,387900802.0,173738318.0,187974.0,226477.0,374795944.0,600036797.0
16.7,sysbench,stress-ng,9,0.4473342207984824,4811.0,4.016830457741215e-06,1269.0,2827.0,173506630.0,387868001.0,7882342.4,0.4473342207984824,0.44888574460558894,4.016830457741215e-06,1.6361475917288495,0.8479006583635806,0.00010991231771003951,1269.0,2827.0,387868001.0,173506630.0,229631.0,270823.0,374771462.0,613181425.0
16.8,sysbench,stress-ng,9,0.4469978843927567,4716.6,3.859322253874823e-06,922.0,2419.0,173386877.0,387891941.0,7727677.44,0.4469978843927567,0.3811492352211658,3.859322253874823e-06,1.6510976139279996,0.8581304702172141,0.00010675064700632081,922.0,2419.0,387891941.0,173386877.0,242173.0,282210.0,375051591.0,619246787.0
16.9,sysbench,stress-ng,9,0.44717249461992,4554.3,3.81431543489539e-06,1211.0,2650.0,168701627.0,377262978.0,7461765.12,0.44717249461992,0.4569811320754717,3.81431543489539e-06,1.7280950985593155,0.8751886686113165,0.00011773195282336101,1211.0,2650.0,377262978.0,168701627.0,318335.0,363733.0,385604748.0,666361675.0
17.0,sysbench,stress-ng,9,0.44706975574179997,4491.3,3.2092200846634014e-06,647.0,1892.0,173438353.0,387944724.0,7358545.92,0.44706975574179997,0.3419661733615222,3.2092200846634014e-06,1.7319966703263807,0.8825235582854293,0.00011607402123457187,647.0,1892.0,387944724.0,173438353.0,336215.0,380970.0,385572926.0,667811024.0
17.2,sysbench,stress-ng,9,0.4471351899423836,7409.5,3.4817324592502836e-06,946.0,2297.0,173499730.0,388025219.0,12139724.8,0.4471351899423836,0.41184153243360905,3.4817324592502836e-06,1.4565384536214343,0.28850669005120083,6.5205992293809e-05,946.0,2297.0,388025219.0,173499730.0,10199.0,35351.0,385731420.0,561832646.0
17.3,sysbench,stress-ng,9,0.4471177833307205,7434.9,3.1395470108461836e-06,686.0,1904.0,173461158.0,387954057.0,12181340.16,0.4471177833307205,0.3602941176470588,3.1395470108461836e-06,1.4520762063631758,0.16024300368489194,6.55637689594883e-05,686.0,1904.0,387954057.0,173461158.0,4827.0,30123.0,385822847.0,560244176.0
17.4,sysbench,stress-ng,9,0.4472983954084887,5150.5,3.640871317554338e-06,1284.0,2697.0,173593785.0,388093914.0,8438579.2,0.4472983954084887,0.4760845383759733,3.640871317554338e-06,1.4895743072180028,0.6574647561821123,7.685777716076528e-05,1284.0,2697.0,388093914.0,173593785.0,56897.0,86540.0,385686408.0,574508564.0
17.5,sysbench,stress-ng,9,0.4474265908623025,4873.6,3.3049162609237466e-06,960.0,2242.0,173559886.0,387906954.0,7984906.24,0.4474265908623025,0.4281891168599465,3.3049162609237466e-06,1.6325835983929735,0.8495204602414298,0.00010693692514889141,960.0,2242.0,387906954.0,173559886.0,232868.0,274117.0,385732056.0,629739828.0
17.6,sysbench,stress-ng,9,0.4474149602123175,4713.5,3.561966605166126e-06,985.0,2367.0,173591598.0,387987916.0,7722598.4,0.4474149602123175,0.41613857203210813,3.561966605166126e-06,1.6284793075042372,0.8549403953154525,0.00010766866941556766,985.0,2367.0,387987916.0,173591598.0,244772.0,286303.0,385729667.0,628152781.0
17.7,sysbench,stress-ng,9,0.46809849381538743,4719.099999999999,3.279472961793622e-05,33533.0,46126.0,179747307.0,383994628.0,7731773.4399999995,0.46809849381538743,0.7269869487924381,3.279472961793622e-05,1.6939998400273693,0.8724963433484544,0.00011148742874306392,33533.0,46126.0,383994628.0,179747307.0,294081.0,337057.0,385478439.0,653000414.0
17.8,sysbench,stress-ng,9,0.4472307417104838,4468.6,3.5274438169413628e-06,1595.0,2964.0,173570131.0,388099732.0,7321354.24,0.4472307417104838,0.5381241565452092,3.5274438169413628e-06,1.7293680562050717,0.8811305484328059,0.00011755790760476882,1595.0,2964.0,388099732.0,173570131.0,336413.0,381797.0,386056548.0,667633862.0
18.0,sysbench,stress-ng,9,0.44717078623522233,6913.0,3.3811405768248986e-06,1037.0,2351.0,173782308.0,388626255.0,11326259.2,0.44717078623522233,0.4410888983411314,3.3811405768248986e-06,1.4503937239696885,0.17815513490697749,6.549686739470123e-05,1037.0,2351.0,388626255.0,173782308.0,5487.0,30799.0,386461231.0,560520944.0
18.1,sysbench,stress-ng,9,0.44719880780259563,7468.199999999999,2.9312394159364825e-06,682.0,1820.0,173616744.0,388231679.0,12235898.879999999,0.44719880780259563,0.3747252747252747,2.9312394159364825e-06,1.4502774110349053,0.1560701290109163,6.607250686886539e-05,682.0,1820.0,388231679.0,173616744.0,4718.0,30230.0,386121266.0,559982950.0
18.2,sysbench,stress-ng,9,0.44726571246065894,7432.7,3.3901513082447173e-06,1028.0,2345.0,173752995.0,388478236.0,12177735.68,0.44726571246065894,0.43837953091684434,3.3901513082447173e-06,1.5680151739109742,0.8094543481710095,9.640357614826009e-05,1028.0,2345.0,388478236.0,173752995.0,158152.0,195381.0,386178620.0,605533936.0
18.3,sysbench,stress-ng,9,0.44726852592568567,5129.5,3.172446298601971e-06,1054.0,2286.0,173693980.0,388343847.0,8404172.8,0.44726852592568567,0.46106736657917763,3.172446298601971e-06,1.6271615915065343,0.8520601350398357,0.00010587254923437169,1054.0,2286.0,388343847.0,173693980.0,235604.0,276511.0,386379664.0,628702149.0
18.4,sysbench,stress-ng,9,0.44717817813964633,4790.8,3.42895127870317e-06,1061.0,2393.0,173709477.0,388456963.0,7849246.72,0.44717817813964633,0.44337651483493523,3.42895127870317e-06,1.6469626975275546,0.8643439012942591,0.00010926578151475026,1061.0,2393.0,388456963.0,173709477.0,268868.0,311066.0,386195929.0,636050289.0
18.6,sysbench,stress-ng,9,0.44717991006435204,4571.599999999999,3.428239714390982e-06,1033.0,2365.0,173746205.0,388537591.0,7490109.4399999995,0.44717991006435204,0.43678646934460885,3.428239714390982e-06,1.720017157564515,0.8818376135051643,0.0001177167528977307,1033.0,2365.0,388537591.0,173746205.0,339123.0,384564.0,386019822.0,663960717.0
18.7,sysbench,stress-ng,9,0.4471660586501989,4462.0,3.0243786689026804e-06,738.0,1912.0,173580431.0,388178905.0,7310540.8,0.4471660586501989,0.38598326359832635,3.0243786689026804e-06,1.7266112221574672,0.8795573331633628,0.00011740610894240509,738.0,1912.0,388178905.0,173580431.0,331185.0,376536.0,386274619.0,666946092.0
18.8,sysbench,stress-ng,9,0.4472758326032316,6880.1,3.481688832153687e-06,1602.0,2955.0,173813408.0,388604515.0,11272355.84,0.4472758326032316,0.5421319796954315,3.481688832153687e-06,1.4821167525573016,0.6450028659267365,7.05691464197555e-05,1602.0,2955.0,388604515.0,173813408.0,49513.0,76764.0,386160261.0,572334592.0
18.9,sysbench,stress-ng,9,0.4473648034450462,7474.8,3.129913333317546e-06,1008.0,2224.0,173805324.0,388509160.0,12246712.32,0.4473648034450462,0.45323741007194246,3.129913333317546e-06,1.452676070406151,0.15709211769689466,6.694799264966529e-05,1008.0,2224.0,388509160.0,173805324.0,4821.0,30689.0,386389479.0,561298750.0
19.0,sysbench,stress-ng,9,0.44724524923751396,7477.0,3.6645251915039764e-06,1049.0,2471.0,173551200.0,388044815.0,12250316.8,0.44724524923751396,0.424524484014569,3.6645251915039764e-06,1.4719012668290676,0.5379412106039757,7.223971729184926e-05,1049.0,2471.0,388044815.0,173551200.0,32447.0,60317.0,385798852.0,567857819.0
19.1,sysbench,stress-ng,9,0.44765805537508274,5132.4,3.52956091834194e-06,773.0,2142.0,173631761.0,387866942.0,8408924.16,0.44765805537508274,0.36087768440709617,3.52956091834194e-06,1.6308955529166833,0.8476741967208302,0.00010772595944305258,773.0,2142.0,387866942.0,173631761.0,230998.0,272508.0,385329592.0,628432318.0
19.2,sysbench,stress-ng,9,0.4472166050818443,4782.3,3.4131940568671074e-06,876.0,2200.0,173478207.0,387906453.0,7835320.32,0.4472166050818443,0.3981818181818182,3.4131940568671074e-06,1.630276020628711,0.8482260762391055,0.00010729107444343335,876.0,2200.0,387906453.0,173478207.0,231240.0,272616.0,385642517.0,628703748.0
19.3,sysbench,stress-ng,9,0.44706007840486583,4704.4,3.2557676633051817e-06,1085.0,2348.0,173426650.0,387926944.0,7707688.96,0.44706007840486583,0.4620954003407155,3.2557676633051817e-06,1.6849862498281987,0.8748287454461058,0.00011530476110343077,1085.0,2348.0,387926944.0,173426650.0,310971.0,355465.0,385881724.0,650205399.0
19.4,sysbench,stress-ng,9,0.44691091790611803,4497.2,3.208680304429072e-06,1170.0,2415.0,173405899.0,388009986.0,7368212.4799999995,0.44691091790611803,0.484472049689441,3.208680304429072e-06,1.724459702288235,0.8760489286986892,0.00011815049539201917,1170.0,2415.0,388009986.0,173405899.0,322068.0,367637.0,385686068.0,665100082.0
19.5,sysbench,stress-ng,9,0.44711775882096516,4475.4,2.838353048350571e-06,1098.0,2199.0,173437428.0,387901005.0,7332495.359999999,0.44711775882096516,0.49931787175989084,2.838353048350571e-06,1.62819443571337,0.8631091835659827,9.774509456022863e-05,1098.0,2199.0,387901005.0,173437428.0,237620.0,275307.0,385564106.0,627773332.0
19.6,sysbench,stress-ng,9,0.4471366285563147,6979.9,3.1212578331940996e-06,941.0,2152.0,173482130.0,387984609.0,11435868.16,0.4471366285563147,0.43726765799256506,3.1212578331940996e-06,1.4480508456771584,0.18994217067637945,6.569753959734317e-05,941.0,2152.0,387984609.0,173482130.0,5945.0,31299.0,385920084.0,558831904.0
19.7,sysbench,stress-ng,9,0.4471187015128175,7435.5,2.701958444709302e-06,739.0,1787.0,173422504.0,387866809.0,12182323.2,0.4471187015128175,0.41354224958030217,2.701958444709302e-06,1.4490629932116856,0.15197788455209635,6.682207674762908e-05,739.0,1787.0,387866809.0,173422504.0,4618.0,30386.0,385621059.0,558789206.0
19.9,sysbench,stress-ng,9,0.44716851995011614,5124.400000000001,3.0578462731676077e-06,1104.0,2290.0,173436405.0,387854684.0,8395816.96,0.44716851995011614,0.4820960698689956,3.0578462731676077e-06,1.5483667198051123,0.7858926304516548,9.228506455268564e-05,1104.0,2290.0,387854684.0,173436405.0,130624.0,166211.0,385620362.0,597081735.0
20.0,sysbench,stress-ng,9,0.44710785093876526,4799.0,3.2117830845839987e-06,996.0,2242.0,173453925.0,387946498.0,7862681.6,0.44710785093876526,0.44424620874219445,3.2117830845839987e-06,1.6223341761115215,0.8611127932874436,0.00010701070212523297,996.0,2242.0,387946498.0,173453925.0,255952.0,297234.0,385774499.0,625855154.0
20.1,sysbench,stress-ng,9,0.4469087407168779,4739.9,3.1676621867718524e-06,1018.0,2247.0,173393124.0,387983291.0,7765852.16,0.4469087407168779,0.4530485091232755,3.1676621867718524e-06,1.637205481066645,0.8582991221921832,0.00011008364531608,1018.0,2247.0,387983291.0,173393124.0,257155.0,299610.0,385661284.0,631406768.0
20.2,sysbench,stress-ng,9,0.44701705496630767,4480.8,2.8277079893546e-06,640.0,1737.0,173418794.0,387946706.0,7341342.72,0.44701705496630767,0.36845135290731146,2.8277079893546e-06,1.7168288540376742,0.8783969146439882,0.00011832472886095454,640.0,1737.0,387946706.0,173418794.0,329795.0,375451.0,385853409.0,662444266.0
20.3,sysbench,stress-ng,9,0.44697747027180995,4455.9,3.396143233067496e-06,1477.0,2795.0,173466272.0,388087283.0,7300546.56,0.44697747027180995,0.5284436493738819,3.396143233067496e-06,1.7243479328666456,0.8831415373447288,0.00011597820618365104,1477.0,2795.0,388087283.0,173466272.0,338207.0,382959.0,385865599.0,665366548.0
20.4,sysbench,stress-ng,9,0.4470254884088247,6841.599999999999,3.1597112629044537e-06,977.0,2203.0,173450421.0,388010137.0,11209277.44,0.4470254884088247,0.4434861552428507,3.1597112629044537e-06,1.5092145770356438,0.7645116964944031,7.289230509707367e-05,977.0,2203.0,388010137.0,173450421.0,91246.0,119352.0,385582538.0,581926787.0
20.5,sysbench,stress-ng,9,0.4472957384189175,7058.099999999999,3.2045617933070444e-06,663.0,1905.0,173359524.0,387572492.0,11563991.04,0.4472957384189175,0.3480314960629921,3.2045617933070444e-06,1.4526557046457809,0.18043522063268186,6.333200705047039e-05,663.0,1905.0,387572492.0,173359524.0,5373.0,29778.0,385350175.0,559781130.0
20.6,sysbench,stress-ng,9,0.44726114189860794,7521.1,3.701089067365633e-06,962.0,2398.0,173534597.0,387993905.0,12322570.24,0.44726114189860794,0.4011676396997498,3.701089067365633e-06,1.4528389036005716,0.22337787990566607,6.659927398857311e-05,962.0,2398.0,387993905.0,173534597.0,7388.0,33074.0,385679880.0,560330734.0
20.7,sysbench,stress-ng,9,0.44743535064185175,5273.0,3.217890066097473e-06,810.0,2058.0,173529644.0,387831770.0,8639283.2,0.44743535064185175,0.3935860058309038,3.217890066097473e-06,1.6316080184105803,0.8447129135217223,0.00010696226046014088,810.0,2058.0,387831770.0,173529644.0,224164.0,265373.0,385266727.0,628604281.0
20.8,sysbench,stress-ng,9,0.4472791645849209,4799.9,3.5273046279082447e-06,848.0,2216.0,173468969.0,387831544.0,7864156.16,0.4472791645849209,0.38267148014440433,3.5273046279082447e-06,1.6320124369751716,0.851414556033374,0.00010632891379107402,848.0,2216.0,387831544.0,173468969.0,235010.0,276023.0,385718226.0,629496942.0
20.9,sysbench,stress-ng,9,0.44733290483830696,4749.700000000001,3.4226241109173736e-06,1035.0,2364.0,173698721.0,388298556.0,7781908.48,0.44733290483830696,0.43781725888324874,3.4226241109173736e-06,1.6794742534445835,0.870502110222824,0.00011199058824185237,1035.0,2364.0,388298556.0,173698721.0,290618.0,333851.0,386041369.0,648346540.0
21.0,sysbench,stress-ng,9,0.447023314533448,4521.7,3.210489839676299e-06,907.0,2154.0,173630225.0,388414249.0,7408353.28,0.447023314533448,0.42107706592386257,3.210489839676299e-06,1.724262295402199,0.8746453121678124,0.00011456754287623965,907.0,2154.0,388414249.0,173630225.0,308553.0,352775.0,385990647.0,665549119.0
21.1,sysbench,stress-ng,9,0.4470903045452519,4486.599999999999,3.620638487717491e-06,982.0,2387.0,173494780.0,388053103.0,7350845.4399999995,0.4470903045452519,0.4113950565563469,3.620638487717491e-06,1.661716643690402,0.8612444312751303,0.00010438972966186114,982.0,2387.0,388053103.0,173494780.0,249965.0,290237.0,385785078.0,641065485.0
21.3,sysbench,stress-ng,9,0.4471143371357683,7520.1,2.930994679703311e-06,706.0,1843.0,173445897.0,387922915.0,12320931.84,0.4471143371357683,0.3830710797612588,2.930994679703311e-06,1.452527266668075,0.19442830395764737,6.471252106271979e-05,706.0,1843.0,387922915.0,173445897.0,6023.0,30978.0,385628617.0,560136081.0
21.4,sysbench,stress-ng,9,0.4474536883815472,7506.5,3.8025969151580777e-06,1370.0,2832.0,172034351.0,384474093.0,12298649.6,0.4474536883815472,0.4837570621468927,3.8025969151580777e-06,1.4618964868184592,0.17816660812925061,6.683673615518974e-05,1370.0,2832.0,384474093.0,172034351.0,5580.0,31319.0,385102587.0,562980119.0
21.5,sysbench,stress-ng,9,0.4478279091236065,5261.4,3.603641797463508e-06,844.0,2254.0,175222008.0,391270853.0,8620277.76,0.4478279091236065,0.3744454303460515,3.603641797463508e-06,1.5410532531675845,0.770179862862383,8.588842438624028e-05,844.0,2254.0,391270853.0,175222008.0,110862.0,143943.0,385162497.0,593555919.0
21.6,sysbench,stress-ng,9,0.4471520142007895,4791.9,3.793661796767244e-06,1044.0,2516.0,173501962.0,388015611.0,7851048.96,0.4471520142007895,0.4149443561208267,3.793661796767244e-06,1.6234684052017068,0.8498107378491513,0.00010693553921286538,1044.0,2516.0,388015611.0,173501962.0,233262.0,274487.0,385512621.0,625867560.0
21.7,sysbench,stress-ng,9,0.44737555742736673,4714.7,3.501288095013553e-06,794.0,2152.0,173517857.0,387857258.0,7724564.4799999995,0.44737555742736673,0.36895910780669144,3.501288095013553e-06,1.628948314090414,0.8570404593100414,0.00010449040703082877,794.0,2152.0,387857258.0,173517857.0,241526.0,281814.0,385566495.0,628067892.0
21.8,sysbench,stress-ng,9,0.4474097410687259,4501.0,3.5765582600520256e-06,1062.0,2450.0,173631932.0,388082592.0,7374438.4,0.4474097410687259,0.433469387755102,3.5765582600520256e-06,1.715761941840892,0.8815829784003753,0.000113299163338414,1062.0,2450.0,388082592.0,173631932.0,325171.0,368849.0,385510349.0,661443985.0
21.9,sysbench,stress-ng,9,0.4471328570635784,4497.700000000001,3.2691203417210463e-06,956.0,2224.0,173430282.0,387871925.0,7369031.680000001,0.4471328570635784,0.42985611510791366,3.2691203417210463e-06,1.7297851001926208,0.8813863488658823,0.00011508992867522901,956.0,2224.0,387871925.0,173430282.0,329553.0,373903.0,385350834.0,666574131.0
22.0,sysbench,stress-ng,9,0.4472571822782906,6810.8,3.654524396818815e-06,958.0,2376.0,173541237.0,388012186.0,11158814.72,0.4472571822782906,0.4031986531986532,3.654524396818815e-06,1.5373163852182339,0.7634875615354297,7.931875031862661e-05,958.0,2376.0,388012186.0,173541237.0,98793.0,129397.0,385835630.0,593151436.0
22.1,sysbench,stress-ng,9,0.4472192234861971,7477.5,3.1575063262572415e-06,622.0,1847.0,173505131.0,387964385.0,12251136.0,0.4472192234861971,0.33676231727125067,3.1575063262572415e-06,1.45093801142646,0.18089820755340963,6.429118324138174e-05,622.0,1847.0,387964385.0,173505131.0,5470.0,30238.0,385247226.0,558969844.0
22.2,sysbench,stress-ng,9,0.4470301230393451,7423.1,3.4709570196648937e-06,939.0,2286.0,173482291.0,388077407.0,12162007.040000001,0.4470301230393451,0.410761154855643,3.4709570196648937e-06,1.4445340756502174,0.165476549666432,6.638579251127352e-05,939.0,2286.0,388077407.0,173482291.0,4936.0,29829.0,374974811.0,541663892.0
22.3,sysbench,stress-ng,9,0.44744649651268154,5187.9,3.7912393351145035e-06,1244.0,2674.0,168770271.0,377185367.0,8499855.36,0.44744649651268154,0.46522064323111445,3.7912393351145035e-06,1.606423241889503,0.8377807368672416,0.00010401495062318427,1244.0,2674.0,377185367.0,168770271.0,206993.0,247073.0,385329222.0,619001818.0
22.4,sysbench,stress-ng,9,0.4471531497118034,4791.4,3.2511417540603313e-06,671.0,1932.0,173434493.0,387863740.0,7850229.76,0.4471531497118034,0.3473084886128364,3.2511417540603313e-06,1.628901295672619,0.8536655438163027,0.00010564694538326192,671.0,1932.0,387863740.0,173434493.0,237710.0,278458.0,385699746.0,628266816.0
22.5,sysbench,stress-ng,9,0.44721511470347897,4842.5,3.6049999678567067e-06,795.0,2193.0,173427666.0,387794733.0,7933952.0,0.44721511470347897,0.3625170998632011,3.6049999678567067e-06,1.6644537915021587,0.8666165647351508,0.00010681561083588548,795.0,2193.0,387794733.0,173427666.0,267528.0,308704.0,385486725.0,641624841.0
22.7,sysbench,stress-ng,9,0.44732272953963775,4486.9,3.642814035610996e-06,953.0,2367.0,173633442.0,388161456.0,7351336.96,0.44732272953963775,0.40261934938741023,3.642814035610996e-06,1.7215755627674982,0.8767539486224583,0.00011601753434815749,953.0,2367.0,388161456.0,173633442.0,318295.0,363038.0,385657222.0,663938049.0
22.8,sysbench,stress-ng,9,0.44715513201627793,6827.5,3.348824728414762e-06,706.0,2005.0,173450259.0,387897279.0,11186176.0,0.44715513201627793,0.35211970074812965,3.348824728414762e-06,1.7034626090799776,0.8742050874403816,0.00011000335111951249,706.0,2005.0,387897279.0,173450259.0,294733.0,337144.0,385542800.0,656757744.0
22.9,sysbench,stress-ng,9,0.4474156262307625,7503.9,3.5642340172453263e-06,909.0,2292.0,173606954.0,388021660.0,12294389.76,0.4474156262307625,0.39659685863874344,3.5642340172453263e-06,1.4510832966456908,0.20370731073886508,6.359459282677209e-05,909.0,2292.0,388021660.0,173606954.0,6275.0,30804.0,385708893.0,559695732.0
23.1,sysbench,stress-ng,9,0.4470945459705401,7491.1,3.759942606421799e-06,1020.0,2479.0,173489601.0,388037838.0,12273418.24,0.4470945459705401,0.4114562323517547,3.759942606421799e-06,1.5080478388776855,0.7125188094102103,8.120058206812239e-05,1020.0,2479.0,388037838.0,173489601.0,77656.0,108988.0,385859303.0,581894288.0
23.2,sysbench,stress-ng,9,0.4471982785730037,5170.0,3.077666443809935e-06,700.0,1894.0,173493377.0,387956272.0,8470528.0,0.4471982785730037,0.36958817317845827,3.077666443809935e-06,1.6286180030140398,0.8489768165687358,0.0001077057694024845,700.0,1894.0,387956272.0,173493377.0,233489.0,275024.0,385633938.0,628050374.0
23.3,sysbench,stress-ng,9,0.4471917132658972,4788.4,3.5666127790303045e-06,1033.0,2417.0,173529724.0,388043246.0,7845314.56,0.4471917132658972,0.42738932561026066,3.5666127790303045e-06,1.628050636499553,0.8548361934477379,0.00010615406365712959,1033.0,2417.0,388043246.0,173529724.0,241098.0,282040.0,385684717.0,627914249.0
23.4,sysbench,stress-ng,9,0.4473791663279932,4711.1,3.6518622362212166e-06,1200.0,2617.0,173592605.0,388021209.0,7718666.24,0.4473791663279932,0.4585403133358808,3.6518622362212166e-06,1.710286584912721,0.8704254243409173,0.00011626256910320969,1200.0,2617.0,388021209.0,173592605.0,301276.0,346125.0,385756141.0,659753553.0
23.5,sysbench,stress-ng,9,0.44724828515419557,4499.9,3.3336988713949395e-06,815.0,2108.0,173468587.0,387857467.0,7372636.16,0.44724828515419557,0.3866223908918406,3.3336988713949395e-06,1.7272820352799818,0.8796395611575423,0.0001146717444542094,815.0,2108.0,387857467.0,173468587.0,323118.0,367330.0,385552694.0,665958242.0
23.6,sysbench,stress-ng,9,0.44731727613943895,4552.200000000001,3.3641586940939175e-06,833.0,2138.0,173520068.0,387912735.0,7458324.48,0.44731727613943895,0.38961646398503275,3.3641586940939175e-06,1.574141137293245,0.8218361135310124,8.592643806281594e-05,833.0,2138.0,387912735.0,173520068.0,152827.0,185958.0,385573995.0,606947887.0
23.7,sysbench,stress-ng,9,0.4471618004462869,6855.6,3.2296445927426674e-06,1002.0,2255.0,173484642.0,387968386.0,11232215.040000001,0.4471618004462869,0.4443458980044346,3.2296445927426674e-06,1.4488192295787357,0.17706549484636014,6.602003837903032e-05,1002.0,2255.0,387968386.0,173484642.0,5480.0,30949.0,385776813.0,558920865.0
23.8,sysbench,stress-ng,9,0.4470120935735644,7448.400000000001,2.8304606357631164e-06,902.0,2000.0,173406149.0,387922724.0,12203458.56,0.4470120935735644,0.451,2.8304606357631164e-06,1.4488114154358003,0.1983781395935883,6.58506230056032e-05,902.0,2000.0,387922724.0,173406149.0,6287.0,31692.0,385797413.0,558947696.0
24.0,sysbench,stress-ng,9,0.4470898929392217,5137.0,3.1889321276347883e-06,975.0,2212.0,173428024.0,387904148.0,8416460.8,0.4470898929392217,0.4407775768535262,3.1889321276347883e-06,1.5779461551674026,0.8357989251257257,9.870222531922937e-05,975.0,2212.0,387904148.0,173428024.0,193617.0,231655.0,385381382.0,608111070.0
24.1,sysbench,stress-ng,9,0.44713843707160594,4776.1,2.832208466376691e-06,625.0,1724.0,173505993.0,388036408.0,7825162.24,0.44713843707160594,0.3625290023201856,2.832208466376691e-06,1.623847417306663,0.8553729241698448,0.00010593639162867935,625.0,1724.0,388036408.0,173505993.0,241778.0,282658.0,385891943.0,626629635.0
24.2,sysbench,stress-ng,9,0.446887750457727,4719.099999999999,3.2962123383804783e-06,1127.0,2406.0,173401885.0,388021119.0,7731773.4399999995,0.446887750457727,0.4684123025768911,3.2962123383804783e-06,1.655139794528435,0.8606258178562409,0.00011011818637697258,1127.0,2406.0,388021119.0,173401885.0,262416.0,304913.0,385921721.0,638754398.0
24.3,sysbench,stress-ng,9,0.4469560716269906,4497.3,3.0086612939143117e-06,904.0,2071.0,173365389.0,387880152.0,7368376.32,0.4469560716269906,0.43650410429744085,3.0086612939143117e-06,1.7195749460935397,0.8827633718648114,0.00011383211301056175,904.0,2071.0,387880152.0,173365389.0,330594.0,374499.0,385699596.0,663239362.0
24.4,sysbench,stress-ng,9,0.44703941833645255,4462.8,3.4990774429810833e-06,1011.0,2369.0,173497026.0,388102299.0,7311851.5200000005,0.44703941833645255,0.4267623469818489,3.4990774429810833e-06,1.7275406649844143,0.8808038566221272,0.00011503448852194415,1011.0,2369.0,388102299.0,173497026.0,328147.0,372554.0,386032055.0,666886073.0
24.5,sysbench,stress-ng,9,0.447040266475543,6843.099999999999,2.760596323448642e-06,641.0,1712.0,173433588.0,387959656.0,11211735.04,0.447040266475543,0.3744158878504673,2.760596323448642e-06,1.4515680455630007,0.30140415491741956,6.29278965427747e-05,641.0,1712.0,387959656.0,173433588.0,10475.0,34754.0,385822526.0,560047650.0
24.6,sysbench,stress-ng,9,0.44709470500752657,7569.299999999999,3.334805592061591e-06,935.0,2230.0,173619609.0,388328484.0,12401541.12,0.44709470500752657,0.4192825112107623,3.334805592061591e-06,1.44778083780246,0.18237592431140817,6.559576602580649e-05,935.0,2230.0,388328484.0,173619609.0,5648.0,30969.0,386015768.0,558866232.0
24.7,sysbench,stress-ng,9,0.44723417750320815,7462.200000000001,3.0037632752437602e-06,792.0,1959.0,173756131.0,388512640.0,12226068.48,0.44723417750320815,0.40428790199081166,3.0037632752437602e-06,1.4873636312479965,0.6576100750552943,7.334731747274468e-05,792.0,1959.0,388512640.0,173756131.0,54410.0,82739.0,386230894.0,574465785.0
24.8,sysbench,stress-ng,9,0.4471673578891963,5220.4,3.6199620952094296e-06,910.0,2315.0,173557104.0,388125611.0,8553103.36,0.4471673578891963,0.3930885529157667,3.6199620952094296e-06,1.6243546407413019,0.8560885740732137,0.00010436792626928005,910.0,2315.0,388125611.0,173557104.0,239543.0,279811.0,385827346.0,626720440.0
24.9,sysbench,stress-ng,9,0.44714879740174573,4771.6,3.3566964649446174e-06,869.0,2171.0,173440685.0,387881363.0,7817789.44,0.44714879740174573,0.4002763703362506,3.3566964649446174e-06,1.6261616345812868,0.8572380707982264,0.00010391547975887045,869.0,2171.0,387881363.0,173440685.0,240517.0,280572.0,385457490.0,626816182.0
25.0,sysbench,stress-ng,9,0.4472083213946773,4749.2,3.5766685878547868e-06,946.0,2334.0,173548411.0,388070621.0,7781089.28,0.4472083213946773,0.40531276778063413,3.5766685878547868e-06,1.6940300677402809,0.8792238073411472,0.00010995115033387811,946.0,2334.0,388070621.0,173548411.0,308830.0,351253.0,385834981.0,653616059.0
25.1,sysbench,stress-ng,9,0.44719717108538276,4500.1,3.1765139367911734e-06,668.0,1900.0,173443884.0,387846559.0,7372963.84,0.44719717108538276,0.35157894736842105,3.1765139367911734e-06,1.7221201979533174,0.882337919012247,0.00010993763951573532,668.0,1900.0,387846559.0,173443884.0,317864.0,360252.0,385564036.0,663987614.0
25.2,sysbench,stress-ng,9,0.4470887052790824,4455.5,3.579149132561513e-06,989.0,2378.0,173506660.0,388081063.0,7299891.2,0.4470887052790824,0.41589571068124476,3.579149132561513e-06,1.6099694904183484,0.8461339260665962,9.24988804781359e-05,989.0,2378.0,388081063.0,173506660.0,196045.0,231695.0,385410070.0,620498454.0
25.4,sysbench,stress-ng,9,0.44725608147491236,7431.2,3.1682636111640237e-06,905.0,2134.0,173494946.0,387909641.0,12175278.08,0.44725608147491236,0.4240862230552952,3.1682636111640237e-06,1.451916042392091,0.1693440209389825,6.582197713244079e-05,905.0,2134.0,387909641.0,173494946.0,5176.0,30565.0,385722233.0,560036298.0
25.5,sysbench,stress-ng,9,0.4474157607351484,7459.5,3.3688331624142377e-06,1089.0,2396.0,173583069.0,387968159.0,12221644.8,0.4474157607351484,0.45450751252086813,3.3688331624142377e-06,1.4538919722091268,0.154036733615222,6.639727661493312e-05,1089.0,2396.0,387968159.0,173583069.0,4663.0,30272.0,385693530.0,560756727.0
25.6,sysbench,stress-ng,9,0.44716203261035214,5228.7,3.2871411938869507e-06,840.0,2116.0,173579022.0,388179249.0,8566702.08,0.44716203261035214,0.39697542533081287,3.2871411938869507e-06,1.5645148941305342,0.8208376844157836,9.387921666627691e-05,840.0,2116.0,388179249.0,173579022.0,165856.0,202057.0,385612506.0,603296509.0
25.7,sysbench,stress-ng,9,0.44705966275054854,4799.599999999999,3.291140508561298e-06,794.0,2072.0,173600078.0,388315235.0,7863664.64,0.44705966275054854,0.3832046332046332,3.291140508561298e-06,1.6295139155920093,0.8503204335907378,0.00010508802631732223,794.0,2072.0,388315235.0,173600078.0,230470.0,271039.0,386047787.0,629070241.0
25.8,sysbench,stress-ng,9,0.4472543173099883,4719.5,3.7684614205617944e-06,1043.0,2505.0,173515326.0,387956738.0,7732428.8,0.4472543173099883,0.4163672654690619,3.7684614205617944e-06,1.6484126749638421,0.8577146369783485,0.00010801914377986858,1043.0,2505.0,387956738.0,173515326.0,251156.0,292820.0,385709408.0,635808277.0
25.9,sysbench,stress-ng,9,0.4473940256778284,4507.3,3.172550942856626e-06,935.0,2166.0,173595966.0,388015834.0,7384760.32,0.4473940256778284,0.4316712834718375,3.172550942856626e-06,1.7264587786790533,0.8828357346845019,0.00011310009355945968,935.0,2166.0,388015834.0,173595966.0,328610.0,372221.0,385596498.0,665716459.0
26.0,sysbench,stress-ng,9,0.44717915777193085,4515.4,3.514135094436468e-06,1050.0,2414.0,173571122.0,388146717.0,7398031.359999999,0.44717915777193085,0.43496271748135873,3.514135094436468e-06,1.7296026384819554,0.8841390077022948,0.00011305195053967055,1050.0,2414.0,388146717.0,173571122.0,333003.0,376641.0,385999532.0,667625809.0
26.1,sysbench,stress-ng,9,0.4472077663224591,6933.3,3.2653221662366314e-06,929.0,2199.0,173935016.0,388935589.0,11359518.72,0.4472077663224591,0.42246475670759437,3.2653221662366314e-06,1.4825234343892946,0.5868568439192516,6.945360219241517e-05,929.0,2199.0,388935589.0,173935016.0,38141.0,64992.0,386603418.0,573148627.0
26.2,sysbench,stress-ng,9,0.44719134748075484,7476.2,2.813918069863737e-06,688.0,1782.0,173859836.0,388781753.0,12249006.08,0.44719134748075484,0.38608305274971944,2.813918069863737e-06,1.4537559530038988,0.16346186001404542,6.469971146515124e-05,688.0,1782.0,388781753.0,173859836.0,4888.0,29903.0,386632327.0,562069047.0
26.3,sysbench,stress-ng,9,0.4472046159953322,7454.5,3.1856416963154818e-06,1103.0,2342.0,173932467.0,388932629.0,12213452.8,0.4472046159953322,0.4709649871904355,3.1856416963154818e-06,1.4753741570850978,0.5400203967496793,7.227450356825122e-05,1103.0,2342.0,388932629.0,173932467.0,32830.0,60794.0,386913761.0,570842564.0
26.4,sysbench,stress-ng,9,0.44718775427562235,5058.5,3.0566643433361177e-06,848.0,2037.0,173949829.0,388986119.0,8287846.399999999,0.44718775427562235,0.4162984781541483,3.0566643433361177e-06,1.6243108234079198,0.8534811210105705,0.00010402592349288353,848.0,2037.0,388986119.0,173949829.0,234313.0,274538.0,386682460.0,628092505.0
26.5,sysbench,stress-ng,9,0.44699267842152146,4826.2,3.2292344957737157e-06,830.0,2084.0,173579472.0,388327327.0,7907246.08,0.44699267842152146,0.3982725527831094,3.2292344957737157e-06,1.622808844208132,0.8628648827952233,0.0001027912028052198,830.0,2084.0,388327327.0,173579472.0,249720.0,289408.0,386103080.0,626571493.0
26.7,sysbench,stress-ng,9,0.4471002251455472,4515.1,3.4470928734038487e-06,973.0,2314.0,173932477.0,389023461.0,7397539.84,0.4471002251455472,0.42048401037165084,3.4470928734038487e-06,1.6908489368909283,0.8752165079182097,0.0001119878680447608,973.0,2314.0,389023461.0,173932477.0,303687.0,346985.0,386631166.0,653734896.0
26.8,sysbench,stress-ng,9,0.4470219849367212,4467.0,2.9989383861081025e-06,783.0,1948.0,173654989.0,388470802.0,7318732.8,0.4470219849367212,0.4019507186858316,2.9989383861081025e-06,1.7270782129616802,0.8862624566295411,0.00011153135882918512,783.0,1948.0,388470802.0,173654989.0,335640.0,378714.0,386205283.0,667006730.0
26.9,sysbench,stress-ng,9,0.44723923511568753,7002.4,3.1470825029507176e-06,1037.0,2261.0,173945495.0,388931653.0,11472732.16,0.44723923511568753,0.45864661654135336,3.1470825029507176e-06,1.6298505290821526,0.8562885089037701,9.444328775592727e-05,1037.0,2261.0,388931653.0,173945495.0,217636.0,254162.0,386750619.0,630345701.0
27.0,sysbench,stress-ng,9,0.44732356830092457,7534.6,3.1984137185404004e-06,837.0,2080.0,173843425.0,388630149.0,12344688.64,0.44732356830092457,0.40240384615384617,3.1984137185404004e-06,1.453560196826592,0.1883510326405629,6.450495835914464e-05,837.0,2080.0,388630149.0,173843425.0,5782.0,30698.0,386264880.0,561459255.0
27.1,sysbench,stress-ng,9,0.4470209026908415,7530.799999999999,3.3192386701085386e-06,845.0,2136.0,173866372.0,388944613.0,12338462.719999999,0.4470209026908415,0.3955992509363296,3.3192386701085386e-06,1.4547203701374145,0.16935821809625118,6.664282948680149e-05,845.0,2136.0,388944613.0,173866372.0,5254.0,31023.0,386673258.0,562501465.0
27.2,sysbench,stress-ng,9,0.44736539218132554,5010.0,3.263871108850287e-06,968.0,2237.0,173936612.0,388802118.0,8208384.0,0.44736539218132554,0.43272239606616003,3.263871108850287e-06,1.5562143847325611,0.8018507604778203,9.04123187773344e-05,968.0,2237.0,388802118.0,173936612.0,141501.0,176468.0,386750395.0,601866528.0
27.3,sysbench,stress-ng,9,0.4473241357148039,4753.2,3.2455786892134845e-06,1057.0,2319.0,173936026.0,388836667.0,7787642.88,0.4473241357148039,0.45579991375592926,3.2455786892134845e-06,1.6236759645824637,0.8612074060505096,0.00010394336166938554,1057.0,2319.0,388836667.0,173936026.0,249174.0,289331.0,386335398.0,627283500.0
27.4,sysbench,stress-ng,9,0.44720530306004397,4694.9,3.0952589324580076e-06,762.0,1965.0,173810331.0,388658922.0,7692124.16,0.44720530306004397,0.38778625954198476,3.0952589324580076e-06,1.6378552378550129,0.8651867968438012,0.0001012877616346169,762.0,1965.0,388658922.0,173810331.0,251316.0,290476.0,386621240.0,633229623.0
27.5,sysbench,stress-ng,9,0.4474052081824766,5136.9,3.603049089177005e-06,1608.0,3007.0,173719500.0,388282248.0,8416296.959999999,0.4474052081824766,0.5347522447622215,3.603049089177005e-06,1.712307236492958,0.8804586391155208,0.00011349616015211263,1608.0,3007.0,388282248.0,173719500.0,322129.0,365865.0,385352244.0,659841436.0
27.6,sysbench,stress-ng,9,0.4469450202940873,4552.099999999999,3.7661307490900895e-06,950.0,2370.0,168518294.0,377044796.0,7458160.64,0.4469450202940873,0.4008438818565401,3.7661307490900895e-06,1.7322821559017323,0.8852985031375628,0.00011296588871490569,950.0,2370.0,377044796.0,168518294.0,336054.0,379594.0,385426083.0,667666726.0
27.7,sysbench,stress-ng,9,0.4677573722214077,7104.099999999999,3.265433463112658e-05,32692.0,45082.0,177480690.0,379428953.0,11639357.44,0.4677573722214077,0.7251674726054744,3.265433463112658e-05,1.5060842705582642,0.72740259866471,7.282372754789312e-05,32692.0,45082.0,379428953.0,177480690.0,74849.0,102899.0,385176658.0,580108506.0
27.8,sysbench,stress-ng,9,0.4471983541575212,7446.1,3.959075264391449e-06,1783.0,3276.0,168642195.0,377108264.0,12199690.24,0.4471983541575212,0.5442612942612942,3.959075264391449e-06,1.4600535884122237,0.20125551619118653,6.671426631711112e-05,1783.0,3276.0,377108264.0,168642195.0,6476.0,32178.0,385254930.0,562492843.0
27.9,sysbench,stress-ng,9,0.4470132060928916,7496.0,4.00396671667732e-06,1256.0,2809.0,173380939.0,387865362.0,12281446.4,0.4470132060928916,0.44713421146315413,4.00396671667732e-06,1.4716021596999267,0.4163528072173075,6.913778092868475e-05,1256.0,2809.0,387865362.0,173380939.0,19014.0,45668.0,385520039.0,567332122.0
28.1,sysbench,stress-ng,9,0.44715321407462144,4812.8,3.725189131848101e-06,941.0,2386.0,173450628.0,387899768.0,7885291.5200000005,0.44715321407462144,0.3943839061190277,3.725189131848101e-06,1.6251781676472392,0.8579572531028842,0.00010367075668968903,941.0,2386.0,387899768.0,173450628.0,241249.0,281190.0,385267758.0,626128749.0
28.3,sysbench,stress-ng,9,0.44737695244349784,4695.8,3.6269180141988192e-06,965.0,2372.0,173552137.0,387932673.0,7693598.72,0.44737695244349784,0.40682967959527827,3.6269180141988192e-06,1.684718635098227,0.8686072848366754,0.00010873094138137945,965.0,2372.0,387932673.0,173552137.0,277269.0,319211.0,385741165.0,649865329.0
28.4,sysbench,stress-ng,9,0.4471877325698647,4508.1,3.8914122191621925e-06,1448.0,2958.0,173524016.0,388033936.0,7386071.04,0.4471877325698647,0.48951994590939824,3.8914122191621925e-06,1.729105055336241,0.8865865142000968,0.0001130264125123992,1448.0,2958.0,388033936.0,173524016.0,340834.0,384434.0,385750543.0,667003214.0
28.5,sysbench,stress-ng,9,0.4470915698617654,4472.0,3.5870743209304318e-06,982.0,2374.0,173498347.0,388059983.0,7326924.800000001,0.4470915698617654,0.413647851727043,3.5870743209304318e-06,1.6541649047150804,0.8621136117872139,9.888239371436217e-05,982.0,2374.0,388059983.0,173498347.0,238377.0,276503.0,385569145.0,637794948.0
28.6,sysbench,stress-ng,9,0.44723606166011315,7144.9,3.615011599185006e-06,909.0,2311.0,173450331.0,387827248.0,11706204.16,0.44723606166011315,0.39333621808740804,3.615011599185006e-06,1.4467236296425907,0.1719210174029451,6.664215426938236e-05,909.0,2311.0,387827248.0,173450331.0,5137.0,29880.0,371281515.0,537141741.0
28.7,sysbench,stress-ng,9,0.44708498336484137,7481.799999999999,3.664665443207886e-06,969.0,2391.0,173482370.0,388029964.0,12258181.12,0.44708498336484137,0.40526976160602257,3.664665443207886e-06,1.4538042755472094,0.1551340836459636,6.674216491040587e-05,969.0,2391.0,388029964.0,173482370.0,4466.0,28788.0,364417307.0,529791439.0
28.8,sysbench,stress-ng,9,0.44699799272585106,7457.3,3.286303452724437e-06,1784.0,3059.0,173423559.0,387973910.0,12218040.32,0.44699799272585106,0.5831971232428899,3.286303452724437e-06,1.5258899871306078,0.7490466957505251,8.286251731115174e-05,1784.0,3059.0,387973910.0,173423559.0,92717.0,123780.0,374873960.0,572016422.0
28.9,sysbench,stress-ng,9,0.4472130621784574,5004.0,3.7249481725823165e-06,1195.0,2600.0,168682710.0,377186456.0,8198553.600000001,0.4472130621784574,0.4596153846153846,3.7249481725823165e-06,1.6308263212872072,0.8503616997796695,0.00010491262749493516,1195.0,2600.0,377186456.0,168682710.0,223464.0,262787.0,374816654.0,611260865.0
29.0,sysbench,stress-ng,9,0.447554979760996,4823.400000000001,4.075427265394855e-06,1059.0,2596.0,168790156.0,377138371.0,7902658.5600000005,0.447554979760996,0.4079352850539291,4.075427265394855e-06,1.6339263632033483,0.8546778035716995,0.00010229773869127682,1059.0,2596.0,377138371.0,168790156.0,225317.0,263628.0,374504857.0,611913359.0
29.1,sysbench,stress-ng,9,0.44710272555905967,4714.099999999999,3.7012196483815883e-06,949.0,2345.0,168635062.0,377172968.0,7723581.4399999995,0.44710272555905967,0.4046908315565032,3.7012196483815883e-06,1.7072011367532949,0.8804568076276197,0.00011111710954206434,949.0,2345.0,377172968.0,168635062.0,306767.0,348418.0,374838764.0,639925164.0
29.2,sysbench,stress-ng,9,0.4474042230898941,4517.4,3.7942023781625668e-06,1003.0,2434.0,168740457.0,377154368.0,7401308.16,0.4474042230898941,0.4120788824979458,3.7942023781625668e-06,1.7338032597659578,0.8844923148838607,0.00011074424214973766,1003.0,2434.0,377154368.0,168740457.0,317883.0,359396.0,374854703.0,649924306.0
29.3,sysbench,stress-ng,9,0.44705447635023177,4459.099999999999,3.703745259020483e-06,1236.0,2633.0,168622586.0,377185768.0,7305789.4399999995,0.44705447635023177,0.46942650968477023,3.703745259020483e-06,1.593715307744009,0.8372628545111498,8.762233327053401e-05,1236.0,2633.0,377185768.0,168622586.0,169071.0,201933.0,375041371.0,597709174.0
29.4,sysbench,stress-ng,9,0.4478303799427246,7090.299999999999,3.858336756093482e-06,1296.0,2751.0,168879298.0,377105497.0,11616747.52,0.4478303799427246,0.47110141766630315,3.858336756093482e-06,1.4628646829301737,0.16945852495887745,6.603956722193065e-05,1296.0,2751.0,377105497.0,168879298.0,5048.0,29789.0,374639039.0,548046219.0
29.5,sysbench,stress-ng,9,0.446786797047059,7468.4,3.929462906055768e-06,1143.0,2625.0,168505989.0,377150780.0,12236226.559999999,0.446786797047059,0.43542857142857144,3.929462906055768e-06,1.457553381358732,0.17732080678010642,6.681579915330851e-05,1143.0,2625.0,377150780.0,168505989.0,5398.0,30442.0,374821529.0,546322387.0
29.6,sysbench,stress-ng,9,0.44791256091561504,7561.3,3.967351224103678e-06,1003.0,2499.0,168897875.0,377077782.0,12388433.92,0.44791256091561504,0.4013605442176871,3.967351224103678e-06,1.5736242727764571,0.8108957482305079,9.104470821940245e-05,1003.0,2499.0,377077782.0,168897875.0,146301.0,180419.0,374738968.0,589698336.0
29.9,sysbench,stress-ng,9,0.44745648945277133,4694.9,3.72492130122811e-06,1215.0,2620.0,168775745.0,377189177.0,7692124.16,0.44745648945277133,0.4637404580152672,3.72492130122811e-06,1.6460856084985518,0.8658075427025199,0.00010585523784211675,1215.0,2620.0,377189177.0,168775745.0,255976.0,295650.0,374794869.0,616944440.0
30.0,sysbench,stress-ng,9,0.44702836051473205,4524.6,3.6753018856772733e-06,953.0,2339.0,168579705.0,377111879.0,7413104.640000001,0.44702836051473205,0.407439076528431,3.6753018856772733e-06,1.717573044989106,0.8789208008956104,0.00011279898121778263,953.0,2339.0,377111879.0,168579705.0,306971.0,349259.0,374897003.0,643912987.0
30.1,sysbench,stress-ng,9,0.44781293199650085,4476.0,3.884812926077796e-06,937.0,2402.0,168874527.0,377109536.0,7333478.4,0.44781293199650085,0.3900915903413822,3.884812926077796e-06,1.73647241734189,0.8774408130400516,0.00011496511214784511,937.0,2402.0,377109536.0,168874527.0,308395.0,351471.0,374687583.0,650634653.0
30.2,sysbench,stress-ng,9,0.44711594747298483,7270.8,3.711765324125214e-06,940.0,2340.0,168642754.0,377179018.0,11912478.72,0.44711594747298483,0.4017094017094017,3.711765324125214e-06,1.5175266885390932,0.7341892580170865,7.378572760750219e-05,940.0,2340.0,377179018.0,168642754.0,76399.0,104059.0,374869245.0,568874084.0
30.3,sysbench,stress-ng,9,0.44699983493242723,7481.0,3.528012354575225e-06,1191.0,2524.0,168891353.0,377833144.0,12256870.4,0.44699983493242723,0.47187004754358164,3.528012354575225e-06,1.4592120154088395,0.16043718796383755,6.626908146747513e-05,1191.0,2524.0,377833144.0,168891353.0,4756.0,29644.0,375559755.0,548021307.0
30.4,sysbench,stress-ng,9,0.44724472370960516,7412.3,3.201176276068296e-06,871.0,2078.0,168633132.0,377048902.0,12144312.32,0.44724472370960516,0.41915303176130897,3.201176276068296e-06,1.4499640423745026,0.15516787360105333,6.842875957052494e-05,871.0,2078.0,377048902.0,168633132.0,4714.0,30380.0,375076213.0,543847022.0
30.5,sysbench,stress-ng,9,0.4469872340497021,4813.9,3.470788102913449e-06,1076.0,2423.0,173474089.0,388096294.0,7887093.76,0.4469872340497021,0.4440775897647544,3.470788102913449e-06,1.6134485704299901,0.8416997882096684,0.00010511041893538661,1076.0,2423.0,388096294.0,173474089.0,209441.0,248831.0,374748768.0,604637864.0
30.6,sysbench,stress-ng,9,0.4471487888554655,4876.7,3.6350969920028768e-06,969.0,2339.0,168522007.0,376881278.0,7989985.28,0.4471487888554655,0.4142796066695169,3.6350969920028768e-06,1.6221682479190382,0.8507900506539654,0.00010537289566246936,969.0,2339.0,376881278.0,168522007.0,225068.0,264540.0,374593483.0,607653654.0
30.7,sysbench,stress-ng,9,0.44709850708959636,4674.0,3.929318610814593e-06,858.0,2340.0,168629743.0,377164630.0,7657881.600000001,0.44709850708959636,0.36666666666666664,3.929318610814593e-06,1.6676603936845762,0.8726356591556914,0.00010920508633123954,858.0,2340.0,377164630.0,168629743.0,280733.0,321707.0,375202304.0,625710022.0
30.8,sysbench,stress-ng,9,0.44702264505459277,4502.799999999999,3.69104764500819e-06,1078.0,2470.0,168585069.0,377128700.0,7377387.52,0.44702264505459277,0.43643724696356273,3.69104764500819e-06,1.7175877592692421,0.8807436737276902,0.00011168386276463137,1078.0,2470.0,377128700.0,168585069.0,308964.0,350799.0,374584107.0,643381077.0
30.9,sysbench,stress-ng,9,0.44720947799384836,4476.4,3.6346498053485964e-06,1160.0,2531.0,168688657.0,377202777.0,7334133.76,0.44720947799384836,0.4583168708020545,3.6346498053485964e-06,1.7311915410284848,0.8828108024852647,0.00011367514138572489,1160.0,2531.0,377202777.0,168688657.0,320975.0,363583.0,374822494.0,648889531.0
31.0,sysbench,stress-ng,9,0.4470757509969728,7340.999999999999,3.4976336718291407e-06,885.0,2204.0,168597678.0,377112106.0,12027494.399999999,0.4470757509969728,0.4015426497277677,3.4976336718291407e-06,1.4508386350254552,0.23529787369899752,6.333812396649638e-05,885.0,2204.0,377112106.0,168597678.0,7370.0,31322.0,378160869.0,548650399.0
31.1,sysbench,stress-ng,9,0.4471292549490734,7481.700000000001,3.3914632246394235e-06,917.0,2199.0,169018405.0,378007932.0,12258017.280000001,0.4471292549490734,0.41700773078672126,3.3914632246394235e-06,1.452229963874951,0.17587023291528026,6.664173023963651e-05,917.0,2199.0,378007932.0,169018405.0,5497.0,31256.0,386529580.0,561329838.0
31.2,sysbench,stress-ng,9,0.44731130039329536,7419.400000000001,3.7271581749197242e-06,944.0,2390.0,173540298.0,387963143.0,12155944.96,0.44731130039329536,0.39497907949790795,3.7271581749197242e-06,1.4922198957331896,0.6501133786848072,7.599970171471577e-05,944.0,2390.0,387963143.0,173540298.0,54473.0,83790.0,385751514.0,575626084.0
31.3,sysbench,stress-ng,9,0.4473008057101341,4798.9,3.740008140381605e-06,1223.0,2674.0,173537983.0,387967070.0,7862517.76,0.4473008057101341,0.45736724008975316,3.740008140381605e-06,1.6278413561615819,0.8497931024327031,0.00010584039469260885,1223.0,2674.0,387967070.0,173537983.0,230831.0,271632.0,385495539.0,627525581.0
31.4,sysbench,stress-ng,9,0.44721793540713217,4588.2,3.5482887242895186e-06,1129.0,2508.0,173805905.0,388638047.0,7517306.88,0.44721793540713217,0.45015948963317387,3.5482887242895186e-06,1.627838362283582,0.8512029933432919,0.00010620149061244807,1129.0,2508.0,388638047.0,173805905.0,234772.0,275812.0,386435254.0,629054131.0
31.7,sysbench,stress-ng,9,0.4469589018515189,4469.3,3.3918997147327416e-06,937.0,2255.0,173676076.0,388572809.0,7322501.12,0.4469589018515189,0.4155210643015521,3.3918997147327416e-06,1.7256949927838807,0.8805639438922,0.00011655161744443013,937.0,2255.0,388572809.0,173676076.0,331837.0,376846.0,386172247.0,666415513.0
31.8,sysbench,stress-ng,9,0.44717960767853054,7249.9,3.609548765652153e-06,1013.0,2416.0,173814798.0,388691244.0,11878236.16,0.44717960767853054,0.4192880794701987,3.609548765652153e-06,1.6079125653911608,0.8422622636032777,9.144782280760428e-05,1013.0,2416.0,388691244.0,173814798.0,188612.0,223935.0,386263980.0,621078707.0
31.9,sysbench,stress-ng,9,0.44730408653053716,7471.0,3.5037913403645127e-06,1167.0,2528.0,173749177.0,388436373.0,12240486.4,0.44730408653053716,0.46162974683544306,3.5037913403645127e-06,1.4534305728049974,0.2149841152339533,6.594836867468605e-05,1167.0,2528.0,388436373.0,173749177.0,6970.0,32421.0,385923117.0,560912457.0
32.0,sysbench,stress-ng,9,0.44722601479196106,7497.5,3.3930572414308907e-06,942.0,2262.0,173984197.0,389029688.0,12283904.0,0.44722601479196106,0.41644562334217505,3.3930572414308907e-06,1.454541724589373,0.15852270880067623,6.689134453551135e-05,942.0,2262.0,389029688.0,173984197.0,4876.0,30759.0,386940944.0,562821748.0
32.1,sysbench,stress-ng,9,0.44719370427396604,4838.1,3.5544185985068816e-06,997.0,2380.0,174000016.0,389093170.0,7926743.04,0.44719370427396604,0.4189075630252101,3.5544185985068816e-06,1.5674157860322233,0.8170073842984916,9.459399284986024e-05,997.0,2380.0,389093170.0,174000016.0,163417.0,200019.0,386937890.0,606492557.0
32.2,sysbench,stress-ng,9,0.44727066208281535,4796.5,3.5691723996134564e-06,978.0,2368.0,174187781.0,389446024.0,7858585.6,0.44727066208281535,0.41300675675675674,3.5691723996134564e-06,1.6288807076859164,0.8476074333883518,0.00010684457843569177,978.0,2368.0,389446024.0,174187781.0,230061.0,271424.0,387132418.0,630592527.0
32.3,sysbench,stress-ng,9,0.44707218482068534,4664.0,3.570640820051462e-06,1213.0,2563.0,169030569.0,378083394.0,7641497.6,0.44707218482068534,0.4732735076082716,3.570640820051462e-06,1.639006041698205,0.861447539999933,0.00010787437160314125,1213.0,2563.0,378083394.0,169030569.0,256981.0,298313.0,383149393.0,627984170.0
32.4,sysbench,stress-ng,9,0.44713189789340396,4465.900000000001,3.185542030264747e-06,699.0,1905.0,169277650.0,378585493.0,7316930.5600000005,0.44713189789340396,0.3669291338582677,3.185542030264747e-06,1.7122008488051164,0.8761374923210298,0.00011460963749753642,699.0,1905.0,378585493.0,169277650.0,305206.0,348354.0,376477938.0,644605845.0
32.5,sysbench,stress-ng,9,0.44721220795911387,4489.3,3.2051076426006124e-06,949.0,2160.0,168972167.0,377834424.0,7355269.12,0.44721220795911387,0.4393518518518518,3.2051076426006124e-06,1.7268166713470416,0.8889820586242436,0.00011383998004036203,949.0,2160.0,377834424.0,168972167.0,342435.0,385199.0,375650101.0,648678857.0
32.6,sysbench,stress-ng,9,0.44722661935245633,7282.0,3.4607009536186023e-06,992.0,2302.0,169291389.0,378536030.0,11930828.8,0.44722661935245633,0.4309296264118158,3.4607009536186023e-06,1.4996202543179804,0.6993776004172004,7.052659179650707e-05,992.0,2302.0,378536030.0,169291389.0,61690.0,88207.0,375985842.0,563835984.0
32.7,sysbench,stress-ng,9,0.4473034650593127,7527.3,3.218831159938156e-06,822.0,2039.0,169119873.0,378087554.0,12332728.32,0.4473034650593127,0.4031387935262383,3.218831159938156e-06,1.4555976752996787,0.18707281808622503,6.5775837233563e-05,822.0,2039.0,378087554.0,169119873.0,5693.0,30432.0,376110758.0,547465945.0
32.8,sysbench,stress-ng,9,0.44735295306499134,7387.5,3.6399286793488023e-06,816.0,2189.0,168743857.0,377205193.0,12103680.0,0.44735295306499134,0.37277295568752855,3.6399286793488023e-06,1.4545285063084101,0.15421767566661077,6.724483105927521e-05,816.0,2189.0,377205193.0,168743857.0,4598.0,29815.0,375002801.0,545452264.0
32.9,sysbench,stress-ng,9,0.44705059378322975,4795.0,3.3414479409654127e-06,1107.0,2371.0,169109907.0,378279124.0,7856128.0,0.44705059378322975,0.46689160691691267,3.3414479409654127e-06,1.6173397657726432,0.8495966284051026,0.00010648209432467454,1107.0,2371.0,378279124.0,169109907.0,232634.0,273817.0,386759861.0,625522103.0
33.0,sysbench,stress-ng,9,0.4473848722360317,4829.9,3.9387809432161614e-06,980.0,2466.0,168786721.0,377274091.0,7913308.16,0.4473848722360317,0.39740470397404704,3.9387809432161614e-06,1.6380875143633786,0.8487828267925642,0.00010834895451306176,980.0,2466.0,377274091.0,168786721.0,230122.0,271120.0,378388515.0,619833502.0
33.1,sysbench,stress-ng,9,0.4470902744249846,4680.5,3.831405618466066e-06,935.0,2379.0,168501699.0,376885181.0,7668531.2,0.4470902744249846,0.3930222782681799,3.831405618466066e-06,1.6788982466435296,0.8627370077531281,0.00011130129025855395,935.0,2379.0,376885181.0,168501699.0,269733.0,312648.0,385575045.0,647341267.0
33.4,sysbench,stress-ng,9,0.44703746451156573,4427.2,4.030591980999365e-06,1304.0,2824.0,168584900.0,377115820.0,7253524.4799999995,0.44703746451156573,0.46175637393767704,4.030591980999365e-06,1.6767178097243638,0.8685467932507489,0.0001036718298543759,1304.0,2824.0,377115820.0,168584900.0,264119.0,304093.0,385582082.0,646512344.0
33.5,sysbench,stress-ng,9,0.4474496622116515,7317.7,4.024422304848956e-06,1248.0,2766.0,168776668.0,377196995.0,11989319.68,0.4474496622116515,0.4511930585683297,4.024422304848956e-06,1.4575658367017743,0.21973911375407634,6.330458329073904e-05,1248.0,2766.0,377196995.0,168776668.0,6873.0,31278.0,385517110.0,561916569.0
33.6,sysbench,stress-ng,9,0.44717092253518387,7557.3,4.111049504603019e-06,981.0,2531.0,168598050.0,377032677.0,12381880.32,0.44717092253518387,0.3875938364282892,4.111049504603019e-06,1.4554332039544131,0.1810844569708228,6.635701461262743e-05,981.0,2531.0,377032677.0,168598050.0,5654.0,31223.0,385324749.0,560814434.0
33.7,sysbench,stress-ng,9,0.4478564897230798,7354.6,4.091605678760471e-06,892.0,2435.0,168892757.0,377113564.0,12049776.64,0.4478564897230798,0.36632443531827513,4.091605678760471e-06,1.530281856391665,0.7472572813745644,8.89629636883593e-05,892.0,2435.0,377113564.0,168892757.0,101420.0,135723.0,385587424.0,590057439.0
33.8,sysbench,stress-ng,9,0.44774805433423115,4805.900000000001,4.049111656722646e-06,1094.0,2621.0,168854637.0,377119756.0,7873986.5600000005,0.44774805433423115,0.41739793971766503,4.049111656722646e-06,1.6288348747157169,0.8434999841887234,0.00011554466256086776,1094.0,2621.0,377119756.0,168854637.0,240066.0,284607.0,385487300.0,627895158.0
33.9,sysbench,stress-ng,9,0.44763428722472237,4767.900000000001,4.059828830350718e-06,1302.0,2833.0,168807140.0,377109495.0,7811727.36,0.44763428722472237,0.45958348040945995,4.059828830350718e-06,1.6305053152089455,0.8350454077196776,0.00011721030513314221,1302.0,2833.0,377109495.0,168807140.0,228587.0,273742.0,385247696.0,628148416.0
34.0,sysbench,stress-ng,9,0.44677310377044194,4652.5,4.1737177593263085e-06,1111.0,2685.0,168487882.0,377121811.0,7622656.0,0.44677310377044194,0.413780260707635,4.1737177593263085e-06,1.70736223780285,0.8729903224102509,0.0001230597731770126,1111.0,2685.0,377121811.0,168487882.0,314012.0,359697.0,371242355.0,633845178.0
34.1,sysbench,stress-ng,9,0.4472325953330901,4516.1,3.8763172067896655e-06,967.0,2429.0,168679192.0,377162116.0,7399178.24,0.4472325953330901,0.3981062165500206,3.8763172067896655e-06,1.725091839910461,0.8721086425427258,0.00012468103260400196,967.0,2429.0,377162116.0,168679192.0,318781.0,365529.0,374940751.0,646807230.0
34.2,sysbench,stress-ng,9,0.4469598957267935,4453.4,3.5952694176782684e-06,998.0,2354.0,168576412.0,377162277.0,7296450.56,0.4469598957267935,0.4239592183517417,3.5952694176782684e-06,1.571909217911748,0.8112368678774928,9.057145348781811e-05,998.0,2354.0,377162277.0,168576412.0,145789.0,179712.0,374544061.0,588749262.0
34.3,sysbench,stress-ng,9,0.4471754491513595,7389.8,4.15853814569092e-06,1333.0,2901.0,168609997.0,377055577.0,12107448.32,0.4471754491513595,0.45949672526714924,4.15853814569092e-06,1.462451474221635,0.2012490190949516,6.517656429717293e-05,1333.0,2901.0,377055577.0,168609997.0,6155.0,30584.0,374812638.0,548145295.0
34.4,sysbench,stress-ng,9,0.4469725830686399,7456.599999999999,3.836962779270764e-06,1038.0,2485.0,168562836.0,377121198.0,12216893.44,0.4469725830686399,0.41770623742454727,3.836962779270764e-06,1.455945435087139,0.17145156962704589,6.597148519814873e-05,1038.0,2485.0,377121198.0,168562836.0,5112.0,29816.0,374464815.0,545200338.0
34.5,sysbench,stress-ng,9,0.4476240049046261,7287.9,3.90862221456738e-06,1063.0,2537.0,168805719.0,377114983.0,11940495.36,0.4476240049046261,0.41899881750098544,3.90862221456738e-06,1.579534239573428,0.8156981600362743,0.00010302302159259973,1063.0,2537.0,377114983.0,168805719.0,170901.0,209515.0,374809430.0,592024328.0
34.6,sysbench,stress-ng,9,0.44705709423056533,4834.8,3.993137170673105e-06,1008.0,2514.0,168606275.0,377147074.0,7921336.32,0.44705709423056533,0.4009546539379475,3.993137170673105e-06,1.6245614693304797,0.8428119017373101,0.00011718356015729715,1008.0,2514.0,377147074.0,168606275.0,235528.0,279455.0,374856336.0,608977160.0
34.7,sysbench,stress-ng,9,0.44714543610868634,4806.2,3.2980590795366777e-06,1059.0,2306.0,169066213.0,378101171.0,7874478.08,0.44714543610868634,0.4592367736339983,3.2980590795366777e-06,1.6478191600620182,0.8545572117636967,0.00011746033865762828,1059.0,2306.0,378101171.0,169066213.0,259018.0,303102.0,375309662.0,618442452.0
34.9,sysbench,stress-ng,9,0.4470923886409765,4523.5,3.897363530607942e-06,1225.0,2695.0,168633438.0,377178056.0,7411302.399999999,0.4470923886409765,0.45454545454545453,3.897363530607942e-06,1.7154332084665909,0.8725547766215912,0.00012225578556537036,1225.0,2695.0,377178056.0,168633438.0,313529.0,359323.0,374575320.0,642558943.0
35.0,sysbench,stress-ng,9,0.4469291111931298,4470.1,3.5726287022449044e-06,954.0,2301.0,168507159.0,377033303.0,7323811.84,0.4469291111931298,0.41460234680573665,3.5726287022449044e-06,1.7317400604447777,0.8724737883887136,0.00012273231432046388,954.0,2301.0,377033303.0,168507159.0,314717.0,360718.0,374807566.0,649069277.0
35.1,sysbench,stress-ng,9,0.4469474124863604,7496.0,3.5410269974338923e-06,956.0,2292.0,168629537.0,377291673.0,12281446.4,0.4469474124863604,0.41710296684118675,3.5410269974338923e-06,1.5032226132303024,0.7232288002837466,7.50235570283589e-05,956.0,2292.0,377291673.0,168629537.0,73407.0,101499.0,374442390.0,562870268.0
35.2,sysbench,stress-ng,9,0.4470157797750038,7457.1,3.438563567827258e-06,932.0,2229.0,168610949.0,377192387.0,12217712.64,0.4470157797750038,0.41812471960520414,3.438563567827258e-06,1.4543437116840645,0.1722049381081618,6.669153646884721e-05,932.0,2229.0,377192387.0,168610949.0,5203.0,30214.0,375025098.0,545415393.0
35.3,sysbench,stress-ng,9,0.44706391980170995,7311.7,3.276449044117066e-06,1214.0,2450.0,168649351.0,377237669.0,11979489.28,0.44706391980170995,0.49551020408163265,3.276449044117066e-06,1.4472431581225222,0.16455443568506137,6.698473445212064e-05,1214.0,2450.0,377237669.0,168649351.0,4947.0,30063.0,374951102.0,542645417.0
35.5,sysbench,stress-ng,9,0.44715604602350645,4792.5,3.3911403179412256e-06,1142.0,2421.0,168649047.0,377159268.0,7852032.0,0.44715604602350645,0.47170590665014456,3.3911403179412256e-06,1.6227150856058972,0.8469904813623622,0.00010666506225635256,1142.0,2421.0,377159268.0,168649047.0,221477.0,261487.0,375099392.0,608679442.0
35.6,sysbench,stress-ng,9,0.4469700802716904,4629.700000000001,3.5872872616359966e-06,1088.0,2441.0,168581570.0,377165223.0,7585300.48,0.4469700802716904,0.44571896763621466,3.5872872616359966e-06,1.6729990301436886,0.8686794289422453,0.00010803705317767519,1088.0,2441.0,377165223.0,168581570.0,267727.0,308200.0,374621473.0,626741361.0
35.7,sysbench,stress-ng,9,0.4473746124638265,4612.099999999999,3.943059317209985e-06,992.0,2479.0,168713173.0,377118344.0,7556464.64,0.4473746124638265,0.400161355385236,3.943059317209985e-06,1.7213168142198536,0.8814028888050228,0.00011068059939592102,992.0,2479.0,377118344.0,168713173.0,308283.0,349764.0,374781129.0,645117059.0
35.8,sysbench,stress-ng,9,0.44697751550520387,4511.0,3.818741402660631e-06,1024.0,2464.0,168549675.0,377087592.0,7390822.4,0.44697751550520387,0.4155844155844156,3.818741402660631e-06,1.7225765080911941,0.8771641173792869,0.00011027402138102862,1024.0,2464.0,377087592.0,168549675.0,294821.0,336107.0,374394617.0,644923372.0
35.9,sysbench,stress-ng,9,0.4471487165842195,7390.0,3.793755381081456e-06,1221.0,2652.0,168663962.0,377198806.0,12107776.0,0.4471487165842195,0.4604072398190045,3.793755381081456e-06,1.446774009952952,0.2544057979991947,6.420961672014686e-05,1221.0,2652.0,377198806.0,168663962.0,8214.0,32287.0,374912688.0,542413933.0
36.0,sysbench,stress-ng,9,0.447389391143944,7450.900000000001,3.7252097861170935e-06,907.0,2312.0,168737368.0,377159967.0,12207554.56,0.447389391143944,0.3923010380622837,3.7252097861170935e-06,1.4539135040955218,0.1820767195767196,6.596835690964637e-05,907.0,2312.0,377159967.0,168737368.0,5506.0,30240.0,374937336.0,545126456.0
36.1,sysbench,stress-ng,9,0.44703648517135164,7299.299999999999,3.8113456120276142e-06,1046.0,2484.0,168664438.0,377294569.0,11959173.12,0.44703648517135164,0.4210950080515298,3.8113456120276142e-06,1.4754994461817013,0.6473799266200478,7.287475703779781e-05,1046.0,2484.0,377294569.0,168664438.0,50640.0,78223.0,378498689.0,558474606.0
36.2,sysbench,stress-ng,9,0.44735260357702267,4809.400000000001,3.3027759847585422e-06,948.0,2232.0,173914533.0,388763878.0,7879720.960000001,0.44735260357702267,0.42473118279569894,3.3027759847585422e-06,1.621507221714944,0.8567234207912955,0.0001028862223408626,948.0,2232.0,388763878.0,173914533.0,238104.0,277924.0,387029469.0,627571079.0
36.3,sysbench,stress-ng,9,0.4470773376366755,4766.2,3.6868689163143772e-06,1309.0,2743.0,173889801.0,388947921.0,7808942.08,0.4470773376366755,0.4772147283995625,3.6868689163143772e-06,1.6243747167387759,0.8553785317210155,0.000104460792783889,1309.0,2743.0,388947921.0,173889801.0,238808.0,279184.0,386518223.0,627850429.0
36.4,sysbench,stress-ng,9,0.4470983579761056,4573.8,3.4343606205684353e-06,1228.0,2563.0,173795467.0,388718643.0,7493713.92,0.4470983579761056,0.4791260241904019,3.4343606205684353e-06,1.6915316610147781,0.8804763270490316,0.00010560315154287292,1228.0,2563.0,388718643.0,173795467.0,300857.0,341698.0,386740352.0,654183550.0
36.5,sysbench,stress-ng,9,0.44715978033019427,4499.5,3.3151576706348364e-06,1013.0,2302.0,173864719.0,388820119.0,7371980.8,0.44715978033019427,0.44005212858384013,3.3151576706348364e-06,1.7238885557629327,0.8854963315409748,0.00010691965482774892,1013.0,2302.0,388820119.0,173864719.0,318985.0,360233.0,385785009.0,665050362.0
36.6,sysbench,stress-ng,9,0.4469768393539899,4522.6,3.902705761886734e-06,1110.0,2624.0,173398400.0,387935984.0,7409827.84,0.4469768393539899,0.42301829268292684,3.902705761886734e-06,1.619062547944147,0.8510159570341124,8.966306149942278e-05,1110.0,2624.0,387935984.0,173398400.0,197434.0,231998.0,385487618.0,624128565.0
36.8,sysbench,stress-ng,9,0.4477224150907071,7463.5,3.861852562383646e-06,1008.0,2506.0,173670063.0,387896735.0,12228198.4,0.4477224150907071,0.4022346368715084,3.861852562383646e-06,1.4522548114895293,0.19031542394135237,6.5368347927925e-05,1008.0,2506.0,387896735.0,173670063.0,5919.0,31101.0,385232315.0,559455483.0
36.9,sysbench,stress-ng,9,0.44792574046155825,7282.3,3.9186122892492e-06,1269.0,2789.0,173746999.0,387892419.0,11931320.32,0.44792574046155825,0.45500179275726066,3.9186122892492e-06,1.4551548022538785,0.1662480018269011,6.635753235911811e-05,1269.0,2789.0,387892419.0,173746999.0,5096.0,30653.0,385140904.0,560439636.0
37.1,sysbench,stress-ng,9,0.44687007462981254,4830.400000000001,4.10660998757762e-06,963.0,2556.0,173345906.0,387911198.0,7914127.36,0.44687007462981254,0.3767605633802817,4.10660998757762e-06,1.6281607400494642,0.8558792849692068,0.00010475725645107641,963.0,2556.0,387911198.0,173345906.0,239588.0,279932.0,385118906.0,627035483.0
37.2,sysbench,stress-ng,9,0.4473274437797413,4703.2,3.636916449538545e-06,970.0,2381.0,173547848.0,387966020.0,7705722.88,0.4473274437797413,0.40739185216295676,3.636916449538545e-06,1.6480834880454573,0.8543575545579426,0.00010678108037362886,970.0,2381.0,387966020.0,173547848.0,241315.0,282452.0,385246149.0,634917817.0
37.3,sysbench,stress-ng,9,0.44730807006327716,4476.8,3.6497223794597025e-06,923.0,2339.0,173544221.0,387974715.0,7334789.12,0.44730807006327716,0.3946130825138948,3.6497223794597025e-06,1.7162124174299456,0.8800816163587571,0.00011218058306184814,923.0,2339.0,387974715.0,173544221.0,317456.0,360712.0,385592576.0,661758767.0
37.4,sysbench,stress-ng,9,0.44704747500706693,4483.9,3.5793065338138026e-06,1246.0,2635.0,173483030.0,388063997.0,7346421.76,0.44704747500706693,0.47286527514231497,3.5793065338138026e-06,1.728912230332079,0.8858637193728015,0.00011197977451374869,1246.0,2635.0,388063997.0,173483030.0,335194.0,378381.0,385667860.0,666785880.0
37.5,sysbench,stress-ng,9,0.44721160887949624,7464.6,3.558759138563619e-06,1166.0,2547.0,173543420.0,388056608.0,12230000.64,0.44721160887949624,0.45779348252846486,3.558759138563619e-06,1.4884021139988384,0.6620040000987679,7.09737474752561e-05,1166.0,2547.0,388056608.0,173543420.0,53621.0,80998.0,385734176.0,574127563.0
37.6,sysbench,stress-ng,9,0.447273590134021,7426.1,3.646602236488211e-06,1058.0,2473.0,173556667.0,388032450.0,12166922.24,0.447273590134021,0.4278204609785685,3.646602236488211e-06,1.4414067594679427,0.17309095734094077,6.71209447100642e-05,1058.0,2473.0,388032450.0,173556667.0,5218.0,30146.0,371389290.0,535323033.0
37.7,sysbench,stress-ng,9,0.4489079771090083,7687.0,7.78904986276698e-06,8058.0,10928.0,165407324.0,368465994.0,12594380.8,0.4489079771090083,0.737371888726208,7.78904986276698e-06,1.443229618899424,0.2387609490109635,6.7439409515269e-05,8058.0,10928.0,368465994.0,165407324.0,8232.0,34478.0,389178971.0,561674618.0
37.8,sysbench,stress-ng,9,0.4658484724461202,4807.9,2.8994383013513443e-05,26416.0,37602.0,179723811.0,385798863.0,7877263.359999999,0.4658484724461202,0.7025158236264029,2.8994383013513443e-05,1.6236372190788038,0.8419018427839868,0.00010948255097512079,26416.0,37602.0,385798863.0,179723811.0,225234.0,267530.0,386326402.0,627253925.0
37.9,sysbench,stress-ng,9,0.4469751619333069,4785.3,3.308966256539139e-06,1324.0,2612.0,173983040.0,389245432.0,7840235.5200000005,0.4469751619333069,0.5068912710566615,3.308966256539139e-06,1.6250680010007423,0.8491599945130711,0.00010811800436684861,1324.0,2612.0,389245432.0,173983040.0,235236.0,277022.0,386485121.0,628064603.0
38.0,sysbench,stress-ng,9,0.44697717964169237,4722.700000000001,3.2012993541814393e-06,1209.0,2454.0,173831475.0,388904586.0,7737671.680000001,0.44697717964169237,0.49266503667481665,3.2012993541814393e-06,1.6756670350496976,0.8723356949276799,0.00010990087148313137,1209.0,2454.0,388904586.0,173831475.0,290336.0,332826.0,386621138.0,647848296.0
38.2,sysbench,stress-ng,9,0.4474213299201745,4486.0,3.7505257019079853e-06,1058.0,2513.0,173575143.0,387945615.0,7349862.4,0.4474213299201745,0.4210107441305213,3.7505257019079853e-06,1.7234359532503356,0.8843382954539215,0.00010938551049101479,1058.0,2513.0,387945615.0,173575143.0,322099.0,364226.0,385124134.0,663736779.0
38.5,sysbench,stress-ng,9,0.44690014285461066,7426.4,3.1703837735147005e-06,1173.0,2405.0,173663826.0,388596488.0,12167413.76,0.44690014285461066,0.48773388773388776,3.1703837735147005e-06,1.4466231150760676,0.17971191956949054,6.595666366850068e-05,1173.0,2405.0,388596488.0,173663826.0,5577.0,31033.0,385950389.0,558324754.0
38.6,sysbench,stress-ng,9,0.4470505524540515,7343.8,3.5215101704023706e-06,985.0,2351.0,173411697.0,387901762.0,12032081.92,0.4470505524540515,0.4189706507868992,3.5215101704023706e-06,1.5236251929629865,0.7644619157530295,8.46469864760374e-05,985.0,2351.0,387901762.0,173411697.0,105985.0,138640.0,385778648.0,587782067.0
38.7,sysbench,stress-ng,9,0.4469739566440263,4819.3,3.1534696367340078e-06,1106.0,2332.0,173773695.0,388778121.0,7895941.12,0.4469739566440263,0.47427101200686106,3.1534696367340078e-06,1.6214966215403217,0.8470970190475833,0.00010521313515106461,1106.0,2332.0,388778121.0,173773695.0,225432.0,266123.0,386748289.0,627111044.0
38.8,sysbench,stress-ng,9,0.44694677158309865,4815.6,3.2336957362771384e-06,1582.0,2841.0,174013275.0,389337805.0,7889879.04,0.44694677158309865,0.5568461809222105,3.2336957362771384e-06,1.6259510443881338,0.8514401449892774,0.00010646109291536572,1582.0,2841.0,389337805.0,174013275.0,235837.0,276986.0,386516791.0,628457380.0
38.9,sysbench,stress-ng,9,0.44728957011933984,4687.099999999999,3.6410204199023307e-06,964.0,2376.0,173460404.0,387803373.0,7679344.64,0.44728957011933984,0.4057239057239057,3.6410204199023307e-06,1.717818732646701,0.8789269714653726,0.00011110341644055341,964.0,2376.0,387803373.0,173460404.0,311163.0,354026.0,385793717.0,662723674.0
39.0,sysbench,stress-ng,9,0.44713345285405814,4491.6,3.348939373680176e-06,1335.0,2638.0,173969972.0,389078408.0,7359037.44,0.44713345285405814,0.5060652009097801,3.348939373680176e-06,1.7209311919488608,0.8834355498170863,0.00011187060156194534,1335.0,2638.0,389078408.0,173969972.0,328426.0,371760.0,387358246.0,666616888.0
39.1,sysbench,stress-ng,9,0.4469492802353824,4505.3,3.3474789209252347e-06,1030.0,2330.0,173573629.0,388351960.0,7381483.5200000005,0.4469492802353824,0.44206008583690987,3.3474789209252347e-06,1.5436694091447913,0.790372681502297,7.895868100213457e-05,1030.0,2330.0,388351960.0,173573629.0,114755.0,145191.0,385467432.0,595034283.0
39.2,sysbench,stress-ng,9,0.4471083848692242,7382.5,3.878450705267784e-06,981.0,2486.0,173496628.0,388041544.0,12095488.0,0.4471083848692242,0.39460981496379727,3.878450705267784e-06,1.4482772127855377,0.1742876725741702,6.555845317520846e-05,981.0,2486.0,388041544.0,173496628.0,5340.0,30639.0,385899892.0,558890020.0
39.3,sysbench,stress-ng,9,0.4472303250589866,7450.699999999999,3.853445659214531e-06,1281.0,2734.0,168634962.0,377065133.0,12207226.879999999,0.4472303250589866,0.4685442574981712,3.853445659214531e-06,1.4539048923685256,0.17530477866875285,6.565450260006104e-05,1281.0,2734.0,377065133.0,168634962.0,5378.0,30678.0,385350570.0,560263079.0
39.5,sysbench,stress-ng,9,0.4472400998554867,4788.599999999999,4.163541282274915e-06,1122.0,2737.0,173480389.0,387890954.0,7845642.239999999,0.4472400998554867,0.40993788819875776,4.163541282274915e-06,1.6067522419901854,0.8379006774835847,0.0001007339910807526,1122.0,2737.0,387890954.0,173480389.0,200730.0,239563.0,385500461.0,619403730.0
39.6,sysbench,stress-ng,9,0.44725297212515197,4827.0,3.918658396767798e-06,1011.0,2531.0,173483996.0,387887855.0,7908556.8,0.44725297212515197,0.399446858949032,3.918658396767798e-06,1.629868415791018,0.8493576460837132,0.00010369872971480965,1011.0,2531.0,387887855.0,173483996.0,225445.0,265430.0,385588137.0,628457926.0
39.7,sysbench,stress-ng,9,0.4477652810817677,4682.900000000001,4.014020062025865e-06,1139.0,2696.0,173683871.0,387890438.0,7672463.36,0.4477652810817677,0.42247774480712164,4.014020062025865e-06,1.6701322504957725,0.8654678156017749,0.00010723289482363829,1139.0,2696.0,387890438.0,173683871.0,265857.0,307183.0,385385474.0,643644709.0
39.9,sysbench,stress-ng,9,0.44733819621780174,4477.8,3.6936053479240144e-06,1046.0,2479.0,173552823.0,387967816.0,7336427.5200000005,0.44733819621780174,0.4219443323920936,3.6936053479240144e-06,1.6989342753688608,0.8734845134430329,0.00010754469515918179,1046.0,2479.0,387967816.0,173552823.0,286385.0,327865.0,385700103.0,655279125.0
40.0,sysbench,stress-ng,9,0.44734075296642956,7365.700000000001,3.6225571814205254e-06,1307.0,2712.0,173500024.0,387847570.0,12067962.88,0.44734075296642956,0.48193215339233036,3.6225571814205254e-06,1.4489467972405436,0.20155822141087495,6.355316247599385e-05,1307.0,2712.0,387847570.0,173500024.0,6183.0,30676.0,385393882.0,558415231.0
40.1,sysbench,stress-ng,9,0.44740856342272506,7460.8,3.792269373034958e-06,1062.0,2533.0,173547270.0,387894386.0,12223774.72,0.44740856342272506,0.4192656928543229,3.792269373034958e-06,1.4501624980883507,0.16179864178809256,6.591929509982415e-05,1062.0,2533.0,387894386.0,173547270.0,4908.0,30334.0,385714076.0,559348088.0
40.2,sysbench,stress-ng,9,0.4472125832961722,7291.3,3.967932182123181e-06,1120.0,2660.0,173568334.0,388111472.0,11946065.92,0.4472125832961722,0.42105263157894735,3.967932182123181e-06,1.5068005307347305,0.7190898459441789,7.909858130396313e-05,1120.0,2660.0,388111472.0,173568334.0,78091.0,108597.0,385670634.0,581128716.0
40.3,sysbench,stress-ng,9,0.4473201831882446,4838.0,3.827158783443398e-06,1331.0,2815.0,173450643.0,387755012.0,7926579.2,0.4473201831882446,0.4728241563055062,3.827158783443398e-06,1.630955910617798,0.8448220619776923,0.00010676768581934455,1331.0,2815.0,387755012.0,173450643.0,224122.0,265289.0,385575464.0,628856582.0
40.4,sysbench,stress-ng,9,0.44749218186086553,4790.0,3.7040575839751617e-06,997.0,2434.0,173605904.0,387952932.0,7847936.0,0.44749218186086553,0.4096138044371405,3.7040575839751617e-06,1.6316662250508283,0.8447929770093408,0.00010526739907082599,997.0,2434.0,387952932.0,173605904.0,220948.0,261541.0,385617963.0,629199806.0
40.5,sysbench,stress-ng,9,0.4471415415951746,4683.0,3.815316609150769e-06,1057.0,2537.0,173450738.0,387910140.0,7672627.2,0.4471415415951746,0.4166338194718171,3.815316609150769e-06,1.7082656272402847,0.8792138421039181,0.00011031926864243646,1057.0,2537.0,387910140.0,173450738.0,309609.0,352143.0,385553680.0,658628099.0
40.6,sysbench,stress-ng,9,0.4476786707839605,4525.1,4.150587929233373e-06,1125.0,2735.0,173653148.0,387896854.0,7413923.840000001,0.4476786707839605,0.4113345521023766,4.150587929233373e-06,1.726131498400673,0.8837781377666508,0.00011059435045618707,1125.0,2735.0,387896854.0,173653148.0,324062.0,366678.0,385336139.0,665140847.0
40.7,sysbench,stress-ng,9,0.4474101703859073,4497.900000000001,3.676513014789039e-06,1156.0,2582.0,173535875.0,387867524.0,7369359.36,0.4474101703859073,0.447714949651433,3.676513014789039e-06,1.575252147289212,0.8229438151906066,8.39975348868487e-05,1156.0,2582.0,387867524.0,173535875.0,150616.0,183021.0,385785131.0,607708856.0
40.9,sysbench,stress-ng,9,0.44743437195154934,7466.800000000001,3.872388684532728e-06,1190.0,2692.0,173548288.0,387874287.0,12233605.120000001,0.44743437195154934,0.44205052005943535,3.872388684532728e-06,1.4524676167873003,0.18177673570405106,6.520024602855872e-05,1190.0,2692.0,387874287.0,173548288.0,5582.0,30708.0,385366644.0,559732571.0
41.0,sysbench,stress-ng,9,0.4471934517839775,7309.099999999999,3.4524380112632677e-06,1029.0,2371.0,173828932.0,388710817.0,11975229.44,0.4471934517839775,0.43399409531843103,3.4524380112632677e-06,1.4505830939768232,0.1605679778031663,6.666982956883162e-05,1029.0,2371.0,388710817.0,173828932.0,4919.0,30635.0,385721700.0,559521377.0
41.2,sysbench,stress-ng,9,0.4471732196091449,4801.7,3.703726747587228e-06,970.0,2407.0,173497658.0,387987586.0,7867105.28,0.4471732196091449,0.40299127544661406,3.703726747587228e-06,1.6247220659998654,0.8536834887447428,0.00010347984275524348,970.0,2407.0,387987586.0,173497658.0,232814.0,272717.0,385611332.0,626511240.0
41.3,sysbench,stress-ng,9,0.44692732220420717,4680.0,3.6729579478894746e-06,1030.0,2455.0,173394698.0,387970682.0,7667712.0,0.44692732220420717,0.4195519348268839,3.6729579478894746e-06,1.6558391924469584,0.8646915734644774,0.00010611978986436043,1030.0,2455.0,387970682.0,173394698.0,261628.0,302568.0,385790436.0,638806924.0
41.4,sysbench,stress-ng,9,0.4470819157474179,4474.9,3.876702757592239e-06,1318.0,2822.0,173449254.0,387958555.0,7331676.16,0.4470819157474179,0.4670446491849752,3.876702757592239e-06,1.7249411405822632,0.8800484033313537,0.00011155530196632446,1318.0,2822.0,387958555.0,173449254.0,315632.0,358653.0,385647291.0,665218878.0
41.5,sysbench,stress-ng,9,0.44706651592731195,4434.5,3.975328113450812e-06,1383.0,2925.0,173413753.0,387892510.0,7265484.8,0.44706651592731195,0.4728205128205128,3.975328113450812e-06,1.7283702618789316,0.8824021092635047,0.00011356481477107637,1383.0,2925.0,387892510.0,173413753.0,328318.0,372073.0,385286588.0,665917881.0
41.6,sysbench,stress-ng,9,0.4477062674751422,7435.999999999999,4.018988983079859e-06,960.0,2519.0,173669068.0,387908503.0,12183142.399999999,0.4477062674751422,0.3811036125446606,4.018988983079859e-06,1.4541176930146573,0.2508327781479014,6.415921955666169e-05,960.0,2519.0,387908503.0,173669068.0,8283.0,33022.0,385587608.0,560689763.0
41.7,sysbench,stress-ng,9,0.4477204611121372,7445.299999999999,3.8826383810668446e-06,1015.0,2521.0,173662069.0,387880573.0,12198379.52,0.4477204611121372,0.40261800872669573,3.8826383810668446e-06,1.452889528131608,0.16898966103913102,6.590287759638695e-05,1015.0,2521.0,387880573.0,173662069.0,5165.0,30564.0,385400470.0,559944307.0
41.8,sysbench,stress-ng,9,0.44737551785981394,7307.099999999999,3.94959826900967e-06,1161.0,2693.0,173531394.0,387887551.0,11971952.639999999,0.44737551785981394,0.4311177125881916,3.94959826900967e-06,1.4926541750392692,0.654016505373152,7.564155347101727e-05,1161.0,2693.0,387887551.0,173531394.0,55078.0,84215.0,385198329.0,574967894.0
41.9,sysbench,stress-ng,9,0.4474711934277749,4789.4,4.140371782492854e-06,1280.0,2886.0,173568649.0,387887872.0,7846952.96,0.4474711934277749,0.4435204435204435,4.140371782492854e-06,1.6299848551762581,0.8524925845111586,0.0001053704279772857,1280.0,2886.0,387887872.0,173568649.0,234808.0,275437.0,385582566.0,628493743.0
42.0,sysbench,stress-ng,9,0.4478315095453138,4758.3,4.218451693763631e-06,1350.0,2987.0,173784183.0,388057069.0,7795998.72,0.4478315095453138,0.45195848677602946,4.218451693763631e-06,1.6302125071953038,0.8550119502526011,0.00010513421647649131,1350.0,2987.0,388057069.0,173784183.0,238969.0,279492.0,385440643.0,628350157.0
42.2,sysbench,stress-ng,9,0.4471989136081281,4478.3,3.921219831936672e-06,1041.0,2562.0,173463763.0,387889500.0,7337246.72,0.4471989136081281,0.4063231850117096,3.921219831936672e-06,1.700237268136188,0.8798427802130401,0.00011079958987002684,1041.0,2562.0,387889500.0,173463763.0,312719.0,355426.0,385443665.0,655345684.0
42.3,sysbench,stress-ng,9,0.44711208073756237,4463.900000000001,3.9769257684407725e-06,1299.0,2842.0,173474181.0,387988132.0,7313653.760000001,0.44711208073756237,0.4570724841660802,3.9769257684407725e-06,1.7265091592842543,0.8868020801112495,0.00011104487430299609,1299.0,2842.0,387988132.0,173474181.0,335432.0,378249.0,385582858.0,665712336.0
42.4,sysbench,stress-ng,9,0.4469902189820941,7413.0,3.7509863644014778e-06,988.0,2443.0,173386599.0,387897971.0,12145459.2,0.4469902189820941,0.4044207941056079,3.7509863644014778e-06,1.6036834376320268,0.8487487945676664,8.829455422330067e-05,988.0,2443.0,387897971.0,173386599.0,190988.0,225023.0,385471112.0,618173638.0
42.6,sysbench,stress-ng,9,0.4473435920929017,7280.599999999999,3.853199958077185e-06,952.0,2447.0,173564486.0,387989208.0,11928535.04,0.4473435920929017,0.3890478136493666,3.853199958077185e-06,1.450582573736212,0.16277256036135573,6.680502823639085e-05,952.0,2447.0,387989208.0,173564486.0,5009.0,30773.0,385659593.0,559431085.0
42.7,sysbench,stress-ng,9,0.4469753346259323,4832.7,3.8001035793768575e-06,1032.0,2506.0,173374654.0,387884164.0,7917895.68,0.4469753346259323,0.4118116520351157,3.8001035793768575e-06,1.5675217989651444,0.8215819489213985,9.334265248166221e-05,1032.0,2506.0,387884164.0,173374654.0,165672.0,201650.0,385440086.0,604185737.0
42.8,sysbench,stress-ng,9,0.4470991488301318,4786.7,3.7633858188265706e-06,1139.0,2599.0,173451458.0,387948531.0,7842529.279999999,0.4470991488301318,0.4382454790303963,3.7633858188265706e-06,1.6262495443796985,0.854822809857888,0.00010460395086053137,1139.0,2599.0,387948531.0,173451458.0,237598.0,277950.0,385759808.0,627341712.0
42.9,sysbench,stress-ng,9,0.44701209760878896,4686.5,3.6986428872504357e-06,1252.0,2687.0,173431818.0,387980144.0,7678361.6,0.44701209760878896,0.46594715295869,3.6986428872504357e-06,1.6474942082130595,0.8653849296221131,0.00010680964806201512,1252.0,2687.0,387980144.0,173431818.0,264800.0,305991.0,385648682.0,635353970.0
43.0,sysbench,stress-ng,9,0.44725943731611784,4510.1,3.7150162035162497e-06,980.0,2421.0,173485340.0,387885253.0,7389347.84,0.44725943731611784,0.4047914085088806,3.7150162035162497e-06,1.7227972317898683,0.8766099703463325,0.00011447694312328043,980.0,2421.0,387885253.0,173485340.0,313353.0,357460.0,385291560.0,663779233.0
43.1,sysbench,stress-ng,9,0.44716546279768693,4520.1,3.663597277710545e-06,1002.0,2423.0,173442132.0,387870143.0,7405731.84,0.44716546279768693,0.41353693768056127,3.663597277710545e-06,1.7258771551068972,0.888643575208553,0.00011036025945126906,1002.0,2423.0,387870143.0,173442132.0,339708.0,382277.0,385727618.0,665718484.0
43.2,sysbench,stress-ng,9,0.4470762651478641,7449.5,3.6412941214970897e-06,918.0,2331.0,173487431.0,388048851.0,12205260.8,0.4470762651478641,0.3938223938223938,3.6412941214970897e-06,1.4815469110415767,0.6029540823156674,6.918611589521192e-05,918.0,2331.0,388048851.0,173487431.0,40536.0,67229.0,385814403.0,571602137.0
43.3,sysbench,stress-ng,9,0.4472261660248917,7478.9,3.917499865194191e-06,1315.0,2835.0,173524900.0,388002566.0,12253429.76,0.4472261660248917,0.4638447971781305,3.917499865194191e-06,1.4541881639903573,0.16969736329393428,6.632535350965978e-05,1315.0,2835.0,388002566.0,173524900.0,5226.0,30796.0,385523765.0,560624096.0
43.6,sysbench,stress-ng,9,0.4469280547970121,4960.8,3.647043191048458e-06,1022.0,2437.0,173401620.0,387985534.0,8127774.72,0.4469280547970121,0.4193680755026672,3.647043191048458e-06,1.6255241750845495,0.8511515948043413,0.00010807108174054986,1022.0,2437.0,387985534.0,173401620.0,238325.0,280003.0,385653584.0,626889224.0
43.7,sysbench,stress-ng,9,0.4471698653339267,4769.6,3.6918080877089447e-06,1106.0,2538.0,173450849.0,387885818.0,7814512.640000001,0.4471698653339267,0.43577620173364856,3.6918080877089447e-06,1.623125546506161,0.8601461472423326,0.00010732223689151397,1106.0,2538.0,387885818.0,173450849.0,254488.0,295866.0,385549176.0,625794717.0
43.9,sysbench,stress-ng,9,0.44708887062779074,4493.3,3.906307100511681e-06,1359.0,2875.0,173510866.0,388090327.0,7361822.72,0.44708887062779074,0.472695652173913,3.906307100511681e-06,1.7244796654253076,0.8845028034300791,0.00011624668872056673,1359.0,2875.0,388090327.0,173510866.0,343272.0,388096.0,385593779.0,664948631.0
44.0,sysbench,stress-ng,9,0.4471305914619519,4471.799999999999,3.633528654108829e-06,979.0,2388.0,173387102.0,387777319.0,7326597.119999999,0.4471305914619519,0.40996649916247907,3.633528654108829e-06,1.6357075927138918,0.8524312929057367,9.916489639467236e-05,979.0,2388.0,387777319.0,173387102.0,220778.0,258998.0,385418645.0,630432204.0
44.1,sysbench,stress-ng,9,0.4473714514311564,7028.7,3.703931635020794e-06,1059.0,2496.0,173564968.0,387966124.0,11515822.08,0.4473714514311564,0.42427884615384615,3.703931635020794e-06,1.4538890248481549,0.19307838386484186,6.395038805443182e-05,1059.0,2496.0,387966124.0,173564968.0,5897.0,30542.0,385376864.0,560295193.0
44.2,sysbench,stress-ng,9,0.4471634336470925,7508.8,3.64363846072928e-06,951.0,2364.0,173409612.0,387799178.0,12302417.92,0.4471634336470925,0.4022842639593909,3.64363846072928e-06,1.4564295994467995,0.17607361963190185,6.627287776516876e-05,951.0,2364.0,387799178.0,173409612.0,5453.0,30970.0,385029304.0,560768075.0
44.3,sysbench,stress-ng,9,0.4474015832702533,7430.699999999999,3.825154842538674e-06,1169.0,2653.0,173573091.0,387958151.0,12174458.879999999,0.4474015832702533,0.44063324538258575,3.825154842538674e-06,1.555137744858905,0.8004664262178288,9.295050282400191e-05,1169.0,2653.0,387958151.0,173573091.0,143815.0,179664.0,385678387.0,599783017.0
44.4,sysbench,stress-ng,9,0.44719646429275994,4832.6,3.7330208182178175e-06,950.0,2400.0,173702453.0,388425372.0,7917731.84,0.44719646429275994,0.3958333333333333,3.7330208182178175e-06,1.630140928229563,0.8461381362347928,0.00011317522714042237,950.0,2400.0,388425372.0,173702453.0,240299.0,283995.0,386091560.0,629383654.0
44.5,sysbench,stress-ng,9,0.4473313826679358,4799.7,3.5490244440063023e-06,957.0,2335.0,173687912.0,388275714.0,7863828.4799999995,0.4473313826679358,0.40985010706638114,3.5490244440063023e-06,1.6414322644251012,0.8510020233000395,0.00011451667513078277,957.0,2335.0,388275714.0,173687912.0,251940.0,296051.0,385192811.0,632267908.0
44.6,sysbench,stress-ng,9,0.44717342751860933,4760.9,4.063501779207344e-06,998.0,2576.0,173653097.0,388335009.0,7800258.56,0.44717342751860933,0.38742236024844723,4.063501779207344e-06,1.7196295063921772,0.8747979815452743,0.00013118607496310228,998.0,2576.0,388335009.0,173653097.0,354001.0,404666.0,386207149.0,664133209.0
44.7,sysbench,stress-ng,9,0.4469522521041659,4504.5,3.563593053153331e-06,1039.0,2423.0,173583770.0,388372067.0,7380172.800000001,0.4469522521041659,0.42880726372265787,3.563593053153331e-06,1.7256496141738369,0.8708418927941918,0.0001308868246434803,1039.0,2423.0,388372067.0,173583770.0,340406.0,390893.0,385730192.0,665635157.0
44.9,sysbench,stress-ng,9,0.44718928512348843,7340.5,3.6766435481087074e-06,1247.0,2676.0,173808932.0,388669715.0,12026675.2,0.44718928512348843,0.46599402092675635,3.6766435481087074e-06,1.505227723341884,0.7131555043317739,7.618821142668657e-05,1247.0,2676.0,388669715.0,173808932.0,73015.0,102383.0,385466458.0,580214799.0
45.0,sysbench,stress-ng,9,0.44719716113215197,7450.799999999999,3.697789053299102e-06,931.0,2367.0,173664618.0,388340162.0,12207390.719999999,0.44719716113215197,0.3933248838191804,3.697789053299102e-06,1.4530509834758767,0.1703964931940279,6.518290206824046e-05,931.0,2367.0,388340162.0,173664618.0,5170.0,30341.0,386159548.0,561109511.0
45.1,sysbench,stress-ng,9,0.4469759873366837,7372.7,3.5058758505013965e-06,943.0,2304.0,173518500.0,388205418.0,12079431.68,0.4469759873366837,0.4092881944444444,3.5058758505013965e-06,1.4573952503967291,0.3537208635842568,7.013124520507318e-05,943.0,2304.0,388205418.0,173518500.0,14811.0,41872.0,385862249.0,562353809.0
45.3,sysbench,stress-ng,9,0.4472672963930167,4791.2,3.4256999235785797e-06,922.0,2253.0,173778435.0,388533739.0,7849902.08,0.4472672963930167,0.40923213493120286,3.4256999235785797e-06,1.6206096359983206,0.8433715122586931,0.00012819002416776873,922.0,2253.0,388533739.0,173778435.0,266626.0,316143.0,386278108.0,626006024.0
45.4,sysbench,stress-ng,9,0.4472981229491953,4662.799999999999,3.7177888857935365e-06,1235.0,2678.0,173611577.0,388133927.0,7639531.52,0.4472981229491953,0.46116504854368934,3.7177888857935365e-06,1.6798673507175028,0.8605070146552545,0.0001329891760131438,1235.0,2678.0,388133927.0,173611577.0,316189.0,367445.0,385414825.0,647445781.0
45.5,sysbench,stress-ng,9,0.447129710234369,4471.9,3.691301954498244e-06,1208.0,2640.0,173459054.0,387939003.0,7326760.96,0.447129710234369,0.4575757575757576,3.691301954498244e-06,1.7237410435110527,0.8657752783197521,0.00013352619146683302,1208.0,2640.0,387939003.0,173459054.0,331914.0,383372.0,385377576.0,664291145.0
45.6,sysbench,stress-ng,9,0.44730371838115535,4520.5,3.6267836035871387e-06,1159.0,2566.0,173530158.0,387947050.0,7406387.2,0.44730371838115535,0.45167575993764614,3.6267836035871387e-06,1.6582079372888356,0.8513786437486067,0.00011578853959055209,1159.0,2566.0,387947050.0,173530158.0,255881.0,300549.0,385772203.0,639690529.0
45.7,sysbench,stress-ng,9,0.44715075761880996,7341.2,3.877933925958079e-06,1111.0,2616.0,173536193.0,388093255.0,12027822.08,0.44715075761880996,0.4246941896024465,3.877933925958079e-06,1.454017591446054,0.1960030745580323,6.512360389458243e-05,1111.0,2616.0,388093255.0,173536193.0,6120.0,31224.0,385482352.0,560498121.0
45.8,sysbench,stress-ng,9,0.4473598452936307,7482.5,3.6340872379277283e-06,992.0,2401.0,173449337.0,387717715.0,12259328.0,0.4473598452936307,0.41316118284048314,3.6340872379277283e-06,1.4530798784964636,0.20963146769598381,6.693603526053352e-05,992.0,2401.0,387717715.0,173449337.0,6843.0,32643.0,385442608.0,560078898.0
45.9,sysbench,stress-ng,9,0.4472579085715936,7344.9,3.7789466053326967e-06,1061.0,2527.0,173508695.0,387938797.0,12033884.16,0.4472579085715936,0.41986545310645035,3.7789466053326967e-06,1.5237936360580486,0.7525902362535543,8.792745251660932e-05,1061.0,2527.0,387938797.0,173508695.0,100312.0,133289.0,375047827.0,571495492.0
46.0,sysbench,stress-ng,9,0.4471315572917717,4832.6,3.968675890615066e-06,1188.0,2728.0,173504367.0,388038742.0,7917731.840000001,0.4471315572917717,0.43548387096774194,3.968675890615066e-06,1.6319946047635614,0.8389308765128249,0.00011504011449388723,1188.0,2728.0,388038742.0,173504367.0,231107.0,275478.0,385700242.0,629460714.0
46.1,sysbench,stress-ng,9,0.44734441298835637,4828.3,3.7315153638010934e-06,1005.0,2412.0,168675063.0,377058611.0,7910686.72,0.44734441298835637,0.4166666666666667,3.7315153638010934e-06,1.6262753134691807,0.8483832402117804,0.00011286745206990331,1005.0,2412.0,377058611.0,168675063.0,243402.0,286901.0,385398972.0,626764834.0
46.3,sysbench,stress-ng,9,0.4470552673220488,4516.5,3.7193803750459244e-06,1161.0,2604.0,173443070.0,387967848.0,7399833.6,0.4470552673220488,0.44585253456221197,3.7193803750459244e-06,1.7182932850052448,0.884050170111207,0.00011830024085631658,1161.0,2604.0,387967848.0,173443070.0,348192.0,393860.0,386034717.0,663320862.0
46.4,sysbench,stress-ng,9,0.4470874618780812,4456.400000000001,3.5385199404831247e-06,999.0,2373.0,173603140.0,388297939.0,7301365.760000001,0.4470874618780812,0.42098609355246525,3.5385199404831247e-06,1.7257889912751394,0.8809175476130547,0.00011773562368881607,999.0,2373.0,388297939.0,173603140.0,335989.0,381408.0,385771091.0,665759502.0
46.5,sysbench,stress-ng,9,0.4470165402724179,7380.4,3.2398112032419422e-06,1057.0,2317.0,173849896.0,388911551.0,12092047.36,0.4470165402724179,0.4561933534743202,3.2398112032419422e-06,1.546381838062363,0.8001036256334433,8.190168632481024e-05,1057.0,2317.0,388911551.0,173849896.0,126626.0,158262.0,386267993.0,597317809.0
46.7,sysbench,stress-ng,9,0.4471444794521691,7335.0,3.680556121514086e-06,980.0,2408.0,173485282.0,387984846.0,12017664.0,0.4471444794521691,0.4069767441860465,3.680556121514086e-06,1.451648951438558,0.1597773459372221,6.616292139316362e-05,980.0,2408.0,387984846.0,173485282.0,4851.0,30361.0,385563386.0,559702685.0
46.8,sysbench,stress-ng,9,0.44727962191887544,4831.3,3.6471786211039354e-06,1027.0,2442.0,173531579.0,387971127.0,7915601.92,0.44727962191887544,0.42055692055692057,3.6471786211039354e-06,1.6059794228434454,0.8381575477008711,0.00010665514843985099,1027.0,2442.0,387971127.0,173531579.0,212918.0,254031.0,385476000.0,619066524.0
46.9,sysbench,stress-ng,9,0.447216176496314,4738.5,3.815268789217902e-06,1065.0,2545.0,173481864.0,387915002.0,7763558.4,0.447216176496314,0.41846758349705304,3.815268789217902e-06,1.618715337565392,0.8635226110021311,0.00010855776577268221,1065.0,2545.0,387915002.0,173481864.0,265003.0,306886.0,385813025.0,624521461.0
47.0,sysbench,stress-ng,9,0.44709915400131933,4664.2,3.677923435459052e-06,1185.0,2612.0,173470303.0,387990676.0,7641825.28,0.44709915400131933,0.45367534456355285,3.677923435459052e-06,1.6651551923791013,0.8685806749323003,0.00011227308732166001,1185.0,2612.0,387990676.0,173470303.0,286107.0,329396.0,385568804.0,642031896.0
47.1,sysbench,stress-ng,9,0.4469831979486287,4564.700000000001,3.4448772219496697e-06,988.0,2326.0,173609531.0,388402812.0,7478804.48,0.4469831979486287,0.4247635425623388,3.4448772219496697e-06,1.7206067051726215,0.8796915139405755,0.00011565101889070525,988.0,2326.0,388402812.0,173609531.0,326684.0,371362.0,386317392.0,664700295.0
47.2,sysbench,stress-ng,9,0.4471263493444161,4494.7,3.309861098420459e-06,1041.0,2331.0,174265014.0,389744452.0,7364116.4799999995,0.4471263493444161,0.4465894465894466,3.309861098420459e-06,1.6984001371430268,0.8806116691742633,0.00011121229777638262,1041.0,2331.0,389744452.0,174265014.0,318401.0,361568.0,388149520.0,659233198.0
47.3,sysbench,stress-ng,9,0.4472089657937965,7413.8,3.2685234339950692e-06,1332.0,2603.0,173901949.0,388860605.0,12146769.92,0.4472089657937965,0.5117172493276988,3.2685234339950692e-06,1.4511887136365704,0.2066313505233597,6.442550326758918e-05,1332.0,2603.0,388860605.0,173901949.0,6475.0,31336.0,385887556.0,559995666.0
47.4,sysbench,stress-ng,9,0.4472642509262394,7467.3,3.7492533745585025e-06,1197.0,2653.0,173692382.0,388343986.0,12234424.32,0.4472642509262394,0.45118733509234826,3.7492533745585025e-06,1.452493723116437,0.1769670132203825,6.640322724292681e-05,1197.0,2653.0,388343986.0,173692382.0,5515.0,31164.0,386261347.0,561042182.0
47.6,sysbench,stress-ng,9,0.4473527302692779,4859.700000000001,3.879350758249651e-06,1214.0,2719.0,173551169.0,387951514.0,7962132.48,0.4473527302692779,0.446487679293858,3.879350758249651e-06,1.5075886929112796,0.713207302501783,8.01822045884156e-05,1214.0,2719.0,387951514.0,173551169.0,77000.0,107963.0,386158003.0,582167439.0
47.7,sysbench,stress-ng,9,0.46802820018366376,5007.4,3.1916546793111986e-05,33216.0,45352.0,177963809.0,380241637.0,8204124.16,0.46802820018366376,0.7324043041100723,3.1916546793111986e-05,1.6292488374411664,0.8481416894515131,0.00010979313004757325,33216.0,45352.0,380241637.0,177963809.0,236372.0,278694.0,385470384.0,628027175.0
47.8,sysbench,stress-ng,9,0.4471444455840394,4724.7,3.50032149731237e-06,1194.0,2552.0,173476110.0,387964363.0,7740948.4799999995,0.4471444455840394,0.46786833855799376,3.50032149731237e-06,1.6228593817416834,0.8516837883072661,0.00010659919369964805,1194.0,2552.0,387964363.0,173476110.0,236114.0,277232.0,385725244.0,625977831.0
48.0,sysbench,stress-ng,9,0.4470376647973411,4475.7,3.7043725893318472e-06,1316.0,2753.0,173414825.0,387919942.0,7332986.88,0.4470376647973411,0.4780239738467127,3.7043725893318472e-06,1.7263358351226727,0.8885961573386473,0.00011617899469921531,1316.0,2753.0,387919942.0,173414825.0,357181.0,401961.0,385439727.0,665398413.0
48.1,sysbench,stress-ng,9,0.4469323244326193,7453.199999999999,3.7037105290162844e-06,1138.0,2575.0,173404953.0,387989285.0,12211322.879999999,0.4469323244326193,0.4419417475728155,3.7037105290162844e-06,1.5784911134089439,0.8231539837329132,8.612055382875359e-05,1138.0,2575.0,387989285.0,173404953.0,154641.0,187864.0,385773181.0,608939538.0
48.2,sysbench,stress-ng,9,0.44709017974681925,7473.3,3.649632938811535e-06,1021.0,2437.0,173463936.0,387984223.0,12244254.72,0.44709017974681925,0.41895773491998356,3.649632938811535e-06,1.451356061762147,0.17154770503644362,6.543591478073331e-05,1021.0,2437.0,387984223.0,173463936.0,5225.0,30458.0,385613926.0,559663109.0
48.3,sysbench,stress-ng,9,0.4474047463253137,7300.4,3.9157148134943105e-06,1295.0,2814.0,173559067.0,387924063.0,11960975.36,0.4474047463253137,0.4601990049751244,3.9157148134943105e-06,1.4573575138745238,0.16982612106157668,6.591287474807106e-05,1295.0,2814.0,387924063.0,173559067.0,5196.0,30596.0,385357187.0,561603192.0
48.4,sysbench,stress-ng,9,0.44688968436190285,4782.8,3.978072626493732e-06,1040.0,2583.0,173337907.0,387876277.0,7836139.5200000005,0.44688968436190285,0.40263259775454896,3.978072626493732e-06,1.5927762979313236,0.8289307732336105,0.0001006056586694254,1040.0,2583.0,387876277.0,173337907.0,187970.0,226762.0,385584673.0,614150128.0
48.5,sysbench,stress-ng,9,0.447049722106339,4857.4,3.923764514122883e-06,1101.0,2623.0,173407368.0,387892799.0,7958364.159999999,0.447049722106339,0.4197483797178803,3.923764514122883e-06,1.6317143164261172,0.8514495983341475,0.00010810377861031165,1101.0,2623.0,387892799.0,173407368.0,238795.0,280457.0,385388934.0,628844641.0
48.7,sysbench,stress-ng,9,0.4468439046451889,4682.6,3.859354261610348e-06,1041.0,2538.0,173325712.0,387888724.0,7671971.84,0.4468439046451889,0.4101654846335697,3.859354261610348e-06,1.7257087380398817,0.8803796982632006,0.00011726490720274701,1041.0,2538.0,387888724.0,173325712.0,332677.0,377879.0,385469115.0,665207420.0
48.8,sysbench,stress-ng,9,0.4476272049948584,4501.7,3.874754737757102e-06,1728.0,3231.0,173632587.0,387895519.0,7375585.279999999,0.4476272049948584,0.5348189415041783,3.874754737757102e-06,1.729593700469687,0.8781025233675368,0.0001162717513023993,1728.0,3231.0,387895519.0,173632587.0,322794.0,367604.0,385390256.0,666568559.0
49.0,sysbench,stress-ng,9,0.446850726750011,7430.700000000001,3.8077645061874048e-06,1027.0,2504.0,173329659.0,387891635.0,12174458.88,0.446850726750011,0.41014376996805113,3.8077645061874048e-06,1.4571010749713909,0.21595500533341952,6.290659311823657e-05,1027.0,2504.0,387891635.0,173329659.0,6681.0,30937.0,385587564.0,561840054.0
49.1,sysbench,stress-ng,9,0.44731669120314455,7472.5,3.970143950330097e-06,1027.0,2567.0,173512022.0,387895255.0,12242944.0,0.44731669120314455,0.4000779119594858,3.970143950330097e-06,1.4578100644336685,0.17496914983438333,6.588942902118185e-05,1027.0,2567.0,387895255.0,173512022.0,5388.0,30794.0,385585372.0,562110236.0
49.2,sysbench,stress-ng,9,0.4473082036066376,7253.3,3.820138477081226e-06,1017.0,2499.0,173530557.0,387944052.0,11883806.72,0.4473082036066376,0.4069627851140456,3.820138477081226e-06,1.5011638524958326,0.6698466368796039,7.808260729628767e-05,1017.0,2499.0,387944052.0,173530557.0,61017.0,91091.0,385156196.0,578182559.0
49.4,sysbench,stress-ng,9,0.44724544112084325,4805.400000000001,3.8433899683180934e-06,1257.0,2748.0,173503849.0,387938776.0,7873167.36,0.44724544112084325,0.4574235807860262,3.8433899683180934e-06,1.6301297444441973,0.8516781351954252,0.00010582287540009241,1257.0,2748.0,387938776.0,173503849.0,234421.0,275246.0,385786153.0,628881483.0
49.5,sysbench,stress-ng,9,0.44725448342275037,4659.5,3.974783816805338e-06,1785.0,3327.0,173510421.0,387945627.0,7634124.8,0.44725448342275037,0.5365193868349865,3.974783816805338e-06,1.7045202874952423,0.8818014214717041,0.00011476342817850841,1785.0,3327.0,387945627.0,173510421.0,330023.0,374260.0,385462518.0,657028682.0
49.6,sysbench,stress-ng,9,0.4473644163598478,4537.9,3.650485512381824e-06,992.0,2408.0,173529798.0,387893609.0,7434895.359999999,0.4473644163598478,0.4119601328903654,3.650485512381824e-06,1.7215114678972387,0.8862352880446005,0.00011425436462909865,992.0,2408.0,387893609.0,173529798.0,343363.0,387440.0,385779573.0,664123959.0
49.7,sysbench,stress-ng,9,0.4470390224192131,4588.3,3.5720917297795698e-06,976.0,2362.0,173454696.0,388007953.0,7517470.72,0.4470390224192131,0.41320914479254867,3.5720917297795698e-06,1.5952712114853485,0.8357975365847893,9.00515363013021e-05,976.0,2362.0,388007953.0,173454696.0,176767.0,211495.0,385645836.0,615209700.0
49.8,sysbench,stress-ng,9,0.4469482122669525,7502.799999999999,3.6402753714663834e-06,1110.0,2522.0,173363499.0,387882744.0,12292587.52,0.4469482122669525,0.4401268834258525,3.6402753714663834e-06,1.4533788279100408,0.18682470041254665,6.444295837351785e-05,1110.0,2522.0,387882744.0,173363499.0,5706.0,30542.0,385395094.0,560125070.0
49.9,sysbench,stress-ng,9,0.44726799405273016,7466.1,3.7661244258632246e-06,1035.0,2496.0,173509546.0,387931952.0,12232458.24,0.44726799405273016,0.41466346153846156,3.7661244258632246e-06,1.451278712737961,0.20607152844669546,6.623705774009611e-05,1035.0,2496.0,387931952.0,173509546.0,6632.0,32183.0,385750830.0,559831968.0
50.0,sysbench,stress-ng,9,0.44722759714639015,7147.3,3.70370399007995e-06,1000.0,2437.0,173519822.0,387989970.0,11710136.32,0.44722759714639015,0.4103405826836274,3.70370399007995e-06,1.578390382725959,0.8156226586221854,9.701272720096065e-05,1000.0,2437.0,387989970.0,173519822.0,165467.0,202872.0,385567967.0,608576771.0
50.1,sysbench,stress-ng,9,0.4470219929408371,4851.0,3.520545550748708e-06,1048.0,2414.0,173448130.0,388008046.0,7947878.4,0.4470219929408371,0.43413421706710853,3.520545550748708e-06,1.6248075795650334,0.859050455237796,0.00010709030670345206,1048.0,2414.0,388008046.0,173448130.0,251542.0,292814.0,385394358.0,626191674.0
50.3,sysbench,stress-ng,9,0.44702152491169944,4682.5,3.6099771599839355e-06,1347.0,2747.0,173361245.0,387814088.0,7671808.0,0.44702152491169944,0.4903531124863487,3.6099771599839355e-06,1.6564531600935428,0.8600074266617156,0.00010948102542846939,1347.0,2747.0,387814088.0,173361245.0,259392.0,301616.0,385674137.0,638851143.0
50.4,sysbench,stress-ng,9,0.44693385503699284,4515.2,3.7461523045375042e-06,967.0,2420.0,173349837.0,387864636.0,7397703.68,0.44693385503699284,0.3995867768595041,3.7461523045375042e-06,1.724496839514981,0.8815984918489413,0.00011601004306917595,967.0,2420.0,387864636.0,173349837.0,332963.0,377681.0,385466627.0,664735980.0
50.5,sysbench,stress-ng,9,0.4472461164959265,4603.4,3.6576736569175055e-06,950.0,2369.0,173509804.0,387951505.0,7542210.56,0.4472461164959265,0.40101308569016464,3.6576736569175055e-06,1.7261761489112293,0.8806474822039906,0.00011747574098192629,950.0,2369.0,387951505.0,173509804.0,334152.0,379439.0,385500867.0,665442402.0
50.7,sysbench,stress-ng,9,0.4473076095912002,7455.2,3.66309095027426e-06,889.0,2310.0,173521248.0,387923756.0,12214599.68,0.4473076095912002,0.38484848484848483,3.66309095027426e-06,1.4553406939436069,0.16813357494175513,6.672615541692703e-05,889.0,2310.0,387923756.0,173521248.0,5196.0,30904.0,385276206.0,560708141.0
50.8,sysbench,stress-ng,9,0.44736193386904716,7246.2,3.714851016132015e-06,989.0,2430.0,173532813.0,387902501.0,11872174.08,0.44736193386904716,0.40699588477366255,3.714851016132015e-06,1.48461458598142,0.6260833191722984,7.418294930752959e-05,989.0,2430.0,387902501.0,173532813.0,47896.0,76501.0,385600738.0,572468480.0
50.9,sysbench,stress-ng,9,0.4471373387244303,4794.0,3.6861337628756652e-06,1223.0,2653.0,173462613.0,387940344.0,7854489.600000001,0.4471373387244303,0.4609875612514135,3.6861337628756652e-06,1.6278582029206723,0.8537959772757823,0.00010726074425160619,1223.0,2653.0,387940344.0,173462613.0,241363.0,282694.0,385332027.0,627265901.0
51.0,sysbench,stress-ng,9,0.4473507989464524,4816.8,3.6836607720661694e-06,979.0,2408.0,173540489.0,387929315.0,7891845.12,0.4473507989464524,0.4065614617940199,3.6836607720661694e-06,1.6321559785167923,0.8541054936617065,0.00010651694749103792,979.0,2408.0,387929315.0,173540489.0,240265.0,281306.0,385300189.0,628870007.0
51.1,sysbench,stress-ng,9,0.44705683631461046,4637.2,3.6373385302677608e-06,969.0,2380.0,173422735.0,387921000.0,7597588.4799999995,0.44705683631461046,0.40714285714285714,3.6373385302677608e-06,1.6898523689818457,0.8811194092246614,0.0001142791678986283,969.0,2380.0,387921000.0,173422735.0,326690.0,370767.0,385695843.0,651769034.0
51.2,sysbench,stress-ng,9,0.44718787335840865,4525.400000000001,3.5298562203567867e-06,1009.0,2380.0,173688257.0,388401089.0,7414415.36,0.44718787335840865,0.42394957983193277,3.5298562203567867e-06,1.7253836362647648,0.8814906748085553,0.00011777630724095793,1009.0,2380.0,388401089.0,173688257.0,338079.0,383531.0,385918026.0,665856647.0
51.3,sysbench,stress-ng,9,0.44698244893913874,4574.8,3.544518061879455e-06,1571.0,2948.0,173646973.0,388487229.0,7495352.32,0.44698244893913874,0.5329036635006784,3.544518061879455e-06,1.6183213674491765,0.8592714779848462,9.350062123452275e-05,1571.0,2948.0,388487229.0,173646973.0,220349.0,256437.0,385965350.0,624615973.0
51.4,sysbench,stress-ng,9,0.4471763650915986,7596.7,3.821834399178434e-06,1122.0,2605.0,173519436.0,388033558.0,12446433.28,0.4471763650915986,0.4307101727447217,3.821834399178434e-06,1.449272118813848,0.1859857482185273,6.455967349065564e-05,1122.0,2605.0,388033558.0,173519436.0,5481.0,29470.0,371578707.0,538518660.0
51.5,sysbench,stress-ng,9,0.44722169943241225,7454.6,3.6517758406803546e-06,1167.0,2584.0,173535610.0,388030389.0,12213616.64,0.44722169943241225,0.451625386996904,3.6517758406803546e-06,1.4541880420314535,0.16899665551839466,6.626444757707329e-05,1167.0,2584.0,388030389.0,173535610.0,5053.0,29900.0,374967285.0,545272942.0
51.6,sysbench,stress-ng,9,0.44700301772459855,7222.9,3.559774351858274e-06,981.0,2362.0,173413005.0,387945938.0,11833999.36,0.44700301772459855,0.4153259949195597,3.559774351858274e-06,1.5402262747296434,0.7813894572737017,8.982708430404783e-05,981.0,2362.0,387945938.0,173413005.0,120291.0,153945.0,374653149.0,577050624.0
51.8,sysbench,stress-ng,9,0.44705745464943125,4815.0,3.7319308022607162e-06,1092.0,2540.0,173459592.0,388002907.0,7888896.0,0.44705745464943125,0.42992125984251967,3.7319308022607162e-06,1.6291433605518622,0.853121448733458,0.00010685864678089668,1092.0,2540.0,388002907.0,173459592.0,232723.0,272790.0,374953279.0,610852645.0
51.9,sysbench,stress-ng,9,0.4471320689349694,4695.8,3.5470590933497336e-06,1017.0,2393.0,173454603.0,387927002.0,7693598.720000001,0.4471320689349694,0.42498955286251566,3.5470590933497336e-06,1.619757961779765,0.8579250009827851,0.00010617871503472553,1017.0,2393.0,387927002.0,173454603.0,240062.0,279817.0,374415908.0,606463148.0
52.1,sysbench,stress-ng,9,0.4474140310382585,4832.4,3.665246198182785e-06,1012.0,2434.0,173582542.0,387968481.0,7917404.16,0.4474140310382585,0.41577649958915364,3.665246198182785e-06,1.7173549869739066,0.8801270058538254,0.00011407544381892635,1012.0,2434.0,387968481.0,173582542.0,313782.0,356519.0,374638034.0,643386496.0
52.2,sysbench,stress-ng,9,0.44727793991156345,7491.6,3.6451868152675633e-06,896.0,2271.0,168717599.0,377209748.0,12274237.440000001,0.44727793991156345,0.3945398502862175,3.6451868152675633e-06,1.566230489526702,0.7954359812129875,8.547102824769224e-05,896.0,2271.0,377209748.0,168717599.0,124648.0,156704.0,375051063.0,587416410.0
52.3,sysbench,stress-ng,9,0.4471544629661602,7438.8,3.5817192633170724e-06,923.0,2274.0,168663604.0,377193158.0,12187729.92,0.4471544629661602,0.40589270008795075,3.5817192633170724e-06,1.4496763314956422,0.18250686426941018,6.597767044053762e-05,923.0,2274.0,377193158.0,168663604.0,5517.0,30229.0,374550963.0,542977666.0
52.4,sysbench,stress-ng,9,0.4476315503933315,7179.9,3.9090033350242735e-06,1317.0,2791.0,168792106.0,377078215.0,11763548.16,0.4476315503933315,0.47187388032963096,3.9090033350242735e-06,1.4570508294926439,0.1648812921857685,6.632655360863898e-05,1317.0,2791.0,377078215.0,168792106.0,4910.0,29779.0,374947870.0,546318105.0
52.5,sysbench,stress-ng,9,0.4476410384110599,4797.8,3.7813617986895416e-06,1051.0,2477.0,168811173.0,377112817.0,7860715.5200000005,0.4476410384110599,0.42430359305611626,3.7813617986895416e-06,1.5840928968029906,0.8239942802669209,9.861169891156969e-05,1051.0,2477.0,377112817.0,168811173.0,172874.0,209800.0,374458613.0,593177229.0
52.6,sysbench,stress-ng,9,0.4477388862510542,4929.0,3.961635637164378e-06,966.0,2460.0,168849929.0,377116963.0,8075673.600000001,0.4477388862510542,0.3926829268292683,3.961635637164378e-06,1.6325249836259714,0.8511968645262907,0.0001084050059053563,966.0,2460.0,377116963.0,168849929.0,232381.0,273005.0,374742842.0,611777052.0
52.7,sysbench,stress-ng,9,0.44722717318803284,4569.8,3.834380118663776e-06,1074.0,2520.0,168655812.0,377114411.0,7487160.32,0.44722717318803284,0.4261904761904762,3.834380118663776e-06,1.6503826160586412,0.8550982504891258,0.00010917783018348049,1074.0,2520.0,377114411.0,168655812.0,241254.0,282136.0,374453311.0,617991235.0
52.8,sysbench,stress-ng,9,0.4469663446285302,4542.200000000001,3.780950079150981e-06,1090.0,2516.0,168575092.0,377153882.0,7441940.48,0.4469663446285302,0.4332273449920509,3.780950079150981e-06,1.7293641274050955,0.8751040612623017,0.00011887104139897304,1090.0,2516.0,377153882.0,168575092.0,312203.0,356761.0,374843187.0,648240361.0
52.9,sysbench,stress-ng,9,0.44717637457301856,4601.8,3.6117197888728627e-06,1104.0,2466.0,168632745.0,377105667.0,7539589.12,0.44717637457301856,0.44768856447688565,3.6117197888728627e-06,1.7227166155030016,0.8799829560293047,0.00011654023047342784,1104.0,2466.0,377105667.0,168632745.0,320107.0,363765.0,374617416.0,645359647.0
53.0,sysbench,stress-ng,9,0.4471850228557053,7495.299999999999,3.582565208547246e-06,995.0,2346.0,168635302.0,377104092.0,12280299.52,0.4471850228557053,0.42412617220801363,3.582565208547246e-06,1.4988635173682063,0.676189909566873,7.259848981695533e-05,995.0,2346.0,377104092.0,168635302.0,56827.0,84040.0,374842508.0,561837760.0
53.1,sysbench,stress-ng,9,0.4472128062972315,7450.599999999999,3.4148004956498078e-06,968.0,2256.0,168680453.0,377181625.0,12207063.04,0.4472128062972315,0.42907801418439717,3.4148004956498078e-06,1.4529191269391897,0.16977156426636342,6.6270695058866e-05,968.0,2256.0,377181625.0,168680453.0,5076.0,29899.0,374569785.0,544219605.0
53.2,sysbench,stress-ng,9,0.4475317048760349,7198.7,3.570968992377532e-06,893.0,2240.0,168812781.0,377208540.0,11794350.08,0.4475317048760349,0.3986607142857143,3.570968992377532e-06,1.4591386566840194,0.264896152536602,6.908720079926115e-05,893.0,2240.0,377208540.0,168812781.0,9336.0,35244.0,375004338.0,547183326.0
53.3,sysbench,stress-ng,9,0.4470687379511505,4828.7,3.7443874793994045e-06,1308.0,2720.0,168588604.0,377097725.0,7911342.08,0.4470687379511505,0.4808823529411765,3.7443874793994045e-06,1.6264792360611486,0.8433795447378564,0.00010739793696812143,1308.0,2720.0,377097725.0,168588604.0,216633.0,256863.0,374588201.0,609259931.0
53.4,sysbench,stress-ng,9,0.4469091574097065,4791.9,4.158337747765989e-06,970.0,2538.0,168517711.0,377073748.0,7851048.96,0.4469091574097065,0.3821907013396375,4.158337747765989e-06,1.63513081825511,0.8498067407619077,0.0001066628324369892,970.0,2538.0,377073748.0,168517711.0,226018.0,265964.0,374507212.0,612368284.0
53.5,sysbench,stress-ng,9,0.44782309418571176,4676.0,3.982920821843732e-06,1305.0,2807.0,168878649.0,377110183.0,7661158.4,0.44782309418571176,0.464909155682223,3.982920821843732e-06,1.6695680472589514,0.8660115456963092,0.00011028095144118087,1305.0,2807.0,377110183.0,168878649.0,267026.0,308340.0,374624987.0,625461908.0
53.6,sysbench,stress-ng,9,0.4469454627528554,4474.3,3.94570819022396e-06,939.0,2427.0,168551453.0,377118613.0,7330693.12,0.4469454627528554,0.3868974042027194,3.94570819022396e-06,1.733846081025059,0.8820146716668599,0.00011687346082648785,939.0,2427.0,377118613.0,168551453.0,327156.0,370919.0,374447712.0,649234698.0
53.9,sysbench,stress-ng,9,0.4471750147244646,7491.3,3.456899579092533e-06,1128.0,2473.0,173985498.0,389076966.0,12273745.92,0.4471750147244646,0.4561261625556005,3.456899579092533e-06,1.4494843944742024,0.2379503105590062,6.34394929225332e-05,1128.0,2473.0,389076966.0,173985498.0,7662.0,32200.0,386793760.0,560651519.0
54.1,sysbench,stress-ng,9,0.4470868135155228,7056.900000000001,3.14004980669789e-06,982.0,2202.0,173706134.0,388528869.0,11562024.96,0.4470868135155228,0.44595821980018163,3.14004980669789e-06,1.50640346345083,0.7352805376472801,8.004148341191448e-05,982.0,2202.0,388528869.0,173706134.0,85994.0,116954.0,386799428.0,582675998.0
54.2,sysbench,stress-ng,9,0.4470125043121493,4827.0,3.2996287359589864e-06,896.0,2179.0,173812598.0,388831624.0,7908556.8,0.4470125043121493,0.4111977971546581,3.2996287359589864e-06,1.6269468346559632,0.850427397441116,0.00010553233908491655,896.0,2179.0,388831624.0,173812598.0,231909.0,272697.0,386497640.0,628811112.0
54.3,sysbench,stress-ng,9,0.4472506730104253,4813.8,3.421506992001319e-06,1207.0,2537.0,173854210.0,388717604.0,7886929.92,0.4472506730104253,0.4757587702010248,3.421506992001319e-06,1.6245760906561717,0.8544409321160933,0.00010636412488094983,1207.0,2537.0,388717604.0,173854210.0,241377.0,282497.0,386596515.0,628055455.0
54.4,sysbench,stress-ng,9,0.44701284941196695,4503.5,3.398165232581773e-06,918.0,2239.0,173771413.0,388739190.0,7378534.4,0.44701284941196695,0.4100044662795891,3.398165232581773e-06,1.706889408334715,0.8780366280635604,0.00011739000194550894,918.0,2239.0,388739190.0,173771413.0,326015.0,371300.0,385765391.0,658458860.0
54.5,sysbench,stress-ng,9,0.44721635414019817,4489.7,3.372840434716373e-06,932.0,2243.0,173829937.0,388693158.0,7355924.4799999995,0.44721635414019817,0.415514935354436,3.372840434716373e-06,1.7256576943864566,0.880157780792811,0.00011598910348379562,932.0,2243.0,388693158.0,173829937.0,328900.0,373683.0,386096613.0,666270591.0
54.6,sysbench,stress-ng,9,0.4470798514492033,4660.5,3.5930386660773638e-06,919.0,2314.0,173579093.0,388250762.0,7635763.2,0.4470798514492033,0.39714779602420053,3.5930386660773638e-06,1.5744510643389193,0.8235433942897274,8.464734100552043e-05,919.0,2314.0,388250762.0,173579093.0,152442.0,185105.0,385871542.0,607535860.0
54.7,sysbench,stress-ng,9,0.447050166957288,7489.6,3.6339155909035144e-06,865.0,2275.0,173460478.0,388011214.0,12270960.64,0.447050166957288,0.3802197802197802,3.6339155909035144e-06,1.4544395043512741,0.18309086803651495,6.566537407651342e-05,865.0,2275.0,388011214.0,173460478.0,5676.0,31001.0,385667490.0,560930033.0
54.8,sysbench,stress-ng,9,0.4475008072033904,7479.9,3.7068947112547363e-06,1269.0,2707.0,173597097.0,387925774.0,12255068.16,0.4475008072033904,0.46878463243442925,3.7068947112547363e-06,1.4552964244632693,0.17476755370310998,6.680017878436288e-05,1269.0,2707.0,387925774.0,173597097.0,5451.0,31190.0,385313340.0,560745126.0
54.9,sysbench,stress-ng,9,0.44713918639297395,7127.4,3.928570615643079e-06,1160.0,2684.0,173457521.0,387927353.0,11677532.16,0.44713918639297395,0.43219076005961254,3.928570615643079e-06,1.5948295890268522,0.8264056029947664,9.965245496711832e-05,1160.0,2684.0,387927353.0,173457521.0,183010.0,221453.0,385770727.0,615238570.0
55.0,sysbench,stress-ng,9,0.44696135927102165,4821.6,3.626420930693328e-06,989.0,2396.0,173414682.0,387985848.0,7899709.44,0.44696135927102165,0.412771285475793,3.626420930693328e-06,1.6294760396208017,0.851065820343423,0.00010732775432481513,989.0,2396.0,387985848.0,173414682.0,236518.0,277908.0,385641163.0,628393035.0
55.1,sysbench,stress-ng,9,0.44739626939887644,4780.700000000001,3.7216768311872318e-06,858.0,2302.0,173588477.0,387997149.0,7832698.880000001,0.44739626939887644,0.37271937445699393,3.7216768311872318e-06,1.6587978680560453,0.8674730791848194,0.00010874517303205937,858.0,2302.0,387997149.0,173588477.0,274380.0,316298.0,385469983.0,639416786.0
55.4,sysbench,stress-ng,9,0.44747286939612474,4651.0,4.0159290821773486e-06,1334.0,2892.0,173599363.0,387955058.0,7620198.399999999,0.44747286939612474,0.4612724757952974,4.0159290821773486e-06,1.7260268172973268,0.8814601160656977,0.00011547219006575646,1334.0,2892.0,387955058.0,173599363.0,330968.0,375477.0,385452116.0,665300689.0
55.5,sysbench,stress-ng,9,0.4472330153672748,7493.199999999999,3.924062268165474e-06,1039.0,2519.0,168678481.0,377160172.0,12276858.879999999,0.4472330153672748,0.41246526399364825,3.924062268165474e-06,1.4504955679396299,0.21233218961324493,6.367993763659021e-05,1039.0,2519.0,377160172.0,168678481.0,6374.0,30019.0,371310037.0,538583563.0
55.6,sysbench,stress-ng,9,0.4471798014227146,7399.200000000001,3.8578785540149364e-06,1046.0,2501.0,168653990.0,377150286.0,12122849.280000001,0.4471798014227146,0.41823270691723313,3.8578785540149364e-06,1.4571133796722284,0.17522861753630983,6.545907009942228e-05,1046.0,2501.0,377150286.0,168653990.0,5212.0,29744.0,374768538.0,546080251.0
55.7,sysbench,stress-ng,9,0.44706776557694394,7242.799999999999,3.8606261972813394e-06,901.0,2357.0,168607535.0,377140890.0,11866603.52,0.44706776557694394,0.38226559185405173,3.8606261972813394e-06,1.4742890439280407,0.5887834863777794,7.23058352202137e-05,901.0,2357.0,377140890.0,168607535.0,38792.0,65885.0,374700049.0,552416177.0
55.8,sysbench,stress-ng,9,0.4477576355123146,4829.0,3.868002047770159e-06,947.0,2405.0,168777220.0,376938787.0,7911833.600000001,0.4477576355123146,0.3937629937629938,3.868002047770159e-06,1.6328178133979736,0.8516339018356984,0.0001064461826384259,947.0,2405.0,376938787.0,168777220.0,228949.0,268835.0,374705781.0,611826274.0
55.9,sysbench,stress-ng,9,0.4472738435206765,4814.599999999999,3.7647241776024328e-06,1064.0,2484.0,168705283.0,377185667.0,7888240.64,0.4472738435206765,0.428341384863124,3.7647241776024328e-06,1.6224952088010938,0.8528711604412935,0.00010552710983448075,1064.0,2484.0,377185667.0,168705283.0,229291.0,268846.0,374832591.0,608164083.0
56.0,sysbench,stress-ng,9,0.44714268729642276,4620.6,3.857477832791539e-06,1034.0,2489.0,168657511.0,377189465.0,7570391.04,0.44714268729642276,0.41542788268380876,3.857477832791539e-06,1.6891762115075786,0.8712490233421233,0.00011250853668690149,1034.0,2489.0,377189465.0,168657511.0,285463.0,327648.0,374949326.0,633355482.0
56.1,sysbench,stress-ng,9,0.44724703904784957,4377.0,3.7995240853475675e-06,976.0,2409.0,168680338.0,377152498.0,7171276.8,0.44724703904784957,0.4051473640514736,3.7995240853475675e-06,1.717520950506141,0.8805589774306929,0.00011278887836025495,976.0,2409.0,377152498.0,168680338.0,311658.0,353932.0,374806458.0,643737944.0
56.2,sysbench,stress-ng,9,0.44775651249121257,4744.599999999999,4.22267829857524e-06,1072.0,2665.0,168915573.0,377248724.0,7773552.64,0.44775651249121257,0.4022514071294559,4.22267829857524e-06,1.672229826407054,0.8737734062940131,0.0001021062623012145,1072.0,2665.0,377248724.0,168915573.0,264908.0,303177.0,374795817.0,626744744.0
56.3,sysbench,stress-ng,9,0.44697610185806835,7470.5,3.9015490900412546e-06,1191.0,2662.0,168523279.0,377029730.0,12239667.2,0.44697610185806835,0.44740796393688953,3.9015490900412546e-06,1.451966233722089,0.20716803373192344,6.419533716096297e-05,1191.0,2662.0,377029730.0,168523279.0,6289.0,30357.0,374918196.0,544368561.0
56.4,sysbench,stress-ng,9,0.44712588727679853,7490.2,3.2937993806006294e-06,898.0,2143.0,169005961.0,377982948.0,12271943.68,0.44712588727679853,0.41903873075128323,3.2937993806006294e-06,1.4525658987952217,0.16925502297655384,6.591393171333175e-05,898.0,2143.0,377982948.0,169005961.0,5046.0,29813.0,375747575.0,545798114.0
56.5,sysbench,stress-ng,9,0.44729920173206633,7087.1,3.4746923733942664e-06,910.0,2222.0,168894535.0,377587383.0,11611504.64,0.44729920173206633,0.4095409540954095,3.4746923733942664e-06,1.5140762414160203,0.7441103559925125,8.084141733299658e-05,910.0,2222.0,377587383.0,168894535.0,88250.0,118598.0,375401632.0,568386692.0
56.6,sysbench,stress-ng,9,0.44722253432668313,4878.9,3.5452320848531175e-06,944.0,2281.0,168659347.0,377126227.0,7993589.76,0.44722253432668313,0.41385357299430076,3.5452320848531175e-06,1.6312692172749557,0.849183340521687,0.00010731801441556372,944.0,2281.0,377126227.0,168659347.0,226422.0,266635.0,374708759.0,611250864.0
56.7,sysbench,stress-ng,9,0.44707115581525536,4823.8,3.552220271673329e-06,969.0,2309.0,168648142.0,377228859.0,7903313.92,0.44707115581525536,0.4196621914248592,3.552220271673329e-06,1.6248116199610128,0.8504645127317862,0.00010603444911683172,969.0,2309.0,377228859.0,168648142.0,226113.0,265870.0,374944184.0,609213667.0
56.8,sysbench,stress-ng,9,0.4474796371383371,4666.2,4.208050614931293e-06,1089.0,2676.0,168759896.0,377134247.0,7645102.08,0.4474796371383371,0.4069506726457399,4.208050614931293e-06,1.7086456836393724,0.8734175709472419,0.0001135068603972015,1089.0,2676.0,377134247.0,168759896.0,293705.0,336271.0,375008170.0,640756091.0
56.9,sysbench,stress-ng,9,0.4470118827482811,4504.5,3.6747828905415128e-06,1162.0,2549.0,168718942.0,377437264.0,7380172.8,0.4470118827482811,0.45586504511573167,3.6747828905415128e-06,1.722430680003062,0.8809758515295867,0.00011525827683735289,1162.0,2549.0,377437264.0,168718942.0,319944.0,363170.0,375035973.0,645973466.0
57.0,sysbench,stress-ng,9,0.4472017371714991,4695.299999999999,3.795696012281822e-06,938.0,2369.0,168597718.0,377005955.0,7692779.52,0.4472017371714991,0.3959476572393415,3.795696012281822e-06,1.6085169638745198,0.8385907770288176,8.935905253668904e-05,938.0,2369.0,377005955.0,168597718.0,174047.0,207547.0,374892068.0,603020251.0
57.2,sysbench,stress-ng,9,0.44761266341034145,7480.5,3.852494022569172e-06,886.0,2339.0,168820820.0,377158275.0,12256051.2,0.44761266341034145,0.3787943565626336,3.852494022569172e-06,1.452789095898706,0.18585354336020507,6.43975047811819e-05,886.0,2339.0,377158275.0,168820820.0,5510.0,29647.0,374812659.0,544523744.0
57.3,sysbench,stress-ng,9,0.4474239218113998,7050.799999999999,3.865919588930884e-06,1219.0,2677.0,168742278.0,377141833.0,11552030.719999999,0.4474239218113998,0.45536047814717967,3.865919588930884e-06,1.4573569589486801,0.15797287266347257,6.657018506802207e-05,1219.0,2677.0,377141833.0,168742278.0,4682.0,29638.0,374882539.0,546337677.0
57.5,sysbench,stress-ng,9,0.44747559372934204,4799.700000000001,3.956139322743366e-06,1105.0,2597.0,168758866.0,377135353.0,7863828.48,0.44747559372934204,0.4254909510974201,3.956139322743366e-06,1.6354683211726098,0.849510263819567,0.00010701957629599088,1105.0,2597.0,377135353.0,168758866.0,226369.0,266470.0,374707146.0,612821667.0
57.6,sysbench,stress-ng,9,0.4477572724514097,5209.099999999999,4.200834503730292e-06,1299.0,2883.0,168834911.0,377067937.0,8534589.44,0.4477572724514097,0.4505723204994797,4.200834503730292e-06,1.6320324832744275,0.8561218766397076,0.00010614262677880498,1299.0,2883.0,377067937.0,168834911.0,236585.0,276345.0,374590315.0,611343562.0
57.7,sysbench,stress-ng,9,0.44669752950720176,4541.0,3.85423715419752e-06,1467.0,2962.0,173267181.0,387884798.0,7439974.399999999,0.44669752950720176,0.4952734638757596,3.85423715419752e-06,1.725953834324751,0.8796410257848005,0.0001146562364193754,1467.0,2962.0,387884798.0,173267181.0,313753.0,356683.0,374423593.0,646237836.0
57.8,sysbench,stress-ng,9,0.46893209932232266,4927.5,3.3111984031188424e-05,33512.0,45737.0,173130517.0,369201676.0,8073216.0,0.46893209932232266,0.7327109342545423,3.3111984031188424e-05,1.7126722978669098,0.8846122204976609,0.00011125949529775935,33512.0,45737.0,369201676.0,173130517.0,322588.0,364666.0,378196934.0,647727412.0
57.9,sysbench,stress-ng,9,0.44702462398156473,7481.800000000001,4.076209861176694e-06,1666.0,3247.0,173383107.0,387860305.0,12258181.120000001,0.44702462398156473,0.5130890052356021,4.076209861176694e-06,1.5374530705926766,0.7583060157703553,7.782503650616127e-05,1666.0,3247.0,387860305.0,173383107.0,94149.0,124157.0,385582858.0,592815549.0
58.0,sysbench,stress-ng,9,0.4469377990576179,7435.599999999999,3.838769593960423e-06,1025.0,2514.0,173360335.0,387884702.0,12182487.04,0.4469377990576179,0.40771678599840894,3.838769593960423e-06,1.4577248684753135,0.17927143139972282,6.452978998569316e-05,1025.0,2514.0,387884702.0,173360335.0,5433.0,30306.0,385449883.0,561879880.0
58.1,sysbench,stress-ng,9,0.44775976569189757,6933.0,3.810312064609652e-06,969.0,2447.0,173683657.0,387894738.0,11359027.2,0.44775976569189757,0.3959950960359624,3.810312064609652e-06,1.4557977222381935,0.1703026502524836,6.52318564476717e-05,969.0,2447.0,387894738.0,173683657.0,5160.0,30299.0,385379190.0,561034147.0
58.2,sysbench,stress-ng,9,0.4478481337861273,4799.0,4.021798187425056e-06,1049.0,2609.0,173714109.0,387886196.0,7862681.600000001,0.4478481337861273,0.40206975852817173,4.021798187425056e-06,1.6177756611242715,0.8458803152135262,0.00010453596050656927,1049.0,2609.0,387886196.0,173714109.0,221229.0,261537.0,385589799.0,623797792.0
58.3,sysbench,stress-ng,9,0.44727783790686804,4779.8,4.197051289946699e-06,1598.0,3226.0,173495216.0,387891376.0,7831224.32,0.44727783790686804,0.495350278983261,4.197051289946699e-06,1.6316825401617971,0.8481398883822078,0.00010654555221698753,1598.0,3226.0,387891376.0,173495216.0,229326.0,270387.0,385384459.0,628825093.0
58.4,sysbench,stress-ng,9,0.4477440291827003,4626.0,4.148035439371102e-06,940.0,2549.0,173677432.0,387894468.0,7579238.4,0.4477440291827003,0.3687720674774421,4.148035439371102e-06,1.6773637979227414,0.8629652449010212,0.00011133286562429166,940.0,2549.0,387894468.0,173677432.0,270323.0,313249.0,385564494.0,646731924.0
58.5,sysbench,stress-ng,9,0.44790721565177305,4499.8,3.84127993221033e-06,999.0,2489.0,173739421.0,387891543.0,7372472.32,0.44790721565177305,0.4013660104459622,3.84127993221033e-06,1.7253682855787753,0.8746867809471801,0.00011426637903598089,999.0,2489.0,387891543.0,173739421.0,307532.0,351591.0,385581484.0,665270064.0
58.6,sysbench,stress-ng,9,0.44787830473837,4527.7,4.323318026398567e-06,1020.0,2697.0,173730434.0,387896516.0,7418183.68,0.44787830473837,0.3781979977753059,4.323318026398567e-06,1.6818479926368837,0.8720869998769725,0.00010253454154589899,1020.0,2697.0,387896516.0,173730434.0,269365.0,308874.0,385323808.0,648056073.0
59.0,sysbench,stress-ng,9,0.44732492922088346,6973.9,4.032094669210434e-06,1311.0,2875.0,173511846.0,387887718.0,11426037.76,0.44732492922088346,0.456,4.032094669210434e-06,1.5323686120020958,0.7674566994448737,8.51393578010402e-05,1311.0,2875.0,387887718.0,173511846.0,108249.0,141049.0,385250733.0,590346131.0
59.1,sysbench,stress-ng,9,0.4468590271977099,4798.8,3.874817470767731e-06,971.0,2474.0,173331808.0,387889239.0,7862353.92,0.4468590271977099,0.39248181083265965,3.874817470767731e-06,1.6337024107533966,0.8447610488475364,0.00010662227166085552,971.0,2474.0,387889239.0,173331808.0,223713.0,264824.0,385576103.0,629916609.0
59.2,sysbench,stress-ng,9,0.4471124953176081,4759.6,4.029471819850157e-06,1017.0,2580.0,173431373.0,387892029.0,7798128.640000001,0.4471124953176081,0.3941860465116279,4.029471819850157e-06,1.6318907073023292,0.8516395054893019,0.00010572127568124355,1017.0,2580.0,387892029.0,173431373.0,233804.0,274534.0,385258310.0,628699456.0
59.3,sysbench,stress-ng,9,0.4476499063298932,4584.9,4.230568924743443e-06,1146.0,2787.0,173639411.0,387891092.0,7511900.16,0.4476499063298932,0.41119483315392896,4.230568924743443e-06,1.7133503193064907,0.8770712020755261,0.0001127761352855579,1146.0,2787.0,387891092.0,173639411.0,304256.0,346900.0,378129645.0,647868548.0
59.4,sysbench,stress-ng,9,0.4469124591463514,4578.5,4.057869822937969e-06,1156.0,2730.0,173352089.0,387888244.0,7501414.4,0.4469124591463514,0.42344322344322344,4.057869822937969e-06,1.7341161046788645,0.8779490494986616,0.00011486736081011202,1156.0,2730.0,387888244.0,173352089.0,309614.0,352656.0,374710446.0,649791419.0
59.5,sysbench,stress-ng,9,0.4477289344985897,4842.4,3.908646301899931e-06,1141.0,2615.0,168844249.0,377112659.0,7933788.16,0.4477289344985897,0.4363288718929254,3.908646301899931e-06,1.5687180547783477,0.80080397824084,8.26448983626285e-05,1141.0,2615.0,377112659.0,168844249.0,126897.0,158462.0,381935251.0,599148724.0
59.6,sysbench,stress-ng,9,0.4478023892209016,7545.0,4.075682728830652e-06,1071.0,2608.0,168872878.0,377114732.0,12361728.0,0.4478023892209016,0.410659509202454,4.075682728830652e-06,1.4518168507407894,0.17671282919863174,6.550164924248373e-05,1071.0,2608.0,377114732.0,168872878.0,5321.0,30111.0,378463753.0,549460054.0
59.7,sysbench,stress-ng,9,0.44717320166929286,7465.699999999999,3.972824898026209e-06,947.0,2488.0,173451869.0,387885205.0,12231802.879999999,0.44717320166929286,0.38062700964630225,3.972824898026209e-06,1.460921909216672,0.15896909945080395,6.783452867596294e-05,947.0,2488.0,387885205.0,173451869.0,4805.0,30226.0,374750153.0,547480709.0
59.8,sysbench,stress-ng,9,0.44700506872244183,6878.099999999999,3.8338251044780316e-06,1012.0,2458.0,168596457.0,377169005.0,11269079.04,0.44700506872244183,0.41171684296175753,3.8338251044780316e-06,1.5998056772639442,0.8317491040376856,9.963752030270838e-05,1012.0,2458.0,377169005.0,168596457.0,188219.0,226293.0,382125126.0,611325946.0
59.9,sysbench,stress-ng,9,0.4472313319445076,4834.599999999999,3.705844436099373e-06,1018.0,2416.0,168714422.0,377241955.0,7921008.64,0.4472313319445076,0.42135761589403975,3.705844436099373e-06,1.6185403651758385,0.8553413054671241,0.00010548341727363452,1018.0,2416.0,377241955.0,168714422.0,235898.0,275794.0,378220587.0,612165287.0
60.0,sysbench,stress-ng,9,0.44691898269884356,6171.599999999999,4.704976580631167e-06,1592.0,3012.0,134883765.0,301808091.0,10111549.44,0.44691898269884356,0.5285524568393094,4.704976580631167e-06,1.649314931765571,0.8579016022249022,0.00010929099488730682,1592.0,3012.0,301808091.0,134883765.0,174287.0,203155.0,264138871.0,435648184.0
