time_step,victim,attacker,run_id,IPC,Total_MB_per_sec,cache_dominance_score,LLC-load-misses,LLC-loads,instructions,cycles,cas_count_total,victim_IPC,victim_miss_rate,victim_cache_dominance,attacker_IPC,attacker_miss_rate,attacker_cache_dominance,victim_LLC-load-misses,victim_LLC-loads,victim_cycles,victim_instructions,attacker_LLC-load-misses,attacker_LLC-loads,attacker_cycles,attacker_instructions
0.1,sysbench,mcf-attacker,10,0.4468201901531487,10902.0,4.76101109629559e-06,985.0,2791.0,169492834.0,379331189.0,17861836.8,0.4468201901531487,0.35292010032246507,4.76101109629559e-06,0.2294565152489119,0.8318805352320214,0.0045246968750212065,985.0,2791.0,379331189.0,169492834.0,8522473.0,10244828.0,380656439.0,87344100.0
0.2,sysbench,mcf-attacker,10,0.4472101519390146,10620.4,4.593972941308513e-06,1710.0,3443.0,168702603.0,377233393.0,17400463.36,0.4472101519390146,0.49665988963113566,4.593972941308513e-06,0.22977004434024398,0.8241995000009835,0.004738514690603534,1710.0,3443.0,377233393.0,168702603.0,8380477.0,10168020.0,377236986.0,86677759.0
0.3,sysbench,mcf-attacker,10,0.44726162535125263,10566.6,3.27209148322316e-06,569.0,1803.0,168675249.0,377128820.0,17312317.44,0.44726162535125263,0.3155851358846367,3.27209148322316e-06,0.2300704528197726,0.8216142257420295,0.004811776027302944,569.0,1803.0,377128820.0,168675249.0,8361835.0,10177325.0,377301435.0,86805912.0
0.4,sysbench,mcf-attacker,10,0.44721557113965943,10540.9,3.477482344978515e-06,717.0,2029.0,168727479.0,377284446.0,17270210.56,0.44721557113965943,0.3533760473139478,3.477482344978515e-06,0.2306669286536473,0.8172785238373046,0.004944926957099873,717.0,2029.0,377284446.0,168727479.0,8345155.0,10210907.0,377306281.0,87032081.0
0.5,sysbench,mcf-attacker,10,0.44708518095773275,10567.3,3.4858795396562857e-06,679.0,1994.0,168656721.0,377236214.0,17313464.32,0.44708518095773275,0.34052156469408223,3.4858795396562857e-06,0.23076082410451057,0.8169505761023375,0.004955659320372226,679.0,1994.0,377236214.0,168656721.0,8343611.0,10213116.0,377246473.0,87053707.0
0.6,sysbench,mcf-attacker,10,0.44719256493258314,10555.3,3.4404222724466744e-06,636.0,1934.0,168716484.0,377279269.0,17293803.52,0.44719256493258314,0.32885211995863495,3.4404222724466744e-06,0.2308010465610979,0.8163147626464513,0.004974546350173871,636.0,1934.0,377279269.0,168716484.0,8341092.0,10217985.0,377299329.0,87081080.0
0.7,sysbench,mcf-attacker,10,0.44726911575659906,10541.7,3.4431031094266597e-06,1332.0,2631.0,168743881.0,377275951.0,17271521.28,0.44726911575659906,0.5062713797035348,3.4431031094266597e-06,0.23079881341259234,0.815351411846202,0.004999055917524883,1332.0,2631.0,377275951.0,168743881.0,8328694.0,10214852.0,377302841.0,87081048.0
0.8,sysbench,mcf-attacker,10,0.44719668440620547,10542.9,3.4545543708773044e-06,616.0,1919.0,168675093.0,377183237.0,17273487.36,0.44719668440620547,0.32100052110474203,3.4545543708773044e-06,0.23078117286330083,0.8162811341710292,0.00497232805808005,616.0,1919.0,377183237.0,168675093.0,8332988.0,10208478.0,377185491.0,87047310.0
0.9,sysbench,mcf-attacker,10,0.4478889207846164,10554.6,3.8025962907672595e-06,644.0,2078.0,168903734.0,377110766.0,17292656.64,0.4478889207846164,0.30991337824831566,3.8025962907672595e-06,0.23219584581732747,0.8148122307014658,0.0050465029403058735,644.0,2078.0,377110766.0,168903734.0,8373391.0,10276467.0,377107875.0,87562882.0
1.0,sysbench,mcf-attacker,10,0.4477643083723998,10576.6,3.7549265611012377e-06,676.0,2092.0,168853971.0,377104579.0,17328701.44,0.4477643083723998,0.3231357552581262,3.7549265611012377e-06,0.23192595891987267,0.8158077952720708,0.005015555961318341,676.0,2092.0,377104579.0,168853971.0,8376960.0,10268301.0,377094985.0,87458116.0
1.3,sysbench,mcf-attacker,10,0.44728832258769674,10578.0,3.8057147052256624e-06,732.0,2167.0,168656558.0,377064523.0,17330995.2,0.44728832258769674,0.3377941855099216,3.8057147052256624e-06,0.23105095145339632,0.8173040399636718,0.0049554242563396855,732.0,2167.0,377064523.0,168656558.0,8359295.0,10227889.0,377080529.0,87124815.0
1.4,sysbench,mcf-attacker,10,0.44744054128196165,10567.5,3.861801364194063e-06,653.0,2109.0,168696773.0,377026124.0,17313792.0,0.44744054128196165,0.30962541488857276,3.861801364194063e-06,0.2319624636527366,0.8155536571559834,0.005023916414449619,653.0,2109.0,377026124.0,168696773.0,8375303.0,10269469.0,377029760.0,87456752.0
1.5,sysbench,mcf-attacker,10,0.44714183560368514,7985.0,4.096991079590827e-06,809.0,2354.0,168619878.0,377106020.0,13082624.0,0.44714183560368514,0.34367034834324556,4.096991079590827e-06,0.23233850286492994,0.8139084343792237,0.005071931470561047,809.0,2354.0,377106020.0,168619878.0,8365018.0,10277591.0,377089677.0,87612451.0
1.6,sysbench,mcf-attacker,10,0.4475048949273986,1639.5,3.901291521629989e-06,849.0,2320.0,168733789.0,377054622.0,2686156.8,0.4475048949273986,0.36594827586206896,3.901291521629989e-06,0.9200793291064489,0.8142845286854955,0.0013987670977987526,849.0,2320.0,377054622.0,168733789.0,2286103.0,2807499.0,372753978.0,342963230.0
1.7,sysbench,mcf-attacker,10,0.44721687303961155,5530.299999999999,4.2827994362849435e-06,1460.0,3075.0,168640923.0,377089804.0,9060843.52,0.44721687303961155,0.47479674796747967,4.2827994362849435e-06,1.0187532894465186,0.6895710249165168,2.5639576286748312e-05,1460.0,3075.0,377089804.0,168640923.0,21476.0,31144.0,377073314.0,384144679.0
1.8,sysbench,mcf-attacker,10,0.44766301649771045,10626.900000000001,3.9724068136938575e-06,883.0,2381.0,168814331.0,377101357.0,17411112.96,0.44766301649771045,0.37085258294834106,3.9724068136938575e-06,0.28437482965224387,0.8221792235326435,0.0044943630415046456,883.0,2381.0,377101357.0,168814331.0,7835798.0,9530523.0,377077905.0,107231465.0
1.9,sysbench,mcf-attacker,10,0.44733692323510654,10623.199999999999,3.892680547422787e-06,691.0,2159.0,168698817.0,377118025.0,17405050.88,0.44733692323510654,0.3200555812876332,3.892680547422787e-06,0.23277679417779426,0.8184949346595425,0.004932790208057905,691.0,2159.0,377118025.0,168698817.0,8388888.0,10249163.0,377124289.0,87785783.0
2.0,sysbench,mcf-attacker,10,0.447259375872559,10649.300000000001,3.7337376037723823e-06,723.0,2131.0,168662415.0,377102022.0,17447813.12,0.447259375872559,0.339277334584702,3.7337376037723823e-06,0.23291884053497566,0.817189662877048,0.004977172625946999,723.0,2131.0,377102022.0,168662415.0,8390083.0,10266996.0,377104260.0,87834687.0
2.1,sysbench,mcf-attacker,10,0.44700505731677476,10687.4,3.959137437550043e-06,918.0,2411.0,168566654.0,377102342.0,17510236.16,0.44700505731677476,0.38075487349647447,3.959137437550043e-06,0.232464153009758,0.8194831773033618,0.004914604783878555,918.0,2411.0,377102342.0,168566654.0,8412970.0,10266190.0,377084238.0,87658568.0
2.2,sysbench,mcf-attacker,10,0.44723065538734824,10621.900000000001,3.889340907305553e-06,869.0,2336.0,168688574.0,377184730.0,17402920.96,0.44723065538734824,0.3720034246575342,3.889340907305553e-06,0.23171439771481886,0.820935275338117,0.004856160761259305,869.0,2336.0,377184730.0,168688574.0,8397530.0,10229223.0,377189531.0,87400245.0
2.3,sysbench,mcf-attacker,10,0.44730871270834494,10585.0,3.5440936368730507e-06,667.0,2004.0,168746035.0,377247369.0,17342464.0,0.44730871270834494,0.3328343313373254,3.5440936368730507e-06,0.23131377677396098,0.8194184727509491,0.00489303000548786,667.0,2004.0,377247369.0,168746035.0,8376643.0,10222668.0,377276452.0,87269241.0
2.4,sysbench,mcf-attacker,10,0.4471886314832678,10581.800000000001,3.5429985123206146e-06,814.0,2138.0,167112051.0,373694766.0,17337221.12,0.4471886314832678,0.3807296538821328,3.5429985123206146e-06,0.23181948485646497,0.8165206172882974,0.00498074670578027,814.0,2138.0,373694766.0,167112051.0,8279012.0,10139379.0,373511666.0,86587282.0
2.5,sysbench,mcf-attacker,10,0.4470688754902808,10635.3,3.3035230109720538e-06,654.0,1911.0,170110992.0,380502874.0,17424875.52,0.4470688754902808,0.34222919937205654,3.3035230109720538e-06,0.23246225403220633,0.8160025898254047,0.005010603121289603,654.0,1911.0,380502874.0,170110992.0,8459272.0,10366722.0,380682715.0,88494362.0
2.7,sysbench,mcf-attacker,10,0.4470778106781153,10577.8,3.4937254255316486e-06,1049.0,2367.0,168659091.0,377247734.0,17330667.52,0.4470778106781153,0.443177017321504,3.4937254255316486e-06,0.23170694248462317,0.8157347195278559,0.00500530589743197,1049.0,2367.0,377247734.0,168659091.0,8359421.0,10247720.0,377259460.0,87413636.0
2.8,sysbench,mcf-attacker,10,0.4472320472852833,10578.2,3.4531325179090833e-06,634.0,1937.0,168757890.0,377338545.0,17331322.880000003,0.4472320472852833,0.32731027361899845,3.4531325179090833e-06,0.23180032012161592,0.8153677117563174,0.0050165216986478925,634.0,1937.0,377338545.0,168757890.0,8360456.0,10253602.0,377382201.0,87477315.0
2.9,sysbench,mcf-attacker,10,0.4478240088294073,10568.0,3.7104100146549528e-06,643.0,2042.0,168850824.0,377047279.0,17314611.2,0.4478240088294073,0.3148873653281097,3.7104100146549528e-06,0.23297883577517756,0.8150910814762719,0.005054412874152631,643.0,2042.0,377047279.0,168850824.0,8400054.0,10305663.0,377018864.0,87837416.0
3.0,sysbench,mcf-attacker,10,0.44716436459706127,10614.300000000001,3.7574636001680066e-06,656.0,2073.0,168632879.0,377116095.0,17390469.12,0.44716436459706127,0.3164495899662325,3.7574636001680066e-06,0.23303564527425946,0.8145696437452239,0.005067159110487346,656.0,2073.0,377116095.0,168632879.0,8394242.0,10305125.0,377111308.0,87880377.0
3.1,sysbench,mcf-attacker,10,0.4478667699910741,10622.7,3.8079336297746022e-06,669.0,2105.0,168893879.0,377107413.0,17404231.68,0.4478667699910741,0.3178147268408551,3.8079336297746022e-06,0.23206724971733217,0.819474989855039,0.004908548147933928,669.0,2105.0,377107413.0,168893879.0,8402781.0,10253859.0,377113139.0,87515609.0
3.4,sysbench,mcf-attacker,10,0.44724152071325035,10581.400000000001,3.81943495862342e-06,725.0,2166.0,168735700.0,377280937.0,17336565.76,0.44724152071325035,0.3347183748845799,3.81943495862342e-06,0.2316912819046187,0.8171385088198851,0.004969874315073299,725.0,2166.0,377280937.0,168735700.0,8374806.0,10248943.0,377099476.0,87370661.0
3.5,sysbench,mcf-attacker,10,0.4472747097501051,10570.7,3.445850613909697e-06,733.0,2033.0,168741245.0,377265339.0,17319034.880000003,0.4472747097501051,0.3605509099852435,3.445850613909697e-06,0.23213456114132097,0.8148845656700823,0.005037403251213396,733.0,2033.0,377265339.0,168741245.0,8369637.0,10270948.0,377438713.0,87616570.0
3.6,sysbench,mcf-attacker,10,0.4471989018026359,10620.599999999999,3.838407724703499e-06,717.0,2164.0,168584699.0,376979233.0,17400791.04,0.4471989018026359,0.33133086876155265,3.838407724703499e-06,0.2324033558055275,0.816104583322713,0.005014110263978573,717.0,2164.0,376979233.0,168584699.0,8388708.0,10278962.0,376986923.0,87613026.0
3.7,sysbench,mcf-attacker,10,0.44397800741898785,10656.100000000002,5.1918750083509505e-06,2039.0,3997.0,167436415.0,377127723.0,17458954.240000002,0.44397800741898785,0.5101325994495872,5.1918750083509505e-06,0.2316491106276813,0.8197856771257817,0.004895711903252748,2039.0,3997.0,377127723.0,167436415.0,8398942.0,10245290.0,377135754.0,87363162.0
3.8,sysbench,mcf-attacker,10,0.4472776327082839,10590.8,4.008584638516694e-06,1127.0,2639.0,168708869.0,377190489.0,17351966.72,0.4472776327082839,0.4270557029177719,4.008584638516694e-06,0.23178976602324589,0.8170152766679877,0.004977133164213613,1127.0,2639.0,377190489.0,168708869.0,8382330.0,10259698.0,377198668.0,87430791.0
3.9,sysbench,mcf-attacker,10,0.4474507260135969,10589.2,3.608365429734993e-06,689.0,2050.0,168769059.0,377179093.0,17349345.28,0.4474507260135969,0.3360975609756098,3.608365429734993e-06,0.23219843021660377,0.8157731601596789,0.005018891514943699,689.0,2050.0,377179093.0,168769059.0,8382575.0,10275620.0,377183885.0,87581506.0
4.0,sysbench,mcf-attacker,10,0.4473250364940994,10579.7,3.6268218363858804e-06,703.0,2071.0,168726416.0,377189744.0,17333780.48,0.4473250364940994,0.3394495412844037,3.6268218363858804e-06,0.23220674996055643,0.8146046062073762,0.005049543307559468,703.0,2071.0,377189744.0,168726416.0,8369040.0,10273745.0,377203419.0,87589180.0
4.1,sysbench,mcf-attacker,10,0.4476233396255022,10594.8,3.873760061703987e-06,973.0,2434.0,168822459.0,377152941.0,17358520.32,0.4476233396255022,0.3997534921939195,3.873760061703987e-06,0.23197352821013958,0.8160012149573888,0.005007117559441255,973.0,2434.0,377152941.0,168822459.0,8371190.0,10258796.0,376984558.0,87450438.0
4.2,sysbench,mcf-attacker,10,0.4472811646782089,10648.5,3.7275637941855932e-06,867.0,2273.0,168710008.0,377190057.0,17446502.4,0.4472811646782089,0.38143422789265286,3.7275637941855932e-06,0.23146444838095923,0.8191057343256641,0.004910928769425539,867.0,2273.0,377190057.0,168710008.0,8387972.0,10240402.0,377205634.0,87309694.0
4.3,sysbench,mcf-attacker,10,0.44717451523832175,10620.599999999999,3.5956645799358097e-06,641.0,1997.0,168638823.0,377120827.0,17400791.04,0.44717451523832175,0.32098147220831247,3.5956645799358097e-06,0.23193156593843411,0.8176642094062592,0.004961460819104664,641.0,1997.0,377120827.0,168638823.0,8390624.0,10261699.0,377121793.0,87466448.0
4.4,sysbench,mcf-attacker,10,0.4472725982729202,10591.399999999998,3.47564871432334e-06,646.0,1957.0,168709333.0,377195772.0,17352949.759999998,0.4472725982729202,0.3300970873786408,3.47564871432334e-06,0.23193390821935023,0.8160721269194968,0.005004861678083311,646.0,1957.0,377195772.0,168709333.0,8376179.0,10264018.0,377201034.0,87485710.0
4.5,sysbench,mcf-attacker,10,0.44747635632432214,10584.300000000001,3.5101763538581845e-06,695.0,2019.0,168783171.0,377189026.0,17341317.12,0.44747635632432214,0.34422981674096087,3.5101763538581845e-06,0.23231580167693391,0.8155096817625114,0.0050307524348399465,695.0,2019.0,377189026.0,168783171.0,8387818.0,10285369.0,377190296.0,87627266.0
4.6,sysbench,mcf-attacker,10,0.4470724480361231,10620.1,3.650917005755858e-06,683.0,2060.0,168620311.0,377165517.0,17399971.84,0.4470724480361231,0.3315533980582524,3.650917005755858e-06,0.2319719907173552,0.8170490008842026,0.004977309863470816,683.0,2060.0,377165517.0,168620311.0,8383922.0,10261223.0,377171816.0,87493297.0
4.7,sysbench,mcf-attacker,10,0.44730154166081065,10588.4,3.5075821026808313e-06,1095.0,2418.0,168714494.0,377182903.0,17348034.56,0.44730154166081065,0.45285359801488834,3.5075821026808313e-06,0.2321995646550719,0.8149842580128817,0.005040310939029408,1095.0,2418.0,377182903.0,168714494.0,8374537.0,10275704.0,377192404.0,87583912.0
4.8,sysbench,mcf-attacker,10,0.44737633713782377,10582.6,3.5135613803673703e-06,628.0,1953.0,168710201.0,377110247.0,17338531.84,0.44737633713782377,0.32155657962109574,3.5135613803673703e-06,0.2322610459004326,0.8143681976299371,0.005058149206432418,628.0,1953.0,377110247.0,168710201.0,8368459.0,10276014.0,377125095.0,87591469.0
4.9,sysbench,mcf-attacker,10,0.4474593387108931,10581.399999999998,3.3711001046505113e-06,546.0,1817.0,168704815.0,377028258.0,17336565.759999998,0.4474593387108931,0.30049532195927353,3.3711001046505113e-06,0.23241782091128518,0.8139585501133089,0.0050738079663760005,546.0,1817.0,377028258.0,168704815.0,8373133.0,10286928.0,377191059.0,87665924.0
5.0,sysbench,mcf-attacker,10,0.44721276293496465,10579.099999999999,3.5551944616210352e-06,666.0,2007.0,168686220.0,377194557.0,17332797.439999998,0.44721276293496465,0.33183856502242154,3.5551944616210352e-06,0.23219496683630228,0.8144178216317011,0.005050075703441957,666.0,2007.0,377194557.0,168686220.0,8359494.0,10264380.0,377199494.0,87583824.0
5.1,sysbench,mcf-attacker,10,0.4474427862216022,10639.2,3.626868125404692e-06,639.0,2007.0,168768676.0,377184930.0,17431265.28,0.4474427862216022,0.3183856502242152,3.626868125404692e-06,0.23147763322217924,0.8189476230707396,0.004916745822241696,639.0,2007.0,377184930.0,168768676.0,8388623.0,10243174.0,377190741.0,87311220.0
5.2,sysbench,mcf-attacker,10,0.4473851713754389,10608.800000000001,3.9292680943571255e-06,1078.0,2560.0,168740032.0,377169479.0,17381457.92,0.4473851713754389,0.42109375,3.9292680943571255e-06,0.23174004658950526,0.8179153141196587,0.004946328286067111,1078.0,2560.0,377169479.0,168740032.0,8380191.0,10245793.0,377169062.0,87405176.0
5.5,sysbench,mcf-attacker,10,0.44724106812606534,1666.9,3.8099775474602895e-06,898.0,2335.0,168684830.0,377167577.0,2731048.96,0.44724106812606534,0.3845824411134904,3.8099775474602895e-06,1.056244440167508,0.42719919110212334,6.980432467457996e-05,898.0,2335.0,377167577.0,168684830.0,19435.0,45494.0,373314979.0,394311871.0
5.6,sysbench,mcf-attacker,10,0.44720346060747757,8074.300000000001,3.862886399197478e-06,713.0,2170.0,168675797.0,377179096.0,13228933.120000001,0.44720346060747757,0.32857142857142857,3.862886399197478e-06,0.7849105570158674,0.822399269134954,0.0014359521666516448,713.0,2170.0,377179096.0,168675797.0,2507937.0,3049537.0,377171338.0,296045765.0
5.7,sysbench,mcf-attacker,10,0.4471490507089724,10583.2,3.6410635229913383e-06,690.0,2063.0,168614374.0,377087626.0,17339514.880000003,0.4471490507089724,0.33446437227338827,3.6410635229913383e-06,0.23068871263147606,0.8217436017976761,0.004802535475193929,690.0,2063.0,377087626.0,168614374.0,8348371.0,10159338.0,377085606.0,86989393.0
5.8,sysbench,mcf-attacker,10,0.44726147634674196,10559.7,4.1767833552886725e-06,1419.0,2994.0,168655342.0,377084437.0,17301012.48,0.44726147634674196,0.47394789579158314,4.1767833552886725e-06,0.23106719740048284,0.8200280615792386,0.0048632086685810256,1419.0,2994.0,377084437.0,168655342.0,8355867.0,10189733.0,377089721.0,87133065.0
5.9,sysbench,mcf-attacker,10,0.44749071181558675,10556.199999999999,3.666652835193173e-06,674.0,2057.0,168785997.0,377183241.0,17295278.08,0.44749071181558675,0.32766164316966456,3.666652835193173e-06,0.23107752595304606,0.8190889580589072,0.0048930753016223185,674.0,2057.0,377183241.0,168785997.0,8356013.0,10201594.0,377182219.0,87158334.0
6.0,sysbench,mcf-attacker,10,0.4471067880305614,10575.4,3.834484594462257e-06,691.0,2137.0,168605819.0,377104136.0,17326735.36,0.4471067880305614,0.3233504913430042,3.834484594462257e-06,0.2319489019029645,0.8164092223164596,0.004989723955941763,691.0,2137.0,377104136.0,168605819.0,8367810.0,10249529.0,377118858.0,87472305.0
6.1,sysbench,mcf-attacker,10,0.4472633967886603,10639.099999999999,3.980518583605257e-06,655.0,2156.0,168657009.0,377086545.0,17431101.439999998,0.4472633967886603,0.3038033395176252,3.980518583605257e-06,0.2315925034035403,0.8166091665718237,0.004978394060224812,655.0,2156.0,377086545.0,168657009.0,8358987.0,10236215.0,377075012.0,87327746.0
6.2,sysbench,mcf-attacker,10,0.44738094951632806,10573.2,3.953030028271296e-06,1123.0,2614.0,168742709.0,377179022.0,17323130.880000003,0.44738094951632806,0.4296097934200459,3.953030028271296e-06,0.23066025679739152,0.8201048180112629,0.0048627708944984265,1123.0,2614.0,377179022.0,168742709.0,8361441.0,10195576.0,377178987.0,87000202.0
6.3,sysbench,mcf-attacker,10,0.4474465505215166,10572.4,3.825886599904565e-06,635.0,2078.0,168762287.0,377167478.0,17321820.16,0.4474465505215166,0.3055822906641001,3.825886599904565e-06,0.23087891107784939,0.8183312755202767,0.004918498346906755,635.0,2078.0,377167478.0,168762287.0,8356380.0,10211488.0,377169589.0,87080504.0
6.4,sysbench,mcf-attacker,10,0.4471929281546189,10543.4,3.6028460193001358e-06,671.0,2030.0,168681977.0,377201799.0,17274306.56,0.4471929281546189,0.3305418719211823,3.6028460193001358e-06,0.23096501229904254,0.8172452430840803,0.004952225243850513,671.0,2030.0,377201799.0,168681977.0,8353375.0,10221381.0,377205379.0,87121245.0
6.5,sysbench,mcf-attacker,10,0.44737433367500007,10583.0,3.8579693489505695e-06,690.0,2145.0,168723387.0,377141410.0,17339187.2,0.44737433367500007,0.32167832167832167,3.8579693489505695e-06,0.23202764056734718,0.815503287661942,0.0050202039699784005,690.0,2145.0,377141410.0,168723387.0,8368698.0,10262004.0,377137266.0,87506270.0
6.6,sysbench,mcf-attacker,10,0.44754046192091235,10585.4,3.818898042383801e-06,611.0,2051.0,168755033.0,377072125.0,17343119.36,0.44754046192091235,0.2979034617259873,3.818898042383801e-06,0.23182874911033644,0.8168317917339316,0.004983656688432715,611.0,2051.0,377072125.0,168755033.0,8380530.0,10259799.0,377086368.0,87419461.0
6.7,sysbench,mcf-attacker,10,0.44781156963968183,10570.2,3.7734253109686295e-06,1013.0,2436.0,168874646.0,377110949.0,17318215.68,0.44781156963968183,0.4158456486042693,3.7734253109686295e-06,0.23191416653465988,0.8150235433869875,0.005030929255034674,1013.0,2436.0,377110949.0,168874646.0,8359540.0,10256808.0,377120787.0,87459653.0
6.8,sysbench,mcf-attacker,10,0.44745799724790014,10568.3,3.6806179615424054e-06,653.0,2041.0,168741148.0,377110587.0,17315102.72,0.44745799724790014,0.31994120529152376,3.6806179615424054e-06,0.23214660811239798,0.8140043471727454,0.0050644900997305915,653.0,2041.0,377110587.0,168741148.0,8358427.0,10268283.0,377107263.0,87544172.0
6.9,sysbench,mcf-attacker,10,0.4475958154364362,10557.8,3.7628248785942055e-06,687.0,2106.0,168792990.0,377110295.0,17297899.52,0.4475958154364362,0.3262108262108262,3.7628248785942055e-06,0.23222581955878158,0.8134448798645183,0.005082418094915768,687.0,2106.0,377110295.0,168792990.0,8357218.0,10273859.0,377112029.0,87575150.0
7.0,sysbench,mcf-attacker,10,0.44753403051043456,10558.800000000001,4.089325617439337e-06,887.0,2430.0,168865254.0,377323829.0,17299537.92,0.44753403051043456,0.36502057613168726,4.089325617439337e-06,0.23219249160426397,0.8137083377359126,0.005076878724636205,887.0,2430.0,377323829.0,168865254.0,8363348.0,10278066.0,377144719.0,87570172.0
7.1,sysbench,mcf-attacker,10,0.4472821195916137,10630.1,3.833622187258468e-06,704.0,2149.0,168593208.0,376928119.0,17416355.84,0.4472821195916137,0.32759422987436015,3.833622187258468e-06,0.23126258664106356,0.8182535653090195,0.004934722995263163,704.0,2149.0,376928119.0,168593208.0,8374151.0,10234176.0,376925919.0,87168863.0
7.2,sysbench,mcf-attacker,10,0.4472291232290395,10586.399999999998,4.035991818869566e-06,1061.0,2583.0,168653148.0,377106810.0,17344757.759999998,0.4472291232290395,0.41076267905536196,4.035991818869566e-06,0.23141542909699636,0.8174400777072609,0.004957979408160628,1061.0,2583.0,377106810.0,168653148.0,8371824.0,10241514.0,377107254.0,87268437.0
7.3,sysbench,mcf-attacker,10,0.4471833417748647,10591.0,3.887422318012386e-06,630.0,2096.0,168638940.0,377113645.0,17352294.4,0.4471833417748647,0.3005725190839695,3.887422318012386e-06,0.2315537436348804,0.8175920258177867,0.004957766164542564,630.0,2096.0,377113645.0,168638940.0,8380055.0,10249678.0,377109960.0,87321223.0
7.6,sysbench,mcf-attacker,10,0.44719224562064974,10569.0,3.7840412697352333e-06,689.0,2116.0,168640691.0,377110052.0,17316249.6,0.44719224562064974,0.32561436672967864,3.7840412697352333e-06,0.23201138169486574,0.8146033484712649,0.005048405965643983,689.0,2116.0,377110052.0,168640691.0,8364906.0,10268686.0,377105172.0,87492692.0
7.8,sysbench,mcf-attacker,10,0.4581570078089663,10710.1,2.748421069490866e-05,10636.0,20999.0,172749406.0,377052851.0,17547427.84,0.4581570078089663,0.5065003095385494,2.748421069490866e-05,0.22943814958373043,0.8291959983720669,0.0046015140473617405,10636.0,20999.0,377052851.0,172749406.0,8422696.0,10157666.0,377043291.0,86508115.0
7.9,sysbench,mcf-attacker,10,0.44779748814148956,10578.899999999998,4.070498973829861e-06,699.0,2234.0,168866065.0,377103645.0,17332469.759999998,0.44779748814148956,0.3128916741271262,4.070498973829861e-06,0.23102413879003483,0.8198063574766911,0.0048858054689838925,699.0,2234.0,377103645.0,168866065.0,8382288.0,10224717.0,377098313.0,87118813.0
8.0,sysbench,mcf-attacker,10,0.44731494213548123,10551.399999999998,3.7249281646940645e-06,744.0,2149.0,168722044.0,377188482.0,17287413.759999998,0.44731494213548123,0.34620753838994883,3.7249281646940645e-06,0.23056972816302446,0.8183219151581688,0.004917119182529521,744.0,2149.0,377188482.0,168722044.0,8354381.0,10209162.0,377208876.0,86972948.0
8.1,sysbench,mcf-attacker,10,0.44751279950481554,10549.400000000001,3.91258213171932e-06,778.0,2254.0,168821732.0,377244477.0,17284136.96,0.44751279950481554,0.3451641526175688,3.91258213171932e-06,0.2308596228430717,0.8166862372118368,0.004968433770257004,778.0,2254.0,377244477.0,168821732.0,8346771.0,10220291.0,377084628.0,87053615.0
8.2,sysbench,mcf-attacker,10,0.4473753026161249,10624.5,4.098977908192679e-06,1130.0,2676.0,168735288.0,377167195.0,17407180.8,0.4473753026161249,0.42227204783258593,4.098977908192679e-06,0.23043326011809168,0.8209603738686687,0.004843613954441187,1130.0,2676.0,377167195.0,168735288.0,8376913.0,10203797.0,377173742.0,86913375.0
8.3,sysbench,mcf-attacker,10,0.44708263744903837,10560.7,3.677060143596966e-06,677.0,2064.0,168641141.0,377203512.0,17302650.880000003,0.44708263744903837,0.3280038759689923,3.677060143596966e-06,0.23077910951697764,0.81717805914214,0.0049491341406480574,677.0,2064.0,377203512.0,168641141.0,8344559.0,10211433.0,377212245.0,87052706.0
8.4,sysbench,mcf-attacker,10,0.4473896928592799,10581.399999999998,3.618546563286065e-06,578.0,1942.0,168642169.0,376946925.0,17336565.759999998,0.4473896928592799,0.2976313079299691,3.618546563286065e-06,0.23165651894582445,0.8163648473228384,0.004992171533945255,578.0,1942.0,376946925.0,168642169.0,8369232.0,10251828.0,377109638.0,87359906.0
8.5,sysbench,mcf-attacker,10,0.44727519726501064,10554.2,3.977606330923705e-06,638.0,2138.0,168672498.0,377111226.0,17292001.28,0.44727519726501064,0.2984097287184284,3.977606330923705e-06,0.2319051906116122,0.814743430977855,0.0050459196692567085,638.0,2138.0,377111226.0,168672498.0,8368673.0,10271544.0,377110839.0,87453961.0
8.6,sysbench,mcf-attacker,10,0.4477251773408954,10583.3,3.7231170464149705e-06,765.0,2169.0,168838675.0,377103374.0,17339678.72,0.4477251773408954,0.35269709543568467,3.7231170464149705e-06,0.23155100911197005,0.8164525290881803,0.004991756353348517,765.0,2169.0,377103374.0,168838675.0,8373302.0,10255712.0,377103742.0,87318752.0
8.7,sysbench,mcf-attacker,10,0.4473288754524662,10568.0,3.953736583103626e-06,1321.0,2812.0,168692916.0,377111618.0,17314611.2,0.4473288754524662,0.4697724039829303,3.953736583103626e-06,0.23183505577349242,0.8151627419562107,0.0050268404412724295,1321.0,2812.0,377111618.0,168692916.0,8360552.0,10256298.0,377124761.0,87430740.0
8.8,sysbench,mcf-attacker,10,0.44697707401014775,10565.900000000001,3.7787090302323537e-06,725.0,2150.0,168560830.0,377112921.0,17311170.560000002,0.44697707401014775,0.3372093023255814,3.7787090302323537e-06,0.23185733257579222,0.8144334056435917,0.00504920286266283,725.0,2150.0,377112921.0,168560830.0,8356801.0,10260877.0,377104278.0,87434392.0
8.9,sysbench,mcf-attacker,10,0.44775427157753456,10553.0,3.866317577612765e-06,685.0,2143.0,168849484.0,377103011.0,17290035.2,0.44775427157753456,0.3196453569762016,3.866317577612765e-06,0.23188821602802578,0.8140849895854121,0.005059424849582813,685.0,2143.0,377103011.0,168849484.0,8354570.0,10262528.0,377109663.0,87447287.0
9.0,sysbench,mcf-attacker,10,0.44775473814589634,10555.0,3.8106001976929832e-06,703.0,2140.0,168850975.0,377105948.0,17293312.0,0.44775473814589634,0.32850467289719626,3.8106001976929832e-06,0.23197761007663228,0.8133405717710467,0.005085804204504071,703.0,2140.0,377105948.0,168850975.0,8356893.0,10274777.0,377105355.0,87479999.0
9.1,sysbench,mcf-attacker,10,0.44727001184393234,10551.099999999999,4.032507204461199e-06,906.0,2427.0,168703403.0,377184695.0,17286922.24,0.44727001184393234,0.37330037082818296,4.032507204461199e-06,0.23123534619356387,0.8176536953222219,0.0049515139103206785,906.0,2427.0,377184695.0,168703403.0,8374356.0,10241935.0,377173332.0,87215806.0
9.2,sysbench,mcf-attacker,10,0.4472365072694785,10635.599999999999,3.952466110346767e-06,1153.0,2644.0,168712296.0,377232836.0,17425367.04,0.4472365072694785,0.43608169440242056,3.952466110346767e-06,0.6099770644346315,0.8166275569945075,0.0033259610860741965,1153.0,2644.0,377232836.0,168712296.0,5520791.0,6760476.0,372729857.0,227356664.0
9.3,sysbench,mcf-attacker,10,0.4473203490139785,3913.2,3.959424696175084e-06,746.0,2239.0,168673313.0,377074983.0,6411386.88,0.4473203490139785,0.33318445734702995,3.959424696175084e-06,1.0161881904388514,0.6289888066780497,2.5931919609129118e-05,746.0,2239.0,377074983.0,168673313.0,16577.0,26355.0,377064257.0,383168245.0
9.4,sysbench,mcf-attacker,10,0.4471334105767794,1664.7,3.6375891751539596e-06,751.0,2123.0,168646598.0,377172884.0,2727444.48,0.4471334105767794,0.35374470089495996,3.6375891751539596e-06,0.5930008149965387,0.8268332865612655,0.002529219791053861,751.0,2123.0,377172884.0,168646598.0,4555013.0,5508986.0,377180743.0,223668488.0
9.7,sysbench,mcf-attacker,10,0.44731824120361363,10613.800000000001,3.722390421774037e-06,936.0,2340.0,168718146.0,377176986.0,17389649.92,0.44731824120361363,0.4,3.722390421774037e-06,0.23221000946509393,0.8181498910464309,0.004936609863315243,936.0,2340.0,377176986.0,168718146.0,8377220.0,10239224.0,377182733.0,87585606.0
9.8,sysbench,mcf-attacker,10,0.447539950154259,10618.0,3.6905999234820923e-06,1298.0,2690.0,168800635.0,377174451.0,17396531.2,0.447539950154259,0.48252788104089217,3.6905999234820923e-06,0.23219124351475212,0.817186027926336,0.004963334630847746,1298.0,2690.0,377174451.0,168800635.0,8368521.0,10240656.0,377192984.0,87580908.0
9.9,sysbench,mcf-attacker,10,0.44721954211409803,10596.199999999999,4.19833796464854e-06,852.0,2480.0,173419439.0,387772498.0,17360814.08,0.44721954211409803,0.3435483870967742,4.19833796464854e-06,0.2320500511035186,0.8177438372254621,0.004951366496076272,852.0,2480.0,387772498.0,173419439.0,8373158.0,10239341.0,376902619.0,87460272.0
10.0,sysbench,mcf-attacker,10,0.44719305879549476,10615.5,3.879516556444156e-06,737.0,2200.0,168640457.0,377108843.0,17392435.2,0.44719305879549476,0.335,3.879516556444156e-06,0.23259522420246365,0.8169560191275073,0.004981576600624092,737.0,2200.0,377108843.0,168640457.0,8384351.0,10262916.0,377102502.0,87712241.0
10.1,sysbench,mcf-attacker,10,0.4471697254728553,10667.4,3.831834351556466e-06,736.0,2181.0,168629485.0,377103984.0,17477468.16,0.4471697254728553,0.3374598807886291,3.831834351556466e-06,0.23270633417814698,0.8169445656833516,0.004993735078692998,736.0,2181.0,377103984.0,168629485.0,8404162.0,10287310.0,377102103.0,87754048.0
10.2,sysbench,mcf-attacker,10,0.44748913225782116,10651.300000000001,4.367406505063451e-06,1202.0,2849.0,168753378.0,377111679.0,17451089.92,0.44748913225782116,0.4219024219024219,4.367406505063451e-06,0.23182478025175032,0.8216013244563807,0.004846638816627551,1202.0,2849.0,377111679.0,168753378.0,8417147.0,10244807.0,377098453.0,87420766.0
10.3,sysbench,mcf-attacker,10,0.44784963406300105,10649.3,3.8530123672734035e-06,716.0,2169.0,168887472.0,377107536.0,17447813.119999997,0.44784963406300105,0.3301060396496081,3.8530123672734035e-06,0.23253619427850336,0.8174444533568621,0.004979027697347433,716.0,2169.0,377107536.0,168887472.0,8407641.0,10285275.0,377108567.0,87691391.0
10.4,sysbench,mcf-attacker,10,0.4472696979547658,10623.600000000002,3.7998334500913703e-06,759.0,2192.0,168675150.0,377121792.0,17405706.240000002,0.4472696979547658,0.34625912408759124,3.7998334500913703e-06,0.23268987121582874,0.8164195555597034,0.0050073970977157255,759.0,2192.0,377121792.0,168675150.0,8398072.0,10286466.0,377120880.0,87752209.0
10.5,sysbench,mcf-attacker,10,0.44781533775695487,10600.9,3.888597837516548e-06,838.0,2305.0,168941384.0,377256806.0,17368514.56,0.44781533775695487,0.36355748373101954,3.888597837516548e-06,0.23285587343307404,0.8146190442945466,0.005062673007584707,838.0,2305.0,377256806.0,168941384.0,8389531.0,10298717.0,377110273.0,87812342.0
10.6,sysbench,mcf-attacker,10,0.4472464483054482,10614.6,3.942218570325673e-06,739.0,2211.0,166999054.0,373393807.0,17390960.64,0.4472464483054482,0.3342379014020805,3.942218570325673e-06,0.23260572261813905,0.8155645179254586,0.005027998443405512,739.0,2211.0,373393807.0,166999054.0,8384221.0,10280267.0,377097571.0,87715053.0
10.7,sysbench,mcf-attacker,10,0.44752391996446567,10613.099999999999,3.7409013870022384e-06,1299.0,2723.0,170353077.0,380656920.0,17388503.04,0.44752391996446567,0.47704737421961074,3.7409013870022384e-06,0.23266852214497444,0.8155570716896374,0.005031451100928292,1299.0,2723.0,380656920.0,170353077.0,8389143.0,10286396.0,377078692.0,87734342.0
10.8,sysbench,mcf-attacker,10,0.4473633051194867,10612.6,3.861007884764146e-06,696.0,2152.0,168702316.0,377103607.0,17387683.84,0.4473633051194867,0.32342007434944237,3.861007884764146e-06,0.23260782272064479,0.8156555784792854,0.005026802295288689,696.0,2152.0,377103607.0,168702316.0,8387693.0,10283376.0,377115090.0,87719920.0
10.9,sysbench,mcf-attacker,10,0.4471677701498316,10606.900000000001,3.733661930939903e-06,702.0,2110.0,168631288.0,377109665.0,17378344.96,0.4471677701498316,0.33270142180094786,3.733661930939903e-06,0.23269743898259873,0.8151831880463681,0.005045404137223279,702.0,2110.0,377109665.0,168631288.0,8392240.0,10294913.0,377110128.0,87752561.0
11.0,sysbench,mcf-attacker,10,0.4474316836717613,10603.3,3.807956733550094e-06,749.0,2185.0,168728781.0,377105125.0,17372446.72,0.4474316836717613,0.34279176201372996,3.807956733550094e-06,0.23259517894205933,0.8152668428232686,0.005036889952774815,749.0,2185.0,377105125.0,168728781.0,8382687.0,10282139.0,377108100.0,87713526.0
11.1,sysbench,mcf-attacker,10,0.4471996660477663,10650.5,3.884805890131553e-06,726.0,2191.0,168643564.0,377110219.0,17449779.2,0.4471996660477663,0.3313555454130534,3.884805890131553e-06,0.23220970690037004,0.8171368638272812,0.004981653819056363,726.0,2191.0,377110219.0,168643564.0,8394733.0,10273350.0,377107095.0,87567928.0
11.2,sysbench,mcf-attacker,10,0.4478837578804148,10619.8,4.171225823563194e-06,1081.0,2654.0,168900266.0,377107370.0,17399480.32,0.4478837578804148,0.407309721175584,4.171225823563194e-06,0.23235705748965269,0.8172877895633687,0.004980515418254428,1081.0,2654.0,377107370.0,168900266.0,8401157.0,10279313.0,377100730.0,87622016.0
11.3,sysbench,mcf-attacker,10,0.447280551488714,10631.6,3.7203782186880008e-06,760.0,2163.0,168674951.0,377112196.0,17418813.44,0.447280551488714,0.35136384650947755,3.7203782186880008e-06,0.23228563892607212,0.8167731504511446,0.004996898029858427,760.0,2163.0,377112196.0,168674951.0,8400110.0,10284508.0,377113559.0,87598064.0
11.4,sysbench,mcf-attacker,10,0.44734734761702205,10615.5,3.7653065744697595e-06,678.0,2098.0,168706909.0,377127326.0,17392435.2,0.44734734761702205,0.323164918970448,3.7653065744697595e-06,0.23259046624979443,0.8155670375370654,0.0050348619666546355,678.0,2098.0,377127326.0,168706909.0,8396239.0,10294971.0,377116992.0,87713817.0
11.5,sysbench,mcf-attacker,10,0.4476514332595713,10600.900000000001,3.7309883471395984e-06,710.0,2117.0,168814670.0,377111872.0,17368514.560000002,0.4476514332595713,0.3353802550779405,3.7309883471395984e-06,0.23269692234892106,0.8148804304918232,0.005051454975120693,710.0,2117.0,377111872.0,168814670.0,8385118.0,10289998.0,377095314.0,87748919.0
11.7,sysbench,mcf-attacker,10,0.4473264628719496,10596.199999999999,3.908994253940216e-06,709.0,2183.0,168677456.0,377079091.0,17360814.08,0.4473264628719496,0.3247824095281722,3.908994253940216e-06,0.2324827512959351,0.816383144308168,0.005009451450216626,709.0,2183.0,377079091.0,168677456.0,8399349.0,10288489.0,377115143.0,87672766.0
11.8,sysbench,mcf-attacker,10,0.44715444062908455,10609.400000000001,4.014763329555875e-06,1348.0,2862.0,168625587.0,377108157.0,17382440.96,0.44715444062908455,0.47099930118798045,4.014763329555875e-06,0.23249128247243767,0.815443063929694,0.005036139014167235,1348.0,2862.0,377108157.0,168625587.0,8391272.0,10290445.0,377108931.0,87674539.0
11.9,sysbench,mcf-attacker,10,0.44749548166968434,10585.8,3.829660996525583e-06,616.0,2060.0,168731247.0,377056873.0,17343774.72,0.44749548166968434,0.29902912621359223,3.829660996525583e-06,0.23235824716085476,0.815422292768328,0.0050318286621957135,616.0,2060.0,377056873.0,168731247.0,8381866.0,10279172.0,377060931.0,87613217.0
12.0,sysbench,mcf-attacker,10,0.4473506577651107,10587.7,3.767555676001856e-06,739.0,2160.0,168726182.0,377167618.0,17346887.68,0.4473506577651107,0.3421296296296296,3.767555676001856e-06,0.23200451310621778,0.8152427676701328,0.005030691415071205,739.0,2160.0,377167618.0,168726182.0,8372681.0,10270169.0,377182348.0,87508007.0
12.1,sysbench,mcf-attacker,10,0.44736119431662286,10644.0,3.555251042957151e-06,701.0,2042.0,168739522.0,377188554.0,17439129.6,0.44736119431662286,0.34329089128305584,3.555251042957151e-06,0.2322624119230873,0.8144612877969634,0.005055670020157276,701.0,2042.0,377188554.0,168739522.0,8370959.0,10277909.0,377190361.0,87607143.0
12.2,sysbench,mcf-attacker,10,0.4472557595444669,10601.400000000001,3.948852876935967e-06,1132.0,2621.0,168647414.0,377071531.0,17369333.76,0.4472557595444669,0.4318962228157192,3.948852876935967e-06,0.23124797255268448,0.8201100481098634,0.004878210721453415,1132.0,2621.0,377071531.0,168647414.0,8385909.0,10225346.0,377072067.0,87197151.0
12.3,sysbench,mcf-attacker,10,0.4473057216567515,10626.099999999999,3.4336659358040223e-06,844.0,2139.0,168700427.0,377147930.0,17409802.24,0.4473057216567515,0.3945769050958392,3.4336659358040223e-06,0.23191697143018988,0.8170608364911622,0.004980501195766263,844.0,2139.0,377147930.0,168700427.0,8389472.0,10267867.0,377149794.0,87467438.0
12.4,sysbench,mcf-attacker,10,0.44707523661663245,10606.100000000002,3.7972993845434207e-06,692.0,2124.0,168596593.0,377110113.0,17377034.240000002,0.44707523661663245,0.3258003766478343,3.7972993845434207e-06,0.23222651142139916,0.8170892450704269,0.004982969328133093,692.0,2124.0,377110113.0,168596593.0,8394703.0,10273912.0,377126343.0,87578735.0
12.5,sysbench,mcf-attacker,10,0.44721698154922906,10607.3,3.953790609238163e-06,700.0,2191.0,168648415.0,377106465.0,17379000.32,0.44721698154922906,0.3194888178913738,3.953790609238163e-06,0.23265198611471866,0.8152724460651427,0.005044773416164517,700.0,2191.0,377106465.0,168648415.0,8396036.0,10298442.0,377104350.0,87734076.0
12.6,sysbench,mcf-attacker,10,0.44724036307257903,10618.199999999999,3.751997783038641e-06,733.0,2148.0,168668840.0,377132419.0,17396858.88,0.44724036307257903,0.34124767225325886,3.751997783038641e-06,0.23246451174809185,0.8159722259340652,0.0050216275455461715,733.0,2148.0,377132419.0,168668840.0,8396262.0,10289887.0,377093877.0,87660944.0
12.7,sysbench,mcf-attacker,10,0.44755704406939995,10599.1,3.956678706717983e-06,1170.0,2662.0,168766574.0,377083941.0,17365565.44,0.44755704406939995,0.439519158527423,3.956678706717983e-06,0.2324445952236527,0.81537261507967,0.005033604433886648,1170.0,2662.0,377083941.0,168766574.0,8383490.0,10281790.0,377125383.0,87660757.0
12.8,sysbench,mcf-attacker,10,0.44763838299441244,10595.0,3.83181404955809e-06,660.0,2105.0,168807112.0,377105982.0,17358848.0,0.44763838299441244,0.31353919239904987,3.83181404955809e-06,0.2327267836005082,0.8143120139712763,0.005071507540870867,660.0,2105.0,377105982.0,168807112.0,8386939.0,10299417.0,377102466.0,87761844.0
13.0,sysbench,mcf-attacker,10,0.4476201491418919,10601.5,3.784345845760602e-06,721.0,2148.0,168788472.0,377079701.0,17369497.6,0.4476201491418919,0.3356610800744879,3.784345845760602e-06,0.2327343513258913,0.8142669619759096,0.0050741205494780565,721.0,2148.0,377079701.0,168788472.0,8388553.0,10301969.0,377093130.0,87762525.0
13.1,sysbench,mcf-attacker,10,0.44702582073985386,10066.5,3.9042818412790505e-06,967.0,2439.0,168538552.0,377021962.0,16492953.6,0.44702582073985386,0.3964739647396474,3.9042818412790505e-06,0.9279725659089062,0.8085937196439033,0.001386830435513721,967.0,2439.0,377021962.0,168538552.0,2185062.0,2702299.0,372963404.0,346099807.0
13.2,sysbench,mcf-attacker,10,0.44721093009784324,1591.3,4.393964303195342e-06,1261.0,2918.0,168646912.0,377108207.0,2607185.92,0.44721093009784324,0.432145305003427,4.393964303195342e-06,1.018826843204085,0.7069037455467471,2.421475644287795e-05,1261.0,2918.0,377108207.0,168646912.0,22025.0,31157.0,377125412.0,384225493.0
13.3,sysbench,mcf-attacker,10,0.4472189046926921,3508.8999999999996,3.916702862357742e-06,675.0,2152.0,168647545.0,377102898.0,5748981.76,0.4472189046926921,0.31366171003717475,3.916702862357742e-06,0.2744538565136804,0.8247435244958944,0.004446717848726494,675.0,2152.0,377102898.0,168647545.0,7890398.0,9567093.0,377063501.0,103486532.0
13.4,sysbench,mcf-attacker,10,0.4475636181789506,10614.099999999999,3.8874751181372805e-06,663.0,2129.0,168780055.0,377108523.0,17390141.439999998,0.4475636181789506,0.3114138093001409,3.8874751181372805e-06,0.23166982153921753,0.8193095919819083,0.004888698317472135,663.0,2129.0,377108523.0,168780055.0,8359519.0,10203126.0,377116132.0,87366427.0
13.5,sysbench,mcf-attacker,10,0.4476375097299381,10594.2,3.850329636345992e-06,726.0,2178.0,168808836.0,377110569.0,17357537.28,0.4476375097299381,0.3333333333333333,3.850329636345992e-06,0.23200060129809164,0.817474962021634,0.004954591798318955,726.0,2178.0,377110569.0,168808836.0,8368286.0,10236749.0,377117445.0,87491474.0
13.6,sysbench,mcf-attacker,10,0.44785374981843246,10576.800000000001,3.752271861393506e-06,683.0,2098.0,168887831.0,377104872.0,17329029.12,0.44785374981843246,0.3255481410867493,3.752271861393506e-06,0.23157925900048765,0.8188606127357777,0.004912528371646371,683.0,2098.0,377104872.0,168887831.0,8374449.0,10226953.0,377097873.0,87328046.0
13.8,sysbench,mcf-attacker,10,0.44710969322193306,10583.4,4.1208184293310165e-06,1319.0,2873.0,168609337.0,377109554.0,17339842.56,0.44710969322193306,0.4591019839888618,4.1208184293310165e-06,0.23181915617368778,0.8174227896030422,0.004955573839074315,1319.0,2873.0,377109554.0,168609337.0,8366789.0,10235571.0,377107084.0,87420646.0
13.9,sysbench,mcf-attacker,10,0.44697226542334895,10579.400000000001,3.8927883965587886e-06,685.0,2153.0,168556628.0,377107577.0,17333288.96,0.44697226542334895,0.3181607059916396,3.8927883965587886e-06,0.23182355625460035,0.8169792493449005,0.004973634308451955,685.0,2153.0,377107577.0,168556628.0,8372454.0,10248062.0,377110154.0,87423017.0
14.0,sysbench,mcf-attacker,10,0.44782397330755036,10599.5,3.982943994326251e-06,693.0,2195.0,168877998.0,377107989.0,17366220.8,0.44782397330755036,0.31571753986332574,3.982943994326251e-06,0.23200903097140332,0.8163796446011115,0.0049968462020968645,693.0,2195.0,377107989.0,168877998.0,8377772.0,10262103.0,377104062.0,87491548.0
14.1,sysbench,mcf-attacker,10,0.44716014796043474,10561.199999999999,4.269220828508156e-06,817.0,2428.0,168736879.0,377352230.0,17303470.08,0.44716014796043474,0.3364909390444811,4.269220828508156e-06,0.2316169034551852,0.8149119956822839,0.005025238732736716,817.0,2428.0,377352230.0,168736879.0,8346697.0,10242452.0,377246754.0,87376725.0
14.2,sysbench,mcf-attacker,10,0.44753076805790065,10625.599999999999,4.042531044708672e-06,842.0,2366.0,168715313.0,376991539.0,17408983.04,0.44753076805790065,0.3558748943364328,4.042531044708672e-06,0.230741108903036,0.8200267668460334,0.004870433151836164,842.0,2366.0,376991539.0,168715313.0,8368506.0,10205162.0,377103215.0,87013214.0
14.3,sysbench,mcf-attacker,10,0.44740928176993106,10600.900000000001,4.125655076670142e-06,976.0,2532.0,168741407.0,377152227.0,17368514.560000002,0.44740928176993106,0.3854660347551343,4.125655076670142e-06,0.23135374584488427,0.8176542430042876,0.004947810427108902,976.0,2532.0,377152227.0,168741407.0,8367275.0,10233268.0,377135104.0,87251619.0
14.4,sysbench,mcf-attacker,10,0.44735735087702627,10584.5,3.854997621036956e-06,663.0,2117.0,168730996.0,377172736.0,17341644.8,0.44735735087702627,0.31317902692489374,3.854997621036956e-06,0.23073598112424556,0.8190021393613099,0.0048998070777005525,663.0,2117.0,377172736.0,168730996.0,8362441.0,10210524.0,377174646.0,87027762.0
14.5,sysbench,mcf-attacker,10,0.447280612891861,10563.699999999999,3.6986707815046373e-06,725.0,2120.0,168697484.0,377162522.0,17307566.08,0.447280612891861,0.3419811320754717,3.6986707815046373e-06,0.23134332596377166,0.8168651510882708,0.004968539019218057,725.0,2120.0,377162522.0,168697484.0,8358812.0,10232793.0,377169424.0,87255629.0
14.6,sysbench,mcf-attacker,10,0.4476459778646588,10581.599999999999,3.858333441105912e-06,662.0,2117.0,168809904.0,377105821.0,17336893.439999998,0.4476459778646588,0.3127066603684459,3.858333441105912e-06,0.2317688926213274,0.8160146234388443,0.005003727466425363,662.0,2117.0,377105821.0,168809904.0,8368935.0,10255864.0,377104671.0,87401132.0
14.7,sysbench,mcf-attacker,10,0.4443345561795165,10618.899999999998,6.262680120957542e-06,1807.0,4169.0,167582920.0,377154821.0,17398005.759999998,0.4443345561795165,0.4334372751259295,6.262680120957542e-06,0.2316357305135323,0.8173827960155636,0.004962930040042608,1807.0,4169.0,377154821.0,167582920.0,8377174.0,10248777.0,377116539.0,87353665.0
14.8,sysbench,mcf-attacker,10,0.4470336956893609,10596.300000000001,4.185009233276075e-06,814.0,2392.0,168558570.0,377060100.0,17360977.92,0.4470336956893609,0.3403010033444816,4.185009233276075e-06,0.2316842253782967,0.8171763117934217,0.004973255459473848,814.0,2392.0,377060100.0,168558570.0,8382718.0,10258151.0,377103693.0,87368977.0
14.9,sysbench,mcf-attacker,10,0.4478434931519881,10571.399999999998,3.879521576762731e-06,655.0,2118.0,168885523.0,377108355.0,17320181.759999998,0.4478434931519881,0.3092540132200189,3.879521576762731e-06,0.23206956511833113,0.814065102496214,0.005060786852636496,655.0,2118.0,377108355.0,168885523.0,8355714.0,10264184.0,377109342.0,87515601.0
15.0,sysbench,mcf-attacker,10,0.4475553437276504,10583.5,3.8052864163245014e-06,705.0,2140.0,168776236.0,377106962.0,17340006.4,0.4475553437276504,0.3294392523364486,3.8052864163245014e-06,0.23200128100618755,0.8151368306722807,0.005028779283148321,705.0,2140.0,377106962.0,168776236.0,8362007.0,10258409.0,377109810.0,87489959.0
15.1,sysbench,mcf-attacker,10,0.44709267958133414,10566.499999999998,3.86091303682923e-06,717.0,2173.0,168604404.0,377112871.0,17312153.599999998,0.44709267958133414,0.32995858260469396,3.86091303682923e-06,0.23152897601477437,0.8165795316081059,0.004988055200967442,717.0,2173.0,377112871.0,168604404.0,8374304.0,10255344.0,377108898.0,87311637.0
15.2,sysbench,mcf-attacker,10,0.44742743362173837,10630.5,4.33568055499087e-06,1126.0,2761.0,168726419.0,377103428.0,17417011.2,0.44742743362173837,0.4078232524447664,4.33568055499087e-06,0.23083542976103927,0.8197494170599611,0.004881161754916396,1126.0,2761.0,377103428.0,168726419.0,8371304.0,10212028.0,377107765.0,87049833.0
15.3,sysbench,mcf-attacker,10,0.44715394555800153,10664.0,3.6488994284213844e-06,672.0,2048.0,168621756.0,377100007.0,17471897.6,0.44715394555800153,0.328125,3.6488994284213844e-06,0.23041937065269388,0.8201694056039862,0.004864361286048491,672.0,2048.0,377100007.0,168621756.0,8366129.0,10200489.0,377101924.0,86891588.0
15.4,sysbench,mcf-attacker,10,0.447437442592218,10574.7,3.7141504255895455e-06,637.0,2038.0,168776109.0,377206047.0,17325588.48,0.447437442592218,0.3125613346418057,3.7141504255895455e-06,0.23092165005340098,0.8172028479341666,0.004948703557209224,637.0,2038.0,377206047.0,168776109.0,8344844.0,10211472.0,377195356.0,87102574.0
15.5,sysbench,mcf-attacker,10,0.44739699924980886,10552.8,3.789768277522657e-06,703.0,2132.0,168699051.0,377067909.0,17289707.52,0.44739699924980886,0.3297373358348968,3.789768277522657e-06,0.2313786892854334,0.8150476849433806,0.005023122992213268,703.0,2132.0,377067909.0,168699051.0,8347134.0,10241283.0,377085929.0,87249648.0
15.6,sysbench,mcf-attacker,10,0.4476807873792438,10566.8,3.860646332704302e-06,614.0,2070.0,168837850.0,377138923.0,17312645.119999997,0.4476807873792438,0.2966183574879227,3.860646332704302e-06,0.23170845773735585,0.8157369635335435,0.005012302209566802,614.0,2070.0,377138923.0,168837850.0,8367966.0,10258167.0,377112337.0,87380118.0
15.7,sysbench,mcf-attacker,10,0.44725986832789333,10590.9,4.094646404436229e-06,1515.0,3059.0,168651739.0,377077737.0,17352130.56,0.44725986832789333,0.4952598888525662,4.094646404436229e-06,0.2319154908581604,0.8154818875963605,0.005023742735393119,1515.0,3059.0,377077737.0,168651739.0,8372798.0,10267301.0,377109876.0,87457622.0
15.9,sysbench,mcf-attacker,10,0.4471297262728605,10569.9,3.8106017639458543e-06,667.0,2104.0,168615210.0,377105793.0,17317724.16,0.4471297262728605,0.31701520912547526,3.8106017639458543e-06,0.2319559473360443,0.8142957921269488,0.005055390621839807,667.0,2104.0,377105793.0,168615210.0,8359401.0,10265804.0,377103006.0,87471285.0
16.0,sysbench,mcf-attacker,10,0.44763105148165067,10574.1,3.831777622337542e-06,712.0,2157.0,168805952.0,377109567.0,17324605.44,0.44763105148165067,0.3300880853036625,3.831777622337542e-06,0.23172770689616273,0.8154382479926712,0.005020094122989424,712.0,2157.0,377109567.0,168805952.0,8364388.0,10257537.0,377114244.0,87387819.0
16.1,sysbench,mcf-attacker,10,0.44789831038547845,10818.800000000001,3.818533862414889e-06,742.0,2182.0,168906075.0,377108087.0,17725521.92,0.44789831038547845,0.3400549954170486,3.818533862414889e-06,0.23112932893645977,0.8173664397289268,0.004951155150913696,742.0,2182.0,377108087.0,168906075.0,8356233.0,10223362.0,377109774.0,87161129.0
16.2,sysbench,mcf-attacker,10,0.44752202658883916,10592.6,4.004193084927196e-06,896.0,2406.0,168762656.0,377104692.0,17354915.84,0.44752202658883916,0.372402327514547,4.004193084927196e-06,0.23109077655544327,0.819044994598669,0.004907009041769931,896.0,2406.0,377104692.0,168762656.0,8375704.0,10226183.0,377109352.0,87146493.0
16.3,sysbench,mcf-attacker,10,0.4473530977764933,10592.9,4.531551596186814e-06,1105.0,2814.0,168711848.0,377133519.0,17355407.36,0.4473530977764933,0.39267945984363894,4.531551596186814e-06,0.23168191798331525,0.8160941426669397,0.005004532849806724,1105.0,2814.0,377133519.0,168711848.0,8374723.0,10261957.0,377104928.0,87368393.0
16.4,sysbench,mcf-attacker,10,0.4471587513228574,10606.5,3.909038104770395e-06,816.0,2290.0,168612324.0,377074861.0,17377689.6,0.4471587513228574,0.3563318777292576,3.909038104770395e-06,0.2314609284183163,0.8171125794947022,0.004964103065737754,816.0,2290.0,377074861.0,168612324.0,8363756.0,10235745.0,377105184.0,87285116.0
16.5,sysbench,mcf-attacker,10,0.44745731236479025,10574.400000000001,3.845093844553676e-06,725.0,2175.0,168737911.0,377103930.0,17325096.96,0.44745731236479025,0.3333333333333333,3.845093844553676e-06,0.23186029387156395,0.8155973663563093,0.005015709598969716,725.0,2175.0,377103930.0,168737911.0,8365928.0,10257424.0,377114337.0,87437841.0
16.6,sysbench,mcf-attacker,10,0.44776365682957525,10588.400000000001,3.89011220587142e-06,689.0,2156.0,168856128.0,377109945.0,17348034.560000002,0.44776365682957525,0.31957328385899814,3.89011220587142e-06,0.23182943367711167,0.8150504900128724,0.005033928841143061,689.0,2156.0,377109945.0,168856128.0,8365525.0,10263812.0,377098497.0,87422531.0
16.7,sysbench,mcf-attacker,10,0.4476478863831912,10584.2,4.046318628288439e-06,1118.0,2644.0,168822759.0,377132930.0,17341153.28,0.4476478863831912,0.4228441754916793,4.046318628288439e-06,0.2314503674450593,0.8171372481146465,0.004970157949825856,1118.0,2644.0,377132930.0,168822759.0,8375495.0,10249802.0,377112160.0,87282748.0
16.8,sysbench,mcf-attacker,10,0.44772177126393237,10559.099999999999,3.784004524428406e-06,746.0,2173.0,168842020.0,377113714.0,17300029.439999998,0.44772177126393237,0.34330418775885874,3.784004524428406e-06,0.23162929963318685,0.8157469936196482,0.005012174641686457,746.0,2173.0,377113714.0,168842020.0,8368489.0,10258682.0,377120339.0,87352120.0
16.9,sysbench,mcf-attacker,10,0.44783335048672546,8258.199999999999,3.813534671062068e-06,685.0,2123.0,168868101.0,377077993.0,13530234.879999999,0.44783335048672546,0.32265661799340556,3.813534671062068e-06,0.2535483481806657,0.814406661328052,0.004986890860628066,685.0,2123.0,377077993.0,168868101.0,8252965.0,10133715.0,377138793.0,95622918.0
17.0,sysbench,mcf-attacker,10,0.4472433500777974,1635.6999999999998,3.934307934541393e-06,889.0,2372.0,168584132.0,376940500.0,2679930.88,0.4472433500777974,0.3747892074198988,3.934307934541393e-06,1.1212052281720175,0.3940094830577079,0.00011234822925415173,889.0,2372.0,376940500.0,168584132.0,27256.0,69176.0,373125596.0,418350369.0
17.1,sysbench,mcf-attacker,10,0.44722880119102204,5273.6,4.083753910486066e-06,755.0,2295.0,168651777.0,377104016.0,8640266.24,0.44722880119102204,0.3289760348583878,4.083753910486066e-06,0.8482513873505205,0.8228225752757549,0.0010373885734998424,755.0,2295.0,377104016.0,168651777.0,1816668.0,2207849.0,377082426.0,319860691.0
17.2,sysbench,mcf-attacker,10,0.4472307242542982,10639.6,4.303823095867609e-06,1113.0,2736.0,168653648.0,377106578.0,17431920.64,0.4472307242542982,0.4067982456140351,4.303823095867609e-06,0.23126764586174792,0.8259200587091065,0.004702804290464588,1113.0,2736.0,377106578.0,168653648.0,8413793.0,10187176.0,377090538.0,87208841.0
17.3,sysbench,mcf-attacker,10,0.4470880706264089,10647.7,3.850354681838776e-06,762.0,2214.0,168600540.0,377108116.0,17445191.68,0.4470880706264089,0.34417344173441733,3.850354681838776e-06,0.23207608535882743,0.8206096763169458,0.004871909598451553,762.0,2214.0,377108116.0,168600540.0,8404274.0,10241500.0,377105930.0,87517268.0
17.4,sysbench,mcf-attacker,10,0.4474723840521452,10630.0,3.826437615881164e-06,661.0,2104.0,168747727.0,377113165.0,17416192.0,0.4474723840521452,0.3141634980988593,3.826437615881164e-06,0.23174502982444622,0.8213334116139007,0.004841846378668376,661.0,2104.0,377113165.0,168747727.0,8393740.0,10219650.0,377110271.0,87393431.0
17.5,sysbench,mcf-attacker,10,0.44755035025730405,10611.0,3.831816213875e-06,732.0,2177.0,168773819.0,377105769.0,17385062.4,0.44755035025730405,0.3362425355994488,3.831816213875e-06,0.23286590563935286,0.8150382669377124,0.005038086203889357,732.0,2177.0,377105769.0,168773819.0,8372329.0,10272314.0,377124353.0,87819404.0
17.6,sysbench,mcf-attacker,10,0.447296142757064,10619.2,3.896610899608491e-06,822.0,2292.0,168742876.0,377250908.0,17398497.28,0.447296142757064,0.3586387434554974,3.896610899608491e-06,0.23264519694733876,0.8162138957178005,0.005008882118142868,822.0,2292.0,377250908.0,168742876.0,8388542.0,10277382.0,377098114.0,87730065.0
17.7,sysbench,mcf-attacker,10,0.46906863806027216,10907.2,4.624640410388945e-05,28113.0,45490.0,176251665.0,375748133.0,17870356.48,0.46906863806027216,0.6180039569136074,4.624640410388945e-05,0.230740462365917,0.8265863538198415,0.0046933207082242205,28113.0,45490.0,375748133.0,176251665.0,8521020.0,10308687.0,380895982.0,87888115.0
17.8,sysbench,mcf-attacker,10,0.4477850040597269,10625.1,4.036112150849019e-06,843.0,2365.0,168857740.0,377095567.0,17408163.84,0.4477850040597269,0.3564482029598309,4.036112150849019e-06,0.2317706909840046,0.8207022590466356,0.004876241988627042,843.0,2365.0,377095567.0,168857740.0,8411970.0,10249722.0,376878753.0,87349449.0
18.0,sysbench,mcf-attacker,10,0.44702535005539973,10624.9,3.9670398283718554e-06,723.0,2219.0,168576559.0,377107381.0,17407836.16,0.44702535005539973,0.32582244254168546,3.9670398283718554e-06,0.2321597544555718,0.8185756786601629,0.004937445357444488,723.0,2219.0,377107381.0,168576559.0,8401025.0,10262979.0,377108781.0,87549482.0
18.1,sysbench,mcf-attacker,10,0.44738474623064717,10626.5,4.041308494652256e-06,788.0,2312.0,168711286.0,377105584.0,17410457.6,0.44738474623064717,0.3408304498269896,4.041308494652256e-06,0.23214883714181306,0.8181968756946042,0.0049451087311851724,788.0,2312.0,377105584.0,168711286.0,8392769.0,10257640.0,377114256.0,87546636.0
18.2,sysbench,mcf-attacker,10,0.4479115746751632,10643.3,4.27194287834824e-06,1158.0,2769.0,168912733.0,377111784.0,17437982.72,0.4479115746751632,0.4182015167930661,4.27194287834824e-06,0.23155451579388625,0.8205175162624372,0.004875496860132949,1158.0,2769.0,377111784.0,168912733.0,8405260.0,10243852.0,377108642.0,87321209.0
18.3,sysbench,mcf-attacker,10,0.44746240263749765,10711.5,4.200431524331933e-06,790.0,2374.0,168739912.0,377104112.0,17549721.6,0.44746240263749765,0.33277169334456613,4.200431524331933e-06,0.2322894032488112,0.8175177013647597,0.0049737936976465705,790.0,2374.0,377104112.0,168739912.0,8402926.0,10278586.0,377108524.0,87598314.0
18.4,sysbench,mcf-attacker,10,0.4471908091418589,10627.6,3.951126097588026e-06,768.0,2258.0,168639089.0,377107681.0,17412259.84,0.4471908091418589,0.34012400354295835,3.951126097588026e-06,0.23225415710615357,0.8165291926363922,0.00499341570145076,768.0,2258.0,377107681.0,168639089.0,8380360.0,10263393.0,377103192.0,87583784.0
18.5,sysbench,mcf-attacker,10,0.44744756917335865,10612.6,4.229549381607927e-06,754.0,2349.0,168736385.0,377108731.0,17387683.84,0.44744756917335865,0.32098765432098764,4.229549381607927e-06,0.2325864885756297,0.8150611278032058,0.005044836990749396,754.0,2349.0,377108731.0,168736385.0,8384511.0,10286972.0,377110500.0,87710807.0
18.6,sysbench,mcf-attacker,10,0.4472648002061007,10605.8,3.913988905809054e-06,741.0,2217.0,168667531.0,377108887.0,17376542.72,0.4472648002061007,0.3342354533152909,3.913988905809054e-06,0.2326914010737251,0.8144701869663271,0.005065581495131279,741.0,2217.0,377108887.0,168667531.0,8386154.0,10296453.0,377113467.0,87751061.0
18.7,sysbench,mcf-attacker,10,0.44713030448029456,10617.7,4.120861068398943e-06,1862.0,3416.0,168615365.0,377105652.0,17396039.68,0.44713030448029456,0.5450819672131147,4.120861068398943e-06,0.23208959624600278,0.8168717916218992,0.004988442580949254,1862.0,3416.0,377105652.0,168615365.0,8391331.0,10272519.0,377109282.0,87523141.0
18.8,sysbench,mcf-attacker,10,0.44715490810128655,10595.9,3.9269396406414846e-06,751.0,2232.0,168639317.0,377138468.0,17360322.56,0.44715490810128655,0.3364695340501792,3.9269396406414846e-06,0.23247971611733012,0.8158293143695593,0.005024422516327823,751.0,2232.0,377138468.0,168639317.0,8392995.0,10287685.0,377096073.0,87667188.0
18.9,sysbench,mcf-attacker,10,0.4475676635291664,10595.4,3.832113530932719e-06,724.0,2169.0,168767253.0,377076511.0,17359503.36,0.4475676635291664,0.3337943752881512,3.832113530932719e-06,0.23246454537104272,0.8158462958292085,0.005023901407133097,724.0,2169.0,377076511.0,168767253.0,8393700.0,10288335.0,377124240.0,87668015.0
19.0,sysbench,mcf-attacker,10,0.4473718560386474,10596.499999999998,3.8396479539222734e-06,873.0,2321.0,168711938.0,377117907.0,17361305.599999998,0.4473718560386474,0.37613097802671264,3.8396479539222734e-06,0.23257867778143315,0.8142148546543997,0.005066072015490911,873.0,2321.0,377117907.0,168711938.0,8372494.0,10282905.0,377099061.0,87705201.0
19.1,sysbench,mcf-attacker,10,0.4474940383364317,10598.099999999999,3.8103862899617844e-06,741.0,2178.0,168762137.0,377127118.0,17363927.04,0.4474940383364317,0.3402203856749311,3.8103862899617844e-06,0.23226104086152266,0.8152102175423955,0.0050353727848046976,741.0,2178.0,377127118.0,168762137.0,8377079.0,10275974.0,377111106.0,87588218.0
19.2,sysbench,mcf-attacker,10,0.447440636436119,10652.1,4.256379364595489e-06,1208.0,2813.0,168721385.0,377081050.0,17452400.64,0.447440636436119,0.4294347671525062,4.256379364595489e-06,0.23217919977825155,0.8173526902381509,0.0049717612051485,1208.0,2813.0,377081050.0,168721385.0,8390127.0,10265002.0,377104797.0,87555890.0
19.3,sysbench,mcf-attacker,10,0.44760165531093227,10612.3,4.036001033757226e-06,758.0,2280.0,168793247.0,377105949.0,17387192.32,0.44760165531093227,0.33245614035087717,4.036001033757226e-06,0.23241170199164027,0.8155795904879688,0.005030309188214115,758.0,2280.0,377105949.0,168793247.0,8389090.0,10286047.0,377105448.0,87643719.0
19.4,sysbench,mcf-attacker,10,0.44720554313450744,10623.099999999999,3.85826900460868e-06,748.0,2203.0,168646630.0,377112119.0,17404887.04,0.44720554313450744,0.3395369950068089,3.85826900460868e-06,0.23214052182277362,0.8168488029728865,0.004990329893036216,748.0,2203.0,377112119.0,168646630.0,8393119.0,10274997.0,377104929.0,87541335.0
19.5,sysbench,mcf-attacker,10,0.44750121979459084,10601.0,3.83713292228332e-06,664.0,2111.0,168754713.0,377104476.0,17368678.4,0.44750121979459084,0.31454287067740405,3.83713292228332e-06,0.23246872733632326,0.8152956443361441,0.005039433433567581,664.0,2111.0,377104476.0,168754713.0,8388647.0,10289086.0,377113623.0,87667124.0
19.6,sysbench,mcf-attacker,10,0.4478803046147126,10598.600000000002,3.9005982260789914e-06,718.0,2189.0,168905355.0,377121640.0,17364746.240000002,0.4478803046147126,0.32800365463682046,3.9005982260789914e-06,0.23228864142636307,0.81578761474567,0.005020489698148031,718.0,2189.0,377121640.0,168905355.0,8384267.0,10277512.0,377103652.0,87596895.0
19.7,sysbench,mcf-attacker,10,0.4469974527140201,10619.0,4.004011743994489e-06,1534.0,3044.0,168572471.0,377121771.0,17398169.6,0.4469974527140201,0.5039421813403416,4.004011743994489e-06,0.23230195376699944,0.8158658220075379,0.005015916645856565,1534.0,3044.0,377121771.0,168572471.0,8381277.0,10272862.0,377116514.0,87604903.0
19.8,sysbench,mcf-attacker,10,0.4472859465882587,10587.6,3.863911037757796e-06,782.0,2239.0,168662171.0,377079075.0,17346723.84,0.4472859465882587,0.34926306386779815,3.863911037757796e-06,0.2325558933665559,0.8140596829770026,0.00507402246984245,782.0,2239.0,377079075.0,168662171.0,8377222.0,10290673.0,377107317.0,87698529.0
19.9,sysbench,mcf-attacker,10,0.44756482433264694,10582.9,3.995883841910532e-06,722.0,2229.0,168793743.0,377138090.0,17339023.36,0.44756482433264694,0.32391206819201435,3.995883841910532e-06,0.23267107094786527,0.8135598933285257,0.005089622896863314,722.0,2229.0,377138090.0,168793743.0,8375425.0,10294786.0,377112615.0,87743196.0
20.1,sysbench,mcf-attacker,10,0.4471632065925333,10623.3,4.094630474503707e-06,723.0,2267.0,168615946.0,377079204.0,17405214.72,0.4471632065925333,0.31892368769298635,4.094630474503707e-06,0.23250557707054595,0.8144987800725207,0.005065931228248525,723.0,2267.0,377079204.0,168615946.0,8388167.0,10298563.0,377106580.0,87679383.0
20.2,sysbench,mcf-attacker,10,0.44766046977475504,10662.9,4.006840894574458e-06,1201.0,2712.0,168815031.0,377105066.0,17470095.36,0.44766046977475504,0.44284660766961653,4.006840894574458e-06,0.23193091204131114,0.817650706504425,0.004961900718500708,1201.0,2712.0,377105066.0,168815031.0,8390039.0,10261153.0,377096219.0,87460270.0
20.3,sysbench,mcf-attacker,10,0.4479955028584479,10602.5,4.224264163810569e-06,1026.0,2619.0,168942284.0,377107098.0,17371136.0,0.4479955028584479,0.3917525773195876,4.224264163810569e-06,0.23216613548360898,0.8165271943315401,0.004998806543834155,1026.0,2619.0,377107098.0,168942284.0,8389554.0,10274678.0,377114814.0,87553289.0
20.4,sysbench,mcf-attacker,10,0.4479285220138924,10614.099999999999,3.967039260310527e-06,737.0,2233.0,168917176.0,377107435.0,17390141.439999998,0.4479285220138924,0.33004926108374383,3.967039260310527e-06,0.2319107542712639,0.8175017522222814,0.004969299135384014,737.0,2233.0,377107435.0,168917176.0,8394426.0,10268389.0,377108109.0,87455426.0
20.5,sysbench,mcf-attacker,10,0.4471520155328292,10588.199999999999,3.823850107282066e-06,704.0,2146.0,168624080.0,377106832.0,17347706.88,0.4471520155328292,0.32805219012115566,3.823850107282066e-06,0.23217721278949882,0.8161758393053458,0.005007666962661936,704.0,2146.0,377106832.0,168624080.0,8384736.0,10273198.0,377114136.0,87557309.0
20.6,sysbench,mcf-attacker,10,0.44740800529598573,10594.5,4.009442566059789e-06,837.0,2349.0,168721934.0,377109779.0,17358028.8,0.44740800529598573,0.3563218390804598,4.009442566059789e-06,0.23235542279595342,0.815369242450446,0.005033464217250524,837.0,2349.0,377109779.0,168721934.0,8382653.0,10280806.0,377106684.0,87622783.0
20.7,sysbench,mcf-attacker,10,0.44758109944015295,10619.9,3.7469746063871464e-06,755.0,2168.0,168784729.0,377104237.0,17399644.16,0.44758109944015295,0.3482472324723247,3.7469746063871464e-06,0.23235175770821095,0.814959334446634,0.0050462685705933395,755.0,2168.0,377104237.0,168784729.0,8381151.0,10284134.0,377106960.0,87621465.0
20.8,sysbench,mcf-attacker,10,0.44757401903999877,5522.6,4.020914047071446e-06,1390.0,2906.0,168748251.0,377028701.0,9048227.84,0.44757401903999877,0.4783207157604955,4.020914047071446e-06,0.6566669661869144,0.8121902606981289,0.003147209070840286,1390.0,2906.0,377028701.0,168748251.0,5077020.0,6251023.0,373029873.0,244956395.0
20.9,sysbench,mcf-attacker,10,0.4466802877482023,1655.6999999999998,4.3830457891782125e-06,852.0,2505.0,168458773.0,377135006.0,2712698.88,0.4466802877482023,0.3401197604790419,4.3830457891782125e-06,1.015539605164894,0.663768539490027,2.4405899251625876e-05,852.0,2505.0,377135006.0,168458773.0,18170.0,27374.0,377121937.0,382982263.0
21.0,sysbench,mcf-attacker,10,0.44771738675103684,7969.099999999999,3.9540819019088344e-06,757.0,2248.0,168824683.0,377078684.0,13056573.44,0.44771738675103684,0.33674377224199287,3.9540819019088344e-06,0.548889648667757,0.8249879860249311,0.002830671299846857,757.0,2248.0,377078684.0,168824683.0,5031723.0,6099147.0,377092176.0,206981992.0
21.1,sysbench,mcf-attacker,10,0.4478972562552671,10691.999999999998,3.829141002461212e-06,771.0,2215.0,168905673.0,377108077.0,17517772.799999997,0.4478972562552671,0.34808126410835216,3.829141002461212e-06,0.23177961900625857,0.8219658073827594,0.004816163775668015,771.0,2215.0,377108077.0,168905673.0,8384948.0,10201091.0,377093281.0,87402537.0
21.2,sysbench,mcf-attacker,10,0.44769980754153227,10647.3,4.5910919318923065e-06,1318.0,3050.0,168895783.0,377252302.0,17444536.32,0.44769980754153227,0.4321311475409836,4.5910919318923065e-06,0.23229505199073908,0.8206072963007064,0.004874010137689486,1318.0,3050.0,377252302.0,168895783.0,8407729.0,10245740.0,377104468.0,87599502.0
21.3,sysbench,mcf-attacker,10,0.44735120020304303,10598.900000000001,3.5878107478993833e-06,681.0,2034.0,168700697.0,377110192.0,17365237.76,0.44735120020304303,0.33480825958702065,3.5878107478993833e-06,0.23117860823125294,0.8191966065508286,0.004891750636802232,681.0,2034.0,377110192.0,168700697.0,8363052.0,10208846.0,377327901.0,87230139.0
21.4,sysbench,mcf-attacker,10,0.44712490248424785,10599.5,3.6157321300226287e-06,729.0,2093.0,168673548.0,377240335.0,17366220.8,0.44712490248424785,0.34830387004300045,3.6157321300226287e-06,0.23128088716315265,0.8192579396786895,0.004892034928819028,729.0,2093.0,377240335.0,168673548.0,8363502.0,10208631.0,377170038.0,87232221.0
21.5,sysbench,mcf-attacker,10,0.4471059482961242,10591.900000000001,3.6314660874571913e-06,730.0,2100.0,168674341.0,377258101.0,17353768.96,0.4471059482961242,0.3476190476190476,3.6314660874571913e-06,0.23155458129366305,0.817721636035812,0.004943260046553996,730.0,2100.0,377258101.0,168674341.0,8365729.0,10230534.0,377241938.0,87352099.0
21.6,sysbench,mcf-attacker,10,0.44707651053963904,10617.4,3.8718541142227675e-06,707.0,2167.0,168583755.0,377080323.0,17395548.16,0.44707651053963904,0.3262574988463313,3.8718541142227675e-06,0.23261081163156255,0.8167131746698101,0.004993408020338267,707.0,2167.0,377080323.0,168583755.0,8390796.0,10273859.0,377109780.0,87719812.0
21.7,sysbench,mcf-attacker,10,0.44734651496273753,10605.2,3.706600500471669e-06,1290.0,2688.0,168723451.0,377165006.0,17375559.68,0.44734651496273753,0.4799107142857143,3.706600500471669e-06,0.23135558078579058,0.8183845625661288,0.004925524433306685,1290.0,2688.0,377165006.0,168723451.0,8372872.0,10230975.0,377239627.0,87276493.0
21.8,sysbench,mcf-attacker,10,0.44729536319880286,10567.6,3.7135292857507502e-06,813.0,2214.0,168750737.0,377269140.0,17313955.84,0.44729536319880286,0.36720867208672087,3.7135292857507502e-06,0.23160397388222054,0.8161179789210588,0.004989829617006263,813.0,2214.0,377269140.0,168750737.0,8353782.0,10235998.0,377210475.0,87363445.0
21.9,sysbench,mcf-attacker,10,0.4469544055123167,10560.4,3.6422365777710525e-06,724.0,2098.0,168609408.0,377240734.0,17302159.36,0.4469544055123167,0.34509056244041947,3.6422365777710525e-06,0.23165776892523737,0.8148666179929474,0.005024831139017151,724.0,2098.0,377240734.0,168609408.0,8343918.0,10239612.0,377265215.0,87396418.0
22.0,sysbench,mcf-attacker,10,0.44731639977274384,10609.1,4.0463274905919965e-06,633.0,2159.0,168697375.0,377132104.0,17381949.44,0.44731639977274384,0.29319129226493745,4.0463274905919965e-06,0.23293301420353468,0.8143573141598556,0.005071047586021541,633.0,2159.0,377132104.0,168697375.0,8388610.0,10300896.0,377098808.0,87838762.0
22.2,sysbench,mcf-attacker,10,0.4471490732386833,10601.5,3.472892437268612e-06,916.0,2229.0,169054108.0,378071024.0,17369497.6,0.4471490732386833,0.41094661283086587,3.472892437268612e-06,0.23029126700655883,0.8198896433064004,0.004864036999138322,916.0,2229.0,378071024.0,169054108.0,8373437.0,10212883.0,378172699.0,87089870.0
22.3,sysbench,mcf-attacker,10,0.4473148184488328,10614.0,3.965561389602055e-06,880.0,2376.0,168748609.0,377247974.0,17389977.6,0.4473148184488328,0.37037037037037035,3.965561389602055e-06,0.23125796249974787,0.8185011955722328,0.004921932746316468,880.0,2376.0,377247974.0,168748609.0,8372443.0,10228993.0,377199384.0,87230361.0
22.4,sysbench,mcf-attacker,10,0.4470450568557464,10628.400000000001,3.850324766143286e-06,700.0,2152.0,168585629.0,377111046.0,17413570.560000002,0.4470450568557464,0.3252788104089219,3.850324766143286e-06,0.23227798906600683,0.8176558673969144,0.0049684665949177986,700.0,2152.0,377111046.0,168585629.0,8401755.0,10275417.0,377110717.0,87594519.0
22.5,sysbench,mcf-attacker,10,0.4472601672990119,10612.7,3.8670629990712684e-06,744.0,2202.0,168630644.0,377030320.0,17387847.68,0.4472601672990119,0.33787465940054495,3.8670629990712684e-06,0.2323442061503482,0.8172990293117753,0.00497829377637877,744.0,2202.0,377030320.0,168630644.0,8398403.0,10275802.0,377116957.0,87620940.0
22.6,sysbench,mcf-attacker,10,0.4470399943833426,10623.0,3.95909008834451e-06,656.0,2149.0,168581845.0,377106852.0,17404723.2,0.4470399943833426,0.3052582596556538,3.95909008834451e-06,0.2326836885383179,0.8159416091184845,0.005024997528193835,656.0,2149.0,377106852.0,168581845.0,8398580.0,10293114.0,377021877.0,87726841.0
22.7,sysbench,mcf-attacker,10,0.4471603681072229,10616.400000000001,4.126106194220931e-06,748.0,2304.0,168629090.0,377110992.0,17393909.76,0.4471603681072229,0.3246527777777778,4.126106194220931e-06,0.2325261954573866,0.8157135849629851,0.0050279820726822745,748.0,2304.0,377110992.0,168629090.0,8392842.0,10288957.0,377112522.0,87688540.0
22.8,sysbench,mcf-attacker,10,0.4478785360880856,10604.400000000001,3.815914048113876e-06,1102.0,2541.0,168897204.0,377104930.0,17374248.96,0.4478785360880856,0.4336875245966155,3.815914048113876e-06,0.23272671811236617,0.8149097862983006,0.005054150843378035,1102.0,2541.0,377104930.0,168897204.0,8391483.0,10297438.0,377106869.0,87762844.0
22.9,sysbench,mcf-attacker,10,0.44736986557218933,10601.100000000002,3.792038297910887e-06,710.0,2140.0,168705814.0,377105896.0,17368842.240000002,0.44736986557218933,0.3317757009345794,3.792038297910887e-06,0.2329556649597084,0.8138751023300947,0.00508785253839989,710.0,2140.0,377105896.0,168705814.0,8389873.0,10308551.0,377109593.0,87849816.0
23.1,sysbench,mcf-attacker,10,0.4473695966770193,10607.9,3.988204725420656e-06,693.0,2197.0,168708459.0,377112035.0,17379983.36,0.4473695966770193,0.3154301319981793,3.988204725420656e-06,0.23271487919921796,0.8147700529873039,0.005052939629048438,693.0,2197.0,377112035.0,168708459.0,8381841.0,10287370.0,377112956.0,87759796.0
23.2,sysbench,mcf-attacker,10,0.4468518094663219,10559.1,4.354148999371215e-06,1389.0,3031.0,168512991.0,377111578.0,17300029.44,0.4468518094663219,0.4582645991421973,4.354148999371215e-06,0.231064060334349,0.8226414765650178,0.004805420150373843,1389.0,3031.0,377111578.0,168512991.0,8405605.0,10217823.0,377119574.0,87138780.0
23.3,sysbench,mcf-attacker,10,0.4467288696847769,11327.6,3.853694741159456e-06,1171.0,2583.0,163682182.0,366401621.0,18559139.84,0.4467288696847769,0.4533488192024777,3.853694741159456e-06,0.23045160108246596,0.8271881994602494,0.004673470653121595,1171.0,2583.0,366401621.0,163682182.0,8435700.0,10198042.0,377094911.0,86902126.0
23.4,sysbench,mcf-attacker,10,0.4470380206579027,10659.7,3.776168803401e-06,705.0,2129.0,168578836.0,377101786.0,17464852.48,0.4470380206579027,0.3311413809300141,3.776168803401e-06,0.23196386203321387,0.819781897173138,0.004906084674352741,705.0,2129.0,377101786.0,168578836.0,8415717.0,10265800.0,377099688.0,87473500.0
23.5,sysbench,mcf-attacker,10,0.4473943263980486,10625.599999999999,3.7967100192621516e-06,590.0,2022.0,168743115.0,377168652.0,17408983.04,0.4473943263980486,0.29179030662710187,3.7967100192621516e-06,0.2317211561045032,0.817258281853664,0.00496869526504654,590.0,2022.0,377168652.0,168743115.0,8381264.0,10255343.0,377177287.0,87399957.0
23.6,sysbench,mcf-attacker,10,0.4471261033828721,10574.0,3.5676638378979936e-06,620.0,1966.0,168690707.0,377277698.0,17324441.6,0.4471261033828721,0.31536113936927773,3.5676638378979936e-06,0.23151468146949414,0.8155787281040545,0.005008620336777033,620.0,1966.0,377277698.0,168690707.0,8356993.0,10246703.0,377291524.0,87348527.0
23.7,sysbench,mcf-attacker,10,0.44733159636548814,10580.5,3.934806534445183e-06,1382.0,2866.0,168709715.0,377146878.0,17335091.2,0.44733159636548814,0.48220516399162594,3.934806534445183e-06,0.23110394897819736,0.817146800153361,0.004956905741377665,1382.0,2866.0,377146878.0,168709715.0,8354705.0,10224240.0,377157666.0,87162626.0
23.8,sysbench,mcf-attacker,10,0.4471094224876295,10579.9,3.450029653813682e-06,534.0,1835.0,168604162.0,377098208.0,17334108.16,0.4471094224876295,0.291008174386921,3.450029653813682e-06,0.2316880779569845,0.8155071382999078,0.005011834938923114,534.0,1835.0,377098208.0,168604162.0,8358140.0,10249009.0,377280781.0,87411459.0
23.9,sysbench,mcf-attacker,10,0.44732764756815413,10553.400000000001,3.6233084106259844e-06,640.0,2007.0,168767553.0,377279504.0,17290690.560000002,0.44732764756815413,0.3188839063278525,3.6233084106259844e-06,0.23126054907395716,0.8150580439608032,0.005013981554156224,640.0,2007.0,377279504.0,168767553.0,8337135.0,10228885.0,377294966.0,87253441.0
24.0,sysbench,mcf-attacker,10,0.4476170071665656,10544.3,3.5678319037787225e-06,578.0,1924.0,168867959.0,377259926.0,17275781.119999997,0.4476170071665656,0.3004158004158004,3.5678319037787225e-06,0.23144667523678292,0.8154654002628926,0.005010086559651378,578.0,1924.0,377259926.0,168867959.0,8352786.0,10242968.0,377275318.0,87319118.0
24.1,sysbench,mcf-attacker,10,0.4471066114122971,10553.699999999999,3.67238681260373e-06,796.0,2181.0,168621305.0,377138921.0,17291182.08,0.4471066114122971,0.3649701971572673,3.67238681260373e-06,0.23099136765360206,0.818305583846516,0.004924918984538372,796.0,2181.0,377138921.0,168621305.0,8365646.0,10223132.0,377160722.0,87120871.0
24.4,sysbench,mcf-attacker,10,0.44700433063305445,10580.7,3.6136729230011883e-06,594.0,1957.0,168600456.0,377178574.0,17335418.880000003,0.44700433063305445,0.3035258048032703,3.6136729230011883e-06,0.2310856093978784,0.8166851816161561,0.004970230993044086,594.0,1957.0,377178574.0,168600456.0,8352134.0,10226871.0,377193133.0,87163905.0
24.5,sysbench,mcf-attacker,10,0.4474172795789936,10572.7,3.5201487589418668e-06,603.0,1931.0,168791204.0,377256784.0,17322311.68,0.4474172795789936,0.3122734334541688,3.5201487589418668e-06,0.23123645814306865,0.817207031616401,0.0049589253317628805,603.0,1931.0,377256784.0,168791204.0,8363859.0,10234688.0,377265007.0,87237424.0
24.6,sysbench,mcf-attacker,10,0.4475667038296205,10576.5,3.5974154290645202e-06,715.0,2072.0,168828991.0,377215261.0,17328537.6,0.4475667038296205,0.3450772200772201,3.5974154290645202e-06,0.23151978313874383,0.8159238962813852,0.004998071354583803,715.0,2072.0,377215261.0,168828991.0,8357054.0,10242443.0,377223306.0,87334658.0
24.7,sysbench,mcf-attacker,10,0.44715114438963455,3439.2000000000003,3.6309047986832905e-06,960.0,2330.0,168717469.0,377316420.0,5634785.28,0.44715114438963455,0.41201716738197425,3.6309047986832905e-06,0.9035010328735493,0.8095976267974125,0.001549441756030092,960.0,2330.0,377316420.0,168717469.0,2456218.0,3033875.0,372816208.0,336839829.0
24.8,sysbench,mcf-attacker,10,0.44741819425181734,1655.0,3.815487773348975e-06,918.0,2357.0,168742457.0,377147061.0,2711552.0,0.44741819425181734,0.38947815019092064,3.815487773348975e-06,1.0188151141384283,0.6857322231033571,2.5218805486393424e-05,918.0,2357.0,377147061.0,168742457.0,20753.0,30264.0,377139195.0,384235112.0
24.9,sysbench,mcf-attacker,10,0.4473474756701154,9960.599999999999,3.522305976597895e-06,675.0,2004.0,168788515.0,377309640.0,16319447.04,0.4473474756701154,0.33682634730538924,3.522305976597895e-06,0.2999205054653983,0.8225285060894192,0.0043306680187280636,675.0,2004.0,377309640.0,168788515.0,7576899.0,9211716.0,377497650.0,113219286.0
25.0,sysbench,mcf-attacker,10,0.447381738770804,10556.5,3.7791600586837524e-06,780.0,2205.0,168693299.0,377067914.0,17295769.6,0.447381738770804,0.35374149659863946,3.7791600586837524e-06,0.23084487612321364,0.8194195533309768,0.004869115360750467,780.0,2205.0,377067914.0,168693299.0,8331545.0,10167618.0,377085541.0,87048265.0
25.1,sysbench,mcf-attacker,10,0.4473007244622382,10546.0,3.6071537242282582e-06,832.0,2193.0,168769155.0,377305794.0,17278566.4,0.4473007244622382,0.3793889648882809,3.6071537242282582e-06,0.230659926639736,0.8181176754487753,0.0049081848086082545,832.0,2193.0,377305794.0,168769155.0,8326463.0,10177586.0,377150224.0,86993443.0
25.2,sysbench,mcf-attacker,10,0.44760137922456683,10641.6,3.78140877640899e-06,1128.0,2554.0,168794120.0,377108132.0,17435197.44,0.44760137922456683,0.44166014095536416,3.78140877640899e-06,0.22996869549087937,0.8224566505404209,0.004781531721662511,1128.0,2554.0,377108132.0,168794120.0,8353304.0,10156528.0,377122668.0,86726408.0
25.3,sysbench,mcf-attacker,10,0.44750133977876744,10593.699999999999,3.693838343526966e-06,708.0,2101.0,168759244.0,377114500.0,17356718.08,0.44750133977876744,0.3369823893384103,3.693838343526966e-06,0.23161081050876728,0.8194356990179891,0.004902431993066031,708.0,2101.0,377114500.0,168759244.0,8389944.0,10238685.0,377106914.0,87342038.0
25.4,sysbench,mcf-attacker,10,0.4473057815562671,10574.9,3.589477645109671e-06,634.0,1988.0,168729851.0,377213660.0,17325916.16,0.4473057815562671,0.31891348088531185,3.589477645109671e-06,0.23079656472282473,0.8184952863208186,0.004911898532256478,634.0,1988.0,377213660.0,168729851.0,8355506.0,10208374.0,377220333.0,87061157.0
25.5,sysbench,mcf-attacker,10,0.4471663543924029,10551.0,3.390736289477618e-06,662.0,1941.0,168673031.0,377204209.0,17286758.4,0.4471663543924029,0.34106130860381245,3.390736289477618e-06,0.23087645149533628,0.8167028004915652,0.0049548562026182665,662.0,1941.0,377204209.0,168673031.0,8327769.0,10196817.0,377215387.0,87090150.0
25.6,sysbench,mcf-attacker,10,0.4471879964365077,10535.9,3.375141875931428e-06,664.0,1937.0,168665597.0,377169330.0,17262018.56,0.4471879964365077,0.3427981414558596,3.375141875931428e-06,0.23107502175753547,0.8144144534147323,0.005023707840793215,664.0,1937.0,377169330.0,168665597.0,8315275.0,10210127.0,377181966.0,87157331.0
25.7,sysbench,mcf-attacker,10,0.4474513263511068,10562.3,3.6302369997175763e-06,985.0,2354.0,168738533.0,377110365.0,17305272.32,0.4474513263511068,0.4184367034834325,3.6302369997175763e-06,0.2308420973770095,0.8166930336063981,0.004956250690220289,985.0,2354.0,377110365.0,168738533.0,8327395.0,10196481.0,377116921.0,87054461.0
25.8,sysbench,mcf-attacker,10,0.44728052091782045,10533.099999999999,3.271485372148336e-06,536.0,1770.0,168713627.0,377198691.0,17257431.04,0.44728052091782045,0.30282485875706217,3.271485372148336e-06,0.23095520139827977,0.8159394074582016,0.004983055384272559,536.0,1770.0,377198691.0,168713627.0,8336426.0,10216967.0,377387136.0,87159522.0
25.9,sysbench,mcf-attacker,10,0.4472599271072842,10521.300000000001,3.5434422870543715e-06,742.0,2079.0,168758646.0,377316714.0,17238097.92,0.4472599271072842,0.3569023569023569,3.5434422870543715e-06,0.2307530995839494,0.815882018807409,0.00498302633710352,742.0,2079.0,377316714.0,168758646.0,8327915.0,10207254.0,377148117.0,87028097.0
26.0,sysbench,mcf-attacker,10,0.4472802992916569,10521.0,3.4625901442658226e-06,638.0,1944.0,168702632.0,377174296.0,17237606.4,0.4472802992916569,0.3281893004115226,3.4625901442658226e-06,0.23084969332066052,0.8162734920322783,0.004976336577095355,638.0,1944.0,377174296.0,168702632.0,8339281.0,10216283.0,377185500.0,87073157.0
26.1,sysbench,mcf-attacker,10,0.44806922752212097,10605.0,3.7389218430654067e-06,870.0,2280.0,168973206.0,377114061.0,17375232.0,0.44806922752212097,0.3815789473684211,3.7389218430654067e-06,0.231648659494813,0.8171493838041739,0.004969910591690653,870.0,2280.0,377114061.0,168973206.0,8375639.0,10249826.0,377106784.0,87356281.0
26.2,sysbench,mcf-attacker,10,0.44750331818275846,10594.2,3.911364367873148e-06,858.0,2333.0,168756304.0,377106263.0,17357537.28,0.44750331818275846,0.367766823831976,3.911364367873148e-06,0.2317023198921324,0.8167015661254031,0.004983308481388271,858.0,2333.0,377106263.0,168756304.0,8373076.0,10252308.0,377105292.0,87376171.0
26.5,sysbench,mcf-attacker,10,0.44734617375659375,10567.5,3.77345559980042e-06,610.0,2033.0,168697786.0,377107922.0,17313792.0,0.44734617375659375,0.3000491883915396,3.77345559980042e-06,0.23172356569843877,0.815972432173699,0.005003779759515411,610.0,2033.0,377107922.0,168697786.0,8366730.0,10253692.0,377107325.0,87384654.0
26.6,sysbench,mcf-attacker,10,0.4479534178496968,10539.5,3.7760011521470486e-06,638.0,2062.0,168931534.0,377118529.0,17267916.8,0.4479534178496968,0.30940834141610085,3.7760011521470486e-06,0.2319826591093957,0.8150006466853867,0.005036930830861248,638.0,2062.0,377118529.0,168931534.0,8368218.0,10267744.0,377119731.0,87485238.0
26.7,sysbench,mcf-attacker,10,0.4472533135452712,10559.8,3.3621660906707834e-06,516.0,1784.0,168676141.0,377137823.0,17301176.32,0.4472533135452712,0.289237668161435,3.3621660906707834e-06,0.23057258311847098,0.8162770755380807,0.00496852072876263,516.0,1784.0,377137823.0,168676141.0,8329177.0,10203860.0,377312102.0,86997826.0
26.8,sysbench,mcf-attacker,10,0.44732387707612814,10533.599999999999,3.546809525014768e-06,691.0,2029.0,168748658.0,377240444.0,17258250.24,0.44732387707612814,0.3405618531296205,3.546809525014768e-06,0.23057369655719656,0.8175165004751945,0.004935437833370161,691.0,2029.0,377240444.0,168748658.0,8341277.0,10203191.0,377254068.0,86984865.0
26.9,sysbench,mcf-attacker,10,0.4473343208253907,10522.6,3.488465768328237e-06,663.0,1979.0,168753832.0,377243203.0,17240227.84,0.4473343208253907,0.3350176856998484,3.488465768328237e-06,0.23096522057279806,0.8149546421655689,0.00501695323229482,663.0,1979.0,377243203.0,168753832.0,8335537.0,10228222.0,377257852.0,87133443.0
27.0,sysbench,mcf-attacker,10,0.4473017844929358,10520.1,3.653137945418222e-06,583.0,1961.0,168726686.0,377209955.0,17236131.84,0.4473017844929358,0.2972972972972973,3.653137945418222e-06,0.23115060174900054,0.8142559375619708,0.005035618516262866,583.0,1961.0,377209955.0,168726686.0,8327060.0,10226588.0,377218408.0,87194262.0
27.1,sysbench,mcf-attacker,10,0.44726682554814007,10574.5,3.7453374524658896e-06,774.0,2187.0,168739942.0,377269076.0,17325260.8,0.44726682554814007,0.35390946502057613,3.7453374524658896e-06,0.23105249621123794,0.813495874528455,0.005053013301435804,774.0,2187.0,377269076.0,168739942.0,8315541.0,10221983.0,377288142.0,87173367.0
27.2,sysbench,mcf-attacker,10,0.4475100364851262,10540.4,3.849581678790905e-06,1169.0,2621.0,168793554.0,377183840.0,17269391.36,0.4475100364851262,0.4460129721480351,3.849581678790905e-06,0.2302774991896282,0.8186457888720784,0.004900144750781069,1169.0,2621.0,377183840.0,168793554.0,8339358.0,10186772.0,377012128.0,86817410.0
27.3,sysbench,mcf-attacker,10,0.44731203268069525,10552.6,3.5707643028534806e-06,647.0,1994.0,168739591.0,377230163.0,17289379.84,0.44731203268069525,0.32447342026078235,3.5707643028534806e-06,0.23067543540489793,0.8167267235207062,0.0049601654165694065,647.0,1994.0,377230163.0,168739591.0,8338592.0,10209770.0,377241048.0,87020243.0
27.4,sysbench,mcf-attacker,10,0.4473545026303135,10544.400000000001,3.443953454102115e-06,604.0,1903.0,168734423.0,377182798.0,17275944.96,0.4473545026303135,0.3173935890698896,3.443953454102115e-06,0.23044151528886578,0.8174324909090125,0.00493503549900193,604.0,1903.0,377182798.0,168734423.0,8334388.0,10195812.0,377185534.0,86919206.0
27.5,sysbench,mcf-attacker,10,0.4471588157754993,10520.599999999999,3.47857487273553e-06,621.0,1933.0,168653080.0,377165951.0,17236951.04,0.4471588157754993,0.32126228660113815,3.47857487273553e-06,0.23033301233699227,0.8176343514404071,0.0049295161556076016,621.0,1933.0,377165951.0,168653080.0,8336236.0,10195555.0,377180831.0,86877197.0
27.6,sysbench,mcf-attacker,10,0.44722520922211006,10532.8,3.34939420451112e-06,500.0,1763.0,168641075.0,377083115.0,17256939.52,0.44722520922211006,0.28360748723766305,3.34939420451112e-06,0.23112276495915196,0.8148136770352374,0.005017445495221268,500.0,1763.0,377083115.0,168641075.0,8328486.0,10221338.0,377254123.0,87192016.0
27.7,sysbench,mcf-attacker,10,0.46932728078591174,10855.7,4.555632608631367e-05,28074.0,45199.0,176424009.0,375908276.0,17785978.880000003,0.46932728078591174,0.6211199362817762,4.555632608631367e-05,0.22942458165053917,0.8226174665226202,0.004774251845317471,28074.0,45199.0,375908276.0,176424009.0,8432919.0,10251325.0,380877687.0,87382704.0
27.8,sysbench,mcf-attacker,10,0.4472569231631537,10552.6,4.167159639177841e-06,982.0,2554.0,168721130.0,377235368.0,17289379.84,0.4472569231631537,0.38449490994518404,4.167159639177841e-06,0.22920100495222034,0.8247752767099886,0.004715840625101337,982.0,2554.0,377235368.0,168721130.0,8373611.0,10152597.0,377236243.0,86462926.0
27.9,sysbench,mcf-attacker,10,0.4472680926585451,10534.300000000001,3.6501620731603647e-06,786.0,2163.0,168728991.0,377243523.0,17259397.12,0.4472680926585451,0.3633841886269071,3.6501620731603647e-06,0.2301239487452275,0.8186103224188704,0.004903344010471711,786.0,2163.0,377243523.0,168728991.0,8344411.0,10193386.0,377084495.0,86776173.0
28.0,sysbench,mcf-attacker,10,0.4473157016654045,10535.2,3.4116652288410774e-06,665.0,1952.0,168743200.0,377235137.0,17260871.68,0.4473157016654045,0.3406762295081967,3.4116652288410774e-06,0.23052997979866913,0.8172835116004661,0.00494424389627824,665.0,1952.0,377235137.0,168743200.0,8342826.0,10207995.0,377240492.0,86965243.0
28.2,sysbench,mcf-attacker,10,0.4476232441472667,10574.6,3.8918508828638545e-06,915.0,2383.0,168842780.0,377198419.0,17325424.64,0.4476232441472667,0.38396978598405374,3.8918508828638545e-06,0.23023125510101664,0.8197918032856035,0.004870205322729421,915.0,2383.0,377198419.0,168842780.0,8357047.0,10194109.0,377204220.0,86844201.0
28.3,sysbench,mcf-attacker,10,0.44706876343908364,10565.699999999999,3.77878981400237e-06,671.0,2096.0,168591803.0,377104859.0,17310842.88,0.44706876343908364,0.32013358778625955,3.77878981400237e-06,0.23133636091458448,0.8174009297558475,0.0049605179120134615,671.0,2096.0,377104859.0,168591803.0,8373966.0,10244625.0,377109615.0,87239166.0
28.6,sysbench,mcf-attacker,10,0.4474236776969535,2578.5,3.7724241927983135e-06,921.0,2346.0,169010352.0,377741189.0,4224614.4,0.4474236776969535,0.39258312020460356,3.7724241927983135e-06,1.0395475462578887,0.8010421228209152,0.0006489079720749933,921.0,2346.0,377741189.0,169010352.0,976818.0,1219434.0,373883525.0,388669701.0
28.7,sysbench,mcf-attacker,10,0.4473364264340593,1939.6000000000001,4.0545079026522255e-06,716.0,2245.0,168695539.0,377111116.0,3177840.64,0.4473364264340593,0.31893095768374163,4.0545079026522255e-06,0.9508926690974941,0.8238802381612297,0.00041955900093827806,716.0,2245.0,377111116.0,168695539.0,740160.0,898383.0,377117401.0,358598172.0
28.8,sysbench,mcf-attacker,10,0.44719442133876086,10605.599999999999,3.6877658135832157e-06,1388.0,2779.0,168678672.0,377193149.0,17376215.04,0.44719442133876086,0.499460237495502,3.6877658135832157e-06,0.23029220698985955,0.8254708496121487,0.004691974854660781,1388.0,2779.0,377193149.0,168678672.0,8370248.0,10139968.0,377180197.0,86861660.0
28.9,sysbench,mcf-attacker,10,0.44736379211524663,10562.5,3.6556285506021305e-06,656.0,2035.0,168757482.0,377226510.0,17305600.0,0.44736379211524663,0.32235872235872237,3.6556285506021305e-06,0.23129089902665265,0.8190080816473475,0.0048904701224087134,656.0,2035.0,377226510.0,168757482.0,8349038.0,10194085.0,377273954.0,87260032.0
29.0,sysbench,mcf-attacker,10,0.447115989894751,10568.199999999999,3.5123382611306595e-06,718.0,2043.0,168670738.0,377241570.0,17314938.88,0.447115989894751,0.35144395496818404,3.5123382611306595e-06,0.23143038308542568,0.8165163710988835,0.004964153146645522,718.0,2043.0,377241570.0,168670738.0,8333095.0,10205668.0,377219023.0,87299943.0
29.1,sysbench,mcf-attacker,10,0.4473263513148162,10567.8,3.58607514774994e-06,689.0,2042.0,168772970.0,377292707.0,17314283.52,0.4473263513148162,0.33741429970617043,3.58607514774994e-06,0.23146257463315387,0.8164362895068951,0.0049704630717025185,689.0,2042.0,377292707.0,168772970.0,8341541.0,10217014.0,377323596.0,87336291.0
29.2,sysbench,mcf-attacker,10,0.44723633855408107,10648.0,3.925179470145487e-06,1165.0,2645.0,168631724.0,377052823.0,17445683.2,0.44723633855408107,0.44045368620037806,3.925179470145487e-06,0.2317497541819947,0.8199290258181459,0.0048885400347864665,1165.0,2645.0,377052823.0,168631724.0,8392427.0,10235553.0,377029949.0,87376598.0
29.3,sysbench,mcf-attacker,10,0.4476185739411629,10592.6,4.189761200529719e-06,692.0,2272.0,168801350.0,377109798.0,17354915.84,0.4476185739411629,0.3045774647887324,4.189761200529719e-06,0.23198099423181276,0.8172089051123387,0.004966321991188679,692.0,2272.0,377109798.0,168801350.0,8372959.0,10245800.0,377108251.0,87481947.0
29.4,sysbench,mcf-attacker,10,0.447202776115863,10610.8,3.866243903237652e-06,644.0,2102.0,168644727.0,377110197.0,17384734.72,0.447202776115863,0.30637488106565175,3.866243903237652e-06,0.23194539445177043,0.8179602462294339,0.00495024703225254,644.0,2102.0,377110197.0,168644727.0,8388040.0,10254826.0,377109665.0,87468850.0
29.5,sysbench,mcf-attacker,10,0.44726035768967415,10606.6,3.8106415472004466e-06,609.0,2046.0,168662711.0,377101856.0,17377853.44,0.44726035768967415,0.29765395894428154,3.8106415472004466e-06,0.23205795543149607,0.8173517658654355,0.004972099107400446,609.0,2046.0,377101856.0,168662711.0,8390621.0,10265618.0,377103706.0,87509915.0
29.6,sysbench,mcf-attacker,10,0.4477101993434711,10587.2,3.6772830207488107e-06,646.0,2033.0,168867624.0,377180650.0,17346068.48,0.4477101993434711,0.3177570093457944,3.6772830207488107e-06,0.2318064103094752,0.8160396366516673,0.0049985639466045406,646.0,2033.0,377180650.0,168867624.0,8363507.0,10248898.0,377186532.0,87434256.0
29.7,sysbench,mcf-attacker,10,0.447369988234699,10589.300000000001,3.7043246462907577e-06,1043.0,2440.0,168715200.0,377126773.0,17349509.12,0.447369988234699,0.42745901639344264,3.7043246462907577e-06,0.23196375352838622,0.8154779846535254,0.005017437468830837,1043.0,2440.0,377126773.0,168715200.0,8362509.0,10254733.0,377129563.0,87480389.0
29.8,sysbench,mcf-attacker,10,0.4473656717102847,10591.7,3.7142074671031377e-06,720.0,2121.0,168746445.0,377200254.0,17353441.28,0.4473656717102847,0.33946251768033947,3.7142074671031377e-06,0.23175023357610008,0.815382572834466,0.005013457588212829,720.0,2121.0,377200254.0,168746445.0,8352457.0,10243605.0,377214321.0,87419507.0
29.9,sysbench,mcf-attacker,10,0.4473992486521252,10559.099999999999,3.5924415136602523e-06,635.0,1990.0,168750411.0,377180810.0,17300029.439999998,0.4473992486521252,0.31909547738693467,3.5924415136602523e-06,0.23180726455608566,0.8150634243850572,0.005025252816812268,635.0,1990.0,377180810.0,168750411.0,8353951.0,10249449.0,377194555.0,87436438.0
30.0,sysbench,mcf-attacker,10,0.4473711100052642,10573.899999999998,3.9299085138185296e-06,845.0,2369.0,173488408.0,387795287.0,17324277.759999998,0.4473711100052642,0.3566905867454622,3.9299085138185296e-06,0.2324503629450801,0.8145352137589305,0.005051694509559588,845.0,2369.0,387795287.0,173488408.0,8362517.0,10266612.0,376922040.0,87615665.0
30.1,sysbench,mcf-attacker,10,0.44716550232643354,10592.7,3.895412279881761e-06,856.0,2325.0,168630706.0,377110276.0,17355079.68,0.44716550232643354,0.3681720430107527,3.895412279881761e-06,0.2318900611120903,0.8177325255808381,0.0049584687401687975,856.0,2325.0,377110276.0,168630706.0,8388916.0,10258753.0,377099685.0,87445669.0
30.2,sysbench,mcf-attacker,10,0.44778748653069717,10652.8,3.9431825003798725e-06,973.0,2460.0,168863600.0,377106563.0,17453547.52,0.44778748653069717,0.3955284552845528,3.9431825003798725e-06,0.23187655514724606,0.8175628940765668,0.00496242754680687,973.0,2460.0,377106563.0,168863600.0,8386301.0,10257683.0,377110191.0,87443012.0
30.3,sysbench,mcf-attacker,10,0.44751317235466775,10602.3,3.940654799461642e-06,669.0,2155.0,168754841.0,377094690.0,17370808.32,0.44751317235466775,0.31044083526682137,3.940654799461642e-06,0.23138106073625248,0.8181439557144793,0.004931545559087485,669.0,2155.0,377094690.0,168754841.0,8366345.0,10226006.0,377094965.0,87252633.0
30.4,sysbench,mcf-attacker,10,0.44720142349080916,10593.800000000001,3.7516660612078623e-06,720.0,2135.0,168669067.0,377165765.0,17356881.92,0.44720142349080916,0.3372365339578454,3.7516660612078623e-06,0.23147839521818353,0.8164560987326064,0.0049812134966104775,720.0,2135.0,377165765.0,168669067.0,8357154.0,10235889.0,377164119.0,87305345.0
30.6,sysbench,mcf-attacker,10,0.447409838222951,10578.099999999999,3.7542432393867453e-06,695.0,2111.0,168751008.0,377173217.0,17331159.04,0.447409838222951,0.3292278540975841,3.7542432393867453e-06,0.23157227798959706,0.8165331845447846,0.004986550375580556,695.0,2111.0,377173217.0,168751008.0,8370841.0,10251685.0,377183395.0,87345218.0
30.7,sysbench,mcf-attacker,10,0.4474648781771144,10605.3,3.6377482368110044e-06,676.0,2048.0,168764239.0,377156392.0,17375723.52,0.4474648781771144,0.330078125,3.6377482368110044e-06,0.23184571286729744,0.815683536332445,0.005015479598709241,676.0,2048.0,377156392.0,168764239.0,8371374.0,10263017.0,377160940.0,87443147.0
30.8,sysbench,mcf-attacker,10,0.4473349320096492,10584.7,3.694467603454933e-06,851.0,2244.0,168667756.0,377050268.0,17341972.48,0.4473349320096492,0.37923351158645274,3.694467603454933e-06,0.23153144319408223,0.817187774112611,0.004965297220685939,851.0,2244.0,377050268.0,168667756.0,8370684.0,10243281.0,377136940.0,87319060.0
30.9,sysbench,mcf-attacker,10,0.44738638091147953,10565.2,3.560714177559628e-06,743.0,2086.0,168741404.0,377171526.0,17310023.68,0.44738638091147953,0.35618408437200383,3.560714177559628e-06,0.23155157394356024,0.8160894732348672,0.0049974343843676074,743.0,2086.0,377171526.0,168741404.0,8363999.0,10248875.0,377168734.0,87334014.0
31.0,sysbench,mcf-attacker,10,0.4473961149011051,10576.800000000001,3.7681772088725317e-06,686.0,2107.0,168715494.0,377105407.0,17329029.12,0.4473961149011051,0.32558139534883723,3.7681772088725317e-06,0.23218750942550262,0.8151516754071975,0.005033911970476126,686.0,2107.0,377105407.0,168715494.0,8369719.0,10267683.0,377035596.0,87542956.0
31.1,sysbench,mcf-attacker,10,0.44797041869913007,10618.900000000001,3.813201555168909e-06,687.0,2125.0,168934543.0,377110934.0,17398005.76,0.44797041869913007,0.32329411764705884,3.813201555168909e-06,0.232390160752639,0.8145832873292161,0.005054411450827492,687.0,2125.0,377110934.0,168934543.0,8373816.0,10279877.0,377108397.0,87636281.0
31.2,sysbench,mcf-attacker,10,0.44719268563048997,10626.0,4.078237004765402e-06,1062.0,2600.0,168646979.0,377123742.0,17409638.4,0.44719268563048997,0.4084615384615385,4.078237004765402e-06,0.23151026916239473,0.8181287503038314,0.00494027363184792,1062.0,2600.0,377123742.0,168646979.0,8381050.0,10244170.0,377128908.0,87309215.0
31.3,sysbench,mcf-attacker,10,0.44739847214454265,10598.699999999999,3.897863730440036e-06,757.0,2227.0,168727231.0,377129654.0,17364910.08,0.44739847214454265,0.33991917377638076,3.897863730440036e-06,0.23162025270176237,0.8159370159930567,0.005006031069136969,757.0,2227.0,377129654.0,168727231.0,8368924.0,10256826.0,377125506.0,87349905.0
31.4,sysbench,mcf-attacker,10,0.4474940072081771,10578.800000000001,3.738133781461164e-06,634.0,2044.0,168791859.0,377193563.0,17332305.92,0.4474940072081771,0.3101761252446184,3.738133781461164e-06,0.23118083643034046,0.817185637444746,0.0049591218176921895,634.0,2044.0,377193563.0,168791859.0,8361508.0,10232079.0,377198034.0,87200957.0
31.5,sysbench,mcf-attacker,10,0.4474558164969593,10583.5,3.573915900997163e-06,719.0,2067.0,168770183.0,377177314.0,17340006.4,0.4474558164969593,0.3478471214320271,3.573915900997163e-06,0.23133040217101952,0.8173509222172899,0.004958989824055233,719.0,2067.0,377177314.0,168770183.0,8370378.0,10240862.0,377190530.0,87255637.0
31.6,sysbench,mcf-attacker,10,0.44730922426816105,10587.8,3.7575313145486774e-06,674.0,2091.0,168684468.0,377109299.0,17347051.52,0.44730922426816105,0.32233381157340985,3.7575313145486774e-06,0.23218272582727406,0.8160879176666815,0.005010654421073229,674.0,2091.0,377109299.0,168684468.0,8384839.0,10274431.0,377114812.0,87559545.0
31.7,sysbench,mcf-attacker,10,0.44749892537637065,10585.599999999999,3.737959634362438e-06,906.0,2316.0,168801578.0,377211136.0,17343447.04,0.44749892537637065,0.3911917098445596,3.737959634362438e-06,0.2314550075515456,0.8163649514483502,0.004986863042240212,906.0,2316.0,377211136.0,168801578.0,8363463.0,10244760.0,377250585.0,87316537.0
31.8,sysbench,mcf-attacker,10,0.44756534829853484,10578.599999999999,3.7545544455656078e-06,709.0,2125.0,168795670.0,377141954.0,17331978.24,0.44756534829853484,0.3336470588235294,3.7545544455656078e-06,0.23143933350584844,0.8168363185443273,0.004974016320385459,709.0,2125.0,377141954.0,168795670.0,8365117.0,10240873.0,377110946.0,87278306.0
31.9,sysbench,mcf-attacker,10,0.44737745012661934,10565.3,3.73173361122451e-06,781.0,2189.0,168797539.0,377304531.0,17310187.52,0.44737745012661934,0.35678391959798994,3.73173361122451e-06,0.23186511671942922,0.8145084704940827,0.005047723871392554,781.0,2189.0,377304531.0,168797539.0,8359860.0,10263687.0,377165441.0,87451509.0
32.0,sysbench,mcf-attacker,10,0.4472947099644334,10555.1,3.7876048990505023e-06,629.0,2057.0,168638721.0,377019261.0,17293475.84,0.4472947099644334,0.30578512396694213,3.7876048990505023e-06,0.2318475088018718,0.8142965259537266,0.0050490674056290884,629.0,2057.0,377019261.0,168638721.0,8353671.0,10258758.0,377314630.0,87479457.0
32.1,sysbench,mcf-attacker,10,0.4476747339605068,10627.4,3.809982143671579e-06,861.0,2298.0,168848191.0,377167122.0,17411932.16,0.4476747339605068,0.37467362924281983,3.809982143671579e-06,0.23111287878607636,0.8173444256208406,0.004953383646820453,861.0,2298.0,377167122.0,168848191.0,8356661.0,10224161.0,377015013.0,87133025.0
32.2,sysbench,mcf-attacker,10,0.44728116717731364,10563.3,3.613312069420383e-06,891.0,2254.0,168721721.0,377216242.0,17306910.72,0.44728116717731364,0.39529724933451643,3.613312069420383e-06,0.23047059791419114,0.8187589686592616,0.004895967688308241,891.0,2254.0,377216242.0,168721721.0,8343438.0,10190347.0,377230635.0,86940570.0
32.3,sysbench,mcf-attacker,10,0.4473456848232724,9716.1,3.521619000267365e-06,741.0,2069.0,168693737.0,377099283.0,15918858.24,0.4473456848232724,0.35814403093281777,3.521619000267365e-06,0.47444278222851993,0.8162673226069036,0.004170212254993425,741.0,2069.0,377099283.0,168693737.0,6903065.0,8456868.0,372595663.0,176775323.0
32.4,sysbench,mcf-attacker,10,0.4471059332473551,1578.2999999999997,3.000920057323422e-06,896.0,2035.0,169699175.0,379550264.0,2585886.7199999997,0.4471059332473551,0.4402948402948403,3.000920057323422e-06,1.0137931162023943,0.5824107969831959,2.4942477333688373e-05,896.0,2035.0,379550264.0,169699175.0,13205.0,22673.0,379593409.0,384829185.0
32.5,sysbench,mcf-attacker,10,0.4471491021736384,3808.1,3.167979845835373e-06,803.0,2002.0,169234591.0,378474630.0,6239191.04,0.4471491021736384,0.4010989010989011,3.167979845835373e-06,0.7202949417196592,0.8239609635267897,0.0017739628106578193,803.0,2002.0,378474630.0,169234591.0,3142817.0,3814279.0,378509626.0,272638569.0
32.7,sysbench,mcf-attacker,10,0.44732676881744615,10625.2,3.4166699331338875e-06,757.0,2046.0,168762045.0,377267932.0,17408327.68,0.44732676881744615,0.3699902248289345,3.4166699331338875e-06,0.23119793246959458,0.8209611879539707,0.004828337550015462,757.0,2046.0,377267932.0,168762045.0,8353120.0,10174805.0,377290316.0,87228741.0
32.8,sysbench,mcf-attacker,10,0.4475038421185003,10594.300000000001,3.6264156898592605e-06,900.0,2268.0,168812764.0,377231988.0,17357701.12,0.4475038421185003,0.3968253968253968,3.6264156898592605e-06,0.2315891779461417,0.819878764449321,0.0048720490809434185,900.0,2268.0,377231988.0,168812764.0,8364504.0,10202123.0,377175798.0,87349833.0
32.9,sysbench,mcf-attacker,10,0.447302019622689,10580.4,3.7190219487583294e-06,657.0,2060.0,168744563.0,377249723.0,17334927.36,0.447302019622689,0.31893203883495147,3.7190219487583294e-06,0.23150944506796772,0.819347080801204,0.004890152031591921,657.0,2060.0,377249723.0,168744563.0,8366707.0,10211432.0,377232648.0,87332921.0
33.0,sysbench,mcf-attacker,10,0.4472615070418908,10578.3,3.5150247506252962e-06,705.0,2031.0,168723921.0,377237742.0,17331486.72,0.4472615070418908,0.34711964549483015,3.5150247506252962e-06,0.23154032905435437,0.8178796374959888,0.004932591654059786,705.0,2031.0,377237742.0,168723921.0,8357216.0,10218149.0,377272868.0,87353884.0
33.1,sysbench,mcf-attacker,10,0.4471346851296053,10662.8,3.5040986729164586e-06,763.0,2085.0,168691612.0,377272481.0,17469931.52,0.4471346851296053,0.36594724220623503,3.5040986729164586e-06,0.2314890668204701,0.8177471826724599,0.004937448604184718,763.0,2085.0,377272481.0,168691612.0,8359818.0,10222986.0,377354409.0,87353420.0
33.3,sysbench,mcf-attacker,10,0.44725154650938503,10603.3,3.851157404661821e-06,987.0,2440.0,168743167.0,377289175.0,17372446.72,0.44725154650938503,0.4045081967213115,3.851157404661821e-06,0.23184420060897723,0.815608128872299,0.005008292192480778,987.0,2440.0,377289175.0,168743167.0,8357521.0,10246981.0,377266327.0,87467010.0
33.4,sysbench,mcf-attacker,10,0.4479309980377591,10624.7,3.6172489587984897e-06,772.0,2136.0,168906782.0,377082146.0,17407508.48,0.4479309980377591,0.36142322097378277,3.6172489587984897e-06,0.23271277903252727,0.8171131161277004,0.0049919863325617085,772.0,2136.0,377082146.0,168906782.0,8411056.0,10293625.0,377118220.0,87760229.0
33.5,sysbench,mcf-attacker,10,0.4475046487648079,10634.2,4.0330717291034556e-06,721.0,2242.0,168768278.0,377131899.0,17423073.28,0.4475046487648079,0.3215878679750223,4.0330717291034556e-06,0.23284695908659123,0.8163231761002104,0.005013787850958705,721.0,2242.0,377131899.0,168768278.0,8403052.0,10293781.0,377105904.0,87807963.0
33.6,sysbench,mcf-attacker,10,0.44799946027867726,10627.4,3.696794044204906e-06,721.0,2115.0,168933200.0,377083490.0,17411932.16,0.44799946027867726,0.3408983451536643,3.696794044204906e-06,0.23266801131105935,0.8168035958564915,0.004998017686897886,721.0,2115.0,377083490.0,168933200.0,8403509.0,10288286.0,377104908.0,87740249.0
33.7,sysbench,mcf-attacker,10,0.4472070487410834,10624.099999999999,3.630277046223623e-06,715.0,2084.0,168644553.0,377106205.0,17406525.439999998,0.4472070487410834,0.3430902111324376,3.630277046223623e-06,0.23284932500394218,0.815373434684207,0.005043003496043227,715.0,2084.0,377106205.0,168644553.0,8398931.0,10300717.0,377113758.0,87810684.0
33.8,sysbench,mcf-attacker,10,0.44723126978217664,10639.9,3.871556098706001e-06,1020.0,2480.0,168655093.0,377109349.0,17432412.16,0.44723126978217664,0.4112903225806452,3.871556098706001e-06,0.2327089668535407,0.8169316674632122,0.004996523445077917,1020.0,2480.0,377109349.0,168655093.0,8408154.0,10292359.0,377103204.0,87755297.0
33.9,sysbench,mcf-attacker,10,0.4477900815621411,10617.4,3.778800836615367e-06,713.0,2138.0,168863323.0,377103759.0,17395548.16,0.4477900815621411,0.33348924228250704,3.778800836615367e-06,0.2328054402502485,0.8149637474500637,0.005055599996151865,713.0,2138.0,377103759.0,168863323.0,8397133.0,10303689.0,377117652.0,87795041.0
34.0,sysbench,mcf-attacker,10,0.4480128060979451,10601.900000000001,3.6646916594996132e-06,706.0,2088.0,168951103.0,377112218.0,17370152.96,0.4480128060979451,0.3381226053639847,3.6646916594996132e-06,0.23318147394060612,0.8131843230319007,0.005106888586856108,706.0,2088.0,377112218.0,168951103.0,8382896.0,10308728.0,377104761.0,87933844.0
34.1,sysbench,mcf-attacker,10,0.44710285297234087,10607.3,3.7837956055024355e-06,857.0,2284.0,168617927.0,377134536.0,17379000.32,0.44710285297234087,0.37521891418563924,3.7837956055024355e-06,0.23287508304833102,0.8151005864822818,0.0050511592356893295,857.0,2284.0,377134536.0,168617927.0,8397110.0,10301931.0,377105712.0,87818524.0
34.2,sysbench,mcf-attacker,10,0.4475410285985216,10660.8,3.9752828422361105e-06,942.0,2441.0,168758810.0,377080087.0,17466654.72,0.4475410285985216,0.385907414993855,3.9752828422361105e-06,0.2325481345424976,0.8166830832752023,0.00500282470580761,942.0,2441.0,377080087.0,168758810.0,8404818.0,10291407.0,377104758.0,87695008.0
34.3,sysbench,mcf-attacker,10,0.4472149552845206,10611.7,3.5990263656461845e-06,646.0,2005.0,168869317.0,377602124.0,17386209.28,0.4472149552845206,0.32219451371571073,3.5990263656461845e-06,0.23111786783788787,0.8174875622546808,0.00494671311596473,646.0,2005.0,377602124.0,168869317.0,8366471.0,10234371.0,377604271.0,87271094.0
34.4,sysbench,mcf-attacker,10,0.4472559910382466,10616.0,3.2577148014412486e-06,713.0,1942.0,168731042.0,377258316.0,17393254.4,0.4472559910382466,0.3671472708547889,3.2577148014412486e-06,0.2309013354812865,0.8182158015577345,0.00492157330844082,713.0,1942.0,377258316.0,168731042.0,8356888.0,10213550.0,377249689.0,87107457.0
34.5,sysbench,mcf-attacker,10,0.4473483991433048,10568.199999999999,3.568436521484367e-06,688.0,2034.0,168738029.0,377196005.0,17314938.88,0.4473483991433048,0.3382497541789577,3.568436521484367e-06,0.23131634722853825,0.8181217473942031,0.004934675883518177,688.0,2034.0,377196005.0,168738029.0,8374628.0,10236408.0,377285164.0,87272226.0
34.6,sysbench,mcf-attacker,10,0.4471113063654194,10588.800000000001,3.69098098534667e-06,670.0,2062.0,168621551.0,377135511.0,17348689.92,0.4471113063654194,0.32492725509214354,3.69098098534667e-06,0.2316392411289283,0.8162390052989817,0.00498961406436237,670.0,2062.0,377135511.0,168621551.0,8357583.0,10239137.0,377094095.0,87349790.0
34.8,sysbench,mcf-attacker,10,0.4473279322623391,10608.400000000001,3.3801957102081826e-06,928.0,2205.0,168995472.0,377788776.0,17380802.560000002,0.4473279322623391,0.42086167800453517,3.3801957102081826e-06,0.23162086087206116,0.8154006742002865,0.0050125022358747315,928.0,2205.0,377788776.0,168995472.0,8363961.0,10257486.0,377760430.0,87497196.0
34.9,sysbench,mcf-attacker,10,0.44732792340283856,10590.699999999999,3.511206045919171e-06,687.0,2011.0,168677703.0,377078412.0,17351802.88,0.44732792340283856,0.3416210840377921,3.511206045919171e-06,0.2320480787567778,0.8156697199942252,0.005019806410595282,687.0,2011.0,377078412.0,168677703.0,8378707.0,10272181.0,377200602.0,87528675.0
35.0,sysbench,mcf-attacker,10,0.447264863383205,10575.900000000001,3.4011545103669606e-06,691.0,1974.0,168719421.0,377224850.0,17327554.560000002,0.447264863383205,0.35005065856129686,3.4011545103669606e-06,0.23186779285598647,0.8144045568322229,0.005049650143666878,691.0,1974.0,377224850.0,168719421.0,8358168.0,10262919.0,377204548.0,87461586.0
35.1,sysbench,mcf-attacker,10,0.4479594261715835,10600.599999999999,3.725723935274878e-06,715.0,2120.0,168929047.0,377107919.0,17368023.04,0.4479594261715835,0.33726415094339623,3.725723935274878e-06,0.2328007944015124,0.8143306289391345,0.005071658914921854,715.0,2120.0,377107919.0,168929047.0,8387226.0,10299534.0,377057691.0,87779330.0
35.2,sysbench,mcf-attacker,10,0.44766122976793166,10661.399999999998,3.6992181770003027e-06,700.0,2095.0,168816054.0,377106711.0,17467637.759999998,0.44766122976793166,0.3341288782816229,3.6992181770003027e-06,0.23233712285640887,0.8179688246874693,0.004963407405703193,700.0,2095.0,377106711.0,168816054.0,8410708.0,10282431.0,377104446.0,87615362.0
35.3,sysbench,mcf-attacker,10,0.44733513965742827,10577.6,3.692716245509728e-06,1127.0,2520.0,168747829.0,377229093.0,17330339.84,0.44733513965742827,0.44722222222222224,3.692716245509728e-06,0.2316504453401009,0.8165460773130396,0.004982885549414803,1127.0,2520.0,377229093.0,168747829.0,8366612.0,10246344.0,377237643.0,87387268.0
35.4,sysbench,mcf-attacker,10,0.4473097391900273,10599.8,3.6749603327008936e-06,668.0,2054.0,168701494.0,377146928.0,17366712.32,0.4473097391900273,0.3252190847127556,3.6749603327008936e-06,0.23135703049152584,0.8177666061335179,0.004947100200107044,668.0,2054.0,377146928.0,168701494.0,8373127.0,10239018.0,377168629.0,87260614.0
35.5,sysbench,mcf-attacker,10,0.4473335745270878,10610.2,3.567364239123626e-06,809.0,2155.0,168783155.0,377309383.0,17383751.68,0.4473335745270878,0.37540603248259863,3.567364239123626e-06,0.23197444144904555,0.8164275184581485,0.004997499805074334,809.0,2155.0,377309383.0,168783155.0,8382712.0,10267552.0,377156593.0,87490690.0
35.6,sysbench,mcf-attacker,10,0.4479497425473818,10606.399999999998,4.146225516229946e-06,774.0,2337.0,168863330.0,376969365.0,17377525.759999998,0.4479497425473818,0.33119383825417203,4.146225516229946e-06,0.23250177657329382,0.8157320612151779,0.00502490184695472,774.0,2337.0,376969365.0,168863330.0,8391855.0,10287514.0,377252941.0,87711979.0
35.7,sysbench,mcf-attacker,10,0.4476575545644071,10587.9,3.69601345628883e-06,849.0,2243.0,168839924.0,377163129.0,17347215.36,0.4476575545644071,0.3785109228711547,3.69601345628883e-06,0.23227595667553466,0.8147946512585389,0.0050494945599729585,849.0,2243.0,377163129.0,168839924.0,8375196.0,10278904.0,377009615.0,87570269.0
35.8,sysbench,mcf-attacker,10,0.4472849360263858,10611.399999999998,3.6934269110015543e-06,760.0,2153.0,168696425.0,377156509.0,17385717.759999998,0.4472849360263858,0.35299581978634464,3.6934269110015543e-06,0.23218109317412763,0.8159294292284668,0.00501389770495952,760.0,2153.0,377156509.0,168696425.0,8382349.0,10273375.0,377156877.0,87568696.0
35.9,sysbench,mcf-attacker,10,0.44729856991709555,10595.0,3.5927727380574328e-06,695.0,2050.0,168696883.0,377146037.0,17358848.0,0.44729856991709555,0.33902439024390246,3.5927727380574328e-06,0.23235895875484788,0.8149844453217989,0.005045838792611419,695.0,2050.0,377146037.0,168696883.0,8382908.0,10285973.0,377155331.0,87635420.0
36.0,sysbench,mcf-attacker,10,0.4470695680347392,10600.1,3.797324054907895e-06,681.0,2113.0,168593360.0,377107663.0,17367203.84,0.4470695680347392,0.322290582110743,3.797324054907895e-06,0.23262665325394344,0.8144993138117654,0.0050632259392659395,681.0,2113.0,377107663.0,168593360.0,8383718.0,10293094.0,377106616.0,87725050.0
36.1,sysbench,mcf-attacker,10,0.44721434377502867,10598.600000000002,3.5434242550838345e-06,805.0,2143.0,168868515.0,377600847.0,17364746.240000002,0.44721434377502867,0.37564162389174055,3.5434242550838345e-06,0.23132009454702882,0.8171508808463446,0.0049631446121730545,805.0,2143.0,377600847.0,168868515.0,8375495.0,10249631.0,377610597.0,87348919.0
36.2,sysbench,mcf-attacker,10,0.4472921955237116,7165.700000000001,3.730744467070636e-06,1218.0,2629.0,169169798.0,378208696.0,11740282.88,0.4472921955237116,0.46329402814758464,3.730744467070636e-06,0.7638286564109856,0.8157746153737173,0.002361095332309153,1218.0,2629.0,378208696.0,169169798.0,3915493.0,4799724.0,374500338.0,286054090.0
36.3,sysbench,mcf-attacker,10,0.4471659226357488,1666.9,3.557923246495398e-06,879.0,2213.0,167659418.0,374937824.0,2731048.96,0.4471659226357488,0.39719837324898327,3.557923246495398e-06,1.0134154226640661,0.6922745643675876,2.4548657900374142e-05,879.0,2213.0,374937824.0,167659418.0,20897.0,30186.0,378391358.0,383467638.0
36.4,sysbench,mcf-attacker,10,0.4469463792413379,6339.700000000001,3.241012596089343e-06,690.0,1927.0,170586400.0,381670840.0,10386964.48,0.4469463792413379,0.35806953814218995,3.241012596089343e-06,0.4357386123470225,0.8229677033033144,0.0034952371165858833,690.0,1927.0,381670840.0,170586400.0,6146159.0,7468287.0,378265610.0,164824932.0
36.5,sysbench,mcf-attacker,10,0.4473154464434341,10576.399999999998,3.642763553035022e-06,701.0,2075.0,168721196.0,377186161.0,17328373.759999998,0.4473154464434341,0.3378313253012048,3.642763553035022e-06,0.23043553348298534,0.8232932521355939,0.004761146320062239,701.0,2075.0,377186161.0,168721196.0,8365379.0,10160874.0,377114014.0,86900469.0
36.6,sysbench,mcf-attacker,10,0.4472067538052325,10575.500000000002,3.6703664473175416e-06,658.0,2042.0,168630069.0,377074066.0,17326899.200000003,0.4472067538052325,0.32223310479921646,3.6703664473175416e-06,0.23086877913119255,0.8201285452669934,0.004856291569751162,658.0,2042.0,377074066.0,168630069.0,8351264.0,10182872.0,377161868.0,87074900.0
36.7,sysbench,mcf-attacker,10,0.4474233118934377,10570.7,3.547110273049311e-06,867.0,2205.0,168771858.0,377208459.0,17319034.880000003,0.4474233118934377,0.39319727891156464,3.547110273049311e-06,0.23113287073185104,0.8177466432586128,0.004931240501442312,867.0,2205.0,377208459.0,168771858.0,8344667.0,10204465.0,377146075.0,87170855.0
36.9,sysbench,mcf-attacker,10,0.4471575609180635,10594.8,3.5580507041579862e-06,699.0,2041.0,168655676.0,377172815.0,17358520.32,0.4471575609180635,0.34247917687408136,3.5580507041579862e-06,0.2312907334123005,0.8173640515395255,0.004942261658336103,699.0,2041.0,377172815.0,168655676.0,8342709.0,10206846.0,377182984.0,87238929.0
37.0,sysbench,mcf-attacker,10,0.4480623044495186,10589.3,3.7866379295143228e-06,693.0,2121.0,168971257.0,377115538.0,17349509.119999997,0.4480623044495186,0.32673267326732675,3.7866379295143228e-06,0.23256017019411548,0.8153682170354075,0.005031903706677219,693.0,2121.0,377115538.0,168971257.0,8380167.0,10277770.0,377114331.0,87701773.0
37.1,sysbench,mcf-attacker,10,0.44739710566594304,10617.3,3.858353310653694e-06,673.0,2128.0,168715184.0,377103879.0,17395384.32,0.44739710566594304,0.31625939849624063,3.858353310653694e-06,0.2323942156629819,0.8154074466340138,0.005028438891972225,673.0,2128.0,377103879.0,168715184.0,8376432.0,10272695.0,377107695.0,87637647.0
37.2,sysbench,mcf-attacker,10,0.447305707133601,10577.5,3.772015102395657e-06,1099.0,2522.0,168746944.0,377251936.0,17330176.0,0.447305707133601,0.4357652656621729,3.772015102395657e-06,0.2307029896028219,0.819099438406369,0.004890397485530909,1099.0,2522.0,377251936.0,168746944.0,8354734.0,10199902.0,377304300.0,87045230.0
37.3,sysbench,mcf-attacker,10,0.448092969157072,10618.199999999999,3.656868832235926e-06,712.0,2091.0,168975217.0,377098568.0,17396858.88,0.448092969157072,0.3405069344811095,3.656868832235926e-06,0.23205840742136244,0.8169923192730864,0.004979584487295792,712.0,2091.0,377098568.0,168975217.0,8382101.0,10259706.0,377060577.0,87500077.0
37.4,sysbench,mcf-attacker,10,0.44746583891086733,10605.500000000002,3.7018414884733385e-06,640.0,2036.0,168743668.0,377109610.0,17376051.200000003,0.44746583891086733,0.3143418467583497,3.7018414884733385e-06,0.23191679703621776,0.8177416365083346,0.004959188750466853,640.0,2036.0,377109610.0,168743668.0,8390721.0,10260846.0,377103009.0,87456522.0
37.5,sysbench,mcf-attacker,10,0.4477137666561525,10607.9,3.829155258676634e-06,626.0,2070.0,168835849.0,377106673.0,17379983.36,0.4477137666561525,0.30241545893719807,3.829155258676634e-06,0.23229338579077147,0.8161190884362003,0.005010636878820123,626.0,2070.0,377106673.0,168835849.0,8386270.0,10275792.0,377102162.0,87598338.0
37.6,sysbench,mcf-attacker,10,0.4474137586627458,10589.400000000001,3.831773893285983e-06,648.0,2093.0,168724173.0,377109934.0,17349672.96,0.4474137586627458,0.30960344003822265,3.831773893285983e-06,0.2321062806902312,0.8159583464735417,0.00500624259869286,648.0,2093.0,377109934.0,168724173.0,8370064.0,10257955.0,377107374.0,87528990.0
37.7,sysbench,mcf-attacker,10,0.44617935448488283,10882.3,6.056831199070792e-06,4899.0,7167.0,167073300.0,374453229.0,17829560.32,0.44617935448488283,0.683549602344077,6.056831199070792e-06,0.2323637273178505,0.8143276248489228,0.005057830674938663,4899.0,7167.0,374453229.0,167073300.0,8365503.0,10272896.0,377116816.0,87628269.0
37.8,sysbench,mcf-attacker,10,0.4721010701573138,10600.3,4.581943882914625e-05,23896.0,40763.0,173789312.0,368118869.0,17367531.52,0.4721010701573138,0.5862178936780904,4.581943882914625e-05,0.22883835483570078,0.8304888593555644,0.004549832083218489,23896.0,40763.0,368118869.0,173789312.0,8488611.0,10221222.0,380807680.0,87143403.0
37.9,sysbench,mcf-attacker,10,0.44727395367626327,10560.3,3.735884009333856e-06,653.0,2062.0,168690730.0,377153037.0,17301995.52,0.44727395367626327,0.31668283220174587,3.735884009333856e-06,0.2302997902579982,0.8203713383811508,0.004852609070388147,653.0,2062.0,377153037.0,168690730.0,8363388.0,10194637.0,377374104.0,86909177.0
38.0,sysbench,mcf-attacker,10,0.44721653947898554,10585.5,3.842952793167888e-06,640.0,2089.0,168624701.0,377053812.0,17343283.2,0.44721653947898554,0.3063666826232647,3.842952793167888e-06,0.23177645879852896,0.8178901741340915,0.0049576596733287735,640.0,2089.0,377053812.0,168624701.0,8394626.0,10263757.0,377018820.0,87384087.0
38.1,sysbench,mcf-attacker,10,0.4478695603273176,10632.8,3.887478303508923e-06,688.0,2154.0,168895290.0,377108214.0,17420779.52,0.4478695603273176,0.31940575673166205,3.887478303508923e-06,0.23185298872626178,0.8162525354450315,0.004996335776999877,688.0,2154.0,377108214.0,168895290.0,8369949.0,10254117.0,377109963.0,87434072.0
38.3,sysbench,mcf-attacker,10,0.4473583248745175,10593.3,3.7495444628314437e-06,702.0,2116.0,168704406.0,377112477.0,17356062.72,0.4473583248745175,0.33175803402646503,3.7495444628314437e-06,0.2321499484446915,0.815351683040578,0.0050308392480833694,702.0,2116.0,377112477.0,168704406.0,8377476.0,10274678.0,377114415.0,87547092.0
38.4,sysbench,mcf-attacker,10,0.44788915563849574,10601.7,3.874207572075853e-06,646.0,2107.0,168903200.0,377109376.0,17369825.28,0.44788915563849574,0.3065970574276222,3.874207572075853e-06,0.23192602587334782,0.8161473839684911,0.004999913754358172,646.0,2107.0,377109376.0,168903200.0,8370308.0,10255878.0,377120505.0,87464060.0
38.5,sysbench,mcf-attacker,10,0.4480810736200426,10595.0,4.033359869093421e-06,618.0,2139.0,168973594.0,377104957.0,17358848.0,0.4480810736200426,0.28892005610098176,4.033359869093421e-06,0.23185901273155474,0.8168578300014904,0.004985904689281183,618.0,2139.0,377104957.0,168973594.0,8385936.0,10266090.0,377093851.0,87432608.0
38.6,sysbench,mcf-attacker,10,0.447905108815624,10601.100000000002,3.7681294759199606e-06,640.0,2061.0,168909578.0,377110184.0,17368842.240000002,0.447905108815624,0.3105288694808345,3.7681294759199606e-06,0.23231637335027452,0.8152183286832085,0.005039781637491347,640.0,2061.0,377110184.0,168909578.0,8384836.0,10285387.0,377109791.0,87608779.0
38.7,sysbench,mcf-attacker,10,0.44760064011859496,10588.3,3.7407696574979933e-06,1299.0,2710.0,168832770.0,377195104.0,17347870.72,0.44760064011859496,0.4793357933579336,3.7407696574979933e-06,0.23141791649590937,0.815960112812012,0.00499298891942304,1299.0,2710.0,377195104.0,168832770.0,8350260.0,10233662.0,377209329.0,87292997.0
38.8,sysbench,mcf-attacker,10,0.4471432184421659,10576.300000000001,3.715123955654392e-06,646.0,2047.0,168620928.0,377107202.0,17328209.92,0.4471432184421659,0.3155837811431363,3.715123955654392e-06,0.23199472292715784,0.8161326150178896,0.005007682251268221,646.0,2047.0,377107202.0,168620928.0,8382099.0,10270511.0,377103000.0,87485906.0
39.0,sysbench,mcf-attacker,10,0.4480873666892159,10582.5,3.746961490678855e-06,647.0,2060.0,168976236.0,377105557.0,17338368.0,0.4480873666892159,0.31407766990291264,3.746961490678855e-06,0.232270375990508,0.8148072885244292,0.005050774109335665,647.0,2060.0,377105557.0,168976236.0,8380240.0,10284935.0,377109520.0,87591370.0
39.1,sysbench,mcf-attacker,10,0.44717160464022454,10578.5,3.8105668418649683e-06,610.0,2047.0,168632548.0,377109249.0,17331814.4,0.44717160464022454,0.2979970688812897,3.8105668418649683e-06,0.23248114350457924,0.8134877843949874,0.005084276378202802,610.0,2047.0,377109249.0,168632548.0,8362460.0,10279761.0,377104008.0,87669571.0
39.2,sysbench,mcf-attacker,10,0.4472337600478966,10618.3,4.378369106327239e-06,1364.0,3016.0,168745520.0,377309441.0,17397022.72,0.4472337600478966,0.45225464190981435,4.378369106327239e-06,0.23183621807291352,0.8165488471825626,0.00499255610407765,1364.0,3016.0,377309441.0,168745520.0,8380832.0,10263724.0,377139878.0,87434683.0
39.3,sysbench,mcf-attacker,10,0.4473055865087816,10577.4,3.798808027949911e-06,682.0,2114.0,168616470.0,376960349.0,17330012.16,0.4473055865087816,0.3226111636707663,3.798808027949911e-06,0.23216013701203908,0.8153256221422901,0.00503063094211858,682.0,2114.0,376960349.0,168616470.0,8372344.0,10268712.0,376964246.0,87516071.0
39.4,sysbench,mcf-attacker,10,0.447629651764679,10598.099999999999,3.908576890972416e-06,647.0,2121.0,168809806.0,377119356.0,17363927.04,0.447629651764679,0.30504479019330505,3.908576890972416e-06,0.231799497611336,0.8154734892512439,0.005013754564346234,647.0,2121.0,377119356.0,168809806.0,8355891.0,10246674.0,377119178.0,87416036.0
39.5,sysbench,mcf-attacker,10,0.4473090835154732,10544.300000000001,3.350308317158951e-06,676.0,1940.0,168760194.0,377278710.0,17275781.12,0.4473090835154732,0.34845360824742266,3.350308317158951e-06,0.2307225248147828,0.8165170482372323,0.004966940251533621,676.0,1940.0,377278710.0,168760194.0,8339345.0,10213314.0,377288412.0,87048935.0
39.6,sysbench,mcf-attacker,10,0.44741702181570414,10563.899999999998,3.388594351484197e-06,637.0,1915.0,168742226.0,377147533.0,17307893.759999998,0.44741702181570414,0.33263707571801565,3.388594351484197e-06,0.2310272618464432,0.8168194208584832,0.004964148849388174,637.0,1915.0,377147533.0,168742226.0,8348619.0,10220887.0,377157909.0,87133759.0
39.7,sysbench,mcf-attacker,10,0.4473857086457949,10539.9,3.440623833131843e-06,814.0,2112.0,168779465.0,377257167.0,17268572.16,0.4473857086457949,0.3854166666666667,3.440623833131843e-06,0.23077756568018665,0.8157277969085106,0.004986519213339228,814.0,2112.0,377257167.0,168779465.0,8327761.0,10208995.0,377263963.0,87064059.0
39.8,sysbench,mcf-attacker,10,0.44741146306842006,10538.3,3.478091953429229e-06,930.0,2242.0,168771800.0,377218319.0,17265950.72,0.44741146306842006,0.41480820695807313,3.478091953429229e-06,0.23094721527929468,0.8150182818656749,0.00501173568367964,930.0,2242.0,377218319.0,168771800.0,8329680.0,10220237.0,377225999.0,87119294.0
39.9,sysbench,mcf-attacker,10,0.4472989737922627,10541.399999999998,3.48285370974334e-06,613.0,1927.0,168755538.0,377276828.0,17271029.759999998,0.4472989737922627,0.31811105345096,3.48285370974334e-06,0.23107889204704693,0.814945451217781,0.005016723267868425,613.0,1927.0,377276828.0,168755538.0,8335487.0,10228276.0,377295876.0,87185113.0
40.0,sysbench,mcf-attacker,10,0.44743116041229125,10528.400000000001,3.589311821483048e-06,632.0,1986.0,168784943.0,377231087.0,17249730.560000002,0.44743116041229125,0.31822759315206445,3.589311821483048e-06,0.23105017857957222,0.814760901286618,0.005023100177763656,632.0,1986.0,377231087.0,168784943.0,8334749.0,10229687.0,377244716.0,87162459.0
40.1,sysbench,mcf-attacker,10,0.4471588921085276,5265.1,4.0172930810996545e-06,1032.0,2547.0,168632387.0,377119610.0,8626339.84,0.4471588921085276,0.40518256772673733,4.0172930810996545e-06,0.9890521780638977,0.8042407333767652,0.0009919636177290793,1032.0,2547.0,377119610.0,168632387.0,1520890.0,1891088.0,373197155.0,369111459.0
40.2,sysbench,mcf-attacker,10,0.44722821707126864,1690.7999999999997,3.9676969975502e-06,1127.0,2621.0,168399693.0,376540850.0,2770206.7199999997,0.44722821707126864,0.42998855398702784,3.9676969975502e-06,1.0008983122261224,0.835298691201244,0.00010463883549131423,1127.0,2621.0,376540850.0,168399693.0,199826.0,239227.0,376542799.0,376881052.0
40.3,sysbench,mcf-attacker,10,0.44738606455064506,8154.000000000001,3.2158364025095097e-06,667.0,1882.0,169030386.0,377817727.0,13359513.600000001,0.44738606455064506,0.35441020191285866,3.2158364025095097e-06,0.23035818211320844,0.8230997508483247,0.004756016743881637,667.0,1882.0,377817727.0,169030386.0,8360774.0,10157668.0,377814902.0,87032754.0
40.4,sysbench,mcf-attacker,10,0.44761967350871806,10606.5,3.352304346049521e-06,776.0,2041.0,168910346.0,377352373.0,17377689.6,0.44761967350871806,0.3802057814796668,3.352304346049521e-06,0.23040410894086602,0.8197139296991335,0.00485159437410266,776.0,2041.0,377352373.0,168910346.0,8324413.0,10155266.0,377371408.0,86947923.0
40.5,sysbench,mcf-attacker,10,0.44740700229971975,10524.9,3.2540351919318e-06,730.0,1957.0,168703889.0,377070292.0,17243996.16,0.44740700229971975,0.37301992846193155,3.2540351919318e-06,0.23049724777957742,0.818963965674026,0.004881528020299522,730.0,1957.0,377070292.0,168703889.0,8326975.0,10167694.0,377078446.0,86915544.0
40.6,sysbench,mcf-attacker,10,0.4476639122696208,10586.800000000001,3.5022812324883446e-06,717.0,2038.0,168851097.0,377182731.0,17345413.12,0.4476639122696208,0.3518155053974485,3.5022812324883446e-06,0.2312605323756575,0.8188422826974,0.004904780020009642,717.0,2038.0,377182731.0,168851097.0,8362209.0,10212234.0,377188170.0,87228737.0
40.7,sysbench,mcf-attacker,10,0.4473662476072139,10574.7,3.624921199065807e-06,892.0,2259.0,168707022.0,377111646.0,17325588.48,0.4473662476072139,0.39486498450641877,3.624921199065807e-06,0.2318781589930572,0.8170634042858088,0.004969440265428142,892.0,2259.0,377111646.0,168707022.0,8370107.0,10244134.0,377110278.0,87443637.0
40.8,sysbench,mcf-attacker,10,0.44717672247885015,10593.5,3.7258879262299443e-06,666.0,2071.0,168626461.0,377091321.0,17356390.4,0.44717672247885015,0.32158377595364557,3.7258879262299443e-06,0.231715561298008,0.8172772539985182,0.004963599970756306,666.0,2071.0,377091321.0,168626461.0,8371867.0,10243607.0,377093241.0,87378372.0
40.9,sysbench,mcf-attacker,10,0.4472135453908631,10584.7,3.55812731506624e-06,661.0,2003.0,168673160.0,377164694.0,17341972.48,0.4472135453908631,0.33000499251123316,3.55812731506624e-06,0.23141080549676826,0.8171312534072191,0.004962749846625436,661.0,2003.0,377164694.0,168673160.0,8363845.0,10235620.0,377164890.0,87280031.0
41.1,sysbench,mcf-attacker,10,0.4472265326964737,10563.000000000002,3.5559263595069498e-06,688.0,2029.0,168656693.0,377116921.0,17306419.200000003,0.4472265326964737,0.33908329226219813,3.5559263595069498e-06,0.23223841098826942,0.8144916952555783,0.005050679581488912,688.0,2029.0,377116921.0,168656693.0,8362699.0,10267384.0,377114598.0,87580495.0
41.2,sysbench,mcf-attacker,10,0.4474677035814212,10655.4,3.746355178205764e-06,646.0,2059.0,168769867.0,377166588.0,17457807.36,0.4474677035814212,0.31374453618261294,3.746355178205764e-06,0.23076095788733297,0.8190333692570535,0.004894085724868731,646.0,2059.0,377166588.0,168769867.0,8354400.0,10200317.0,377173001.0,87036803.0
41.3,sysbench,mcf-attacker,10,0.44714634734634107,10561.599999999999,3.8510520636618365e-06,1000.0,2452.0,168591981.0,377039826.0,17304125.439999998,0.44714634734634107,0.4078303425774878,3.8510520636618365e-06,0.2316442085412036,0.8175752600590336,0.00495514671134586,1000.0,2452.0,377039826.0,168591981.0,8376908.0,10246039.0,377210022.0,87378517.0
41.4,sysbench,mcf-attacker,10,0.4473258153579546,10600.1,3.6377445619941178e-06,715.0,2087.0,168711961.0,377156773.0,17367203.84,0.4473258153579546,0.3425970292285577,3.6377445619941178e-06,0.23126905594548494,0.8168140150695765,0.0049708853785567575,715.0,2087.0,377156773.0,168711961.0,8360031.0,10234926.0,377175263.0,87228967.0
41.5,sysbench,mcf-attacker,10,0.4474774090257223,10532.4,3.334891560089312e-06,681.0,1939.0,168799066.0,377223660.0,17256284.16,0.4474774090257223,0.3512119649303765,3.334891560089312e-06,0.23051033463356793,0.8176662768547326,0.004928853135945289,681.0,1939.0,377223660.0,168799066.0,8337927.0,10197225.0,377227308.0,86954793.0
41.6,sysbench,mcf-attacker,10,0.4473578209484055,10545.1,3.3249701583928284e-06,650.0,1904.0,168719321.0,377146242.0,17277091.84,0.4473578209484055,0.34138655462184875,3.3249701583928284e-06,0.23060144127549637,0.8179023460797861,0.004924262804862514,650.0,1904.0,377146242.0,168719321.0,8341867.0,10199099.0,377159399.0,86973501.0
41.7,sysbench,mcf-attacker,10,0.44728082489836746,10537.4,3.56479148059681e-06,747.0,2092.0,168759579.0,377301171.0,17264476.16,0.44728082489836746,0.35707456978967494,3.56479148059681e-06,0.23048610964062982,0.8168813294863592,0.004952788681346816,747.0,2092.0,377301171.0,168759579.0,8332656.0,10200571.0,377144094.0,86926475.0
41.8,sysbench,mcf-attacker,10,0.4477046262831274,10575.0,3.7979425701699526e-06,961.0,2393.0,168805350.0,377046249.0,17326080.0,0.4477046262831274,0.40158796489761805,3.7979425701699526e-06,0.23194587099213695,0.8144196372302892,0.005053096483053037,961.0,2393.0,377046249.0,168805350.0,8361205.0,10266458.0,377046630.0,87454409.0
41.9,sysbench,mcf-attacker,10,0.448114205477815,10564.5,3.746864775101363e-06,640.0,2053.0,168990719.0,377115291.0,17308876.8,0.448114205477815,0.3117389186556259,3.746864775101363e-06,0.23198303870395653,0.8144447012213002,0.0050524004162294965,640.0,2053.0,377115291.0,168990719.0,8362978.0,10268319.0,377115993.0,87484514.0
42.0,sysbench,mcf-attacker,10,0.44796546950432753,10567.4,3.6541655021886902e-06,650.0,2028.0,168929518.0,377103883.0,17313628.16,0.44796546950432753,0.32051282051282054,3.6541655021886902e-06,0.2322079402599155,0.8135488640013271,0.005078754592916979,650.0,2028.0,377103883.0,168929518.0,8356682.0,10271887.0,377101308.0,87565918.0
42.1,sysbench,mcf-attacker,10,0.4473176470854664,10604.6,3.871640346632415e-06,750.0,2210.0,168683996.0,377101143.0,17374576.64,0.4473176470854664,0.3393665158371041,3.871640346632415e-06,0.23215402555444095,0.8138013248437008,0.005072144905406481,750.0,2210.0,377101143.0,168683996.0,8359862.0,10272608.0,377107917.0,87547121.0
42.2,sysbench,mcf-attacker,10,0.44721640219139025,10574.300000000001,4.2162660537280055e-06,960.0,2550.0,168650192.0,377110927.0,17324933.12,0.44721640219139025,0.3764705882352941,4.2162660537280055e-06,0.2313516184868631,0.8189218821343939,0.004917451530850208,960.0,2550.0,377110927.0,168650192.0,8386484.0,10240884.0,377105903.0,87244061.0
42.3,sysbench,mcf-attacker,10,0.4472880821733873,10568.900000000001,3.6249798448336254e-06,676.0,2043.0,168674816.0,377105545.0,17316085.76,0.4472880821733873,0.3308859520313265,3.6249798448336254e-06,0.23176905989450505,0.8150900818308642,0.005027645213690348,676.0,2043.0,377105545.0,168674816.0,8357399.0,10253344.0,377103976.0,87401034.0
42.4,sysbench,mcf-attacker,10,0.4471698479448766,10581.7,3.7840422932356993e-06,611.0,2038.0,168632199.0,377109950.0,17337057.28,0.4471698479448766,0.2998037291462218,3.7840422932356993e-06,0.23161766566992056,0.8163580496782282,0.004992614875703433,611.0,2038.0,377109950.0,168632199.0,8369546.0,10252298.0,377107397.0,87344735.0
42.5,sysbench,mcf-attacker,10,0.4473602467404469,10579.6,3.7018491943273937e-06,646.0,2042.0,168703497.0,377108825.0,17333616.64,0.4473602467404469,0.31635651322233105,3.7018491943273937e-06,0.2319927432950873,0.8148433206342505,0.005042225216753635,646.0,2042.0,377108825.0,168703497.0,8368040.0,10269508.0,377108899.0,87486528.0
42.6,sysbench,mcf-attacker,10,0.44725963055520396,10538.0,3.5215898730870456e-06,653.0,1981.0,168662681.0,377102402.0,17265459.2,0.44725963055520396,0.32963149924280666,3.5215898730870456e-06,0.23066791582714002,0.8164652975730381,0.004967141786767235,653.0,1981.0,377102402.0,168662681.0,8333022.0,10206217.0,377117280.0,86988857.0
42.7,sysbench,mcf-attacker,10,0.44800879034794305,10551.800000000001,3.8277913770993734e-06,884.0,2328.0,169007302.0,377241040.0,17288069.12,0.44800879034794305,0.3797250859106529,3.8277913770993734e-06,0.23174547598738335,0.8144261311345259,0.005039784410079534,884.0,2328.0,377241040.0,169007302.0,8344049.0,10245311.0,377250661.0,87426134.0
42.8,sysbench,mcf-attacker,10,0.4473109466634745,10579.300000000001,3.6503909581980734e-06,662.0,2038.0,168612039.0,376945926.0,17333125.12,0.4473109466634745,0.32482826300294404,3.6503909581980734e-06,0.23186649429313638,0.8150981002389782,0.0050296194170020144,662.0,2038.0,376945926.0,168612039.0,8357394.0,10253237.0,376935677.0,87398754.0
42.9,sysbench,mcf-attacker,10,0.4481378595312367,10560.3,3.611757198874497e-06,638.0,2000.0,168993576.0,377101761.0,17301995.52,0.4481378595312367,0.319,3.611757198874497e-06,0.2317394640944233,0.8148683230595227,0.005032950272494699,638.0,2000.0,377101761.0,168993576.0,8353863.0,10251795.0,377101282.0,87389249.0
43.0,sysbench,mcf-attacker,10,0.4473119468341324,10556.400000000001,3.5294467550049097e-06,698.0,2029.0,168687118.0,377112928.0,17295605.76,0.4473119468341324,0.3440118284869394,3.5294467550049097e-06,0.23184956810961346,0.8144401976139826,0.00505164520898926,698.0,2029.0,377112928.0,168687118.0,8361434.0,10266480.0,377113974.0,87433712.0
43.2,sysbench,mcf-attacker,10,0.44744507711739706,10542.3,3.823797816197246e-06,699.0,2141.0,168736903.0,377111989.0,17272504.32,0.44744507711739706,0.3264829518916394,3.823797816197246e-06,0.23125278283605472,0.8175678158116185,0.0049508796198234105,699.0,2141.0,377111989.0,168736903.0,8367025.0,10234044.0,377108543.0,87207400.0
43.4,sysbench,mcf-attacker,10,0.44726296456162695,10519.099999999999,3.308311997106754e-06,617.0,1865.0,168721747.0,377231652.0,17234493.439999998,0.44726296456162695,0.33083109919571047,3.308311997106754e-06,0.23054116421954818,0.8150682932438179,0.005005271942008089,617.0,1865.0,377231652.0,168721747.0,8322038.0,10210234.0,377241441.0,86969681.0
43.5,sysbench,mcf-attacker,10,0.44695821427317445,10541.300000000001,3.2659378862354272e-06,657.0,1889.0,168604713.0,377227015.0,17270865.92,0.44695821427317445,0.3478030704076231,3.2659378862354272e-06,0.23045690054084622,0.8160440611759545,0.004975645974502055,657.0,1889.0,377227015.0,168604713.0,8326761.0,10203813.0,377247901.0,86939382.0
43.6,sysbench,mcf-attacker,10,0.4473563318326359,10546.0,3.4781814578507027e-06,665.0,1977.0,168746661.0,377208612.0,17278566.4,0.4473563318326359,0.3363682346990389,3.4781814578507027e-06,0.23060018386980052,0.8163428397437826,0.004966597481096667,665.0,1977.0,377208612.0,168746661.0,8327408.0,10200871.0,377212570.0,86985288.0
43.7,sysbench,mcf-attacker,10,0.4473104592372802,10530.0,3.4468021301618964e-06,647.0,1947.0,168708146.0,377161192.0,17252352.0,0.4473104592372802,0.3323061119671289,3.4468021301618964e-06,0.2303188591227082,0.816709330379981,0.004953861732949559,647.0,1947.0,377161192.0,168708146.0,8325588.0,10194065.0,377175848.0,86870711.0
43.8,sysbench,mcf-attacker,10,0.44729355523957537,10513.099999999999,3.5531795002299765e-06,807.0,2147.0,168686486.0,377127021.0,17224663.04,0.44729355523957537,0.37587331159757803,3.5531795002299765e-06,0.23068709732994128,0.8154629275796859,0.00499151526157123,807.0,2147.0,377127021.0,168686486.0,8322370.0,10205700.0,377306269.0,87039688.0
43.9,sysbench,mcf-attacker,10,0.44724112152734796,10534.8,3.464939742113098e-06,669.0,1976.0,168702543.0,377207137.0,17260216.32,0.44724112152734796,0.33856275303643724,3.464939742113098e-06,0.31865358519596176,0.8163412814366926,0.004696981552204328,669.0,1976.0,377207137.0,168702543.0,7876646.0,9648717.0,377278680.0,120221204.0
44.0,sysbench,mcf-attacker,10,0.4471780924758681,3906.7000000000003,3.6122707838205243e-06,914.0,2279.0,168979053.0,377878648.0,6400737.28,0.4471780924758681,0.40105309346204476,3.6122707838205243e-06,1.0861874551753503,0.36538004549003633,0.00010013991143022845,914.0,2279.0,377878648.0,168979053.0,21526.0,58914.0,373357630.0,405536374.0
44.1,sysbench,mcf-attacker,10,0.44713705903387296,1661.3,3.6542289829830995e-06,684.0,2062.0,168614192.0,377097332.0,2721873.92,0.44713705903387296,0.3317167798254122,3.6542289829830995e-06,0.8152453912729013,0.8192766197319783,0.0012642143498933357,684.0,2062.0,377097332.0,168614192.0,2161187.0,2637921.0,377099026.0,307428243.0
44.2,sysbench,mcf-attacker,10,0.4475184302449355,9558.099999999999,3.705854632942693e-06,1088.0,2486.0,168822263.0,377240917.0,15659991.04,0.4475184302449355,0.43765084473049076,3.705854632942693e-06,0.2296019767882859,0.8255537161547869,0.004676920939610055,1088.0,2486.0,377240917.0,168822263.0,8349486.0,10113801.0,377238577.0,86614723.0
44.3,sysbench,mcf-attacker,10,0.447391454782256,10546.0,3.3779817048776017e-06,515.0,1789.0,168732919.0,377148283.0,17278566.4,0.447391454782256,0.2878703186137507,3.3779817048776017e-06,0.23042532162567417,0.8198401076635443,0.004848713559180269,515.0,1789.0,377148283.0,168732919.0,8326365.0,10156084.0,377361743.0,86953701.0
44.4,sysbench,mcf-attacker,10,0.4474821192337163,10580.3,3.978203792718715e-06,814.0,2314.0,168725187.0,377054590.0,17334763.52,0.4474821192337163,0.35177182368193605,3.978203792718715e-06,0.23144228781182874,0.8196215775181233,0.004880368679271036,814.0,2314.0,377054590.0,168725187.0,8360813.0,10200821.0,377022336.0,87258912.0
44.5,sysbench,mcf-attacker,10,0.44711728770589876,10589.5,3.853020449156909e-06,645.0,2098.0,168610945.0,377106745.0,17349836.8,0.44711728770589876,0.30743565300285985,3.853020449156909e-06,0.23208876824591004,0.8162427418699568,0.00498964408438451,645.0,2098.0,377106745.0,168610945.0,8357960.0,10239552.0,377099442.0,87520545.0
44.6,sysbench,mcf-attacker,10,0.44790950758873255,10591.300000000001,3.82646896930558e-06,666.0,2109.0,168911188.0,377110075.0,17352785.92,0.44790950758873255,0.3157894736842105,3.82646896930558e-06,0.23168225825977373,0.8170874619866146,0.004962790940575164,666.0,2109.0,377110075.0,168911188.0,8360644.0,10232251.0,377127915.0,87373847.0
44.7,sysbench,mcf-attacker,10,0.447683162240376,10583.3,3.7177595730717958e-06,831.0,2233.0,168825278.0,377108840.0,17339678.72,0.447683162240376,0.37214509628302733,3.7177595730717958e-06,0.231957085490319,0.8157350193460553,0.005007549325519558,831.0,2233.0,377108840.0,168825278.0,8359721.0,10248084.0,377103225.0,87471765.0
44.8,sysbench,mcf-attacker,10,0.4471761137053521,10577.1,3.853054166609377e-06,637.0,2090.0,168631653.0,377103445.0,17329520.64,0.4471761137053521,0.3047846889952153,3.853054166609377e-06,0.23191449820583557,0.8161821852336686,0.004993208951121394,637.0,2090.0,377103445.0,168631653.0,8360390.0,10243289.0,377091970.0,87453095.0
44.9,sysbench,mcf-attacker,10,0.44787015974160466,10598.5,3.803864047734437e-06,700.0,2127.0,168016183.0,375144848.0,17364582.4,0.44787015974160466,0.32910202162670427,3.803864047734437e-06,0.23177547681370583,0.8167497624060905,0.004979331658533046,700.0,2127.0,375144848.0,168016183.0,8325836.0,10193864.0,375156372.0,86952047.0
45.0,sysbench,mcf-attacker,10,0.4476430629115637,10529.400000000001,3.7416521413794746e-06,654.0,2065.0,168808948.0,377106141.0,17251368.96,0.4476430629115637,0.3167070217917676,3.7416521413794746e-06,0.2317645613977949,0.8156616068070869,0.00500701887642083,654.0,2065.0,377106141.0,168808948.0,8354799.0,10242972.0,377105229.0,87399628.0
45.3,sysbench,mcf-attacker,10,0.44760214670867404,10688.0,4.099610261773162e-06,1138.0,2684.0,168794806.0,377109018.0,17511219.2,0.44760214670867404,0.4239940387481371,4.099610261773162e-06,0.23088265375104508,0.8193296991836819,0.004893980691294321,1138.0,2684.0,377109018.0,168794806.0,8369865.0,10215503.0,377124087.0,87071410.0
45.4,sysbench,mcf-attacker,10,0.4479338366795569,10597.7,3.92197311131299e-06,643.0,2122.0,168918584.0,377106104.0,17363271.68,0.4479338366795569,0.30301602262016963,3.92197311131299e-06,0.2318321511461057,0.8160017859049016,0.005005415087985887,643.0,2122.0,377106104.0,168918584.0,8370632.0,10258105.0,377086209.0,87420707.0
45.5,sysbench,mcf-attacker,10,0.4479357800591839,10581.8,3.7813722269405545e-06,683.0,2109.0,168921858.0,377111777.0,17337221.119999997,0.4479357800591839,0.3238501659554291,3.7813722269405545e-06,0.23188078576813217,0.8153082206102735,0.00502395839862326,683.0,2109.0,377111777.0,168921858.0,8363638.0,10258253.0,377115981.0,87445950.0
45.6,sysbench,mcf-attacker,10,0.44758655999000724,10585.9,3.879562038124283e-06,671.0,2134.0,168786871.0,377104422.0,17343938.56,0.44758655999000724,0.31443298969072164,3.879562038124283e-06,0.2316473368107663,0.8156818572541081,0.005006598149017929,671.0,2134.0,377104422.0,168786871.0,8355234.0,10243251.0,377105760.0,87355545.0
45.7,sysbench,mcf-attacker,10,0.44789929363366576,10573.899999999998,3.7973263004304555e-06,699.0,2131.0,168906156.0,377107440.0,17324277.759999998,0.44789929363366576,0.328015016424214,3.7973263004304555e-06,0.23150887082242944,0.8167042934352892,0.004978185999249184,699.0,2131.0,377107440.0,168906156.0,8364540.0,10241822.0,377101619.0,87302370.0
45.8,sysbench,mcf-attacker,10,0.4481477150824851,10561.800000000001,4.04918113664439e-06,977.0,2504.0,169002457.0,377113285.0,17304453.12,0.4481477150824851,0.39017571884984026,4.04918113664439e-06,0.23172195173748117,0.8156879520383244,0.005014645310401449,977.0,2504.0,377113285.0,169002457.0,8369115.0,10260192.0,377110819.0,87384855.0
45.9,sysbench,mcf-attacker,10,0.4479484211752356,10587.4,3.768169015145963e-06,694.0,2115.0,168924139.0,377106227.0,17346396.16,0.4479484211752356,0.32813238770685577,3.768169015145963e-06,0.2314871576955219,0.8170104896760357,0.004970669916309664,694.0,2115.0,377106227.0,168924139.0,8369203.0,10243691.0,377109732.0,87296060.0
46.0,sysbench,mcf-attacker,10,0.4477627349435835,10567.8,3.6620893572714434e-06,705.0,2086.0,168854519.0,377107128.0,17314283.52,0.4477627349435835,0.337967401725791,3.6620893572714434e-06,0.23184071393804748,0.8147317976919486,0.00504180456477337,705.0,2086.0,377107128.0,168854519.0,8361546.0,10262943.0,377126280.0,87433226.0
46.1,sysbench,mcf-attacker,10,0.44728061931679164,10564.0,3.7416842691343586e-06,660.0,2071.0,168670820.0,377102903.0,17308057.6,0.44728061931679164,0.31868662481892807,3.7416842691343586e-06,0.2318996864598562,0.8143302313564647,0.005056046971406724,660.0,2071.0,377102903.0,168670820.0,8362042.0,10268613.0,377087280.0,87446422.0
46.2,sysbench,mcf-attacker,10,0.4474001471701066,10612.1,4.126125888758501e-06,1155.0,2711.0,168718708.0,377109192.0,17386864.64,0.4474001471701066,0.42604205090372554,4.126125888758501e-06,0.2313568488425674,0.8175895316548603,0.004946916406714182,1155.0,2711.0,377109192.0,168718708.0,8364568.0,10230767.0,377244903.0,87278192.0
46.3,sysbench,mcf-attacker,10,0.44718652479255155,10551.099999999999,4.187938844801335e-06,879.0,2459.0,168711802.0,377273895.0,17286922.24,0.44718652479255155,0.3574623830825539,4.187938844801335e-06,0.23180878365463542,0.8147789597598295,0.005040011390866916,879.0,2459.0,377273895.0,168711802.0,8358313.0,10258381.0,376996767.0,87391162.0
46.4,sysbench,mcf-attacker,10,0.4472536848181021,10588.5,3.6744202886344953e-06,755.0,2140.0,168583424.0,376930207.0,17348198.4,0.4472536848181021,0.352803738317757,3.6744202886344953e-06,0.23165583369153084,0.8159999352433869,0.005003157190606219,755.0,2140.0,376930207.0,168583424.0,8367083.0,10253779.0,377101084.0,87357666.0
46.5,sysbench,mcf-attacker,10,0.44800506912400484,10577.1,4.264010868157571e-06,678.0,2286.0,168947072.0,377109733.0,17329520.64,0.44800506912400484,0.29658792650918636,4.264010868157571e-06,0.23158046924353012,0.8160292297201989,0.005000976317410915,678.0,2286.0,377109733.0,168947072.0,8365287.0,10251210.0,377110964.0,87331534.0
46.6,sysbench,mcf-attacker,10,0.4471457730767466,10593.899999999998,3.895437804582167e-06,637.0,2106.0,168622161.0,377107805.0,17357045.759999998,0.4471457730767466,0.30246913580246915,3.895437804582167e-06,0.2314262983469088,0.8172794242541266,0.004963884521494491,637.0,2106.0,377107805.0,168622161.0,8372181.0,10243964.0,377080287.0,87266295.0
46.7,sysbench,mcf-attacker,10,0.44728551560056695,10550.0,3.6230112221207764e-06,651.0,2017.0,168642043.0,377034438.0,17285120.0,0.44728551560056695,0.322756569162122,3.6230112221207764e-06,0.23072352424444573,0.8177713243306113,0.004934121880760076,651.0,2017.0,377034438.0,168642043.0,8349343.0,10209875.0,377074593.0,86999979.0
46.8,sysbench,mcf-attacker,10,0.44751326626196386,10553.800000000001,3.761914232904781e-06,775.0,2194.0,168802712.0,377201582.0,17291345.92,0.44751326626196386,0.35323609845031906,3.761914232904781e-06,0.23086345664284919,0.8158589319026931,0.004990890707968045,775.0,2194.0,377201582.0,168802712.0,8340924.0,10223488.0,377200005.0,87081697.0
46.9,sysbench,mcf-attacker,10,0.44753991873456517,10575.7,3.741614844903302e-06,728.0,2139.0,168771734.0,377109900.0,17327226.880000003,0.44753991873456517,0.34034595605423096,3.741614844903302e-06,0.2316837659678355,0.8152430996192507,0.005024114033713322,728.0,2139.0,377109900.0,168771734.0,8359709.0,10254253.0,377090167.0,87365670.0
47.0,sysbench,mcf-attacker,10,0.44780550817094716,10568.4,3.865912680057568e-06,714.0,2172.0,168886492.0,377142507.0,17315266.56,0.44780550817094716,0.3287292817679558,3.865912680057568e-06,0.23157038961214985,0.8144097982664524,0.005045231003646881,714.0,2172.0,377142507.0,168886492.0,8350208.0,10253079.0,377162314.0,87339624.0
47.1,sysbench,mcf-attacker,10,0.44731892727886985,10576.7,3.6717298150643273e-06,688.0,2073.0,168731564.0,377206404.0,17328865.28,0.44731892727886985,0.33188615533043897,3.6717298150643273e-06,0.23035046270450843,0.8181074069830389,0.004918468426032616,688.0,2073.0,377206404.0,168731564.0,8346758.0,10202521.0,377305055.0,86912394.0
47.4,sysbench,mcf-attacker,10,0.4480142426588593,10576.900000000001,3.837077488313461e-06,654.0,2101.0,168950617.0,377109924.0,17329192.96,0.4480142426588593,0.31128034269395527,3.837077488313461e-06,0.23152389300978918,0.8161330878725586,0.00499996299525413,654.0,2101.0,377109924.0,168950617.0,8369444.0,10254999.0,377113791.0,87310853.0
47.5,sysbench,mcf-attacker,10,0.4472394494708601,10593.3,3.7628155690978258e-06,692.0,2111.0,168659018.0,377111228.0,17356062.72,0.4472394494708601,0.32780672666982474,3.7628155690978258e-06,0.23148882344229502,0.8161264646391304,0.004996015586213308,692.0,2111.0,377111228.0,168659018.0,8362621.0,10246722.0,377120721.0,87299232.0
47.6,sysbench,mcf-attacker,10,0.4472522505943933,10564.6,4.875817163438725e-06,949.0,2789.0,168780763.0,377372641.0,17309040.64,0.4472522505943933,0.3402653280745787,4.875817163438725e-06,0.231033326962706,0.8158971408612725,0.004992828426040723,949.0,2789.0,377372641.0,168780763.0,8348714.0,10232557.0,377309781.0,87171134.0
47.7,sysbench,mcf-attacker,10,0.44750451587996837,10839.8,3.6824396790134248e-06,931.0,2320.0,168796729.0,377195588.0,17759928.32,0.44750451587996837,0.40129310344827585,3.6824396790134248e-06,0.23058524940045597,0.8172130744500644,0.004947323139044829,931.0,2320.0,377195588.0,168796729.0,8343162.0,10209286.0,377198729.0,86976463.0
47.8,sysbench,mcf-attacker,10,0.46941262938563383,2370.1000000000004,4.459926480187596e-05,28574.0,45334.0,176401017.0,375790948.0,3883171.8400000003,0.46941262938563383,0.6302995544183174,4.459926480187596e-05,0.6013828738331155,0.8235531284917093,0.003233543995548729,28574.0,45334.0,375790948.0,176401017.0,5680531.0,6897589.0,376385168.0,226351594.0
47.9,sysbench,mcf-attacker,10,0.4472596100991606,2135.7000000000003,4.059123495138141e-06,906.0,2441.0,169135899.0,378160458.0,3499130.8800000004,0.4472596100991606,0.3711593609176567,4.059123495138141e-06,1.0148954161884123,0.6262206934725023,2.500190231577991e-05,906.0,2441.0,378160458.0,169135899.0,15839.0,25293.0,378131227.0,383763649.0
48.0,sysbench,mcf-attacker,10,0.4473797368808458,10571.300000000001,3.905801849094629e-06,806.0,2279.0,168720887.0,377131267.0,17320017.92,0.4473797368808458,0.3536638876700307,3.905801849094629e-06,0.5950397452587962,0.8258983230370323,0.0025063419351292514,806.0,2279.0,377131267.0,168720887.0,4485116.0,5430591.0,377233045.0,224468655.0
48.1,sysbench,mcf-attacker,10,0.44733737735585805,10591.3,3.5629998687999527e-06,760.0,2104.0,168740235.0,377210230.0,17352785.919999998,0.44733737735585805,0.3612167300380228,3.5629998687999527e-06,0.23093625800868997,0.8198362886721657,0.004857108411956746,760.0,2104.0,377210230.0,168740235.0,8334509.0,10166065.0,377087733.0,87083230.0
48.2,sysbench,mcf-attacker,10,0.4471836801414468,10555.900000000001,3.452899569372926e-06,1231.0,2537.0,169139552.0,378232837.0,17294786.560000002,0.4471836801414468,0.48521876231769806,3.452899569372926e-06,0.2296891868651451,0.8208580774676179,0.0048118876067342635,1231.0,2537.0,378232837.0,169139552.0,8340734.0,10160994.0,378283981.0,86887740.0
48.3,sysbench,mcf-attacker,10,0.4473428992421869,10557.8,3.4009706642353375e-06,856.0,2131.0,167705709.0,374892972.0,17297899.52,0.4473428992421869,0.4016893477240732,3.4009706642353375e-06,0.23014489629248905,0.8175956439766573,0.004911083765341343,856.0,2131.0,374892972.0,167705709.0,8331773.0,10190579.0,378492017.0,87108006.0
48.5,sysbench,mcf-attacker,10,0.44733147130712303,10579.8,3.278512590470318e-06,799.0,2041.0,169462728.0,378830328.0,17333944.32,0.44733147130712303,0.3914747672709456,3.278512590470318e-06,0.2295576429551257,0.8190416644534474,0.00486510581246079,799.0,2041.0,378830328.0,169462728.0,8341950.0,10185013.0,378833076.0,86964028.0
48.6,sysbench,mcf-attacker,10,0.44721347558155694,10555.8,3.407873637970199e-06,793.0,2082.0,169154796.0,378241724.0,17294622.72,0.44721347558155694,0.3808837656099904,3.407873637970199e-06,0.2298107607371108,0.8196981055295143,0.004854775517435054,793.0,2082.0,378241724.0,169154796.0,8347335.0,10183426.0,378203069.0,86915135.0
48.7,sysbench,mcf-attacker,10,0.447056226699794,10566.0,3.305118190827879e-06,1379.0,2627.0,168806723.0,377596179.0,17311334.4,0.447056226699794,0.5249333840883137,3.305118190827879e-06,0.23020536836113745,0.8178677050652154,0.004915113822464748,1379.0,2627.0,377596179.0,168806723.0,8334323.0,10190307.0,377607532.0,86927281.0
48.8,sysbench,mcf-attacker,10,0.4479836435814351,10552.9,3.7554576865129893e-06,709.0,2125.0,168912791.0,377051246.0,17289871.36,0.4479836435814351,0.3336470588235294,3.7554576865129893e-06,0.23208555843711387,0.8154480184289238,0.005023520032982523,709.0,2125.0,377051246.0,168912791.0,8370357.0,10264734.0,377101512.0,87519815.0
48.9,sysbench,mcf-attacker,10,0.4471439616946958,10591.5,3.8158271584839535e-06,695.0,2134.0,168624032.0,377113517.0,17353113.6,0.4471439616946958,0.32567947516401125,3.8158271584839535e-06,0.2319875850155595,0.8153762691904818,0.005021734524832736,695.0,2134.0,377113517.0,168624032.0,8364142.0,10258015.0,377135229.0,87490691.0
49.0,sysbench,mcf-attacker,10,0.4480672115417864,10591.5,3.760185648161603e-06,748.0,2166.0,168970196.0,377109040.0,17353113.6,0.4480672115417864,0.34533702677746997,3.760185648161603e-06,0.23213929023043006,0.8148151575657051,0.005041332204136302,748.0,2166.0,377109040.0,168970196.0,8364507.0,10265527.0,377086834.0,87536670.0
49.1,sysbench,mcf-attacker,10,0.4473680223763264,10575.900000000001,3.847753214559812e-06,709.0,2160.0,168703907.0,377103187.0,17327554.560000002,0.4473680223763264,0.3282407407407407,3.847753214559812e-06,0.23160370676756176,0.816458617453637,0.004984515368047313,709.0,2160.0,377103187.0,168703907.0,8361685.0,10241407.0,377112289.0,87340604.0
49.2,sysbench,mcf-attacker,10,0.44719772976691885,10612.2,4.163294000759109e-06,1095.0,2665.0,168640609.0,377105244.0,17387028.48,0.44719772976691885,0.41088180112570355,4.163294000759109e-06,0.23151732361057667,0.8180225831673467,0.004943107215894426,1095.0,2665.0,377105244.0,168640609.0,8379245.0,10243293.0,377100459.0,87305289.0
49.5,sysbench,mcf-attacker,10,0.4476913384416614,10585.4,3.842415339418446e-06,697.0,2146.0,168827337.0,377106552.0,17343119.36,0.4476913384416614,0.32479030754892824,3.842415339418446e-06,0.23184469053015214,0.8155010334718749,0.005011164037432835,697.0,2146.0,377106552.0,168827337.0,8352899.0,10242659.0,377109986.0,87430948.0
49.6,sysbench,mcf-attacker,10,0.4471085615755255,10593.3,3.7628531665748535e-06,711.0,2130.0,168607974.0,377107460.0,17356062.72,0.4471085615755255,0.33380281690140845,3.7628531665748535e-06,0.23201816084109925,0.8152614722551681,0.005027901264181215,711.0,2130.0,377107460.0,168607974.0,8367419.0,10263479.0,377107644.0,87495822.0
49.7,sysbench,mcf-attacker,10,0.4474332896565078,10574.300000000001,3.4964787953472125e-06,706.0,2025.0,168788242.0,377236665.0,17324933.12,0.4474332896565078,0.348641975308642,3.4964787953472125e-06,0.2312331111956972,0.8163729134451739,0.004980453405664801,706.0,2025.0,377236665.0,168788242.0,8353175.0,10232058.0,377251396.0,87233014.0
49.8,sysbench,mcf-attacker,10,0.4473731791846225,10519.8,3.5094938168206657e-06,1157.0,2484.0,169159497.0,378117207.0,17235640.32,0.4473731791846225,0.46578099838969406,3.5094938168206657e-06,0.23010631896684225,0.8158621297515927,0.004971494381649033,1157.0,2484.0,378117207.0,169159497.0,8330809.0,10211050.0,378204390.0,87027220.0
49.9,sysbench,mcf-attacker,10,0.4473501688052889,10550.599999999999,3.4579130693512407e-06,858.0,2165.0,169086573.0,377973643.0,17286103.04,0.4473501688052889,0.3963048498845266,3.4579130693512407e-06,0.230505573952136,0.816007893474504,0.004976481135477284,858.0,2165.0,377973643.0,169086573.0,8337191.0,10217047.0,377748041.0,87073029.0
50.0,sysbench,mcf-attacker,10,0.4474020755195625,10534.099999999999,3.3298389507919207e-06,705.0,1964.0,169161098.0,378096364.0,17259069.439999998,0.4474020755195625,0.3589613034623218,3.3298389507919207e-06,0.22991338179576087,0.8165685046052663,0.004944375024293176,705.0,1964.0,378096364.0,169161098.0,8326478.0,10196913.0,378295536.0,86975206.0
50.1,sysbench,mcf-attacker,10,0.4471784039381504,10487.9,3.21827133201064e-06,704.0,1918.0,168685150.0,377221146.0,17183375.36,0.4471784039381504,0.3670490093847758,3.21827133201064e-06,0.22978683499951438,0.8160122895274804,0.004959136332073891,704.0,1918.0,377221146.0,168685150.0,8295625.0,10166054.0,377168296.0,86668309.0
50.2,sysbench,mcf-attacker,10,0.4474339497625064,10594.2,3.6881987643547796e-06,1131.0,2522.0,168749209.0,377148871.0,17357537.28,0.4474339497625064,0.4484536082474227,3.6881987643547796e-06,0.23035982598969698,0.8190798509735224,0.004888946056738731,1131.0,2522.0,377148871.0,168749209.0,8348953.0,10193088.0,377205021.0,86892883.0
50.3,sysbench,mcf-attacker,10,0.44738851347450176,10534.0,3.570811016913217e-06,779.0,2126.0,168766234.0,377225228.0,17258905.6,0.44738851347450176,0.36641580432737536,3.570811016913217e-06,0.23091254094550723,0.8153828102163101,0.005000509867706116,779.0,2126.0,377225228.0,168766234.0,8332008.0,10218523.0,377264529.0,87115111.0
50.4,sysbench,mcf-attacker,10,0.44724407942975536,10536.199999999999,3.3985636371086596e-06,699.0,1981.0,168708599.0,377218183.0,17262510.08,0.44724407942975536,0.3528520949015649,3.3985636371086596e-06,0.23082832844732232,0.8152577438668946,0.005004430805217958,699.0,1981.0,377218183.0,168708599.0,8328400.0,10215665.0,377118812.0,87049705.0
50.5,sysbench,mcf-attacker,10,0.4473712915148764,10571.900000000001,3.42499366594873e-06,712.0,2004.0,168760519.0,377226975.0,17321000.96,0.4473712915148764,0.35528942115768464,3.42499366594873e-06,0.23028381400973688,0.8176767900178422,0.004927108417900049,712.0,2004.0,377226975.0,168760519.0,8336600.0,10195471.0,377274223.0,86880147.0
50.6,sysbench,mcf-attacker,10,0.44721558476694484,10559.8,3.625441041068813e-06,723.0,2090.0,168626023.0,377057573.0,17301176.32,0.44721558476694484,0.345933014354067,3.625441041068813e-06,0.2315292787284827,0.8158843656063004,0.005005128817726629,723.0,2090.0,377057573.0,168626023.0,8364081.0,10251552.0,377107377.0,87311399.0
50.7,sysbench,mcf-attacker,10,0.44708086408974557,10578.600000000002,3.964359606312097e-06,741.0,2236.0,168598704.0,377110088.0,17331978.240000002,0.44708086408974557,0.3313953488372093,3.964359606312097e-06,0.2315356367451607,0.8165141614240247,0.004988953791762478,741.0,2236.0,377110088.0,168598704.0,8372061.0,10253418.0,377104515.0,87313134.0
50.8,sysbench,mcf-attacker,10,0.44729311103859026,10548.900000000001,3.749280938162789e-06,798.0,2212.0,168691669.0,377138983.0,17283317.76,0.44729311103859026,0.36075949367088606,3.749280938162789e-06,0.23055663149251218,0.8170589889226657,0.004948963458783449,798.0,2212.0,377138983.0,168691669.0,8334237.0,10200288.0,377058957.0,86933443.0
50.9,sysbench,mcf-attacker,10,0.4471700452888897,10544.400000000001,3.617431488970418e-06,695.0,2059.0,168611332.0,377063119.0,17275944.96,0.4471700452888897,0.3375424963574551,3.617431488970418e-06,0.2306264304576788,0.8162916892443031,0.004970008895688105,695.0,2059.0,377063119.0,168611332.0,8329180.0,10203681.0,377162504.0,86983642.0
51.0,sysbench,mcf-attacker,10,0.44722842063785334,10529.9,3.4329523438403922e-06,702.0,1997.0,168706334.0,377226326.0,17252188.16,0.44722842063785334,0.3515272909364046,3.4329523438403922e-06,0.23088534978070474,0.8150018227486266,0.005013336243847077,702.0,1997.0,377226326.0,168706334.0,8332229.0,10223571.0,377262148.0,87104303.0
51.1,sysbench,mcf-attacker,10,0.447409118318443,10556.800000000001,3.7362856605230528e-06,693.0,2102.0,168723568.0,377112493.0,17296261.12,0.447409118318443,0.329686013320647,3.7362856605230528e-06,0.2316979394203014,0.8152072372290685,0.005027856086563242,693.0,2102.0,377112493.0,168723568.0,8364345.0,10260391.0,377108248.0,87375204.0
51.2,sysbench,mcf-attacker,10,0.4473096846792617,10607.8,4.054562305941858e-06,1079.0,2608.0,168683191.0,377106056.0,17379819.52,0.4473096846792617,0.4137269938650307,4.054562305941858e-06,0.23137733583934683,0.8171523465078065,0.004966869719609769,1079.0,2608.0,377106056.0,168683191.0,8370621.0,10243648.0,377104113.0,87253345.0
51.3,sysbench,mcf-attacker,10,0.44751787802893006,10556.900000000001,3.826456103177995e-06,657.0,2100.0,168764068.0,377111343.0,17296424.96,0.44751787802893006,0.31285714285714283,3.826456103177995e-06,0.23193875449439452,0.8148955296375864,0.005037025134346331,657.0,2100.0,377111343.0,168764068.0,8361718.0,10261092.0,377082494.0,87460044.0
51.6,sysbench,mcf-attacker,10,0.44714880275486213,10356.300000000001,3.7522658315772334e-06,653.0,2068.0,168622263.0,377105478.0,16967761.92,0.44714880275486213,0.31576402321083175,3.7522658315772334e-06,0.23154856760150108,0.8158292897931163,0.005008247821351687,653.0,2068.0,377105478.0,168622263.0,8366362.0,10255040.0,377113527.0,87320097.0
51.7,sysbench,mcf-attacker,10,0.4475727023387088,1554.0,3.9084677165206925e-06,820.0,2294.0,168793044.0,377129890.0,2546073.6,0.4475727023387088,0.35745422842197033,3.9084677165206925e-06,0.7756002189734428,0.8113119173703576,0.002368918905342568,820.0,2294.0,377129890.0,168793044.0,3796913.0,4679967.0,372766665.0,289117907.0
51.8,sysbench,mcf-attacker,10,0.44719964010152047,3262.6,3.844094889790953e-06,1175.0,2625.0,168684566.0,377201927.0,5345443.84,0.44719964010152047,0.44761904761904764,3.844094889790953e-06,1.0142694014118754,0.6837117267235993,2.415132979909773e-05,1175.0,2625.0,377201927.0,168684566.0,19695.0,28806.0,377246308.0,382629387.0
51.9,sysbench,mcf-attacker,10,0.44723469298220414,10643.899999999998,3.6589826378542857e-06,755.0,2135.0,168676361.0,377154017.0,17438965.759999998,0.44723469298220414,0.35362997658079626,3.6589826378542857e-06,0.4308035184080994,0.8227539096618572,0.0035644604587206424,755.0,2135.0,377154017.0,168676361.0,6240581.0,7584991.0,377170687.0,162486459.0
52.0,sysbench,mcf-attacker,10,0.4475624488735559,10600.2,3.595204827157439e-06,729.0,2085.0,168806705.0,377169053.0,17367367.68,0.4475624488735559,0.3496402877697842,3.595204827157439e-06,0.23131311672127539,0.8222334718389279,0.004807402721964613,729.0,2085.0,377169053.0,168806705.0,8385849.0,10198866.0,377130252.0,87235174.0
52.1,sysbench,mcf-attacker,10,0.4474366632476659,10585.0,3.6028644060469647e-06,735.0,2094.0,168773053.0,377199874.0,17342464.0,0.4474366632476659,0.3510028653295129,3.6028644060469647e-06,0.2316417891835582,0.8197443677919558,0.004879011056509332,735.0,2094.0,377199874.0,168773053.0,8369831.0,10210294.0,377220502.0,87380032.0
52.2,sysbench,mcf-attacker,10,0.44744857502435326,10639.6,3.878612658269434e-06,1172.0,2635.0,168776138.0,377196727.0,17431920.64,0.44744857502435326,0.4447817836812144,3.878612658269434e-06,0.23106729200500303,0.8213570204824772,0.004830762401179769,1172.0,2635.0,377196727.0,168776138.0,8378272.0,10200524.0,377218304.0,87162812.0
52.3,sysbench,mcf-attacker,10,0.44734430966858413,10593.699999999999,3.4313746655190162e-06,831.0,2128.0,169088376.0,377982624.0,17356718.08,0.44734430966858413,0.39050751879699247,3.4313746655190162e-06,0.23106807676242025,0.8167168774456168,0.004955789238748884,831.0,2128.0,377982624.0,169088376.0,8347321.0,10220581.0,377994283.0,87342412.0
52.4,sysbench,mcf-attacker,10,0.4472814679650567,10585.900000000001,3.472905075923299e-06,691.0,2001.0,168717172.0,377205818.0,17343938.560000002,0.4472814679650567,0.3453273363318341,3.472905075923299e-06,0.23175950109968385,0.8167049334786515,0.004974590482272108,691.0,2001.0,377205818.0,168717172.0,8361234.0,10237766.0,377223413.0,87425110.0
52.5,sysbench,mcf-attacker,10,0.44727890745766097,10632.8,3.530889789183904e-06,692.0,2024.0,168732399.0,377242021.0,17420779.52,0.44727890745766097,0.34189723320158105,3.530889789183904e-06,0.23142618124378686,0.8180224229011029,0.004932788999591337,692.0,2024.0,377242021.0,168732399.0,8362887.0,10223298.0,377151952.0,87282836.0
52.6,sysbench,mcf-attacker,10,0.44749573928106406,10595.0,3.760122761591031e-06,737.0,2155.0,168757511.0,377115347.0,17358848.0,0.44749573928106406,0.3419953596287703,3.760122761591031e-06,0.23169948648409636,0.8178287418041899,0.004944521865856779,737.0,2155.0,377115347.0,168757511.0,8372561.0,10237548.0,377182476.0,87392986.0
52.7,sysbench,mcf-attacker,10,0.4472886680854511,10594.0,3.4169329406870038e-06,742.0,2031.0,168734682.0,377238893.0,17357209.6,0.4472886680854511,0.36533727227966517,3.4169329406870038e-06,0.2312322644001219,0.8183330698796538,0.004922918574205845,742.0,2031.0,377238893.0,168734682.0,8365963.0,10223176.0,377258525.0,87234343.0
52.8,sysbench,mcf-attacker,10,0.4472454105746832,10594.6,3.8106614846125533e-06,835.0,2272.0,168656192.0,377099883.0,17358192.64,0.4472454105746832,0.3675176056338028,3.8106614846125533e-06,0.23163762232803664,0.8173900579419939,0.0049590894122239085,835.0,2272.0,377099883.0,168656192.0,8371400.0,10241622.0,377130123.0,87357525.0
52.9,sysbench,mcf-attacker,10,0.4473581194837198,10612.4,3.563182604478897e-06,716.0,2060.0,168739405.0,377190885.0,17387356.16,0.4473581194837198,0.34757281553398056,3.563182604478897e-06,0.23174040882190777,0.817382613287316,0.004960352296654725,716.0,2060.0,377190885.0,168739405.0,8374420.0,10245410.0,377188935.0,87409918.0
53.0,sysbench,mcf-attacker,10,0.44769636818543723,10594.300000000001,3.6613925698610275e-06,742.0,2123.0,168861621.0,377178894.0,17357701.12,0.44769636818543723,0.3495054168629298,3.6613925698610275e-06,0.23212282495111797,0.8154601054766213,0.0050261406446240105,742.0,2123.0,377178894.0,168861621.0,8377366.0,10273177.0,377190201.0,87554455.0
53.1,sysbench,mcf-attacker,10,0.44716888729933063,10642.7,3.887535486456795e-06,694.0,2160.0,168628580.0,377102667.0,17436999.68,0.44716888729933063,0.3212962962962963,3.887535486456795e-06,0.23250822204357682,0.8151855851051147,0.005035604515053525,694.0,2160.0,377102667.0,168628580.0,8376199.0,10275205.0,377115795.0,87682523.0
53.2,sysbench,mcf-attacker,10,0.44722228018553684,10576.800000000001,3.8759797289487955e-06,1083.0,2548.0,169036137.0,377968953.0,17329029.12,0.44722228018553684,0.4250392464678179,3.8759797289487955e-06,0.230791536942819,0.8184906576785477,0.0049141906321763604,1083.0,2548.0,377968953.0,169036137.0,8372025.0,10228614.0,377801583.0,87193408.0
53.3,sysbench,mcf-attacker,10,0.44645876030735876,11154.0,3.496139755061934e-06,1261.0,2579.0,168309246.0,376987218.0,18274713.6,0.44645876030735876,0.4889492051182629,3.496139755061934e-06,0.23019709749969489,0.826868808583887,0.004680028862389005,1261.0,2579.0,376987218.0,168309246.0,8429395.0,10194356.0,377126093.0,86813332.0
53.4,sysbench,mcf-attacker,10,0.44700240285754783,10597.0,3.5022633489569536e-06,950.0,2271.0,168602448.0,377184657.0,17362124.8,0.44700240285754783,0.4183179216204315,3.5022633489569536e-06,0.23032158474365216,0.8224189318143577,0.004800947955080356,950.0,2271.0,377184657.0,168602448.0,8387400.0,10198452.0,377228001.0,86883751.0
53.7,sysbench,mcf-attacker,10,0.44752405542345763,10606.2,3.62455274788944e-06,710.0,2077.0,168783689.0,377149981.0,17377198.080000002,0.44752405542345763,0.34183919114106887,3.62455274788944e-06,0.23136916439420488,0.8180184854099283,0.004936211733681423,710.0,2077.0,377149981.0,168783689.0,8369314.0,10231204.0,377190060.0,87270149.0
53.8,sysbench,mcf-attacker,10,0.4479115295652153,10601.199999999999,3.897463814507596e-06,1160.0,2630.0,168938053.0,377168351.0,17369006.08,0.4479115295652153,0.44106463878326996,3.897463814507596e-06,0.23188648728638905,0.8168449368640808,0.004979777056133847,1160.0,2630.0,377168351.0,168938053.0,8376695.0,10254939.0,377174315.0,87461627.0
53.9,sysbench,mcf-attacker,10,0.44696313184970804,10600.4,3.6885784401662068e-06,698.0,2089.0,168554289.0,377110050.0,17367695.36,0.44696313184970804,0.33413116323599806,3.6885784401662068e-06,0.23271757503562082,0.814318256433372,0.005071123689544128,698.0,2089.0,377110050.0,168554289.0,8386088.0,10298293.0,377077176.0,87752486.0
54.0,sysbench,mcf-attacker,10,0.4472224325060365,10586.300000000001,3.4821728584925555e-06,673.0,1988.0,168888083.0,377637772.0,17344593.92,0.4472224325060365,0.33853118712273644,3.4821728584925555e-06,0.23100116667461848,0.8171223991778864,0.004958246646454586,673.0,1988.0,377637772.0,168888083.0,8366495.0,10238974.0,377649426.0,87237458.0
54.1,sysbench,mcf-attacker,10,0.44714011388307534,10561.6,3.1998311884269477e-06,684.0,1895.0,169223514.0,378457465.0,17304125.44,0.44714011388307534,0.36094986807387863,3.1998311884269477e-06,0.2305621613059388,0.815096774445646,0.005001026628268473,684.0,1895.0,378457465.0,169223514.0,8343893.0,10236690.0,378481688.0,87263556.0
54.2,sysbench,mcf-attacker,10,0.4474405113334428,10613.0,3.465637896025519e-06,816.0,2126.0,169131077.0,377996790.0,17388339.2,0.4474405113334428,0.38381937911571024,3.465637896025519e-06,0.23032330279302496,0.8188038653106126,0.004893616018013165,816.0,2126.0,377996790.0,169131077.0,8357102.0,10206476.0,377915634.0,87042777.0
54.3,sysbench,mcf-attacker,10,0.44715520293998196,10557.0,3.4012103662961645e-06,1273.0,2560.0,169201162.0,378394707.0,17296588.8,0.44715520293998196,0.497265625,3.4012103662961645e-06,0.2302848598961035,0.8171051910589948,0.004939524548983505,1273.0,2560.0,378394707.0,169201162.0,8350717.0,10219880.0,378409497.0,87141978.0
54.4,sysbench,mcf-attacker,10,0.44741454172504785,10558.199999999999,3.2792985180400774e-06,652.0,1893.0,169317140.0,378434593.0,17298554.88,0.44741454172504785,0.3444268357105124,3.2792985180400774e-06,0.23028087903021197,0.8162351615237897,0.004963200081293957,652.0,1893.0,378434593.0,169317140.0,8344510.0,10223169.0,378517684.0,87165385.0
54.5,sysbench,mcf-attacker,10,0.44712789145620774,10575.3,3.4604920252722617e-06,672.0,1977.0,168618189.0,377114003.0,17326571.52,0.44712789145620774,0.33990895295902884,3.4604920252722617e-06,0.23161704149898735,0.8156240870520786,0.0050101937065147135,672.0,1977.0,377114003.0,168618189.0,8358837.0,10248394.0,377142504.0,87352631.0
54.6,sysbench,mcf-attacker,10,0.4473820017085875,10599.0,3.7734783242481824e-06,683.0,2106.0,168710281.0,377105651.0,17365401.6,0.4473820017085875,0.32431149097815765,3.7734783242481824e-06,0.2326275193112591,0.8148986542433512,0.005053268601402017,683.0,2106.0,377105651.0,168710281.0,8389948.0,10295695.0,377131546.0,87731176.0
54.7,sysbench,mcf-attacker,10,0.4470964162993649,10620.4,3.691239269465351e-06,737.0,2129.0,168604137.0,377109122.0,17400463.36,0.4470964162993649,0.3461719116956318,3.691239269465351e-06,0.23261129343791803,0.8152891860021156,0.005043025184410306,737.0,2129.0,377109122.0,168604137.0,8394065.0,10295813.0,377104601.0,87718789.0
54.8,sysbench,mcf-attacker,10,0.4472330501750707,10604.0,3.7681352813494912e-06,765.0,2186.0,168655878.0,377109603.0,17373593.6,0.4472330501750707,0.34995425434583716,3.7681352813494912e-06,0.2326477011723617,0.8143507489141107,0.00506790879669333,765.0,2186.0,377109603.0,168655878.0,8382631.0,10293637.0,377079793.0,87726747.0
54.9,sysbench,mcf-attacker,10,0.44734719649508137,10638.099999999999,4.123502315121149e-06,730.0,2285.0,168697587.0,377106615.0,17429463.04,0.44734719649508137,0.31947483588621445,4.123502315121149e-06,0.23226219838843223,0.8164996969831662,0.005002914781407782,730.0,2285.0,377106615.0,168697587.0,8394929.0,10281607.0,377115758.0,87589735.0
55.0,sysbench,mcf-attacker,10,0.44770331192234597,10604.2,3.688580807211463e-06,722.0,2113.0,168833310.0,377109808.0,17373921.28,0.44770331192234597,0.34169427354472315,3.688580807211463e-06,0.23254252375417594,0.8153589021730189,0.005041468478857695,722.0,2113.0,377109808.0,168833310.0,8395272.0,10296413.0,377100642.0,87691935.0
55.1,sysbench,mcf-attacker,10,0.4471754281420561,10605.599999999999,3.7999675849241047e-06,704.0,2137.0,168633646.0,377108480.0,17376215.04,0.4471754281420561,0.329433785680861,3.7999675849241047e-06,0.23247753427506168,0.8150137678957387,0.005049093105919835,704.0,2137.0,377108480.0,168633646.0,8389354.0,10293512.0,377128716.0,87673954.0
55.2,sysbench,mcf-attacker,10,0.44722142476041404,10673.5,4.078426908419125e-06,1082.0,2620.0,168649964.0,377106182.0,17487462.4,0.44722142476041404,0.4129770992366412,4.078426908419125e-06,0.23166405413166685,0.8199024389292848,0.0048989754612103085,1082.0,2620.0,377106182.0,168649964.0,8410715.0,10258190.0,377114565.0,87363889.0
55.3,sysbench,mcf-attacker,10,0.44712792124781864,10597.5,3.78409723194083e-06,690.0,2117.0,168613940.0,377104475.0,17362944.0,0.44712792124781864,0.32593292394898443,3.78409723194083e-06,0.23241005144690424,0.8150948775835896,0.005038698340526888,690.0,2117.0,377104475.0,168613940.0,8376241.0,10276400.0,377113070.0,87644868.0
55.4,sysbench,mcf-attacker,10,0.4471073065176829,10607.4,3.7124032591463994e-06,706.0,2106.0,168610516.0,377114204.0,17379164.16,0.4471073065176829,0.3352326685660019,3.7124032591463994e-06,0.23252847526986975,0.81484679482744,0.005052590231740568,706.0,2106.0,377114204.0,168610516.0,8384767.0,10289992.0,377078867.0,87681574.0
55.5,sysbench,mcf-attacker,10,0.4471871251527545,8273.8,3.634858278161589e-06,874.0,2245.0,168670551.0,377181143.0,13555793.92,0.4471871251527545,0.38930957683741646,3.634858278161589e-06,1.0053169368653387,0.8016919659825161,0.0008947652125915805,874.0,2245.0,377181143.0,168670551.0,1349921.0,1683840.0,373191755.0,375175992.0
55.8,sysbench,mcf-attacker,10,0.4473085262439044,10574.2,3.913650830802446e-06,1038.0,2514.0,168698592.0,377141463.0,17324769.28,0.4473085262439044,0.4128878281622912,3.913650830802446e-06,0.23005088340646773,0.8259286858153891,0.004678966539188576,1038.0,2514.0,377141463.0,168698592.0,8372672.0,10137282.0,377136700.0,86760631.0
55.9,sysbench,mcf-attacker,10,0.4476675766043317,10571.0,3.6695133119456736e-06,694.0,2078.0,168843079.0,377161733.0,17319526.4,0.4476675766043317,0.3339749759384023,3.6695133119456736e-06,0.23135088419367453,0.8177971042977903,0.004925205249848394,694.0,2078.0,377161733.0,168843079.0,8338265.0,10196007.0,377190778.0,87263420.0
56.0,sysbench,mcf-attacker,10,0.4474426478802275,10587.4,3.7532998800344566e-06,710.0,2125.0,168686587.0,377001584.0,17346396.16,0.4474426478802275,0.3341176470588235,3.7532998800344566e-06,0.23130660096223973,0.8185041460059528,0.0049081154928533625,710.0,2125.0,377001584.0,168686587.0,8344545.0,10194872.0,376993370.0,87201055.0
56.1,sysbench,mcf-attacker,10,0.4475076207996713,10567.5,3.82334538616894e-06,685.0,2127.0,168780459.0,377156614.0,17313792.0,0.4475076207996713,0.3220498354489892,3.82334538616894e-06,0.23143308716188377,0.8172959131322262,0.004948910839287344,685.0,2127.0,377156614.0,168780459.0,8347527.0,10213592.0,377065795.0,87265501.0
56.2,sysbench,mcf-attacker,10,0.44765949780579173,10613.0,4.035647366374048e-06,1114.0,2636.0,168829854.0,377138997.0,17388339.2,0.44765949780579173,0.4226100151745068,4.035647366374048e-06,0.23072874651168532,0.8202061145356939,0.0048595238347173,1114.0,2636.0,377138997.0,168829854.0,8361533.0,10194429.0,377176049.0,87025357.0
56.3,sysbench,mcf-attacker,10,0.4473055474016285,10563.5,3.6778851444464858e-06,702.0,2089.0,168687376.0,377118900.0,17307238.4,0.4473055474016285,0.3360459550023935,3.6778851444464858e-06,0.23111072938781638,0.8184942708365457,0.004915568550904091,702.0,2089.0,377118900.0,168687376.0,8360504.0,10214493.0,377166747.0,87167282.0
56.4,sysbench,mcf-attacker,10,0.4480181070194387,10579.1,4.02010024666232e-06,721.0,2237.0,168949879.0,377105024.0,17332797.44,0.4480181070194387,0.3223066607063031,4.02010024666232e-06,0.2316205479408646,0.817534912371432,0.0049549059152642775,721.0,2237.0,377105024.0,168949879.0,8371963.0,10240496.0,377107665.0,87345884.0
56.5,sysbench,mcf-attacker,10,0.44737156494815006,10584.2,3.581919843071293e-06,715.0,2066.0,168736044.0,377172036.0,17341153.28,0.44737156494815006,0.34607938044530495,3.581919843071293e-06,0.2312815041907105,0.8163874814089647,0.004979897444126164,715.0,2066.0,377172036.0,168736044.0,8351697.0,10230065.0,377190097.0,87237093.0
56.6,sysbench,mcf-attacker,10,0.4473159134697274,10580.2,3.7626533737328992e-06,675.0,2094.0,168695125.0,377127484.0,17334599.68,0.4473159134697274,0.3223495702005731,3.7626533737328992e-06,0.23163842212402794,0.8158704806000457,0.004996781460043112,675.0,2094.0,377127484.0,168695125.0,8349634.0,10234019.0,377119755.0,87355425.0
56.7,sysbench,mcf-attacker,10,0.4472921139675536,10601.0,3.834457455627193e-06,694.0,2140.0,168676900.0,377106805.0,17368678.4,0.4472921139675536,0.32429906542056075,3.834457455627193e-06,0.23155869757353653,0.8170639876588456,0.004967537856360574,694.0,2140.0,377106805.0,168676900.0,8366906.0,10240209.0,377108953.0,87322858.0
56.8,sysbench,mcf-attacker,10,0.44778990266501795,10563.099999999999,3.8874170092154585e-06,751.0,2217.0,168867913.0,377114160.0,17306583.04,0.44778990266501795,0.33874605322507895,3.8874170092154585e-06,0.23181387991593552,0.8156408177848716,0.0050130977912223465,751.0,2217.0,377114160.0,168867913.0,8364293.0,10254873.0,377128091.0,87423526.0
56.9,sysbench,mcf-attacker,10,0.44722047708361196,10607.9,3.8397822635556746e-06,748.0,2196.0,168648951.0,377104716.0,17379983.36,0.44722047708361196,0.3406193078324226,3.8397822635556746e-06,0.23143548127477515,0.8170575497716633,0.004967796992263407,748.0,2196.0,377104716.0,168648951.0,8369471.0,10243429.0,377221131.0,87302354.0
57.0,sysbench,mcf-attacker,10,0.4473201062223383,10581.7,4.2428135800338855e-06,680.0,2280.0,168688102.0,377108249.0,17337057.28,0.4473201062223383,0.2982456140350877,4.2428135800338855e-06,0.23158706087793005,0.8171343728742865,0.004968453068489447,680.0,2280.0,377108249.0,168688102.0,8369212.0,10242149.0,376965823.0,87300407.0
57.1,sysbench,mcf-attacker,10,0.4471208438422006,10591.599999999999,3.988288063280554e-06,942.0,2446.0,168611128.0,377104155.0,17353277.439999998,0.4471208438422006,0.3851185609157809,3.988288063280554e-06,0.23143640722365497,0.8167218608539968,0.004975353173515475,942.0,2446.0,377104155.0,168611128.0,8361676.0,10238095.0,377142875.0,87284592.0
57.2,sysbench,mcf-attacker,10,0.4474156117521154,10593.099999999999,3.719972014038055e-06,1102.0,2505.0,168744308.0,377153375.0,17355735.04,0.4474156117521154,0.43992015968063874,3.719972014038055e-06,0.2302428477748446,0.8203259994162388,0.004854004991868451,1102.0,2505.0,377153375.0,168744308.0,8358382.0,10189098.0,377155772.0,86837419.0
57.3,sysbench,mcf-attacker,10,0.4475786526920152,10532.5,3.5088422599856095e-06,683.0,2008.0,169013501.0,377617431.0,17256448.0,0.4475786526920152,0.3401394422310757,3.5088422599856095e-06,0.2306368427780629,0.8154378961680567,0.004993194875292081,683.0,2008.0,377617431.0,169013501.0,8330379.0,10215835.0,377605130.0,87089655.0
57.4,sysbench,mcf-attacker,10,0.44743677622330846,10550.0,3.441309217617527e-06,663.0,1961.0,168765112.0,377182031.0,17285120.0,0.44743677622330846,0.338092809790923,3.441309217617527e-06,0.23096065780812033,0.8157350789815409,0.0049929916017835705,663.0,1961.0,377182031.0,168765112.0,8337315.0,10220616.0,377188898.0,87115796.0
57.5,sysbench,mcf-attacker,10,0.44718087144080754,10558.5,3.486829165721765e-06,670.0,1985.0,168646876.0,377133475.0,17299046.4,0.44718087144080754,0.33753148614609574,3.486829165721765e-06,0.23083632830481063,0.8161513108859111,0.0049803308848177155,670.0,1985.0,377133475.0,168646876.0,8338449.0,10216793.0,377152451.0,87060487.0
57.6,sysbench,mcf-attacker,10,0.44742951369828726,10559.499999999998,3.680054570861095e-06,667.0,2055.0,168756238.0,377168320.0,17300684.799999997,0.44742951369828726,0.3245742092457421,3.680054570861095e-06,0.23105359469808393,0.8168820189971607,0.004965050631856638,667.0,2055.0,377168320.0,168756238.0,8353652.0,10226265.0,377158893.0,87143918.0
57.9,sysbench,mcf-attacker,10,0.4474607704981859,10596.599999999999,4.134272778713312e-06,815.0,2374.0,168733748.0,377091712.0,17361469.439999998,0.4474607704981859,0.34330244313395114,4.134272778713312e-06,0.23000525378204834,0.8258699826768113,0.004701236104036058,815.0,2374.0,377091712.0,168733748.0,8408307.0,10181151.0,377101673.0,86735366.0
58.0,sysbench,mcf-attacker,10,0.44747546303718333,10573.199999999999,3.829168672207017e-06,715.0,2159.0,168745392.0,377105352.0,17323130.88,0.44747546303718333,0.3311718388142659,3.829168672207017e-06,0.23103543548525418,0.8192204160392285,0.004900709032163592,715.0,2159.0,377105352.0,168745392.0,8374715.0,10222786.0,377102780.0,87124105.0
58.1,sysbench,mcf-attacker,10,0.4474213567528509,10606.800000000001,3.8371582181255524e-06,762.0,2209.0,168723484.0,377101990.0,17378181.12,0.4474213567528509,0.34495246717971934,3.8371582181255524e-06,0.23137881867646765,0.8164323414656527,0.0049864020919637405,762.0,2209.0,377101990.0,168723484.0,8363786.0,10244310.0,377130437.0,87259995.0
58.2,sysbench,mcf-attacker,10,0.44717174172707963,10568.800000000001,4.147363592826925e-06,1209.0,2773.0,168631611.0,377107038.0,17315921.92,0.44717174172707963,0.43598990263252796,4.147363592826925e-06,0.23106913801537465,0.8187620239395004,0.004915564036807857,1209.0,2773.0,377107038.0,168631611.0,8374325.0,10228033.0,377109928.0,87138466.0
58.3,sysbench,mcf-attacker,10,0.44777953014165817,10572.3,3.890128308576666e-06,740.0,2207.0,168861415.0,377108384.0,17321656.32,0.44777953014165817,0.3352967829632986,3.890128308576666e-06,0.2311828548547605,0.8173418419770724,0.004957137988180672,740.0,2207.0,377108384.0,168861415.0,8364280.0,10233515.0,377079477.0,87174310.0
58.4,sysbench,mcf-attacker,10,0.4473237245038282,10542.6,4.0511761432642444e-06,767.0,2295.0,168719065.0,377174417.0,17272995.84,0.4473237245038282,0.33420479302832246,4.0511761432642444e-06,0.23077881830952135,0.8175069746173259,0.0049434711945208236,767.0,2295.0,377174417.0,168719065.0,8352508.0,10217048.0,377172219.0,87043359.0
58.6,sysbench,mcf-attacker,10,0.4472702444591957,10558.400000000001,3.524031035847001e-06,662.0,1991.0,168676765.0,377124942.0,17298882.560000002,0.4472702444591957,0.3324962330487192,3.524031035847001e-06,0.23063346748288913,0.8174427950906765,0.004941497313827673,662.0,1991.0,377124942.0,168676765.0,8346525.0,10210531.0,377214816.0,86998361.0
58.7,sysbench,mcf-attacker,10,0.4473076009426755,10559.9,3.8016754667765536e-06,820.0,2254.0,168725370.0,377202108.0,17301340.16,0.4473076009426755,0.36379769299023956,3.8016754667765536e-06,0.23061877128491787,0.81696757741091,0.004954031808143894,820.0,2254.0,377202108.0,168725370.0,8340971.0,10209672.0,377208115.0,86991272.0
58.8,sysbench,mcf-attacker,10,0.4472463634450558,10546.5,3.6349714382052957e-06,1366.0,2737.0,168687643.0,377169401.0,17279385.6,0.4472463634450558,0.4990865911582024,3.6349714382052957e-06,0.2307733400783788,0.8163939104133271,0.004974531133521402,1366.0,2737.0,377169401.0,168687643.0,8342691.0,10218953.0,377173637.0,87041620.0
58.9,sysbench,mcf-attacker,10,0.4480571918724502,10546.599999999999,3.839785969905751e-06,693.0,2141.0,168964317.0,377104352.0,17279549.439999998,0.4480571918724502,0.32368052312003737,3.839785969905751e-06,0.23161655861235256,0.8149523748498166,0.005031342988225787,693.0,2141.0,377104352.0,168964317.0,8355952.0,10253301.0,377105875.0,87343965.0
59.0,sysbench,mcf-attacker,10,0.44715920315404206,10605.0,3.7840672186532625e-06,738.0,2165.0,168627074.0,377107466.0,17375232.0,0.44715920315404206,0.34087759815242497,3.7840672186532625e-06,0.23105197991364076,0.8177842668270995,0.004939431815501392,738.0,2165.0,377107466.0,168627074.0,8359677.0,10222350.0,377102685.0,87130322.0
59.1,sysbench,mcf-attacker,10,0.44710127670547883,10558.699999999999,3.8131856799953793e-06,686.0,2124.0,168607482.0,377112504.0,17299374.08,0.44710127670547883,0.3229755178907721,3.8131856799953793e-06,0.23153649108886257,0.8153533590979537,0.0050239252060311525,686.0,2124.0,377112504.0,168607482.0,8366000.0,10260582.0,377111904.0,87315167.0
59.2,sysbench,mcf-attacker,10,0.4479973866186056,10606.099999999999,3.988211102547536e-06,1112.0,2616.0,168944936.0,377111432.0,17377034.24,0.4479973866186056,0.42507645259938837,3.988211102547536e-06,0.23074264552359905,0.8192378311390708,0.004896085574655994,1112.0,2616.0,377111432.0,168944936.0,8367746.0,10214062.0,377100435.0,87013152.0
59.3,sysbench,mcf-attacker,10,0.44727175962401405,10554.7,3.815834292047335e-06,798.0,2237.0,168671911.0,377112812.0,17292820.48,0.44727175962401405,0.356727760393384,3.815834292047335e-06,0.3122248285367533,0.8156251818946746,0.004752635431773822,798.0,2237.0,377112812.0,168671911.0,7931167.0,9724034.0,377236383.0,117782565.0
59.4,sysbench,mcf-attacker,10,0.4471273969916843,7094.099999999999,3.953620231800781e-06,824.0,2319.0,169074271.0,378134447.0,11622973.44,0.4471273969916843,0.3553255713669685,3.953620231800781e-06,1.0912751900499418,0.3936763112862458,0.00010339162518412676,824.0,2319.0,378134447.0,169074271.0,25076.0,63697.0,373540893.0,407635909.0
59.5,sysbench,mcf-attacker,10,0.44722157534472573,1648.7,4.061866005387811e-06,723.0,2255.0,168677020.0,377166553.0,2701230.08,0.44722157534472573,0.3206208425720621,4.061866005387811e-06,0.8201927977923941,0.8223677904556529,0.0012234250296072455,723.0,2255.0,377166553.0,168677020.0,2136338.0,2597789.0,377179630.0,309360016.0
59.6,sysbench,mcf-attacker,10,0.44733422236743786,6394.400000000001,3.4647951916086617e-06,745.0,2052.0,168744701.0,377222874.0,10476584.96,0.44733422236743786,0.36306042884990253,3.4647951916086617e-06,0.23072354011831372,0.8236268541865693,0.004750502164221221,745.0,2052.0,377222874.0,168744701.0,8367922.0,10159846.0,377207280.0,87030599.0
59.7,sysbench,mcf-attacker,10,0.44746821681968374,10603.3,3.645399793116271e-06,1030.0,2405.0,168779512.0,377187710.0,17372446.72,0.44746821681968374,0.4282744282744283,3.645399793116271e-06,0.2312867601003992,0.8216840756064816,0.004819537651303631,1030.0,2405.0,377187710.0,168779512.0,8377503.0,10195528.0,377219794.0,87245944.0
60.0,sysbench,mcf-attacker,10,0.4470581075531032,13118.8,3.895158545706226e-06,1047.0,2117.5,122864242.5,274828351.0,21493841.919999998,0.4470581075531032,0.4944510035419126,3.895158545706226e-06,0.23237487491398925,0.8167393567277504,0.004984324353711167,1047.0,2117.5,274828351.0,122864242.5,5868893.0,7185760.0,264201706.5,61393838.5
