time_step,victim,attacker,run_id,IPC,Total_MB_per_sec,cache_dominance_score,LLC-load-misses,LLC-loads,instructions,cycles,cas_count_total,victim_IPC,victim_miss_rate,victim_cache_dominance,attacker_IPC,attacker_miss_rate,attacker_cache_dominance,victim_LLC-load-misses,victim_LLC-loads,victim_cycles,victim_instructions,attacker_LLC-load-misses,attacker_LLC-loads,attacker_cycles,attacker_instructions
0.1,redis-benchmark,none,5,0.7039557161379228,71.9,0.0014148543398713209,2423.0,532029.0,263503571.0,374318391.0,117800.96,0.7039557161379228,0.004554263019497058,0.0014148543398713209,0.80075446717901,0.03920613560749284,0.014167106117200118,2423.0,532029.0,374318391.0,263503571.0,4749.0,121129.0,8214804.0,6578041.0
0.2,redis-benchmark,none,5,0.7021981135482845,30.4,0.001449694838754849,983.0,553356.0,267556501.0,381027086.0,49807.36,0.7021981135482845,0.0017764332545413802,0.001449694838754849,0.6203039496369556,0.06473820882903557,0.011811083672837482,983.0,553356.0,381027086.0,267556501.0,3216.0,49677.0,3933678.0,2440076.0
0.3,redis-benchmark,none,5,0.699710944362392,27.599999999999998,0.0014547761711129537,599.0,550468.0,264473233.0,377974984.0,45219.84,0.699710944362392,0.0010881649796173438,0.0014547761711129537,0.8693648338729179,0.07119328198942192,0.010881100355655636,599.0,550468.0,377974984.0,264473233.0,3069.0,43108.0,3679683.0,3198987.0
0.4,redis-benchmark,none,5,0.7061308754620053,15.1,0.0014574961647603503,720.0,551279.0,266736008.0,377743018.0,24739.84,0.7061308754620053,0.001306053740483494,0.0014574961647603503,0.6841633751415055,0.06983926883075953,0.010593259374416002,720.0,551279.0,377743018.0,266736008.0,3324.0,47595.0,4179167.0,2859233.0
0.5,redis-benchmark,none,5,0.7007850982507086,14.0,0.0014577399804074757,589.0,545279.0,261850975.0,373653743.0,22937.6,0.7007850982507086,0.0010801809715760189,0.0014577399804074757,0.6207401943908473,0.07268833183993706,0.010615988006693194,589.0,545279.0,373653743.0,261850975.0,3326.0,45757.0,3996896.0,2481034.0
0.6,redis-benchmark,none,5,0.7016468680460074,22.599999999999998,0.0014692691108881691,757.0,549414.0,262010181.0,373421721.0,37027.84,0.7016468680460074,0.0013778316533615816,0.0014692691108881691,0.7672393334684725,0.0008480141248711671,0.0013104059460857561,757.0,549414.0,373421721.0,262010181.0,390.0,459898.0,350660802.0,269040760.0
0.7,redis-benchmark,none,5,0.7055002906681336,14.9,0.001450368207071933,901.0,542753.0,263572203.0,373596165.0,24412.16,0.7055002906681336,0.001660055310610904,0.001450368207071933,0.7679407704048248,0.0006469780641539062,0.001320805307840731,901.0,542753.0,373596165.0,263572203.0,295.0,455966.0,344994828.0,264935594.0
0.8,redis-benchmark,none,5,0.7010692158214904,15.1,0.001464206474859391,644.0,547640.0,261904358.0,373578460.0,24739.84,0.7010692158214904,0.0011759550069388649,0.001464206474859391,0.877240145935462,0.060221972012224546,0.009296146202766281,644.0,547640.0,373578460.0,261904358.0,1872.0,31085.0,3142485.0,2756714.0
0.9,redis-benchmark,none,5,0.7012121177897105,14.2,0.0014669690526320914,751.0,553302.0,264119721.0,376661661.0,23265.28,0.7012121177897105,0.0013573057751463035,0.0014669690526320914,0.7785105807106291,0.0006029460674398394,0.0013202738126179218,751.0,553302.0,376661661.0,264119721.0,281.0,466045.0,352778337.0,274641668.0
1.0,redis-benchmark,none,5,0.7027944428618842,16.9,0.0014443851689965623,660.0,545373.0,265040986.0,377124476.0,27688.96,0.7027944428618842,0.0012101809220478462,0.0014443851689965623,0.7756414931436729,0.0009072145258501881,0.0013502363175341373,660.0,545373.0,377124476.0,265040986.0,418.0,460751.0,340927728.0,264437692.0
1.1,redis-benchmark,none,5,0.7017903491478723,13.8,0.0014648023617682688,581.0,553439.0,264875603.0,377428392.0,22609.920000000002,0.7017903491478723,0.0010497995262350502,0.0014648023617682688,0.7704407544156024,0.0006489320741166953,0.0013178857363131654,581.0,553439.0,377428392.0,264875603.0,300.0,462298.0,350559982.0,270085697.0
1.3,redis-benchmark,none,5,0.704426114059081,16.099999999999998,0.0014621657577163388,540.0,553034.0,266174474.0,377860032.0,26378.239999999998,0.704426114059081,0.000976431828784487,0.0014621657577163388,0.8951030191026018,0.06202582603040907,0.010259908653279444,540.0,553034.0,377860032.0,266174474.0,2003.0,32293.0,2952268.0,2642584.0
1.4,redis-benchmark,none,5,0.6967161010296219,13.5,0.0014896231726741521,658.0,567061.0,264914038.0,380232404.0,22118.4,0.6967161010296219,0.0011603689902849959,0.0014896231726741521,0.7827081531140828,0.0006675035582246128,0.0012938804639812682,658.0,567061.0,380232404.0,264914038.0,310.0,464417.0,358693877.0,280752622.0
1.5,redis-benchmark,none,5,0.7048856047105898,14.100000000000001,0.0014474690266195384,598.0,546483.0,265833998.0,377130695.0,23101.440000000002,0.7048856047105898,0.0010942700870841362,0.0014474690266195384,0.7724172124065346,0.0005821116647737096,0.0013200734415812574,598.0,546483.0,377130695.0,265833998.0,266.0,456957.0,345958782.0,267224518.0
1.6,redis-benchmark,none,5,0.7024490209745871,37.7,0.0014539475369376661,601.0,549382.0,265133828.0,377442092.0,61767.68,0.7024490209745871,0.0010939564820106956,0.0014539475369376661,0.7791917404774211,0.000709230692012753,0.0013299073161900951,601.0,549382.0,377442092.0,265133828.0,325.0,458243.0,344323243.0,268293827.0
1.7,redis-benchmark,none,5,0.7071408903524607,14.8,0.0014547467420089602,698.0,548941.0,266496588.0,376864910.0,24248.32,0.7071408903524607,0.0012715392000233177,0.0014547467420089602,0.7716306638153996,0.0009424577202994921,0.0013209342856538105,698.0,548941.0,376864910.0,266496588.0,432.0,458376.0,346681894.0,267510380.0
1.8,redis-benchmark,none,5,0.7051768621945043,16.299999999999997,0.00144078245687815,729.0,544193.0,265993132.0,377200595.0,26705.92,0.7051768621945043,0.0013395982675264108,0.00144078245687815,0.7726409396945398,0.0006427225290586839,0.0013336244479653506,729.0,544193.0,377200595.0,265993132.0,295.0,458985.0,343942405.0,265743983.0
1.9,redis-benchmark,none,5,0.7033766764731468,14.399999999999999,0.0014558570392270143,744.0,549809.0,265272966.0,377142113.0,23592.96,0.7033766764731468,0.0013531972012098747,0.0014558570392270143,0.952347780007581,0.03498680381674223,0.009038943521181933,744.0,549809.0,377142113.0,265272966.0,1034.0,29554.0,3155236.0,3004882.0
2.0,redis-benchmark,none,5,0.7055534637424823,15.2,0.0014472710151479465,790.0,546471.0,266022822.0,377041338.0,24903.68,0.7055534637424823,0.0014456393843406145,0.0014472710151479465,0.7808767695109219,0.001900367086854135,0.001350261300295325,790.0,546471.0,377041338.0,266022822.0,878.0,462016.0,341517601.0,266683161.0
2.1,redis-benchmark,none,5,0.6981205690042677,13.5,0.0014794270276541873,761.0,558667.0,263267905.0,377109509.0,22118.4,0.6981205690042677,0.0013621710249576223,0.0014794270276541873,0.7815732963498877,0.000621405116889573,0.0012831707978430285,761.0,558667.0,377109509.0,263267905.0,285.0,458638.0,357203422.0,279180656.0
2.2,redis-benchmark,none,5,0.7061859976745536,12.5,0.0014390467685386837,644.0,543321.0,266308856.0,377108661.0,20480.0,0.7061859976745536,0.0011853029792700815,0.0014390467685386837,0.7757114456644735,0.0005632136047862199,0.0013287957009294105,644.0,543321.0,377108661.0,266308856.0,257.0,456310.0,343207763.0,266230190.0
2.3,redis-benchmark,none,5,0.7025060058514412,17.2,0.0014484133520891067,615.0,548321.0,265647064.0,378142054.0,28180.48,0.7025060058514412,0.001121605774719553,0.0014484133520891067,0.7745328136432299,0.0006107009586483732,0.0013412405643080541,615.0,548321.0,378142054.0,265647064.0,281.0,460127.0,342851247.0,265549541.0
2.4,redis-benchmark,none,5,0.7081587706013598,14.0,0.0014384678795165528,692.0,543502.0,267225753.0,377352882.0,22937.6,0.7081587706013598,0.0012732243855588389,0.0014384678795165528,0.8677307603325485,0.04924702254010958,0.00967412507056623,692.0,543502.0,377352882.0,267225753.0,1501.0,30479.0,2995413.0,2599212.0
2.5,redis-benchmark,none,5,0.7008932936865645,12.7,0.0014596250057510327,659.0,550934.0,264235030.0,376997515.0,20807.68,0.7008932936865645,0.001196150537087927,0.0014596250057510327,0.7701760940292097,0.0005320810400353285,0.0013175601082914866,659.0,550934.0,376997515.0,264235030.0,247.0,464215.0,352141809.0,271211203.0
2.7,redis-benchmark,none,5,0.7039947367444247,14.1,0.0014610461260387228,838.0,551506.0,265335479.0,376899805.0,23101.44,0.7039947367444247,0.0015194757627296893,0.0014610461260387228,0.7678276070431839,0.000594302074634797,0.0013102394442956636,838.0,551506.0,376899805.0,265335479.0,274.0,461045.0,351669309.0,270021404.0
2.8,redis-benchmark,none,5,0.7031832530889913,13.4,0.0014442022042393512,615.0,545270.0,265192972.0,377132093.0,21954.56,0.7031832530889913,0.0011278815999413135,0.0014442022042393512,0.7677095962879149,0.0005917134018734691,0.001311505121799904,615.0,545270.0,377132093.0,265192972.0,272.0,459682.0,350292189.0,268922675.0
2.9,redis-benchmark,none,5,0.7063546307550154,12.5,0.0014324498206476893,653.0,541904.0,266896016.0,377849885.0,20480.0,0.7063546307550154,0.0012050104815613098,0.0014324498206476893,0.7726333740966423,0.04229850938891398,0.010415873478174669,653.0,541904.0,377849885.0,266896016.0,1311.0,30994.0,2849785.0,2201839.0
3.0,redis-benchmark,none,5,0.7027874158142975,12.6,0.0014364438095074352,635.0,542358.0,265040724.0,377127874.0,20643.84,0.7027874158142975,0.0011708133741919545,0.0014364438095074352,0.774460224279121,0.0007406284513935509,0.001343917893987681,635.0,542358.0,377127874.0,265040724.0,342.0,461770.0,343345380.0,265907340.0
3.1,redis-benchmark,none,5,0.7019244740787582,16.099999999999998,0.0014520608580012946,682.0,548322.0,264728518.0,377146727.0,26378.239999999998,0.7019244740787582,0.0012437947045714015,0.0014520608580012946,0.7733744808734996,0.0006378939820201882,0.0013144786555585996,682.0,548322.0,377146727.0,264728518.0,290.0,454621.0,345635890.0,267305977.0
3.2,redis-benchmark,none,5,0.702885275853992,12.5,0.001471229730063966,588.0,556103.0,265399282.0,377585491.0,20480.0,0.702885275853992,0.00105735807934861,0.001471229730063966,0.775396476478407,0.0006858725639982853,0.0012836096249191095,588.0,556103.0,377585491.0,265399282.0,312.0,454895.0,354144275.0,274602223.0
3.4,redis-benchmark,none,5,0.7031602903615551,14.399999999999999,0.0014461610124030973,603.0,545542.0,264963211.0,376817654.0,23592.96,0.7031602903615551,0.0011053227799142872,0.0014461610124030973,0.7759435041665335,0.0005826264277608449,0.0013442201958518516,603.0,545542.0,376817654.0,264963211.0,268.0,459986.0,341996052.0,265369615.0
3.5,redis-benchmark,none,5,0.7002429322755198,17.5,0.0014894153342061252,730.0,562531.0,264128595.0,377195660.0,28672.0,0.7002429322755198,0.0012977062597439074,0.0014894153342061252,0.7811097520648255,0.0008035959284472959,0.001288304184191246,730.0,562531.0,377195660.0,264128595.0,369.0,459186.0,356140270.0,278184638.0
3.6,redis-benchmark,none,5,0.7019357457221453,12.8,0.0014444954433850356,625.0,546514.0,265268405.0,377909811.0,20971.52,0.7019357457221453,0.0011436120575136228,0.0014444954433850356,0.7505176331472673,0.04856045493792241,0.010852212467818789,625.0,546514.0,377909811.0,265268405.0,1631.0,33587.0,2944653.0,2210014.0
3.7,redis-benchmark,none,5,0.7063820160144259,12.3,0.00144447605720951,593.0,546749.0,267082846.0,378099725.0,20152.32,0.7063820160144259,0.0010845927473118377,0.00144447605720951,0.7725433684682474,0.0007747633460119441,0.0013351701417397173,593.0,546749.0,378099725.0,267082846.0,353.0,455623.0,340982760.0,263423970.0
3.8,redis-benchmark,none,5,0.7045715382299894,8.0,0.001439296427755058,803.0,544091.0,265953041.0,377467761.0,13107.2,0.7045715382299894,0.0014758560608427633,0.001439296427755058,0.7746775067972118,0.0005786823012411212,0.0013406530503315781,803.0,544091.0,377467761.0,265953041.0,266.0,459665.0,342668075.0,265457250.0
3.9,redis-benchmark,none,5,0.7019021270879927,19.3,0.0014503548500147644,625.0,547870.0,264840311.0,377318006.0,31621.12,0.7019021270879927,0.0011407815722707941,0.0014503548500147644,0.9184798510612404,0.03953147877013177,0.010828614263630926,625.0,547870.0,377318006.0,264840311.0,1377.0,34833.0,3089592.0,2837728.0
4.0,redis-benchmark,none,5,0.7021690453217593,14.0,0.0014866223309696251,732.0,561693.0,264955962.0,377339280.0,22937.6,0.7021690453217593,0.0013032029952304907,0.0014866223309696251,0.7763948822543139,0.0006894294752918076,0.0012912297172242607,732.0,561693.0,377339280.0,264955962.0,316.0,458350.0,354726966.0,275408201.0
4.1,redis-benchmark,none,5,0.7023490917308118,16.0,0.0014425424350006171,736.0,544575.0,264785852.0,377000348.0,26214.4,0.7023490917308118,0.0013515126474773905,0.0014425424350006171,0.7845885360657348,0.005482142306726963,0.0014961240916015648,736.0,544575.0,377000348.0,264785852.0,1245.0,227101.0,150960740.0,118442066.0
4.2,redis-benchmark,none,5,0.701558766708906,12.9,0.001487398955842401,551.0,561485.0,264574722.0,377124105.0,21135.36,0.701558766708906,0.0009813263043536337,0.001487398955842401,0.7761749634764576,0.0006212236143443802,0.0012869698717985875,551.0,561485.0,377124105.0,264574722.0,285.0,458772.0,356253095.0,276514733.0
4.3,redis-benchmark,none,5,0.7034609422492308,12.6,0.001446681935049926,621.0,546087.0,265237311.0,377046251.0,20643.84,0.7034609422492308,0.001137181438122497,0.001446681935049926,0.7771858202799855,0.0005641135953571476,0.001343303978162316,621.0,546087.0,377046251.0,265237311.0,257.0,455582.0,338959020.0,263434144.0
4.4,redis-benchmark,none,5,0.6983596813742209,13.3,0.0014863308061547125,597.0,561683.0,263628957.0,377497390.0,21790.72,0.6983596813742209,0.0010628771032771154,0.0014863308061547125,0.8981767878397935,0.04628740444820036,0.009325459202242797,597.0,561683.0,377497390.0,263628957.0,1205.0,26033.0,2662389.0,2391296.0
4.5,redis-benchmark,none,5,0.7063587365747002,13.4,0.0014508051552219454,738.0,548633.0,266755614.0,377648920.0,21954.56,0.7063587365747002,0.0013451615196315204,0.0014508051552219454,0.7704158666035505,0.0006132167786548372,0.001317696651871026,738.0,548633.0,377648920.0,266755614.0,282.0,459870.0,348781337.0,268706676.0
4.6,redis-benchmark,none,5,0.6980101810865539,11.7,0.0014746330400362993,593.0,557782.0,263742629.0,377849258.0,19169.28,0.6980101810865539,0.0010631393626900833,0.0014746330400362993,0.7129065583384017,0.0684303006638032,0.011231819132755972,593.0,557782.0,377849258.0,263742629.0,2804.0,40976.0,3398559.0,2422855.0
4.7,redis-benchmark,none,5,0.7028336440732472,15.1,0.001460951311676611,726.0,552149.0,265278270.0,377441052.0,24739.84,0.7028336440732472,0.0013148624737163337,0.001460951311676611,0.7662278235541746,0.0006222680582843242,0.0013066665331523076,726.0,552149.0,377441052.0,265278270.0,286.0,459609.0,351522740.0,269346504.0
4.8,redis-benchmark,none,5,0.698131882103681,15.0,0.0014842460742013344,638.0,561365.0,263744269.0,377785739.0,24576.0,0.698131882103681,0.0011365154578571873,0.0014842460742013344,0.7756863983297787,0.000637506952123228,0.0012799211702326577,638.0,561365.0,377785739.0,263744269.0,290.0,454897.0,355183593.0,275511082.0
4.9,redis-benchmark,none,5,0.7046072531509272,13.599999999999998,0.0014474345095107793,777.0,547017.0,265908173.0,377384950.0,22282.239999999998,0.7046072531509272,0.0014204311748995005,0.0014474345095107793,0.7553422983037883,0.04329351399021887,0.011186110836831955,777.0,547017.0,377384950.0,265908173.0,1620.0,37419.0,3200308.0,2417328.0
5.0,redis-benchmark,none,5,0.7036094087536381,12.6,0.001449596019515295,711.0,552453.0,267806242.0,380617767.0,20643.84,0.7036094087536381,0.0012869873093276714,0.001449596019515295,0.7818778040527974,0.0006060882542703154,0.0013482497199733248,711.0,552453.0,380617767.0,267806242.0,279.0,460329.0,341220171.0,266792478.0
5.1,redis-benchmark,none,5,0.7032819016060792,15.4,0.0014553217037570239,630.0,549586.0,265282115.0,377205946.0,25231.36,0.7032819016060792,0.001146317409832128,0.0014553217037570239,0.8801264756209563,0.05153197934060813,0.008121360201477832,630.0,549586.0,377205946.0,265282115.0,1327.0,25751.0,3007378.0,2646873.0
5.2,redis-benchmark,none,5,0.7004356963348052,13.0,0.001467332973320434,667.0,555174.0,264695542.0,377901274.0,21299.2,0.7004356963348052,0.0012014251387853178,0.001467332973320434,0.7754979842993217,0.0007421976472334582,0.0012888563182788303,667.0,555174.0,377901274.0,264695542.0,340.0,458099.0,355166820.0,275431153.0
5.3,redis-benchmark,none,5,0.7010394239598331,13.100000000000001,0.0014601772092010872,611.0,558258.0,267729512.0,381903646.0,21463.04,0.7010394239598331,0.001094476030795797,0.0014601772092010872,0.7760428867341532,0.0006366838549577681,0.0013051215928417867,611.0,558258.0,381903646.0,267729512.0,293.0,460197.0,352384025.0,273465116.0
5.5,redis-benchmark,none,5,0.7044908115144947,15.1,0.0014427349613701898,567.0,545187.0,265939203.0,377491372.0,24739.84,0.7044908115144947,0.001040010124966296,0.0014427349613701898,0.7870220980214934,0.07736670013645375,0.010894722553346474,567.0,545187.0,377491372.0,265939203.0,3005.0,38841.0,3289299.0,2588751.0
5.6,redis-benchmark,none,5,0.7010708662688251,13.4,0.0014675198465531883,572.0,554820.0,264778106.0,377676664.0,21954.56,0.7010708662688251,0.0010309649976568977,0.0014675198465531883,0.7704489687349919,0.0007193387283737961,0.001305737300466618,572.0,554820.0,377676664.0,264778106.0,332.0,461535.0,353212702.0,272132362.0
5.7,redis-benchmark,none,5,0.7064181142103426,14.399999999999999,0.0014595799679740238,617.0,551857.0,266793139.0,377670297.0,23592.96,0.7064181142103426,0.0011180432612071605,0.0014595799679740238,0.7676356630752112,0.000672138961435478,0.001304361343364803,617.0,551857.0,377670297.0,266793139.0,306.0,455263.0,348796752.0,267748826.0
5.8,redis-benchmark,none,5,0.7042248503885946,12.9,0.0014627046312373042,576.0,552646.0,265796255.0,377430951.0,21135.36,0.7042248503885946,0.0010422585163015745,0.0014627046312373042,0.772521738476139,0.0007233496381046475,0.0013133442263629255,576.0,552646.0,377430951.0,265796255.0,328.0,453446.0,345010844.0,266528377.0
5.9,redis-benchmark,none,5,0.7026196399824381,12.7,0.0014729002147242406,625.0,555572.0,264727140.0,376771620.0,20807.68,0.7026196399824381,0.0011249667009856508,0.0014729002147242406,0.9201478752842643,0.07659337212949088,0.00875770417870621,625.0,555572.0,376771620.0,264727140.0,2198.0,28697.0,3025793.0,2784177.0
6.0,redis-benchmark,none,5,0.7046688551154199,13.600000000000001,0.0014762876077495538,491.0,558796.0,266492886.0,378181729.0,22282.24,0.7046688551154199,0.0008786748652459932,0.0014762876077495538,0.7736920597295683,0.0006085245222435133,0.0013335307501161867,491.0,558796.0,378181729.0,266492886.0,282.0,463416.0,347299078.0,268702539.0
6.1,redis-benchmark,none,5,0.7009395853423265,15.4,0.0014694122241111082,755.0,556498.0,265100740.0,378207688.0,25231.36,0.7009395853423265,0.0013566984966702487,0.0014694122241111082,0.7761644710611382,0.0007359272791624673,0.0013270648022148516,755.0,556498.0,378207688.0,265100740.0,341.0,463361.0,348905343.0,270807931.0
6.2,redis-benchmark,none,5,0.7045276515166792,12.5,0.0014792206333519777,553.0,561719.0,267273830.0,379365990.0,20480.0,0.7045276515166792,0.0009844780041266185,0.0014792206333519777,0.7646181829560629,0.0005208857684378242,0.001270690138872334,553.0,561719.0,379365990.0,267273830.0,238.0,456914.0,359392102.0,274797736.0
6.3,redis-benchmark,none,5,0.7014153491051086,13.4,0.0014520807712907972,600.0,554872.0,267736407.0,381708794.0,21954.56,0.7014153491051086,0.0010813304690090687,0.0014520807712907972,0.7771539714393825,0.0004649861149979549,0.0013295716628972266,600.0,554872.0,381708794.0,267736407.0,216.0,464530.0,349220740.0,271398285.0
6.4,redis-benchmark,none,5,0.7041326304444326,12.6,0.0014196954314034563,584.0,538256.0,266671563.0,378723484.0,20643.84,0.7041326304444326,0.0010849855830682798,0.0014196954314034563,0.7912450463234462,0.04713367731315881,0.011026199953627105,584.0,538256.0,378723484.0,266671563.0,1489.0,31591.0,2730043.0,2160133.0
6.5,redis-benchmark,none,5,0.7041522673429411,15.899999999999999,0.001480029438534879,728.0,558751.0,265490098.0,377035068.0,26050.559999999998,0.7041522673429411,0.0013029059455822002,0.001480029438534879,0.7769278670795946,0.0007076027989621825,0.0013048066002773258,728.0,558751.0,377035068.0,265490098.0,324.0,457884.0,350672659.0,272447361.0
6.6,redis-benchmark,none,5,0.70129394266177,12.7,0.0014664237715152045,684.0,553764.0,264501750.0,377162462.0,20807.68,0.70129394266177,0.0012351832188441285,0.0014664237715152045,0.7783681064916592,0.0005402260638297873,0.001308193825847539,684.0,553764.0,377162462.0,264501750.0,247.0,457216.0,349312916.0,271894033.0
6.7,redis-benchmark,none,5,0.7026554996097644,15.4,0.0014943532497658284,779.0,570297.0,267791404.0,381113368.0,25231.36,0.7026554996097644,0.0013659549322545973,0.0014943532497658284,0.7800864891549197,0.0006444014359702269,0.001270333348482672,779.0,570297.0,381113368.0,267791404.0,296.0,459341.0,361357907.0,281890421.0
6.8,redis-benchmark,none,5,0.7056379618992686,12.8,0.001432699379296756,642.0,540422.0,265854278.0,376757335.0,20971.52,0.7056379618992686,0.0011879605197419793,0.001432699379296756,0.8814671883894275,0.0830010873504893,0.008909882445898796,642.0,540422.0,376757335.0,265854278.0,2519.0,30349.0,3123498.0,2753261.0
6.9,redis-benchmark,none,5,0.7051561606962081,9.5,0.001429776755588899,546.0,539784.0,265948510.0,377148389.0,15564.8,0.7051561606962081,0.0010115157173980704,0.001429776755588899,0.7736077152622836,0.0006178433149353325,0.0013407544955689,546.0,539784.0,377148389.0,265948510.0,285.0,461282.0,343834014.0,265992646.0
7.0,redis-benchmark,none,5,0.7050080358195141,8.6,0.0014300343151039765,884.0,540436.0,265999558.0,377300037.0,14090.24,0.7050080358195141,0.0016357163475416146,0.0014300343151039765,0.7707776377308708,0.0005414612438701984,0.001338820475217224,884.0,540436.0,377300037.0,265999558.0,247.0,456173.0,340543044.0,262482963.0
7.1,redis-benchmark,none,5,0.70268228773296,19.7,0.0014508853119195129,667.0,547819.0,264992702.0,377115955.0,32276.48,0.70268228773296,0.0012175554334552105,0.0014508853119195129,0.7548025811865412,0.04276346386382662,0.011453298836640874,667.0,547819.0,377115955.0,264992702.0,1839.0,43004.0,3594161.0,2712882.0
7.2,redis-benchmark,none,5,0.7064911420771824,11.899999999999999,0.0014543272635089055,722.0,549305.0,266493684.0,377207396.0,19496.96,0.7064911420771824,0.0013143881814292606,0.0014543272635089055,0.780428068165917,0.000561777117089476,0.001342907616025825,722.0,549305.0,377207396.0,266493684.0,260.0,462817.0,344444394.0,268814073.0
7.3,redis-benchmark,none,5,0.7026982296578254,11.299999999999999,0.0014462837218367716,569.0,545866.0,264940572.0,377033214.0,18513.92,0.7026982296578254,0.0010423803644117786,0.0014462837218367716,0.7813654709125809,0.0005664350480605005,0.0013399166715479752,569.0,545866.0,377033214.0,264940572.0,262.0,462542.0,345006529.0,269576189.0
7.5,redis-benchmark,none,5,0.707931876216887,14.0,0.0014420291893370615,669.0,544496.0,266979664.0,377126208.0,22937.6,0.707931876216887,0.001228659163703682,0.0014420291893370615,0.7804442769784236,0.0006857241744811101,0.0013371398920757845,669.0,544496.0,377126208.0,266979664.0,317.0,462285.0,345489655.0,269635424.0
7.6,redis-benchmark,none,5,0.7034586391658691,14.399999999999999,0.0014338711801101653,665.0,541431.0,265300342.0,377137087.0,23592.96,0.7034586391658691,0.0012282266807774212,0.0014338711801101653,0.7847368464348597,0.0006793138059644623,0.0013379289547146664,665.0,541431.0,377137087.0,265300342.0,312.0,459287.0,343048858.0,269203079.0
7.7,redis-benchmark,none,5,0.7047690819191474,13.7,0.001440798311948167,630.0,549136.0,268302695.0,380695893.0,22446.079999999998,0.7047690819191474,0.0011472567815623087,0.001440798311948167,0.926337719906193,0.04748349345668762,0.008454279619367922,630.0,549136.0,380695893.0,268302695.0,1201.0,25293.0,2849681.0,2639767.0
7.8,redis-benchmark,none,5,0.7018675859348057,12.7,0.0014465741088515224,596.0,546136.0,264692172.0,377125511.0,20807.68,0.7018675859348057,0.0010913032651207759,0.0014465741088515224,0.775854167445073,0.0007918369974571089,0.001327771658679214,596.0,546136.0,377125511.0,264692172.0,369.0,466005.0,350689817.0,272084156.0
7.9,redis-benchmark,none,5,0.7037641080310415,13.700000000000001,0.0014311368713746065,651.0,540791.0,265614808.0,377420225.0,22446.08,0.7037641080310415,0.0012037922228735314,0.0014311368713746065,0.8903112009992936,0.041400060938452166,0.009168570334689792,651.0,540791.0,377420225.0,265614808.0,1087.0,26256.0,2745139.0,2444028.0
8.1,redis-benchmark,none,5,0.7015876217177662,17.6,0.001448838986529798,687.0,547056.0,264574415.0,377108157.0,28835.84,0.7015876217177662,0.0012558129332280424,0.001448838986529798,0.7698623982522839,0.0007423440376178526,0.001315633677837804,687.0,547056.0,377108157.0,264574415.0,344.0,463397.0,351961954.0,270962274.0
8.2,redis-benchmark,none,5,0.7017783479480327,14.299999999999999,0.0014673294694346765,634.0,553974.0,264645425.0,377106854.0,23429.12,0.7017783479480327,0.00114445804315726,0.0014673294694346765,1.0214725010603705,0.04253663003663004,0.007106860868524944,634.0,553974.0,377106854.0,264645425.0,929.0,21840.0,2942368.0,3005548.0
8.3,redis-benchmark,none,5,0.7068147231050486,11.899999999999999,0.001419549409793936,637.0,536290.0,266709580.0,377340159.0,19496.96,0.7068147231050486,0.0011877901881444742,0.001419549409793936,0.7718607836434747,0.0005595272425206272,0.001358739517532697,637.0,536290.0,377340159.0,266709580.0,260.0,464678.0,341800613.0,263822489.0
8.4,redis-benchmark,none,5,0.7085036292898788,12.7,0.0014148071998034148,643.0,534240.0,267213378.0,377151742.0,20807.68,0.7085036292898788,0.0012035789158430668,0.0014148071998034148,0.7782268709914538,0.0005423678604568088,0.0013639456655773735,643.0,534240.0,377151742.0,267213378.0,249.0,459098.0,336412961.0,261805606.0
8.5,redis-benchmark,none,5,0.7053404758462822,13.599999999999998,0.0014395165708788484,599.0,543758.0,266139366.0,377320422.0,22282.239999999998,0.7053404758462822,0.0011015929880571873,0.0014395165708788484,0.7717269683385947,0.0005719596768427826,0.001315391689557262,599.0,543758.0,377320422.0,266139366.0,264.0,461571.0,350699342.0,270644140.0
8.6,redis-benchmark,none,5,0.7050481224530287,13.799999999999999,0.0014186452490459682,685.0,535705.0,265897938.0,377134453.0,22609.92,0.7050481224530287,0.001278688830606397,0.0014186452490459682,0.8416036865403954,0.04787035709163918,0.010754569298873095,685.0,535705.0,377134453.0,265897938.0,1669.0,34865.0,3086688.0,2597768.0
8.7,redis-benchmark,none,5,0.7081034483471559,24.5,0.0014411235111631267,798.0,544481.0,267141438.0,377263292.0,40140.8,0.7081034483471559,0.0014656158800766235,0.0014411235111631267,0.7720678506815778,0.0007921832135291871,0.0013410438072688881,798.0,544481.0,377263292.0,267141438.0,365.0,460752.0,343304967.0,265054728.0
8.8,redis-benchmark,none,5,0.7069310682561952,14.1,0.0014142581199852932,616.0,534135.0,266684809.0,377243017.0,23101.44,0.7069310682561952,0.0011532664962977525,0.0014142581199852932,0.7715680330552287,0.0005537567509462726,0.001360343065754703,616.0,534135.0,377243017.0,266684809.0,255.0,460491.0,338323480.0,261039582.0
8.9,redis-benchmark,none,5,0.7064695687548256,14.0,0.0014508405673750349,723.0,547756.0,266371217.0,377045564.0,22937.6,0.7064695687548256,0.0013199307720956047,0.0014508405673750349,0.8800457093663206,0.04278679554988145,0.008964911741294553,723.0,547756.0,377045564.0,266371217.0,1173.0,27415.0,2927190.0,2576061.0
9.0,redis-benchmark,none,5,0.705761520356213,12.6,0.0014160853955347645,644.0,534584.0,266109874.0,377053532.0,20643.84,0.705761520356213,0.0012046750370381454,0.0014160853955347645,0.7699788186049458,0.0005877033377646021,0.0013500967045003266,644.0,534584.0,377053532.0,266109874.0,271.0,461117.0,341342956.0,262826846.0
9.1,redis-benchmark,none,5,0.7025433398063748,12.6,0.0014399759058588472,560.0,544102.0,265186251.0,377466038.0,20643.84,0.7025433398063748,0.0010292187861834729,0.0014399759058588472,0.7775510537367195,0.0007275159564880307,0.001328820088096969,560.0,544102.0,377466038.0,265186251.0,335.0,460471.0,346274115.0,269245803.0
9.2,redis-benchmark,none,5,0.705779688536833,12.6,0.001443113781129934,547.0,544442.0,266001232.0,376889894.0,20643.84,0.705779688536833,0.001004698388441744,0.001443113781129934,0.7700078231000682,0.0005980109635343315,0.0013134434042230583,547.0,544442.0,376889894.0,266001232.0,276.0,461530.0,351179197.0,270410729.0
9.3,redis-benchmark,none,5,0.7008048028478812,11.7,0.0014438846793890505,597.0,545309.0,264381769.0,377254505.0,19169.28,0.7008048028478812,0.001094792127032563,0.0014438846793890505,0.7770223432330144,0.0006325316917940425,0.0013186663716200913,597.0,545309.0,377254505.0,264381769.0,291.0,460056.0,348659077.0,270915893.0
9.4,redis-benchmark,none,5,0.7056708664689548,11.899999999999999,0.0014447603216280374,630.0,551316.0,268974072.0,381160800.0,19496.96,0.7056708664689548,0.001142720327362166,0.0014447603216280374,0.7660124665033511,0.04336454153663249,0.011182400001667668,630.0,551316.0,381160800.0,268974072.0,1459.0,33645.0,2878273.0,2204793.0
9.6,redis-benchmark,none,5,0.703353611272041,11.399999999999999,0.0014558092444239867,620.0,549362.0,265116923.0,376932625.0,18677.76,0.703353611272041,0.0011285818822561445,0.0014558092444239867,0.7687591584545118,0.0006276516123744427,0.0013084415143131982,620.0,549362.0,376932625.0,265116923.0,291.0,463633.0,354117471.0,272231049.0
9.7,redis-benchmark,none,5,0.7053216174649098,17.3,0.0014412651588666578,623.0,544073.0,265951779.0,377064551.0,28344.32,0.7053216174649098,0.001145066930356772,0.0014412651588666578,0.7691924554463543,0.0007945915669085177,0.001317281737924868,623.0,544073.0,377064551.0,265951779.0,366.0,460614.0,349392227.0,268749865.0
9.8,redis-benchmark,none,5,0.7034355113798194,14.9,0.0014576247892961393,617.0,550357.0,265299164.0,377147812.0,24412.16,0.7034355113798194,0.001121090492171445,0.0014576247892961393,0.7968561707557114,0.04501021704313249,0.010699922312326724,617.0,550357.0,377147812.0,265299164.0,1630.0,36214.0,3232173.0,2575577.0
9.9,redis-benchmark,none,5,0.702095673739916,14.9,0.0014623513385340233,547.0,552048.0,264783473.0,377133036.0,24412.16,0.702095673739916,0.0009908558676057155,0.0014623513385340233,0.7824122308897169,0.0007043263350568944,0.0013203619530062396,547.0,552048.0,377133036.0,264783473.0,334.0,474212.0,358900072.0,280807806.0
10.0,redis-benchmark,none,5,0.7079753227200258,15.700000000000001,0.0014385413551049682,632.0,545009.0,267914079.0,378422906.0,25722.88,0.7079753227200258,0.0011596138779359608,0.0014385413551049682,0.7788673411371865,0.07240996853708775,0.011833120088843688,632.0,545009.0,378422906.0,267914079.0,3199.0,44179.0,3463161.0,2697343.0
10.1,redis-benchmark,none,5,0.7069318392261252,17.8,0.001456141520505067,716.0,550290.0,266808791.0,377417986.0,29163.52,0.7069318392261252,0.0013011321303312798,0.001456141520505067,0.774037416886371,0.0006089662206652579,0.0013550251333721165,716.0,550290.0,377417986.0,266808791.0,283.0,464722.0,342753052.0,265303687.0
10.2,redis-benchmark,none,5,0.7058625705577166,13.599999999999998,0.0014631735764813764,626.0,551954.0,265971041.0,376802868.0,22282.239999999998,0.7058625705577166,0.0011341524837214696,0.0014631735764813764,0.7702633885899125,0.0006526788208996927,0.001306260054428696,626.0,551954.0,376802868.0,265971041.0,299.0,458112.0,350476154.0,269958950.0
10.3,redis-benchmark,none,5,0.7016946469365258,10.9,0.0014409626372284283,587.0,544832.0,265026860.0,377695428.0,17858.56,0.7016946469365258,0.0010773963350170328,0.0014409626372284283,0.780303906874513,0.0006108656654779163,0.0013366769234125866,587.0,544832.0,377695428.0,265026860.0,284.0,464914.0,347600824.0,271234281.0
10.4,redis-benchmark,none,5,0.7011915281100423,12.1,0.0014590615746998782,799.0,551729.0,264764322.0,377592015.0,19824.64,0.7011915281100423,0.0014481747379601218,0.0014590615746998782,0.7829311785934279,0.0005493960951941846,0.0013207961654086281,799.0,551729.0,377592015.0,264764322.0,255.0,464146.0,351220735.0,274981664.0
10.5,redis-benchmark,none,5,0.7072477441999373,15.0,0.0014366024374599386,646.0,543118.0,267062124.0,377607601.0,24576.0,0.7072477441999373,0.001189428448329829,0.0014366024374599386,0.7816249320273019,0.0006489416121654357,0.0013457226505100514,646.0,543118.0,377607601.0,267062124.0,307.0,473078.0,351313846.0,274595661.0
10.6,redis-benchmark,none,5,0.7018356646421576,18.400000000000002,0.0014565339419514186,613.0,566397.0,272624879.0,388445462.0,30146.56,0.7018356646421576,0.0010822797437133318,0.0014565339419514186,0.7817746936005815,0.0005870462755891967,0.0013207951757202197,613.0,566397.0,388445462.0,272624879.0,273.0,465040.0,351884235.0,275094190.0
10.7,redis-benchmark,none,5,0.7058244830195994,21.200000000000003,0.0014457374864388665,929.0,547181.0,266686061.0,377836229.0,34734.08,0.7058244830195994,0.001697792869269949,0.0014457374864388665,0.7832509374882429,0.0009257830581700355,0.0013376685754103912,929.0,547181.0,377836229.0,266686061.0,426.0,460151.0,343676310.0,269184792.0
10.8,redis-benchmark,none,5,0.7014860395347491,15.700000000000001,0.0014384044277728613,612.0,554364.0,270055688.0,384976568.0,25722.88,0.7014860395347491,0.0011039677901162413,0.0014384044277728613,0.7811392946672531,0.0005761730927165701,0.0013211332056377156,612.0,554364.0,384976568.0,270055688.0,268.0,465138.0,351872164.0,274861174.0
10.9,redis-benchmark,none,5,0.7055329362756055,12.3,0.0014426848496538738,696.0,550069.0,268666262.0,380799036.0,20152.32,0.7055329362756055,0.001265295808344044,0.0014426848496538738,0.7759455043780783,0.0005904529283704136,0.0013280751589379246,696.0,550069.0,380799036.0,268666262.0,278.0,470825.0,354307508.0,274923318.0
11.0,redis-benchmark,none,5,0.7026116216279154,11.899999999999999,0.001442347873918492,725.0,544735.0,265003856.0,377169759.0,19496.96,0.7026116216279154,0.0013309223750998193,0.001442347873918492,0.776515795490782,0.0005697292491227465,0.0013267805324899476,725.0,544735.0,377169759.0,265003856.0,264.0,463378.0,349050946.0,271043573.0
11.1,redis-benchmark,none,5,0.7016675648802615,13.600000000000001,0.0014412765780629287,635.0,549749.0,267329317.0,380991413.0,22282.24,0.7016675648802615,0.0011550725876718283,0.0014412765780629287,0.7780967386485329,0.0006740858776875441,0.00134119462542336,635.0,549749.0,380991413.0,267329317.0,316.0,468783.0,349290842.0,271782065.0
11.2,redis-benchmark,none,5,0.7090555318505952,11.799999999999999,0.0014262810240463308,626.0,538545.0,267418858.0,377147975.0,19333.12,0.7090555318505952,0.00116239125792645,0.0014262810240463308,0.932648916473714,0.03895096213531968,0.009035586466900399,626.0,538545.0,377147975.0,267418858.0,1004.0,25776.0,2741604.0,2556954.0
11.3,redis-benchmark,none,5,0.7061076172672526,11.399999999999999,0.001433904389164771,641.0,541509.0,266343431.0,377199487.0,18677.76,0.7061076172672526,0.0011837291716296498,0.001433904389164771,0.7660265904101298,0.0007305165244551653,0.001318775549929803,641.0,541509.0,377199487.0,266343431.0,341.0,466793.0,353700825.0,270944237.0
11.4,redis-benchmark,none,5,0.704784747011738,13.899999999999999,0.0014443915624417058,633.0,545455.0,265843588.0,377198271.0,22773.76,0.704784747011738,0.0011604990329174725,0.0014443915624417058,0.8866830073054682,0.05941192012984562,0.009027321422490525,633.0,545455.0,377198271.0,265843588.0,1574.0,26493.0,2760398.0,2447598.0
11.6,redis-benchmark,none,5,0.699959562330677,11.299999999999999,0.0014709033251070936,576.0,555543.0,264092447.0,377296720.0,18513.92,0.699959562330677,0.001036823432209568,0.0014709033251070936,0.9823446071130163,0.09105545617173524,0.00904815735281652,576.0,555543.0,377296720.0,264092447.0,2545.0,27950.0,2807754.0,2758182.0
11.7,redis-benchmark,none,5,0.699771952697709,16.8,0.0014895431710545395,649.0,562153.0,263788763.0,376963898.0,27525.12,0.699771952697709,0.0011544899698124889,0.0014895431710545395,0.7790742284313773,0.0006532425685409816,0.0012784643341616818,649.0,562153.0,376963898.0,263788763.0,297.0,454655.0,355393567.0,276877969.0
11.8,redis-benchmark,none,5,0.7063438268488454,12.4,0.001438801289838441,653.0,543340.0,266418730.0,377179951.0,20316.16,0.7063438268488454,0.001201825744469393,0.001438801289838441,0.7809906725262629,0.000912935578123536,0.001335811034505883,653.0,543340.0,377179951.0,266418730.0,419.0,458959.0,343267115.0,268088415.0
11.9,redis-benchmark,none,5,0.7048186125323174,23.1,0.001448788022277196,641.0,552225.0,268339235.0,380720983.0,37847.04,0.7048186125323174,0.0011607587486984472,0.001448788022277196,0.7816915364117569,0.0005867291360629181,0.001344019543088182,641.0,552225.0,380720983.0,268339235.0,272.0,463587.0,344723410.0,269467372.0
12.0,redis-benchmark,none,5,0.7082614205583598,12.3,0.0014493117526749525,670.0,547798.0,267374948.0,377508841.0,20152.32,0.7082614205583598,0.0012230785800605333,0.0014493117526749525,0.7791562239546229,0.0008412940235431555,0.001335132697128929,670.0,547798.0,377508841.0,267374948.0,386.0,458817.0,343359878.0,267530986.0
12.1,redis-benchmark,none,5,0.705072554556715,13.4,0.0014425063616892264,616.0,544767.0,265971746.0,377226066.0,21954.56,0.705072554556715,0.0011307586546174787,0.0014425063616892264,0.9529308765371476,0.08657639407186267,0.008481372067605455,616.0,544767.0,377226066.0,265971746.0,2436.0,28137.0,3030288.0,2887655.0
12.2,redis-benchmark,none,5,0.7052208804746306,12.1,0.0014604695287803574,549.0,550753.0,265678497.0,376730900.0,19824.64,0.7052208804746306,0.0009968170849727555,0.0014604695287803574,0.7738849832980771,0.0007388865432173231,0.0013300071241995081,549.0,550753.0,376730900.0,265678497.0,343.0,464212.0,348771816.0,269909271.0
12.3,redis-benchmark,none,5,0.7024028758571423,12.2,0.0014696314191218257,544.0,555134.0,265063475.0,377366728.0,19988.48,0.7024028758571423,0.0009799435811894065,0.0014696314191218257,0.7767138839571628,0.0006460911485512648,0.001322211604265421,544.0,555134.0,377366728.0,265063475.0,299.0,462783.0,349780624.0,271679467.0
12.4,redis-benchmark,none,5,0.7037668766188578,11.399999999999999,0.0014574803821136711,623.0,550927.0,265722772.0,377572149.0,18677.76,0.7037668766188578,0.0011308213247853164,0.0014574803821136711,0.9140527905025552,0.04621665543620437,0.00899695353125659,623.0,550927.0,377572149.0,265722772.0,1166.0,25229.0,2674572.0,2444700.0
12.5,redis-benchmark,none,5,0.7061091803792999,11.5,0.0014498431771562941,671.0,547363.0,266252410.0,377069747.0,18841.6,0.7061091803792999,0.0012258775255178007,0.0014498431771562941,0.7808499293355401,0.0006431435307074149,0.0013499558549428014,671.0,547363.0,377069747.0,266252410.0,299.0,464904.0,344163106.0,268739737.0
12.6,redis-benchmark,none,5,0.7008546275156459,12.0,0.0014581622640810104,665.0,550577.0,264311030.0,377126753.0,19660.8,0.7008546275156459,0.0012078237921308009,0.0014581622640810104,0.7716447757163769,0.0005498012091314434,0.0013289761552207132,665.0,550577.0,377126753.0,264311030.0,255.0,463804.0,348801593.0,269150927.0
12.7,redis-benchmark,none,5,0.7052598708072693,18.9,0.0014621021938819435,725.0,552134.0,265977742.0,377134377.0,30965.76,0.7052598708072693,0.0013130870404648148,0.0014621021938819435,0.8234485142148463,0.0714562874966421,0.00931683622296316,725.0,552134.0,377134377.0,265977742.0,2394.0,33503.0,3339009.0,2749502.0
12.8,redis-benchmark,none,5,0.7013456596588428,13.0,0.0014646492363187306,556.0,553011.0,264542463.0,377192700.0,21299.2,0.7013456596588428,0.0010054049557784565,0.0014646492363187306,0.7681222586313575,0.0006843631573094262,0.00131767158507473,556.0,553011.0,377192700.0,264542463.0,320.0,467588.0,354616435.0,272388777.0
12.9,redis-benchmark,none,5,0.7071839975398777,11.7,0.001449866324842661,615.0,547897.0,266941211.0,377470661.0,19169.28,0.7071839975398777,0.0011224737496281236,0.001449866324842661,0.7790664603631212,0.0008750191748029047,0.001353990355316961,615.0,547897.0,377470661.0,266941211.0,405.0,462847.0,341540099.0,266082436.0
13.0,redis-benchmark,none,5,0.7031413330307916,11.799999999999999,0.001480055105844687,659.0,558955.0,265234039.0,377212982.0,19333.12,0.7031413330307916,0.0011789857859756151,0.001480055105844687,0.7725186453068705,0.000601901490946668,0.0013221755989458147,659.0,558955.0,377212982.0,265234039.0,279.0,463531.0,350371010.0,270668138.0
13.1,redis-benchmark,none,5,0.702966333839483,13.2,0.0014705343838575333,641.0,560560.0,267660662.0,380758863.0,21626.879999999997,0.702966333839483,0.001143499357785072,0.0014705343838575333,0.7724289167160177,0.006186333231320771,0.0015412596736817793,641.0,560560.0,380758863.0,267660662.0,849.0,137238.0,88491902.0,68353704.0
13.2,redis-benchmark,none,5,0.7053877856814609,12.9,0.0014485821523463182,704.0,548589.0,266792868.0,378221559.0,21135.36,0.7053877856814609,0.001283292227879159,0.0014485821523463182,0.7731037529693912,0.0005609735047898507,0.0013458359503899103,704.0,548589.0,378221559.0,266792868.0,260.0,463480.0,344187566.0,266092699.0
13.3,redis-benchmark,none,5,0.7058650383485291,11.200000000000001,0.0014575122129394662,644.0,552378.0,267201700.0,378545027.0,18350.08,0.7058650383485291,0.0011658683003305708,0.0014575122129394662,0.7809896435607374,0.0006312090581753503,0.0013484641013816808,644.0,552378.0,378545027.0,267201700.0,291.0,461020.0,341669459.0,266840309.0
13.4,redis-benchmark,none,5,0.7069068512548919,6.5,0.0014463314129146043,683.0,550866.0,268906648.0,380398984.0,10649.6,0.7069068512548919,0.0012398659565121101,0.0014463314129146043,0.8616476063579277,0.07006313829322937,0.010204984129447259,683.0,550866.0,380398984.0,268906648.0,2408.0,34369.0,3131901.0,2698595.0
13.6,redis-benchmark,none,5,0.7026906497475089,11.0,0.0014548243120067162,543.0,548990.0,264903862.0,376985039.0,18022.4,0.7026906497475089,0.000989089054445436,0.0014548243120067162,0.7790062080614789,0.0006700413696510165,0.0013295865297276246,543.0,548990.0,376985039.0,264903862.0,310.0,462658.0,347738180.0,270890201.0
13.7,redis-benchmark,none,5,0.7062737322530616,11.799999999999999,0.001447283856152656,581.0,546830.0,266569214.0,377430452.0,19333.12,0.7062737322530616,0.0010624874275368945,0.001447283856152656,0.7640305652303077,0.0006422095456475218,0.0013333835143869602,581.0,546830.0,377430452.0,266569214.0,298.0,464023.0,347780661.0,265715055.0
13.8,redis-benchmark,none,5,0.7062093939075601,16.4,0.001461595001739048,645.0,551367.0,266096319.0,376795213.0,26869.76,0.7062093939075601,0.0011698197389397624,0.001461595001739048,0.778888563608386,0.000762633976973234,0.0013204236978189227,645.0,551367.0,376795213.0,266096319.0,351.0,460247.0,348294264.0,271282419.0
13.9,redis-benchmark,none,5,0.7024808048016108,16.099999999999998,0.0014610780900656773,629.0,551582.0,264896113.0,377086621.0,26378.239999999998,0.7024808048016108,0.0011403562842877395,0.0014610780900656773,0.7743251298093212,0.0007756051761440176,0.0013212413996490748,629.0,551582.0,377086621.0,264896113.0,361.0,465443.0,352003805.0,272565392.0
14.0,redis-benchmark,none,5,0.7068629507238332,13.5,0.0014549014133154515,626.0,549281.0,266563692.0,377108026.0,22118.4,0.7068629507238332,0.0011396716798869795,0.0014549014133154515,0.7710870995111632,0.0006285134889506453,0.0013122647852229735,626.0,549281.0,377108026.0,266563692.0,287.0,456633.0,347754512.0,268149018.0
14.1,redis-benchmark,none,5,0.7056688469379367,12.9,0.0014379177506232972,724.0,543191.0,266219721.0,377258713.0,21135.36,0.7056688469379367,0.0013328644988595173,0.0014379177506232972,0.7916439827220525,0.050299482711679826,0.009707626710340436,724.0,543191.0,377258713.0,266219721.0,1478.0,29384.0,2874647.0,2275697.0
14.2,redis-benchmark,none,5,0.7056883342135847,14.2,0.0014628461133897627,515.0,554587.0,267288639.0,378763012.0,23265.28,0.7056883342135847,0.0009286189542849003,0.0014628461133897627,0.7810816521201462,0.07173913043478261,0.01313474666061813,515.0,554587.0,378763012.0,267288639.0,3267.0,45540.0,3218410.0,2513841.0
14.3,redis-benchmark,none,5,0.7025720385710371,12.0,0.0014859873699990941,643.0,561384.0,265117292.0,377352467.0,19660.8,0.7025720385710371,0.0011453835520784347,0.0014859873699990941,0.7692020300628362,0.0006677934321319577,0.001299048933061876,643.0,561384.0,377352467.0,265117292.0,307.0,459723.0,353655654.0,272032647.0
14.4,redis-benchmark,none,5,0.7047599663350063,12.7,0.0014488887775782838,529.0,554401.0,269411164.0,382273649.0,20807.68,0.7047599663350063,0.0009541829830754273,0.0014488887775782838,0.6285411291540952,0.08322197872681597,0.01006326208220697,529.0,554401.0,382273649.0,269411164.0,3114.0,37418.0,3408835.0,2142593.0
14.5,redis-benchmark,none,5,0.7052459852539101,12.4,0.0014827695132425033,536.0,560318.0,266247724.0,377524622.0,20316.16,0.7052459852539101,0.0009565996452014749,0.0014827695132425033,0.7710976797540716,0.0006409311447671176,0.0013107374642195816,536.0,560318.0,377524622.0,266247724.0,300.0,468069.0,356874670.0,275185230.0
14.6,redis-benchmark,none,5,0.7052143796432736,11.600000000000001,0.001459294856120441,658.0,552188.0,266530705.0,377942811.0,19005.440000000002,0.7052143796432736,0.001191623142842655,0.001459294856120441,0.7664186257507937,0.000556046466518675,0.001339192169603046,658.0,552188.0,377942811.0,266530705.0,258.0,463990.0,346277413.0,265393459.0
14.7,redis-benchmark,none,5,0.702317758785461,12.8,0.0014754124308553793,656.0,558915.0,265739397.0,378374879.0,20971.52,0.702317758785461,0.001173702620255316,0.0014754124308553793,0.7370462620131775,0.07148642567871606,0.011470539295454217,656.0,558915.0,378374879.0,265739397.0,2383.0,33335.0,2698391.0,1988839.0
14.8,redis-benchmark,none,5,0.701045025379351,15.5,0.0014887702992219718,773.0,563852.0,265147506.0,378217513.0,25395.2,0.701045025379351,0.0013709271227201464,0.0014887702992219718,0.7737224447831781,0.0006643212495220518,0.0013123862496169497,773.0,563852.0,378217513.0,265147506.0,311.0,468147.0,356477371.0,275814543.0
14.9,redis-benchmark,none,5,0.70304188283637,16.099999999999998,0.0014613589733088392,653.0,553971.0,266194505.0,378632499.0,26378.239999999998,0.70304188283637,0.0011787620651622559,0.0014613589733088392,0.775333324032189,0.0007889313586009909,0.0013311777504455087,653.0,553971.0,378632499.0,266194505.0,361.0,457581.0,343470284.0,266303957.0
15.0,redis-benchmark,none,5,0.7062126914529866,12.0,0.0014592181496472269,584.0,553346.0,267518287.0,378806966.0,19660.8,0.7062126914529866,0.0010553975270445617,0.0014592181496472269,0.7743978790058617,0.0006629839073741693,0.0013218481632512901,584.0,553346.0,378806966.0,267518287.0,304.0,458533.0,346657818.0,268451079.0
15.1,redis-benchmark,none,5,0.7013099742106627,12.6,0.001459053233009876,694.0,552787.0,265369569.0,378391266.0,20643.84,0.7013099742106627,0.0012554564416312251,0.001459053233009876,0.7773514328462233,0.0005764175863705412,0.001333979378828708,694.0,552787.0,378391266.0,265369569.0,266.0,461471.0,345736229.0,268758553.0
15.2,redis-benchmark,none,5,0.7000189059445349,12.6,0.0014979505855897404,585.0,568518.0,265405175.0,379140010.0,20643.84,0.7000189059445349,0.0010289911665066014,0.0014979505855897404,0.7761463715391014,0.0005930110946984808,0.0012762943738798206,585.0,568518.0,379140010.0,265405175.0,275.0,463735.0,363129392.0,281841560.0
15.3,redis-benchmark,none,5,0.7000871832653035,11.799999999999999,0.0014584456876765922,663.0,553065.0,265165555.0,378760762.0,19333.12,0.7000871832653035,0.00119877410430962,0.0014584456876765922,0.7763188792074281,0.0005582401855340354,0.0013170487698388603,663.0,553065.0,378760762.0,265165555.0,259.0,463958.0,352074282.0,273321912.0
15.4,redis-benchmark,none,5,0.7032074221068971,13.700000000000001,0.0014700687747386612,666.0,555569.0,265437859.0,377467374.0,22446.08,0.7032074221068971,0.0011987709897420483,0.0014700687747386612,0.8479405179126019,0.05166198114767653,0.010051923074900552,666.0,555569.0,377467374.0,265437859.0,1562.0,30235.0,2852489.0,2418741.0
15.5,redis-benchmark,none,5,0.7050805003298345,15.4,0.0014518264390742225,604.0,548818.0,266240503.0,377602987.0,25231.36,0.7050805003298345,0.0011005469937210514,0.0014518264390742225,0.7749437212005428,0.0005877421195018022,0.0013489255409789562,604.0,548818.0,377602987.0,266240503.0,272.0,462788.0,342877339.0,265710641.0
15.7,redis-benchmark,none,5,0.7023887637955991,11.400000000000002,0.0014832942522889625,613.0,561054.0,265387303.0,377835348.0,18677.760000000002,0.7023887637955991,0.0010925864533538662,0.0014832942522889625,0.7754565239712295,0.0005747946081672696,0.00129541807405104,613.0,561054.0,377835348.0,265387303.0,266.0,462774.0,357033771.0,276864167.0
15.8,redis-benchmark,none,5,0.7034906239523211,13.799999999999999,0.0014895840456361016,605.0,563449.0,265816137.0,377853134.0,22609.92,0.7034906239523211,0.0010737440300719319,0.0014895840456361016,0.771481575325745,0.0007248215906500166,0.0012939544508537854,605.0,563449.0,377853134.0,265816137.0,337.0,464942.0,359058234.0,277006812.0
15.9,redis-benchmark,none,5,0.6995459465549358,13.799999999999999,0.0014774046302662288,692.0,557962.0,263865404.0,377195244.0,22609.92,0.6995459465549358,0.0012402278291353175,0.0014774046302662288,0.9308619920510561,0.04690275968257728,0.008140131241534395,692.0,557962.0,377195244.0,263865404.0,1188.0,25329.0,2965677.0,2760636.0
16.0,redis-benchmark,none,5,0.7008480869947228,11.899999999999999,0.001486082510023329,529.0,562390.0,264978024.0,378081968.0,19496.96,0.7008480869947228,0.0009406283895517346,0.001486082510023329,0.7783302997265155,0.0005927771394207536,0.001304901669097695,529.0,562390.0,378081968.0,264978024.0,276.0,465605.0,356600816.0,277553220.0
16.1,redis-benchmark,none,5,0.7007415251299381,12.9,0.0014800439120132472,612.0,560955.0,265299972.0,378598902.0,21135.36,0.7007415251299381,0.001090996604005669,0.0014800439120132472,0.7755675968036909,0.0005925230060523531,0.001309955436515858,612.0,560955.0,378598902.0,265299972.0,275.0,464117.0,354089908.0,274620659.0
16.2,redis-benchmark,none,5,0.7034142625848617,12.5,0.0014709234782480038,601.0,555940.0,265570153.0,377544453.0,20480.0,0.7034142625848617,0.0010810519120768428,0.0014709234782480038,0.7686886336366568,0.0006386298646148579,0.0012888355162574735,601.0,555940.0,377544453.0,265570153.0,291.0,455663.0,353320493.0,271593447.0
16.3,redis-benchmark,none,5,0.7035509722461383,12.9,0.0014488055696024987,558.0,549376.0,266510183.0,378807213.0,21135.36,0.7035509722461383,0.0010156978098788444,0.0014488055696024987,0.7762935614411983,0.0005945303210463733,0.0013464122165098532,558.0,549376.0,378807213.0,266510183.0,275.0,462550.0,343338388.0,266531380.0
16.4,redis-benchmark,none,5,0.6998799130228099,12.3,0.0014550753324440518,574.0,549478.0,264018553.0,377234077.0,20152.32,0.6998799130228099,0.0010446278103945926,0.0014550753324440518,0.8322291670100194,0.04070175438596491,0.010575039865354158,574.0,549478.0,377234077.0,264018553.0,1334.0,32775.0,2973133.0,2474328.0
16.5,redis-benchmark,none,5,0.6998342416681105,11.400000000000002,0.0014898747580004248,636.0,562673.0,264003894.0,377237749.0,18677.760000000002,0.6998342416681105,0.0011303190307692034,0.0014898747580004248,0.8551826655518935,0.08128423260692227,0.009990504996678175,636.0,562673.0,377237749.0,264003894.0,2790.0,34324.0,3156397.0,2699296.0
16.6,redis-benchmark,none,5,0.7010156079037952,11.7,0.0014582028733775895,593.0,552165.0,265162405.0,378254638.0,19169.28,0.7010156079037952,0.0010739543433575108,0.0014582028733775895,0.7738316660850438,0.0006925178060692861,0.0013286187901218873,593.0,552165.0,378254638.0,265162405.0,323.0,466414.0,350808677.0,271466863.0
16.7,redis-benchmark,none,5,0.7030069530348946,12.6,0.0014817006731686227,709.0,559923.0,265324392.0,377413610.0,20643.84,0.7030069530348946,0.0012662455373328118,0.0014817006731686227,0.7796863132742494,0.0005725953695400871,0.0012905474148400882,709.0,559923.0,377413610.0,265324392.0,265.0,462805.0,358406049.0,279444291.0
16.8,redis-benchmark,none,5,0.7024577907518452,11.7,0.001452840781761963,625.0,553699.0,267414809.0,380684523.0,19169.28,0.7024577907518452,0.0011287721307063946,0.001452840781761963,0.7753932937501216,0.0007063086890996604,0.0013370268513515295,625.0,553699.0,380684523.0,267414809.0,329.0,465802.0,348140353.0,269945695.0
16.9,redis-benchmark,none,5,0.6992284262987236,8.5,0.0014790038431417229,781.0,558667.0,263751681.0,377203888.0,13926.4,0.6992284262987236,0.0013979705262705691,0.0014790038431417229,0.7740716617412703,0.0006031781849109986,0.0012944927975300276,781.0,558667.0,377203888.0,263751681.0,278.0,460892.0,355825850.0,275434707.0
17.0,redis-benchmark,none,5,0.704521804816462,15.3,0.001467585463451986,785.0,555192.0,266145877.0,377768119.0,25067.52,0.704521804816462,0.0014139252726984538,0.001467585463451986,0.7791587751335305,0.0007159543173559439,0.0013156454319599032,785.0,555192.0,377768119.0,266145877.0,331.0,462320.0,351150081.0,273601667.0
17.1,redis-benchmark,none,5,0.7004648592201319,14.2,0.001479812624566356,566.0,558447.0,264071295.0,376994351.0,23265.28,0.7004648592201319,0.001013525007744692,0.001479812624566356,0.8147748493081097,0.041911717184773475,0.006053605926976145,566.0,558447.0,376994351.0,264071295.0,1297.0,30946.0,4897742.0,3990557.0
17.2,redis-benchmark,none,5,0.7106704181717007,13.3,0.0014363799559392828,719.0,543341.0,268470332.0,377770518.0,21790.72,0.7106704181717007,0.0013232942111859772,0.0014363799559392828,0.7810063022626452,0.0005792831962650231,0.0013717687468842634,719.0,543341.0,377770518.0,268470332.0,269.0,464367.0,338320873.0,264230734.0
17.3,redis-benchmark,none,5,0.6993906112645241,11.5,0.001496799793121099,597.0,567115.0,264709664.0,378486156.0,18841.6,0.6993906112645241,0.0010526965430291916,0.001496799793121099,0.7834523606512891,0.0005250446287934474,0.0012976087233788768,597.0,567115.0,378486156.0,264709664.0,245.0,466627.0,359416511.0,281585714.0
17.4,redis-benchmark,none,5,0.7050414446180149,12.1,0.0014630349829562437,632.0,558380.0,268780624.0,381226701.0,19824.64,0.7050414446180149,0.0011318456964791003,0.0014630349829562437,0.7761704700817307,0.0005838963509662954,0.0013352533790081166,632.0,558380.0,381226701.0,268780624.0,275.0,470974.0,352516614.0,273612986.0
17.5,redis-benchmark,none,5,0.7000140492124659,13.200000000000001,0.001481644271674617,600.0,560366.0,264465683.0,377800536.0,21626.88,0.7000140492124659,0.0010707287736943356,0.001481644271674617,0.7769056253030697,0.0005718794409340984,0.0013159027616002812,600.0,560366.0,377800536.0,264465683.0,266.0,465133.0,353268504.0,274456288.0
17.7,redis-benchmark,none,5,0.7015073367076599,13.399999999999999,0.0014654780049080253,603.0,554386.0,265089504.0,377885576.0,21954.559999999998,0.7015073367076599,0.0010876898045765946,0.0014654780049080253,0.7772873813320683,0.0005845443034971279,0.0013195422357392744,603.0,554386.0,377885576.0,265089504.0,271.0,463609.0,351135407.0,272933121.0
17.8,redis-benchmark,none,5,0.7060616019270453,12.9,0.0014578841694000224,546.0,551731.0,266942033.0,378071874.0,21135.36,0.7060616019270453,0.000989612691692147,0.0014578841694000224,0.7732674120527573,0.0007958717362840492,0.001321112492129022,546.0,551731.0,378071874.0,266942033.0,372.0,467412.0,353520236.0,273365678.0
17.9,redis-benchmark,none,5,0.701091076239359,13.599999999999998,0.001484124206349443,579.0,565424.0,266829277.0,380591461.0,22282.239999999998,0.701091076239359,0.001024010300234868,0.001484124206349443,0.7825500942679955,0.0006715988089747704,0.001318163533946638,579.0,565424.0,380591461.0,266829277.0,316.0,470519.0,356710672.0,279143970.0
18.0,redis-benchmark,none,5,0.7043072072537138,13.5,0.0014678859149385723,580.0,554184.0,265625062.0,377143751.0,22118.4,0.7043072072537138,0.0010465838061005008,0.0014678859149385723,0.7981076339426292,0.05517992018206405,0.009337958740343724,580.0,554184.0,377143751.0,265625062.0,1673.0,30319.0,3067694.0,2448350.0
18.1,redis-benchmark,none,5,0.7040926468045713,12.5,0.0014324272035798188,624.0,540847.0,265540225.0,377138188.0,20480.0,0.7040926468045713,0.0011537458837711958,0.0014324272035798188,0.7737760513454213,0.0008619777095588791,0.001362570270962252,624.0,540847.0,377138188.0,265540225.0,399.0,462889.0,339424696.0,262638701.0
18.2,redis-benchmark,none,5,0.7054418215908056,12.1,0.0014578185325763995,561.0,550330.0,266034514.0,377117582.0,19824.64,0.7054418215908056,0.0010193883669798122,0.0014578185325763995,0.7725311560759142,0.000628007378539653,0.0013046649236835696,561.0,550330.0,377117582.0,266034514.0,287.0,457001.0,350062297.0,270434031.0
18.3,redis-benchmark,none,5,0.7012711701370412,11.399999999999999,0.0014707696950190287,619.0,555838.0,264731507.0,377502339.0,18677.76,0.7012711701370412,0.0011136338285615594,0.0014707696950190287,0.7748512207801627,0.0006293553014503385,0.0013034213605648923,619.0,555838.0,377502339.0,264731507.0,290.0,460789.0,353300179.0,273755075.0
18.4,redis-benchmark,none,5,0.7006117742124195,11.899999999999999,0.0014939134947604075,552.0,563408.0,263966784.0,376766126.0,19496.96,0.7006117742124195,0.0009797517962116264,0.0014939134947604075,0.7757954109582526,0.000616644200623568,0.0012953868618929489,552.0,563408.0,376766126.0,263966784.0,285.0,462179.0,356568384.0,276624116.0
18.5,redis-benchmark,none,5,0.7042612423034714,11.5,0.0014769197920300044,561.0,557579.0,265611031.0,377148443.0,18841.6,0.7042612423034714,0.0010061354534514392,0.0014769197920300044,0.8584440537465372,0.035557720409157334,0.009696708506168184,561.0,557579.0,377148443.0,265611031.0,1095.0,30795.0,3062895.0,2629324.0
18.7,redis-benchmark,none,5,0.7071519044941806,11.5,0.0014528652258413654,660.0,549108.0,266945647.0,377494065.0,18841.6,0.7071519044941806,0.001201949343298586,0.0014528652258413654,0.7674377897066984,0.0007415478676715397,0.0013168596044829586,660.0,549108.0,377494065.0,266945647.0,343.0,462546.0,350988821.0,269362085.0
18.8,redis-benchmark,none,5,0.7012193468665211,13.0,0.0014601117935503214,607.0,550911.0,264283744.0,376891689.0,21299.2,0.7012193468665211,0.001101811363359962,0.0014601117935503214,0.7707920344031728,0.0006307758110437611,0.001313257898987375,607.0,550911.0,376891689.0,264283744.0,292.0,462922.0,352276579.0,271531981.0
18.9,redis-benchmark,none,5,0.7006503760838916,12.3,0.0014623459342954159,643.0,552794.0,264550813.0,377578921.0,20152.32,0.7006503760838916,0.0011631819448112677,0.0014623459342954159,0.773573653198093,0.0005226930522693053,0.0013216155061694923,643.0,552794.0,377578921.0,264550813.0,243.0,464900.0,351582588.0,271975027.0
19.0,redis-benchmark,none,5,0.7015249986924241,12.0,0.0014831085534566001,747.0,560269.0,264659434.0,377263012.0,19660.8,0.7015249986924241,0.001333288116958104,0.0014831085534566001,0.7816638409020883,0.000997780300346331,0.001299989491118879,747.0,560269.0,377263012.0,264659434.0,414.0,414921.0,318854116.0,249236733.0
19.1,redis-benchmark,none,5,0.7024957035117613,16.5,0.0014760398684812454,605.0,558451.0,265497177.0,377934236.0,27033.6,0.7024957035117613,0.001083353776786146,0.0014760398684812454,0.7713716943139829,0.0005792327759298523,0.0013132329781369925,605.0,558451.0,377934236.0,265497177.0,268.0,462681.0,352118023.0,271613876.0
19.2,redis-benchmark,none,5,0.7043304062733314,12.3,0.0014693893618429198,614.0,554997.0,265735423.0,377288018.0,20152.32,0.7043304062733314,0.001106312286372719,0.0014693893618429198,0.7695547099814761,0.0006145307200215412,0.0013067937519101733,614.0,554997.0,377288018.0,265735423.0,283.0,460514.0,352183349.0,271024355.0
19.3,redis-benchmark,none,5,0.7046269866505718,11.799999999999999,0.0014698705187051588,596.0,555581.0,266048882.0,377574074.0,19333.12,0.7046269866505718,0.0010727508680102452,0.0014698705187051588,0.7710897008958454,0.0005711525041601804,0.0013284677239801866,596.0,555581.0,377574074.0,266048882.0,266.0,465725.0,350372833.0,270168883.0
19.4,redis-benchmark,none,5,0.7067185850141657,11.099999999999998,0.0014767750753342352,599.0,557791.0,266647202.0,377303226.0,18186.239999999998,0.7067185850141657,0.0010738789259776512,0.0014767750753342352,0.7707053318714554,0.0006770495210303151,0.0013336602640279891,599.0,557791.0,377303226.0,266647202.0,316.0,466731.0,349725498.0,269535306.0
19.5,redis-benchmark,none,5,0.703923476116187,14.8,0.0014711173022754031,668.0,555473.0,265471872.0,377131721.0,24248.32,0.703923476116187,0.001202578703195295,0.0014711173022754031,0.7706553030550541,0.0005991611743559018,0.0013221353494140139,668.0,555473.0,377131721.0,265471872.0,275.0,458975.0,346938761.0,267370196.0
19.6,redis-benchmark,none,5,0.7004415655144764,11.799999999999999,0.0014949906364213168,595.0,564866.0,264375477.0,377441160.0,19333.12,0.7004415655144764,0.0010533471655224426,0.0014949906364213168,0.7722339502497252,0.000650029918595591,0.0013013149115463525,595.0,564866.0,377441160.0,264375477.0,302.0,464594.0,356786813.0,275522890.0
19.8,redis-benchmark,none,5,0.706253278422137,13.4,0.0014703414968544103,581.0,555120.0,266363282.0,377149799.0,21954.56,0.706253278422137,0.001046620550511601,0.0014703414968544103,0.7743355042031766,0.000639509417433202,0.001338259826294515,581.0,555120.0,377149799.0,266363282.0,292.0,456600.0,340971156.0,264026072.0
19.9,redis-benchmark,none,5,0.705501034421449,14.2,0.0014642694640900642,676.0,553703.0,266454454.0,377681167.0,23265.28,0.705501034421449,0.0012208711168261686,0.0014642694640900642,0.7682201950999165,0.0007444319528425147,0.0013292784035034092,676.0,553703.0,377681167.0,266454454.0,343.0,460754.0,346361604.0,266081979.0
20.0,redis-benchmark,none,5,0.7021895850485915,15.700000000000001,0.0014914595192683764,565.0,563566.0,265064813.0,377483259.0,25722.88,0.7021895850485915,0.0010025445112018822,0.0014914595192683764,0.776195981308843,0.0006631955921705023,0.0012946382249893462,565.0,563566.0,377483259.0,265064813.0,315.0,474973.0,366633698.0,284579603.0
20.1,redis-benchmark,none,5,0.6990148827862824,18.7,0.00148204822848724,680.0,560040.0,263824724.0,377423615.0,30638.079999999998,0.6990148827862824,0.0012141989857867295,0.00148204822848724,0.8453767079739023,0.031927642736009045,0.003916682691524806,680.0,560040.0,377423615.0,263824724.0,1412.0,44225.0,10930934.0,9240757.0
20.2,redis-benchmark,none,5,0.7019161823122394,15.899999999999999,0.001448380443759329,670.0,547659.0,265082584.0,377655610.0,26050.559999999998,0.7019161823122394,0.0012233890066629051,0.001448380443759329,0.7741006306267729,0.0007164946208458557,0.0013276001347127112,670.0,547659.0,377655610.0,265082584.0,329.0,459180.0,345624400.0,267548066.0
20.3,redis-benchmark,none,5,0.7056683076061032,15.5,0.0014611028952559702,648.0,552954.0,266747018.0,378006232.0,25395.2,0.7056683076061032,0.0011718877157955274,0.0014611028952559702,0.77501297946439,0.0007762874705893897,0.0013472805023528654,648.0,552954.0,378006232.0,266747018.0,356.0,458593.0,340119967.0,263597389.0
20.4,redis-benchmark,none,5,0.7033209298403761,10.700000000000001,0.0014675531295270747,589.0,555313.0,265850000.0,377992448.0,17530.88,0.7033209298403761,0.0010606630855031307,0.0014675531295270747,0.7693479270322584,0.0006398572924341722,0.0013232226094254855,589.0,555313.0,377992448.0,265850000.0,297.0,464166.0,350560062.0,269702657.0
20.5,redis-benchmark,none,5,0.7051802630584937,12.3,0.0014815943019571558,741.0,560275.0,266316044.0,377656690.0,20152.32,0.7051802630584937,0.0013225648119227166,0.0014815943019571558,0.7722894172499999,0.0007676583942657493,0.00129620249408894,741.0,560275.0,377656690.0,266316044.0,341.0,444208.0,342436465.0,264460058.0
20.6,redis-benchmark,none,5,0.7000549158522322,14.7,0.0014530883849549396,640.0,548021.0,263711942.0,376701793.0,24084.48,0.7000549158522322,0.001167838458745194,0.0014530883849549396,0.7729501994157011,0.0006310443567993949,0.001320765863408145,640.0,548021.0,376701793.0,263711942.0,292.0,462725.0,350124888.0,270629102.0
20.7,redis-benchmark,none,5,0.7067975222535928,15.4,0.00144037511599655,656.0,544465.0,266849135.0,377546789.0,25231.36,0.7067975222535928,0.00120485246985573,0.00144037511599655,0.7710304771050505,0.0006481459328842712,0.001339438625624932,656.0,544465.0,377546789.0,266849135.0,298.0,459773.0,343035501.0,264490826.0
20.8,redis-benchmark,none,5,0.7017717338986703,18.0,0.0014545980709040676,757.0,548879.0,264441796.0,376820244.0,29491.199999999997,0.7017717338986703,0.001379174645049273,0.0014545980709040676,0.7713830210231142,0.0007935957258582109,0.0013159369544018932,757.0,548879.0,376820244.0,264441796.0,366.0,461192.0,350188509.0,270129470.0
20.9,redis-benchmark,none,5,0.7073516137309735,15.1,0.0014117090794346324,637.0,543591.0,272052786.0,384607571.0,24739.84,0.7073516137309735,0.0011718369141505286,0.0014117090794346324,0.7784245162096425,0.0005985977575439643,0.0013811305438434197,637.0,543591.0,384607571.0,272052786.0,275.0,459407.0,332432008.0,258773225.0
21.0,redis-benchmark,none,5,0.7104325862946361,13.200000000000001,0.0014259632986250482,718.0,543153.0,270247839.0,380398991.0,21626.88,0.7104325862946361,0.0013219111373774977,0.0014259632986250482,0.774358832711589,0.000643670466467987,0.0013789215832992214,718.0,543153.0,380398991.0,270247839.0,300.0,466077.0,337783530.0,261565660.0
21.1,redis-benchmark,none,5,0.7044856273346835,15.0,0.0014534426465774401,678.0,548806.0,265678387.0,377123928.0,24576.0,0.7044856273346835,0.0012354092338640612,0.0014534426465774401,0.7830213955143484,0.005205378891521239,0.0014390836397313261,678.0,548806.0,377123928.0,265678387.0,936.0,179814.0,124299933.0,97329507.0
21.2,redis-benchmark,none,5,0.7086368076687102,13.700000000000001,0.001450549620496118,606.0,547617.0,267231209.0,377106024.0,22446.08,0.7086368076687102,0.0011066128334218989,0.001450549620496118,0.7713400466368348,0.0007334372547636002,0.0013510273223114797,606.0,547617.0,377106024.0,267231209.0,343.0,467661.0,345898260.0,266805180.0
21.3,redis-benchmark,none,5,0.7047977144017853,11.400000000000002,0.0014550508785055997,647.0,549360.0,265785667.0,377109150.0,18677.760000000002,0.7047977144017853,0.0011777340905781272,0.0014550508785055997,0.7696614586496993,0.0006102587711315483,0.001335700097863864,647.0,549360.0,377109150.0,265785667.0,285.0,467015.0,349427241.0,268940680.0
21.4,redis-benchmark,none,5,0.7065986194806239,11.899999999999999,0.0014660421475244261,620.0,553481.0,266466295.0,377111259.0,19496.96,0.7065986194806239,0.0011201829873112175,0.0014660421475244261,0.7723497888650088,0.0006316576501476016,0.0013191174391157898,620.0,553481.0,377111259.0,266466295.0,294.0,465442.0,352620613.0,272346456.0
21.5,redis-benchmark,none,5,0.7011285878335601,11.799999999999999,0.0014554019431860486,643.0,549496.0,264405672.0,377114379.0,19333.12,0.7011285878335601,0.001170163204099757,0.0014554019431860486,0.7754796045761854,0.0006419020842560676,0.0013373741880296148,643.0,549496.0,377114379.0,264405672.0,300.0,467361.0,349237337.0,270826432.0
21.6,redis-benchmark,none,5,0.7033455767019064,11.200000000000001,0.0014632297194844578,607.0,552394.0,265233094.0,377102100.0,18350.08,0.7033455767019064,0.0010988533546707603,0.0014632297194844578,0.7847515338230769,0.0006041651099986124,0.0013495434255478193,607.0,552394.0,377102100.0,265233094.0,283.0,468415.0,346881761.0,272215994.0
21.8,redis-benchmark,none,5,0.7065349293756656,13.200000000000001,0.0014723493061246154,594.0,555822.0,266436758.0,377103448.0,21626.88,0.7065349293756656,0.0010686874574953851,0.0014723493061246154,0.7769667683550224,0.0007187664762150704,0.0013263602950937502,594.0,555822.0,377103448.0,266436758.0,334.0,464685.0,350094165.0,272011532.0
21.9,redis-benchmark,none,5,0.6998177128974435,12.0,0.001480485568272789,566.0,558872.0,263908299.0,377110059.0,19660.8,0.6998177128974435,0.0010127542621566298,0.001480485568272789,0.783139644548758,0.0006326145053772233,0.0013119267657624026,566.0,558872.0,377110059.0,263908299.0,294.0,464738.0,354016712.0,277244522.0
22.0,redis-benchmark,none,5,0.7042312537692156,12.3,0.0014685305059611508,628.0,554444.0,265581501.0,377122571.0,20152.32,0.7042312537692156,0.0011326662386102113,0.0014685305059611508,0.9976623368083499,0.04182559515980534,0.007984002039929872,628.0,554444.0,377122571.0,265581501.0,954.0,22809.0,2737349.0,2730950.0
22.1,redis-benchmark,none,5,0.7028249069772546,13.599999999999998,0.0014578211925744674,651.0,550440.0,265056788.0,377130613.0,22282.239999999998,0.7028249069772546,0.0011826902114671898,0.0014578211925744674,0.7802146684427131,0.000768786003383515,0.0013435814410673506,651.0,550440.0,377130613.0,265056788.0,359.0,466970.0,347288959.0,270959940.0
22.2,redis-benchmark,none,5,0.7062671444233236,13.599999999999998,0.001439525282470844,674.0,543455.0,266301948.0,377055552.0,22282.239999999998,0.7062671444233236,0.0012402130811198719,0.001439525282470844,0.7859661984692002,0.0009767721437465115,0.0013864265809345304,674.0,543455.0,377055552.0,266301948.0,455.0,465820.0,335657875.0,263815744.0
22.3,redis-benchmark,none,5,0.7074584320314238,12.1,0.001457997106006133,594.0,550913.0,267029211.0,377448623.0,19824.64,0.7074584320314238,0.0010782101711159476,0.001457997106006133,0.778250568871428,0.0006588986734030292,0.0013507776359099567,594.0,550913.0,377448623.0,267029211.0,307.0,465929.0,344706625.0,268268127.0
22.4,redis-benchmark,none,5,0.7017284171378855,11.5,0.0014693370198589166,573.0,554234.0,264418341.0,376810080.0,18841.6,0.7017284171378855,0.0010338593446089558,0.0014693370198589166,1.0388976945694626,0.06708421370359191,0.007348821754366986,573.0,554234.0,376810080.0,264418341.0,1778.0,26504.0,3364621.0,3495497.0
22.5,redis-benchmark,none,5,0.7063270402678264,12.4,0.0014715185279628009,585.0,555634.0,266422821.0,377194707.0,20316.16,0.7063270402678264,0.0010528513373911604,0.0014715185279628009,0.7785739083175801,0.0006704503262080306,0.0013384320805343575,585.0,555634.0,377194707.0,266422821.0,316.0,471325.0,351911021.0,273988739.0
22.6,redis-benchmark,none,5,0.7030522997373368,11.600000000000001,0.0014619222364339814,603.0,551918.0,265132624.0,377116502.0,19005.440000000002,0.7030522997373368,0.0010925536039774024,0.0014619222364339814,0.7785523107497612,0.0006048477906969262,0.0013415816689622507,603.0,551918.0,377116502.0,265132624.0,282.0,466233.0,347314674.0,270402642.0
22.7,redis-benchmark,none,5,0.705414339255514,13.100000000000001,0.0014740798263446556,611.0,557038.0,266275664.0,377474130.0,21463.04,0.705414339255514,0.001096873103809794,0.0014740798263446556,0.7788496346395652,0.0006488818605290751,0.00132250781664322,611.0,557038.0,377474130.0,266275664.0,302.0,465416.0,351690927.0,273914350.0
22.8,redis-benchmark,none,5,0.7006054763333176,13.100000000000001,0.0014817767622172747,695.0,559053.0,263999735.0,376816545.0,21463.04,0.7006054763333176,0.0012431737241370676,0.0014817767622172747,0.996784404543634,0.09152315914489312,0.00808207676156949,695.0,559053.0,376816545.0,263999735.0,2466.0,26944.0,3028677.0,3018938.0
22.9,redis-benchmark,none,5,0.7023314664626104,11.299999999999999,0.0014648593216637308,603.0,553047.0,264871035.0,377131095.0,18513.92,0.7023314664626104,0.001090323245583106,0.0014648593216637308,0.7798347770192866,0.000617494250915595,0.0013446442009275859,603.0,553047.0,377131095.0,264871035.0,290.0,469640.0,349051444.0,272202455.0
23.0,redis-benchmark,none,5,0.706612588247438,11.299999999999999,0.0014769632299748727,598.0,557586.0,266475647.0,377117039.0,18513.92,0.706612588247438,0.001072480299003203,0.0014769632299748727,0.7803035147191785,0.0006718057668320507,0.001329415841615664,598.0,557586.0,377117039.0,266475647.0,314.0,467397.0,351344542.0,274155381.0
23.1,redis-benchmark,none,5,0.7029346376247297,13.799999999999999,0.001461825655663841,732.0,552447.0,265298110.0,377415048.0,22609.92,0.7029346376247297,0.0013250139832418314,0.001461825655663841,0.7762759018946533,0.0006680358880121068,0.0013355387241365904,732.0,552447.0,377415048.0,265298110.0,309.0,462550.0,346108272.0,268675511.0
23.2,redis-benchmark,none,5,0.7045835506413689,14.0,0.001456156499414285,621.0,548586.0,265141230.0,376309140.0,22937.6,0.7045835506413689,0.001132001181218624,0.001456156499414285,0.7805106342192326,0.0008181152204524418,0.0013222657482620376,621.0,548586.0,376309140.0,265141230.0,373.0,455926.0,344524541.0,268905068.0
23.3,redis-benchmark,none,5,0.7034448523254351,11.7,0.0014568486595526735,561.0,554833.0,267632319.0,380459560.0,19169.28,0.7034448523254351,0.0010111150562421485,0.0014568486595526735,0.7798724372603523,0.0007133894278234616,0.0013328576839158396,561.0,554833.0,380459560.0,267632319.0,336.0,470991.0,353117220.0,275386387.0
23.4,redis-benchmark,none,5,0.7004735844975049,13.3,0.001482558289744682,660.0,565598.0,266919789.0,381056181.0,21790.72,0.7004735844975049,0.001166906530786884,0.001482558289744682,0.7838941938394806,0.0009197526507057497,0.0013170385796516292,660.0,565598.0,381056181.0,266919789.0,430.0,467517.0,354649444.0,278007640.0
23.5,redis-benchmark,none,5,0.7029511606333413,11.400000000000002,0.0014654057806261734,624.0,553262.0,265098943.0,377122847.0,18677.760000000002,0.7029511606333413,0.0011278562417082684,0.0014654057806261734,0.9018862375074801,0.060167953489802826,0.010352857141889002,624.0,553262.0,377122847.0,265098943.0,1956.0,32509.0,2951166.0,2661616.0
23.6,redis-benchmark,none,5,0.7031697880681964,10.2,0.001461269469795206,744.0,552120.0,265324742.0,377326709.0,16711.68,0.7031697880681964,0.001347533144968485,0.001461269469795206,0.7685040851150549,0.0006110120345621224,0.0013304375808953506,744.0,552120.0,377326709.0,265324742.0,283.0,463166.0,347917863.0,267376299.0
23.7,redis-benchmark,none,5,0.7047169929056282,8.2,0.0014872723143677068,741.0,562164.0,266020099.0,377485007.0,13434.88,0.7047169929056282,0.0013181206907592802,0.0014872723143677068,0.7752229031083308,0.0006197455196673035,0.0013021086793636066,741.0,562164.0,377485007.0,266020099.0,290.0,467934.0,359143601.0,278416345.0
23.9,redis-benchmark,none,5,0.7060207767792936,12.6,0.0014535786665980084,593.0,549125.0,266428641.0,377366573.0,20643.84,0.7060207767792936,0.0010798998406555884,0.0014535786665980084,0.774901531428626,0.0007367172645219535,0.0013524617709125004,593.0,549125.0,377366573.0,266428641.0,346.0,469651.0,347000566.0,268891270.0
24.0,redis-benchmark,none,5,0.7020944202394248,11.6,0.0014795864762275571,648.0,558440.0,264683854.0,376991821.0,19005.44,0.7020944202394248,0.0011603753312799943,0.0014795864762275571,0.7807651268084502,0.0006389082336104065,0.0013069888176531134,648.0,558440.0,376991821.0,264683854.0,300.0,469551.0,359032146.0,280319779.0
24.1,redis-benchmark,none,5,0.7031072293609824,12.0,0.0014576803686321721,623.0,550835.0,265392910.0,377457234.0,19660.8,0.7031072293609824,0.001131010193615148,0.0014576803686321721,0.7761318087551463,0.0006392890599286021,0.0013505238928759047,623.0,550835.0,377457234.0,265392910.0,303.0,473964.0,350723895.0,272207971.0
24.2,redis-benchmark,none,5,0.7023113719275521,17.3,0.0014648590718081614,606.0,553189.0,264930144.0,377226049.0,28344.32,0.7023113719275521,0.0010954664680606447,0.0014648590718081614,0.7758859603321242,0.0006435324983911688,0.0013292457394121946,606.0,553189.0,377226049.0,264930144.0,299.0,464623.0,349313890.0,271027743.0
24.3,redis-benchmark,none,5,0.7034532711401235,13.599999999999998,0.001480859744639511,593.0,559687.0,265586599.0,377546896.0,22282.239999999998,0.7034532711401235,0.0010595207678577492,0.001480859744639511,0.7723852340390369,0.0006892975353878526,0.0013025412873418848,593.0,559687.0,377546896.0,265586599.0,323.0,468593.0,359504919.0,277676291.0
24.4,redis-benchmark,none,5,0.6983601058501755,11.899999999999999,0.0014954178707583569,578.0,564263.0,263240880.0,376941463.0,19496.96,0.6983601058501755,0.0010243450305974342,0.0014954178707583569,0.7801203316250529,0.0006185699864687816,0.0013029626414857891,578.0,564263.0,376941463.0,263240880.0,288.0,465590.0,357110776.0,278589377.0
24.5,redis-benchmark,none,5,0.7037494105514163,11.600000000000001,0.0014710330028824235,671.0,555763.0,265558738.0,377348434.0,19005.440000000002,0.7037494105514163,0.0012073491758177496,0.0014710330028824235,0.7834442623970179,0.0005761873958471668,0.0013254684246853524,671.0,555763.0,377348434.0,265558738.0,269.0,466862.0,352021211.0,275788998.0
24.6,redis-benchmark,none,5,0.7030612580604236,11.5,0.0014666266081512012,605.0,554058.0,265310448.0,377364625.0,18841.6,0.7030612580604236,0.0010919434427442613,0.0014666266081512012,0.7764414710197288,0.0006471937080770632,0.0013335975888607754,605.0,554058.0,377364625.0,265310448.0,302.0,466630.0,349676697.0,271503489.0
24.7,redis-benchmark,none,5,0.706587101366145,12.6,0.0014525614125815906,593.0,548844.0,266692397.0,377437398.0,20643.84,0.706587101366145,0.0010804527333814343,0.0014525614125815906,0.9267360321738569,0.06309090240223669,0.008785852941491007,593.0,548844.0,377437398.0,266692397.0,1715.0,27183.0,2898751.0,2686377.0
24.8,redis-benchmark,none,5,0.7011708069160366,12.9,0.001464602761125937,619.0,552464.0,264192868.0,376788174.0,21135.36,0.7011708069160366,0.0011204349966694662,0.001464602761125937,0.7790968715730111,0.0007346524520618042,0.0013406322179692028,619.0,552464.0,376788174.0,264192868.0,346.0,470971.0,351047061.0,273499667.0
24.9,redis-benchmark,none,5,0.7039692972852357,12.9,0.0014476949874745332,622.0,546897.0,265636637.0,377341225.0,21135.36,0.7039692972852357,0.0011373256755842509,0.0014476949874745332,0.7715964597635465,0.0006295818082870039,0.0013420947113431912,622.0,546897.0,377341225.0,265636637.0,295.0,468565.0,348909802.0,269217568.0
25.0,redis-benchmark,none,5,0.704930828474818,12.9,0.001474317843097161,668.0,556706.0,265864196.0,377149339.0,21135.36,0.704930828474818,0.0011999152155715944,0.001474317843097161,0.9551079777156231,0.034279947100995335,0.009315033360770312,668.0,556706.0,377149339.0,265864196.0,985.0,28734.0,2978948.0,2845217.0
25.1,redis-benchmark,none,5,0.7054873642082784,12.0,0.0014500162418729517,716.0,548467.0,266501435.0,377755079.0,19660.8,0.7054873642082784,0.0013054568460818974,0.0014500162418729517,0.7780772394028918,0.0008342018468242429,0.0013713786838931235,716.0,548467.0,377755079.0,266501435.0,389.0,466314.0,339749338.0,264351227.0
25.2,redis-benchmark,none,5,0.704827659979166,11.5,0.0014687412035696101,570.0,554483.0,265814837.0,377134514.0,18841.6,0.704827659979166,0.00102798462712112,0.0014687412035696101,0.7749618373783469,0.000682835700711824,0.0013058796759104457,570.0,554483.0,377134514.0,265814837.0,318.0,465705.0,356378163.0,276179476.0
25.3,redis-benchmark,none,5,0.7028890849728752,14.299999999999999,0.0014555269707733126,658.0,550021.0,265293096.0,377432374.0,23429.12,0.7028890849728752,0.001196317958768847,0.0014555269707733126,0.7810624678732163,0.0007487291024744742,0.0013351048050280815,658.0,550021.0,377432374.0,265293096.0,347.0,463452.0,346867900.0,270925498.0
25.4,redis-benchmark,none,5,0.7019089806067818,11.7,0.0014584941679669863,586.0,550619.0,264706648.0,377123894.0,19169.28,0.7019089806067818,0.0010642567728320308,0.0014584941679669863,0.7765380760032947,0.0006731399937632397,0.0013251941980648506,586.0,550619.0,377123894.0,264706648.0,313.0,464985.0,350644457.0,272288772.0
25.5,redis-benchmark,none,5,0.7037840865590006,10.8,0.0014921090688316113,559.0,563951.0,265735483.0,377580977.0,17694.72,0.7037840865590006,0.0009912208684797084,0.0014921090688316113,0.7831096924758744,0.0006738674627173169,0.0012948920202299065,559.0,563951.0,377580977.0,265735483.0,314.0,465967.0,359607591.0,281612190.0
25.6,redis-benchmark,none,5,0.7065074513743046,10.9,0.0014298470154445867,578.0,540203.0,266636276.0,377400515.0,17858.56,0.7065074513743046,0.0010699681416060259,0.0014298470154445867,0.7824853935611956,0.0005634071396686299,0.001377723797328417,578.0,540203.0,377400515.0,266636276.0,260.0,461478.0,334768116.0,261951161.0
25.7,redis-benchmark,none,5,0.7053022927943993,11.399999999999999,0.0014639588201894422,749.0,552946.0,266036042.0,377194353.0,18677.76,0.7053022927943993,0.0013545626516875066,0.0014639588201894422,0.7772265082580629,0.0006052109094708976,0.001331467628528322,749.0,552946.0,377194353.0,266036042.0,278.0,459344.0,344781946.0,267973668.0
25.8,redis-benchmark,none,5,0.70017837381595,11.7,0.0014744335067250714,575.0,556542.0,264017379.0,377071599.0,19169.28,0.70017837381595,0.0010331655113181035,0.0014744335067250714,0.7760541376614413,0.0006152707621612784,0.001314056335737827,575.0,556542.0,377071599.0,264017379.0,286.0,464836.0,353523656.0,274353496.0
26.0,redis-benchmark,none,5,0.7073490308259849,11.5,0.0014563259451509918,656.0,550315.0,266973724.0,377428557.0,18841.6,0.7073490308259849,0.0011920445562995739,0.0014563259451509918,0.7777067370772641,0.000673210328600003,0.0013396041156716549,656.0,550315.0,377428557.0,266973724.0,312.0,463451.0,345728260.0,268875197.0
26.1,redis-benchmark,none,5,0.7024644487248619,11.5,0.001473095030500042,624.0,555776.0,264731423.0,376860955.0,18841.6,0.7024644487248619,0.001122754491017964,0.001473095030500042,0.7789831007620324,0.0006065126167483208,0.001331843781643835,624.0,555776.0,376860955.0,264731423.0,283.0,466602.0,350130403.0,272745667.0
26.2,redis-benchmark,none,5,0.6990265590814017,12.1,0.0014980931726510773,587.0,565576.0,263630009.0,377138759.0,19824.64,0.6990265590814017,0.0010378799666181026,0.0014980931726510773,0.7805895747558027,0.0005846826008738113,0.0013162638793852589,587.0,565576.0,377138759.0,263630009.0,273.0,466920.0,354523897.0,276737658.0
26.3,redis-benchmark,none,5,0.7074290511097666,12.5,0.001455290329015355,550.0,549410.0,266805531.0,377148112.0,20480.0,0.7074290511097666,0.001001073879252289,0.001455290329015355,0.7809422850106514,0.0006288062906738671,0.0013672411552971058,550.0,549410.0,377148112.0,266805531.0,289.0,459601.0,335940736.0,262350326.0
26.4,redis-benchmark,none,5,0.70065306926691,11.5,0.0014869138456579973,557.0,561789.0,264459790.0,377447558.0,18841.6,0.70065306926691,0.000991475447187467,0.0014869138456579973,0.7744759861838946,0.0007413377698663436,0.0013070038549936104,557.0,561789.0,377447558.0,264459790.0,344.0,464026.0,354767125.0,274758619.0
26.5,redis-benchmark,none,5,0.704985403648189,11.099999999999998,0.0014731969211493154,630.0,555778.0,265661183.0,376832175.0,18186.239999999998,0.704985403648189,0.0011335461281302966,0.0014731969211493154,0.7792808693047247,0.0005502891167429763,0.0013441612562870835,630.0,555778.0,376832175.0,265661183.0,256.0,465210.0,345906414.0,269558251.0
26.6,redis-benchmark,none,5,0.7003620125408471,11.099999999999998,0.0014971463347548696,612.0,565254.0,264138380.0,377145498.0,18186.239999999998,0.7003620125408471,0.0010826991051810337,0.0014971463347548696,0.7786193411767506,0.0006086687240381433,0.0013055043458452783,612.0,565254.0,377145498.0,264138380.0,285.0,468235.0,358443847.0,279091312.0
26.7,redis-benchmark,none,5,0.7083941216018907,46.8,0.0014486121844749426,752.0,550328.0,268751300.0,379381042.0,76677.12,0.7083941216018907,0.0013664578215173495,0.0014486121844749426,0.7793227463267774,0.004752734260162671,0.0013735597127568092,752.0,550328.0,379381042.0,268751300.0,2231.0,469414.0,340125730.0,265067718.0
26.8,redis-benchmark,none,5,0.7032836463171613,15.9,0.0014639322613212483,582.0,557259.0,267431657.0,380261447.0,26050.56,0.7032836463171613,0.0010443976678707746,0.0014639322613212483,0.7778152862567067,0.0009279386873104385,0.0013450190444212206,582.0,557259.0,380261447.0,267431657.0,432.0,465548.0,345806256.0,268973392.0
26.9,redis-benchmark,none,5,0.7009162348712606,13.899999999999999,0.0014840296251125784,621.0,560316.0,264347359.0,377145436.0,22773.76,0.7009162348712606,0.0011083031717816375,0.0014840296251125784,0.7798538953833474,0.0008153192825190314,0.0013176087227996082,621.0,560316.0,377145436.0,264347359.0,374.0,458716.0,347858960.0,271279165.0
27.0,redis-benchmark,none,5,0.703922637451,12.2,0.0015000991854312684,710.0,567005.0,265734342.0,377505038.0,19988.48,0.703922637451,0.0012521935432668143,0.0015000991854312684,0.7772629012626331,0.0007655738984844674,0.001286853332417893,710.0,567005.0,377505038.0,265734342.0,353.0,461092.0,358035363.0,278287605.0
27.1,redis-benchmark,none,5,0.7043043483810881,9.0,0.0014603057698902003,566.0,550825.0,265389492.0,376810810.0,14745.6,0.7043043483810881,0.0010275495847138383,0.0014603057698902003,0.7776563902633086,0.0006306409428514042,0.0013547665220726296,566.0,550825.0,376810810.0,265389492.0,292.0,463021.0,341556270.0,265613416.0
27.2,redis-benchmark,none,5,0.7024419184774904,8.6,0.0014959930559664695,757.0,565209.0,265037825.0,377309238.0,14090.24,0.7024419184774904,0.0013393275761709386,0.0014959930559664695,0.7815649791151935,0.0006462988546630028,0.0012962411961868782,757.0,565209.0,377309238.0,265037825.0,298.0,461087.0,355480910.0,277831430.0
27.3,redis-benchmark,none,5,0.7065652846155411,11.899999999999999,0.001446188105592811,591.0,545812.0,266379062.0,377005590.0,19496.96,0.7065652846155411,0.0010827904113504283,0.001446188105592811,0.7862665075575508,0.0007068777470114901,0.0013793799328077829,591.0,545812.0,377005590.0,266379062.0,326.0,461183.0,334104469.0,262695154.0
27.4,redis-benchmark,none,5,0.7049671075794579,14.2,0.0014437713638009806,608.0,545204.0,265916250.0,377203769.0,23265.28,0.7049671075794579,0.0011151789055105978,0.0014437713638009806,0.7783019353596463,0.000638998467707756,0.0013476298751800549,608.0,545204.0,377203769.0,265916250.0,294.0,460095.0,341192347.0,265550664.0
27.5,redis-benchmark,none,5,0.7060911376759196,11.5,0.0014943433129191548,622.0,564825.0,266591174.0,377559156.0,18841.6,0.7060911376759196,0.00110122604346479,0.0014943433129191548,0.7782168229425744,0.0007104997035952157,0.0013036217903822811,622.0,564825.0,377559156.0,266591174.0,326.0,458832.0,351717042.0,273712119.0
27.6,redis-benchmark,none,5,0.7022737746989058,11.399999999999999,0.001488186644279551,678.0,561792.0,264789130.0,377045448.0,18677.76,0.7022737746989058,0.0012068523581681477,0.001488186644279551,0.7790480044733107,0.0006010901786621635,0.0013163388284822795,678.0,561792.0,377045448.0,264789130.0,278.0,462493.0,351136797.0,273552421.0
27.7,redis-benchmark,none,5,0.7049098356647128,11.299999999999999,0.0014864650686247593,715.0,561623.0,265993177.0,377343546.0,18513.92,0.7049098356647128,0.0012730960092446357,0.0014864650686247593,0.773950967762844,0.0006595977967270973,0.0013017853349001928,715.0,561623.0,377343546.0,265993177.0,305.0,462403.0,354972504.0,274731313.0
27.8,redis-benchmark,none,5,0.7015831712119919,13.100000000000001,0.0014767101807416127,618.0,558027.0,264824323.0,377466755.0,21463.04,0.7015831712119919,0.0011074732943029638,0.0014767101807416127,0.7794511160446761,0.0006041852777310254,0.0013268685612318196,618.0,558027.0,377466755.0,264824323.0,280.0,463434.0,349057935.0,272073597.0
27.9,redis-benchmark,none,5,0.7038483124045865,12.1,0.0014924220032057902,597.0,564086.0,265749755.0,377566800.0,19824.64,0.7038483124045865,0.001058349258800963,0.0014924220032057902,0.7778155572089012,0.0005585527854031539,0.0013041206135038742,597.0,564086.0,377566800.0,265749755.0,258.0,461908.0,353993331.0,275341520.0
28.1,redis-benchmark,none,5,0.698834912193985,11.5,0.0014948653778622716,665.0,564608.0,263637825.0,377253369.0,18841.6,0.698834912193985,0.0011778083201088188,0.0014948653778622716,0.780131266445795,0.0006799681386357897,0.0013140541804786663,665.0,564608.0,377253369.0,263637825.0,315.0,463257.0,352300542.0,274840668.0
28.2,redis-benchmark,none,5,0.7000758949317023,12.2,0.001492233463552169,567.0,563385.0,264044015.0,377164843.0,19988.48,0.7000758949317023,0.0010064165712612156,0.001492233463552169,0.7789032753188845,0.0005535183006988169,0.0013092697758842222,567.0,563385.0,377164843.0,264044015.0,256.0,462496.0,353051761.0,274993173.0
28.3,redis-benchmark,none,5,0.7064782614530158,12.5,0.0014478432563162637,599.0,546533.0,266389681.0,377067060.0,20480.0,0.7064782614530158,0.0010959996926077657,0.0014478432563162637,0.9393009052392017,0.054187192118226604,0.008569339727160374,599.0,546533.0,377067060.0,266389681.0,1243.0,22939.0,2531817.0,2378138.0
28.4,redis-benchmark,none,5,0.7013820650366577,11.899999999999999,0.0014653551432950575,632.0,554171.0,264947599.0,377750747.0,19496.96,0.7013820650366577,0.0011404422100759512,0.0014653551432950575,0.7762905040255099,0.0006247486953777243,0.0013186995771527993,632.0,554171.0,377750747.0,264947599.0,289.0,462586.0,350570371.0,272144450.0
28.5,redis-benchmark,none,5,0.7074018367493051,11.099999999999998,0.001460913035658942,587.0,552161.0,267082606.0,377554301.0,18186.239999999998,0.7074018367493051,0.0010630957275142576,0.001460913035658942,0.776873176485505,0.0005802570753753941,0.0013289138602968593,587.0,552161.0,377554301.0,267082606.0,270.0,465311.0,349940665.0,271859516.0
28.6,redis-benchmark,none,5,0.7046767185031462,11.7,0.0014600721256724167,583.0,550912.0,265606080.0,376919051.0,19169.28,0.7046767185031462,0.0010582452369888476,0.0014600721256724167,0.7815383276456983,0.0005377488970770121,0.0013325001351567763,583.0,550912.0,376919051.0,265606080.0,250.0,464901.0,348706156.0,272527226.0
28.7,redis-benchmark,none,5,0.7007467336165374,12.2,0.0014865300768236416,693.0,561906.0,264554470.0,377532220.0,19988.48,0.7007467336165374,0.0012333023672998686,0.0014865300768236416,0.8543720949758369,0.03781931878658861,0.010036113633217466,693.0,561906.0,377532220.0,264554470.0,1137.0,30064.0,2882291.0,2462549.0
28.8,redis-benchmark,none,5,0.7045123967974958,14.6,0.0014791025789492288,690.0,558387.0,265637053.0,377050928.0,23920.64,0.7045123967974958,0.0012357021205722913,0.0014791025789492288,0.7762456391496929,0.0006541573420554312,0.0013162589405027014,690.0,558387.0,377050928.0,265637053.0,304.0,464720.0,352830272.0,273882960.0
28.9,redis-benchmark,none,5,0.7023550824455825,12.9,0.0014744844788580189,616.0,557017.0,265035730.0,377352904.0,21135.36,0.7023550824455825,0.0011058908435469653,0.0014744844788580189,0.7728886744187937,0.0006327632685256616,0.0013053661128841088,616.0,557017.0,377352904.0,265035730.0,292.0,461468.0,353292456.0,273055738.0
29.0,redis-benchmark,none,5,0.7092751475918214,12.8,0.0014358502512934292,694.0,541826.0,267306064.0,376872170.0,20971.52,0.7092751475918214,0.0012808540010999841,0.0014358502512934292,0.7713482307425275,0.0005386479935362241,0.0013491338709721115,694.0,541826.0,376872170.0,267306064.0,248.0,460412.0,341081052.0,263092266.0
29.1,redis-benchmark,none,5,0.7051563717898747,12.3,0.001442714711888151,683.0,545148.0,266118423.0,377389234.0,20152.32,0.7051563717898747,0.0012528707800450519,0.001442714711888151,0.7730581387402594,0.002894159314675866,0.0014071166123543592,683.0,545148.0,377389234.0,266118423.0,724.0,250159.0,177266758.0,137037510.0
29.3,redis-benchmark,none,5,0.704456097754142,12.3,0.0014634365503802974,614.0,552852.0,265831427.0,377356982.0,20152.32,0.704456097754142,0.0011106046464514916,0.0014634365503802974,0.7700099636828553,0.0005895818935729095,0.0013174197192919277,614.0,552852.0,377356982.0,265831427.0,273.0,463040.0,351267704.0,270479632.0
29.4,redis-benchmark,none,5,0.7025024385745351,12.1,0.0014689306883993432,642.0,554858.0,265048647.0,377292138.0,19824.64,0.7025024385745351,0.0011570527954900172,0.0014689306883993432,0.771919472792682,0.0005881411711793527,0.0013108452628338883,642.0,554858.0,377292138.0,265048647.0,272.0,462474.0,352598444.0,272177605.0
29.5,redis-benchmark,none,5,0.7085733530278865,12.1,0.0014133203079632227,601.0,534027.0,267435094.0,377427535.0,19824.64,0.7085733530278865,0.0011254112619773907,0.0014133203079632227,0.9026715017315395,0.040515734265734266,0.008371872369846616,601.0,534027.0,377427535.0,267435094.0,927.0,22880.0,2622233.0,2367015.0
29.6,redis-benchmark,none,5,0.7035798519043701,11.299999999999999,0.0014460254030568996,582.0,545595.0,265182178.0,376904167.0,18513.92,0.7035798519043701,0.0010667253182305555,0.0014460254030568996,0.7715333787874601,0.000526164326488186,0.001329555633863618,582.0,545595.0,376904167.0,265182178.0,245.0,465634.0,350033491.0,270062522.0
29.7,redis-benchmark,none,5,0.7063484834607168,11.399999999999999,0.001461092541629399,647.0,552062.0,266575277.0,377399093.0,18677.76,0.7063484834607168,0.0011719698149845487,0.001461092541629399,0.7697169040398594,0.0005578083361841116,0.0012951140161165647,647.0,552062.0,377399093.0,266575277.0,256.0,458939.0,354164185.0,272606160.0
29.8,redis-benchmark,none,5,0.701415111291656,14.5,0.0014731392525951534,654.0,556161.0,264497062.0,377090624.0,23756.8,0.701415111291656,0.0011759184840360974,0.0014731392525951534,0.7691207210199295,0.0006472407561857103,0.001291890791076474,654.0,556161.0,377090624.0,264497062.0,298.0,460416.0,356158588.0,273928950.0
29.9,redis-benchmark,none,5,0.705655875454991,13.100000000000001,0.0014588660608092763,702.0,550871.0,266117636.0,377120981.0,21463.04,0.705655875454991,0.0012743455364323045,0.0014588660608092763,0.9504613013725187,0.0451254105703195,0.009017706894740664,702.0,550871.0,377120981.0,266117636.0,1209.0,26792.0,2836974.0,2696434.0
30.0,redis-benchmark,none,5,0.6994326467171175,12.8,0.0014987221936392776,675.0,566821.0,264212405.0,377752463.0,20971.52,0.6994326467171175,0.001190852138505807,0.0014987221936392776,0.9314326527327493,0.08235672431041875,0.009227124577498792,675.0,566821.0,377752463.0,264212405.0,2305.0,27988.0,2783424.0,2592572.0
30.2,redis-benchmark,none,5,0.7004516444596997,11.200000000000001,0.0014866430374499283,534.0,560253.0,263719053.0,376498585.0,18350.08,0.7004516444596997,0.0009531408131683365,0.0014866430374499283,0.7816969482782562,0.000537161620668593,0.0013130131825455902,534.0,560253.0,376498585.0,263719053.0,248.0,461686.0,351434400.0,274715198.0
30.3,redis-benchmark,none,5,0.7044589706426442,170.49999999999997,0.0014580940411691504,678.0,555824.0,268211493.0,380734016.0,279347.19999999995,0.7044589706426442,0.0012198105875241083,0.0014580940411691504,0.7779834930932814,0.0006551704942040963,0.0013326346100986934,678.0,555824.0,380734016.0,268211493.0,306.0,467054.0,350244543.0,272484473.0
30.4,redis-benchmark,none,5,0.7037598210304655,17.1,0.001445389171685629,1047.0,546548.0,265604374.0,377407698.0,28016.64,0.7037598210304655,0.001915659740772997,0.001445389171685629,0.7768636765612211,0.0007083886649148309,0.0013456230915274837,1047.0,546548.0,377407698.0,265604374.0,327.0,461611.0,342803273.0,266311411.0
30.5,redis-benchmark,none,5,0.7044670767813953,10.4,0.0014664294044883215,614.0,558466.0,267989967.0,380415176.0,17039.36,0.7044670767813953,0.001099440252405697,0.0014664294044883215,0.7771580839698502,0.0005558319095097,0.0013112113766612574,614.0,558466.0,380415176.0,267989967.0,257.0,462370.0,352432116.0,273895468.0
30.6,redis-benchmark,none,5,0.7044775879492294,8.100000000000001,0.001466947491182697,812.0,554225.0,265767560.0,377254812.0,13271.04,0.7044775879492294,0.001465108935901484,0.001466947491182697,0.7689842361377578,0.0005492810108521296,0.001298230450865478,812.0,554225.0,377254812.0,265767560.0,251.0,456961.0,351794244.0,270524228.0
30.7,redis-benchmark,none,5,0.7036423957507634,12.3,0.0014623927752966232,713.0,552531.0,265511801.0,377339118.0,20152.32,0.7036423957507634,0.0012904253336011916,0.0014623927752966232,0.7718033948251711,0.0006112601930888581,0.0013299065553299566,713.0,552531.0,377339118.0,265511801.0,282.0,461342.0,346686012.0,267573441.0
30.8,redis-benchmark,none,5,0.7044655229442508,12.2,0.0014663870196345446,644.0,553237.0,265470651.0,376839806.0,19988.48,0.7044655229442508,0.0011640580799910346,0.0014663870196345446,0.7716319496262491,0.0006441202878371872,0.001309133795899036,644.0,553237.0,376839806.0,265470651.0,297.0,461094.0,351986177.0,271603780.0
30.9,redis-benchmark,none,5,0.7026810741925585,16.8,0.0014614203068227956,627.0,551743.0,264987958.0,377109855.0,27525.12,0.7026810741925585,0.0011363986493711747,0.0014614203068227956,0.7767773049310595,0.0008256080013209728,0.0013294958331223502,627.0,551743.0,377109855.0,264987958.0,385.0,466323.0,350462174.0,272231063.0
31.0,redis-benchmark,none,5,0.7078877641984269,12.1,0.0014587599285400927,660.0,550830.0,266979236.0,377149104.0,19824.64,0.7078877641984269,0.001198191819617668,0.0014587599285400927,0.7728281289474015,0.0006286049954588708,0.0013340416640706015,660.0,550830.0,377149104.0,266979236.0,290.0,461339.0,345603149.0,267091835.0
31.1,redis-benchmark,none,5,0.7059684552763608,12.1,0.0014471605210052386,645.0,546805.0,266433285.0,377401119.0,19824.64,0.7059684552763608,0.0011795795576119458,0.0014471605210052386,0.7761012310851864,0.004535111726278482,0.001421308929339719,645.0,546805.0,377401119.0,266433285.0,865.0,190734.0,133587425.0,103677365.0
31.2,redis-benchmark,none,5,0.7047374948294611,11.7,0.0014729908153913265,618.0,555909.0,265673339.0,376981984.0,19169.28,0.7047374948294611,0.001111692741078126,0.0014729908153913265,0.7788661855936513,0.0006424525788347328,0.0013218297168771792,618.0,555909.0,376981984.0,265673339.0,299.0,465404.0,351864536.0,274055389.0
31.3,redis-benchmark,none,5,0.7001391326003208,12.6,0.0014811207154616045,599.0,558988.0,263955521.0,377004382.0,20643.84,0.7001391326003208,0.0010715793541185143,0.0014811207154616045,0.7747017900325556,0.000630611302894961,0.001299658725940464,599.0,558988.0,377004382.0,263955521.0,291.0,461457.0,354836228.0,274892261.0
31.4,redis-benchmark,none,5,0.7002343742778457,12.7,0.0014689175761256872,597.0,555042.0,264304447.0,377451403.0,20807.68,0.7002343742778457,0.001075594279351833,0.0014689175761256872,0.8535521456071945,0.05277002534244378,0.010057943537495373,597.0,555042.0,377451403.0,264304447.0,1645.0,31173.0,2935789.0,2505849.0
31.5,redis-benchmark,none,5,0.7028200663158256,13.799999999999999,0.0014887723038957564,677.0,563225.0,265567825.0,377860334.0,22609.92,0.7028200663158256,0.001202006302987261,0.0014887723038957564,0.7786795564273413,0.000797543220124096,0.0012998176310042248,677.0,563225.0,377860334.0,265567825.0,368.0,461417.0,354702836.0,276199847.0
31.6,redis-benchmark,none,5,0.7021913557022883,11.899999999999999,0.0014590775782170938,628.0,552975.0,265820882.0,378559035.0,19496.96,0.7021913557022883,0.001135675211356752,0.0014590775782170938,0.7758549719075222,0.0006757638162692277,0.0013218683362302517,628.0,552975.0,378559035.0,265820882.0,316.0,467619.0,353517054.0,274277964.0
31.7,redis-benchmark,none,5,0.7065265641978089,11.899999999999999,0.001460307261726496,815.0,551681.0,266520254.0,377226091.0,19496.96,0.7065265641978089,0.0014773030066288309,0.001460307261726496,0.7820685365765517,0.0005406057368822342,0.0013394191592852461,815.0,551681.0,377226091.0,266520254.0,251.0,464294.0,346450920.0,270948364.0
31.8,redis-benchmark,none,5,0.6997087987935091,13.5,0.001462912714343411,630.0,553775.0,264568364.0,378112101.0,22118.4,0.6997087987935091,0.001137646155929755,0.001462912714343411,0.7823405324918885,0.000567838563069573,0.0013221030346364582,630.0,553775.0,378112101.0,264568364.0,266.0,468443.0,354115366.0,277038804.0
31.9,redis-benchmark,none,5,0.6992918954878785,13.899999999999999,0.0014685231265670407,711.0,556174.0,264504363.0,378246001.0,22773.76,0.6992918954878785,0.0012783769108228719,0.0014685231265670407,0.775688680232786,0.0007032469425910362,0.001309052436602343,711.0,556174.0,378246001.0,264504363.0,328.0,466408.0,356043797.0,276179143.0
32.0,redis-benchmark,none,5,0.7029718187603965,13.700000000000001,0.0014720512293063136,569.0,556778.0,265615248.0,377846225.0,22446.08,0.7029718187603965,0.001021951298363082,0.0014720512293063136,0.7802041464906141,0.0006663604427738709,0.0013132018599890036,569.0,556778.0,377846225.0,265615248.0,309.0,463713.0,352881011.0,275319228.0
32.2,redis-benchmark,none,5,0.701036228076695,12.7,0.0014723664376888276,658.0,558044.0,265387589.0,378564728.0,20807.68,0.701036228076695,0.001179118492448624,0.0014723664376888276,0.7790391495101725,0.0011038765038161357,0.0013036320415810302,658.0,558044.0,378564728.0,265387589.0,512.0,463820.0,355397831.0,276868824.0
32.3,redis-benchmark,none,5,0.7079376536860741,12.3,0.0014346534744396242,600.0,543124.0,267711454.0,378156823.0,20152.32,0.7079376536860741,0.0011047201007504733,0.0014346534744396242,0.7783269983450595,0.0005716508973614942,0.0013746789669971365,600.0,543124.0,378156823.0,267711454.0,263.0,460071.0,334483913.0,260337860.0
32.4,redis-benchmark,none,5,0.7027110839612636,12.6,0.0014836458576388096,638.0,560962.0,265390749.0,377666946.0,20643.84,0.7027110839612636,0.0011373319404879474,0.0014836458576388096,0.7771433743527202,0.0005679490319937396,0.0013138391710983892,638.0,560962.0,377666946.0,265390749.0,262.0,461309.0,350915858.0,272711934.0
32.5,redis-benchmark,none,5,0.7041150754111274,11.799999999999999,0.0014972759982702852,621.0,564718.0,265274540.0,376748843.0,19333.12,0.7041150754111274,0.001099663903045414,0.0014972759982702852,0.7791696443519885,0.0005884508438773091,0.0013105537052023242,621.0,564718.0,376748843.0,265274540.0,273.0,463930.0,353787104.0,275660172.0
32.6,redis-benchmark,none,5,0.7036691290889818,12.1,0.0014730860507443525,640.0,556369.0,265462660.0,377254947.0,19824.64,0.7036691290889818,0.0011503157077407261,0.0014730860507443525,0.7774175622422889,0.000508223887825866,0.0013375848017175781,640.0,556369.0,377254947.0,265462660.0,234.0,460427.0,344047719.0,267468739.0
32.7,redis-benchmark,none,5,0.7001796486444294,11.899999999999999,0.0014968780873354092,671.0,565362.0,264139845.0,377245819.0,19496.96,0.7001796486444294,0.0011868501950962392,0.0014968780873354092,0.7802909873246492,0.0005496836073094935,0.001306813629149065,671.0,565362.0,377245819.0,264139845.0,254.0,462084.0,353401579.0,275756067.0
32.8,redis-benchmark,none,5,0.704191804481789,12.7,0.0014889233680451515,715.0,563019.0,265943753.0,377658120.0,20807.68,0.704191804481789,0.0012699393803761508,0.0014889233680451515,0.7780228829173411,0.0005623509332399729,0.001315861909486575,715.0,563019.0,377658120.0,265943753.0,257.0,457010.0,347113171.0,270061990.0
32.9,redis-benchmark,none,5,0.70313259945512,13.5,0.0014684809348382904,650.0,554525.0,265204375.0,377175479.0,22118.4,0.70313259945512,0.001172174383481358,0.0014684809348382904,0.776148189012355,0.0005812566421584575,0.0013385770195006848,650.0,554525.0,377175479.0,265204375.0,268.0,461070.0,344247655.0,267187194.0
33.0,redis-benchmark,none,5,0.7032084381769702,13.7,0.0015083760576553578,674.0,569813.0,265333930.0,377319036.0,22446.079999999998,0.7032084381769702,0.0011828441962538588,0.0015083760576553578,0.7764781760648665,0.0006687320620846461,0.0012772310715861138,674.0,569813.0,377319036.0,265333930.0,305.0,456087.0,356851638.0,277087509.0
33.1,redis-benchmark,none,5,0.70138001942614,12.3,0.0014705079637335368,662.0,555598.0,264684743.0,377377079.0,20152.32,0.70138001942614,0.0011915089687147902,0.0014705079637335368,0.7795702319530167,0.0053828108905561575,0.0014477004816434084,662.0,555598.0,377377079.0,264684743.0,810.0,150479.0,103383954.0,80595053.0
33.2,redis-benchmark,none,5,0.7046608853075803,11.299999999999999,0.0014611079404795511,576.0,551667.0,265779318.0,377173366.0,18513.92,0.7046608853075803,0.0010441081304482596,0.0014611079404795511,0.7723577778381814,0.0006394801199457306,0.0013126290266760423,576.0,551667.0,377173366.0,265779318.0,296.0,462876.0,352407261.0,272184489.0
33.3,redis-benchmark,none,5,0.7015331725276083,12.9,0.0014595102912321803,586.0,551684.0,264892636.0,377591034.0,21135.36,0.7015331725276083,0.001062202275215522,0.0014595102912321803,0.7807669694152622,0.0005628587137700451,0.0013103933966284583,586.0,551684.0,377591034.0,264892636.0,259.0,460151.0,350957202.0,274015791.0
33.4,redis-benchmark,none,5,0.7016830429088567,12.5,0.0014615748115578925,676.0,551744.0,264560574.0,377037149.0,20480.0,0.7016830429088567,0.001225205892587867,0.0014615748115578925,0.768353582694538,0.0007289641766176062,0.0012961899551137605,676.0,551744.0,377037149.0,264560574.0,336.0,460928.0,355342979.0,273029051.0
33.5,redis-benchmark,none,5,0.7071944239775775,11.200000000000001,0.0014281366192240596,598.0,539441.0,266827949.0,377304939.0,18350.08,0.7071944239775775,0.0011085549670862985,0.0014281366192240596,0.7667855361530496,0.0005538445499524346,0.0013270129103274248,598.0,539441.0,377304939.0,266827949.0,255.0,460418.0,346766031.0,265895177.0
33.6,redis-benchmark,none,5,0.7036329116428561,11.400000000000002,0.0014480258534910568,666.0,546851.0,265405304.0,377192851.0,18677.760000000002,0.7036329116428561,0.0012178820190508932,0.0014480258534910568,0.7728884833387673,0.0005695330263941603,0.0013174797486174457,666.0,546851.0,377192851.0,265405304.0,262.0,460026.0,348972347.0,269716708.0
33.7,redis-benchmark,none,5,0.7060494141550487,11.7,0.0014575510361754332,599.0,550947.0,266592986.0,377584034.0,19169.28,0.7060494141550487,0.0010872189157940782,0.0014575510361754332,0.7674883000194939,0.0006256130790190735,0.0013095763018799564,599.0,550947.0,377584034.0,266592986.0,287.0,458750.0,350084985.0,268686130.0
33.8,redis-benchmark,none,5,0.6998318260659281,12.9,0.001458471644839474,671.0,550450.0,263805500.0,376955563.0,21135.36,0.6998318260659281,0.001219002634208375,0.001458471644839474,0.8207303416245558,0.06430279131865743,0.00930731879667017,671.0,550450.0,376955563.0,263805500.0,2071.0,32207.0,3237882.0,2657428.0
33.9,redis-benchmark,none,5,0.6997985932532634,11.799999999999999,0.0014700419242859128,722.0,555172.0,263940316.0,377166114.0,19333.12,0.6997985932532634,0.0013004978637251158,0.0014700419242859128,0.7803612671142571,0.0009434206105094471,0.0013102714336753695,722.0,555172.0,377166114.0,263940316.0,438.0,464268.0,353995354.0,276244263.0
34.0,redis-benchmark,none,5,0.7042789042630901,8.200000000000001,0.0014522027276407264,823.0,548715.0,265712748.0,377283412.0,13434.880000000001,0.7042789042630901,0.001499867873121748,0.0014522027276407264,0.7802847510629992,0.0005799821443699374,0.0013252587370000688,823.0,548715.0,377283412.0,265712748.0,267.0,460359.0,347171452.0,270892590.0
34.1,redis-benchmark,none,5,0.7023542277492881,11.200000000000001,0.001472840421979188,594.0,556439.0,265066113.0,377396622.0,18350.08,0.7023542277492881,0.0010675024575919373,0.001472840421979188,0.7785161891134507,0.0006844656713304491,0.0013108190699551467,594.0,556439.0,377396622.0,265066113.0,315.0,460213.0,350847810.0,273140700.0
34.3,redis-benchmark,none,5,0.7068757506498834,13.599999999999998,0.0014460070486576185,612.0,545682.0,266455662.0,376948370.0,22282.239999999998,0.7068757506498834,0.0011215323210221337,0.0014460070486576185,0.7814930312290613,0.0006329196518289421,0.0013466042955874898,612.0,545682.0,376948370.0,266455662.0,291.0,459774.0,341216051.0,266657966.0
34.4,redis-benchmark,none,5,0.7015311057539073,19.2,0.0014533237455177609,600.0,548783.0,264612360.0,377192626.0,31457.28,0.7015311057539073,0.0010933283283192082,0.0014533237455177609,0.7773264098428239,0.0006942213617518525,0.0013297620204030724,600.0,548783.0,377192626.0,264612360.0,322.0,463829.0,348563873.0,270947904.0
34.6,redis-benchmark,none,5,0.7007552428521411,12.2,0.0014528776872299303,600.0,548985.0,264498290.0,377447465.0,19988.48,0.7007552428521411,0.0010929260362304981,0.0014528776872299303,0.8644900922183465,0.03940605368360937,0.009738963780333386,600.0,548985.0,377447465.0,264498290.0,1104.0,28016.0,2763333.0,2388874.0
34.7,redis-benchmark,none,5,0.7004855835888175,12.8,0.001484818252346746,600.0,560078.0,263942252.0,376798978.0,20971.52,0.7004855835888175,0.00107127935751806,0.001484818252346746,0.7811125461791263,0.0005341224561879594,0.001310613280057889,600.0,560078.0,376798978.0,263942252.0,248.0,464313.0,354082327.0,276578148.0
34.8,redis-benchmark,none,5,0.7077277387129832,12.8,0.0014515915913638493,737.0,548159.0,266897202.0,377118470.0,20971.52,0.7077277387129832,0.0013445004095527027,0.0014515915913638493,0.9651153837009722,0.04008549572521374,0.009083718608050264,737.0,548159.0,377118470.0,266897202.0,1069.0,26668.0,2818119.0,2719810.0
34.9,redis-benchmark,none,5,0.7013269908723279,13.599999999999998,0.0014697100289906197,699.0,555144.0,264574124.0,377247885.0,22282.239999999998,0.7013269908723279,0.0012591327655527215,0.0014697100289906197,0.7789697200953664,0.0006405858763799107,0.0013105399992342475,699.0,555144.0,377247885.0,264574124.0,296.0,462077.0,352359333.0,274477251.0
35.0,redis-benchmark,none,5,0.7067223868904081,12.8,0.0014562650966199575,668.0,550290.0,266730400.0,377418920.0,20971.52,0.7067223868904081,0.0012139053953370042,0.0014562650966199575,0.7757008047718076,0.0005642368588804851,0.001324666714157853,668.0,550290.0,377418920.0,266730400.0,262.0,464344.0,350338689.0,271758003.0
35.1,redis-benchmark,none,5,0.7030392181203755,13.0,0.001458444547681521,694.0,550111.0,264844967.0,376714357.0,21299.2,0.7030392181203755,0.0012615635753511563,0.001458444547681521,0.7794266223515738,0.000529446976425563,0.0013305171943935325,694.0,550111.0,376714357.0,264844967.0,245.0,462747.0,347610690.0,270937026.0
35.2,redis-benchmark,none,5,0.699043527478647,11.7,0.001478059272929286,602.0,558061.0,263648497.0,377156052.0,19169.28,0.699043527478647,0.0010787351203542265,0.001478059272929286,0.7744649073461987,0.000620814370014017,0.0012897462278595889,602.0,558061.0,377156052.0,263648497.0,287.0,462296.0,358216981.0,277426481.0
35.3,redis-benchmark,none,5,0.7039543120409179,11.5,0.0014809503371901748,646.0,559138.0,265473353.0,377117305.0,18841.6,0.7039543120409179,0.001155349842078342,0.0014809503371901748,0.775662024024565,0.000598649498228727,0.0013054659630321816,646.0,559138.0,377117305.0,265473353.0,279.0,466049.0,356784484.0,276744175.0
35.4,redis-benchmark,none,5,0.7028024805936011,12.3,0.001449371692275632,623.0,547291.0,265080123.0,377175850.0,20152.32,0.7028024805936011,0.0011383340855230582,0.001449371692275632,0.8896061510992022,0.049769221425968665,0.009580629695329057,623.0,547291.0,377175850.0,265080123.0,1639.0,32932.0,3266278.0,2905701.0
35.5,redis-benchmark,none,5,0.7088404849276931,16.200000000000003,0.0014266362879824938,577.0,538651.0,267348194.0,377162704.0,26542.08,0.7088404849276931,0.0010711945211277804,0.0014266362879824938,0.7771739527143038,0.0005687900775327919,0.0013618199699177947,577.0,538651.0,377162704.0,267348194.0,263.0,462385.0,339341477.0,263727357.0
35.6,redis-benchmark,none,5,0.7048625018543206,11.399999999999999,0.0014616583282182703,647.0,552034.0,265897996.0,377233851.0,18677.76,0.7048625018543206,0.0011720292590673763,0.0014616583282182703,0.7734239893064622,0.0005165646505515787,0.0013288444431849165,647.0,552034.0,377233851.0,265897996.0,239.0,462672.0,347996338.0,269148716.0
35.7,redis-benchmark,none,5,0.7063671259449747,11.399999999999999,0.0014773950807199102,625.0,558550.0,266753209.0,377641030.0,18677.76,0.7063671259449747,0.0011189687583922658,0.0014773950807199102,0.7769785301305074,0.0005370882054135902,0.0013192900501977506,625.0,558550.0,377641030.0,266753209.0,249.0,463611.0,351220719.0,272890958.0
35.8,redis-benchmark,none,5,0.7028833488015203,11.899999999999999,0.0014809210808182875,604.0,558700.0,264886759.0,376857354.0,19496.96,0.7028833488015203,0.001081081081081081,0.0014809210808182875,0.7817579367005097,0.0005826874672373683,0.0013224443649073043,604.0,558700.0,376857354.0,264886759.0,269.0,461654.0,348888023.0,272745981.0
35.9,redis-benchmark,none,5,0.7032675111422382,12.7,0.001473128339310006,728.0,556476.0,265312602.0,377257015.0,20807.68,0.7032675111422382,0.0013082325203602671,0.001473128339310006,0.7810582297886351,0.0006022706886388683,0.001336902902690567,728.0,556476.0,377257015.0,265312602.0,282.0,468228.0,350022428.0,273387898.0
36.0,redis-benchmark,none,5,0.7043362746580303,12.8,0.0014759295823349448,624.0,557167.0,265590871.0,377079643.0,20971.52,0.7043362746580303,0.0011199514687696866,0.0014759295823349448,0.7740096151100463,0.0006355537031365496,0.0013042195207329016,624.0,557167.0,377079643.0,265590871.0,276.0,434267.0,332759166.0,257558794.0
36.1,redis-benchmark,none,5,0.7038734997387077,11.7,0.0014751719882046335,643.0,557383.0,265646674.0,377406841.0,19169.28,0.7038734997387077,0.0011536053306254407,0.0014751719882046335,0.7722880807601238,0.0005959629984712253,0.0013175401890179982,643.0,557383.0,377406841.0,265646674.0,276.0,463116.0,351290992.0,271297846.0
36.2,redis-benchmark,none,5,0.705769101253023,12.0,0.0014649163659587305,563.0,557875.0,268502420.0,380439466.0,19660.8,0.705769101253023,0.0010091866457539772,0.0014649163659587305,0.776817721706445,0.0006313718282755117,0.0013249495417918548,563.0,557875.0,380439466.0,268502420.0,292.0,462485.0,348838190.0,270983688.0
36.4,redis-benchmark,none,5,0.7024078358856043,12.9,0.0014598537591359575,616.0,551215.0,264920407.0,377160381.0,21135.36,0.7024078358856043,0.0011175312718267826,0.0014598537591359575,0.7752529188864918,0.0006407907228933737,0.0013392834858624904,616.0,551215.0,377160381.0,264920407.0,299.0,466611.0,348180206.0,269927721.0
36.5,redis-benchmark,none,5,0.7030704139538335,11.899999999999999,0.0014709554543108282,580.0,555971.0,265459419.0,377571597.0,19496.96,0.7030704139538335,0.0010432198801736063,0.0014709554543108282,0.8770404291307051,0.042831565900013774,0.009731331246114468,580.0,555971.0,377571597.0,265459419.0,1244.0,29044.0,2856752.0,2505487.0
36.6,redis-benchmark,none,5,0.7040687993156531,11.6,0.0014385730509007652,634.0,542908.0,265400637.0,376952703.0,19005.44,0.7040687993156531,0.0011677853337950445,0.0014385730509007652,0.7834309013974066,0.0006770772687479245,0.0013851228024620449,634.0,542908.0,376952703.0,265400637.0,314.0,463758.0,334586940.0,262125748.0
36.7,redis-benchmark,none,5,0.7029366361185179,12.3,0.0014562684579324681,632.0,549893.0,265126720.0,377170155.0,20152.32,0.7029366361185179,0.0011493145030033116,0.0014562684579324681,0.7769590735639377,0.0005657856368787783,0.001339115725215394,632.0,549893.0,377170155.0,265126720.0,260.0,459538.0,342971105.0,266474512.0
36.8,redis-benchmark,none,5,0.7052051066453151,13.599999999999998,0.0014668537210957787,739.0,553893.0,265934510.0,377102360.0,22282.239999999998,0.7052051066453151,0.0013341927050892501,0.0014668537210957787,0.782501494319853,0.0006059850319509437,0.001318315512117052,739.0,553893.0,377102360.0,265934510.0,277.0,457107.0,346525544.0,271156756.0
36.9,redis-benchmark,none,5,0.7027947202300731,15.899999999999999,0.0014417724186871217,631.0,559861.0,272597732.0,387876750.0,26050.559999999998,0.7027947202300731,0.001127065468035816,0.0014417724186871217,0.7777155063867807,0.0006453253026184563,0.0013258563616518834,631.0,559861.0,387876750.0,272597732.0,297.0,460233.0,346897306.0,269787414.0
37.0,redis-benchmark,none,5,0.706299799884605,15.1,0.0014494567939817775,698.0,547099.0,266253481.0,376969498.0,24739.84,0.706299799884605,0.0012758202811556957,0.0014494567939817775,0.7769598217537147,0.0007288800608678788,0.0013468290562115588,698.0,547099.0,376969498.0,266253481.0,342.0,469213.0,348129555.0,270482677.0
37.1,redis-benchmark,none,5,0.7006654315204129,15.600000000000001,0.0014626367772213541,744.0,552450.0,264290717.0,377199595.0,25559.04,0.7006654315204129,0.0013467282106978007,0.0014626367772213541,0.7743462399062423,0.0018096294988524302,0.0013438225552894244,744.0,552450.0,377199595.0,264290717.0,574.0,317192.0,235609976.0,182443699.0
37.2,redis-benchmark,none,5,0.7048202113369091,11.899999999999999,0.001456363482493707,661.0,550021.0,265867715.0,377213523.0,19496.96,0.7048202113369091,0.0012017722959668813,0.001456363482493707,0.7744561172146082,0.0005790755080647888,0.0013487896222210813,661.0,550021.0,377213523.0,265867715.0,274.0,473168.0,350606197.0,271529114.0
37.3,redis-benchmark,none,5,0.7038302457471017,9.2,0.0014632022422410075,732.0,552816.0,265563711.0,377312161.0,15073.279999999999,0.7038302457471017,0.0013241295476252497,0.0014632022422410075,0.7704687912912437,0.0006102179040529722,0.0013139173338295618,732.0,552816.0,377312161.0,265563711.0,282.0,462130.0,351504610.0,270823332.0
37.4,redis-benchmark,none,5,0.7018458225525174,12.4,0.0014516151206569509,642.0,548004.0,264645723.0,377071024.0,20316.16,0.7018458225525174,0.001171524295443099,0.0014516151206569509,0.7754862308051255,0.0006787349754710334,0.0013304603538493909,642.0,548004.0,377071024.0,264645723.0,316.0,465572.0,349695501.0,271184046.0
37.5,redis-benchmark,none,5,0.7044900046804305,11.5,0.0014723207131010555,586.0,556402.0,265952121.0,377510141.0,18841.6,0.7044900046804305,0.0010531953515623596,0.0014723207131010555,0.8845830776781338,0.036787605107443166,0.008780580590740059,586.0,556402.0,377510141.0,265952121.0,945.0,25688.0,2817923.0,2492687.0
37.6,redis-benchmark,none,5,0.70304039784797,11.7,0.001460177154398255,550.0,550679.0,264873964.0,376754970.0,19169.28,0.70304039784797,0.0009987669767686802,0.001460177154398255,0.7753677714154724,0.0005999481473386943,0.001333566957079808,550.0,550679.0,376754970.0,264873964.0,280.0,466707.0,349758966.0,271191830.0
37.7,redis-benchmark,none,5,0.7073534591197703,11.5,0.0014344937855334738,658.0,541776.0,266827011.0,377218783.0,18841.6,0.7073534591197703,0.0012145240837541714,0.0014344937855334738,0.7688456072848029,0.0006089170594290048,0.0013298651045950205,658.0,541776.0,377218783.0,266827011.0,281.0,461475.0,346797580.0,266633796.0
37.8,redis-benchmark,none,5,0.7056461054621471,12.1,0.0014239526709222345,663.0,537686.0,266124146.0,377135428.0,19824.64,0.7056461054621471,0.0012330616754016284,0.0014239526709222345,0.769847218581623,0.000569678380813752,0.001344134546749185,663.0,537686.0,377135428.0,266124146.0,263.0,461664.0,343269951.0,264265417.0
37.9,redis-benchmark,none,5,0.6999989539929371,11.899999999999999,0.0014673848435379584,688.0,554110.0,264003559.0,377148505.0,19496.96,0.6999989539929371,0.0012416307231416144,0.0014673848435379584,0.7756540019890888,0.0005860104494464026,0.0013079222311069023,688.0,554110.0,377148505.0,264003559.0,273.0,465862.0,355976058.0,276114254.0
38.0,redis-benchmark,none,5,0.7055501805882092,12.6,0.0014321224964058007,693.0,540847.0,266112538.0,377170250.0,20643.84,0.7055501805882092,0.00128132355361128,0.0014321224964058007,0.774005038873953,0.0011722700459519128,0.0013492618541793215,693.0,540847.0,377170250.0,266112538.0,437.0,372781.0,275961259.0,213595405.0
38.1,redis-benchmark,none,5,0.6996490907139362,11.799999999999999,0.001469798250665654,711.0,555204.0,263948146.0,377257899.0,19333.12,0.6996490907139362,0.0012806103702422893,0.001469798250665654,0.7775863336211278,0.0006887501249310164,0.0013044756464501922,711.0,555204.0,377257899.0,263948146.0,317.0,460254.0,352583815.0,274164356.0
38.2,redis-benchmark,none,5,0.7089579892022622,10.9,0.0014411196179221575,608.0,544577.0,267605245.0,377462768.0,17858.56,0.7089579892022622,0.0011164628693463,0.0014411196179221575,0.7738893596450703,0.0005312383251740022,0.0013324393919261865,608.0,544577.0,377462768.0,267605245.0,246.0,463069.0,347350133.0,268810572.0
38.4,redis-benchmark,none,5,0.6997214341327245,11.899999999999999,0.0014604319254559017,565.0,550928.0,263689653.0,376849472.0,19496.96,0.6997214341327245,0.0010255423576220487,0.0014604319254559017,0.7811045734446569,0.0006701937762197205,0.0013104292376633789,565.0,550928.0,376849472.0,263689653.0,312.0,465537.0,355017262.0,277305607.0
38.5,redis-benchmark,none,5,0.7025333876148876,11.299999999999999,0.0014600284214708029,573.0,551154.0,264927401.0,377102933.0,18513.92,0.7025333876148876,0.0010396368347140726,0.0014600284214708029,0.7806912109950216,0.0006303457120189538,0.0013017428410676875,573.0,551154.0,377102933.0,264927401.0,290.0,460065.0,353199561.0,275739793.0
38.6,redis-benchmark,none,5,0.7038042265145725,10.2,0.0014516242318665445,565.0,547981.0,265408696.0,377105857.0,16711.68,0.7038042265145725,0.0010310576461592647,0.0014516242318665445,0.7790030162540388,0.0006259726484728875,0.0013440938207397461,565.0,547981.0,377105857.0,265408696.0,288.0,460084.0,342086239.0,266486212.0
38.7,redis-benchmark,none,5,0.6996125303581793,12.6,0.0015026035028706645,612.0,567262.0,263832368.0,377112125.0,20643.84,0.6996125303581793,0.0010788665554893506,0.0015026035028706645,0.7863604337037405,0.0006334036397010508,0.0012968510561396874,612.0,567262.0,377112125.0,263832368.0,294.0,464159.0,357685640.0,281269835.0
38.8,redis-benchmark,none,5,0.705969096741933,10.8,0.0014744909309044971,720.0,557197.0,266434711.0,377402796.0,17694.72,0.705969096741933,0.0012921821187120534,0.0014744909309044971,0.7799838881142791,0.0007220495893342961,0.0013193052685977523,720.0,557197.0,377402796.0,266434711.0,336.0,465342.0,352462778.0,274915288.0
38.9,redis-benchmark,none,5,0.705098281574303,11.299999999999999,0.001451762836007384,618.0,548103.0,265904818.0,377117382.0,18513.92,0.705098281574303,0.0011275253009014729,0.001451762836007384,0.779730648148489,0.000572369351872098,0.0013512458755648089,618.0,548103.0,377117382.0,265904818.0,267.0,466482.0,345026030.0,269027370.0
39.0,redis-benchmark,none,5,0.7027421717705626,11.899999999999999,0.0014661632171388763,744.0,558409.0,267292692.0,380356698.0,19496.96,0.7027421717705626,0.001332356749264428,0.0014661632171388763,0.7787828973511808,0.0005924910910885031,0.0012946881479614252,744.0,558409.0,380356698.0,267292692.0,275.0,464142.0,358284735.0,279026024.0
39.1,redis-benchmark,none,5,0.700345104545647,11.899999999999999,0.0014644454311510135,685.0,552940.0,264106178.0,377108623.0,19496.96,0.700345104545647,0.0012388324230477087,0.0014644454311510135,0.7769164826017232,0.0021650425596654523,0.0013198815846025926,685.0,552940.0,377108623.0,264106178.0,555.0,256346.0,193798446.0,150565207.0
39.2,redis-benchmark,none,5,0.7047578185815836,12.3,0.0014355567350506234,631.0,541908.0,265729099.0,377050232.0,20152.32,0.7047578185815836,0.0011644042900270895,0.0014355567350506234,0.7782881917823585,0.0007138311230369645,0.0013599383471831507,631.0,541908.0,377050232.0,265729099.0,332.0,465096.0,341753728.0,265982891.0
39.3,redis-benchmark,none,5,0.7044338299958943,12.2,0.0014625567134002586,584.0,552609.0,265880346.0,377438355.0,19988.48,0.7044338299958943,0.0010568050827981447,0.0014625567134002586,0.7778375050015588,0.0005785850142163519,0.0013099170446519827,584.0,552609.0,377438355.0,265880346.0,268.0,463199.0,353404822.0,274891525.0
39.4,redis-benchmark,none,5,0.7048909163657457,14.0,0.0014424695528284957,640.0,544333.0,265686202.0,376918181.0,22937.6,0.7048909163657457,0.0011757508730868788,0.0014424695528284957,0.7732474650315877,0.0006333488104382731,0.0013440013458746447,640.0,544333.0,376918181.0,265686202.0,296.0,467357.0,347515277.0,268715307.0
39.5,redis-benchmark,none,5,0.7039617837133998,12.3,0.001463270370247028,727.0,552774.0,265583175.0,377269308.0,20152.32,0.7039617837133998,0.001315184867595075,0.001463270370247028,0.8896427142186468,0.04193183149182056,0.008855011855878989,727.0,552774.0,377269308.0,265583175.0,1074.0,25613.0,2771199.0,2465377.0
39.6,redis-benchmark,none,5,0.7028548096412842,11.0,0.0014801599891723853,723.0,559059.0,265126166.0,377213277.0,18022.4,0.7028548096412842,0.001293244541273819,0.0014801599891723853,0.7720141508380126,0.0005429962141698215,0.0013058797913228972,723.0,559059.0,377213277.0,265126166.0,251.0,462250.0,353783712.0,273126032.0
39.7,redis-benchmark,none,5,0.7087124592878703,11.099999999999998,0.001450852759277475,648.0,548151.0,267444229.0,377366343.0,18186.239999999998,0.7087124592878703,0.0011821560117558849,0.001450852759277475,0.7710019406548329,0.0005210228410385148,0.0013320247098963555,648.0,548151.0,377366343.0,267444229.0,242.0,464471.0,348513805.0,268704820.0
39.8,redis-benchmark,none,5,0.7043898390195572,11.6,0.0014598876017641316,619.0,551078.0,265594232.0,377055740.0,19005.44,0.7043898390195572,0.0011232529696340626,0.0014598876017641316,0.7721035260068071,0.000588910429732669,0.0013363145596740757,619.0,551078.0,377055740.0,265594232.0,274.0,465266.0,347965976.0,268665757.0
39.9,redis-benchmark,none,5,0.7037598063943485,12.6,0.0014392118705892918,688.0,543663.0,265509192.0,377272458.0,20643.84,0.7037598063943485,0.0012654898346953903,0.0014392118705892918,0.8930171368391442,0.03918976850528722,0.009226209364113664,688.0,543663.0,377272458.0,265509192.0,1097.0,27992.0,2915065.0,2603203.0
40.1,redis-benchmark,none,5,0.7037254859948802,12.1,0.0014679322130375673,749.0,555143.0,265776024.0,377670028.0,19824.64,0.7037254859948802,0.0013492019173438196,0.0014679322130375673,0.768759453262262,0.0005587504620436513,0.0013160081452240672,749.0,555143.0,377670028.0,265776024.0,260.0,465324.0,353389910.0,271671834.0
40.2,redis-benchmark,none,5,0.7036530642584273,11.7,0.0014621852396629758,582.0,552397.0,265552069.0,377390624.0,19169.28,0.7036530642584273,0.0010535900810467833,0.0014621852396629758,0.7768768260723579,0.0006315981386303654,0.0012904652914849846,582.0,552397.0,377390624.0,265552069.0,291.0,460736.0,356805412.0,277193856.0
40.3,redis-benchmark,none,5,0.7020197858832913,11.5,0.0014498765477371145,586.0,548422.0,265258247.0,377850101.0,18841.6,0.7020197858832913,0.0010685202271243678,0.0014498765477371145,0.7716020183959215,0.0007017001744594012,0.0013022244735232745,586.0,548422.0,377850101.0,265258247.0,327.0,466011.0,357606549.0,275929935.0
40.5,redis-benchmark,none,5,0.701196409994694,10.3,0.0014434697963674717,571.0,550165.0,266977072.0,380745064.0,16875.52,0.701196409994694,0.0010378704570447048,0.0014434697963674717,0.7672832589765877,0.0006020072581228435,0.0012968668937365412,571.0,550165.0,380745064.0,266977072.0,283.0,470094.0,362266168.0,277960766.0
40.6,redis-benchmark,none,5,0.7059714794328449,7.5,0.0014516065357597116,719.0,548294.0,266306553.0,377219988.0,12288.0,0.7059714794328449,0.0013113402663534528,0.0014516065357597116,0.9421938558886773,0.04026491337524596,0.007825612268656659,719.0,548294.0,377219988.0,266306553.0,839.0,20837.0,2555455.0,2407734.0
40.7,redis-benchmark,none,5,0.7067773913019112,10.8,0.001415079109197684,587.0,534871.0,266854234.0,377564757.0,17694.72,0.7067773913019112,0.001097460883091437,0.001415079109197684,0.7801284424704811,0.0005727574178545282,0.0013728728628966027,587.0,534871.0,377564757.0,266854234.0,266.0,464420.0,338089573.0,263753292.0
40.8,redis-benchmark,none,5,0.7047418323815707,12.8,0.0014528827768551772,699.0,548506.0,265721719.0,377048313.0,20971.52,0.7047418323815707,0.001274370745260763,0.0014528827768551772,0.7779723593644252,0.0006520720561213804,0.001314599467002638,699.0,548506.0,377048313.0,265721719.0,302.0,463139.0,352074538.0,273904259.0
40.9,redis-benchmark,none,5,0.7020043139502452,11.799999999999999,0.0014451044725820757,596.0,545609.0,264756967.0,377144359.0,19333.12,0.7020043139502452,0.0010923573474777726,0.0014451044725820757,0.8940673129648804,0.038639613263430246,0.009564414241862931,596.0,545609.0,377144359.0,264756967.0,1135.0,29374.0,2952507.0,2639740.0
41.0,redis-benchmark,none,5,0.7080650025515629,12.8,0.0014457393407967972,608.0,545808.0,267017040.0,377108089.0,20971.52,0.7080650025515629,0.0011139448304165567,0.0014457393407967972,0.7743317675401934,0.0006577287440400071,0.0013339367230541526,608.0,545808.0,377108089.0,267017040.0,305.0,463717.0,347401786.0,269004239.0
41.1,redis-benchmark,none,5,0.7051265553103107,12.5,0.0014327248312609822,605.0,541137.0,266026985.0,377275516.0,20480.0,0.7051265553103107,0.0011180163248863042,0.0014327248312609822,0.7748048002731014,0.003912644803863677,0.0014143977585158987,605.0,541137.0,377275516.0,266026985.0,815.0,208299.0,146694237.0,113659399.0
41.2,redis-benchmark,none,5,0.700735252428772,12.0,0.0014659850042607432,684.0,554014.0,264489634.0,377445880.0,19660.8,0.700735252428772,0.0012346258397802222,0.0014659850042607432,0.780727222908884,0.0005230102916322676,0.0013077221643617337,684.0,554014.0,377445880.0,264489634.0,242.0,462706.0,353640867.0,276097052.0
41.3,redis-benchmark,none,5,0.7066260042256236,12.9,0.0014594732531293608,635.0,551686.0,266799659.0,377568413.0,21135.36,0.7066260042256236,0.0011510170640545527,0.0014594732531293608,0.7726743199614367,0.000608702946509422,0.001305237973586359,635.0,551686.0,377568413.0,266799659.0,283.0,464923.0,355981062.0,275057425.0
41.4,redis-benchmark,none,5,0.7055877275671384,13.200000000000001,0.0014427538495006714,654.0,545375.0,266399187.0,377556435.0,21626.88,0.7055877275671384,0.0011991748796699518,0.0014427538495006714,0.7772327527651314,0.00064507971342173,0.0013296109731107775,654.0,545375.0,377556435.0,266399187.0,301.0,466609.0,350710102.0,272583378.0
41.5,redis-benchmark,none,5,0.7047360145678905,12.5,0.0014620685046230282,646.0,552135.0,265824863.0,377197784.0,20480.0,0.7047360145678905,0.0011700037128600795,0.0014620685046230282,0.7772583659675414,0.0006250794820893174,0.001317543940507147,646.0,552135.0,377197784.0,265824863.0,290.0,463941.0,351905531.0,273521518.0
41.6,redis-benchmark,none,5,0.7045348808073914,11.7,0.0014378684931341398,605.0,543469.0,265995552.0,377547740.0,19169.28,0.7045348808073914,0.0011132189692512361,0.0014378684931341398,0.7816257497132097,0.0005335856523786687,0.0013567152974857052,605.0,543469.0,377547740.0,265995552.0,247.0,462906.0,341014066.0,266545375.0
41.7,redis-benchmark,none,5,0.7063607680355233,11.6,0.001424602794113848,680.0,537978.0,266408454.0,377156357.0,19005.44,0.7063607680355233,0.001263992207859801,0.001424602794113848,0.7958403920228884,0.057609231393696905,0.00953994367136385,680.0,537978.0,377156357.0,266408454.0,1987.0,34491.0,3407148.0,2711546.0
41.8,redis-benchmark,none,5,0.7062293889056478,12.1,0.0014504116798091241,539.0,548178.0,266654469.0,377574869.0,19824.64,0.7062293889056478,0.00098325726315175,0.0014504116798091241,0.7728310245150325,0.0006503889369057908,0.0013335524919862404,539.0,548178.0,377574869.0,266654469.0,301.0,462800.0,346817244.0,268031126.0
41.9,redis-benchmark,none,5,0.7035286851476954,15.1,0.0014384028587583115,711.0,543286.0,265375638.0,377206564.0,24739.84,0.7035286851476954,0.0013087029667615217,0.0014384028587583115,0.7709939630032978,0.0005680186085487881,0.001315470617281581,711.0,543286.0,377206564.0,265375638.0,263.0,463013.0,351775246.0,271216591.0
42.0,redis-benchmark,none,5,0.7020629221391536,13.3,0.001461933429093228,741.0,552766.0,265098449.0,377599273.0,21790.72,0.7020629221391536,0.001340531074631942,0.001461933429093228,0.8603160212407719,0.04177465557222753,0.009678977202269578,741.0,552766.0,377599273.0,265098449.0,1225.0,29324.0,2903096.0,2497580.0
42.1,redis-benchmark,none,5,0.7053898111470334,12.7,0.0014124590156500668,614.0,533877.0,266314479.0,377542282.0,20807.68,0.7053898111470334,0.0011500776396061265,0.0014124590156500668,0.7807813955130566,0.0006449041856638442,0.001368269809764309,614.0,533877.0,377542282.0,266314479.0,301.0,466736.0,340894023.0,266163711.0
42.2,redis-benchmark,none,5,0.7036401993846072,12.1,0.0014378095551547264,621.0,549416.0,268571190.0,381688241.0,19824.64,0.7036401993846072,0.0011302910727026515,0.0014378095551547264,0.7798107458081672,0.0005808577475105333,0.0013275856486505227,621.0,549416.0,381688241.0,268571190.0,272.0,468273.0,352520382.0,274899182.0
42.3,redis-benchmark,none,5,0.7052659041758387,12.8,0.00143481801174542,609.0,542459.0,266339234.0,377643712.0,20971.52,0.7052659041758387,0.001122665491769885,0.00143481801174542,0.7779663672627025,0.0007971105283395475,0.001334569186491601,609.0,542459.0,377643712.0,266339234.0,369.0,462922.0,346593496.0,269638083.0
42.4,redis-benchmark,none,5,0.6984754401356601,13.200000000000001,0.0014753304632711631,576.0,558733.0,264251953.0,378326764.0,21626.88,0.6984754401356601,0.0010309038485287248,0.0014753304632711631,0.7762189888282593,0.0005839734580854655,0.0013008258490362166,576.0,558733.0,378326764.0,264251953.0,273.0,467487.0,359167217.0,278792414.0
42.6,redis-benchmark,none,5,0.7070458503879439,11.899999999999999,0.001458512976171638,594.0,552142.0,267374875.0,378157760.0,19496.96,0.7070458503879439,0.0010758102082435315,0.001458512976171638,0.7768662400472395,0.0005874982114906845,0.0013254519877186806,594.0,552142.0,378157760.0,267374875.0,271.0,461278.0,347811165.0,270202752.0
42.7,redis-benchmark,none,5,0.7008103527600901,11.7,0.001479840563588462,572.0,563814.0,266735373.0,380609921.0,19169.28,0.7008103527600901,0.0010145189725689677,0.001479840563588462,0.7792033003169352,0.000627584487486997,0.001302296185419413,572.0,563814.0,380609921.0,266735373.0,292.0,465276.0,357049345.0,278214028.0
42.8,redis-benchmark,none,5,0.7035487010594106,12.6,0.0014808929144913801,704.0,560277.0,265844244.0,377861893.0,20643.84,0.7035487010594106,0.0012565213278431919,0.0014808929144913801,0.7787750639948118,0.0006235221015931097,0.001297927402659886,704.0,560277.0,377861893.0,265844244.0,289.0,463496.0,356882056.0,277930846.0
42.9,redis-benchmark,none,5,0.701107572953127,12.6,0.0014940246677457496,577.0,563943.0,264373258.0,377079450.0,20643.84,0.701107572953127,0.001023153049155677,0.0014940246677457496,0.7802097100009338,0.0006456349463410421,0.0013079564203913822,577.0,563943.0,377079450.0,264373258.0,299.0,463110.0,353842829.0,276071611.0
43.0,redis-benchmark,none,5,0.7056191782443616,13.899999999999999,0.00145169756540515,671.0,548148.0,266109333.0,377128827.0,22773.76,0.7056191782443616,0.0012241219524653925,0.00145169756540515,0.9401138979086375,0.0513107937081902,0.008542180352789835,671.0,548148.0,377128827.0,266109333.0,1419.0,27655.0,3071347.0,2887416.0
43.1,redis-benchmark,none,5,0.7048014669961749,11.7,0.0014447602793445109,606.0,545298.0,265718629.0,377012026.0,19169.28,0.7048014669961749,0.0011113189485382304,0.0014447602793445109,0.7741046624027723,0.0016990374995687722,0.001347208420446603,606.0,545298.0,377012026.0,265718629.0,788.0,463792.0,343676593.0,266041653.0
43.2,redis-benchmark,none,5,0.7046755645791193,11.200000000000001,0.0014507269958939672,620.0,547710.0,265743283.0,377114372.0,18350.08,0.7046755645791193,0.0011319859049496997,0.0014507269958939672,0.7757672082495553,0.0006227487740311592,0.0013326891759740517,620.0,547710.0,377114372.0,265743283.0,287.0,460860.0,345596714.0,268102598.0
43.3,redis-benchmark,none,5,0.7034374847308538,11.200000000000001,0.0014726261673602451,623.0,555993.0,265286659.0,377128977.0,18350.08,0.7034374847308538,0.0011205177043595873,0.0014726261673602451,0.7781102037416724,0.0006707111926286887,0.001309469413060106,623.0,555993.0,377128977.0,265286659.0,309.0,460705.0,351589732.0,273575558.0
43.4,redis-benchmark,none,5,0.7018463652397906,15.1,0.0014726254696000307,657.0,555931.0,264640974.0,377063966.0,24739.84,0.7018463652397906,0.0011818013386553367,0.0014726254696000307,0.7732223233090321,0.0006889698291311897,0.0013199142766717133,657.0,555931.0,377063966.0,264640974.0,321.0,465913.0,352744120.0,272749628.0
43.5,redis-benchmark,none,5,0.7045920915751854,11.799999999999999,0.0014784682725263421,594.0,558001.0,265642876.0,377016545.0,19333.12,0.7045920915751854,0.0010645142213006786,0.0014784682725263421,0.7790978886238782,0.0006209769026883756,0.0013080092982478916,594.0,558001.0,377016545.0,265642876.0,287.0,462175.0,353122872.0,275117284.0
43.6,redis-benchmark,none,5,0.7053984513437102,11.799999999999999,0.001449278947893088,665.0,552482.0,268582427.0,380752788.0,19333.12,0.7053984513437102,0.001203659123736158,0.001449278947893088,0.7743002551620868,0.0006094068296632543,0.001341758857615448,665.0,552482.0,380752788.0,268582427.0,283.0,464386.0,345891512.0,267823886.0
43.7,redis-benchmark,none,5,0.7034089539889312,11.099999999999998,0.001444461946880768,590.0,545732.0,265467543.0,377401427.0,18186.239999999998,0.7034089539889312,0.0010811167386189557,0.001444461946880768,0.9826908957415565,0.04462972045120157,0.007607710813259599,590.0,545732.0,377401427.0,265467543.0,910.0,20390.0,2560560.0,2516239.0
43.8,redis-benchmark,none,5,0.7030161485637619,9.2,0.001493383098349173,632.0,568819.0,267476334.0,380469687.0,15073.279999999999,0.7030161485637619,0.0011110739971766062,0.001493383098349173,0.7797846668477243,0.0005919294523788435,0.0012911952013766198,632.0,568819.0,380469687.0,267476334.0,274.0,462893.0,358287422.0,279387038.0
43.9,redis-benchmark,none,5,0.6996483279170097,8.8,0.001484804054494987,925.0,561167.0,263989297.0,377317127.0,14417.92,0.6996483279170097,0.0016483506692303717,0.001484804054494987,0.8673587613298447,0.041512683434394175,0.009541034591875584,925.0,561167.0,377317127.0,263989297.0,1157.0,27871.0,2799906.0,2428523.0
44.0,redis-benchmark,none,5,0.7058570111740372,12.4,0.0014469990181811623,668.0,546669.0,266343397.0,377333359.0,20316.16,0.7058570111740372,0.0012219460038890078,0.0014469990181811623,0.7753691224023458,0.0006192069044761637,0.0013542261939014147,668.0,546669.0,377333359.0,266343397.0,291.0,469956.0,346814293.0,268909094.0
44.1,redis-benchmark,none,5,0.7053309201867518,11.5,0.00143110418150195,623.0,540006.0,265839142.0,376899884.0,18841.6,0.7053309201867518,0.0011536908849160935,0.00143110418150195,0.7805943189770305,0.0005704293797458079,0.0013623664505951526,623.0,540006.0,376899884.0,265839142.0,260.0,455797.0,334371857.0,261008772.0
44.2,redis-benchmark,none,5,0.7074331605166116,11.7,0.0014398671492927512,650.0,543734.0,266827138.0,377176464.0,19169.28,0.7074331605166116,0.0011954374749417913,0.0014398671492927512,0.7781067110230473,0.0005604733273578589,0.001346952997625991,650.0,543734.0,377176464.0,266827138.0,257.0,458541.0,340237559.0,264741128.0
44.3,redis-benchmark,none,5,0.7005608599909581,12.1,0.0014652249218834342,633.0,553255.0,264222467.0,377158477.0,19824.64,0.7005608599909581,0.001144137874940127,0.0014652249218834342,0.8127947403671731,0.043906567366283004,0.009710530405447223,633.0,553255.0,377158477.0,264222467.0,1297.0,29540.0,2908492.0,2364007.0
44.4,redis-benchmark,none,5,0.7076041416985883,12.3,0.0014275967734640202,512.0,538874.0,266845084.0,377110687.0,20152.32,0.7076041416985883,0.0009501293437798075,0.0014275967734640202,0.7802282032855588,0.0007614589898407605,0.0013903729759019785,512.0,538874.0,377110687.0,266845084.0,354.0,464897.0,334113945.0,260685123.0
44.6,redis-benchmark,none,5,0.70598452477707,12.3,0.0014596123828052904,582.0,551101.0,266274731.0,377167943.0,20152.32,0.70598452477707,0.0010560677625335464,0.0014596123828052904,0.7685662545265728,0.0006609702519758212,0.0013063445046385374,582.0,551101.0,377167943.0,266274731.0,303.0,458417.0,350683911.0,269523820.0
44.7,redis-benchmark,none,5,0.7037624055680928,12.6,0.0014596726013831084,663.0,551464.0,265561631.0,377345577.0,20643.84,0.7037624055680928,0.0012022543629321225,0.0014596726013831084,0.7728102516870665,0.0006012010952315605,0.0013205710037285144,663.0,551464.0,377345577.0,265561631.0,276.0,459081.0,347429255.0,268496890.0
44.8,redis-benchmark,none,5,0.7055761575650725,11.899999999999999,0.0014729325938038658,685.0,555845.0,265937261.0,376907947.0,19496.96,0.7055761575650725,0.001232357941512472,0.0014729325938038658,0.7734701923700099,0.0006603561112459521,0.0012954316213156095,685.0,555845.0,376907947.0,265937261.0,302.0,457329.0,352799015.0,272879522.0
44.9,redis-benchmark,none,5,0.7030168629179346,11.7,0.0014688486084616134,585.0,554566.0,265145082.0,377153232.0,19169.28,0.7030168629179346,0.0010548789503864284,0.0014688486084616134,0.7786086668684423,0.0005724418734774338,0.00133229656652478,585.0,554566.0,377153232.0,265145082.0,266.0,464676.0,348578546.0,271406277.0
45.0,redis-benchmark,none,5,0.7065558727063469,12.7,0.0014557714819702877,594.0,549571.0,266444925.0,377103829.0,20807.68,0.7065558727063469,0.0010808430575849162,0.0014557714819702877,0.7766743393724505,0.0006852301750451629,0.0013339897348816335,594.0,549571.0,377103829.0,266444925.0,319.0,465537.0,348741814.0,270858818.0
45.1,redis-benchmark,none,5,0.7042677457874837,12.1,0.0014609158612552135,672.0,551886.0,265725256.0,377307150.0,19824.64,0.7042677457874837,0.0012176427740511627,0.0014609158612552135,0.7671151291696261,0.0016062625277642342,0.001313764794944415,672.0,551886.0,377307150.0,265725256.0,593.0,369180.0,280557830.0,215220156.0
45.2,redis-benchmark,none,5,0.703762933081304,12.0,0.0014477309616537496,625.0,551483.0,267780031.0,380497492.0,19660.8,0.703762933081304,0.0011333078263518548,0.0014477309616537496,0.7699070674049882,0.0006411058968790878,0.001326052797028487,625.0,551483.0,380497492.0,267780031.0,297.0,463262.0,349130141.0,268797763.0
45.3,redis-benchmark,none,5,0.7075433474590933,11.5,0.0014447904562626846,605.0,545477.0,266834929.0,377128737.0,18841.6,0.7075433474590933,0.0011091210078518433,0.0014447904562626846,0.7716652991432844,0.0006875229808907774,0.0013288137493445438,605.0,545477.0,377128737.0,266834929.0,316.0,459621.0,345650397.0,266726417.0
45.5,redis-benchmark,none,5,0.7043464635348071,13.3,0.0014609792850182868,604.0,551072.0,265383769.0,376780154.0,21790.72,0.7043464635348071,0.0010960455258115093,0.0014609792850182868,0.7791935950162883,0.000649874651660731,0.001330525789252328,604.0,551072.0,376780154.0,265383769.0,302.0,464705.0,349037203.0,271967553.0
45.6,redis-benchmark,none,5,0.7038177895280914,12.0,0.0014522284017724155,625.0,548244.0,265401774.0,377088755.0,19660.8,0.7038177895280914,0.0011400033561698806,0.0014522284017724155,0.7702911515771679,0.0006237438491925982,0.001336842122859285,625.0,548244.0,377088755.0,265401774.0,288.0,461728.0,345171649.0,265882667.0
45.7,redis-benchmark,none,5,0.7015763176586365,11.0,0.0014748342367392208,612.0,556788.0,264572045.0,377110855.0,18022.4,0.7015763176586365,0.001099161619862497,0.0014748342367392208,0.7700924133591754,0.000588541892889719,0.0012987866014863413,612.0,556788.0,377110855.0,264572045.0,271.0,460460.0,354322257.0,272860882.0
45.8,redis-benchmark,none,5,0.7051578428286365,10.2,0.001485244108492944,604.0,560715.0,265927104.0,377117133.0,16711.68,0.7051578428286365,0.0010771960800049936,0.001485244108492944,0.7718388447446356,0.0006213685369496256,0.0012941198000335052,604.0,560715.0,377117133.0,265927104.0,285.0,458665.0,354202138.0,273386969.0
45.9,redis-benchmark,none,5,0.7045971533317711,11.099999999999998,0.0014597029486216836,689.0,551589.0,265918879.0,377405554.0,18186.239999999998,0.7045971533317711,0.0012491184559518048,0.0014597029486216836,0.7702921620101992,0.0005874221774801118,0.0013140148368681892,689.0,551589.0,377405554.0,265918879.0,269.0,457933.0,348294393.0,268288441.0
46.0,redis-benchmark,none,5,0.707884644721269,12.3,0.0014634205139145283,643.0,552088.0,266744551.0,376819236.0,20152.32,0.707884644721269,0.0011646694005303503,0.0014634205139145283,0.7710415354882789,0.0005981016211360908,0.0013265643219328327,643.0,552088.0,376819236.0,266744551.0,277.0,463132.0,348912595.0,269026103.0
46.1,redis-benchmark,none,5,0.7035765648283878,11.7,0.0014751620615756744,608.0,556911.0,265327969.0,377113142.0,19169.28,0.7035765648283878,0.0010917363815762303,0.0014751620615756744,0.770444719577841,0.0005697869906580932,0.001307851335089201,608.0,556911.0,377113142.0,265327969.0,263.0,461576.0,352725870.0,271755784.0
46.2,redis-benchmark,none,5,0.7072088171147265,11.200000000000001,0.0014440761871265565,645.0,545229.0,266699645.0,377115837.0,18350.08,0.7072088171147265,0.0011829891660201494,0.0014440761871265565,0.9829075132927027,0.0405417772490162,0.007838059295322284,645.0,545229.0,377115837.0,266699645.0,886.0,21854.0,2675152.0,2629427.0
46.3,redis-benchmark,none,5,0.7089882909600166,11.399999999999999,0.0014217509990649198,746.0,536992.0,267411196.0,377172937.0,18677.76,0.7089882909600166,0.0013892199511352124,0.0014217509990649198,0.767909636810704,0.0005971371906527551,0.001362940790198734,746.0,536992.0,377172937.0,267411196.0,277.0,463880.0,340149039.0,261203725.0
46.4,redis-benchmark,none,5,0.7057129848691918,10.899999999999999,0.0014471558824140896,591.0,546307.0,266121205.0,377095520.0,17858.559999999998,0.7057129848691918,0.0010818093123463547,0.0014471558824140896,0.771093177568226,0.0006453986304641062,0.0013343720467191911,591.0,546307.0,377095520.0,266121205.0,300.0,464829.0,348125548.0,268437235.0
46.5,redis-benchmark,none,5,0.7071476789348908,11.200000000000001,0.0014532299765063921,587.0,548605.0,266667811.0,377103424.0,18350.08,0.7071476789348908,0.0010699866023824063,0.0014532299765063921,0.7695103480749088,0.000655490054783341,0.0013241579934555841,587.0,548605.0,377103424.0,266667811.0,302.0,460724.0,347709263.0,267565876.0
46.7,redis-benchmark,none,5,0.7043732304201562,11.299999999999999,0.0014603796183289852,624.0,551911.0,265897853.0,377495682.0,18513.92,0.7043732304201562,0.0011306170741297056,0.0014603796183289852,0.7713282692560975,0.0006299805810109565,0.0013234573926752913,624.0,551911.0,377495682.0,265897853.0,291.0,461919.0,348804580.0,269042833.0
46.8,redis-benchmark,none,5,0.7058170544323065,11.5,0.0014732337476517359,696.0,556162.0,266120279.0,377038607.0,18841.6,0.7058170544323065,0.001251433934716863,0.0014732337476517359,0.7679883661801618,0.0006347459499742202,0.0013053020180746932,696.0,556162.0,377038607.0,266120279.0,293.0,461602.0,353411696.0,271416071.0
46.9,redis-benchmark,none,5,0.7023511184143633,11.200000000000001,0.0014688075974147617,550.0,554005.0,264649869.0,376805649.0,18350.08,0.7023511184143633,0.00099277082336802,0.0014688075974147617,0.7736403109673381,0.0005893633116940236,0.001306814046934586,550.0,554005.0,376805649.0,264649869.0,268.0,454728.0,347761796.0,269042544.0
47.0,redis-benchmark,none,5,0.7065106003364818,13.4,0.0014700027645373802,667.0,565971.0,271695590.0,384559821.0,21954.56,0.7065106003364818,0.001178505612478378,0.0014700027645373802,0.7666521757900983,0.0007447255905235859,0.0012939594805275313,667.0,565971.0,384559821.0,271695590.0,340.0,456544.0,352564363.0,270294236.0
47.1,redis-benchmark,none,5,0.6996464933516209,12.9,0.0014855841947278216,900.0,561322.0,263934746.0,377240147.0,21135.36,0.6996464933516209,0.001603357787508774,0.0014855841947278216,0.9421686893397445,0.08943475807170226,0.007761069638232787,900.0,561322.0,377240147.0,263934746.0,3011.0,33667.0,3949971.0,3721539.0
47.2,redis-benchmark,none,5,0.701062860990698,12.5,0.0014723092547886008,653.0,560486.0,266573156.0,380241446.0,20480.0,0.701062860990698,0.0011650603226485586,0.0014723092547886008,0.7767034159312889,0.00199229759676413,0.0013170750481693201,653.0,560486.0,380241446.0,266573156.0,926.0,464790.0,352192535.0,273549145.0
47.3,redis-benchmark,none,5,0.7084907015499703,13.700000000000001,0.0014346132786144795,639.0,557454.0,274985779.0,388128988.0,22446.08,0.7084907015499703,0.0011462829219989453,0.0014346132786144795,0.7778023431096077,0.0006692863816787823,0.0013554881919774291,639.0,557454.0,388128988.0,274985779.0,303.0,452721.0,333767570.0,259605198.0
47.4,redis-benchmark,none,5,0.7030447840957762,15.5,0.0014742524379043895,607.0,556612.0,265148902.0,377143687.0,25395.2,0.7030447840957762,0.001090526255272973,0.0014742524379043895,0.7652921376287152,0.003083442773112026,0.0013134905836903828,607.0,556612.0,377143687.0,265148902.0,1397.0,453065.0,343868472.0,263159838.0
47.5,redis-benchmark,none,5,0.7054312220540409,17.7,0.0014628084014502015,639.0,551607.0,265701256.0,376650831.0,28999.68,0.7054312220540409,0.0011584334499018323,0.0014628084014502015,0.7718156047811392,0.0007663289549381009,0.001315625764356629,639.0,551607.0,376650831.0,265701256.0,349.0,455418.0,345895476.0,266967526.0
47.6,redis-benchmark,none,5,0.7012912017121365,15.600000000000001,0.0014833139375715642,704.0,556018.0,262545111.0,374373884.0,25559.04,0.7012912017121365,0.0012661460600196395,0.0014833139375715642,0.7767240331709042,0.0006629515550303602,0.0013017752272332114,704.0,556018.0,374373884.0,262545111.0,308.0,464589.0,356652201.0,277020336.0
47.7,redis-benchmark,none,5,0.7011747002004599,11.899999999999999,0.0014737392396486472,593.0,561214.0,266731896.0,380407188.0,19496.96,0.7011747002004599,0.0010566379313416985,0.0014737392396486472,0.9337925366905756,0.06906151088738893,0.008242296228369543,593.0,561214.0,380407188.0,266731896.0,1811.0,26223.0,2961796.0,2765703.0
47.8,redis-benchmark,none,5,0.7073204459023716,12.0,0.0014563711229129332,573.0,549748.0,266719588.0,377084516.0,19660.8,0.7073204459023716,0.0010422957427766904,0.0014563711229129332,0.7750228439023016,0.0005793465145555366,0.0013315287932843885,573.0,549748.0,377084516.0,266719588.0,266.0,459138.0,344620411.0,267088691.0
47.9,redis-benchmark,none,5,0.7031574058048027,11.899999999999999,0.0014746615235763448,641.0,557290.0,265424886.0,377475774.0,19496.96,0.7031574058048027,0.0011502090473541602,0.0014746615235763448,0.7723814461286638,0.0005413478910260173,0.0013095445623047403,641.0,557290.0,377475774.0,265424886.0,249.0,459963.0,351048764.0,271143552.0
48.0,redis-benchmark,none,5,0.7026389180029825,11.899999999999999,0.001468228236352796,670.0,554232.0,264913993.0,377027213.0,19496.96,0.7026389180029825,0.0012088800357972834,0.001468228236352796,0.7757090023359187,0.015363002218559397,0.0015386587160134391,670.0,554232.0,377027213.0,264913993.0,2209.0,143787.0,92013907.0,71376016.0
48.1,redis-benchmark,none,5,0.7029794010594275,13.7,0.0014401564864542644,703.0,545338.0,265851100.0,378177653.0,22446.079999999998,0.7029794010594275,0.0012891087729078113,0.0014401564864542644,0.7755659589261696,0.0006627506093203892,0.0013544639787088095,703.0,545338.0,378177653.0,265851100.0,307.0,463221.0,341769148.0,265064517.0
48.2,redis-benchmark,none,5,0.7076093754776279,13.0,0.0014532235778131678,657.0,556832.0,270814932.0,382718123.0,21299.2,0.7076093754776279,0.00117988908683409,0.0014532235778131678,0.7757531523349929,0.0005866791363043977,0.0013304434276059803,657.0,556832.0,382718123.0,270814932.0,271.0,461922.0,346990327.0,269178840.0
48.3,redis-benchmark,none,5,0.6999029737032529,12.1,0.0014701286139296272,592.0,561338.0,266961536.0,381426492.0,19824.64,0.6999029737032529,0.0010546230613284688,0.0014701286139296272,0.7794267639203997,0.0005681267955711934,0.0012957319439987547,592.0,561338.0,381426492.0,266961536.0,264.0,464685.0,358423671.0,279365002.0
48.4,redis-benchmark,none,5,0.6992485698339903,12.2,0.0014685269309520697,542.0,556337.0,264645374.0,378471098.0,19988.48,0.6992485698339903,0.0009742296485763125,0.0014685269309520697,0.7771781647015429,0.0006711699074173986,0.0013055164889504802,542.0,556337.0,378471098.0,264645374.0,311.0,463370.0,354694103.0,275660512.0
48.6,redis-benchmark,none,5,0.7045747062115646,12.5,0.0014834593635564516,569.0,562556.0,266917878.0,378835453.0,20480.0,0.7045747062115646,0.0010114548596050882,0.0014834593635564516,0.7761652681769411,0.0006392787713629292,0.0012913082848913704,569.0,562556.0,378835453.0,266917878.0,293.0,458329.0,354706932.0,275311201.0
48.7,redis-benchmark,none,5,0.7008342143172565,12.4,0.0014848056431769421,608.0,561770.0,264870713.0,377936333.0,20316.16,0.7008342143172565,0.0010822934652971858,0.0014848056431769421,0.7788685488118717,0.0006643968257080183,0.001296060260227976,608.0,561770.0,377936333.0,264870713.0,305.0,459063.0,353963480.0,275691022.0
48.8,redis-benchmark,none,5,0.7026343154334126,11.799999999999999,0.0014784604611378384,684.0,565400.0,268379744.0,381962193.0,19333.12,0.7026343154334126,0.0012097629996462682,0.0014784604611378384,0.7738340132333613,0.0006496167697043154,0.0012774316993731294,684.0,565400.0,381962193.0,268379744.0,298.0,458732.0,358871633.0,277707076.0
48.9,redis-benchmark,none,5,0.7011982475436314,12.5,0.0014697037314716826,597.0,556788.0,265359709.0,378437496.0,20480.0,0.7011982475436314,0.0010722213840815534,0.0014697037314716826,0.7759345594501817,0.0007385025607957529,0.0013012498140526616,597.0,556788.0,378437496.0,265359709.0,339.0,459037.0,352505718.0,273521369.0
49.0,redis-benchmark,none,5,0.7069766208716772,12.2,0.0014577365233257847,603.0,556974.0,269830167.0,381667737.0,19988.48,0.7069766208716772,0.0010826358142390848,0.0014577365233257847,0.7669234579290194,0.0007630758497394641,0.001316355393220375,603.0,556974.0,381667737.0,269830167.0,350.0,458670.0,348173451.0,267022387.0
49.1,redis-benchmark,none,5,0.6986431945055808,13.600000000000001,0.0014818838870108866,695.0,559970.0,263673609.0,377408112.0,22282.24,0.6986431945055808,0.0012411379181027555,0.0014818838870108866,0.8055497063842652,0.0559296446286933,0.011225754868402195,695.0,559970.0,377408112.0,263673609.0,2334.0,41731.0,3509519.0,2827092.0
49.2,redis-benchmark,none,5,0.7033715135139001,12.3,0.0014478569806418236,655.0,548338.0,266065382.0,378271478.0,20152.32,0.7033715135139001,0.0011945187092632645,0.0014478569806418236,0.776724103966333,0.0008001372889718343,0.0013479222207986347,655.0,548338.0,378271478.0,266065382.0,373.0,466170.0,345566675.0,268409966.0
49.3,redis-benchmark,none,5,0.7040102587036289,11.7,0.0014708990487208714,584.0,562496.0,268945590.0,382019419.0,19169.28,0.7040102587036289,0.0010382296051883037,0.0014708990487208714,0.7794526141329062,0.0007143427507159614,0.00130699835559638,584.0,562496.0,382019419.0,268945590.0,331.0,463363.0,354271295.0,276137687.0
49.4,redis-benchmark,none,5,0.7005169044298801,11.799999999999999,0.0014842749556886106,586.0,561383.0,264673184.0,377825549.0,19333.12,0.7005169044298801,0.0010438506331684428,0.0014842749556886106,0.7807113068633559,0.0006272596593631572,0.0012985762764390224,586.0,561383.0,377825549.0,264673184.0,288.0,459140.0,353350056.0,275864384.0
49.5,redis-benchmark,none,5,0.7011531835788565,23.499999999999996,0.0014884917610971096,585.0,560357.0,263680277.0,376066576.0,38502.399999999994,0.7011531835788565,0.0010439773216003368,0.0014884917610971096,0.778459326244779,0.0006314024755331541,0.0012823880762877484,585.0,560357.0,376066576.0,263680277.0,290.0,459295.0,357929872.0,278633847.0
49.6,redis-benchmark,none,5,0.7012373943148925,13.399999999999999,0.0014698776986345888,647.0,556640.0,265248655.0,378258001.0,21954.559999999998,0.7012373943148925,0.0011623311296349525,0.0014698776986345888,0.7779860570222302,0.0008648231555858039,0.0013128057221170083,647.0,556640.0,378258001.0,265248655.0,399.0,461366.0,351131163.0,273175149.0
49.7,redis-benchmark,none,5,0.7005607707582527,11.899999999999999,0.001486203904355357,631.0,563638.0,265387957.0,378822178.0,19496.96,0.7005607707582527,0.0011195128788335776,0.001486203904355357,0.7774706127648754,0.0005517864629836006,0.0012918937588765238,631.0,563638.0,378822178.0,265387957.0,254.0,460323.0,356119841.0,276872711.0
49.8,redis-benchmark,none,5,0.7060374440905794,12.8,0.0014602132611743408,654.0,553898.0,267502693.0,378878904.0,20971.52,0.7060374440905794,0.0011807228045596842,0.0014602132611743408,0.7370567224085972,0.08101532722406941,0.011151666402603498,654.0,553898.0,378878904.0,267502693.0,2997.0,36993.0,3048513.0,2246927.0
49.9,redis-benchmark,none,5,0.7022380745731472,12.0,0.001463426797013305,665.0,553077.0,265079702.0,377478396.0,19660.8,0.7022380745731472,0.0012023642277657542,0.001463426797013305,0.7693746907087383,0.0005607189325989864,0.0013153119833820201,665.0,553077.0,377478396.0,265079702.0,259.0,461907.0,350979848.0,270035012.0
50.0,redis-benchmark,none,5,0.7055387999193932,11.799999999999999,0.0014761647745756166,669.0,562509.0,268533653.0,380607917.0,19333.12,0.7055387999193932,0.0011893143043044646,0.0014761647745756166,0.7735658040431475,0.0005871699058153567,0.0013023999346356806,669.0,562509.0,380607917.0,268533653.0,272.0,463239.0,355472223.0,274981156.0
50.1,redis-benchmark,none,5,0.7057404661444733,12.5,0.0014697888855120518,678.0,555615.0,266461055.0,377562387.0,20480.0,0.7057404661444733,0.0012202694311708648,0.0014697888855120518,0.7709397163101676,0.00065164268259571,0.001324868508006446,678.0,555615.0,377562387.0,266461055.0,300.0,460375.0,347260877.0,267717202.0
50.2,redis-benchmark,none,5,0.7066834617722302,8.5,0.0014834099685567049,625.0,559619.0,266299825.0,376830419.0,13926.4,0.7066834617722302,0.0011168312727051798,0.0014834099685567049,0.7714796582010088,0.0005792241445011813,0.001305926843683662,625.0,559619.0,376830419.0,266299825.0,266.0,459235.0,351450774.0,271137123.0
50.3,redis-benchmark,none,5,0.7020548244662571,8.299999999999999,0.0014581335711642384,838.0,550964.0,264871902.0,377280937.0,13598.72,0.7020548244662571,0.0015209705171299757,0.0014581335711642384,0.9524945997424261,0.04386633774388876,0.0085604975425264,838.0,550964.0,377280937.0,264871902.0,978.0,22295.0,2490159.0,2371863.0
50.4,redis-benchmark,none,5,0.6987864159434033,10.899999999999999,0.0014971720181375704,633.0,564981.0,263402409.0,376942658.0,17858.559999999998,0.6987864159434033,0.0011203916591885391,0.0014971720181375704,0.9652552154471531,0.08906853627128344,0.008834854552399402,633.0,564981.0,376942658.0,263402409.0,2490.0,27956.0,2882447.0,2782297.0
50.5,redis-benchmark,none,5,0.7017853654305416,12.3,0.0014963479638186287,510.0,564830.0,264665390.0,377131532.0,20152.32,0.7017853654305416,0.0009029265442699573,0.0014963479638186287,0.964045561105022,0.09080154860911958,0.008697885730981798,510.0,564830.0,377131532.0,264665390.0,2533.0,27896.0,2915996.0,2811153.0
50.7,redis-benchmark,none,5,0.7045266185669702,12.3,0.0014732831993165567,684.0,556890.0,265978688.0,377528231.0,20152.32,0.7045266185669702,0.0012282497441146367,0.0014732831993165567,0.7687582156572778,0.0006389692749552394,0.0013165391927521942,684.0,556890.0,377528231.0,265978688.0,293.0,458551.0,348077750.0,267587630.0
50.8,redis-benchmark,none,5,0.7057014965781792,12.5,0.0014876237092026436,699.0,561411.0,265991524.0,376917897.0,20480.0,0.7057014965781792,0.0012450771360019664,0.0014876237092026436,0.772301439260593,0.0006901991717609938,0.0012929647149780446,699.0,561411.0,376917897.0,265991524.0,315.0,456390.0,352735844.0,272418400.0
51.0,redis-benchmark,none,5,0.7051802114745903,11.5,0.0014604627743501756,560.0,552068.0,266294037.0,377625510.0,18841.6,0.7051802114745903,0.001014367795271597,0.0014604627743501756,0.7640843364906263,0.0005942056213599444,0.001304231963340215,560.0,552068.0,377625510.0,266294037.0,272.0,457754.0,350767358.0,268015844.0
51.1,redis-benchmark,none,5,0.7057094259675823,12.0,0.0014627506953364144,620.0,551877.0,265955957.0,376863263.0,19660.8,0.7057094259675823,0.0011234387372548594,0.0014627506953364144,0.7677730882658541,0.006756988705930817,0.001492581970521848,620.0,551877.0,376863263.0,265955957.0,1181.0,174782.0,116309190.0,89299066.0
51.2,redis-benchmark,none,5,0.7023195709577924,13.3,0.0014699607652742773,515.0,555127.0,264983169.0,377297145.0,21790.72,0.7023195709577924,0.0009277156398445762,0.0014699607652742773,0.768430516082114,0.0006773080241587575,0.001302060421257127,515.0,555127.0,377297145.0,264983169.0,314.0,463600.0,355809909.0,273415192.0
51.3,redis-benchmark,none,5,0.7062894149660233,11.0,0.001452208844561674,563.0,549097.0,266782398.0,377723908.0,18022.4,0.7062894149660233,0.0010253197522477814,0.001452208844561674,0.7685279256776051,0.0006271858952860883,0.0013196832914238955,563.0,549097.0,377723908.0,266782398.0,288.0,459194.0,347739494.0,267247512.0
51.4,redis-benchmark,none,5,0.6981620934957143,11.299999999999999,0.0014893933772691101,559.0,563249.0,263764318.0,377798108.0,18513.92,0.6981620934957143,0.000992456267121646,0.0014893933772691101,0.7758039685842564,0.0007009250053378136,0.0012848197570200278,559.0,563249.0,377798108.0,263764318.0,325.0,463673.0,360632686.0,279780269.0
51.5,redis-benchmark,none,5,0.7048848246016434,13.7,0.001486150419014667,601.0,561249.0,265916735.0,377248489.0,22446.079999999998,0.7048848246016434,0.0010708259613825594,0.001486150419014667,0.7713913432909728,0.0006622487891235375,0.0013049432651812123,601.0,561249.0,377248489.0,265916735.0,306.0,462062.0,353851399.0,272957906.0
51.6,redis-benchmark,none,5,0.700636193337521,12.4,0.0014777461990997697,604.0,558951.0,264726187.0,377836871.0,20316.16,0.700636193337521,0.0010805956157158678,0.0014777461990997697,0.7745874065116571,0.0007374032291849236,0.0013244515072591196,604.0,558951.0,377836871.0,264726187.0,345.0,467858.0,352986121.0,273418604.0
51.7,redis-benchmark,none,5,0.7028064019589025,12.3,0.0014780291565966084,625.0,558124.0,265092109.0,377190800.0,20152.32,0.7028064019589025,0.0011198228350689093,0.0014780291565966084,0.769170161806443,0.0006323680206222238,0.0012922584047426985,625.0,558124.0,377190800.0,265092109.0,288.0,455431.0,352207421.0,270907439.0
51.8,redis-benchmark,none,5,0.7081924719350163,12.8,0.0014485617364840418,597.0,547833.0,267540144.0,377778859.0,20971.52,0.7081924719350163,0.001089748153178067,0.0014485617364840418,0.7676329794755988,0.000660054503510488,0.001322994277013707,597.0,547833.0,377778859.0,267540144.0,303.0,459053.0,346751311.0,266177742.0
51.9,redis-benchmark,none,5,0.7034209108440261,12.6,0.0014556566999653065,631.0,555790.0,268270980.0,381380445.0,20643.84,0.7034209108440261,0.0011353208945824862,0.0014556566999653065,0.7665084952859431,0.0005672694081844606,0.0013278345905479595,631.0,555790.0,381380445.0,268270980.0,266.0,468913.0,352940798.0,270532120.0
52.0,redis-benchmark,none,5,0.7061095102981143,12.8,0.001453251568425528,536.0,550212.0,267077951.0,378238711.0,20971.52,0.7061095102981143,0.0009741699563077504,0.001453251568425528,0.7706878252765665,0.0005087829738795995,0.0013234160180415457,536.0,550212.0,378238711.0,267077951.0,236.0,463852.0,350317658.0,269985554.0
52.1,redis-benchmark,none,5,0.7040913854453843,12.3,0.0014661113226541371,600.0,555268.0,266376062.0,378325978.0,20152.32,0.7040913854453843,0.001080559297492382,0.0014661113226541371,0.7673049786128128,0.0005512420037860498,0.0013222480298065939,600.0,555268.0,378325978.0,266376062.0,258.0,468034.0,353773263.0,271451986.0
52.2,redis-benchmark,none,5,0.7031158883452444,12.7,0.0014740090362447493,571.0,566919.0,270153213.0,384222882.0,20807.68,0.7031158883452444,0.0010071985592298017,0.0014740090362447493,0.7660254219197723,0.0005717467820645798,0.001294224570162299,571.0,566919.0,384222882.0,270153213.0,269.0,470488.0,363321027.0,278313143.0
52.3,redis-benchmark,none,5,0.7030319114310501,11.899999999999999,0.0014636041653599142,563.0,553392.0,265547501.0,377717564.0,19496.96,0.7030319114310501,0.0010173620146297741,0.0014636041653599142,0.7678797309362448,0.0005128405717737764,0.0013018061732069548,563.0,553392.0,377717564.0,265547501.0,236.0,460182.0,353313734.0,271302455.0
52.4,redis-benchmark,none,5,0.7013049294557152,11.5,0.0014458817356539,671.0,546392.0,264694420.0,377431284.0,18841.6,0.7013049294557152,0.001228056047672733,0.0014458817356539,0.7648355092493978,0.0005387480011590594,0.0013216874042844655,671.0,546392.0,377431284.0,264694420.0,251.0,465895.0,352310235.0,269459378.0
52.5,redis-benchmark,none,5,0.7068476218210052,12.8,0.0014269358050980094,563.0,539025.0,266732801.0,377355448.0,20971.52,0.7068476218210052,0.0010444784564723343,0.0014269358050980094,0.7712284159124198,0.0006621131113493089,0.0013624783935982194,563.0,539025.0,377355448.0,266732801.0,307.0,463667.0,340086127.0,262284085.0
52.7,redis-benchmark,none,5,0.7023234153102564,11.7,0.0014647935284690667,579.0,554731.0,265698829.0,378314069.0,19169.28,0.7023234153102564,0.0010437491324624007,0.0014647935284690667,0.7707379992870524,0.00062104274591778,0.0013231651094746735,579.0,554731.0,378314069.0,265698829.0,287.0,462126.0,349041096.0,269019236.0
52.8,redis-benchmark,none,5,0.7050118279526875,12.0,0.0014677890712083803,724.0,556920.0,267153344.0,378934556.0,19660.8,0.7050118279526875,0.0013000071823601235,0.0014677890712083803,0.772881499395103,0.0006387839286294295,0.0013252981571236933,724.0,556920.0,378934556.0,267153344.0,295.0,461815.0,348238619.0,269147186.0
52.9,redis-benchmark,none,5,0.700435187646288,12.7,0.0014830873163803177,557.0,562341.0,265320374.0,378793611.0,20807.68,0.700435187646288,0.0009905022041786034,0.0014830873163803177,0.7767859690418903,0.0005573488272003443,0.0013192386134868383,557.0,562341.0,378793611.0,265320374.0,259.0,464700.0,352052309.0,273469294.0
53.0,redis-benchmark,none,5,0.7018375591064321,11.6,0.001476460952959519,549.0,559368.0,265635310.0,378485458.0,19005.44,0.7018375591064321,0.0009814647959840391,0.001476460952959519,0.7762656986138318,0.0006713410305192062,0.0013292497907589457,549.0,559368.0,378485458.0,265635310.0,313.0,466231.0,350511998.0,272090441.0
53.1,redis-benchmark,none,5,0.7044362405813754,13.0,0.0014759404200486625,570.0,558545.0,266310080.0,378047103.0,21299.2,0.7044362405813754,0.0010205086429920598,0.0014759404200486625,0.7757141601536266,0.0012054461438602095,0.0013484494457080616,570.0,558545.0,378047103.0,266310080.0,468.0,388238.0,287567325.0,223070046.0
53.2,redis-benchmark,none,5,0.7010698951955032,12.0,0.0014460434181276412,731.0,547654.0,265158878.0,378220317.0,19660.8,0.7010698951955032,0.0013347843711540499,0.0014460434181276412,0.7730850081298398,0.0007443577681176681,0.001352430228211915,731.0,547654.0,378220317.0,265158878.0,350.0,470204.0,347414595.0,268581015.0
53.3,redis-benchmark,none,5,0.7029838653875896,10.8,0.0014676724961966514,577.0,555245.0,265674158.0,377923550.0,17694.72,0.7029838653875896,0.0010391809021242874,0.0014676724961966514,0.7745379374625675,0.0007097063157370884,0.0012991754731738936,577.0,555245.0,377923550.0,265674158.0,328.0,462163.0,355483158.0,275335192.0
53.4,redis-benchmark,none,5,0.7013138728437727,12.1,0.001461928452455928,593.0,553889.0,265426232.0,378469958.0,19824.64,0.7013138728437727,0.0010706116207398956,0.001461928452455928,0.7784045951215085,0.0009684634647697149,0.001326565177398306,593.0,553889.0,378469958.0,265426232.0,449.0,463621.0,349151333.0,271781002.0
53.5,redis-benchmark,none,5,0.7039036275437693,12.4,0.0014494327333410063,583.0,553147.0,268347606.0,381227764.0,20316.16,0.7039036275437693,0.0010539693788450448,0.0014494327333410063,0.7753529437296545,0.0006508235585325102,0.00133374061805851,583.0,553147.0,381227764.0,268347606.0,305.0,468637.0,351141739.0,272258781.0
53.6,redis-benchmark,none,5,0.6995991834291353,11.200000000000001,0.0014590435455760788,589.0,552844.0,264801656.0,378504810.0,18350.08,0.6995991834291353,0.0010654000043411884,0.0014590435455760788,0.7803561175526937,0.0007265107435201494,0.0013251236184125288,589.0,552844.0,378504810.0,264801656.0,337.0,463861.0,349796799.0,272966072.0
53.7,redis-benchmark,none,5,0.7005712151046612,9.8,0.0014779341372708754,625.0,559378.0,264860428.0,378063532.0,16056.32,0.7005712151046612,0.0011173124434639904,0.0014779341372708754,0.7780120250787123,0.0006641111726429462,0.0012998893400840855,625.0,559378.0,378063532.0,264860428.0,307.0,462272.0,355387944.0,276496094.0
53.8,redis-benchmark,none,5,0.7015519886767048,8.8,0.0014831282685198032,841.0,559716.0,264360053.0,376821757.0,14417.92,0.7015519886767048,0.0015025477206297478,0.0014831282685198032,0.7774504569140729,0.0007442762130187757,0.001295371298275976,841.0,559716.0,376821757.0,264360053.0,344.0,462194.0,356538701.0,277191176.0
53.9,redis-benchmark,none,5,0.698344946743066,11.799999999999999,0.0014866026937112445,669.0,561656.0,263528674.0,377361754.0,19333.12,0.698344946743066,0.0011911205435355449,0.0014866026937112445,0.7824992938657876,0.0006082489737141874,0.0012982098252517168,669.0,561656.0,377361754.0,263528674.0,283.0,465270.0,358175536.0,280272104.0
54.0,redis-benchmark,none,5,0.7023770961120052,11.7,0.0014757871768721357,644.0,557602.0,265075174.0,377397235.0,19169.28,0.7023770961120052,0.0011549456422322731,0.0014757871768721357,0.7779997665141478,0.0007101316458115262,0.0013049135029407906,644.0,557602.0,377397235.0,265075174.0,327.0,460478.0,352629503.0,274345671.0
54.1,redis-benchmark,none,5,0.7045453991530157,12.6,0.0014445789309706874,601.0,545889.0,265946113.0,377471932.0,20643.84,0.7045453991530157,0.0011009564215435739,0.0014445789309706874,0.7776838746932699,0.0005913041993271513,0.001370403322929275,601.0,545889.0,377471932.0,265946113.0,277.0,468456.0,341635920.0,265684746.0
54.2,redis-benchmark,none,5,0.7058067128697506,12.1,0.0014603872039876268,597.0,551165.0,266090109.0,377001386.0,19824.64,0.7058067128697506,0.001083160215180572,0.0014603872039876268,0.7782307528358565,0.0006200455561248875,0.001335125388906315,597.0,551165.0,377001386.0,266090109.0,288.0,464482.0,347678206.0,270573872.0
54.3,redis-benchmark,none,5,0.7006190940179855,10.8,0.001475807432417183,635.0,557759.0,264486886.0,377504536.0,17694.72,0.7006190940179855,0.0011384845426071117,0.001475807432417183,0.7760910453085793,0.0005169439137392923,0.001313784426131739,635.0,557759.0,377504536.0,264486886.0,240.0,464267.0,353198737.0,274114377.0
54.4,redis-benchmark,none,5,0.701604576651411,12.1,0.0014484502179245634,625.0,546910.0,264611135.0,377151381.0,19824.64,0.701604576651411,0.0011427840046808434,0.0014484502179245634,0.8641927205192289,0.04776385678952277,0.008756600075243,625.0,546910.0,377151381.0,264611135.0,1178.0,24663.0,2681977.0,2317745.0
54.5,redis-benchmark,none,5,0.7073287311030723,14.299999999999999,0.0014398467868160605,572.0,544061.0,266990480.0,377463078.0,23429.12,0.7073287311030723,0.001051352697583543,0.0014398467868160605,0.7767927299994823,0.0007543395895794289,0.0013527906726962708,572.0,544061.0,377463078.0,266990480.0,353.0,467959.0,345660278.0,268506391.0
54.6,redis-benchmark,none,5,0.7052743006217641,12.3,0.0014455891045985693,615.0,551831.0,268927372.0,381308906.0,20152.32,0.7052743006217641,0.0011144716407740776,0.0014455891045985693,0.7702752525966131,0.0005851903805028334,0.0013238366202982916,615.0,551831.0,381308906.0,268927372.0,272.0,464806.0,350899796.0,270289429.0
54.8,redis-benchmark,none,5,0.7054638644644671,13.100000000000001,0.0014600836614602104,640.0,551350.0,266084756.0,377177017.0,21463.04,0.7054638644644671,0.0011607871587920558,0.0014600836614602104,0.768465460011724,0.0006837457946367329,0.0013066343259526328,640.0,551350.0,377177017.0,266084756.0,314.0,459235.0,351223744.0,269903316.0
54.9,redis-benchmark,none,5,0.7005655788651477,11.299999999999999,0.0014857521948131395,572.0,561280.0,264386434.0,377389986.0,18513.92,0.7005655788651477,0.0010190992018244015,0.0014857521948131395,0.7740372241361854,0.0005830459801372769,0.0013029000434589303,572.0,561280.0,377389986.0,264386434.0,268.0,459655.0,352588061.0,272916284.0
55.0,redis-benchmark,none,5,0.6995300665412743,11.299999999999999,0.0014845951437132687,555.0,561275.0,264207047.0,377692196.0,18513.92,0.6995300665412743,0.000988820097100352,0.0014845951437132687,0.7786124711411573,0.0006473006916010047,0.0013052754955064467,555.0,561275.0,377692196.0,264207047.0,301.0,465008.0,356022159.0,277203293.0
55.1,redis-benchmark,none,5,0.7072248890680248,12.3,0.0014470432075853752,611.0,547496.0,267283438.0,377932737.0,20152.32,0.7072248890680248,0.001115989888510601,0.0014470432075853752,0.7734574927296657,0.0020282680354688433,0.0013899593530965646,611.0,547496.0,377932737.0,267283438.0,667.0,328852.0,236111221.0,182621993.0
55.2,redis-benchmark,none,5,0.7007145244068215,12.5,0.0014679467835508606,594.0,554186.0,264253418.0,377119938.0,20480.0,0.7007145244068215,0.001071842305651893,0.0014679467835508606,0.7750783986956847,0.0006831727484746401,0.0013171668504890972,594.0,554186.0,377119938.0,264253418.0,319.0,466939.0,354260358.0,274579551.0
55.3,redis-benchmark,none,5,0.7049627840351054,11.400000000000002,0.0014476462764015908,548.0,546872.0,266044333.0,377387770.0,18677.760000000002,0.7049627840351054,0.0010020626398864817,0.0014476462764015908,0.7770140057026041,0.0006732786078670016,0.0013318706067912602,548.0,546872.0,377387770.0,266044333.0,312.0,463404.0,347700443.0,270168114.0
55.4,redis-benchmark,none,5,0.7012753485061343,14.8,0.0014612190271948394,575.0,552163.0,264720798.0,377484819.0,24248.32,0.7012753485061343,0.001041359163870089,0.0014612190271948394,0.7764269643538869,0.0006068666313737137,0.0013156657330227806,575.0,552163.0,377484819.0,264720798.0,282.0,464682.0,352977195.0,274061012.0
55.5,redis-benchmark,none,5,0.7034868517961941,12.8,0.0014596638742487417,603.0,551571.0,265539725.0,377462243.0,20971.52,0.7034868517961941,0.0010932409426891551,0.0014596638742487417,0.7785140268046422,0.0007027952278910538,0.0013064403504864112,603.0,551571.0,377462243.0,265539725.0,326.0,463862.0,354808392.0,276223310.0
55.6,redis-benchmark,none,5,0.6992166916991213,11.6,0.0014627294945270333,622.0,552552.0,263834612.0,377328824.0,19005.44,0.6992166916991213,0.001125685908294604,0.0014627294945270333,0.7748266727960983,0.000673778775968557,0.0013099701068200525,622.0,552552.0,377328824.0,263834612.0,312.0,463060.0,353250809.0,273708149.0
55.7,redis-benchmark,none,5,0.7006455704590965,10.9,0.001448963679448677,637.0,547765.0,264563436.0,377599527.0,17858.56,0.7006455704590965,0.0011629074511880094,0.001448963679448677,0.7762866807142951,0.0006573441996942485,0.001313557725466552,637.0,547765.0,377599527.0,264563436.0,304.0,462467.0,351840647.0,273129208.0
55.8,redis-benchmark,none,5,0.7025564145280618,12.3,0.0014560882459306328,533.0,550570.0,265390524.0,377749770.0,20152.32,0.7025564145280618,0.0009680876182865031,0.0014560882459306328,0.777485011421565,0.0006505087754064602,0.001308608899774241,533.0,550570.0,377749770.0,265390524.0,302.0,464252.0,354536791.0,275647041.0
55.9,redis-benchmark,none,5,0.7001361039961828,12.7,0.0014701983604858003,672.0,555412.0,264177619.0,377323234.0,20807.68,0.7001361039961828,0.0012099126414265445,0.0014701983604858003,0.7777962970736638,0.0006977779121966394,0.0013071626877740297,672.0,555412.0,377323234.0,264177619.0,323.0,462898.0,353877145.0,275244333.0
56.1,redis-benchmark,none,5,0.6987767528568822,11.6,0.0014763192307032664,580.0,557513.0,263609540.0,377244290.0,19005.44,0.6987767528568822,0.0010403344854738813,0.0014763192307032664,0.7806868964928547,0.0006268825260789571,0.0013086481408179336,580.0,557513.0,377244290.0,263609540.0,292.0,465797.0,355714409.0,277701578.0
56.2,redis-benchmark,none,5,0.7001417066160844,12.7,0.0014533926377408302,594.0,549600.0,264472234.0,377741008.0,20807.68,0.7001417066160844,0.0010807860262008733,0.0014533926377408302,0.7758760134819894,0.0007105140969020289,0.0013050598458258374,594.0,549600.0,377741008.0,264472234.0,329.0,463045.0,354555388.0,275091021.0
56.3,redis-benchmark,none,5,0.7040399788898025,11.7,0.0014396724655395682,604.0,543217.0,265352887.0,376900311.0,19169.28,0.7040399788898025,0.001111894509928813,0.0014396724655395682,0.7761033895432126,0.0005774070116170844,0.001321342337813436,604.0,543217.0,376900311.0,265352887.0,268.0,464144.0,351064207.0,272462121.0
56.4,redis-benchmark,none,5,0.7033936703136889,11.7,0.0014339922129914008,635.0,541973.0,265534024.0,377504142.0,19169.28,0.7033936703136889,0.0011716450819505768,0.0014339922129914008,0.7742414793282898,0.000562210043388882,0.0013361621719142312,635.0,541973.0,377504142.0,265534024.0,262.0,466018.0,348577448.0,269883119.0
56.5,redis-benchmark,none,5,0.7046753191253824,12.0,0.0014496596911863632,655.0,547688.0,265911135.0,377352701.0,19660.8,0.7046753191253824,0.0011959363725332671,0.0014496596911863632,0.7791243019156894,0.0006203782361803722,0.001333535565104278,655.0,547688.0,377352701.0,265911135.0,287.0,462621.0,346697915.0,270120771.0
56.6,redis-benchmark,none,5,0.7014484141602642,12.6,0.001461651307646881,610.0,552955.0,265071103.0,377891086.0,20643.84,0.7014484141602642,0.0011031639102639455,0.001461651307646881,0.7793934102516078,0.0006859257949081873,0.001314800892515869,610.0,552955.0,377891086.0,265071103.0,318.0,463607.0,352364379.0,274630475.0
56.7,redis-benchmark,none,5,0.7041671744569978,11.5,0.0014488255340062448,671.0,546963.0,265512227.0,377058512.0,18841.6,0.7041671744569978,0.0012267740231057677,0.0014488255340062448,0.7768068213649585,0.0006696051280050968,0.0013118873909229417,671.0,546963.0,377058512.0,265512227.0,309.0,461466.0,351521787.0,273064522.0
56.9,redis-benchmark,none,5,0.7015072084824939,12.5,0.0014675897401817768,588.0,560016.0,267406322.0,381188274.0,20480.0,0.7015072084824939,0.0010499700008571183,0.0014675897401817768,0.7750109401792348,0.0006568662786605899,0.0013158120859102847,588.0,560016.0,381188274.0,267406322.0,308.0,468893.0,356118480.0,275995718.0
57.0,redis-benchmark,none,5,0.7026119787075132,11.899999999999999,0.00145942810888431,591.0,552271.0,265595115.0,378011083.0,19496.96,0.7026119787075132,0.0010701268036887688,0.00145942810888431,0.7744548242982329,0.0006992126257822712,0.0013167090117804391,591.0,552271.0,378011083.0,265595115.0,322.0,460518.0,349504709.0,270675608.0
57.1,redis-benchmark,none,5,0.705029445465049,8.600000000000001,0.0014490999510160408,825.0,568079.0,275985637.0,391452639.0,14090.240000000002,0.705029445465049,0.0014522628014765552,0.0014490999510160408,0.7790715258868004,0.0005846779848242622,0.0013362233455415096,825.0,568079.0,391452639.0,275985637.0,271.0,463503.0,346672584.0,270082739.0
57.2,redis-benchmark,none,5,0.700555011432242,11.0,0.0014827305830334798,729.0,560339.0,264402444.0,377418532.0,18022.4,0.700555011432242,0.0013009981457653313,0.0014827305830334798,0.7755759145126699,0.0006225995032085344,0.00129975264160284,729.0,560339.0,377418532.0,264402444.0,290.0,465789.0,358144300.0,277768093.0
57.3,redis-benchmark,none,5,0.704932562312577,15.4,0.0014395334793118968,603.0,544440.0,266314341.0,377786976.0,25231.36,0.704932562312577,0.0011075600617147896,0.0014395334793118968,0.8540628034286425,0.0730544551131404,0.01081570498339842,603.0,544440.0,377786976.0,266314341.0,3264.0,44679.0,3829154.0,3270338.0
57.4,redis-benchmark,none,5,0.7045651328698795,12.3,0.0014347270588059534,510.0,542151.0,265988824.0,377521980.0,20152.32,0.7045651328698795,0.0009406973333997355,0.0014347270588059534,0.7747559138529049,0.0006646061037254154,0.0013680548697259727,510.0,542151.0,377521980.0,265988824.0,312.0,469451.0,342924111.0,265682483.0
57.5,redis-benchmark,none,5,0.7059953986814121,12.6,0.0014546449725286001,546.0,549844.0,266595539.0,377616539.0,20643.84,0.7059953986814121,0.0009930089261681494,0.0014546449725286001,0.7816195169247957,0.0006298578320893284,0.0013404815413796884,546.0,549844.0,377616539.0,266595539.0,294.0,466772.0,347992856.0,271998008.0
57.6,redis-benchmark,none,5,0.7000818033880001,12.5,0.0014657369529183148,553.0,553319.0,264018327.0,377124967.0,20480.0,0.7000818033880001,0.000999423479041927,0.0014657369529183148,0.7801863747569253,0.000638604046074419,0.0013057087605834671,553.0,553319.0,377124967.0,264018327.0,296.0,463511.0,354761348.0,276779970.0
57.7,redis-benchmark,none,5,0.7025663223761975,11.400000000000002,0.0014629931248631564,545.0,552521.0,265072844.0,377292272.0,18677.760000000002,0.7025663223761975,0.0009863878477017164,0.0014629931248631564,0.7815669290447009,0.0006424161700432775,0.0013432360980415938,545.0,552521.0,377292272.0,265072844.0,300.0,466987.0,347434826.0,271543570.0
57.8,redis-benchmark,none,5,0.7040767957904904,12.0,0.0014634806049962877,561.0,552893.0,265725520.0,377409853.0,19660.8,0.7040767957904904,0.001014662873286513,0.0014634806049962877,0.7797414579678494,0.0006762318546252746,0.0013076764070586945,561.0,552893.0,377409853.0,265725520.0,313.0,462859.0,353715948.0,275806989.0
57.9,redis-benchmark,none,5,0.703383847872486,13.5,0.0014437048410984267,606.0,545444.0,265449168.0,377388774.0,22118.4,0.703383847872486,0.0011110214797486085,0.0014437048410984267,0.7763336969861463,0.0006260456581574828,0.0013299665955404279,606.0,545444.0,377388774.0,265449168.0,290.0,463225.0,348080171.0,270226366.0
58.0,redis-benchmark,none,5,0.706077227605413,12.1,0.0014531746800587894,649.0,549343.0,266602731.0,377582962.0,19824.64,0.706077227605413,0.001181411249437965,0.0014531746800587894,0.774594506313739,0.0006449177675923429,0.0013263142868829602,649.0,549343.0,377582962.0,266602731.0,299.0,463625.0,349333491.0,270591803.0
58.1,redis-benchmark,none,5,0.7001312825025421,12.3,0.001462019987359693,596.0,552243.0,264172395.0,377318371.0,20152.32,0.7001312825025421,0.00107923504689059,0.001462019987359693,0.7734338707999362,0.0005936575783088314,0.0013074987438742884,596.0,552243.0,377318371.0,264172395.0,275.0,463230.0,354076822.0,273855007.0
58.2,redis-benchmark,none,5,0.7009156892834241,13.700000000000001,0.0014477943017560185,565.0,547243.0,264661345.0,377593695.0,22446.08,0.7009156892834241,0.0010324481080616838,0.0014477943017560185,0.7773162612482651,0.000677763337952165,0.001330621737461105,565.0,547243.0,377593695.0,264661345.0,315.0,464764.0,349046605.0,271319602.0
58.3,redis-benchmark,none,5,0.7028264212776432,12.5,0.001459561276179362,572.0,552055.0,265557075.0,377841622.0,20480.0,0.7028264212776432,0.0010361286466022408,0.001459561276179362,0.8104760524933246,0.05089939631661202,0.010484312121885038,572.0,552055.0,377841622.0,265557075.0,1661.0,32633.0,2954128.0,2394250.0
58.4,redis-benchmark,none,5,0.7023373741413623,12.7,0.0014545842049263735,622.0,549267.0,264909991.0,377183389.0,20807.68,0.7023373741413623,0.0011324182956558469,0.0014545842049263735,0.7685474330544738,0.0006719025293397437,0.0013174192913968977,622.0,549267.0,377183389.0,264909991.0,315.0,468818.0,355621785.0,273312210.0
58.5,redis-benchmark,none,5,0.7026411336634358,11.799999999999999,0.00145938024837437,582.0,551408.0,265203675.0,377438300.0,19333.12,0.7026411336634358,0.0010554797899196239,0.00145938024837437,0.7733531666465666,0.000622025737660107,0.0012913012040945296,582.0,551408.0,377438300.0,265203675.0,289.0,464611.0,359576835.0,278079884.0
58.6,redis-benchmark,none,5,0.7039218797632556,12.1,0.0014358520504821,606.0,542573.0,265697590.0,377453234.0,19824.64,0.7039218797632556,0.0011169003986560334,0.0014358520504821,0.7789034852116721,0.0006421857668281861,0.0013343629854072104,606.0,542573.0,377453234.0,265697590.0,297.0,462483.0,346372018.0,269790372.0
58.7,redis-benchmark,none,5,0.701712487152668,12.1,0.0014531873677526537,663.0,548709.0,264639461.0,377133749.0,19824.64,0.701712487152668,0.0012082907333395296,0.0014531873677526537,0.7831900164053701,0.0006840990007421829,0.0012989930117538893,663.0,548709.0,377133749.0,264639461.0,318.0,464845.0,357605465.0,280073030.0
58.9,redis-benchmark,none,5,0.7025444689408762,11.6,0.0014378104254444371,610.0,543365.0,265201529.0,377487178.0,19005.44,0.7025444689408762,0.0011226339569166215,0.0014378104254444371,0.7760355411864073,0.0005681402445585507,0.0013480655613330222,610.0,543365.0,377487178.0,265201529.0,264.0,464674.0,344501049.0,267345058.0
59.0,redis-benchmark,none,5,0.6998747866990366,15.700000000000001,0.00145900383655766,620.0,550486.0,263767195.0,376877693.0,25722.88,0.6998747866990366,0.0011262775075115443,0.00145900383655766,0.7802201063662111,0.0005342633790235375,0.0013125811375216722,620.0,550486.0,376877693.0,263767195.0,250.0,467934.0,356308640.0,277999165.0
59.1,redis-benchmark,none,5,0.7041576854041979,11.7,0.0014514711419800165,644.0,547494.0,265295409.0,376755682.0,19169.28,0.7041576854041979,0.0011762685983773339,0.0014514711419800165,0.7794109598906452,0.00320699849054056,0.0014375184498191175,644.0,547494.0,376755682.0,265295409.0,665.0,207359.0,143785285.0,112067827.0
59.2,redis-benchmark,none,5,0.7022964034812001,12.4,0.0014517863428640037,617.0,548582.0,265076091.0,377441903.0,20316.16,0.7022964034812001,0.0011247179090819604,0.0014517863428640037,0.7778397362572624,0.0007068443588878696,0.0013163036343108818,617.0,548582.0,377441903.0,265076091.0,329.0,465449.0,353353123.0,274852100.0
59.3,redis-benchmark,none,5,0.704222746458169,11.099999999999998,0.0014628735480214678,618.0,552283.0,265569804.0,377110517.0,18186.239999999998,0.704222746458169,0.0011189915315155455,0.0014628735480214678,0.7818928650259565,0.0006556770887077357,0.0012972062107318846,618.0,552283.0,377110517.0,265569804.0,305.0,465168.0,358357057.0,280196826.0
59.4,redis-benchmark,none,5,0.7040175939347494,13.5,0.0014495903407793374,620.0,547300.0,265504210.0,377127237.0,22118.4,0.7040175939347494,0.0011328339119312991,0.0014495903407793374,0.7710903200290017,0.0005783677512500729,0.0013227525657573801,620.0,547300.0,377127237.0,265504210.0,268.0,463373.0,350107051.0,269964158.0
59.5,redis-benchmark,none,5,0.7075350536713361,11.5,0.0014243574296465991,658.0,538052.0,266944999.0,377288726.0,18841.6,0.7075350536713361,0.0012229301257127563,0.0014243574296465991,0.7781974139816322,0.0006396364982147938,0.0013778320643583607,658.0,538052.0,377288726.0,266944999.0,299.0,467453.0,339050028.0,263847855.0
59.6,redis-benchmark,none,5,0.705317008798081,12.5,0.001450139154926832,672.0,547303.0,265869755.0,376950721.0,20480.0,0.705317008798081,0.0012278390580720369,0.001450139154926832,0.7738965544149332,0.0006142506142506142,0.001314283591099002,672.0,547303.0,376950721.0,265869755.0,285.0,463980.0,352811983.0,273039978.0
59.7,redis-benchmark,none,5,0.7042847126596623,16.200000000000003,0.0014507226368514706,594.0,547690.0,265599598.0,377119641.0,26542.08,0.7042847126596623,0.0010845551315525207,0.0014507226368514706,0.7719722179571364,0.0006023721888404657,0.0013310836521241106,594.0,547690.0,377119641.0,265599598.0,281.0,466489.0,350246958.0,270380921.0
59.8,redis-benchmark,none,5,0.7078426108025009,12.3,0.0014297045565487597,607.0,539776.0,266941020.0,377119173.0,20152.32,0.7078426108025009,0.001124540550154138,0.0014297045565487597,0.7727543792865564,0.0006730043041979455,0.0013394557063859814,607.0,539776.0,377119173.0,266941020.0,311.0,462107.0,344763920.0,266417829.0
59.9,redis-benchmark,none,5,0.7021833143767287,10.8,0.0014598361766773036,695.0,551226.0,264806208.0,377118343.0,17694.72,0.7021833143767287,0.001260825868155711,0.0014598361766773036,0.7702894524771425,0.0005393627354071222,0.0013054743225430218,695.0,551226.0,377118343.0,264806208.0,251.0,465364.0,356278934.0,274437905.0
60.0,redis-benchmark,none,5,0.707454546054714,5.800000000000001,0.00142266036063123,987.0,507398.0,251825927.0,355960575.0,9502.720000000001,0.707454546054714,0.0019452185463876483,0.00142266036063123,0.7714935621207403,0.0006004967746044455,0.0013520658724405432,987.0,507398.0,355960575.0,251825927.0,264.0,439636.0,324963457.0,250707215.0
