time_step,victim,attacker,run_id,IPC,Total_MB_per_sec,cache_dominance_score,LLC-load-misses,LLC-loads,instructions,cycles,cas_count_total,victim_IPC,victim_miss_rate,victim_cache_dominance,attacker_IPC,attacker_miss_rate,attacker_cache_dominance,victim_LLC-load-misses,victim_LLC-loads,victim_cycles,victim_instructions,attacker_LLC-load-misses,attacker_LLC-loads,attacker_cycles,attacker_instructions
0.1,mcf,STREAM,7,0.1922000436133506,24434.899999999998,0.0028060052371663906,7503768.0,8568128.0,72904368.0,379315044.0,40034140.16,0.1922000436133506,0.8757768324656214,0.0028060052371663906,0.7765389084717582,0.9419878186626351,0.00013039865510398426,7503768.0,8568128.0,379315044.0,72904368.0,802535.0,851959.0,379022314.0,294325574.0
0.2,mcf,STREAM,7,0.19005645990513506,23659.4,0.0028105996897361337,7370243.0,8430150.0,71672310.0,377110623.0,38763560.96,0.19005645990513506,0.874271869421066,0.0028105996897361337,0.8852346610198375,0.9505422973219251,0.00014032501600834537,7370243.0,8430150.0,377110623.0,71672310.0,1017066.0,1069985.0,377117363.0,333837361.0
0.3,mcf,STREAM,7,0.20943544776341735,17510.5,0.0030381358188122194,8141621.0,9287320.0,78979347.0,377105919.0,28689203.200000003,0.20943544776341735,0.8766383628431023,0.0030381358188122194,1.2076870494034875,0.6316569660793432,0.00020088903340745122,8141621.0,9287320.0,377105919.0,78979347.0,127409.0,201706.0,369840995.0,446652180.0
0.4,mcf,STREAM,7,0.21332869389877107,12252.3,0.0030323295093364743,8308161.0,9451933.0,80465987.0,377192517.0,20074168.32,0.21332869389877107,0.8789906784146693,0.0030323295093364743,0.5964534438107449,0.9018740283922989,3.047484908158651e-05,8308161.0,9451933.0,377192517.0,80465987.0,105586.0,117074.0,376966592.0,224843022.0
0.5,mcf,STREAM,7,0.1921656335300755,21954.899999999998,0.0029252690025020297,7416649.0,8519743.0,72464022.0,377091474.0,35970908.16,0.1921656335300755,0.870524967713228,0.0029252690025020297,0.8269570237969842,0.9592740004459015,0.0001080241855371539,7416649.0,8519743.0,377091474.0,72464022.0,959486.0,1000221.0,377091480.0,311838448.0
0.6,mcf,STREAM,7,0.1906429075097296,23967.1,0.002829571126344435,7396162.0,8463254.0,71895532.0,377121462.0,39267696.64,0.1906429075097296,0.8739146904961141,0.002829571126344435,0.8512848108671233,0.947732570009628,0.0001337322788919813,7396162.0,8463254.0,377121462.0,71895532.0,914470.0,964903.0,377119125.0,321035783.0
0.7,mcf,STREAM,7,0.1918623196288984,23700.0,0.0028691547094356583,7423874.0,8505860.0,72353137.0,377109675.0,38830080.0,0.1918623196288984,0.87279522587957,0.0028691547094356583,0.8049928397888269,0.947362549784781,0.0001388869439195253,7423874.0,8505860.0,377109675.0,72353137.0,942657.0,995033.0,377112481.0,303572847.0
0.8,mcf,STREAM,7,0.19200197473999286,24035.8,0.002803070188638122,7465365.0,8522422.0,72405262.0,377106861.0,39380254.72,0.19200197473999286,0.8759675359891824,0.002803070188638122,0.794787992111711,0.939487101816698,0.00014197131716391467,7465365.0,8522422.0,377106861.0,72405262.0,831199.0,884737.0,377104341.0,299718002.0
0.9,mcf,STREAM,7,0.19007964520208329,23556.199999999997,0.0027754757255670144,7387908.0,8434562.0,71680548.0,377107964.0,38594478.08,0.19007964520208329,0.8759089090814675,0.0027754757255670144,0.8686229000166431,0.9464916557565594,0.00015162156168283377,7387908.0,8434562.0,377107964.0,71680548.0,1011403.0,1068581.0,377109953.0,327566341.0
1.0,mcf,STREAM,7,0.19229610887682488,24194.6,0.0027997640353299943,7477530.0,8533294.0,72513007.0,377090350.0,39640432.64,0.19229610887682488,0.8762770859646931,0.0027997640353299943,0.7898791961136769,0.9382984736802563,0.000137204429829848,7477530.0,8533294.0,377090350.0,72513007.0,786813.0,838553.0,377101527.0,297864651.0
1.2,mcf,STREAM,7,0.20107171201294077,12379.8,0.002907400795377913,7817713.0,8914115.0,75825606.0,377107278.0,20283064.32,0.20107171201294077,0.8770038304419452,0.002907400795377913,1.320555955502636,0.8351825097445426,0.000269372956723642,7817713.0,8914115.0,377107278.0,75825606.0,505247.0,604954.0,370144803.0,488796924.0
1.3,mcf,STREAM,7,0.2148066370362279,15496.5,0.0030570868268696835,8365376.0,9517989.0,80988515.0,377029854.0,25389465.6,0.2148066370362279,0.8789016251227019,0.0030570868268696835,0.5809380138538979,0.5290748743895155,3.5528646915273143e-05,8365376.0,9517989.0,377029854.0,80988515.0,15058.0,28461.0,377244876.0,219155889.0
1.4,mcf,STREAM,7,0.19605713672469074,24299.899999999998,0.0028428745639762325,7627043.0,8699102.0,73933905.0,377103870.0,39812956.16,0.19605713672469074,0.8767621071692228,0.0028428745639762325,0.8142661903111927,0.9627482828410832,8.107406406666552e-05,7627043.0,8699102.0,377103870.0,73933905.0,790115.0,820687.0,377087301.0,307049440.0
1.5,mcf,STREAM,7,0.1927382270717777,23523.899999999998,0.002949878328019625,7433330.0,8545786.0,72685302.0,377119283.0,38541557.76,0.1927382270717777,0.8698240278893012,0.002949878328019625,0.7928731159469915,0.9505646188504069,0.00012854212577772883,7433330.0,8545786.0,377119283.0,72685302.0,932098.0,980573.0,377113726.0,299003335.0
1.6,mcf,STREAM,7,0.19179794030717578,24218.0,0.0028279682619325973,7446133.0,8512564.0,72327286.0,377101474.0,39678771.2,0.19179794030717578,0.8747227039937673,0.0028279682619325973,0.8061475816428042,0.9421061197548752,0.00013583219383638838,7446133.0,8512564.0,377101474.0,72327286.0,833551.0,884774.0,377105004.0,304002287.0
1.7,mcf,STREAM,7,0.19049294184542456,23520.0,0.0028023688345343942,7394718.0,8451525.0,71837180.0,377112030.0,38535168.0,0.19049294184542456,0.8749566498353848,0.0028023688345343942,0.8527917450475594,0.9469799094571865,0.00014903795277560483,7394718.0,8451525.0,377112030.0,71837180.0,1003847.0,1060051.0,377111997.0,321597998.0
1.8,mcf,STREAM,7,0.19258013984682992,24171.199999999997,0.002811024296636277,7485309.0,8545372.0,72623734.0,377109156.0,39602094.08,0.19258013984682992,0.8759488761870168,0.002811024296636277,0.7828778975470281,0.9367797268117525,0.00013819324902577263,7485309.0,8545372.0,377109156.0,72623734.0,772225.0,824340.0,377116830.0,295236431.0
1.9,mcf,STREAM,7,0.1894241755968575,23572.399999999998,0.0027506889888535622,7372123.0,8409424.0,71432971.0,377105883.0,38621020.16,0.1894241755968575,0.8766501724731682,0.0027506889888535622,0.8870363015581723,0.9477550608866373,0.0001456505377649887,7372123.0,8409424.0,377105883.0,71432971.0,996373.0,1051298.0,377101251.0,334502499.0
2.0,mcf,STREAM,7,0.19536191471399528,18502.3,0.002832496126494846,7597235.0,8665372.0,73671165.0,377100957.0,30314168.32,0.19536191471399528,0.8767350091836796,0.002832496126494846,1.247514777154703,0.9244346012294263,0.000141425513413864,7597235.0,8665372.0,377100957.0,73671165.0,652820.0,706183.0,377322300.0,470715145.0
2.1,mcf,STREAM,7,0.21514196754447712,12230.599999999999,0.003077090751478087,8372032.0,9532698.0,81150667.0,377195895.0,20038615.04,0.21514196754447712,0.8782437039335559,0.003077090751478087,0.6840186978185566,0.2899169543013534,0.00020475965847940728,8372032.0,9532698.0,377195895.0,81150667.0,30826.0,106327.0,368729859.0,252218118.0
2.2,mcf,STREAM,7,0.7399348768691029,15466.900000000001,0.0015381225826745985,3894979.0,4468665.0,275979486.0,372978075.0,25340968.96,0.7399348768691029,0.8716202713785884,0.0015381225826745985,0.7217753347525648,0.9674910018081945,6.017904402020915e-05,3894979.0,4468665.0,372978075.0,275979486.0,678455.0,701252.0,378819577.0,273422627.0
2.3,mcf,STREAM,7,0.9938017945476014,17990.6,2.3693595976424775e-05,21292.0,30225.0,374684849.0,377021707.0,29475799.04,0.9938017945476014,0.704449958643507,2.3693595976424775e-05,0.8471973885954894,0.9640496519630075,9.671681902644732e-05,21292.0,30225.0,377021707.0,374684849.0,977797.0,1014260.0,377007850.0,319400066.0
2.4,mcf,STREAM,7,0.4365019798100702,23405.699999999997,0.0023341284096862302,5150291.0,6030534.0,164612971.0,377118498.0,38347898.879999995,0.4365019798100702,0.8540356459311895,0.0023341284096862302,0.9041128597101591,0.9620143457264916,0.00011320334299185443,5150291.0,6030534.0,377118498.0,164612971.0,1081130.0,1123819.0,377100171.0,340941114.0
2.5,mcf,STREAM,7,0.19484137436113103,24300.2,0.0031966069491980434,7422466.0,8628011.0,73481053.0,377132697.0,39813447.68,0.19484137436113103,0.8602754447114173,0.0031966069491980434,0.7896157236313616,0.9521590465789807,0.00011348907522209956,7422466.0,8628011.0,377132697.0,73481053.0,851831.0,894631.0,377128811.0,297786839.0
2.6,mcf,STREAM,7,0.19135339186467207,23513.1,0.0029317620927095953,7378943.0,8484646.0,72168209.0,377146223.0,38523863.04,0.19135339186467207,0.8696818936229043,0.0029317620927095953,0.8638769992026202,0.9493382646941223,0.0001343805688147431,7378943.0,8484646.0,377146223.0,72168209.0,949718.0,1000400.0,377152742.0,325813579.0
2.8,mcf,STREAM,7,0.19203050103206099,24219.300000000003,0.0028258994511107844,7452531.0,8518210.0,72416898.0,377111436.0,39680901.120000005,0.19203050103206099,0.874894021161723,0.0028258994511107844,0.9855384353116219,0.9423540201089327,0.00013668240322398329,7452531.0,8518210.0,377111436.0,72416898.0,842587.0,894130.0,377100481.0,371647018.0
2.9,mcf,STREAM,7,0.21486921378246385,23412.999999999996,0.00309651474417085,8347604.0,9515347.0,81030462.0,377115272.0,38359859.199999996,0.21486921378246385,0.8772779384713978,0.00309651474417085,1.0090513686752225,0.37693608547224683,0.0002141827360923777,8347604.0,9515347.0,377115272.0,81030462.0,47699.0,126544.0,368120239.0,371452231.0
3.0,mcf,STREAM,7,0.2107051811087122,12250.2,0.0029952507557783055,8207738.0,9337254.0,79457412.0,377102317.0,20070727.68,0.2107051811087122,0.8790312440895364,0.0029952507557783055,0.586658709674663,0.9421038004585562,4.419804627397542e-05,8207738.0,9337254.0,377102317.0,79457412.0,271194.0,287860.0,377075491.0,221214621.0
3.1,mcf,STREAM,7,0.19088246954991447,15541.5,0.0028980686746209357,7376462.0,8469333.0,71982392.0,377103210.0,25463193.6,0.19088246954991447,0.8709613850346892,0.0028980686746209357,0.8862419435126281,0.9566236465619541,0.00012485014601341265,7376462.0,8469333.0,377103210.0,71982392.0,1038304.0,1085384.0,377092070.0,334194809.0
3.3,mcf,STREAM,7,0.19346879703474604,23576.300000000003,0.002908623570218831,7488894.0,8585781.0,72960080.0,377115489.0,38627409.92,0.19346879703474604,0.8722437714169509,0.002908623570218831,0.7878801795349232,0.9436832708424342,0.00012956166750214846,7488894.0,8585781.0,377115489.0,72960080.0,818733.0,867593.0,377117715.0,297123573.0
3.4,mcf,STREAM,7,0.19060077678568577,24240.0,0.0028008687442589706,7395996.0,8452186.0,71874355.0,377093715.0,39714816.0,0.19060077678568577,0.8750394276699542,0.0028008687442589706,0.8784774296173051,0.947475117649454,0.00014367663374152077,7395996.0,8452186.0,377093715.0,71874355.0,977277.0,1031454.0,377075928.0,331252692.0
3.5,mcf,STREAM,7,0.19319457448131044,23561.300000000003,0.0028335342394405338,7501735.0,8570298.0,72856213.0,377113142.0,38602833.92,0.19319457448131044,0.8753178710938639,0.0028335342394405338,0.7980061231906999,0.9426668432704498,0.00013659040703058262,7501735.0,8570298.0,377113142.0,72856213.0,846923.0,898433.0,377112867.0,300938377.0
3.6,mcf,STREAM,7,0.19121865667167734,24218.2,0.002768333633271847,7435589.0,8479757.0,72124400.0,377182861.0,39679098.88,0.19121865667167734,0.8768634525729924,0.002768333633271847,0.8583129203849947,0.9433669671230221,0.00014569669095986434,7435589.0,8479757.0,377182861.0,72124400.0,914932.0,969858.0,376988658.0,323574236.0
3.7,mcf,STREAM,7,0.1920049930032458,23530.8,0.0028048711348384056,7466128.0,8524071.0,72420560.0,377180608.0,38552862.72,0.1920049930032458,0.8758875893924394,0.0028048711348384056,0.7985256867752716,0.9454818002437172,0.00014174462249726794,7466128.0,8524071.0,377180608.0,72420560.0,927182.0,980645.0,377178330.0,301186585.0
3.8,mcf,STREAM,7,0.20693914553579107,18613.0,0.0029846490785055396,8052794.0,9178161.0,78026756.0,377051697.0,30495539.2,0.20693914553579107,0.8773864393967375,0.0029846490785055396,1.2520762663639677,0.7407729233416736,0.0002492122075783705,8052794.0,9178161.0,377051697.0,78026756.0,261721.0,353308.0,367506074.0,460145633.0
3.9,mcf,STREAM,7,0.2153420237702109,12259.400000000001,0.00305775478648279,8374119.0,9527410.0,81220384.0,377169224.0,20085800.96,0.2153420237702109,0.8789502078739133,0.00305775478648279,0.5568232141107851,0.5725888324873096,3.238817318678033e-05,8374119.0,9527410.0,377169224.0,81220384.0,16356.0,28565.0,376958587.0,209899292.0
4.0,mcf,STREAM,7,0.19466721451410193,21075.299999999996,0.0029245079320280136,7527131.0,8629643.0,73387710.0,376990600.0,34529771.519999996,0.19466721451410193,0.8722412966561884,0.0029245079320280136,0.7987162898039921,0.9596537849119938,9.942307863667717e-05,7527131.0,8629643.0,376990600.0,73387710.0,891979.0,929480.0,377186067.0,301264656.0
4.1,mcf,STREAM,7,0.19022353826803634,23611.300000000003,0.0028127679249579127,7384513.0,8445318.0,71740750.0,377139184.0,38684753.92,0.19022353826803634,0.8743913491475395,0.0028127679249579127,0.8809285011057286,0.952973940569466,0.0001317250241208625,7384513.0,8445318.0,377139184.0,71740750.0,1006715.0,1056393.0,377134112.0,332228188.0
4.2,mcf,STREAM,7,0.1932168192514289,24186.100000000002,0.002871345378779534,7492066.0,8574862.0,72862847.0,377104060.0,39626506.24,0.1932168192514289,0.8737243818034622,0.002871345378779534,0.7994035819228305,0.9430461313379854,0.00013171938019355877,7492066.0,8574862.0,377104060.0,72862847.0,822489.0,872162.0,377112312.0,301464933.0
4.3,mcf,STREAM,7,0.19053742229829815,23628.699999999997,0.002765133453212043,7416870.0,8459645.0,71854637.0,377115614.0,38713262.08,0.19053742229829815,0.8767353712833104,0.002765133453212043,0.8730603447572933,0.9452570904304121,0.00014556227070491843,7416870.0,8459645.0,377115614.0,71854637.0,947866.0,1002760.0,377116953.0,329245857.0
4.4,mcf,STREAM,7,0.19290929442033558,24046.100000000002,0.0028251276438915106,7493792.0,8559159.0,72746871.0,377104023.0,39397130.24,0.19290929442033558,0.8755290093337441,0.0028251276438915106,0.7916605363878865,0.9442451776192821,0.00013961668210624918,7493792.0,8559159.0,377104023.0,72746871.0,891646.0,944295.0,377096771.0,298532632.0
4.5,mcf,STREAM,7,0.19186559537052536,23749.8,0.0027737881152290643,7459255.0,8505510.0,72370466.0,377193555.0,38911672.32,0.19186559537052536,0.8769909153007873,0.0027737881152290643,0.8259747305802168,0.9412175507130932,0.00014289273549778522,7459255.0,8505510.0,377193555.0,72370466.0,862560.0,916430.0,376996072.0,311389229.0
4.6,mcf,STREAM,7,0.19937380046738812,23916.7,0.002907339063326884,7742370.0,8838823.0,75190405.0,377132827.0,39185121.28,0.19937380046738812,0.8759503386367167,0.002907339063326884,1.3188642784334965,0.8544273039656292,0.0002745881430007631,7742370.0,8838823.0,377132827.0,75190405.0,596022.0,697569.0,369815677.0,487736686.0
4.7,mcf,STREAM,7,0.21542180640411165,13308.400000000001,0.003061036115179917,8393088.0,9547200.0,81221156.0,377033121.0,21804482.560000002,0.21542180640411165,0.8791151332327803,0.003061036115179917,0.5976471527212531,0.42191485969387754,3.844333721672095e-05,8393088.0,9547200.0,377033121.0,81221156.0,10585.0,25088.0,377256530.0,225466291.0
4.8,mcf,STREAM,7,0.20010753417444846,14262.9,0.002894560565793317,7784882.0,8876514.0,75466995.0,377132202.0,23368335.36,0.20010753417444846,0.8770201905838261,0.002894560565793317,0.7476458835994354,0.9653251925180663,6.824972710384537e-05,7784882.0,8876514.0,377132202.0,75466995.0,716530.0,742268.0,377115061.0,281948523.0
4.9,mcf,STREAM,7,0.19353941073269426,24160.5,0.002952864450604552,7469925.0,8583550.0,72990254.0,377133803.0,39584563.2,0.19353941073269426,0.870260556529641,0.002952864450604552,0.789965386578762,0.9465354036977455,0.00012161160581426134,7469925.0,8583550.0,377133803.0,72990254.0,811957.0,857820.0,377126835.0,297917146.0
5.0,mcf,STREAM,7,0.19039492527606083,23693.800000000003,0.002792447475044794,7397646.0,8450545.0,71788862.0,377052392.0,38819921.92,0.19039492527606083,0.8754046040817486,0.002792447475044794,0.8737776984619519,0.9492591438365867,0.00013775213306216864,7397646.0,8450545.0,377052392.0,71788862.0,971674.0,1023613.0,377046793.0,329455079.0
5.1,mcf,STREAM,7,0.19294582264576177,24117.0,0.0028332046636387613,7486032.0,8554481.0,72763106.0,377116773.0,39513292.8,0.19294582264576177,0.8751006636171148,0.0028332046636387613,0.7961438365461444,0.9448400560585423,0.00013379608567563322,7486032.0,8554481.0,377116773.0,72763106.0,864300.0,914758.0,377126130.0,300246644.0
5.2,mcf,STREAM,7,0.19091486434655708,23541.7,0.002766269291779264,7421442.0,8464733.0,72003026.0,377147302.0,38570721.28,0.19091486434655708,0.8767485046486404,0.002766269291779264,0.8466435737989273,0.9435523124586713,0.00014237203670864137,7421442.0,8464733.0,377147302.0,72003026.0,897523.0,951217.0,377138666.0,319302028.0
5.4,mcf,STREAM,7,0.1922136890558541,23503.5,0.002808397238607069,7470693.0,8529768.0,72485726.0,377110113.0,38508134.4,0.1922136890558541,0.8758377719065747,0.002808397238607069,0.8110790571454766,0.9469682613687065,0.00014025285681932914,7470693.0,8529768.0,377110113.0,72485726.0,944473.0,997365.0,377118878.0,305873224.0
5.5,mcf,STREAM,7,0.19277044062112303,20112.800000000003,0.002789032278026574,7500273.0,8552024.0,72694212.0,377102484.0,32952811.520000003,0.19277044062112303,0.8770173002320855,0.002789032278026574,1.0786101939286012,0.9375374372772175,0.00013494664440443044,7500273.0,8552024.0,377102484.0,72694212.0,763808.0,814696.0,377097187.0,406740870.0
5.6,mcf,STREAM,7,0.2152585759270419,12255.1,0.003082135172982688,8369602.0,9531918.0,81177000.0,377113895.0,20078755.84,0.2152585759270419,0.8780606379534528,0.003082135172982688,0.903878837872887,0.36606236284432214,0.00020587198631575535,8369602.0,9531918.0,377113895.0,81177000.0,44705.0,122124.0,376054078.0,339907323.0
5.7,mcf,STREAM,7,0.20853688285749572,20012.7,0.0029970351154110057,8109613.0,9240078.0,78658954.0,377194446.0,32788807.68,0.20853688285749572,0.8776563358014943,0.0029970351154110057,0.6391419580432213,0.9549709013138457,4.4065553659874355e-05,8109613.0,9240078.0,377194446.0,78658954.0,352305.0,368917.0,376983803.0,240946166.0
5.8,mcf,STREAM,7,0.19090509449249962,23597.0,0.0028703867886863696,7391735.0,8474149.0,71989722.0,377096914.0,38661324.8,0.19090509449249962,0.8722687080437221,0.0028703867886863696,0.8707000191287597,0.9534653570500993,0.0001278123513881754,7391735.0,8474149.0,377096914.0,71989722.0,987526.0,1035723.0,377091881.0,328333908.0
5.9,mcf,STREAM,7,0.19334137970348078,24260.299999999996,0.002905654583730704,7481095.0,8576844.0,72910808.0,377109174.0,39748075.519999996,0.19334137970348078,0.8722433333286697,0.002905654583730704,0.7974746576921796,0.9460863618114705,0.0001321139276941675,7481095.0,8576844.0,377109174.0,72910808.0,874268.0,924089.0,377106342.0,300732751.0
6.0,mcf,STREAM,7,0.19120315910671765,23571.100000000002,0.0027896312146960473,7436976.0,8488970.0,72104361.0,377108628.0,38618890.24,0.19120315910671765,0.8760751893339239,0.0027896312146960473,0.8547134137391686,0.9439114742132356,0.00014385677717908705,7436976.0,8488970.0,377108628.0,72104361.0,912971.0,967221.0,377111187.0,322321990.0
6.1,mcf,STREAM,7,0.19248862771914804,24230.9,0.0028188614089427297,7479588.0,8542608.0,72589330.0,377109707.0,39699906.56,0.19248862771914804,0.8755625916581915,0.0028188614089427297,0.8018332220330344,0.9452553110974573,0.00014270735491236155,7479588.0,8542608.0,377109707.0,72589330.0,929220.0,983036.0,377107403.0,302377244.0
6.2,mcf,STREAM,7,0.192715854585244,23580.1,0.002799360012181779,7497713.0,8553391.0,72675857.0,377114053.0,38633635.839999996,0.192715854585244,0.8765778391283644,0.002799360012181779,0.7977632815722084,0.9380814233933764,0.00014296201295690397,7497713.0,8553391.0,377114053.0,72675857.0,816795.0,870708.0,377114164.0,300847833.0
6.3,mcf,STREAM,7,0.1909961073067871,24193.3,0.0027803095285139435,7431210.0,8479685.0,72026025.0,377107293.0,39638302.72,0.1909961073067871,0.8763544872244665,0.0027803095285139435,0.8653466034206987,0.9459448039235019,0.00015265388488504896,7431210.0,8479685.0,377107293.0,72026025.0,1007400.0,1064967.0,377107992.0,326329120.0
6.4,mcf,STREAM,7,0.2095522783619591,14170.5,0.0030157374128166794,8154127.0,9291396.0,79024556.0,377111414.0,23216947.2,0.2095522783619591,0.8775997707987045,0.0030157374128166794,1.2219667399441863,0.6371095587338641,0.00022529956962250025,8154127.0,9291396.0,377111414.0,79024556.0,146288.0,229612.0,369836481.0,451927879.0
6.5,mcf,STREAM,7,0.2148444317144058,13644.300000000001,0.0030488832087856173,8364677.0,9514462.0,81021439.0,377116774.0,22354821.12,0.2148444317144058,0.8791539658259184,0.0030488832087856173,0.5736971539040213,0.8228200890731352,3.3547952098531006e-05,8364677.0,9514462.0,377116774.0,81021439.0,58751.0,71402.0,377102005.0,216342347.0
6.6,mcf,STREAM,7,0.1926195723246482,23839.899999999998,0.0029132785610883317,7448015.0,8546579.0,72634636.0,377088554.0,39059292.16,0.1926195723246482,0.8714615520432211,0.0029132785610883317,0.8437789715018236,0.9597201037105165,0.00010847469672895942,7448015.0,8546579.0,377088554.0,72634636.0,974614.0,1015519.0,377092550.0,318182764.0
6.7,mcf,STREAM,7,0.7065493477278161,20427.5,0.0015024601184105237,3659062.0,4216734.0,262251745.0,371172581.0,33468416.0,0.7065493477278161,0.8677478826029814,0.0015024601184105237,0.8727491814855862,0.9546771024508156,0.00012618842325533945,3659062.0,4216734.0,371172581.0,262251745.0,1002389.0,1049977.0,377118588.0,329129939.0
6.8,mcf,STREAM,7,0.9922901521209891,18147.9,2.2931084224591634e-05,24491.0,33139.0,374222394.0,377130009.0,29733519.36,0.9922901521209891,0.7390385950089019,2.2931084224591634e-05,0.9074854260880971,0.9640290577326898,0.00011481179456302262,24491.0,33139.0,377130009.0,374222394.0,1161039.0,1204361.0,377330571.0,342421994.0
6.9,mcf,STREAM,7,0.46401193691374926,21444.1,0.0021539114501873576,4882193.0,5694001.0,174885835.0,376899431.0,35134013.44,0.46401193691374926,0.8574274925487368,0.0021539114501873576,0.8036716521886161,0.9559476657468242,0.00010508381269830021,4882193.0,5694001.0,376899431.0,174885835.0,859461.0,899067.0,376899153.0,302903165.0
7.0,mcf,STREAM,7,0.1918565029354609,24282.200000000004,0.003112860492300936,7334220.0,8508108.0,72350832.0,377109094.0,39783956.480000004,0.1918565029354609,0.8620271392887819,0.003112860492300936,0.8696270641345812,0.9535619155129955,0.00012741028867037883,7334220.0,8508108.0,377109094.0,72350832.0,986620.0,1034668.0,377112402.0,327947151.0
7.1,mcf,STREAM,7,0.19308020386354227,23601.0,0.0029297327433829533,7461867.0,8566685.0,72811585.0,377105387.0,38667878.4,0.19308020386354227,0.8710331942869383,0.0029297327433829533,0.7926747464626337,0.9482172516704905,0.00012574761358236718,7461867.0,8566685.0,377105387.0,72811585.0,868329.0,915749.0,377104572.0,298921271.0
7.2,mcf,STREAM,7,0.20461752421411208,19225.3,0.003007447175831537,7933057.0,9067194.0,77163219.0,377109533.0,31498731.52,0.20461752421411208,0.8749186352470235,0.003007447175831537,1.265956828544483,0.8094812026595498,0.00023514925425018477,7933057.0,9067194.0,377109533.0,77163219.0,367311.0,453761.0,367638844.0,465414905.0
7.3,mcf,STREAM,7,0.21429475141446366,12207.6,0.0030436414101217097,8342252.0,9490283.0,80829830.0,377189966.0,20000931.84,0.21429475141446366,0.8790308992893047,0.0030436414101217097,0.5678467082995583,0.4887017255546426,3.299344342468178e-05,8342252.0,9490283.0,377189966.0,80829830.0,11895.0,24340.0,377196155.0,214189595.0
7.5,mcf,STREAM,7,0.1954244290277561,23599.3,0.002871537868249846,7580749.0,8663625.0,73695850.0,377106641.0,38665093.12,0.1954244290277561,0.8750089021627783,0.002871537868249846,0.7809207778053326,0.9605059502934231,8.95913603972858e-05,7580749.0,8663625.0,377106641.0,73695850.0,821636.0,855420.0,377089932.0,294477363.0
7.6,mcf,STREAM,7,0.19120418193194322,24216.399999999998,0.0028944861151922944,7391300.0,8482830.0,72104371.0,377106663.0,39676149.76,0.19120418193194322,0.8713247819418756,0.0028944861151922944,0.8680175985837382,0.9514921347144091,0.00013828875416313412,7391300.0,8482830.0,377106663.0,72104371.0,1022953.0,1075104.0,377116710.0,327343941.0
7.7,mcf,STREAM,7,0.19314940203383518,23581.100000000002,0.002861766928334507,7496506.0,8575703.0,72838306.0,377108628.0,38635274.24,0.19314940203383518,0.8741564394196021,0.002861766928334507,0.7869525597505719,0.9397836332296561,0.00013312428675509692,7496506.0,8575703.0,377108628.0,72838306.0,783476.0,833677.0,377098734.0,296758814.0
7.9,mcf,STREAM,7,0.19267601682856883,24163.0,0.0028181388765091443,7477539.0,8540269.0,72658798.0,377103488.0,39588659.2,0.19267601682856883,0.8755624676459255,0.0028181388765091443,0.8033712074076435,0.9428290395602027,0.00013501888108424445,7477539.0,8540269.0,377103488.0,72658798.0,839676.0,890592.0,377102814.0,302953543.0
8.0,mcf,STREAM,7,0.18980025468670375,23579.6,0.002738951558294556,7388682.0,8421782.0,71590402.0,377188124.0,38632816.64,0.18980025468670375,0.8773299997553962,0.002738951558294556,0.8678318675182773,0.9445121196063742,0.0001449188751634514,7388682.0,8421782.0,377188124.0,71590402.0,930437.0,985098.0,377183441.0,327331810.0
8.1,mcf,STREAM,7,0.1978225827343759,24042.600000000002,0.002874303643282081,7691135.0,8775118.0,74604615.0,377128910.0,39391395.84,0.1978225827343759,0.8764708349221059,0.002874303643282081,1.2904496503058818,0.858286060310425,0.00027285347794952705,7691135.0,8775118.0,377128910.0,74604615.0,612309.0,713409.0,370528537.0,478148421.0
8.2,mcf,STREAM,7,0.21477445240081264,13569.8,0.00306270820925219,8355126.0,9510460.0,81018566.0,377226272.0,22232760.32,0.21477445240081264,0.8785196509947995,0.00306270820925219,0.605995602190585,0.45301127443984585,4.079239711669727e-05,8355126.0,9510460.0,377226272.0,81018566.0,12697.0,28028.0,375829838.0,227751229.0
8.3,mcf,STREAM,7,0.20087728494898302,13931.099999999999,0.00290593955444573,7818703.0,8914315.0,75735768.0,377025048.0,22824714.24,0.20087728494898302,0.8770952114660521,0.00290593955444573,0.7154521915718788,0.9658012680977418,6.497121701390904e-05,7818703.0,8914315.0,377025048.0,75735768.0,692155.0,716664.0,377228581.0,269889015.0
8.4,mcf,STREAM,7,0.19312062901172805,23959.4,0.002918411992876668,7461725.0,8562394.0,72834778.0,377146545.0,39255080.96,0.19312062901172805,0.8714531239744399,0.002918411992876668,0.7772853436113332,0.9437986869305334,0.00012297913209359868,7461725.0,8562394.0,377146545.0,72834778.0,778431.0,824785.0,376925737.0,292978851.0
8.5,mcf,STREAM,7,0.18971565219412861,23816.8,0.002808221143870613,7358672.0,8417558.0,71535409.0,377066458.0,39021445.12,0.18971565219412861,0.8742050841823721,0.002808221143870613,0.8850146372416761,0.9506121162809291,0.00013917220030673505,7358672.0,8417558.0,377066458.0,71535409.0,1010610.0,1063115.0,377266436.0,333886318.0
8.6,mcf,STREAM,7,0.19273996824911893,23914.8,0.0028414288941184494,7485190.0,8556813.0,72690393.0,377142290.0,39182008.32,0.19273996824911893,0.8747637701092685,0.0028414288941184494,0.797901814120536,0.9422014885001507,0.00013314361528174253,7485190.0,8556813.0,377142290.0,72690393.0,818579.0,868794.0,377149140.0,300927983.0
8.7,mcf,STREAM,7,0.18967172548675512,23687.0,0.002747813951479566,7380296.0,8416707.0,71539728.0,377176555.0,38808780.8,0.18967172548675512,0.8768626494898777,0.002747813951479566,0.8738354156132592,0.9454659732933938,0.000145383522487941,7380296.0,8416707.0,377176555.0,71539728.0,950684.0,1005519.0,377174793.0,329588692.0
8.8,mcf,STREAM,7,0.1924753973173523,24030.2,0.0028145804818955874,7482051.0,8543458.0,72584435.0,377110197.0,39371079.68,0.1924753973173523,0.875763771531387,0.0028145804818955874,0.7935289279455563,0.9451981202438885,0.00013931000949564696,7482051.0,8543458.0,377110197.0,72584435.0,906100.0,958635.0,377108581.0,299246568.0
8.9,mcf,STREAM,7,0.19120282141192466,23549.8,0.0027635765016195556,7445075.0,8487280.0,72106756.0,377121820.0,38583992.32,0.19120282141192466,0.8772038862863014,0.0027635765016195556,0.9768507896737044,0.9411941227342641,0.00014081798186815075,7445075.0,8487280.0,377121820.0,72106756.0,849967.0,903073.0,377125132.0,368394983.0
9.0,mcf,STREAM,7,0.2137217574893465,20404.8,0.0030668792899452447,8311439.0,9468375.0,80623452.0,377235584.0,33431224.32,0.2137217574893465,0.8778105007459042,0.0030668792899452447,1.0259790513285978,0.36326427447431286,0.00021108282942662924,8311439.0,9468375.0,377235584.0,80623452.0,44554.0,122649.0,369973248.0,379584802.0
9.1,mcf,STREAM,7,0.2096902112268748,12215.3,0.0029769940869996,8177883.0,9300254.0,79056325.0,377014857.0,20013547.52,0.2096902112268748,0.8793182422759637,0.0029769940869996,0.59455830088575,0.9491134548198206,4.112257165971963e-05,8177883.0,9300254.0,377014857.0,79056325.0,289323.0,304835.0,377213763.0,224275574.0
9.2,mcf,STREAM,7,0.190493678192462,19415.0,0.0028845719592057828,7360593.0,8448381.0,71836217.0,377105517.0,31809536.0,0.190493678192462,0.8712430227756064,0.0028845719592057828,0.8865115679457608,0.9569484418465961,0.0001232841031985371,7360593.0,8448381.0,377105517.0,71836217.0,1033378.0,1079868.0,377096469.0,334300382.0
9.3,mcf,STREAM,7,0.19316227360168217,23561.8,0.0028948071439471898,7483399.0,8575051.0,72842843.0,377106987.0,38603653.12,0.19316227360168217,0.8726944014676997,0.0028948071439471898,0.7925761166984132,0.9434773181888123,0.00012858148622775967,7483399.0,8575051.0,377106987.0,72842843.0,809379.0,857868.0,377107167.0,298886134.0
9.4,mcf,STREAM,7,0.19016336245968357,24295.300000000003,0.002780053638751232,7393762.0,8442104.0,71709494.0,377094163.0,39805419.52,0.19016336245968357,0.8758198193246612,0.002780053638751232,0.8774041295053348,0.9478720956981826,0.00014120987264352363,7393762.0,8442104.0,377094163.0,71709494.0,968294.0,1021545.0,377105361.0,330873801.0
9.6,mcf,STREAM,7,0.19283052504569811,24242.800000000003,0.0028244703860206815,7485626.0,8551022.0,72736068.0,377202043.0,39719403.52,0.19283052504569811,0.8754071735518866,0.0028244703860206815,0.797668207071782,0.9442878253330352,0.00013550298209610254,7485626.0,8551022.0,377202043.0,72736068.0,865860.0,916945.0,377002773.0,300723126.0
9.7,mcf,STREAM,7,0.19107964704537025,23543.699999999997,0.0027668163494211193,7438826.0,8482206.0,72057071.0,377104899.0,38573998.08,0.19107964704537025,0.8769919051718386,0.0027668163494211193,0.8449206777132253,0.9425878329546982,0.000143881751125716,7438826.0,8482206.0,377104899.0,72057071.0,890803.0,945061.0,377101332.0,318620713.0
9.8,mcf,STREAM,7,0.19176850618004304,24221.8,0.002797417437416916,7458776.0,8513706.0,72317541.0,377108538.0,39684997.12,0.19176850618004304,0.8760903888388911,0.002797417437416916,0.816363735832695,0.9466908959758077,0.00014266874415396443,7458776.0,8513706.0,377108538.0,72317541.0,955444.0,1009246.0,377111331.0,307860015.0
9.9,mcf,STREAM,7,0.20703706452396087,14581.599999999999,0.0029793459474129693,8060360.0,9183897.0,78075459.0,377108607.0,23890493.439999998,0.20703706452396087,0.877662282144497,0.0029793459474129693,1.2451253280938048,0.7120555963367451,0.00024408598990627748,8060360.0,9183897.0,377108607.0,78075459.0,222135.0,311963.0,368017845.0,458228340.0
10.0,mcf,STREAM,7,0.21481522906183725,13032.0,0.0030484006922421405,8369297.0,9518593.0,80988790.0,377016054.0,21351628.8,0.21481522906183725,0.879257785263011,0.0030484006922421405,0.55427930230682,0.5831253120319521,3.320329201057059e-05,8369297.0,9518593.0,377016054.0,80988790.0,17520.0,30045.0,377221632.0,209086143.0
10.1,mcf,STREAM,7,0.19382871492005072,23779.700000000004,0.0029267193275796244,7497772.0,8601461.0,73094341.0,377107907.0,38960660.480000004,0.19382871492005072,0.8716858682495916,0.0029267193275796244,0.8210390713950924,0.9592896574435201,0.00010261188129910391,7497772.0,8601461.0,377107907.0,73094341.0,911777.0,950471.0,377090835.0,309606309.0
10.2,mcf,STREAM,7,0.19032203826123004,24214.300000000003,0.0028243573755318027,7385582.0,8450677.0,71772451.0,377110563.0,39672709.120000005,0.19032203826123004,0.8739633522852666,0.0028243573755318027,0.8779181109797994,0.9515791115535778,0.00013335823450742827,7385582.0,8450677.0,377110563.0,71772451.0,988331.0,1038622.0,377112071.0,331073517.0
10.3,mcf,STREAM,7,0.1929358275791768,23596.8,0.002869961116253813,7481127.0,8563438.0,72759372.0,377116956.0,38660997.12,0.1929358275791768,0.8736125607495494,0.002869961116253813,0.799720398832421,0.9441349556708851,0.0001329829251419649,7481127.0,8563438.0,377116956.0,72759372.0,847566.0,897717.0,377123604.0,301593439.0
10.4,mcf,STREAM,7,0.19057031415736184,24095.4,0.0027671948824593067,7415672.0,8459796.0,71906406.0,377322178.0,39477903.36,0.19057031415736184,0.8765781113398007,0.0027671948824593067,0.8612972620024922,0.9442049766778972,0.00014453369211316503,7415672.0,8459796.0,377322178.0,71906406.0,922865.0,977399.0,377309949.0,324976026.0
10.5,mcf,STREAM,7,0.19180565072507957,23643.5,0.0028011732122332593,7451314.0,8507139.0,72295851.0,376922425.0,38737510.4,0.19180565072507957,0.8758895323092758,0.0028011732122332593,0.797344442979284,0.9458593385739176,0.00014048171437209024,7451314.0,8507139.0,376922425.0,72295851.0,925058.0,978008.0,376917382.0,300532980.0
10.6,mcf,STREAM,7,0.19100192367233984,23858.800000000003,0.0027717123255900063,7432325.0,8477829.0,72046898.0,377205091.0,39090257.92,0.19100192367233984,0.8766778617497475,0.0027717123255900063,0.8018783306906573,0.9397329973204032,0.00014023807180278363,7432325.0,8477829.0,377205091.0,72046898.0,824845.0,877744.0,377208552.0,302475364.0
10.7,mcf,STREAM,7,0.19902188844868154,21137.799999999996,0.0028948263665065526,7729788.0,8821634.0,75065384.0,377171499.0,34632171.519999996,0.19902188844868154,0.8762308660731107,0.0028948263665065526,1.3353631520099978,0.8469592693968093,0.0002842055242896728,7729788.0,8821634.0,377171499.0,75065384.0,581114.0,686118.0,369465021.0,493369975.0
10.8,mcf,STREAM,7,0.2144080060271699,12148.699999999999,0.0030437220605312254,8348413.0,9496533.0,80876675.0,377209212.0,19904430.08,0.2144080060271699,0.8791011414376173,0.0030437220605312254,0.5932945082610894,0.43397056470964646,3.751826424121723e-05,8348413.0,9496533.0,377209212.0,80876675.0,10851.0,25004.0,377229605.0,223808253.0
10.9,mcf,STREAM,7,0.19857640725606202,18269.9,0.002873266892145014,7714048.0,8797414.0,74873284.0,377050250.0,29933404.16,0.19857640725606202,0.8768540391528692,0.002873266892145014,0.7652505456142823,0.9641050180157571,7.321492213206472e-05,7714048.0,8797414.0,377050250.0,74873284.0,741444.0,769049.0,377040625.0,288530544.0
11.0,mcf,STREAM,7,0.19255068666699982,23740.100000000002,0.00293935282087594,7437721.0,8546495.0,72633402.0,377217050.0,38895779.84,0.19255068666699982,0.8702656469113946,0.00293935282087594,0.795337999421259,0.9480894963366955,0.00012146461266489775,7437721.0,8546495.0,377217050.0,72633402.0,836853.0,882673.0,377229211.0,300024726.0
11.1,mcf,STREAM,7,0.18975960109129417,23993.0,0.0027767021682585835,7371608.0,8418943.0,71574789.0,377186654.0,39310131.2,0.18975960109129417,0.8755978036672775,0.0027767021682585835,0.8673342272191935,0.9479720499739138,0.00013854286975327511,7371608.0,8418943.0,377186654.0,71574789.0,952109.0,1004364.0,377175672.0,327137370.0
11.2,mcf,STREAM,7,0.5647815328254759,22660.8,0.001977263835773107,4969327.0,5709377.0,211386344.0,374279844.0,37127454.72,0.5647815328254759,0.8703799030962572,0.001977263835773107,0.8171313592660701,0.9500309148357132,0.0001348173970613716,4969327.0,5709377.0,374279844.0,211386344.0,975696.0,1027015.0,380655621.0,311045645.0
11.3,mcf,STREAM,7,0.9900943251298775,18512.0,2.3038192024839184e-05,18094.0,26783.0,373420344.0,377156332.0,30330060.8,0.9900943251298775,0.6755777918829108,2.3038192024839184e-05,0.8456383779785184,0.9608395508416792,0.00010537465631205943,18094.0,26783.0,377156332.0,373420344.0,975133.0,1014876.0,377159000.0,318940125.0
11.4,mcf,STREAM,7,0.5985730871233857,18878.0,0.0016407441536933564,3619208.0,4238074.0,225773489.0,377186168.0,30929715.200000003,0.5985730871233857,0.8539747064350457,0.0016407441536933564,0.9213665661116867,0.9617903163512517,0.00011541099753224892,3619208.0,4238074.0,377186168.0,225773489.0,1095710.0,1139240.0,377173761.0,347515293.0
11.5,mcf,STREAM,7,0.1976360172249609,24250.6,0.003193505518424391,7541452.0,8745903.0,74539686.0,377156386.0,39732183.04,0.1976360172249609,0.8622839745650049,0.003193505518424391,1.2357731289304803,0.9292043468135432,0.00013378914772521638,7541452.0,8745903.0,377156386.0,74539686.0,662335.0,712798.0,377183059.0,466112689.0
11.7,mcf,STREAM,7,0.21533727175237502,13502.6,0.0030912739163065327,8376458.0,9542188.0,81204424.0,377103431.0,22122659.84,0.21533727175237502,0.8778340984269016,0.0030912739163065327,0.6692951644777358,0.286865515436944,0.00018138935139091746,8376458.0,9542188.0,377103431.0,81204424.0,27410.0,95550.0,375656010.0,251424751.0
11.8,mcf,STREAM,7,0.20344854194837636,23773.2,0.0029462206192189797,7899987.0,9011353.0,76744352.0,377217508.0,38950010.88,0.20344854194837636,0.8766704622491206,0.0029462206192189797,0.6916633568576214,0.9639627552064788,5.557465696748574e-05,7899987.0,9011353.0,377217508.0,76744352.0,560393.0,581343.0,376970388.0,260736604.0
11.9,mcf,STREAM,7,0.19185467561150968,24062.799999999996,0.0028714054812030844,7432979.0,8515497.0,72329088.0,376999350.0,39424491.519999996,0.19185467561150968,0.8728767093688131,0.0028714054812030844,0.8028351298331506,0.9468768413524467,0.00012524443801505443,7432979.0,8515497.0,376999350.0,72329088.0,842050.0,889292.0,377198387.0,302828116.0
12.0,mcf,STREAM,7,0.19112122165445847,23711.5,0.002859083910830569,7403226.0,8481454.0,72076322.0,377123594.0,38848921.6,0.19112122165445847,0.8728722693066543,0.002859083910830569,0.8498567202905113,0.9493585638167928,0.00014236608988972655,7403226.0,8481454.0,377123594.0,72076322.0,1006509.0,1060199.0,377126323.0,320503340.0
12.1,mcf,STREAM,7,0.19290170123114514,23938.4,0.002827232717965164,7496155.0,8562368.0,72747567.0,377122475.0,39220674.56,0.19290170123114514,0.8754768540665386,0.002827232717965164,0.7804471095901493,0.93795691428889,0.00013617135585134623,7496155.0,8562368.0,377122475.0,72747567.0,776346.0,827699.0,377120428.0,294322548.0
12.2,mcf,STREAM,7,0.18949747686295684,23764.1,0.0027615196803755914,7368953.0,8410321.0,71459425.0,377099612.0,38935101.44,0.18949747686295684,0.8761797558024242,0.0027615196803755914,0.886135399121569,0.9491231987163963,0.00014260952357313293,7368953.0,8410321.0,377099612.0,71459425.0,1003246.0,1057024.0,377099640.0,334161340.0
12.3,mcf,STREAM,7,0.19239266500108984,23791.5,0.0028145549903183984,7478143.0,8539626.0,72559088.0,377140615.0,38979993.6,0.19239266500108984,0.8756991231231906,0.0028145549903183984,0.7980339364906662,0.9418527640375023,0.0001340872065317766,7478143.0,8539626.0,377140615.0,72559088.0,819135.0,869706.0,377150075.0,300978559.0
12.4,mcf,STREAM,7,0.18959574226634457,20855.5,0.002741299592812881,7376443.0,8410598.0,71524975.0,377249901.0,34169651.2,0.18959574226634457,0.8770414422375199,0.002741299592812881,0.8716227963129799,0.945458429589885,0.0001455090552732867,7376443.0,8410598.0,377249901.0,71524975.0,951533.0,1006425.0,377241127.0,328811966.0
12.5,mcf,STREAM,7,0.21265062548701325,12189.5,0.003053540293254703,8268708.0,9420189.0,80189921.0,377097038.0,19971276.8,0.21265062548701325,0.8777645544054371,0.003053540293254703,1.1627675891676257,0.4113747954173486,0.00021456865783902525,8268708.0,9420189.0,377097038.0,80189921.0,55297.0,134420.0,368753763.0,428774924.0
12.6,mcf,STREAM,7,0.21059224464143822,18659.6,0.002991303197074118,8202970.0,9331531.0,79452392.0,377280712.0,30571888.64,0.21059224464143822,0.8790593955054107,0.002991303197074118,0.6199486496344206,0.945596601403768,3.905693781498209e-05,8202970.0,9331531.0,377280712.0,79452392.0,255973.0,270700.0,377064891.0,233760870.0
12.7,mcf,STREAM,7,0.19125685974548703,23611.6,0.0029006905208883243,7399560.0,8493283.0,72114562.0,377056081.0,38685245.44,0.19125685974548703,0.8712249432875367,0.0029006905208883243,0.8277709341874668,0.9574697098532914,0.0001172047070481271,7399560.0,8493283.0,377056081.0,72114562.0,995397.0,1039612.0,377245941.0,312273225.0
12.9,mcf,STREAM,7,0.18986475943262807,24157.0,0.0028004843085695044,7371327.0,8427487.0,71604602.0,377134768.0,39578828.8,0.18986475943262807,0.8746767571400584,0.0028004843085695044,0.8935019672994318,0.9507859186069462,0.00014082489235338179,7371327.0,8427487.0,377134768.0,71604602.0,1026072.0,1079183.0,377142131.0,336977236.0
13.0,mcf,STREAM,7,0.19274136452048274,23478.0,0.002822620784291856,7484083.0,8548566.0,72687733.0,377125757.0,38466355.2,0.19274136452048274,0.8754781796151542,0.002822620784291856,0.7928323331446278,0.9404200650329502,0.00013477366290880126,7484083.0,8548566.0,377125757.0,72687733.0,802278.0,853106.0,377135999.0,299005614.0
13.1,mcf,STREAM,7,0.18998691315467062,24286.4,0.002751663017283429,7392805.0,8430493.0,71646542.0,377113038.0,39790837.760000005,0.18998691315467062,0.8769125364317365,0.002751663017283429,0.8792368939512768,0.9465430427456977,0.00014555153352441259,7392805.0,8430493.0,377113038.0,71646542.0,971882.0,1026770.0,377103550.0,331563354.0
13.2,mcf,STREAM,7,0.19243755805803317,23521.399999999998,0.002807212065481381,7481264.0,8539888.0,72569871.0,377108667.0,38537461.76,0.19243755805803317,0.876037718527456,0.002807212065481381,0.7987695151467383,0.9434438494764911,0.00013790904917962058,7481264.0,8539888.0,377108667.0,72569871.0,867557.0,919564.0,377110859.0,301224658.0
13.3,mcf,STREAM,7,0.2045931473527428,24259.699999999997,0.002951176827419001,7961423.0,9074358.0,77155280.0,377115661.0,39747092.48,0.2045931473527428,0.8773538579809173,0.002951176827419001,1.2677744831245488,0.7924222849038693,0.0002502164032288529,7961423.0,9074358.0,377115661.0,77155280.0,351448.0,443511.0,367933512.0,466456718.0
13.4,mcf,STREAM,7,0.2148289671664424,15377.7,0.0030505222325469383,8358857.0,9509565.0,81037079.0,377216723.0,25194823.68,0.2148289671664424,0.8789946753610707,0.0030505222325469383,0.5656223361327896,0.48220409128532576,3.48472317070794e-05,8358857.0,9509565.0,377216723.0,81037079.0,12234.0,25371.0,376988339.0,213233025.0
13.5,mcf,STREAM,7,0.1949096268935255,12239.3,0.002864338377127965,7564509.0,8644839.0,73513213.0,377165634.0,20052869.119999997,0.1949096268935255,0.8750317964279034,0.002864338377127965,0.7766743260479476,0.9608505866623689,9.140675633990824e-05,7564509.0,8644839.0,377165634.0,73513213.0,846592.0,881086.0,377368166.0,293092166.0
13.6,mcf,STREAM,7,0.1904857161986123,23725.7,0.002884647469533606,7366879.0,8454663.0,71831070.0,377094259.0,38872186.88,0.1904857161986123,0.8713391651447254,0.002884647469533606,0.8724591389472817,0.9525186681926804,0.00013509287213995958,7366879.0,8454663.0,377094259.0,71831070.0,1022003.0,1072948.0,377110940.0,329013886.0
13.8,mcf,STREAM,7,0.1927273670510975,23537.399999999998,0.0028535343286461,7470961.0,8547181.0,72687770.0,377153339.0,38563676.16,0.1927273670510975,0.8740848005909785,0.0028535343286461,0.7855005963273857,0.9413349039675604,0.00013046144710189482,7470961.0,8547181.0,377153339.0,72687770.0,789523.0,838727.0,377153566.0,296254351.0
13.9,mcf,STREAM,7,0.18980782047999242,24176.9,0.002773943593959658,7380202.0,8426420.0,71587742.0,377159075.0,39611432.96,0.18980782047999242,0.8758407485029229,0.002773943593959658,0.8814887429886632,0.9484601168543453,0.00014285840114436482,7380202.0,8426420.0,377159075.0,71587742.0,991524.0,1045404.0,377156678.0,332459366.0
14.0,mcf,STREAM,7,0.19274407461286305,23583.699999999997,0.0028195910541799494,7486312.0,8549588.0,72684352.0,377102913.0,38639534.08,0.19274407461286305,0.8756342410885765,0.0028195910541799494,0.8019922306880186,0.9427032459185203,0.00013486562020046565,7486312.0,8549588.0,377102913.0,72684352.0,836750.0,887607.0,377093880.0,302426362.0
14.1,mcf,STREAM,7,0.19039809278478942,24154.1,0.0027518065425822294,7402905.0,8440681.0,71803947.0,377125348.0,39574077.44,0.19039809278478942,0.8770506787307801,0.0027518065425822294,0.8678382164952217,0.944150905075021,0.0001458297187029684,7402905.0,8440681.0,377125348.0,71803947.0,929729.0,984725.0,377124776.0,327283293.0
14.2,mcf,STREAM,7,0.19809351214133084,21817.5,0.002875497933599211,7703011.0,8787450.0,74707176.0,377130857.0,35745792.0,0.19809351214133084,0.876592299244946,0.002875497933599211,1.2876729006769376,0.8568954198153399,0.0002759685763673296,7703011.0,8787450.0,377130857.0,74707176.0,613460.0,715910.0,371237919.0,478033008.0
14.3,mcf,STREAM,7,0.21514601418146928,12139.2,0.0030708798544350478,8369351.0,9527689.0,81153225.0,377200690.0,19888865.28,0.21514601418146928,0.8784240333621302,0.0030708798544350478,0.6068937999804405,0.46217277015591807,3.989360618822054e-05,8369351.0,9527689.0,377200690.0,81153225.0,12835.0,27771.0,374395835.0,227218511.0
14.4,mcf,STREAM,7,0.2007171855022206,17332.2,0.0029077738619212113,7802677.0,8899071.0,75681648.0,377056144.0,28397076.48,0.2007171855022206,0.8767968027224414,0.0029077738619212113,0.7139418031444513,0.965746651850819,6.381606773120145e-05,7802677.0,8899071.0,377056144.0,75681648.0,678776.0,702851.0,377256087.0,269338891.0
14.5,mcf,STREAM,7,0.19302976115366882,24032.0,0.0029068800960075436,7454233.0,8550467.0,72794811.0,377117034.0,39374028.8,0.19302976115366882,0.8717924997546918,0.0029068800960075436,0.7736004384513743,0.9426613714843585,0.0001261536553962375,7454233.0,8550467.0,377117034.0,72794811.0,782112.0,829685.0,377103619.0,291727525.0
14.6,mcf,STREAM,7,0.1896981369994342,23695.2,0.002806868989686852,7367078.0,8425758.0,71549340.0,377174711.0,38822215.68,0.1896981369994342,0.8743519574143952,0.002806868989686852,0.8862675882519812,0.9514753666668234,0.00013679597250555785,7367078.0,8425758.0,377174711.0,71549340.0,1011699.0,1063295.0,377174847.0,334277842.0
14.7,mcf,STREAM,7,0.19259400171379243,23927.800000000003,0.0028380762907012453,7480012.0,8550411.0,72638085.0,377156528.0,39203307.52,0.19259400171379243,0.8748131522566576,0.0028380762907012453,0.7960350632011001,0.9423945665832407,0.0001323648629134131,7480012.0,8550411.0,377156528.0,72638085.0,816714.0,866637.0,377162027.0,300234198.0
14.8,mcf,STREAM,7,0.19020418771800116,23804.899999999998,0.00275535256622864,7393796.0,8432906.0,71730593.0,377124152.0,39001948.16,0.19020418771800116,0.876779131654023,0.00275535256622864,0.874817983679666,0.9465413387016998,0.000143091516991617,7393796.0,8432906.0,377124152.0,71730593.0,954940.0,1008873.0,376912630.0,329729947.0
14.9,mcf,STREAM,7,0.19238779530571182,23801.7,0.0028083578047474983,7473776.0,8532398.0,72521369.0,376954104.0,38996705.28,0.19238779530571182,0.8759291350450366,0.0028083578047474983,0.7933960861488745,0.9448467907475084,0.0001378510575202607,7473776.0,8532398.0,376954104.0,72521369.0,890674.0,942665.0,377153436.0,299232060.0
15.0,mcf,STREAM,7,0.19071014242032028,23902.6,0.002754564238370761,7423893.0,8462854.0,71931668.0,377177989.0,39162019.839999996,0.19071014242032028,0.877232786953432,0.002754564238370761,0.9596771187872634,0.9420108537236395,0.00014082572273583325,7423893.0,8462854.0,377177989.0,71931668.0,862881.0,915999.0,377189614.0,361980242.0
15.1,mcf,STREAM,7,0.2136686807621056,16780.0,0.0030707387653118637,8307266.0,9465520.0,80593832.0,377190666.0,27492352.0,0.2136686807621056,0.8776344036038168,0.0030707387653118637,1.0480565458896156,0.3557748814593581,0.00021787066479133906,8307266.0,9465520.0,377190666.0,80593832.0,44194.0,124219.0,367305071.0,384956484.0
15.2,mcf,STREAM,7,0.21018458052293096,12250.9,0.0029852293111310964,8187049.0,9312950.0,79272647.0,377157291.0,20071874.56,0.21018458052293096,0.8791037211624673,0.0029852293111310964,0.5901353449882507,0.9458068401197287,4.058771133353271e-05,8187049.0,9312950.0,377157291.0,79272647.0,267006.0,282305.0,376936750.0,222443699.0
15.3,mcf,STREAM,7,0.19064687103848077,22325.0,0.0028956927615318186,7368130.0,8460097.0,71893018.0,377100435.0,36577280.0,0.19064687103848077,0.8709273664356331,0.0028956927615318186,0.8828198488760848,0.9565122915121713,0.00012471738112242647,7368130.0,8460097.0,377100435.0,71893018.0,1034447.0,1081478.0,377100606.0,332911900.0
15.4,mcf,STREAM,7,0.1930528203081628,24189.3,0.0028923619975236444,7474110.0,8564631.0,72787623.0,377034756.0,39631749.12,0.1930528203081628,0.8726715721903255,0.0028923619975236444,0.7879810109657569,0.9433587570198945,0.00013050029075408577,7474110.0,8564631.0,377034756.0,72787623.0,819908.0,869137.0,377232876.0,297252343.0
15.5,mcf,STREAM,7,0.19026001553344468,23492.7,0.002779869365636587,7388932.0,8437045.0,71735024.0,377036782.0,38490439.68,0.19026001553344468,0.8757725009170865,0.002779869365636587,0.8783936109009811,0.9482062464486739,0.00014142929757284372,7388932.0,8437045.0,377036782.0,71735024.0,976221.0,1029545.0,377036448.0,331186407.0
15.6,mcf,STREAM,7,0.1922361638358153,24236.6,0.00282123106457569,7468849.0,8533034.0,72512615.0,377205899.0,39709245.44,0.1922361638358153,0.8752864455948494,0.00282123106457569,0.7979870398503328,0.9433987081097048,0.0001346172683847451,7468849.0,8533034.0,377205899.0,72512615.0,846356.0,897135.0,377210150.0,301008811.0
15.7,mcf,STREAM,7,0.4229398217017922,23469.5,0.0024060688851740395,6212542.0,7113095.0,158299593.0,374283964.0,38452428.8,0.4229398217017922,0.8733950551764035,0.0024060688851740395,0.8579514715224078,0.9441492474663287,0.00014548826361730047,6212542.0,7113095.0,374283964.0,158299593.0,935701.0,991052.0,380449932.0,326407579.0
15.9,mcf,STREAM,7,0.9895690323403941,15090.2,2.6036045678724545e-05,20559.0,30398.0,373957314.0,377899168.0,24723783.68,0.9895690323403941,0.6763273899598657,2.6036045678724545e-05,0.8905211826506259,0.963239442514544,0.00011639573374809341,20559.0,30398.0,377899168.0,373957314.0,1150734.0,1194650.0,377299052.0,335992798.0
16.0,mcf,STREAM,7,0.7454379924867688,10187.5,0.0010203604683966757,2692543.0,3077255.0,281056499.0,377035383.0,16691200.0,0.7454379924867688,0.8749820863074396,0.0010203604683966757,1.228634737230895,0.6150167425088006,0.0002437672067591652,2692543.0,3077255.0,377035383.0,281056499.0,143262.0,232940.0,367883774.0,451994784.0
16.1,mcf,STREAM,7,0.21467065892160872,17546.0,0.0030560986778681814,8363042.0,9515531.0,80954707.0,377111187.0,28747366.4,0.21467065892160872,0.8788833749792838,0.0030560986778681814,0.5932922440130365,0.8702299355731558,3.68003640048687e-05,8363042.0,9515531.0,377111187.0,80954707.0,93065.0,106943.0,377115835.0,223739900.0
16.2,mcf,STREAM,7,0.19292808536544476,24067.7,0.00295588294899325,7451181.0,8565885.0,72755827.0,377113715.0,39432519.68,0.19292808536544476,0.8698670365058602,0.00295588294899325,0.8248120908721566,0.9593124983450015,0.00010594456491878111,7451181.0,8565885.0,377113715.0,72755827.0,941924.0,981874.0,377083997.0,311023440.0
16.3,mcf,STREAM,7,0.19159152169325858,23764.899999999998,0.002865438159506737,7422786.0,8503437.0,72255466.0,377132899.0,38936412.16,0.19159152169325858,0.8729159750345654,0.002865438159506737,0.8537899677746849,0.9486929039225789,0.00013176166510280336,7422786.0,8503437.0,377132899.0,72255466.0,918829.0,968521.0,377135489.0,321994497.0
16.4,mcf,STREAM,7,0.19292958341079763,23928.899999999998,0.0029139578997844856,7459320.0,8558263.0,72759670.0,377130706.0,39205109.76,0.19292958341079763,0.8715927519404346,0.0029139578997844856,0.7960117928893535,0.9474732698902483,0.0001357743740615746,7459320.0,8558263.0,377130706.0,72759670.0,923632.0,974837.0,377133022.0,300202333.0
16.5,mcf,STREAM,7,0.19289367276456693,23841.9,0.002830498492511729,7499305.0,8566691.0,72740546.0,377101773.0,39062568.96,0.19289367276456693,0.875402766365683,0.002830498492511729,0.8027400337162758,0.939744508525862,0.00014046591959481487,7499305.0,8566691.0,377101773.0,72740546.0,826120.0,879090.0,377102148.0,302714991.0
16.6,mcf,STREAM,7,0.1915381857886008,23836.7,0.002806866981127986,7439612.0,8498114.0,72231265.0,377111565.0,39054049.28,0.1915381857886008,0.8754427158778995,0.002806866981127986,0.8546766505131603,0.9471950406133859,0.00014821810651693761,7439612.0,8498114.0,377111565.0,72231265.0,1002623.0,1058518.0,377113170.0,322309821.0
16.7,mcf,STREAM,7,0.193644012086106,23942.3,0.0028330304699979666,7528349.0,8596687.0,73023308.0,377100780.0,39227064.32,0.193644012086106,0.8757267770712136,0.0028330304699979666,0.7838850171765147,0.9368117624345684,0.000138002206810155,7528349.0,8596687.0,377100780.0,73023308.0,771531.0,823571.0,377095419.0,295599449.0
16.8,mcf,STREAM,7,0.2016510306736221,16814.5,0.0029311125996800153,7841665.0,8947002.0,76043597.0,377104926.0,27548876.8,0.2016510306736221,0.876457275856203,0.0029311125996800153,1.3380859232634599,0.8482733716556482,0.0002524221497844444,7841665.0,8947002.0,377104926.0,76043597.0,519145.0,612002.0,367863914.0,492233525.0
16.9,mcf,STREAM,7,0.21606369582602428,12326.0,0.003078046937560751,8416658.0,9577427.0,81480252.0,377112183.0,20194918.4,0.21606369582602428,0.8788015820950659,0.003078046937560751,0.5818264235314784,0.4418478049539215,3.806200399092071e-05,8416658.0,9577427.0,377112183.0,81480252.0,11363.0,25717.0,377121499.0,219419253.0
17.0,mcf,STREAM,7,0.1975052334892973,22403.600000000002,0.002862099223014368,7683150.0,8762451.0,74479457.0,377101182.0,36706058.24,0.1975052334892973,0.8768265865338363,0.002862099223014368,0.8070569443588341,0.9632772254404779,7.773681915452826e-05,7683150.0,8762451.0,377101182.0,74479457.0,768911.0,798224.0,377080003.0,304325035.0
17.1,mcf,STREAM,7,0.19380320926484246,24194.3,0.0029776800562378893,7476723.0,8599647.0,73085849.0,377113719.0,39639941.12,0.19380320926484246,0.8694220820924394,0.0029776800562378893,0.7844188090475016,0.9493791124207366,0.00012591118618493448,7476723.0,8599647.0,377113719.0,73085849.0,890529.0,938012.0,377115024.0,295816118.0
17.2,mcf,STREAM,7,0.19211713596676663,23484.699999999997,0.00282269015782561,7457960.0,8522416.0,72448702.0,377106923.0,38477332.48,0.19211713596676663,0.8750992676255184,0.00282269015782561,0.8269909676832956,0.9451619809902821,0.00013651534449469902,7457960.0,8522416.0,377106923.0,72448702.0,887302.0,938783.0,377107791.0,311864737.0
17.3,mcf,STREAM,7,0.19236587236341376,24246.5,0.0028445829752662753,7468796.0,8541518.0,72543183.0,377110462.0,39725465.6,0.19236587236341376,0.8744108482824716,0.0028445829752662753,0.824300201665147,0.9475399271615059,0.00014117491037869906,7468796.0,8541518.0,377110462.0,72543183.0,961609.0,1014848.0,377113751.0,310854941.0
17.4,mcf,STREAM,7,0.19343385341733332,23490.0,0.0028235827888734326,7523750.0,8588546.0,72945477.0,377108121.0,38486016.0,0.19343385341733332,0.8760213894179527,0.0028235827888734326,0.7746152286679986,0.9361531712297028,0.00014395025639188722,7523750.0,8588546.0,377108121.0,72945477.0,795953.0,850238.0,377109436.0,292114712.0
17.5,mcf,STREAM,7,0.19079271247534071,24254.2,0.0027751666497724055,7414642.0,8461186.0,71949902.0,377110326.0,39738081.28,0.19079271247534071,0.8763123751209346,0.0027751666497724055,0.8854739087732697,0.9483343227211749,0.00014655252138235262,7414642.0,8461186.0,377110326.0,71949902.0,1014419.0,1069685.0,377107125.0,333918520.0
17.6,mcf,STREAM,7,0.19506016662109246,23382.6,0.002834264504967924,7581553.0,8650342.0,73556353.0,377095715.0,38310051.839999996,0.19506016662109246,0.8764454630811128,0.002834264504967924,1.2289572404892197,0.9316782932735514,0.00012798145809173937,7581553.0,8650342.0,377095715.0,73556353.0,658295.0,706569.0,377195265.0,463556852.0
17.7,mcf,STREAM,7,0.21656623498092217,12217.2,0.0031119257299283306,8420044.0,9593786.0,81683468.0,377175454.0,20016660.48,0.21656623498092217,0.877656016092083,0.0031119257299283306,0.7226922011662478,0.39059574355863813,0.0001886954094672693,8420044.0,9593786.0,377175454.0,81683468.0,44433.0,113757.0,367385726.0,265506799.0
17.8,mcf,STREAM,7,0.20665548364937558,15789.6,0.00299613974139645,8025984.0,9155883.0,77933556.0,377118258.0,25869680.64,0.20665548364937558,0.8765931150496353,0.00299613974139645,0.6719429027530303,0.9625734211420527,4.9069038827637815e-05,8025984.0,9155883.0,377118258.0,77933556.0,475904.0,494408.0,377101334.0,253390565.0
18.0,mcf,STREAM,7,0.19115930644191798,24141.6,0.0028746600079728383,7391494.0,8475652.0,72094401.0,377143035.0,39553597.44,0.19115930644191798,0.8720855929431741,0.0028746600079728383,0.8524739940961007,0.9527012008208797,0.00012130602537342353,7391494.0,8475652.0,377143035.0,72094401.0,921505.0,967255.0,377145322.0,321506579.0
18.1,mcf,STREAM,7,0.1929541407499182,23478.4,0.0029295237313758066,7460933.0,8565546.0,72755735.0,377062315.0,38467010.56,0.1929541407499182,0.871039978070283,0.0029295237313758066,0.7843832804878055,0.9486108325394039,0.00013039365516608672,7460933.0,8565546.0,377062315.0,72755735.0,908071.0,957264.0,377265289.0,295920585.0
18.2,mcf,STREAM,7,0.19197903396507524,24123.2,0.002818358722364977,7461596.0,8524419.0,72396651.0,377107070.0,39523450.88,0.19197903396507524,0.8753201831115998,0.002818358722364977,0.8121746335146945,0.9422780614530144,0.00013669633978923267,7461596.0,8524419.0,377107070.0,72396651.0,841492.0,893040.0,377098612.0,306269927.0
18.3,mcf,STREAM,7,0.19146610438793693,23457.399999999998,0.0028198102009643054,7436979.0,8500369.0,72204555.0,377114034.0,38432604.16,0.19146610438793693,0.8749007248979427,0.0028198102009643054,0.831893670710678,0.9474339453911549,0.00014308547382778136,7436979.0,8500369.0,377114034.0,72204555.0,972576.0,1026537.0,377124236.0,313727265.0
18.4,mcf,STREAM,7,0.19331293417891438,24100.9,0.0028271757675818656,7519701.0,8585851.0,72899813.0,377107788.0,39486914.56,0.19331293417891438,0.8758247726404756,0.0028271757675818656,0.7678462739990768,0.9344357175407515,0.0001426886079135374,7519701.0,8585851.0,377107788.0,72899813.0,766897.0,820706.0,377107891.0,289560889.0
18.5,mcf,STREAM,7,0.1900513574463999,23446.9,0.002769485923609633,7319160.0,8353952.0,71010877.0,373640462.0,38415400.96,0.1900513574463999,0.8761314405445471,0.002769485923609633,0.8847523862031863,0.9487309263871783,0.00014450191065778568,7319160.0,8353952.0,373640462.0,71010877.0,999100.0,1053091.0,373635198.0,330574633.0
18.6,mcf,STREAM,7,0.21018274069544238,18953.5,0.003029713191192092,8250364.0,9403510.0,79998129.0,380612265.0,31053414.4,0.21018274069544238,0.8773706839254704,0.003029713191192092,1.2048715385674575,0.6232697447239886,0.0002182898496400036,8250364.0,9403510.0,380612265.0,79998129.0,135262.0,217020.0,374538716.0,451271039.0
18.7,mcf,STREAM,7,0.21388233869074008,12247.2,0.0030419521209025554,8327980.0,9475712.0,80698050.0,377301139.0,20065812.48,0.21388233869074008,0.8788764369368761,0.0030419521209025554,0.5933995195286734,0.8857023774685857,3.41807978944395e-05,8327980.0,9475712.0,377301139.0,80698050.0,99878.0,112767.0,377083064.0,223760909.0
18.8,mcf,STREAM,7,0.19172821783763,20727.200000000004,0.0029235614710900067,7400645.0,8502760.0,72277100.0,376976852.0,33959444.480000004,0.19172821783763,0.87038149965423,0.0029235614710900067,0.8171062073412084,0.9575973182192352,0.0001095284319273437,7400645.0,8502760.0,376976852.0,72277100.0,932966.0,974278.0,377180603.0,308196612.0
18.9,mcf,STREAM,7,0.18971830184799895,23399.700000000004,0.0028091144005494245,7349709.0,8409315.0,71562287.0,377202865.0,38338068.480000004,0.18971830184799895,0.8739961578321183,0.0028091144005494245,0.8555983647931243,0.9489338222022824,0.00013133280977219028,7349709.0,8409315.0,377202865.0,71562287.0,920072.0,969585.0,377004041.0,322564041.0
19.0,mcf,STREAM,7,0.19218750564687498,23977.799999999996,0.002869537206672162,7443441.0,8525671.0,72482449.0,377144439.0,39285227.519999996,0.19218750564687498,0.8730621906475162,0.002869537206672162,0.7772772435605243,0.9462333963728726,0.0001341862199651203,7443441.0,8525671.0,377144439.0,72482449.0,891103.0,941737.0,377341280.0,293298790.0
19.1,mcf,STREAM,7,0.19060229085184488,23409.2,0.002782240066316529,7413050.0,8462684.0,71907039.0,377262197.0,38353633.28,0.19060229085184488,0.875969136978292,0.002782240066316529,0.8178384585758559,0.9418427451681939,0.0001395991059857486,7413050.0,8462684.0,377262197.0,71907039.0,852897.0,905562.0,377258863.0,308536807.0
19.2,mcf,STREAM,7,0.19089664670394504,24004.3,0.0027917067415417418,7416724.0,8469556.0,71992554.0,377128437.0,39328645.12,0.19089664670394504,0.8756921850448831,0.0027917067415417418,0.820893579310019,0.9477257605404789,0.00014082428220237947,7416724.0,8469556.0,377128437.0,71992554.0,962878.0,1015988.0,377136664.0,309589066.0
19.3,mcf,STREAM,7,0.1915938629877322,23367.5,0.0027905551930222706,7453775.0,8506759.0,72295747.0,377338532.0,38285312.0,0.1915938629877322,0.8762179579790611,0.0027905551930222706,0.7747757039199387,0.9363875074549625,0.00014105052455813948,7453775.0,8506759.0,377338532.0,72295747.0,783467.0,836691.0,377339965.0,292353837.0
19.4,mcf,STREAM,7,0.1991471670681562,23934.0,0.002900713903674787,7730525.0,8824390.0,75098794.0,377101995.0,39213465.6,0.1991471670681562,0.8760407234947685,0.002900713903674787,1.3453556338054053,0.8584175996598405,0.00025651485714733825,7730525.0,8824390.0,377101995.0,75098794.0,573356.0,667922.0,368657009.0,495974784.0
19.5,mcf,STREAM,7,0.21597041521945032,14247.5,0.003070782119680675,8406076.0,9564192.0,81451169.0,377140401.0,23343104.0,0.21597041521945032,0.8789112556502421,0.003070782119680675,0.590188828403155,0.34317895032013834,3.726255395964614e-05,8406076.0,9564192.0,377140401.0,81451169.0,7343.0,21397.0,377161480.0,222596492.0
19.6,mcf,STREAM,7,0.1983826163397199,13474.5,0.002877352364631181,7714988.0,8800239.0,74823972.0,377170003.0,22076620.8,0.1983826163397199,0.8766793720034195,0.002877352364631181,0.7706385469420528,0.9646012960571356,7.361727679077166e-05,7714988.0,8800239.0,377170003.0,74823972.0,756613.0,784379.0,377166899.0,290659351.0
19.7,mcf,STREAM,7,0.19344508036435176,23668.999999999996,0.002974102050401513,7452353.0,8573924.0,72950554.0,377112480.0,38779289.599999994,0.19344508036435176,0.8691881336946771,0.002974102050401513,0.7943536928963367,0.9485470294120306,0.00012078902299838815,7452353.0,8573924.0,377112480.0,72950554.0,839282.0,884808.0,376905110.0,299395966.0
19.8,mcf,STREAM,7,0.18970750933276403,24030.6,0.0027928002454765378,7367591.0,8420806.0,71542100.0,377117913.0,39371735.04,0.18970750933276403,0.8749270556761432,0.0027928002454765378,0.8596088768115274,0.947279911790193,0.0001385009326378771,7367591.0,8420806.0,377117913.0,71542100.0,939013.0,991273.0,377325979.0,324352761.0
19.9,mcf,STREAM,7,0.1924397499348253,23494.1,0.0028422014055510857,7456211.0,8528250.0,72585608.0,377186148.0,38492733.44,0.1924397499348253,0.8742955471521121,0.0028422014055510857,0.7838671860421366,0.9459411319885366,0.00013437737505912593,7456211.0,8528250.0,377186148.0,72585608.0,886904.0,937589.0,377184031.0,295662185.0
20.1,mcf,STREAM,7,0.19092093065781096,23589.4,0.002772851457125271,7425154.0,8470614.0,71983732.0,377034261.0,38648872.96,0.19092093065781096,0.8765780142974288,0.002772851457125271,0.8063117209065288,0.941843742757947,0.00013852949579501732,7425154.0,8470614.0,377034261.0,71983732.0,869723.0,923426.0,387664733.0,312578618.0
20.2,mcf,STREAM,7,0.19128717777015633,23889.1,0.0028001799491823966,7439205.0,8495283.0,72143285.0,377146476.0,39139901.44,0.19128717777015633,0.8756865427555504,0.0028001799491823966,0.8419975846579171,0.9475080220059572,0.0001450853368247567,7439205.0,8495283.0,377146476.0,72143285.0,987725.0,1042445.0,377157342.0,317565571.0
20.3,mcf,STREAM,7,0.2506476134966437,18738.100000000002,0.0026870773869380844,7210659.0,8224354.0,94556351.0,377248160.0,30700503.040000003,0.2506476134966437,0.8767447266982914,0.0026870773869380844,1.14874724206864,0.9352838886122332,0.00012876812924263528,7210659.0,8224354.0,377248160.0,94556351.0,702430.0,751034.0,377453647.0,433598836.0
20.4,mcf,STREAM,7,1.0455675096782995,3258.5,0.00015805228353862473,60567.0,119848.0,392163189.0,375072088.0,5338726.4,1.0455675096782995,0.5053651291636072,0.00015805228353862473,0.8215250228086304,0.2351683377646795,0.0002567984238718769,60567.0,119848.0,375072088.0,392163189.0,29365.0,124868.0,371898700.0,305524088.0
20.5,mcf,STREAM,7,0.8555599434748344,12422.8,0.0006608969857751362,1281539.0,1530861.0,322758192.0,377247900.0,20353515.52,0.8555599434748344,0.8371360953084571,0.0006608969857751362,0.6637648475962726,0.950483377635364,5.767748982368594e-05,1281539.0,1530861.0,377247900.0,322758192.0,417650.0,439408.0,377235557.0,250395702.0
20.6,mcf,STREAM,7,0.1924501058348423,23842.3,0.003237208868663047,7301370.0,8522127.0,72573264.0,377101710.0,39063224.32,0.1924501058348423,0.8567544229275156,0.003237208868663047,0.8503620843305817,0.9608233090120292,0.00010536983458118743,7301370.0,8522127.0,377101710.0,72573264.0,974467.0,1014200.0,377081355.0,320655687.0
20.7,mcf,STREAM,7,0.19404963313936988,23914.2,0.003120191710138364,7435386.0,8612055.0,73178897.0,377114328.0,39181025.28,0.19404963313936988,0.8633695442028645,0.003120191710138364,0.784429623448602,0.9528457116850211,0.00011428825804011959,7435386.0,8612055.0,377114328.0,73178897.0,870941.0,914042.0,377125356.0,295828301.0
20.8,mcf,STREAM,7,0.19093613665222833,23710.4,0.002898065047843073,7386855.0,8479710.0,72001666.0,377098161.0,38847119.36,0.19093613665222833,0.8711211822102407,0.002898065047843073,0.8449919623086254,0.9483656572458956,0.00013053574629286207,7386855.0,8479710.0,377098161.0,72001666.0,904095.0,953319.0,377092110.0,318639802.0
20.9,mcf,STREAM,7,0.19235764305368278,23891.399999999998,0.0028883338833198074,7452189.0,8541424.0,72541017.0,377115335.0,39143669.76,0.19235764305368278,0.8724761819574816,0.0028883338833198074,0.80109719167356,0.9487037787016769,0.00013266468803214875,7452189.0,8541424.0,377115335.0,72541017.0,925304.0,975335.0,377123715.0,302112749.0
21.0,mcf,STREAM,7,0.19204561850423776,23615.0,0.0028222722096775425,7459004.0,8524038.0,72471788.0,377367568.0,38690816.0,0.19204561850423776,0.875055226173323,0.0028222722096775425,0.7967684696581009,0.9413446795196965,0.0001352011448516798,7459004.0,8524038.0,377367568.0,72471788.0,818374.0,869367.0,377163966.0,300512356.0
21.1,mcf,STREAM,7,0.1902867217301249,23732.7,0.002792416114527823,7392955.0,8445220.0,71705666.0,376829583.0,38883655.68,0.1902867217301249,0.8754011144765915,0.002792416114527823,0.8531843998166876,0.9499345901537963,0.0001395647345594493,7392955.0,8445220.0,376829583.0,71705666.0,998443.0,1051065.0,377043672.0,321687779.0
21.2,mcf,STREAM,7,0.20912606269244394,16786.100000000002,0.003017307006662489,8133902.0,9271817.0,78867574.0,377129340.0,27502346.240000002,0.20912606269244394,0.8772716286354659,0.003017307006662489,1.221764014896715,0.6496721592357486,0.00022681604875371614,8133902.0,9271817.0,377129340.0,78867574.0,155462.0,239293.0,369599067.0,451562840.0
21.3,mcf,STREAM,7,0.21561119253246058,12284.5,0.0030635027086694327,8402557.0,9557915.0,81314802.0,377136275.0,20126924.8,0.21561119253246058,0.8791202893099593,0.0030635027086694327,0.5489193119665893,0.5569082779092924,3.1267404873514534e-05,8402557.0,9557915.0,377136275.0,81314802.0,14821.0,26613.0,377133953.0,207016110.0
21.4,mcf,STREAM,7,0.1923084351599128,22413.1,0.0029184957315035163,7437406.0,8537915.0,72515838.0,377080901.0,36721623.04,0.1923084351599128,0.8711033080090397,0.0029184957315035163,0.8477142790114017,0.9605168772266934,0.00010495514579074662,7437406.0,8537915.0,377080901.0,72515838.0,962752.0,1002327.0,377065838.0,319644095.0
21.5,mcf,STREAM,7,0.19010746341265608,24159.2,0.0028119048211801396,7370779.0,8431244.0,71695994.0,377134031.0,39582433.28,0.19010746341265608,0.8742220009289258,0.0028119048211801396,0.8641743413679547,0.9500852305199807,0.0001331571879491766,7370779.0,8431244.0,377134031.0,71695994.0,955876.0,1006095.0,377140737.0,325915348.0
21.6,mcf,STREAM,7,0.1928264699163804,23437.3,0.0028670417832152165,7472068.0,8553252.0,72716378.0,377107863.0,38399672.32,0.1928264699163804,0.8735938096995155,0.0028670417832152165,0.7906088120612388,0.945502895393875,0.00013255818794519772,7472068.0,8553252.0,377107863.0,72716378.0,866838.0,916801.0,376913722.0,297991310.0
21.7,mcf,STREAM,7,0.19066813404817534,24173.1,0.002774731561014589,7413953.0,8460324.0,71902309.0,377107110.0,39605207.04,0.19066813404817534,0.8763202213059452,0.002774731561014589,0.8405140348499078,0.9443315031285671,0.0001417445310250581,7413953.0,8460324.0,377107110.0,71902309.0,906732.0,960184.0,377100969.0,316958657.0
21.8,mcf,STREAM,7,0.19164656226339322,23437.800000000003,0.0028089691949622336,7444737.0,8503958.0,72267102.0,377085303.0,38400491.52,0.19164656226339322,0.8754437639508568,0.0028089691949622336,0.8107174112482741,0.9463837398634829,0.00014181235586160692,7444737.0,8503958.0,377085303.0,72267102.0,943908.0,997384.0,377089850.0,305713307.0
21.9,mcf,STREAM,7,0.19204375144250635,24134.9,0.0027878998394726268,7460865.0,8511988.0,72406333.0,377030403.0,39542620.160000004,0.19204375144250635,0.8765126313617924,0.0027878998394726268,0.787627485231117,0.9368597536992661,0.00014256077159876404,7460865.0,8511988.0,377030403.0,72406333.0,797945.0,851723.0,377228598.0,297115612.0
22.1,mcf,STREAM,7,0.19949188480012128,12192.3,0.002900277738342282,7758460.0,8852215.0,75232535.0,377120779.0,19975864.32,0.19949188480012128,0.8764427886127936,0.002900277738342282,1.339830880086114,0.8515441252416154,0.00027177392061801254,7758460.0,8852215.0,377120779.0,75232535.0,577117.0,677730.0,370208443.0,496016704.0
22.2,mcf,STREAM,7,0.2156051745101658,15858.4,0.0030634457068416015,8397243.0,9552500.0,81306937.0,377110323.0,25982402.56,0.2156051745101658,0.8790623397016488,0.0030634457068416015,0.591100298313075,0.4453013763644993,3.718916776513259e-05,8397243.0,9552500.0,377110323.0,81306937.0,11259.0,25284.0,377125944.0,222919258.0
22.3,mcf,STREAM,7,0.1985991931340445,24198.0,0.0028749282989574965,7729290.0,8813452.0,74893589.0,377109231.0,39646003.2,0.1985991931340445,0.8769878136285306,0.0028749282989574965,0.7706176259896155,0.963960420283758,7.337460642127624e-05,7729290.0,8813452.0,377109231.0,74893589.0,740097.0,767767.0,377105941.0,290604485.0
22.4,mcf,STREAM,7,0.1933878010736668,23519.699999999997,0.0029722108496177094,7458778.0,8579621.0,72927990.0,377107499.0,38534676.48,0.1933878010736668,0.8693598470142213,0.0029722108496177094,0.797501571204855,0.947090996234787,0.00012382789846821968,7458778.0,8579621.0,377107499.0,72927990.0,835858.0,882553.0,377095958.0,300734619.0
22.5,mcf,STREAM,7,0.19015348562262815,24131.7,0.0027893663976936048,7386646.0,8438535.0,71708170.0,377106787.0,39537377.28,0.19015348562262815,0.8753469648463863,0.0027893663976936048,0.8647560589008251,0.9463493760707646,0.000140505259256427,7386646.0,8438535.0,377106787.0,71708170.0,934626.0,987612.0,377110439.0,326108537.0
22.6,mcf,STREAM,7,0.192546015269525,23520.6,0.0028413670327789957,7476883.0,8548383.0,72610491.0,377107212.0,38536151.04,0.192546015269525,0.8746546569099677,0.0028413670327789957,0.7855022299729466,0.9452432572148988,0.00013763323729767488,7476883.0,8548383.0,377107212.0,72610491.0,895963.0,947865.0,377103678.0,296215780.0
22.7,mcf,STREAM,7,0.19138010365639124,24111.1,0.0027792280325018522,7452636.0,8500716.0,72171717.0,377111913.0,39503626.239999995,0.19138010365639124,0.8767068562224641,0.0027792280325018522,0.8199057080660703,0.9418538292499005,0.00014292289466944622,7452636.0,8500716.0,377111913.0,72171717.0,873058.0,926957.0,377119426.0,309202370.0
22.8,mcf,STREAM,7,0.19124646719202684,23520.7,0.0027940776601971477,7429621.0,8483283.0,72120091.0,377105481.0,38536314.88,0.19124646719202684,0.8757954909673531,0.0027940776601971477,0.8336699794636535,0.946456694443392,0.00014614532070585703,7429621.0,8483283.0,377105481.0,72120091.0,974168.0,1029279.0,377097260.0,314374665.0
22.9,mcf,STREAM,7,0.19269593475014077,18482.6,0.0027901348351350008,7505416.0,8557598.0,72667167.0,377107940.0,30281891.84,0.19269593475014077,0.8770470405363748,0.0027901348351350008,1.1272503347787128,0.9347672632683984,0.00013379507700779467,7505416.0,8557598.0,377107940.0,72667167.0,723035.0,773492.0,377121499.0,425110336.0
23.1,mcf,STREAM,7,0.2081149976458123,12278.5,0.0030102607961367657,8095762.0,9230926.0,78479796.0,377098224.0,20117094.4,0.2081149976458123,0.8770259885086285,0.0030102607961367657,0.6467473388831702,0.9587760154812272,4.609965713184419e-05,8095762.0,9230926.0,377098224.0,78479796.0,404289.0,421672.0,377074388.0,243871857.0
23.2,mcf,STREAM,7,0.19024601678430297,21262.200000000004,0.0028474390620544295,7369817.0,8443596.0,71742423.0,377103417.0,34835988.480000004,0.19024601678430297,0.8728291832058284,0.0028474390620544295,0.8648252705896372,0.9539555798220797,0.00012434288321221985,7369817.0,8443596.0,377103417.0,71742423.0,971433.0,1018321.0,377086318.0,326113777.0
23.3,mcf,STREAM,7,0.19305789636266857,23601.100000000002,0.002909948720149549,7473966.0,8571328.0,72803482.0,377106989.0,38668042.24,0.19305789636266857,0.8719729311490588,0.002909948720149549,0.7933002935923055,0.9462665736217725,0.00012944896288093823,7473966.0,8571328.0,377106989.0,72803482.0,859704.0,908522.0,377121600.0,299170676.0
23.4,mcf,STREAM,7,0.19069504335072357,24045.0,0.002786393833913426,7418440.0,8469205.0,71912188.0,377105701.0,39395328.0,0.19069504335072357,0.8759310938866163,0.002786393833913426,0.8471944859168606,0.9437578568095152,0.00014189981246864048,7418440.0,8469205.0,377105701.0,71912188.0,897895.0,951404.0,377089998.0,319468567.0
23.5,mcf,STREAM,7,0.19212144803970463,23639.0,0.002818690574202748,7462564.0,8525521.0,72450960.0,377110212.0,38730137.6,0.19212144803970463,0.8753205815808793,0.002818690574202748,0.8062354214723019,0.9460011049298895,0.00014151402843225183,7462564.0,8525521.0,377110212.0,72450960.0,934931.0,988298.0,377114556.0,304043113.0
23.6,mcf,STREAM,7,0.192017461897558,23917.399999999998,0.0027858705288625273,7482487.0,8533110.0,72414694.0,377125566.0,39186268.16,0.192017461897558,0.8768768948249818,0.0027858705288625273,0.7925800272166877,0.9383102545409026,0.0001411300086542628,7482487.0,8533110.0,377125566.0,72414694.0,809545.0,862769.0,377127448.0,298903683.0
23.7,mcf,STREAM,7,0.1900025949382475,23727.1,0.002763394073596506,7392876.0,8435121.0,71661605.0,377161191.0,38874480.64,0.1900025949382475,0.8764398281897794,0.002763394073596506,0.8617752165210409,0.9467512626047758,0.00014933244423043167,7392876.0,8435121.0,377161191.0,71661605.0,1001411.0,1057734.0,377165192.0,325031615.0
23.8,mcf,STREAM,7,0.20923265916759537,23836.199999999997,0.0030120313545299302,8129422.0,9264666.0,78860441.0,376903115.0,39053230.08,0.20923265916759537,0.8774651995009858,0.0030120313545299302,1.2207927896823616,0.6385570683512057,0.0002270017989936487,8129422.0,9264666.0,376903115.0,78860441.0,148393.0,232388.0,370019094.0,451716642.0
23.9,mcf,STREAM,7,0.21593630980336775,13328.800000000001,0.0030658422937945864,8404045.0,9560455.0,81449365.0,377191613.0,21837905.92,0.21593630980336775,0.8790423677534176,0.0030658422937945864,0.5488027270973761,0.6347242259460659,3.492554014638449e-05,8404045.0,9560455.0,377191613.0,81449365.0,22878.0,36044.0,376973411.0,206884036.0
24.0,mcf,STREAM,7,0.19122490779119386,14216.100000000002,0.002888420594063063,7398892.0,8487851.0,72093408.0,377008460.0,23291658.240000002,0.19122490779119386,0.8717038034715736,0.002888420594063063,0.8512548451443425,0.9601493887781236,0.00010613919749461125,7398892.0,8487851.0,377008460.0,72093408.0,964592.0,1004627.0,377193355.0,321087671.0
24.2,mcf,STREAM,7,0.1899293729673834,23680.7,0.002800739497587455,7375735.0,8432113.0,71637227.0,377178242.0,38798458.88,0.1899293729673834,0.8747196580501234,0.002800739497587455,0.8623089339228942,0.9496144108255525,0.00013332653811359114,7375735.0,8432113.0,377178242.0,71637227.0,947794.0,998083.0,377186723.0,325251481.0
24.3,mcf,STREAM,7,0.1927502970703931,23981.199999999997,0.002865993760560481,7470409.0,8551197.0,72687600.0,377107590.0,39290798.08,0.1927502970703931,0.873609741419827,0.002865993760560481,0.7898076878231405,0.9459646658797564,0.00013426179172463162,7470409.0,8551197.0,377107590.0,72687600.0,886367.0,936998.0,377106542.0,297841646.0
24.4,mcf,STREAM,7,0.1912425791965254,23587.600000000002,0.0027832690120925888,7449199.0,8498781.0,72118350.0,377104044.0,38645923.84,0.1912425791965254,0.8765020536474584,0.0027832690120925888,0.8308918223891671,0.941693129502571,0.00014246658874091212,7449199.0,8498781.0,377104044.0,72118350.0,867693.0,921418.0,377105962.0,313334260.0
24.5,mcf,STREAM,7,0.1916476614805471,24047.1,0.002806630963969482,7452070.0,8510494.0,72273301.0,377115486.0,39398768.64,0.1916476614805471,0.8756330713587249,0.002806630963969482,0.8224605665766431,0.946296281670563,0.00014424525828383896,7452070.0,8510494.0,377115486.0,72273301.0,958530.0,1012928.0,377121582.0,310167630.0
24.6,mcf,STREAM,7,0.1929887157814562,23489.2,0.002801024168009525,7497984.0,8554846.0,72817094.0,377312703.0,38484705.28,0.1929887157814562,0.876460429562379,0.002801024168009525,0.7762933857205168,0.9348911974280847,0.0001438595512210176,7497984.0,8554846.0,377312703.0,72817094.0,779344.0,833620.0,377284647.0,292883576.0
24.7,mcf,STREAM,7,0.1999883541493627,20354.3,0.0029064585414231153,7776650.0,8872064.0,75373531.0,376889601.0,33348485.12,0.1999883541493627,0.8765322251958507,0.0029064585414231153,1.3549703292577686,0.8518616949800378,0.00026988647155312993,7776650.0,8872064.0,376889601.0,75373531.0,570548.0,669766.0,367628653.0,498125917.0
24.8,mcf,STREAM,7,0.21580079909592556,12245.699999999999,0.003066865482178012,8408125.0,9564675.0,81380946.0,377111421.0,20063354.88,0.21580079909592556,0.8790810978940737,0.003066865482178012,0.5902997185983446,0.45577187171823247,3.5728812595366884e-05,8408125.0,9564675.0,377111421.0,81380946.0,11284.0,24758.0,377118606.0,222613007.0
24.9,mcf,STREAM,7,1.0023961804901704,13903.699999999999,0.0005442670701943527,1056883.0,1260434.0,374887176.0,373991026.0,22779822.08,1.0023961804901704,0.8385072125950268,0.0005442670701943527,0.8392194442522525,0.96531755974363,8.646863661556385e-05,1056883.0,1260434.0,373991026.0,374887176.0,916180.0,949097.0,380681381.0,319475217.0
25.0,mcf,STREAM,7,0.9688722029274548,17583.699999999997,0.00013608740526894515,308473.0,359795.0,365386195.0,377125274.0,28809134.08,0.9688722029274548,0.8573576620019734,0.00013608740526894515,0.8524580520654766,0.9686686828389421,9.683528094382622e-05,308473.0,359795.0,377125274.0,365386195.0,1129056.0,1165575.0,377124945.0,321483196.0
25.1,mcf,STREAM,7,0.1958405945579045,23901.0,0.0033844662107681265,7391087.0,8667385.0,73852402.0,377104666.0,39159398.4,0.1958405945579045,0.8527470511578752,0.0033844662107681265,0.7571893529732087,0.953009456996618,0.0001070733920679564,7391087.0,8667385.0,377104666.0,73852402.0,818881.0,859258.0,377096487.0,285533445.0
25.2,mcf,STREAM,7,0.191037978611937,23665.5,0.0030088783901061214,7337692.0,8472356.0,72041435.0,377105304.0,38773555.2,0.191037978611937,0.8660745606062824,0.0030088783901061214,0.8865292438983332,0.9563407170149457,0.0001257163765726185,7337692.0,8472356.0,377105304.0,72041435.0,1038455.0,1085863.0,377102819.0,334312677.0
25.3,mcf,STREAM,7,0.19339298569516444,24127.1,0.002955583656871478,7462447.0,8577032.0,72930746.0,377111640.0,39529840.64,0.19339298569516444,0.870050035956494,0.002955583656871478,0.786091420120594,0.9455219715223528,0.0001257838857194039,7462447.0,8577032.0,377111640.0,72930746.0,823283.0,870718.0,377115079.0,296446928.0
25.4,mcf,STREAM,7,0.19030067218810767,23670.4,0.0028185123930124685,7385860.0,8448754.0,71764610.0,377111700.0,38781583.36,0.19030067218810767,0.8741951771823395,0.0028185123930124685,0.8801670693282472,0.9484051397312381,0.00014128197385682067,7385860.0,8448754.0,377111700.0,71764610.0,979381.0,1032661.0,377118174.0,331926998.0
25.5,mcf,STREAM,7,0.196569706051655,23966.300000000003,0.0028873657849739893,7623812.0,8712678.0,74129184.0,377113979.0,39266385.92,0.196569706051655,0.875025107091069,0.0028873657849739893,1.240738115052528,0.9113093540467843,0.00016819693826053766,7623812.0,8712678.0,377113979.0,74129184.0,651845.0,715284.0,377170956.0,467970381.0
25.6,mcf,STREAM,7,0.21492050360719084,13424.6,0.0030760859215946275,8364224.0,9524412.0,81060216.0,377163717.0,21994864.64,0.21492050360719084,0.8781879658292816,0.0030760859215946275,0.6647212386264334,0.24802675727783044,0.00019134806792782687,8364224.0,9524412.0,377163717.0,81060216.0,23285.0,93881.0,368940229.0,245242406.0
25.7,mcf,STREAM,7,0.20327802379642707,13913.5,0.002942677062794417,7892864.0,9003142.0,76697209.0,377302020.0,22795878.4,0.20327802379642707,0.8766788305682616,0.002942677062794417,0.6857972567967162,0.9642134106971316,5.423662650941079e-05,7892864.0,9003142.0,377302020.0,76697209.0,551047.0,571499.0,377088350.0,258606156.0
25.8,mcf,STREAM,7,0.19205274426682292,23976.399999999998,0.002880862140796549,7437385.0,8523541.0,72408616.0,377024636.0,39282933.76,0.19205274426682292,0.8725698626896967,0.002880862140796549,0.8085942160573998,0.9478938066416777,0.00012481681158571048,7437385.0,8523541.0,377024636.0,72408616.0,856514.0,903597.0,377216814.0,305015334.0
25.9,mcf,STREAM,7,0.19124152239440378,23837.3,0.002872749650626865,7394465.0,8477889.0,72124508.0,377138328.0,39055032.32,0.19124152239440378,0.872205922960303,0.002872749650626865,0.8430491887256532,0.9494630892899242,0.0001409605971778385,7394465.0,8477889.0,377138328.0,72124508.0,998782.0,1051944.0,377140854.0,317948291.0
26.0,mcf,STREAM,7,0.19267022886650817,23896.5,0.0028263875046658396,7477959.0,8543880.0,72662097.0,377131939.0,39152025.6,0.19267022886650817,0.8752415764266352,0.0028263875046658396,0.7776242989360576,0.9368195247332453,0.00013869945880933787,7477959.0,8543880.0,377131939.0,72662097.0,775606.0,827914.0,377131969.0,293266983.0
26.1,mcf,STREAM,7,0.18948135840613414,23687.3,0.0027651154954318694,7364711.0,8407549.0,71461160.0,377140847.0,38809272.32,0.18948135840613414,0.8759640889395947,0.0027651154954318694,0.8895368258536559,0.949284046415738,0.00014362693212348,7364711.0,8407549.0,377140847.0,71461160.0,1013917.0,1068086.0,377150714.0,335489449.0
26.3,mcf,STREAM,7,0.19235905944493753,23589.1,0.002805542104093776,7474346.0,8532202.0,72530790.0,377059392.0,38648381.44,0.19235905944493753,0.8760160624420285,0.002805542104093776,0.7958956483031169,0.9411947301431244,0.00013514855093251622,7474346.0,8532202.0,377059392.0,72530790.0,815629.0,866589.0,377066566.0,300105639.0
26.4,mcf,STREAM,7,0.19002732567268638,20424.199999999997,0.0027486633748335138,7398792.0,8435340.0,71661174.0,377109838.0,33463009.279999997,0.19002732567268638,0.8771184089793654,0.0027486633748335138,0.875441943944374,0.9452474226600869,0.00014728514707572276,7398792.0,8435340.0,377109838.0,71661174.0,958876.0,1014418.0,377105235.0,330133740.0
26.5,mcf,STREAM,7,0.21268055976785707,12205.5,0.0030625858430456516,8270162.0,9425093.0,80203914.0,377109756.0,19997491.2,0.21268055976785707,0.8774621109839447,0.0030625858430456516,1.1619731947974914,0.4314212247230247,0.00024340222903268053,8270162.0,9425093.0,377109756.0,80203914.0,67951.0,157505.0,367925965.0,427520109.0
26.6,mcf,STREAM,7,0.21131102872422414,19195.0,0.0029989471270590188,8227065.0,9358246.0,79704980.0,377192712.0,31449088.0,0.21131102872422414,0.8791246778509563,0.0029989471270590188,0.6270447085204433,0.9422652688194634,3.64501089293201e-05,8227065.0,9358246.0,377192712.0,79704980.0,224245.0,237985.0,376953606.0,236366764.0
26.7,mcf,STREAM,7,0.19175090564001615,23540.5,0.002900048597293882,7410442.0,8504042.0,72308716.0,377097129.0,38568755.2,0.19175090564001615,0.8714023284456968,0.002900048597293882,0.8162893447756804,0.956830627859361,0.00011685497445641124,7410442.0,8504042.0,377097129.0,72308716.0,976704.0,1020770.0,377099907.0,307822636.0
26.8,mcf,STREAM,7,0.19269486149993528,24272.9,0.0028626445041149235,7471310.0,8550861.0,72668447.0,377116683.0,39768719.36,0.19269486149993528,0.873749438799204,0.0028626445041149235,0.7822742848253514,0.9404380379423602,0.00013483530996106458,7471310.0,8550861.0,377116683.0,72668447.0,802867.0,853716.0,377119317.0,295010744.0
26.9,mcf,STREAM,7,0.19038397349741162,23517.7,0.0028118982865858204,7380777.0,8441178.0,71796109.0,377112147.0,38531399.68,0.19038397349741162,0.8743776046423852,0.0028118982865858204,0.8808702126351973,0.9487929131750129,0.0001455606299004466,7380777.0,8441178.0,377112147.0,71796109.0,1017069.0,1071961.0,377107464.0,332182732.0
27.0,mcf,STREAM,7,0.19267295502472725,24234.5,0.002825065995557173,7477533.0,8542905.0,72659673.0,377114022.0,39705804.8,0.19267295502472725,0.8752916016273153,0.002825065995557173,0.7906803465986465,0.9390860910609798,0.00013708814413664606,7477533.0,8542905.0,377114022.0,72659673.0,797008.0,848706.0,377115033.0,298177445.0
27.1,mcf,STREAM,7,0.18979355890494615,23533.800000000003,0.0027523723833552207,7384765.0,8422682.0,71570970.0,377099046.0,38557777.92,0.18979355890494615,0.8767711994825401,0.0027523723833552207,0.881385937002661,0.9464282263269984,0.00014701908925173263,7384765.0,8422682.0,377099046.0,71570970.0,979451.0,1034892.0,377100690.0,332371245.0
27.2,mcf,STREAM,7,0.19244245204818095,24234.899999999998,0.002808384657031245,7474125.0,8533181.0,72571018.0,377105037.0,39706460.16,0.19244245204818095,0.8758896594364985,0.002808384657031245,0.800506802534804,0.9423337646450952,0.000138508835442071,7474125.0,8533181.0,377105037.0,72571018.0,853532.0,905764.0,377102297.0,301872954.0
27.3,mcf,STREAM,7,0.20408787695192088,14843.0,0.00294127620015178,7934419.0,9043598.0,76963186.0,377108073.0,24318771.2,0.20408787695192088,0.87735202294485,0.00294127620015178,1.2661482595825626,0.7895247173284249,0.0002782472685947151,7934419.0,9043598.0,377108073.0,76963186.0,384328.0,486784.0,368219248.0,466220160.0
27.4,mcf,STREAM,7,0.21488108071240347,12591.199999999999,0.003057605308087776,8367810.0,9520598.0,81015143.0,377023155.0,20629422.08,0.21488108071240347,0.878916429409161,0.003057605308087776,0.565055329552058,0.44823033192737943,3.988099494143352e-05,8367810.0,9520598.0,377023155.0,81015143.0,12221.0,27265.0,377222284.0,213151462.0
27.5,mcf,STREAM,7,0.19543055086266203,23738.0,0.0028681917036560895,7574138.0,8655897.0,73708029.0,377157147.0,38892339.2,0.19543055086266203,0.8750263548653594,0.0028681917036560895,0.787044393519528,0.9612826943916205,8.734505810771701e-05,7574138.0,8655897.0,377157147.0,73708029.0,817892.0,850834.0,377147840.0,296832093.0
27.6,mcf,STREAM,7,0.19101001051636904,24203.699999999997,0.00289210489599528,7384217.0,8474961.0,72038543.0,377145380.0,39655342.08,0.19101001051636904,0.8712980508110892,0.00289210489599528,0.8486143039928922,0.951535394062228,0.00013669354118338165,7384217.0,8474961.0,377145380.0,72038543.0,1012211.0,1063766.0,377157542.0,320061285.0
27.7,mcf,STREAM,7,0.19295235075075412,23548.800000000003,0.0028471965486486345,7486208.0,8559950.0,72766681.0,377122542.0,38582353.92,0.19295235075075412,0.8745621177693795,0.0028471965486486345,0.7790212044223068,0.9386439280459512,0.0001345689947207933,7486208.0,8559950.0,377122542.0,72766681.0,776389.0,827139.0,377129963.0,293792238.0
27.8,mcf,STREAM,7,0.18976675769579993,24167.3,0.0027720646989185947,7377345.0,8422757.0,71565590.0,377123954.0,39595704.32,0.18976675769579993,0.8758824456172724,0.0027720646989185947,0.8865361176097764,0.9490462456395418,0.00014311813028599298,7377345.0,8422757.0,377123954.0,71565590.0,1005263.0,1059235.0,377115044.0,334326107.0
27.9,mcf,STREAM,7,0.19264575041759835,23540.299999999996,0.0028183743521234704,7481565.0,8544672.0,72667084.0,377205746.0,38568427.519999996,0.19264575041759835,0.8755824682328356,0.0028183743521234704,0.7968971647031962,0.9412027483121629,0.00013573286630905968,7481565.0,8544672.0,377205746.0,72667084.0,819589.0,870789.0,377211514.0,300598786.0
28.0,mcf,STREAM,7,0.18988249627658255,24128.800000000003,0.0027475467946718084,7392097.0,8428165.0,71602485.0,377088391.0,39532625.92,0.18988249627658255,0.8770707502760091,0.0027475467946718084,0.8741070028415817,0.9451253291419862,0.00014683849925018136,7392097.0,8428165.0,377088391.0,71602485.0,953691.0,1009063.0,377094565.0,329621000.0
28.2,mcf,STREAM,7,0.21521030293503224,21462.399999999998,0.0030761750577281803,8369391.0,9528792.0,81112107.0,376896951.0,35163996.16,0.21521030293503224,0.8783265496822682,0.0030761750577281803,0.6299724708632773,0.34304971155493785,9.388445400670663e-05,8369391.0,9528792.0,376896951.0,81112107.0,18018.0,52523.0,367526236.0,231531411.0
28.4,mcf,STREAM,7,0.20252603447026865,17616.7,0.0029299542471055546,7875022.0,8979956.0,76375903.0,377116469.0,28863201.28,0.20252603447026865,0.8769555218310646,0.0029299542471055546,0.7008517850448188,0.9658246220835971,5.869154725094901e-05,7875022.0,8979956.0,377116469.0,76375903.0,625497.0,647630.0,377107114.0,264296194.0
28.5,mcf,STREAM,7,0.1929338439177887,24000.299999999996,0.0029153128091572132,7454813.0,8554171.0,72754925.0,377097784.0,39322091.519999996,0.1929338439177887,0.8714828123029105,0.0029153128091572132,0.7768992317682015,0.944051143235616,0.000128808882186565,7454813.0,8554171.0,377097784.0,72754925.0,819578.0,868150.0,377085797.0,292957666.0
28.6,mcf,STREAM,7,0.1901458304583927,23766.199999999997,0.002821625066399876,7371238.0,8435442.0,71715394.0,377159961.0,38938542.08,0.1901458304583927,0.8738413470212942,0.002821625066399876,0.880789665435457,0.9506709098691679,0.000140555947345375,7371238.0,8435442.0,377159961.0,71715394.0,1021648.0,1074660.0,377159423.0,332198122.0
28.7,mcf,STREAM,7,0.19256470118865868,23849.0,0.0028289498038421208,7480507.0,8547408.0,72623230.0,377136773.0,39074201.6,0.19256470118865868,0.8751784166615189,0.0028289498038421208,0.7890746612983613,0.9401964336933004,0.00013434303777985236,7480507.0,8547408.0,377136773.0,72623230.0,796541.0,847207.0,377139008.0,297590835.0
28.8,mcf,STREAM,7,0.1900401396720912,23904.6,0.002764455290183504,7396826.0,8439300.0,71663993.0,377099244.0,39165296.64,0.1900401396720912,0.8764738781652507,0.002764455290183504,0.8811363918499256,0.9466276274353437,0.0001458872527442239,7396826.0,8439300.0,377099244.0,71663993.0,975744.0,1030758.0,377099431.0,332276032.0
28.9,mcf,STREAM,7,0.19247226684916352,23707.1,0.002810712445732858,7484024.0,8544053.0,72588779.0,377138900.0,38841712.64,0.19247226684916352,0.875933704999255,0.002810712445732858,0.7998248630838017,0.9426962172971172,0.000136769702830156,7484024.0,8544053.0,377138900.0,72588779.0,848568.0,900150.0,377144930.0,301649892.0
29.0,mcf,STREAM,7,0.19048208685250637,24023.0,0.0027519825898634108,7405478.0,8443273.0,71832343.0,377108127.0,39359283.2,0.19048208685250637,0.8770861726252367,0.0027519825898634108,0.905182099190695,0.9434071288909507,0.00014751712476793153,7405478.0,8443273.0,377108127.0,71832343.0,927356.0,982986.0,377108760.0,341352099.0
29.1,mcf,STREAM,7,0.21354349876574538,16453.2,0.0030724949167709363,8300737.0,9459385.0,80527960.0,377103309.0,26956922.88,0.21354349876574538,0.8775133901411138,0.0030724949167709363,1.1091191939450284,0.35903190069028207,0.0002448842077086817,8300737.0,9459385.0,377103309.0,80527960.0,50556.0,140812.0,368566029.0,408783657.0
29.2,mcf,STREAM,7,0.21078340138695706,12236.399999999998,0.0029933641685292436,8204726.0,9333769.0,79503699.0,377181972.0,20048117.759999998,0.21078340138695706,0.8790367535343975,0.0029933641685292436,0.6051060464551349,0.9429821363470653,3.9414984119525664e-05,8204726.0,9333769.0,377181972.0,79503699.0,245727.0,260585.0,376963237.0,228102734.0
29.3,mcf,STREAM,7,0.1908393406223376,22465.9,0.0028907984381291722,7386834.0,8476747.0,71951844.0,377028362.0,36808130.56,0.1908393406223376,0.8714232004329019,0.0028907984381291722,0.8513912827948862,0.9567252049584501,0.00012330906800475202,7386834.0,8476747.0,377028362.0,71951844.0,1028338.0,1074852.0,377214756.0,321157355.0
29.4,mcf,STREAM,7,0.8920757437196438,21775.299999999996,0.0008348028337387858,1957578.0,2269071.0,332863448.0,373133616.0,35676651.519999996,0.8920757437196438,0.8627222330195926,0.0008348028337387858,0.8551419012818688,0.9557391418954115,0.00011219785760479204,1957578.0,2269071.0,373133616.0,332863448.0,913700.0,956014.0,377137326.0,322505930.0
29.5,mcf,STREAM,7,0.9954864696453678,17503.1,2.325244106935099e-05,23293.0,32060.0,375333921.0,377035683.0,28677079.04,0.9954864696453678,0.7265439800374298,2.325244106935099e-05,0.9264781656363378,0.9623286901916873,0.00011564612193324876,23293.0,32060.0,377035683.0,375333921.0,1113805.0,1157406.0,377020857.0,349301592.0
29.6,mcf,STREAM,7,0.2766095814924251,21259.0,0.00294303560072522,6566748.0,7676569.0,104309687.0,377100773.0,34830745.6,0.2766095814924251,0.8554274702669904,0.00294303560072522,0.8059638685824935,0.9579089621271543,0.00011298970461402355,6566748.0,7676569.0,377100773.0,104309687.0,969674.0,1012282.0,377096304.0,303925996.0
29.7,mcf,STREAM,7,0.1938069660052417,23710.0,0.003030304291874858,7456876.0,8599649.0,73087501.0,377114933.0,38846464.0,0.1938069660052417,0.8671139950014239,0.003030304291874858,0.7904937676329119,0.9471336508571324,0.00012338535329303705,7456876.0,8599649.0,377114933.0,73087501.0,833614.0,880144.0,377111211.0,298104062.0
29.8,mcf,STREAM,7,0.19194543996418648,24193.2,0.0029325315209271473,7412961.0,8518845.0,72384351.0,377108990.0,39638138.88,0.19194543996418648,0.87018381012919,0.0029325315209271473,0.8588812242375816,0.9523967939374631,0.00013432631902359442,7412961.0,8518845.0,377108990.0,72384351.0,1013454.0,1064109.0,377104058.0,323887595.0
29.9,mcf,STREAM,7,0.20984906601219153,21529.699999999997,0.003055041647390857,8143934.0,9296018.0,79135992.0,377109098.0,35274260.48,0.20984906601219153,0.8760669353265021,0.003055041647390857,1.223936325042319,0.6301393067733583,0.00024964610329122227,8143934.0,9296018.0,377109098.0,79135992.0,156238.0,247942.0,367335996.0,449595869.0
30.0,mcf,STREAM,7,0.2159437497419354,12220.8,0.003067629963617434,8409315.0,9566149.0,81434552.0,377110021.0,20022558.72,0.2159437497419354,0.8790700416646239,0.003067629963617434,0.5474590962041064,0.5764205408690367,3.3269013417510324e-05,8409315.0,9566149.0,377110021.0,81434552.0,17073.0,29619.0,377107666.0,206451022.0
30.1,mcf,STREAM,7,0.19277054998144955,17658.5,0.0029169988821889687,7449767.0,8549638.0,72685231.0,377055681.0,28931686.4,0.19277054998144955,0.8713546702211251,0.0029169988821889687,0.8582890262613774,0.9604908581120445,0.00010653424974369578,7449767.0,8549638.0,377055681.0,72685231.0,1004052.0,1045353.0,387678142.0,332739895.0
30.2,mcf,STREAM,7,0.19105428836394206,24024.899999999998,0.002828460165309503,7405774.0,8472408.0,72048036.0,377107662.0,39362396.16,0.19105428836394206,0.874104977002996,0.002828460165309503,0.8671557709241896,0.948375236713808,0.00013590668661905844,7405774.0,8472408.0,377107662.0,72048036.0,941509.0,992760.0,377104330.0,327008196.0
30.5,mcf,STREAM,7,0.1919330534889886,23890.0,0.002791793403629017,7459624.0,8512522.0,72385703.0,377140371.0,39141376.0,0.1919330534889886,0.8763118615141318,0.002791793403629017,0.8137351720947471,0.9405528011044008,0.00014170070216860926,7459624.0,8512522.0,377140371.0,72385703.0,845509.0,898949.0,377132923.0,306886324.0
30.6,mcf,STREAM,7,0.19186412119427332,23785.2,0.002804139209999458,7456092.0,8513606.0,72356962.0,377126070.0,38969671.68,0.19186412119427332,0.875785419245382,0.002804139209999458,0.8412586715918291,0.9473963939206571,0.00014617678308165622,7456092.0,8513606.0,377126070.0,72356962.0,992879.0,1048008.0,377139234.0,317271651.0
30.7,mcf,STREAM,7,0.19331024738625863,24017.399999999998,0.0028079360880582105,7518404.0,8577290.0,72898210.0,377104737.0,39350108.16,0.19331024738625863,0.8765477207836041,0.0028079360880582105,0.777424440401848,0.9356683699694615,0.00014105120914916633,7518404.0,8577290.0,377104737.0,72898210.0,773634.0,826825.0,377104176.0,293170003.0
30.8,mcf,STREAM,7,0.2000560278381278,16649.5,0.0029063204789159165,7768308.0,8864432.0,75451491.0,377151800.0,27278540.8,0.2000560278381278,0.8763458279109141,0.0029063204789159165,1.3431245982960665,0.8363124803140067,0.00029327278320507997,7768308.0,8864432.0,377151800.0,75451491.0,552274.0,660368.0,368578355.0,495046655.0
30.9,mcf,STREAM,7,0.21570917603884385,12274.0,0.003065232902924309,8390826.0,9546829.0,81351226.0,377133822.0,20109721.6,0.21570917603884385,0.8789123592765724,0.003065232902924309,0.5844616475418647,0.4389414138217493,3.760905937777586e-05,8390826.0,9546829.0,377133822.0,81351226.0,11096.0,25279.0,377116584.0,220410180.0
31.0,mcf,STREAM,7,0.19863665901740202,22395.4,0.0028814231190622324,7724743.0,8811434.0,74913215.0,377136906.0,36692623.36,0.19863665901740202,0.876672627860573,0.0028814231190622324,0.7907223605641087,0.9639473215249349,7.618333600426721e-05,7724743.0,8811434.0,377136906.0,74913215.0,768106.0,796834.0,377090339.0,298173763.0
31.1,mcf,STREAM,7,0.19378775559958555,24245.100000000002,0.002962648173483962,7478089.0,8595160.0,73067968.0,377051521.0,39723171.84,0.19378775559958555,0.8700348800953095,0.002962648173483962,0.7911977343551394,0.9480983431973323,0.00012612902193368477,7478089.0,8595160.0,377051521.0,73067968.0,868898.0,916464.0,377121770.0,298377890.0
31.2,mcf,STREAM,7,0.19098885987723369,23501.0,0.002797429358594683,7416085.0,8471100.0,72029026.0,377137316.0,38504038.4,0.19098885987723369,0.8754571425198616,0.002797429358594683,0.8456487252897142,0.9459901389398889,0.00013689455065821478,7416085.0,8471100.0,377137316.0,72029026.0,904254.0,955881.0,377129694.0,318919245.0
31.3,mcf,STREAM,7,0.19292844845705479,24286.7,0.002845704709597807,7489474.0,8562654.0,72757708.0,377122755.0,39791329.28,0.19292844845705479,0.874667363646832,0.002845704709597807,0.8078462985040439,0.947403702314854,0.00013835258674538406,7489474.0,8562654.0,377122755.0,72757708.0,939851.0,992028.0,377130643.0,304663594.0
31.4,mcf,STREAM,7,0.1923339735398602,23518.500000000004,0.0027975219336423413,7470882.0,8525930.0,72536187.0,377136632.0,38532710.400000006,0.1923339735398602,0.876254203353769,0.0027975219336423413,0.791237311874865,0.9386669451842568,0.00014013913004133302,7470882.0,8525930.0,377136632.0,72536187.0,808854.0,861705.0,377132354.0,298401190.0
31.5,mcf,STREAM,7,0.1915063755980271,24257.7,0.00279116987902475,7434147.0,8486700.0,72217249.0,377101017.0,39743815.68,0.1915063755980271,0.875976174484782,0.00279116987902475,0.8702164424748217,0.9473071261662478,0.00014865245708385868,7434147.0,8486700.0,377101017.0,72217249.0,1007823.0,1063882.0,377114520.0,328171256.0
31.6,mcf,STREAM,7,0.19380726508554397,23357.7,0.002814194070807784,7540073.0,8601210.0,73078137.0,377066035.0,38269255.68,0.19380726508554397,0.8766293347098838,0.002814194070807784,1.2143722975417508,0.9341029202264525,0.00012715244202841502,7540073.0,8601210.0,377066035.0,73078137.0,679955.0,727923.0,377247965.0,458119478.0
31.7,mcf,STREAM,7,0.2161841173491656,12108.0,0.003099350028236067,8409542.0,9579051.0,81574933.0,377340084.0,19837747.2,0.2161841173491656,0.8779097219547114,0.003099350028236067,0.7435658228841079,0.34942175979639956,0.0002357453412933782,8409542.0,9579051.0,377340084.0,81574933.0,46681.0,133595.0,368677487.0,274135979.0
31.8,mcf,STREAM,7,0.20788509500998173,15937.7,0.003008018679299436,8076156.0,9209790.0,78345794.0,376870665.0,26112327.68,0.20788509500998173,0.8769098969683348,0.003008018679299436,0.6677575452630715,0.9587335903136112,4.8288911459424824e-05,8076156.0,9209790.0,376870665.0,78345794.0,423069.0,441279.0,377105208.0,251814848.0
31.9,mcf,STREAM,7,0.19114510078539104,24299.2,0.002847215826479013,7402048.0,8475751.0,72082020.0,377106291.0,39811809.28,0.19114510078539104,0.8733206060442313,0.002847215826479013,0.8651666754430775,0.9523766021120221,0.00012579374786245685,7402048.0,8475751.0,377106291.0,72082020.0,948669.0,996107.0,377109362.0,326262453.0
32.0,mcf,STREAM,7,0.19367472427473437,23586.199999999997,0.00291129100276498,7495731.0,8593624.0,73037743.0,377115513.0,38643630.08,0.19367472427473437,0.8722433050363851,0.00291129100276498,0.7841471831461929,0.9472755984302443,0.00013413520105920757,7495731.0,8593624.0,377115513.0,73037743.0,908802.0,959385.0,377104590.0,295705502.0
32.1,mcf,STREAM,7,0.1919663961836039,24242.000000000004,0.002800621220944681,7454845.0,8510970.0,72391264.0,377103834.0,39718092.800000004,0.1919663961836039,0.8759101489019465,0.002800621220944681,0.8160940767231206,0.9428198141595129,0.0001397326295395315,7454845.0,8510970.0,377103834.0,72391264.0,868849.0,921543.0,377105907.0,307753897.0
32.2,mcf,STREAM,7,0.19222623107618217,23592.199999999997,0.0028197572093707998,7468125.0,8531493.0,72491072.0,377113319.0,38653460.48,0.19222623107618217,0.8753596820626823,0.0028197572093707998,0.8415008381033032,0.9469112978506827,0.0001467354648526413,7468125.0,8531493.0,377113319.0,72491072.0,986995.0,1042331.0,377114013.0,317341758.0
32.3,mcf,STREAM,7,0.193221906249346,24210.4,0.0028076198405923864,7517441.0,8576202.0,72864501.0,377102692.0,39666319.36,0.193221906249346,0.8765466345125733,0.0028076198405923864,0.7775778234247135,0.9357805481944963,0.00014092872728699676,7517441.0,8576202.0,377102692.0,72864501.0,774408.0,827553.0,377105513.0,293228884.0
32.6,mcf,STREAM,7,0.21062247116284605,12277.6,0.0030326760914025272,8185983.0,9329629.0,79427390.0,377107863.0,20115619.84,0.21062247116284605,0.8774178480194658,0.0030326760914025272,1.1988559525838451,0.5745032709939444,0.00023794213087987326,8185983.0,9329629.0,377107863.0,79427390.0,118115.0,205595.0,367652419.0,440762291.0
32.7,mcf,STREAM,7,0.21493136132399124,21390.8,0.0030551275890646815,8365788.0,9517904.0,81052543.0,377108964.0,35046686.72,0.21493136132399124,0.8789527610280583,0.0030551275890646815,0.6064157444971345,0.9117290613969444,3.5346016030512126e-05,8365788.0,9517904.0,377108964.0,81052543.0,137672.0,151001.0,377100491.0,228679675.0
32.8,mcf,STREAM,7,0.19289859370798682,23678.800000000003,0.002920277279378863,7452061.0,8553305.0,72742551.0,377102547.0,38795345.92,0.19289859370798682,0.8712493007089073,0.002920277279378863,0.8143204280809286,0.9583523912189323,0.00010962129498041692,7452061.0,8553305.0,377102547.0,72742551.0,951251.0,992590.0,377107386.0,307086248.0
32.9,mcf,STREAM,7,0.19127997112943515,24070.100000000002,0.002822932319256148,7422964.0,8487526.0,72133996.0,377112123.0,39436451.84,0.19127997112943515,0.8745733444586797,0.002822932319256148,0.8434638055041455,0.9474412973127905,0.00013226224699627916,7422964.0,8487526.0,377112123.0,72133996.0,899100.0,948977.0,377106855.0,318075983.0
33.0,mcf,STREAM,7,0.19323131937451749,23742.199999999997,0.0028725530702819386,7485662.0,8568930.0,72869430.0,377109830.0,38899220.48,0.19323131937451749,0.8735818824520681,0.0028725530702819386,0.8099124165988035,0.948401078713363,0.00013719262932366947,7485662.0,8568930.0,377109830.0,72869430.0,950939.0,1002676.0,377112096.0,305427769.0
33.1,mcf,STREAM,7,0.19259703386562854,23948.3,0.002807060519569174,7487731.0,8546285.0,72629129.0,377104089.0,39236894.72,0.19259703386562854,0.876138696521354,0.002807060519569174,0.7894988424522126,0.9385911554981269,0.00014001535618418957,7487731.0,8546285.0,377104089.0,72629129.0,807011.0,859811.0,377101494.0,297721193.0
33.3,mcf,STREAM,7,0.19350987440656522,23847.3,0.002816144901076464,7526445.0,8588434.0,72974000.0,377107371.0,39071416.32,0.19350987440656522,0.8763466075421898,0.002816144901076464,0.7878408361673878,0.9386130341370256,0.00013638306154197473,7526445.0,8588434.0,377107371.0,72974000.0,786370.0,837800.0,377099615.0,297094476.0
33.4,mcf,STREAM,7,0.20132128494151763,23868.2,0.0029146708902385997,7825534.0,8924664.0,75918782.0,377102610.0,39105658.88,0.20132128494151763,0.8768435427933198,0.0029146708902385997,1.3049864235924367,0.8313390379202128,0.0002723485085966374,7825534.0,8924664.0,377102610.0,75918782.0,503843.0,606062.0,375324251.0,489793052.0
33.5,mcf,STREAM,7,0.21594823356959583,13159.400000000001,0.0030640577434886333,8403056.0,9558559.0,81437379.0,377115282.0,21560360.96,0.21594823356959583,0.8791132638298305,0.0030640577434886333,0.5793094782095549,0.3892527609121767,3.387641284761909e-05,8403056.0,9558559.0,377115282.0,81437379.0,8142.0,20917.0,377106043.0,218461105.0
33.6,mcf,STREAM,7,0.19750240757871548,14509.6,0.002865218017430846,7680041.0,8760538.0,74479763.0,377108127.0,23772528.64,0.19750240757871548,0.8766631684035844,0.002865218017430846,0.8115076642768766,0.9629809158771107,8.303335659320966e-05,7680041.0,8760538.0,377108127.0,74479763.0,814522.0,845834.0,377101460.0,306020725.0
33.7,mcf,STREAM,7,0.19388482971614734,24268.800000000003,0.002967139912919982,7479197.0,8598122.0,73115050.0,377105574.0,39762001.92,0.19388482971614734,0.8698640237949636,0.002967139912919982,0.7933551999456124,0.9499055256475056,0.0001295676023738453,7479197.0,8598122.0,377105574.0,73115050.0,926535.0,975397.0,377115877.0,299186842.0
33.8,mcf,STREAM,7,0.19219450537808663,23581.9,0.0028189426195793024,7465051.0,8528090.0,72477621.0,377105583.0,38636584.96,0.19219450537808663,0.8753485246989654,0.0028189426195793024,0.8052865998810971,0.9419930718485814,0.00013650126910646175,7465051.0,8528090.0,377105583.0,72477621.0,835919.0,887394.0,377102721.0,303675768.0
33.9,mcf,STREAM,7,0.9009755520304628,23239.2,0.000840828902673352,1843827.0,2152611.0,330872112.0,367237614.0,38075105.28,0.9009755520304628,0.8565537386922207,0.000840828902673352,0.9244801777733067,0.9587332446187687,0.00012850638120045482,1843827.0,2152611.0,367237614.0,330872112.0,1125363.0,1173802.0,376938480.0,348472153.0
34.0,mcf,STREAM,7,0.9971500105314041,17471.300000000003,2.3111118965385187e-05,24084.0,32799.0,376016512.0,377091218.0,28624977.92,0.9971500105314041,0.73429067959389,2.3111118965385187e-05,0.8706555634536272,0.9619466273801845,0.00010575656244251042,24084.0,32799.0,377091218.0,376016512.0,1008147.0,1048028.0,377101894.0,328325862.0
34.1,mcf,STREAM,7,0.2733724576150035,19863.5,0.0029429765877853325,6581731.0,7691536.0,103089546.0,377102898.0,32544358.400000002,0.2733724576150035,0.8557108749149714,0.0029429765877853325,0.8386499670244237,0.9551671352287546,0.00011641012277417844,6581731.0,7691536.0,377102898.0,103089546.0,935335.0,979237.0,377132151.0,316281866.0
34.2,mcf,STREAM,7,0.1992012696513216,23682.7,0.003106866834424186,7653252.0,8824930.0,75123833.0,377125272.0,38801735.68,0.1992012696513216,0.8672309015482276,0.003106866834424186,1.3013923491619475,0.8615416710992969,0.00027251957511431054,7653252.0,8824930.0,377125272.0,75123833.0,623583.0,723799.0,367738721.0,478572358.0
34.3,mcf,STREAM,7,0.21495747985009303,17940.5,0.0030725679065414678,8367362.0,9526043.0,81061560.0,377105091.0,29393715.2,0.21495747985009303,0.8783670197583614,0.0030725679065414678,0.6045461483337555,0.27971103451532175,4.045350631979235e-05,8367362.0,9526043.0,377105091.0,81061560.0,5924.0,21179.0,377099574.0,227974095.0
34.4,mcf,STREAM,7,0.20160514752013706,12249.8,0.002920377011447507,7841631.0,8942866.0,76022597.0,377086587.0,20070072.32,0.20160514752013706,0.8768588280311926,0.002920377011447507,0.7263656986634104,0.9637696461009857,6.870025575651035e-05,7841631.0,8942866.0,377086587.0,76022597.0,689183.0,715091.0,377116500.0,273924490.0
34.7,mcf,STREAM,7,0.1899547789559893,23919.3,0.0028141511004172418,7370315.0,8431508.0,71630369.0,377091692.0,39189381.12,0.1899547789559893,0.8741395963806238,0.0028141511004172418,0.8822643704068831,0.9496200830640035,0.00014037738831460873,7370315.0,8431508.0,377091692.0,71630369.0,997819.0,1050756.0,377104893.0,332706211.0
34.8,mcf,STREAM,7,0.19268991985149128,23845.9,0.0028353797105652324,7478041.0,8547310.0,72666584.0,377116686.0,39069122.56,0.19268991985149128,0.8748999392791417,0.0028353797105652324,0.8022596734144329,0.9428026919588979,0.000133463978174117,7478041.0,8547310.0,377116686.0,72666584.0,829623.0,879954.0,377112991.0,302542545.0
34.9,mcf,STREAM,7,0.19000980697286854,23782.600000000002,0.002752786478880417,7383703.0,8421807.0,71654646.0,377110251.0,38965411.84,0.19000980697286854,0.8767361921259891,0.002752786478880417,0.8705373572620994,0.9445350324610778,0.00014648674929753993,7383703.0,8421807.0,377110251.0,71654646.0,940721.0,995962.0,377105781.0,328284670.0
35.0,mcf,STREAM,7,0.1924773539205794,23963.899999999998,0.0028126768349646934,7476036.0,8536695.0,72583112.0,377099490.0,39262453.76,0.1924773539205794,0.8757529699725713,0.0028126768349646934,0.7879451697860805,0.9443082010595879,0.00014085335996333475,7476036.0,8536695.0,377099490.0,72583112.0,900650.0,953767.0,377108505.0,297140825.0
35.1,mcf,STREAM,7,0.19108118639491042,23725.9,0.0027682216966933397,7439894.0,8483803.0,72057585.0,377104551.0,38872514.56,0.19108118639491042,0.8769527062332777,0.0027682216966933397,1.0111407520989164,0.9391958744684583,0.0001406380371854926,7439894.0,8483803.0,377104551.0,72057585.0,819192.0,872227.0,377102817.0,381304026.0
35.2,mcf,STREAM,7,0.2138159027786834,12826.199999999999,0.003069804109882441,8314170.0,9471873.0,80635540.0,377126018.0,21014446.08,0.2138159027786834,0.8777746492166861,0.003069804109882441,0.9808064297653115,0.3597472081074578,0.0002408838596452672,8314170.0,9471873.0,377126018.0,80635540.0,50833.0,141302.0,375571033.0,368362484.0
35.3,mcf,STREAM,7,0.2100303968372603,14762.8,0.002984450768208658,8176876.0,9302996.0,79250572.0,377329059.0,24187371.52,0.2100303968372603,0.8789508240141133,0.002984450768208658,0.6060762013423546,0.9487080993393672,4.286624214079208e-05,8176876.0,9302996.0,377329059.0,79250572.0,298844.0,315001.0,376916641.0,228440206.0
35.4,mcf,STREAM,7,0.19040336655501164,24338.699999999997,0.0028886011292774843,7355211.0,8443834.0,71757046.0,376868578.0,39876526.08,0.19040336655501164,0.8710747984860906,0.0028886011292774843,0.8808943215209865,0.955713079439564,0.00012503673588900064,7355211.0,8443834.0,376868578.0,71757046.0,1017520.0,1064671.0,377097176.0,332182761.0
35.5,mcf,STREAM,7,0.1930661453575957,23531.399999999998,0.0028955448406513093,7475202.0,8567165.0,72808780.0,377118318.0,38553845.76,0.1930661453575957,0.8725409163941631,0.0028955448406513093,0.7964630673084253,0.943762169153818,0.00013004836736477758,7475202.0,8567165.0,377118318.0,72808780.0,823038.0,872082.0,377121228.0,300363130.0
35.6,mcf,STREAM,7,0.19016650915201408,24271.199999999997,0.0027865496517511025,7384402.0,8435205.0,71711458.0,377098251.0,39765934.08,0.19016650915201408,0.8754265011935098,0.0027865496517511025,0.8734410181983147,0.9462814002784106,0.00014408380657123128,7384402.0,8435205.0,377098251.0,71711458.0,957122.0,1011456.0,377099976.0,329374587.0
35.7,mcf,STREAM,7,0.19239877117655707,23514.1,0.002825665878094318,7471295.0,8536880.0,72555374.0,377109342.0,38525501.44,0.19239877117655707,0.875178636691625,0.002825665878094318,0.7935061953381751,0.945289396519846,0.00013927691793203282,7471295.0,8536880.0,377109342.0,72555374.0,907492.0,960015.0,377112021.0,299240725.0
35.8,mcf,STREAM,7,0.19064602339258513,24254.4,0.0027628984929861555,7425037.0,8466961.0,71895029.0,377112660.0,39738408.96,0.19064602339258513,0.8769423881839068,0.0027628984929861555,0.8323530107002323,0.9413606306674995,0.00014438745370957962,7425037.0,8466961.0,377112660.0,71895029.0,874091.0,928540.0,377103402.0,313883152.0
35.9,mcf,STREAM,7,0.19173248696531373,23530.5,0.0027983993707062643,7441224.0,8496517.0,72303458.0,377105931.0,38552371.2,0.19173248696531373,0.8757969883423996,0.0027983993707062643,0.827991921839804,0.9467991968809096,0.000145023759871838,7441224.0,8496517.0,377105931.0,72303458.0,973302.0,1027992.0,377110620.0,312244547.0
36.0,mcf,STREAM,7,0.2067335051580687,19206.0,0.0029797429270066638,8040999.0,9164679.0,77960519.0,377106357.0,31467110.4,0.2067335051580687,0.877390140996755,0.0029797429270066638,1.2395364463691563,0.6730255200076465,0.00027000294179019404,8040999.0,9164679.0,377106357.0,77960519.0,204202.0,303409.0,367429330.0,455442046.0
36.1,mcf,STREAM,7,0.21494005092521495,12226.099999999999,0.003058077069515851,8357277.0,9510538.0,81058120.0,377119665.0,20031242.24,0.21494005092521495,0.8787386160488503,0.003058077069515851,0.5521626347441116,0.5526225574220089,3.4607434268787396e-05,8357277.0,9510538.0,377119665.0,81058120.0,16120.0,29170.0,377086608.0,208213135.0
36.2,mcf,STREAM,7,0.19431926347500675,20481.300000000003,0.002934074326177399,7511395.0,8617817.0,73276640.0,377094060.0,33556561.92,0.19431926347500675,0.8716122656120454,0.002934074326177399,0.8267438928439272,0.9597439598211306,0.0001023604225401756,7511395.0,8617817.0,377094060.0,73276640.0,920310.0,958912.0,377118412.0,311780344.0
36.3,mcf,STREAM,7,0.19003320744195587,23602.3,0.0028251376865509165,7371893.0,8437274.0,71662974.0,377107638.0,38670008.32,0.19003320744195587,0.8737292400365331,0.0028251376865509165,0.8755502079411538,0.9516362893165433,0.00013303242112300078,7371893.0,8437274.0,377107638.0,71662974.0,987119.0,1037286.0,377103563.0,330173103.0
36.4,mcf,STREAM,7,0.1928143879456693,24213.0,0.0028694765517766046,7469724.0,8551855.0,72713759.0,377117910.0,39670579.2,0.1928143879456693,0.8734624242342743,0.0028694765517766046,0.7982270559363811,0.9446983061638657,0.0001326694604551732,7469724.0,8551855.0,377117910.0,72713759.0,854661.0,904692.0,377110149.0,301019524.0
36.5,mcf,STREAM,7,0.19021588718895321,23561.800000000003,0.0027655940491477606,7394785.0,8437679.0,71729619.0,377095836.0,38603653.120000005,0.19021588718895321,0.8764003702914036,0.0027655940491477606,0.8568080555363223,0.944018062876031,0.0001441193022814102,7394785.0,8437679.0,377095836.0,71729619.0,916482.0,970831.0,377111179.0,323111896.0
36.8,mcf,STREAM,7,0.19142747355632692,24112.0,0.0027731049344091947,7443413.0,8489211.0,72191451.0,377121683.0,39505100.8,0.19142747355632692,0.8768085750254058,0.0027731049344091947,0.7989800952765094,0.9392491037579173,0.0001406536350313189,7443413.0,8489211.0,377121683.0,72191451.0,820049.0,873090.0,377103656.0,301298315.0
36.9,mcf,STREAM,7,0.19904825388123612,13701.5,0.0029027139661439187,7732851.0,8827449.0,75060038.0,377094682.0,22448537.6,0.19904825388123612,0.8760006429943691,0.0029027139661439187,1.3385296142781402,0.8427237907717072,0.00029702236463702834,7732851.0,8827449.0,377094682.0,75060038.0,586363.0,695795.0,368430169.0,493154692.0
37.0,mcf,STREAM,7,0.21490799610341385,13753.0,0.003055028628592693,8369482.0,9521572.0,81044528.0,377112669.0,22532915.2,0.21490799610341385,0.8790021227587209,0.003055028628592693,0.59251723730329,0.3894092989434963,3.785378987318018e-05,8369482.0,9521572.0,377112669.0,81044528.0,9104.0,23379.0,377108872.0,223443507.0
37.1,mcf,STREAM,7,0.19953571964493183,23897.0,0.002895167339512361,7760212.0,8852020.0,75247704.0,377113953.0,39152844.8,0.19953571964493183,0.8766600165837855,0.002895167339512361,0.7638673369871491,0.964194014912938,7.247999387893684e-05,7760212.0,8852020.0,377113953.0,75247704.0,736031.0,763364.0,377110959.0,288062744.0
37.2,mcf,STREAM,7,0.193268861015994,23963.699999999997,0.002952798540859317,7459712.0,8573210.0,72881535.0,377099211.0,39262126.08,0.193268861015994,0.8701188936232753,0.002952798540859317,0.7967270870298558,0.9469920048135216,0.00012334860609843502,7459712.0,8573210.0,377099211.0,72881535.0,831012.0,877528.0,377110058.0,300453798.0
37.3,mcf,STREAM,7,0.19015967167995085,23848.699999999997,0.002792211229145611,7386567.0,8439538.0,71711129.0,377110080.0,39073710.08,0.19015967167995085,0.875233573212183,0.002792211229145611,0.8705546926368645,0.9474166421582066,0.00013986644186772646,7386567.0,8439538.0,377110080.0,71711129.0,950311.0,1003055.0,377102608.0,328288445.0
37.4,mcf,STREAM,7,0.192591569913272,23802.799999999996,0.0028387370966854175,7476999.0,8547547.0,72630368.0,377121221.0,38998507.519999996,0.192591569913272,0.8747537743869674,0.0028387370966854175,0.7895943104370781,0.9450067119209645,0.0001377453388644983,7476999.0,8547547.0,377121221.0,72630368.0,892642.0,944588.0,377116209.0,297768813.0
37.5,mcf,STREAM,7,0.19116205718650597,23952.200000000004,0.0027722556202912792,7431242.0,8476654.0,72086826.0,377097982.0,39243284.480000004,0.19116205718650597,0.8766716206654183,0.0027722556202912792,0.8242970464111927,0.9414989020934003,0.0001419362133449045,7431242.0,8476654.0,377097982.0,72086826.0,861399.0,914923.0,377098971.0,310841568.0
37.6,mcf,STREAM,7,0.19167786431800302,23669.899999999998,0.0028012883132313934,7451076.0,8507452.0,72282419.0,377103633.0,38780764.16,0.19167786431800302,0.8758293317435114,0.0028012883132313934,0.8354679511372717,0.946640929035459,0.0001460134332623771,7451076.0,8507452.0,377103633.0,72282419.0,976888.0,1031952.0,377115987.0,315068321.0
37.7,mcf,STREAM,7,0.19224506545683567,20545.7,0.0027868292849452555,7482491.0,8533457.0,72499248.0,377118902.0,33662074.88,0.19224506545683567,0.8768417067080786,0.0027868292849452555,1.1371534278320565,0.9350294680364076,0.0001321046346244807,7482491.0,8533457.0,377118902.0,72499248.0,716946.0,766763.0,377102591.0,428823504.0
37.8,mcf,STREAM,7,0.21459469987364127,12205.2,0.0030815610709413258,8352263.0,9514330.0,80924380.0,377103349.0,19996999.68,0.21459469987364127,0.8778613943388551,0.0030815610709413258,0.8360297468508195,0.35596016420860577,0.0002304028144341411,8352263.0,9514330.0,377103349.0,80924380.0,46823.0,131540.0,367690821.0,307400464.0
37.9,mcf,STREAM,7,0.208352974438834,18931.5,0.002972069557069956,8107754.0,9228516.0,78569526.0,377098173.0,31017369.6,0.208352974438834,0.8785544718132363,0.002972069557069956,0.6388247036524636,0.9568973553398352,4.5365979966767175e-05,8107754.0,9228516.0,377098173.0,78569526.0,379805.0,396913.0,377110778.0,240907681.0
38.0,mcf,STREAM,7,0.19034571104373593,23519.6,0.002883188413390335,7358946.0,8446223.0,71781127.0,377109243.0,38534512.64,0.19034571104373593,0.8712706259354033,0.002883188413390335,0.8694790366444414,0.9544995003137565,0.00012459699491013866,7358946.0,8446223.0,377109243.0,71781127.0,985662.0,1032648.0,377103798.0,327883847.0
38.1,mcf,STREAM,7,0.1930698670380372,24293.600000000002,0.0029004094773257025,7471828.0,8565605.0,72808816.0,377111235.0,39802634.24,0.1930698670380372,0.872305925851122,0.0029004094773257025,0.7962234769498647,0.9463474038396369,0.000130147246016655,7471828.0,8565605.0,377111235.0,72808816.0,865694.0,914774.0,377111322.0,300264888.0
38.2,mcf,STREAM,7,0.19028187854098202,23504.1,0.002772763131212493,7403242.0,8448875.0,71756945.0,377108664.0,38509117.44,0.19028187854098202,0.8762399727774408,0.002772763131212493,0.8521273455900592,0.9443958354740308,0.0001420648835008556,7403242.0,8448875.0,377108664.0,71756945.0,909898.0,963471.0,377102340.0,321339216.0
38.4,mcf,STREAM,7,0.7767611280492186,24255.600000000006,0.0012238930288121154,3023884.0,3479078.0,288895350.0,371923027.0,39740375.04000001,0.7767611280492186,0.8691624620086126,0.0012238930288121154,0.8320186331282323,0.9502587021509221,0.00012679875473588229,3023884.0,3479078.0,371923027.0,288895350.0,922151.0,970421.0,380681972.0,316734494.0
38.5,mcf,STREAM,7,0.9935052113064808,19309.6,2.3205333797549614e-05,22850.0,31601.0,374662316.0,377111576.0,31636848.64,0.9935052113064808,0.7230783835954558,2.3205333797549614e-05,0.9789539020892423,0.9636963968797722,0.0001166265884972936,22850.0,31601.0,377111576.0,374662316.0,1167470.0,1211450.0,377100973.0,369164469.0
38.6,mcf,STREAM,7,0.40843998091112027,18154.1,0.002465245669143986,6330181.0,7259854.0,154027498.0,377111706.0,29743677.439999998,0.40843998091112027,0.8719432925235135,0.002465245669143986,1.159060080172257,0.4010120177103099,0.00023847103907851785,6330181.0,7259854.0,377111706.0,154027498.0,58962.0,147033.0,369315286.0,428058605.0
38.9,mcf,STREAM,7,0.19191443428678281,24101.5,0.0029081804299244795,7415711.0,8513039.0,72414036.0,377324594.0,39487897.6,0.19191443428678281,0.8711003203438866,0.0029081804299244795,0.8366722391520792,0.9569300024394707,0.00011991448933264057,7415711.0,8513039.0,377324594.0,72414036.0,1004210.0,1049408.0,376918588.0,315357319.0
39.0,mcf,STREAM,7,0.19289428192414856,23740.4,0.002866647439856594,7475989.0,8556381.0,72698664.0,376883458.0,38896271.36,0.19289428192414856,0.8737325979289609,0.002866647439856594,0.7742853620861372,0.9384686048482997,0.00013570131662363457,7475989.0,8556381.0,376883458.0,72698664.0,780499.0,831673.0,377107616.0,291988907.0
39.1,mcf,STREAM,7,0.1902989812232651,24044.3,0.002818006046863695,7380140.0,8442864.0,71765387.0,377119134.0,39394181.12,0.1902989812232651,0.8741275472398939,0.002818006046863695,0.8909072753788697,0.9500198075175355,0.00014218664158411581,7380140.0,8442864.0,377119134.0,71765387.0,1019205.0,1072825.0,377109969.0,335970015.0
39.2,mcf,STREAM,7,0.1926538089771848,23586.6,0.0028193746765247693,7484273.0,8547470.0,72650490.0,377103834.0,38644285.44,0.1926538089771848,0.8756126666721263,0.0028193746765247693,0.7953412639543098,0.9403116428363,0.00013560837288385284,7484273.0,8547470.0,377103834.0,72650490.0,805612.0,856750.0,377100609.0,299923675.0
39.3,mcf,STREAM,7,0.18978887314622053,24153.0,0.002758596026559749,7382479.0,8422772.0,71571203.0,377109584.0,39572275.2,0.18978887314622053,0.876490423817717,0.002758596026559749,0.8757284863678712,0.9458479533312961,0.00014613964085515032,7382479.0,8422772.0,377109584.0,71571203.0,962615.0,1017727.0,377118759.0,330253640.0
39.4,mcf,STREAM,7,0.19254959587813042,23481.300000000003,0.0028096233817773487,7488756.0,8548291.0,72612236.0,377109262.0,38471761.92,0.19254959587813042,0.8760530028750776,0.0028096233817773487,0.7954923567288421,0.943321218365973,0.0001388665206342902,7488756.0,8548291.0,377109262.0,72612236.0,871559.0,923926.0,377103133.0,299982660.0
39.5,mcf,STREAM,7,0.20411753431753266,20159.4,0.002942883999801986,7933608.0,9043384.0,76973724.0,377104908.0,33029160.96,0.20411753431753266,0.8772831055277538,0.002942883999801986,1.2624315441769134,0.782684456835607,0.00026122359924843,7933608.0,9043384.0,377104908.0,76973724.0,345862.0,441892.0,367616097.0,464090157.0
39.6,mcf,STREAM,7,0.21501825086130524,12229.7,0.0030587038720332987,8369583.0,9523063.0,81086389.0,377113983.0,20037140.48,0.21501825086130524,0.8788751056251545,0.0030587038720332987,0.5658852572106716,0.42676857447564875,3.4208801081231476e-05,8369583.0,9523063.0,377113983.0,81086389.0,9604.0,22504.0,377095940.0,213393033.0
39.7,mcf,STREAM,7,0.19550979402583318,19632.2,0.0028732887256379103,7582427.0,8665917.0,73724894.0,377090541.0,32165396.48,0.19550979402583318,0.8749711080777718,0.0028732887256379103,0.77654591093164,0.9602902558423161,9.298955615671431e-05,7582427.0,8665917.0,377090541.0,73724894.0,848016.0,883083.0,377106865.0,292840794.0
39.8,mcf,STREAM,7,0.19099698926268124,23572.799999999996,0.0028799491414489204,7394891.0,8480981.0,72029022.0,377121243.0,38621675.519999996,0.19099698926268124,0.8719381637572352,0.0028799491414489204,0.8784157542634052,0.9524833050451745,0.00013599958674029818,7394891.0,8480981.0,377121243.0,72029022.0,1028080.0,1079368.0,377118793.0,331267089.0
39.9,mcf,STREAM,7,0.19296798833467818,24255.6,0.0028461757667390475,7494987.0,8568307.0,72770067.0,377109528.0,39740375.04,0.19296798833467818,0.8747337134395394,0.0028461757667390475,0.7882537925407282,0.9411001949760539,0.0001320165192909139,7494987.0,8568307.0,377109528.0,72770067.0,795448.0,845232.0,377104322.0,297253912.0
40.0,mcf,STREAM,7,0.1900421127310026,23536.199999999997,0.0027708926210534435,7377033.0,8421953.0,71666005.0,377105916.0,38561710.08,0.1900421127310026,0.8759290155145725,0.0027708926210534435,0.8816553351949621,0.948273818529072,0.00014234162708054492,7377033.0,8421953.0,377105916.0,71666005.0,984074.0,1037753.0,377113857.0,332484444.0
40.1,mcf,STREAM,7,0.1925339559152266,24224.5,0.0028144116615454727,7481432.0,8542770.0,72606153.0,377108301.0,39689420.8,0.1925339559152266,0.8757618430555897,0.0028144116615454727,0.8005479030605265,0.9441198982524875,0.00013532503937113534,7481432.0,8542770.0,377108301.0,72606153.0,862209.0,913241.0,377106855.0,301892102.0
40.2,mcf,STREAM,7,0.19002798596788426,23549.3,0.002746930174037071,7399001.0,8434896.0,71661465.0,377110059.0,38583173.12,0.19002798596788426,0.8771893571657552,0.002746930174037071,0.8614108469935013,0.9437257186460286,0.0001454998175822787,7399001.0,8434896.0,377110059.0,71661465.0,920159.0,975028.0,377107002.0,324844062.0
40.3,mcf,STREAM,7,0.19777854106621742,24179.899999999998,0.0028755640323425125,7691655.0,8776045.0,74583306.0,377105148.0,39616348.16,0.19777854106621742,0.876437506872401,0.0028755640323425125,1.2966267005416912,0.8578698180474791,0.00027808243848003133,7691655.0,8776045.0,377105148.0,74583306.0,617686.0,720023.0,368009575.0,477171041.0
40.4,mcf,STREAM,7,0.215047545202034,14435.9,0.003068206097851689,8372447.0,9529502.0,81096846.0,377111238.0,23651778.56,0.215047545202034,0.878581797873593,0.003068206097851689,0.6065572639781934,0.26548235874660747,3.9472033849222075e-05,8372447.0,9529502.0,377111238.0,81096846.0,5380.0,20265.0,377102433.0,228734220.0
40.5,mcf,STREAM,7,0.20199919008026168,13209.7,0.0029228180547385073,7851470.0,8953727.0,76178201.0,377121319.0,21642772.48,0.20199919008026168,0.8768940576365574,0.0029228180547385073,0.7201891037755923,0.9655245692614509,6.710655738030939e-05,7851470.0,8953727.0,377121319.0,76178201.0,708780.0,734088.0,377131550.0,271606033.0
40.6,mcf,STREAM,7,0.19327949394475658,23748.0,0.0029177826489543246,7483845.0,8584199.0,72889550.0,377119934.0,38908723.2,0.19327949394475658,0.8718163453573246,0.0029177826489543246,0.7792455387808823,0.9441264722141086,0.0001227515578949853,7483845.0,8584199.0,377119934.0,72889550.0,782222.0,828514.0,377119450.0,293868649.0
40.7,mcf,STREAM,7,0.1899285414123781,24174.6,0.0028184245002323516,7359390.0,8422228.0,71622735.0,377103591.0,39607664.64,0.1899285414123781,0.8738056010832288,0.0028184245002323516,0.8846446375492607,0.9509290585388426,0.00013723382786941108,7359390.0,8422228.0,377103591.0,71622735.0,1002865.0,1054616.0,377100900.0,333600289.0
41.0,mcf,STREAM,7,0.18991800000255626,23692.0,0.002755710188973371,7385142.0,8424360.0,71620813.0,377114402.0,38816972.8,0.18991800000255626,0.8766413116248594,0.002755710188973371,0.8717619267365251,0.9450136993961082,0.00014602886760196424,7385142.0,8424360.0,377114402.0,71620813.0,946435.0,1001504.0,377110368.0,328750461.0
41.1,mcf,STREAM,7,0.19253801159665943,23914.899999999998,0.002814109781638499,7489070.0,8550295.0,72607740.0,377108600.0,39182172.16,0.19253801159665943,0.8758843993101992,0.002814109781638499,0.7902404567221457,0.9442909628857218,0.0001394001664666564,7489070.0,8550295.0,377108600.0,72607740.0,891083.0,943653.0,377115762.0,298012132.0
41.2,mcf,STREAM,7,0.1909864640436339,21072.999999999996,0.0027639299454590223,7435048.0,8477338.0,72021826.0,377104348.0,34526003.199999996,0.1909864640436339,0.8770498474875014,0.0027639299454590223,0.9921438366029641,0.9398370121204448,0.000142380725375501,7435048.0,8477338.0,377104348.0,72021826.0,838766.0,892459.0,377108628.0,374146001.0
41.3,mcf,STREAM,7,0.2138651007035595,12187.4,0.0030723198948002972,8323600.0,9482216.0,80651604.0,377114376.0,19967836.16,0.2138651007035595,0.8778116845260644,0.0030723198948002972,0.9993951313597094,0.3681142067038708,0.00023619197832547382,8323600.0,9482216.0,377114376.0,80651604.0,51649.0,140307.0,375364145.0,375137099.0
41.4,mcf,STREAM,7,0.2100773401394776,18342.1,0.0029853259790167818,8182803.0,9308607.0,79222809.0,377112586.0,30051696.64,0.2100773401394776,0.8790577365657396,0.0029853259790167818,0.593694741936166,0.9414713406623799,4.489283682099759e-05,8182803.0,9308607.0,377112586.0,79222809.0,272330.0,289260.0,377120298.0,223894338.0
41.5,mcf,STREAM,7,0.19062116380458247,23736.100000000002,0.0028887872971357577,7365273.0,8454735.0,71889860.0,377134724.0,38889226.24,0.19062116380458247,0.8711417921436923,0.0028887872971357577,0.8844353798098785,0.9562967355965961,0.0001248597925872261,7365273.0,8454735.0,377134724.0,71889860.0,1030382.0,1077471.0,377135017.0,333551552.0
41.6,mcf,STREAM,7,0.19320422397087345,24068.1,0.002892192128161025,7487367.0,8578044.0,72859407.0,377110839.0,39433175.04,0.19320422397087345,0.872852482454042,0.002892192128161025,0.791128293745619,0.9427403053694953,0.00013025397244120806,7487367.0,8578044.0,377110839.0,72859407.0,808726.0,857846.0,377109420.0,298341932.0
41.7,mcf,STREAM,7,0.18986619206844915,23586.6,0.002787763018975537,7372879.0,8424224.0,71603960.0,377128541.0,38644285.44,0.18986619206844915,0.8751997810124708,0.002787763018975537,0.8761269403229034,0.9475300112104132,0.00014297377107071272,7372879.0,8424224.0,377128541.0,71603960.0,973697.0,1027616.0,377125116.0,330409474.0
41.8,mcf,STREAM,7,0.19263553083117985,24173.2,0.0028243680894358618,7488263.0,8553334.0,72642981.0,377100635.0,39605370.88,0.19263553083117985,0.8754788483648598,0.0028243680894358618,0.7969383984818613,0.9434122676506614,0.00013696223303946015,7488263.0,8553334.0,377100635.0,72642981.0,861092.0,912742.0,377111258.0,300534442.0
41.9,mcf,STREAM,7,0.19041835909984411,23487.5,0.0027565580994243074,7413863.0,8453385.0,71808417.0,377108685.0,38481920.0,0.19041835909984411,0.8770289061719063,0.0027565580994243074,0.8463354003910332,0.9422442487881638,0.00014521552539248115,7413863.0,8453385.0,377108685.0,71808417.0,893387.0,948148.0,377101552.0,319154393.0
42.0,mcf,STREAM,7,0.19224804862624503,24254.3,0.002802197204435361,7463697.0,8520515.0,72504247.0,377139053.0,39738245.12,0.19224804862624503,0.8759678258884587,0.002802197204435361,0.8122610259442684,0.9459791577856098,0.00014313966498302465,7463697.0,8520515.0,377139053.0,72504247.0,945334.0,999318.0,377142143.0,306337864.0
42.1,mcf,STREAM,7,0.20599269241136123,15742.3,0.002969690571230778,8004568.0,9124601.0,77691129.0,377154782.0,25792184.32,0.20599269241136123,0.8772512902207998,0.002969690571230778,1.2384217247152294,0.719244428646955,0.0002546581160674066,8004568.0,9124601.0,377154782.0,77691129.0,240798.0,334793.0,369102707.0,457104811.0
42.2,mcf,STREAM,7,0.21483893731611098,12238.900000000001,0.0030564262096860048,8365808.0,9518508.0,81024316.0,377139810.0,20052213.76,0.21483893731611098,0.8788990879663073,0.0030564262096860048,0.5536588088869381,0.550223253524593,3.3922124866840485e-05,8365808.0,9518508.0,377139810.0,81024316.0,15650.0,28443.0,377128498.0,208800515.0
42.3,mcf,STREAM,7,0.19461787189673482,23138.4,0.0029076953512000145,7540984.0,8637565.0,73396362.0,377130637.0,37909954.56,0.19461787189673482,0.8730451232494343,0.0029076953512000145,0.8083996171727893,0.9599070692267072,0.00010123089773754906,7540984.0,8637565.0,377130637.0,73396362.0,914347.0,952537.0,377256360.0,304973897.0
42.4,mcf,STREAM,7,0.19037311522201036,24287.3,0.0028479756309373523,7367492.0,8441908.0,71819407.0,377256037.0,39792312.32,0.19037311522201036,0.8727282979155897,0.0028479756309373523,0.8806068191374474,0.9514872153501547,0.0001350940622853777,7367492.0,8441908.0,377256037.0,71819407.0,998661.0,1049579.0,376907757.0,331907541.0
42.5,mcf,STREAM,7,0.19312957423043162,23527.199999999997,0.002875727124866391,7478658.0,8562441.0,72785261.0,376872684.0,38546964.48,0.19312957423043162,0.8734259307596981,0.002875727124866391,0.8006373201259013,0.9429754000390836,0.0001330929021762899,7478658.0,8562441.0,376872684.0,72785261.0,829973.0,880164.0,377112522.0,301930359.0
42.6,mcf,STREAM,7,0.1900335491761339,24238.899999999998,0.0027632757774630084,7395221.0,8437261.0,71662250.0,377103150.0,39713013.76,0.1900335491761339,0.8764954645826413,0.0027632757774630084,0.8715630020966816,0.9445506098501465,0.00014681133110447313,7395221.0,8437261.0,377103150.0,71662250.0,943079.0,998442.0,377103045.0,328669062.0
42.7,mcf,STREAM,7,0.19250577036826064,23546.5,0.0028196685052833364,7481331.0,8544652.0,72595565.0,377108514.0,38578585.6,0.19250577036826064,0.8755571321102369,0.0028196685052833364,0.7878698927849698,0.9437780669604595,0.0001422889571812595,7481331.0,8544652.0,377108514.0,72595565.0,900755.0,954414.0,377112891.0,297115893.0
42.8,mcf,STREAM,7,0.19119513421857945,24211.199999999997,0.0027666436844713898,7438142.0,8481433.0,72098971.0,377096265.0,39667630.08,0.19119513421857945,0.8769911876919856,0.0027666436844713898,0.8170720544606531,0.9399831068958093,0.00014414293837149928,7438142.0,8481433.0,377096265.0,72098971.0,851338.0,905695.0,377104842.0,308121828.0
43.1,mcf,STREAM,7,0.9838777530512759,11672.0,4.8812830726979624e-05,21460.0,39870.0,371074350.0,377154935.0,19123404.8,0.9838777530512759,0.5382493102583396,4.8812830726979624e-05,0.5904660870938997,0.31695316584150807,5.889426791518979e-05,21460.0,39870.0,377154935.0,371074350.0,10307.0,32519.0,377150456.0,222694554.0
43.2,mcf,STREAM,7,0.5394223504921544,24244.1,0.0018301160461098327,4174777.0,4865048.0,203455735.0,377173350.0,39721533.44,0.5394223504921544,0.8581163022440889,0.0018301160461098327,0.7634445347496891,0.9645336956913368,7.307123947165516e-05,4174777.0,4865048.0,377173350.0,203455735.0,749570.0,777132.0,377193547.0,287966352.0
43.4,mcf,STREAM,7,0.1909838580238639,23612.5,0.002917013160163089,7375812.0,8475816.0,72019904.0,377099430.0,38686720.0,0.1909838580238639,0.870218513474101,0.002917013160163089,0.8650711367580809,0.9520326988195829,0.0001286165795932804,7375812.0,8475816.0,377099430.0,72019904.0,962665.0,1011168.0,377113123.0,326229678.0
43.5,mcf,STREAM,7,0.19357519207771617,24141.5,0.0029233203353098126,7489371.0,8591868.0,73004681.0,377138621.0,39553433.6,0.19357519207771617,0.8716813386797841,0.0029233203353098126,0.7903396442836975,0.9478950066092962,0.00012806344049663936,7489371.0,8591868.0,377138621.0,73004681.0,878438.0,926725.0,377055308.0,298001758.0
43.6,mcf,STREAM,7,0.19138689799902475,23648.5,0.002810552704850068,7426208.0,8485970.0,72165365.0,377065336.0,38745702.4,0.19138689799902475,0.8751159855620513,0.002810552704850068,0.8372643464277089,0.9448104770017036,0.00013743695317743545,7426208.0,8485970.0,377065336.0,72165365.0,887366.0,939200.0,377147476.0,315772135.0
43.7,mcf,STREAM,7,0.19251328158452258,23988.600000000002,0.0028354414078838406,7477228.0,8546784.0,72617877.0,377209699.0,39302922.24,0.19251328158452258,0.8748586602867231,0.0028354414078838406,0.8157070382865438,0.9480948522096344,0.00013720212866846602,7477228.0,8546784.0,377209699.0,72617877.0,945334.0,997088.0,377209891.0,307692763.0
43.8,mcf,STREAM,7,0.19230427338793682,23739.6,0.0027999786167301447,7477658.0,8533683.0,72528454.0,377154666.0,38894960.64,0.19230427338793682,0.8762521410743755,0.0027999786167301447,1.088692770282914,0.9386342023932166,0.00013140565271005264,7477658.0,8533683.0,377154666.0,72528454.0,758056.0,807616.0,377152725.0,410603445.0
43.9,mcf,STREAM,7,0.21538953272168385,17383.0,0.003097622055250223,8367695.0,9535689.0,81215099.0,377061494.0,28480307.200000003,0.21538953272168385,0.8775134130318218,0.003097622055250223,0.8884173163454162,0.36441717791411044,0.0002140833795255128,8367695.0,9535689.0,377061494.0,81215099.0,45441.0,124695.0,370201555.0,328893472.0
44.0,mcf,STREAM,7,0.21018156612134187,12295.599999999999,0.002991117716447895,8182994.0,9310966.0,79260980.0,377107191.0,20145111.04,0.21018156612134187,0.8788555344311213,0.002991117716447895,0.6219677274155994,0.9521198190211079,4.711689310040115e-05,8182994.0,9310966.0,377107191.0,79260980.0,353325.0,371093.0,377104661.0,234546929.0
44.1,mcf,STREAM,7,0.19064325100596713,21953.800000000003,0.0029025298263529835,7576809.0,8703093.0,73976309.0,388035289.0,35969105.92,0.19064325100596713,0.8705880771353357,0.0029025298263529835,0.8695148332351984,0.9559180730449685,0.00012214460618234738,7576809.0,8703093.0,388035289.0,73976309.0,999615.0,1045712.0,377396935.0,328152233.0
44.2,mcf,STREAM,7,0.19347039038095845,23902.3,0.0029295258652676332,7476612.0,8581366.0,72959652.0,377110171.0,39161528.32,0.19347039038095845,0.8712612887039196,0.0029295258652676332,0.7953696737199641,0.9466128119688575,0.00012435144197317987,7476612.0,8581366.0,377110171.0,72959652.0,831517.0,878413.0,377124698.0,299953548.0
44.3,mcf,STREAM,7,0.19089481473800354,23751.8,0.002799630006681318,7418414.0,8474169.0,71987425.0,377105188.0,38914949.12,0.19089481473800354,0.8754149226903547,0.002799630006681318,0.8670909622410463,0.9461478101951438,0.00014213741837122322,7418414.0,8474169.0,377105188.0,71987425.0,941717.0,995317.0,377099856.0,326979877.0
44.4,mcf,STREAM,7,0.19281027650057903,23949.0,0.0028382620291439713,7488602.0,8559173.0,72726580.0,377192447.0,39238041.6,0.19281027650057903,0.8749212102617858,0.0028382620291439713,0.7852512338870519,0.945309868955736,0.000136476507746681,7488602.0,8559173.0,377192447.0,72726580.0,889806.0,941285.0,377200449.0,296197118.0
44.5,mcf,STREAM,7,0.19160048554618686,23617.6,0.0027807442777613143,7442609.0,8491485.0,72270274.0,377192541.0,38695075.839999996,0.19160048554618686,0.8764790846359618,0.0027807442777613143,0.8236203298246565,0.9410038720150932,0.00014259282035698108,7442609.0,8491485.0,377192541.0,72270274.0,857885.0,911670.0,377192904.0,310663744.0
44.6,mcf,STREAM,7,0.19141855131060218,24031.5,0.002798141092482963,7443525.0,8498999.0,72204116.0,377205425.0,39373209.6,0.19141855131060218,0.8758119632676742,0.002798141092482963,0.8282743901735048,0.9471148734785285,0.0001437386412639678,7443525.0,8498999.0,377205425.0,72204116.0,971021.0,1025241.0,377212415.0,312435383.0
44.7,mcf,STREAM,7,0.2085731035444077,23616.8,0.0030072730707641736,8114702.0,9248779.0,78655298.0,377111414.0,38693765.12,0.2085731035444077,0.8773808953592686,0.0030072730707641736,1.2278362486538001,0.6826334074391347,0.0002487095407077414,8114702.0,9248779.0,377111414.0,78655298.0,200813.0,294174.0,375381659.0,460907208.0
44.8,mcf,STREAM,7,0.2151673205103713,12744.1,0.0030590592394805064,8376547.0,9530782.0,81186284.0,377316982.0,20879933.44,0.2151673205103713,0.8788939879225021,0.0030590592394805064,0.5487070538185693,0.5711629424237482,3.485960387350393e-05,8376547.0,9530782.0,377316982.0,81186284.0,17509.0,30655.0,377112719.0,206924409.0
44.9,mcf,STREAM,7,0.19318089273984262,14985.3,0.0029277400351064254,7470783.0,8574776.0,72844703.0,377080269.0,24551915.52,0.19318089273984262,0.8712510974047601,0.0029277400351064254,0.8307448256362925,0.961293973441471,0.00010261463625206735,7470783.0,8574776.0,377080269.0,72844703.0,961492.0,1000206.0,377275615.0,313419765.0
45.1,mcf,STREAM,7,0.19027697921670167,23430.1,0.002828332917381363,7380390.0,8447427.0,71785247.0,377267115.0,38387875.839999996,0.19027697921670167,0.873684969399558,0.002828332917381363,0.8664123367174372,0.9513806496001814,0.000131859081583526,7380390.0,8447427.0,377267115.0,71785247.0,973466.0,1023214.0,377281560.0,326881398.0
45.2,mcf,STREAM,7,0.19368866012629607,24248.6,0.0029027185239002477,7500448.0,8595068.0,73040317.0,377101669.0,39728906.239999995,0.19368866012629607,0.8726455683654859,0.0029027185239002477,0.796034711200338,0.9446090684670817,0.00013245244032026037,7500448.0,8595068.0,377101669.0,73040317.0,851771.0,901718.0,377093845.0,300179790.0
45.3,mcf,STREAM,7,0.190745083555861,23482.800000000003,0.002773133833058135,7422725.0,8468649.0,71942024.0,377163189.0,38474219.52,0.190745083555861,0.8764945860904142,0.002773133833058135,0.8369520249490071,0.9437173886571111,0.0001418288625141626,7422725.0,8468649.0,377163189.0,71942024.0,922228.0,977229.0,387798358.0,324568621.0
45.4,mcf,STREAM,7,0.19213730001157742,24159.3,0.0028186237131219466,7461302.0,8524584.0,72480811.0,377234462.0,39582597.12,0.19213730001157742,0.8752687521174054,0.0028186237131219466,0.8129688685930276,0.9470420043094173,0.00014026870968906498,7461302.0,8524584.0,377234462.0,72480811.0,946291.0,999207.0,377247357.0,306690357.0
45.5,mcf,STREAM,7,0.19179836777567733,23462.600000000002,0.0027787264153452027,7460009.0,8508117.0,72344439.0,377190066.0,38441123.84,0.19179836777567733,0.8768108148959399,0.0027787264153452027,0.7847607621711061,0.938013961135849,0.00014045227009826426,7460009.0,8508117.0,377190066.0,72344439.0,801547.0,854515.0,377124556.0,295952554.0
45.6,mcf,STREAM,7,0.19955991423901515,19469.2,0.0029063204421631876,7746130.0,8842051.0,75250443.0,377081957.0,31898337.28,0.19955991423901515,0.876055792937634,0.0029063204421631876,1.3327948029211447,0.8451088025670207,0.00028313381659654025,7746130.0,8842051.0,377081957.0,75250443.0,579950.0,686243.0,375416124.0,500352659.0
45.7,mcf,STREAM,7,0.21561375721767514,12255.7,0.0030656112596132504,8392214.0,9548567.0,81329821.0,377201446.0,20079738.880000003,0.21561375721767514,0.8788977445516171,0.0030656112596132504,0.5891058153698232,0.4743584689975955,3.536150146478556e-05,8392214.0,9548567.0,377201446.0,81329821.0,12034.0,25369.0,377105028.0,222154765.0
45.8,mcf,STREAM,7,0.19890582311541186,20368.5,0.002883812351796416,7729324.0,8816880.0,75012239.0,377124399.0,33371750.4,0.19890582311541186,0.8766506972988177,0.002883812351796416,0.7725102738833732,0.9655396513751645,7.333501420008458e-05,7729324.0,8816880.0,377124399.0,75012239.0,775534.0,803213.0,377432258.0,291570297.0
45.9,mcf,STREAM,7,0.19363365854011966,23537.1,0.002952547640548617,7472294.0,8586435.0,73067474.0,377349034.0,38563184.64,0.19363365854011966,0.8702440535565692,0.002952547640548617,0.794036741127482,0.9477510575705835,0.00012307705074923844,7472294.0,8586435.0,377349034.0,73067474.0,841493.0,887884.0,376926484.0,299293477.0
46.0,mcf,STREAM,7,0.19062234060839545,24185.5,0.0027990239458130844,7401318.0,8456254.0,71844462.0,376894239.0,39625523.2,0.19062234060839545,0.8752478343247495,0.0027990239458130844,0.8656861457606199,0.9471802081656904,0.000138372175661324,7401318.0,8456254.0,376894239.0,71844462.0,935779.0,987963.0,377127842.0,326474348.0
46.1,mcf,STREAM,7,0.19307219256908148,23547.9,0.0028485068617285815,7490560.0,8564946.0,72822033.0,377175149.0,38580879.36,0.19307219256908148,0.8745600964676251,0.0028485068617285815,0.7841640553126102,0.9454795710928506,0.00013676397661518171,7490560.0,8564946.0,377175149.0,72822033.0,894366.0,945939.0,377094914.0,295704277.0
46.2,mcf,STREAM,7,0.1911744685758254,24100.699999999997,0.002774788186240856,7435117.0,8481567.0,72097223.0,377127885.0,39486586.879999995,0.1911744685758254,0.8766206763443595,0.002774788186240856,0.8168396393278243,0.9416512994217786,0.0001398298183150817,7435117.0,8481567.0,377127885.0,72097223.0,851233.0,903979.0,377215680.0,308124720.0
46.3,mcf,STREAM,7,0.19192753812972949,23557.0,0.0028027785482162178,7458213.0,8515296.0,72386503.0,377155377.0,38595788.8,0.19192753812972949,0.8758606864635122,0.0028027785482162178,0.834266926184342,0.9475943685120437,0.00014338478474416847,7458213.0,8515296.0,377155377.0,72386503.0,977834.0,1031912.0,377152988.0,314646264.0
46.4,mcf,STREAM,7,0.19285043282946743,24144.899999999998,0.0027960167841672165,7505241.0,8559660.0,72726731.0,377114689.0,39559004.16,0.19285043282946743,0.8768153174308325,0.0027960167841672165,1.1267597572974828,0.9352838488385302,0.00013143205618595895,7505241.0,8559660.0,377114689.0,72726731.0,716318.0,765883.0,377115001.0,424918007.0
46.5,mcf,STREAM,7,0.21585647257657467,14120.8,0.003092613226515387,8388910.0,9555196.0,81403772.0,377119903.0,23135518.72,0.21585647257657467,0.877942221174741,0.003092613226515387,0.8414460456596666,0.3538416655186107,0.00021243465897118242,8388910.0,9555196.0,377119903.0,81403772.0,43663.0,123397.0,375334234.0,315823507.0
46.6,mcf,STREAM,7,0.2088278869090334,13684.2,0.002998870671526998,8128365.0,9259338.0,78755881.0,377132969.0,22420193.28,0.2088278869090334,0.8778559547129611,0.002998870671526998,0.6510092359624232,0.955171431043345,4.6712550498283646e-05,8128365.0,9259338.0,377132969.0,78755881.0,375369.0,392986.0,377136333.0,245519236.0
46.7,mcf,STREAM,7,0.19103808861028096,23843.600000000002,0.002882191906743541,7391919.0,8478791.0,72040293.0,377099109.0,39065354.24,0.19103808861028096,0.8718128563376547,0.002882191906743541,0.8648034406452124,0.9534873915797442,0.00012581370097969056,7391919.0,8478791.0,377099109.0,72040293.0,972437.0,1019874.0,377041607.0,326066879.0
46.8,mcf,STREAM,7,0.19343943148233148,24012.600000000002,0.002905839206777212,7476566.0,8572142.0,72931633.0,377025679.0,39342243.84,0.19343943148233148,0.8721934377661966,0.002905839206777212,0.790205653413068,0.9460270322384554,0.00013138395475467975,7476566.0,8572142.0,377025679.0,72931633.0,868397.0,917941.0,377093231.0,297981203.0
46.9,mcf,STREAM,7,0.19093033848160512,23751.0,0.0027783666690205824,7428346.0,8476153.0,72005667.0,377130568.0,38913638.4,0.19093033848160512,0.8763817736654824,0.0027783666690205824,0.8441248635639147,0.9439035166152973,0.0001414345103488689,7428346.0,8476153.0,377130568.0,72005667.0,897303.0,950630.0,377043763.0,318272015.0
47.2,mcf,STREAM,7,0.19241793873235966,23786.5,0.002792359149628008,7478344.0,8531363.0,72562208.0,377107293.0,38971801.6,0.19241793873235966,0.8765708363364682,0.002792359149628008,0.7903473731194025,0.9372934759338378,0.00014291872559944654,7478344.0,8531363.0,377107293.0,72562208.0,805570.0,859464.0,377095442.0,298036392.0
47.3,mcf,STREAM,7,0.19116304969621195,20873.1,0.0027812591110357413,7438654.0,8487527.0,72091723.0,377121641.0,34198487.04,0.19116304969621195,0.8764218364194895,0.0027812591110357413,0.8674963022438976,0.9471846034797311,0.00014876938570844436,7438654.0,8487527.0,377121641.0,72091723.0,1006162.0,1062266.0,377120600.0,327150726.0
47.4,mcf,STREAM,7,0.20902457555196377,12266.400000000001,0.003008961529911363,8131500.0,9266260.0,78828767.0,377126789.0,20097269.76,0.20902457555196377,0.8775385106828429,0.003008961529911363,1.2189720637822474,0.6302261339692451,0.00022063555917537178,8131500.0,9266260.0,377126789.0,78828767.0,138484.0,219737.0,368267927.0,448908315.0
47.5,mcf,STREAM,7,0.5989865757677785,11545.1,0.0021037884603517503,5392122.0,6179990.0,224320251.0,374499630.0,18915491.84,0.5989865757677785,0.872513062318871,0.0021037884603517503,0.5474531773710106,0.4201186332663366,6.332222722993078e-05,5392122.0,6179990.0,374499630.0,224320251.0,17140.0,40798.0,373612885.0,204535561.0
47.6,mcf,STREAM,7,0.9975388540252712,17593.8,2.332324551700957e-05,15731.0,24527.0,376206294.0,377134477.0,28825681.919999998,0.9975388540252712,0.6413748114322991,2.332324551700957e-05,0.9321422055544549,0.9737440340294242,8.556530828898199e-05,15731.0,24527.0,377134477.0,376206294.0,1196784.0,1229054.0,377138827.0,351547018.0
47.7,mcf,STREAM,7,0.5757779409614592,24341.399999999998,0.0017943246054340381,3888849.0,4565551.0,217145818.0,377134660.0,39880949.76,0.5757779409614592,0.8517808693846591,0.0017943246054340381,0.8227969003861292,0.9613466537706551,0.00010046245584299704,3888849.0,4565551.0,377134660.0,217145818.0,942262.0,980148.0,377116005.0,310289880.0
47.8,mcf,STREAM,7,0.1939870563588055,23690.4,0.003223829872300029,7384105.0,8599937.0,73160086.0,377139008.0,38814351.36,0.1939870563588055,0.8586231503788924,0.003223829872300029,0.8426190031403138,0.9587194111201641,0.0001168799758708436,7384105.0,8599937.0,377139008.0,73160086.0,1023711.0,1067790.0,377130468.0,317777299.0
47.9,mcf,STREAM,7,0.19465004935236407,24285.2,0.003007165105324336,7486772.0,8620815.0,73405190.0,377113647.0,39788871.68,0.19465004935236407,0.868452924694475,0.003007165105324336,0.7715659053943482,0.9442719443691256,0.00012316602601320878,7486772.0,8620815.0,377113647.0,73405190.0,787045.0,833494.0,377125101.0,290976870.0
48.0,mcf,STREAM,7,0.19145627011321692,23626.5,0.002866378823025208,7400642.0,8481573.0,72199465.0,377106819.0,38709657.6,0.19145627011321692,0.8725553620772939,0.002866378823025208,0.8904352881099975,0.952393221571271,0.00013474423620338962,7400642.0,8481573.0,377106819.0,72199465.0,1016515.0,1067327.0,377099618.0,335782807.0
48.1,mcf,STREAM,7,0.19377875795684046,24231.5,0.002872859201384855,7510021.0,8593403.0,73075777.0,377109327.0,39700889.6,0.19377875795684046,0.87392864037681,0.002872859201384855,0.7947871707328473,0.9444005024356154,0.00012805892394901318,7510021.0,8593403.0,377109327.0,73075777.0,820277.0,868569.0,377107651.0,299720323.0
48.2,mcf,STREAM,7,0.20354190094064697,14545.2,0.002960831201549823,7900845.0,9017457.0,76761326.0,377127882.0,23830855.68,0.20354190094064697,0.8761721846857712,0.002960831201549823,1.2786059141790063,0.7889331166118992,0.00033519600933552406,7900845.0,9017457.0,377127882.0,76761326.0,470328.0,596157.0,375389314.0,479974997.0
48.3,mcf,STREAM,7,0.21599881457920064,13042.4,0.00306905111949293,8405848.0,9563399.0,81468061.0,377169019.0,21368668.16,0.21599881457920064,0.8789602943472294,0.00306905111949293,0.5709813183645075,0.5636399102701648,3.560618962168336e-05,8405848.0,9563399.0,377169019.0,81468061.0,17337.0,30759.0,376956932.0,215235366.0
48.5,mcf,STREAM,7,0.19344214519232278,23820.699999999997,0.0029520632057200564,7457709.0,8570980.0,72950176.0,377116248.0,39027834.879999995,0.19344214519232278,0.870111585839659,0.0029520632057200564,0.8088461123670965,0.95154908784977,0.00012949632989035721,7457709.0,8570980.0,377116248.0,72950176.0,959112.0,1007948.0,377122657.0,305034195.0
48.6,mcf,STREAM,7,0.19356364690036867,24238.2,0.0028578326233321587,7511061.0,8588764.0,72993821.0,377105010.0,39711866.88,0.19356364690036867,0.8745217588933635,0.0028578326233321587,0.7900502802981836,0.9402787256790531,0.00013597913222306612,7511061.0,8588764.0,377105010.0,72993821.0,807344.0,858622.0,377101980.0,297929525.0
48.7,mcf,STREAM,7,0.19134689036528582,23636.399999999998,0.002805485997457948,7433257.0,8491235.0,72158906.0,377110419.0,38725877.76,0.19134689036528582,0.8754035190405165,0.002805485997457948,0.8732865766199844,0.9480613301533067,0.00014736898980335453,7433257.0,8491235.0,377110419.0,72158906.0,1014437.0,1070012.0,377114616.0,329329132.0
48.8,mcf,STREAM,7,0.1936658614381895,24168.800000000003,0.0028292076534442412,7526068.0,8592988.0,73033162.0,377109117.0,39598161.92,0.1936658614381895,0.8758382997858254,0.0028292076534442412,0.7887165616597999,0.9388214772702935,0.00013634634654558777,7526068.0,8592988.0,377109117.0,73033162.0,789025.0,840442.0,377105814.0,297429601.0
48.9,mcf,STREAM,7,0.19080080656565399,23709.1,0.0027682971021021296,7422510.0,8466453.0,71952236.0,377106561.0,38844989.44,0.19080080656565399,0.8766965339558372,0.0027682971021021296,0.8843504393304089,0.94732816598888,0.00014572841792161954,7422510.0,8466453.0,377106561.0,71952236.0,988392.0,1043347.0,377105583.0,333493488.0
49.0,mcf,STREAM,7,0.19739526114900274,24044.699999999997,0.002864615460030637,7670413.0,8750694.0,74440131.0,377112047.0,39394836.48,0.19739526114900274,0.876549105705216,0.002864615460030637,1.2441063394092138,0.9098058480769204,0.00017186576654086276,7670413.0,8750694.0,377112047.0,74440131.0,653751.0,718561.0,377096622.0,469148298.0
49.2,mcf,STREAM,7,0.21627843770912134,12240.3,0.0030949730919354874,8409948.0,9577072.0,81559273.0,377103117.0,20054507.52,0.21627843770912134,0.8781335255702369,0.0030949730919354874,0.6706498815412743,0.25967569141799196,0.00019173935296576535,8409948.0,9577072.0,377103117.0,81559273.0,24966.0,96143.0,371217483.0,248956961.0
49.3,mcf,STREAM,7,0.20472632312859484,18242.9,0.0029608969398380435,7961717.0,9078291.0,77203663.0,377106675.0,29889167.36,0.20472632312859484,0.8770061457602538,0.0029608969398380435,0.6879538194795417,0.9636252174806553,5.5387805706557404e-05,7961717.0,9078291.0,377106675.0,77203663.0,553303.0,574189.0,377086612.0,259418175.0
49.4,mcf,STREAM,7,0.1932993927033388,23859.3,0.002900213333959521,7478953.0,8573232.0,72933761.0,377309830.0,39091077.12,0.1932993927033388,0.8723609719181751,0.002900213333959521,0.804903179980034,0.9481253221552226,0.00012297120765741122,7478953.0,8573232.0,377309830.0,72933761.0,847972.0,894367.0,377283438.0,303676639.0
49.5,mcf,STREAM,7,0.19235336303497302,24071.300000000003,0.002882086728629776,7436130.0,8522411.0,72499485.0,376907811.0,39438417.92,0.19235336303497302,0.8725382993145954,0.002882086728629776,0.8480631940157383,0.9498420718963224,0.00014147664500493192,7436130.0,8522411.0,376907811.0,72499485.0,1009817.0,1063142.0,376917335.0,319649719.0
49.6,mcf,STREAM,7,0.19415965915406072,23697.7,0.0028545345165616465,7537848.0,8614306.0,73218494.0,377104566.0,38826311.68,0.19415965915406072,0.87503833738899,0.0028545345165616465,0.7808172032574847,0.9377468644308347,0.00013725173936329847,7537848.0,8614306.0,377104566.0,73218494.0,779669.0,831428.0,377109975.0,294453956.0
49.7,mcf,STREAM,7,0.19092612133749678,24167.5,0.0027883935369972324,7409859.0,8461414.0,72001787.0,377118576.0,39596032.0,0.19092612133749678,0.8757234901873375,0.0027883935369972324,0.8893732033036383,0.9487079943877873,0.00014434175124558801,7409859.0,8461414.0,377118576.0,72001787.0,1006823.0,1061257.0,377118883.0,335399429.0
49.8,mcf,STREAM,7,0.1936879334037257,23529.2,0.002837042199958558,7522860.0,8592694.0,73038722.0,377094849.0,38550241.28,0.1936879334037257,0.8754949262710856,0.002837042199958558,0.7992662102071476,0.941649020509287,0.00013497052559666988,7522860.0,8592694.0,377094849.0,73038722.0,821343.0,872239.0,377089737.0,301395085.0
49.9,mcf,STREAM,7,0.1909776779366405,24327.9,0.002760890370789866,7432828.0,8473983.0,72019290.0,377108418.0,39858831.36,0.1909776779366405,0.8771351087204211,0.002760890370789866,0.8751028832070038,0.9451975737356288,0.000147052056653449,7432828.0,8473983.0,377108418.0,72019290.0,956470.0,1011926.0,377118153.0,330017183.0
50.0,mcf,STREAM,7,0.2141691245859478,15931.7,0.0030792756749751056,8309778.0,9471015.0,80766108.0,377113686.0,26102497.28,0.2141691245859478,0.877390438089265,0.0030792756749751056,1.1469263949114317,0.4083807149182085,0.0002705370832283394,8309778.0,9471015.0,377113686.0,80766108.0,70101.0,171656.0,375382919.0,430536578.0
50.1,mcf,STREAM,7,0.21226437880873905,12279.2,0.0030152785496276465,8261508.0,9398773.0,80059220.0,377167476.0,20118241.28,0.21226437880873905,0.8789985671533933,0.0030152785496276465,0.6193036331489962,0.944706361902418,3.812752189467446e-05,8261508.0,9398773.0,377167476.0,80059220.0,245669.0,260048.0,377129152.0,233557454.0
50.2,mcf,STREAM,7,0.1926659269488177,23191.5,0.0029315821991899188,7432692.0,8538003.0,72641923.0,377035650.0,37996953.6,0.1926659269488177,0.8705422099289494,0.0029315821991899188,0.8259388280494114,0.9581881264456438,0.00011506563382582513,7432692.0,8538003.0,377035650.0,72641923.0,994216.0,1037600.0,377036988.0,311409488.0
50.3,mcf,STREAM,7,0.19388003976933715,24335.8,0.0028776943964712036,7505954.0,8591195.0,73116370.0,377121699.0,39871774.72,0.19388003976933715,0.8736798547815525,0.0028776943964712036,0.7725190351905807,0.9396113734562,0.00013401357964144847,7505954.0,8591195.0,377121699.0,73116370.0,786357.0,836896.0,377118499.0,291331219.0
50.4,mcf,STREAM,7,0.19108679748246732,23581.9,0.002820207144044088,7413852.0,8477375.0,72060382.0,377108115.0,38636584.96,0.19108679748246732,0.8745457172768694,0.002820207144044088,0.8905383465319915,0.95043675228261,0.00014093744965335835,7413852.0,8477375.0,377108115.0,72060382.0,1019198.0,1072347.0,377110556.0,335831411.0
50.5,mcf,STREAM,7,0.19394400863006556,24297.200000000004,0.00284022731004276,7517447.0,8588508.0,73137056.0,377103972.0,39808532.480000004,0.19394400863006556,0.8752913777340604,0.00284022731004276,0.7913738294760545,0.9405735178603508,0.00013421500621355298,7517447.0,8588508.0,377103972.0,73137056.0,801078.0,851691.0,377103883.0,298430144.0
50.6,mcf,STREAM,7,0.19101168258082823,23588.800000000003,0.0027758306291166793,7420914.0,8467707.0,72032382.0,377109824.0,38647889.92,0.19101168258082823,0.8763782214004334,0.0027758306291166793,0.8798048807243332,0.9462372717491306,0.0001462812242853849,7420914.0,8467707.0,377109824.0,72032382.0,970900.0,1026064.0,377109231.0,331782542.0
50.7,mcf,STREAM,7,0.1936353729465739,24261.0,0.00283248816983957,7521409.0,8589561.0,73021315.0,377107312.0,39749222.4,0.1936353729465739,0.875645332747506,0.00283248816983957,0.7987060196515665,0.9429512891776825,0.00013754351732901156,7521409.0,8589561.0,377107312.0,73021315.0,857353.0,909223.0,377117010.0,301205626.0
50.8,mcf,STREAM,7,0.20562969003649822,22390.6,0.0029661199743700175,7986989.0,9105519.0,77543383.0,377102076.0,36684759.04,0.20562969003649822,0.8771591163556959,0.0029661199743700175,1.2537082094047483,0.77533282172767,0.0002870227765131876,7986989.0,9105519.0,377102076.0,77543383.0,371800.0,479536.0,375356971.0,470588116.0
50.9,mcf,STREAM,7,0.21597890356670588,12182.1,0.0030699272440058967,8410111.0,9567820.0,81448419.0,377112846.0,19959152.64,0.21597890356670588,0.8789997094426943,0.0030699272440058967,0.5642361227397121,0.4818053486001098,3.504158780188089e-05,8410111.0,9567820.0,377112846.0,81448419.0,12287.0,25502.0,377123322.0,212786601.0
51.0,mcf,STREAM,7,0.19625958181663783,16995.8,0.0028897892131802823,7609207.0,8698952.0,74009861.0,377101899.0,27845918.72,0.19625958181663783,0.8747268636497821,0.0028897892131802823,0.7786841772920321,0.9598812575774726,9.117605409460622e-05,7609207.0,8698952.0,377101899.0,74009861.0,822600.0,856981.0,377083658.0,293629078.0
51.1,mcf,STREAM,7,0.1919678064588616,24262.1,0.0029154737347564653,7402077.0,8501555.0,72394540.0,377118129.0,39751024.64,0.1919678064588616,0.8706733062363297,0.0029154737347564653,0.8723215851814998,0.95178751632435,0.00013783428805630945,7402077.0,8501555.0,377118129.0,72394540.0,1026164.0,1078144.0,377119516.0,328969494.0
51.3,mcf,STREAM,7,0.19411394299669518,24156.7,0.0028861833964771463,7523023.0,8611383.0,73199039.0,377093154.0,39578337.28,0.19411394299669518,0.8736137969940485,0.0028861833964771463,0.7861182767155648,0.9398266014455442,0.00013387445076074096,7523023.0,8611383.0,377093154.0,73199039.0,788507.0,838992.0,377107056.0,296450749.0
51.4,mcf,STREAM,7,0.19090655365567172,23723.800000000003,0.0027883163927772906,7421271.0,8472767.0,71992360.0,377107850.0,38869073.92,0.19090655365567172,0.8758969767491541,0.0027883163927772906,0.8830326062256273,0.9475795362314952,0.00014506434958288744,7421271.0,8472767.0,377107850.0,71992360.0,988876.0,1043581.0,377108505.0,332999106.0
51.5,mcf,STREAM,7,0.1928621163324834,24145.2,0.002808842521206725,7491958.0,8551186.0,72729230.0,377104801.0,39559495.68,0.1928621163324834,0.8761308665254153,0.002808842521206725,0.799110603520801,0.9425418060200669,0.00013439286991477682,7491958.0,8551186.0,377104801.0,72729230.0,831369.0,882050.0,377110780.0,301353223.0
51.6,mcf,STREAM,7,0.19157040483335575,23838.199999999997,0.0027774764113913317,7446175.0,8493605.0,72244210.0,377115714.0,39056506.879999995,0.19157040483335575,0.8766801611329936,0.0027774764113913317,0.869054815022912,0.9456729896990345,0.00014292638279134092,7446175.0,8493605.0,377115714.0,72244210.0,938240.0,992140.0,377117219.0,327735535.0
51.7,mcf,STREAM,7,0.19943796148433232,17220.0,0.002924164420974007,7738911.0,8841619.0,75208437.0,377101914.0,28213248.0,0.19943796148433232,0.8752821174493043,0.002924164420974007,1.277855747102214,0.8444820026566735,0.0003069050636988515,7738911.0,8841619.0,377101914.0,75208437.0,625572.0,740776.0,375373409.0,479673068.0
51.8,mcf,STREAM,7,0.21619811071976094,12304.8,0.0030813274489920883,8406707.0,9568719.0,81531354.0,377114091.0,20160184.32,0.21619811071976094,0.8785613831903727,0.0030813274489920883,0.6058260036889836,0.3112246708541822,5.146228973383134e-05,8406707.0,9568719.0,377114091.0,81531354.0,8770.0,28179.0,377149950.0,228487247.0
51.9,mcf,STREAM,7,0.2025336116893976,22193.600000000002,0.002934055272671101,7870299.0,8976760.0,76377410.0,377109801.0,36361994.24,0.2025336116893976,0.8767416083308455,0.002934055272671101,0.7157325528210143,0.9660173897749882,6.558959736044037e-05,7870299.0,8976760.0,377109801.0,76377410.0,703052.0,727784.0,377071990.0,269882698.0
52.0,mcf,STREAM,7,0.6701857016436151,19602.2,0.0017278011360801241,4022761.0,4657396.0,246164500.0,367307896.0,32116244.48,0.6701857016436151,0.8637360877194037,0.0017278011360801241,0.8264658883471959,0.9510715872935152,0.00011735386087414229,4022761.0,4657396.0,367307896.0,246164500.0,860288.0,904546.0,377132884.0,311687464.0
52.1,mcf,STREAM,7,0.9998983191540667,17504.7,2.2204149988250863e-05,19461.0,27834.0,377053327.0,377091670.0,28679700.48,0.9998983191540667,0.6991808579435224,2.2204149988250863e-05,0.9511294309457968,0.9644674195375611,0.0001107903103396022,19461.0,27834.0,377091670.0,377053327.0,1133988.0,1175766.0,377090739.0,358662100.0
52.2,mcf,STREAM,7,0.5011659173047578,23484.300000000003,0.0020555620731142156,4579971.0,5355143.0,188994432.0,377109507.0,38476677.120000005,0.5011659173047578,0.8552471894774799,0.0020555620731142156,0.816599979742373,0.9603762827822121,0.00011094864065732889,4579971.0,5355143.0,377109507.0,188994432.0,1014069.0,1055908.0,377102412.0,307941822.0
52.3,mcf,STREAM,7,0.1948563579241439,23711.300000000003,0.0031754756170242955,7442313.0,8639792.0,73480771.0,377102250.0,38848593.92,0.1948563579241439,0.8613995568411832,0.0031754756170242955,0.7845717580289698,0.9485964669230584,0.00011905774282494386,7442313.0,8639792.0,377102250.0,73480771.0,828507.0,873403.0,377094332.0,295857563.0
52.4,mcf,STREAM,7,0.1915762821389418,24240.2,0.002910970341920955,7406117.0,8503884.0,72246054.0,377113770.0,39715143.68,0.1915762821389418,0.870909927745957,0.002910970341920955,0.8660838074004281,0.9532277088726967,0.00013322551052627121,7406117.0,8503884.0,377113770.0,72246054.0,1023941.0,1074183.0,377119966.0,326617496.0
52.5,mcf,STREAM,7,0.19459163442304664,21919.3,0.0029021737438485727,7532539.0,8626965.0,73381597.0,377105610.0,35912581.12,0.19459163442304664,0.8731389312463885,0.0029021737438485727,1.1996325520931783,0.9378792997648876,0.00011946203098934553,7532539.0,8626965.0,377105610.0,73381597.0,680136.0,725185.0,377098896.0,452380111.0
52.6,mcf,STREAM,7,0.21590390700629167,12158.699999999999,0.003096275666497401,8388027.0,9555668.0,81419835.0,377111448.0,19920814.08,0.21590390700629167,0.8778064495334078,0.003096275666497401,0.7566599805319363,0.34527051328161124,0.00024275751681787264,8388027.0,9555668.0,377111448.0,81419835.0,47040.0,136241.0,367448972.0,278033932.0
52.7,mcf,STREAM,7,0.20704063112635096,17252.2,0.0029928198078227283,8043929.0,9172790.0,78093607.0,377189765.0,28266004.48,0.20704063112635096,0.8769337355373883,0.0029928198078227283,0.6626578608530386,0.9591729250849957,4.832477461527518e-05,8043929.0,9172790.0,377189765.0,78093607.0,427982.0,446199.0,376970201.0,249802267.0
52.8,mcf,STREAM,7,0.19116597922097403,24183.1,0.002862381611115134,7406758.0,8486170.0,72089218.0,377102758.0,39621591.04,0.19116597922097403,0.8728033965852675,0.002862381611115134,0.8655647517791579,0.9527414847821162,0.00012611374330490937,7406758.0,8486170.0,377102758.0,72089218.0,958759.0,1006316.0,377096094.0,326401087.0
52.9,mcf,STREAM,7,0.19339070711798326,23745.9,0.0029091871687247925,7484297.0,8581751.0,72954194.0,377237330.0,38905282.56,0.19339070711798326,0.8721177065146728,0.0029091871687247925,0.7888935711914044,0.9463147389431663,0.0001353979131859887,7484297.0,8581751.0,377237330.0,72954194.0,900797.0,951900.0,377428269.0,297750735.0
53.0,mcf,STREAM,7,0.192084398975591,24013.800000000003,0.002808209498901545,7453489.0,8511883.0,72395231.0,376892821.0,39344209.92,0.192084398975591,0.8756568904906236,0.002808209498901545,0.8221939457197548,0.9422128898692474,0.0001402690344001138,7453489.0,8511883.0,376892821.0,72395231.0,861991.0,914858.0,376897155.0,309882559.0
53.1,mcf,STREAM,7,0.19168462249168955,23833.899999999998,0.002808819632776044,7440702.0,8500166.0,72301886.0,377191895.0,39049461.76,0.19168462249168955,0.8753596106240749,0.002808819632776044,0.8393175410708225,0.9474346756795765,0.0001458729150728865,7440702.0,8500166.0,377191895.0,72301886.0,991209.0,1046203.0,376999390.0,316422201.0
53.2,mcf,STREAM,7,0.1934104274218493,23848.699999999997,0.002816782955492455,7519174.0,8581158.0,72919633.0,377020174.0,39073710.08,0.1934104274218493,0.8762423439820127,0.002816782955492455,0.7793065216513421,0.9349557266324299,0.00014316973590819746,7519174.0,8581158.0,377020174.0,72919633.0,776290.0,830296.0,377216593.0,293967351.0
53.4,mcf,STREAM,7,0.19030619618548866,16748.2,0.002761237083152334,7410344.0,8451667.0,71768636.0,377121909.0,27440250.880000003,0.19030619618548866,0.8767908153503918,0.002761237083152334,0.8929427826325099,0.9478321129190045,0.00014691830073921067,7410344.0,8451667.0,377121909.0,71768636.0,1006665.0,1062071.0,377121160.0,336747618.0
53.6,mcf,STREAM,7,0.2128969408121231,12262.3,0.003019793398939071,8285332.0,9424130.0,80285827.0,377111229.0,20090552.32,0.2128969408121231,0.8791614716690028,0.003019793398939071,0.6326727203655249,0.9328306703959898,3.4325551351980816e-05,8285332.0,9424130.0,377111229.0,80285827.0,179763.0,192707.0,377095181.0,238577834.0
53.7,mcf,STREAM,7,0.1932025697466807,22492.800000000003,0.002926377151440182,7469733.0,8573285.0,72857691.0,377105186.0,36852203.52,0.1932025697466807,0.8712801452418764,0.002926377151440182,0.796822325608156,0.9568999108478027,0.00011205062595415613,7469733.0,8573285.0,377105186.0,72857691.0,938093.0,980346.0,377088478.0,300472518.0
53.8,mcf,STREAM,7,0.192154238729516,24324.4,0.0028387490698571372,7458301.0,8528799.0,72461751.0,377102017.0,39853096.96,0.192154238729516,0.8744843207115093,0.0028387490698571372,0.8272113082528512,0.9456896104681815,0.0001333066081926798,7458301.0,8528799.0,377102017.0,72461751.0,875353.0,925624.0,377108087.0,311948074.0
53.9,mcf,STREAM,7,0.19214915189484527,23537.9,0.0028461454986847532,7444742.0,8518055.0,72461574.0,377111079.0,38564495.36,0.19214915189484527,0.8739955306698536,0.0028461454986847532,0.8296398294468584,0.9485538776554902,0.0001412477530297371,7444742.0,8518055.0,377111079.0,72461574.0,982090.0,1035355.0,377103344.0,312859954.0
54.0,mcf,STREAM,7,0.19350995230521945,24313.5,0.002820245854151936,7522416.0,8585972.0,72975436.0,377114640.0,39835238.4,0.19350995230521945,0.8761286433265797,0.002820245854151936,0.7748901019375626,0.9368395082034623,0.00014255403332838525,7522416.0,8585972.0,377114640.0,72975436.0,797405.0,851165.0,377120161.0,292226680.0
54.1,mcf,STREAM,7,0.19025546712692082,23545.5,0.0027648841505649164,7388286.0,8430932.0,71745900.0,377102961.0,38576947.2,0.19025546712692082,0.8763308730280354,0.0027648841505649164,0.8952392284732751,0.9496755780507926,0.0001436436392876556,7388286.0,8430932.0,377102961.0,71745900.0,1022208.0,1076376.0,377099886.0,337594611.0
54.2,mcf,STREAM,7,0.19335619763182393,24280.0,0.0028240963821939496,7507319.0,8572317.0,72916762.0,377111067.0,39780352.0,0.19335619763182393,0.8757631104869313,0.0028240963821939496,0.7958754885241155,0.9400113569711005,0.00013614176146597252,7507319.0,8572317.0,377111067.0,72916762.0,804520.0,855862.0,377121608.0,300141844.0
54.3,mcf,STREAM,7,0.2028843105314115,22982.199999999997,0.0029256414263222836,7891788.0,8995070.0,76509242.0,377107731.0,37654036.48,0.2028843105314115,0.8773459239338882,0.0029256414263222836,1.2940105296041942,0.8147415934157428,0.00028246833350714016,7891788.0,8995070.0,377107731.0,76509242.0,459920.0,564498.0,370229111.0,479080368.0
54.4,mcf,STREAM,7,0.21542122486770127,12107.3,0.0030595283934210737,8389892.0,9543677.0,81237938.0,377112042.0,19836600.32,0.21542122486770127,0.8791047727201999,0.0030595283934210737,0.5750630830721348,0.3232533360393729,3.536848102254272e-05,8389892.0,9543677.0,377112042.0,81237938.0,6371.0,19709.0,377115432.0,216865163.0
54.5,mcf,STREAM,7,0.19656547509844266,16384.8,0.0028446643173087125,7634908.0,8707625.0,74124432.0,377097921.0,26844856.32,0.19656547509844266,0.8768071661331305,0.0028446643173087125,0.8014221582641547,0.9618177933140624,8.435071253174008e-05,7634908.0,8707625.0,377097921.0,74124432.0,801225.0,833032.0,377080395.0,302200584.0
54.6,mcf,STREAM,7,0.19271180610267435,24292.0,0.002953182554330797,7434555.0,8548224.0,72673179.0,377108079.0,39800012.8,0.19271180610267435,0.8697192539643323,0.002953182554330797,0.8179326042561955,0.9519236316240796,0.000130379003295861,7434555.0,8548224.0,377108079.0,72673179.0,973558.0,1022727.0,377123607.0,308461694.0
54.7,mcf,STREAM,7,0.19316092438969493,23619.3,0.00284719933282268,7495741.0,8569455.0,72843368.0,377112339.0,38697861.12,0.19316092438969493,0.8747045173817938,0.00284719933282268,0.7816159222282651,0.9400844659802605,0.00013787725535348988,7495741.0,8569455.0,377112339.0,72843368.0,815810.0,867805.0,377110785.0,294755794.0
54.8,mcf,STREAM,7,0.19057264142903987,24226.9,0.0027904559531604194,7394078.0,8444538.0,71740583.0,376447440.0,39693352.96,0.19057264142903987,0.8756047992205139,0.0027904559531604194,0.8848074915070531,0.9492648484938905,0.0001445375125942023,7394078.0,8444538.0,376447440.0,71740583.0,1018022.0,1072432.0,376442067.0,333078761.0
54.9,mcf,STREAM,7,0.1932256835858567,23615.0,0.0028169696445534674,7511733.0,8575896.0,72994618.0,377768714.0,38690816.0,0.1932256835858567,0.8759123244964724,0.0028169696445534674,0.7925777276983196,0.9401650868573208,0.00013529818529376596,7511733.0,8575896.0,377768714.0,72994618.0,803105.0,854217.0,377772990.0,299414458.0
55.0,mcf,STREAM,7,0.19045432436211326,24172.9,0.0027598584517907593,7412605.0,8453372.0,71822008.0,377108833.0,39604879.36,0.19045432436211326,0.8768814385549341,0.0027598584517907593,0.8816915418041057,0.9468711081326591,0.000145481371821158,7412605.0,8453372.0,377108833.0,71822008.0,977741.0,1032602.0,377099826.0,332485727.0
55.1,mcf,STREAM,7,0.19713962995037593,23667.9,0.002860232159698702,7662734.0,8741363.0,74343798.0,377112395.0,38777487.36,0.19713962995037593,0.87660631414117,0.002860232159698702,1.2492309638277335,0.8993674162552557,0.0001902013786330492,7662734.0,8741363.0,377112395.0,74343798.0,641061.0,712791.0,377126604.0,471118231.0
55.2,mcf,STREAM,7,0.2158091702656048,17592.9,0.003085959878138311,8387207.0,9550970.0,81384962.0,377115402.0,28824207.36,0.2158091702656048,0.8781523761460878,0.003085959878138311,0.6603707808057849,0.22659173747150538,0.00017263926082913402,8387207.0,9550970.0,377115402.0,81384962.0,18588.0,82033.0,367500415.0,242686536.0
55.3,mcf,STREAM,7,0.2034629349686969,12275.3,0.0029391091842118524,8134073.0,9274086.0,78918603.0,387877050.0,20111851.52,0.2034629349686969,0.8770754336330286,0.0029391091842118524,0.6918273196214717,0.9653354304862204,5.3786709276549314e-05,8134073.0,9274086.0,387877050.0,78918603.0,564644.0,584920.0,376970450.0,260798456.0
55.5,mcf,STREAM,7,0.19339101949355644,23909.0,0.0029253922471890697,7472874.0,8576049.0,72928387.0,377103276.0,39172505.6,0.19339101949355644,0.8713655903785065,0.0029253922471890697,0.8000353278276714,0.9479086973349055,0.00012278208809498665,7472874.0,8576049.0,377103276.0,72928387.0,842524.0,888824.0,377090834.0,301685989.0
55.6,mcf,STREAM,7,0.19103013128857482,23868.4,0.0028374642020537787,7392120.0,8462161.0,72039701.0,377111718.0,39105986.56,0.19103013128857482,0.87354991236872,0.0028374642020537787,0.8560604985465815,0.9492879455824992,0.00014403721362199213,7392120.0,8462161.0,377111718.0,72039701.0,1016807.0,1071126.0,377117820.0,322835669.0
55.7,mcf,STREAM,7,0.19329887880536117,23982.3,0.0028431255023063863,7497067.0,8569342.0,72902007.0,377146559.0,39292600.32,0.19329887880536117,0.8748707893791612,0.0028431255023063863,0.7846638078212875,0.9391274517474437,0.00013410251301830127,7497067.0,8569342.0,377146559.0,72902007.0,780213.0,830785.0,377114484.0,295908087.0
55.8,mcf,STREAM,7,0.19044244116736728,23712.999999999996,0.0027737305203225896,7397545.0,8443436.0,71810161.0,377070156.0,38851379.199999996,0.19044244116736728,0.8761296941197873,0.0027737305203225896,0.8879055323715028,0.9484456227262908,0.00014366400490362107,7397545.0,8443436.0,377070156.0,71810161.0,996694.0,1050871.0,377109075.0,334837234.0
55.9,mcf,STREAM,7,0.1930420455862217,24127.5,0.002821386258300253,7497081.0,8561038.0,72796993.0,377104339.0,39530496.0,0.1930420455862217,0.8757210282211105,0.002821386258300253,0.8025683408140182,0.9423225852073456,0.00013410218302071828,7497081.0,8561038.0,377104339.0,72796993.0,826203.0,876773.0,377100498.0,302648921.0
56.0,mcf,STREAM,7,0.19113205065867206,23638.699999999997,0.0027599210718780285,7434543.0,8475329.0,72077265.0,377107161.0,38729646.08,0.19113205065867206,0.8771981595050764,0.0027599210718780285,0.8739928860336864,0.9445013198989626,0.0001473445023609274,7434543.0,8475329.0,377107161.0,72077265.0,945647.0,1001213.0,377116208.0,329596883.0
56.1,mcf,STREAM,7,0.21425922293671334,12614.7,0.003077021402361312,8323268.0,9483659.0,80800372.0,377115024.0,20667924.48,0.21425922293671334,0.8776431122207157,0.003077021402361312,1.14137275789881,0.3690166278924163,0.00025504787253708913,8323268.0,9483659.0,377115024.0,80800372.0,55992.0,151733.0,375384429.0,428453561.0
56.2,mcf,STREAM,7,0.2109532759677929,15124.9,0.0029962150538455604,8206057.0,9335943.0,79551417.0,377104440.0,24780636.16,0.2109532759677929,0.8789746252735262,0.0029962150538455604,0.6113229595336284,0.9426081457621089,3.8507662572709814e-05,8206057.0,9335943.0,377104440.0,79551417.0,238494.0,253015.0,377093779.0,230526085.0
56.3,mcf,STREAM,7,0.1913031776312142,24358.5,0.002902134590553828,7395045.0,8489456.0,72141486.0,377105529.0,39908966.4,0.1913031776312142,0.8710858504950141,0.002902134590553828,0.842550113246966,0.9571545056488521,0.0001205335551526963,7395045.0,8489456.0,377105529.0,72141486.0,1015383.0,1060835.0,377090014.0,317717234.0
56.4,mcf,STREAM,7,0.19357474006506023,23580.4,0.002883581845438951,7499263.0,8587280.0,73038540.0,377314416.0,38634127.36,0.19357474006506023,0.8732989957239079,0.002883581845438951,0.778288719373693,0.9395795429877658,0.0001335862092511945,7499263.0,8587280.0,377314416.0,73038540.0,783428.0,833807.0,377127252.0,293513886.0
56.5,mcf,STREAM,7,0.6848932392167064,21499.0,0.0015354500600911723,3867196.0,4443266.0,256958177.0,375179900.0,35223961.6,0.6848932392167064,0.8703498732688972,0.0015354500600911723,0.9350141579827921,0.9568138566442651,0.0001303889775278449,3867196.0,4443266.0,375179900.0,256958177.0,1090010.0,1139208.0,377317170.0,352796896.0
56.6,mcf,STREAM,7,0.9983880533367933,17504.5,2.2638076495277634e-05,17938.0,26475.0,376500133.0,377108011.0,28679372.799999997,0.9983880533367933,0.6775448536355052,2.2638076495277634e-05,0.861784155935715,0.9630930873735422,0.00010590996045529352,17938.0,26475.0,377108011.0,376500133.0,1041668.0,1081586.0,376905060.0,324810809.0
56.7,mcf,STREAM,7,0.4798673434412457,21482.9,0.002129878973854774,4784401.0,5587628.0,180969159.0,377123306.0,35197583.36,0.4798673434412457,0.8562490201566747,0.002129878973854774,0.8135054320663843,0.9561202799157951,0.00011320882330511959,4784401.0,5587628.0,377123306.0,180969159.0,930175.0,972864.0,377081916.0,306758187.0
56.8,mcf,STREAM,7,0.19313071376102126,23924.500000000004,0.0031408227070194744,7378330.0,8562758.0,72831053.0,377107564.0,39197900.800000004,0.19313071376102126,0.8616768102053101,0.0031408227070194744,0.8513659855973704,0.9562335464898092,0.00012462890523006598,7378330.0,8562758.0,377107564.0,72831053.0,1026860.0,1073859.0,377111553.0,321059949.0
56.9,mcf,STREAM,7,0.2106068471360428,17403.800000000003,0.0031036458874172147,8162863.0,9333264.0,79420937.0,377105199.0,28514385.92,0.2106068471360428,0.8745989613065697,0.0031036458874172147,1.2128173748752966,0.627443033079486,0.0002669186270947931,8162863.0,9333264.0,377105199.0,79420937.0,168737.0,268928.0,375361589.0,455245057.0
57.0,mcf,STREAM,7,0.2152817335452894,12308.3,0.0030617879194204884,8383327.0,9537972.0,81185890.0,377114624.0,20165918.72,0.2152817335452894,0.8789422950706922,0.0030617879194204884,0.5452326736610108,0.5475610163266669,3.593544419014694e-05,8383327.0,9537972.0,377114624.0,81185890.0,16400.0,29951.0,377092876.0,205603357.0
57.1,mcf,STREAM,7,0.19315525738114458,22096.100000000002,0.002932408727830651,7463887.0,8569696.0,72838694.0,377099205.0,36202250.24,0.19315525738114458,0.8709628672942424,0.002932408727830651,0.8558988815406304,0.9609058760240932,0.00010580166199329816,7463887.0,8569696.0,377099205.0,72838694.0,980640.0,1020537.0,377092375.0,322752942.0
57.2,mcf,STREAM,7,0.19182443641132607,24093.699999999997,0.002838585361991331,7433628.0,8504097.0,72339594.0,377113549.0,39475118.08,0.19182443641132607,0.8741231432331968,0.002838585361991331,0.8695441856630829,0.949840093592134,0.00013404527363604406,7433628.0,8504097.0,377113549.0,72339594.0,957227.0,1007777.0,377111394.0,327915020.0
57.3,mcf,STREAM,7,0.1933877561791888,23714.300000000003,0.002879122410370136,7494274.0,8580022.0,72928601.0,377110746.0,38853509.120000005,0.1933877561791888,0.8734562685270504,0.002879122410370136,0.79085464506254,0.9457926601136015,0.00013523600420914917,7494274.0,8580022.0,377110746.0,72928601.0,889832.0,940832.0,377118507.0,298245923.0
57.4,mcf,STREAM,7,0.19274055305246743,24160.4,0.0028106699215884514,7493193.0,8553109.0,72683311.0,377104402.0,39584399.36,0.19274055305246743,0.8760782775011987,0.0028106699215884514,0.8284354062796698,0.9429422597534783,0.0001403303215973254,7493193.0,8553109.0,377104402.0,72683311.0,874545.0,927464.0,377103105.0,312405564.0
57.6,mcf,STREAM,7,0.1918032711027759,24295.300000000003,0.002796579765360546,7447141.0,8501757.0,72330781.0,377109215.0,39805419.52,0.1918032711027759,0.8759531706210846,0.002796579765360546,0.8309068521101952,0.9470086166665211,0.00014483179268426574,7447141.0,8501757.0,377109215.0,72330781.0,976060.0,1030677.0,377106428.0,313340315.0
57.7,mcf,STREAM,7,0.19366188577009744,23528.1,0.0028177890466357706,7523791.0,8586401.0,73031392.0,377107719.0,38548439.04,0.19366188577009744,0.8762450064934074,0.0028177890466357706,0.775348131015119,0.9364141358598114,0.00014411842139274976,7523791.0,8586401.0,377107719.0,73031392.0,800385.0,854734.0,377113484.0,292394235.0
57.8,mcf,STREAM,7,0.2019395729736963,12343.600000000002,0.0029307171161215974,7845969.0,8951160.0,76152624.0,377105997.0,20223754.240000002,0.2019395729736963,0.8765309747563444,0.0029307171161215974,1.3500000632126887,0.8383158627648244,0.00029736008455980375,7845969.0,8951160.0,377105997.0,76152624.0,568296.0,677902.0,368596882.0,497605814.0
57.9,mcf,STREAM,7,0.21610129361414346,15441.400000000001,0.003075151434046698,8413947.0,9573618.0,81494004.0,377110209.0,25299189.76,0.21610129361414346,0.878868051764756,0.003075151434046698,0.5857411207036323,0.3875740821765244,4.082778304941818e-05,8413947.0,9573618.0,377110209.0,81494004.0,9744.0,25141.0,377120648.0,220895071.0
58.0,mcf,STREAM,7,0.1982290510456006,24366.6,0.0028694741292882263,7697237.0,8779337.0,74753647.0,377107425.0,39922237.44,0.1982290510456006,0.8767446790116383,0.0028694741292882263,0.7849898933152142,0.9644343832611227,7.549420641500842e-05,7697237.0,8779337.0,377107425.0,74753647.0,771968.0,800436.0,377088539.0,296010692.0
58.1,mcf,STREAM,7,0.19429105300884925,23603.899999999998,0.0029770556765000376,7492767.0,8615438.0,73268677.0,377107828.0,38672629.76,0.19429105300884925,0.8696907806660555,0.0029770556765000376,0.7949268751078892,0.9490850772779725,0.00012366902920997396,7492767.0,8615438.0,377107828.0,73268677.0,869342.0,915979.0,377111394.0,299775982.0
58.2,mcf,STREAM,7,0.19234381164130013,24292.7,0.002824417473541972,7460339.0,8525437.0,72533544.0,377103601.0,39801159.68,0.19234381164130013,0.875068222309308,0.002824417473541972,0.8520586637289568,0.9475008606166585,0.0001370912797011019,7460339.0,8525437.0,377103601.0,72533544.0,933060.0,984759.0,377113702.0,321322997.0
58.3,mcf,STREAM,7,0.19252920648556052,23591.399999999998,0.0028396660652496328,7474543.0,8545425.0,72605742.0,377115469.0,38652149.76,0.19252920648556052,0.874683588001767,0.0028396660652496328,0.8053880334765897,0.9475315718610202,0.00013774700373815808,7474543.0,8545425.0,377115469.0,72605742.0,938097.0,990043.0,377111651.0,303721211.0
58.4,mcf,STREAM,7,0.19371274807166372,24272.5,0.0028198676187415127,7531012.0,8594400.0,73050171.0,377105646.0,39768064.0,0.19371274807166372,0.8762696639672345,0.0028198676187415127,0.7944593444253427,0.9392106495248459,0.00014012966783355304,7531012.0,8594400.0,377105646.0,73050171.0,816453.0,869297.0,377107866.0,299596868.0
58.5,mcf,STREAM,7,0.19092562275675443,23609.6,0.0027748511171188425,7419106.0,8465532.0,72000092.0,377110683.0,38681968.64,0.19092562275675443,0.8763898122409791,0.0027748511171188425,0.8693552503901613,0.9477672731094882,0.0001475901886247267,7419106.0,8465532.0,377110683.0,72000092.0,1009901.0,1065558.0,377105013.0,327838223.0
58.7,mcf,STREAM,7,0.21643852494263222,18652.1,0.003101557096995295,8408818.0,9578471.0,81622863.0,377117997.0,30559600.64,0.21643852494263222,0.8778872953731341,0.003101557096995295,0.7467147362357374,0.38406671868329234,0.00022727079579182717,8408818.0,9578471.0,377117997.0,81622863.0,52177.0,135854.0,368181929.0,274926872.0
58.8,mcf,STREAM,7,0.20673310922718646,12287.7,0.002991197256740305,8026304.0,9154390.0,77966348.0,377135275.0,20132167.68,0.20673310922718646,0.8767710355359559,0.002991197256740305,0.6642784106851285,0.9591488940749034,4.81829170546304e-05,8026304.0,9154390.0,377135275.0,77966348.0,426616.0,444786.0,377104607.0,250502449.0
58.9,mcf,STREAM,7,0.19181818470871553,21046.0,0.0028601937074985316,7425445.0,8504004.0,72333293.0,377092991.0,34481766.4,0.19181818470871553,0.873170450060936,0.0028601937074985316,0.8647566720269146,0.9531657759732732,0.0001253525402633548,7425445.0,8504004.0,377092991.0,72333293.0,962055.0,1009326.0,377104444.0,326103584.0
59.0,mcf,STREAM,7,0.19320644899426961,23676.8,0.0028956003329801572,7480020.0,8572069.0,72866033.0,377140791.0,38792069.12,0.19320644899426961,0.8726038019525975,0.0028956003329801572,0.7862833361295902,0.9478035377170079,0.0001316710730749106,7480020.0,8572069.0,377140791.0,72866033.0,901691.0,951348.0,377129151.0,296530367.0
59.1,mcf,STREAM,7,0.19316022043158443,24225.8,0.0028254746552763238,7496896.0,8562378.0,72840412.0,377098410.0,39691550.72,0.19316022043158443,0.8755623729762924,0.0028254746552763238,0.8208036778901668,0.9440295581846205,0.00013818717351486983,7496896.0,8562378.0,377098410.0,72840412.0,878934.0,931045.0,377104464.0,309528731.0
59.2,mcf,STREAM,7,0.19160235937063713,23649.899999999998,0.002803765172234789,7444994.0,8502323.0,72255242.0,377110398.0,38747996.16,0.19160235937063713,0.8756423391583689,0.002803765172234789,0.8387585901942484,0.9480288935937844,0.00014385266445117467,7444994.0,8502323.0,377110398.0,72255242.0,989581.0,1043830.0,377115017.0,316308460.0
59.3,mcf,STREAM,7,0.1937974735179781,24101.0,0.002824180288486954,7530058.0,8595079.0,73082579.0,377108007.0,39487078.4,0.1937974735179781,0.8760894460655917,0.002824180288486954,0.7787621619909897,0.9362433591846312,0.00014049907539336203,7530058.0,8595079.0,377108007.0,73082579.0,778051.0,831035.0,377112802.0,293681181.0
59.4,mcf,STREAM,7,0.19084329299258254,23784.899999999998,0.002768554009535137,7428876.0,8472932.0,71969369.0,377112383.0,38969180.16,0.19084329299258254,0.8767774838745312,0.002768554009535137,0.8917372486231528,0.9489920238201802,0.00014355683629659513,7428876.0,8472932.0,377112383.0,71969369.0,1007151.0,1061285.0,377091063.0,336266147.0
59.5,mcf,STREAM,7,0.21225588216699032,23992.200000000004,0.0030534827834318846,8243566.0,9395010.0,80040000.0,377092023.0,39308820.480000004,0.21225588216699032,0.8774408968165015,0.0030534827834318846,1.199215580804919,0.5708233379627681,0.00024978474609878206,8243566.0,9395010.0,377092023.0,80040000.0,122070.0,213849.0,367432365.0,440630617.0
59.7,mcf,STREAM,7,0.2134682097092806,14125.0,0.003032203813677454,8313623.0,9457100.0,80501181.0,377110864.0,23142400.0,0.2134682097092806,0.8790879868035656,0.003032203813677454,0.5987404548607862,0.9060079843135042,3.533735309558145e-05,8313623.0,9457100.0,377110864.0,80501181.0,128452.0,141778.0,377108041.0,225789840.0
59.8,mcf,STREAM,7,0.1935608463796871,24116.6,0.0029369530130157737,7479514.0,8587075.0,72994169.0,377112264.0,39512637.44,0.1935608463796871,0.8710199922558031,0.0029369530130157737,0.8205564227878877,0.9579218673366231,0.0001114825472294223,7479514.0,8587075.0,377112264.0,72994169.0,957031.0,999070.0,377090415.0,309423962.0
59.9,mcf,STREAM,7,0.19257068984817158,23835.299999999996,0.0028508311933550185,7466275.0,8541339.0,72619458.0,377105457.0,39051755.519999996,0.19257068984817158,0.8741340204387158,0.0028508311933550185,0.8462588634424195,0.9467800754433078,0.00013505425203709864,7466275.0,8541339.0,377105457.0,72619458.0,906078.0,957010.0,377122521.0,319143276.0
60.0,mcf,STREAM,7,0.19338773162787903,29836.100000000002,0.002839248754394245,4904804.5,5608716.0,47945023.5,247921743.0,48883466.24,0.19338773162787903,0.8744968545385432,0.002839248754394245,0.7950781723856147,0.942911986635558,0.00014028285768622614,4904804.5,5608716.0,247921743.0,47945023.5,587007.5,622547.5,253345281.0,201429303.0
