time_step,victim,attacker,run_id,IPC,Total_MB_per_sec,cache_dominance_score,LLC-load-misses,LLC-loads,instructions,cycles,cas_count_total,victim_IPC,victim_miss_rate,victim_cache_dominance,attacker_IPC,attacker_miss_rate,attacker_cache_dominance,victim_LLC-load-misses,victim_LLC-loads,victim_cycles,victim_instructions,attacker_LLC-load-misses,attacker_LLC-loads,attacker_cycles,attacker_instructions
0.1,sysbench,stress-ng,5,0.44695452915634204,7700.4,3.793816363159821e-06,1383.0,2864.0,174478571.0,390372084.0,12616335.36,0.44695452915634204,0.482891061452514,3.793816363159821e-06,1.4607523880259212,0.13871817383669885,6.767622223208264e-05,1383.0,2864.0,390372084.0,174478571.0,4108.0,29614.0,376882739.0,550532361.0
0.2,sysbench,stress-ng,5,0.447393487908194,7591.3,2.7950225750048685e-06,1164.0,2218.0,168711602.0,377098922.0,12437585.92,0.447393487908194,0.5247971145175834,2.7950225750048685e-06,1.4488701152739334,0.16278596847991866,6.586030672207585e-05,1164.0,2218.0,377098922.0,168711602.0,4803.0,29505.0,375066580.0,543422759.0
0.3,sysbench,stress-ng,5,0.4472489790223837,5699.8,2.7950798450124257e-06,1622.0,2679.0,169133691.0,378164510.0,9338552.32,0.4472489790223837,0.6054497946995148,2.7950798450124257e-06,1.596426386377796,0.834013455872653,0.00010040455131514306,1622.0,2679.0,378164510.0,169133691.0,189663.0,227410.0,375949093.0,600175052.0
0.4,sysbench,stress-ng,5,0.4470945184232199,4850.6,2.6220062228792998e-06,907.0,1924.0,173414968.0,387870933.0,7947223.04,0.4470945184232199,0.4714137214137214,2.6220062228792998e-06,1.6193780608269395,0.8551695041625902,0.00010629647876664371,907.0,1924.0,387870933.0,173414968.0,235128.0,274949.0,374622005.0,606654656.0
0.5,sysbench,stress-ng,5,0.44734607706887475,4769.8,2.571826892414072e-06,1283.0,2281.0,173593093.0,388051001.0,7814840.32,0.44734607706887475,0.5624725997369575,2.571826892414072e-06,1.6581727288186987,0.8636938075464885,0.00011074084392502281,1283.0,2281.0,388051001.0,173593093.0,263120.0,304645.0,374974567.0,621772601.0
0.6,sysbench,stress-ng,5,0.44727009707594073,4506.4,2.668486104949207e-06,1208.0,2243.0,173478344.0,387860367.0,7383285.76,0.44727009707594073,0.538564422648239,2.668486104949207e-06,1.7152098703849343,0.8823308466509295,0.00011449572852154945,1208.0,2243.0,387860367.0,173478344.0,321824.0,364743.0,374852412.0,642950557.0
0.7,sysbench,stress-ng,5,0.44732941810622623,4473.8,2.644157202093665e-06,1328.0,2354.0,173575150.0,388025341.0,7329873.92,0.44732941810622623,0.5641461342395921,2.644157202093665e-06,1.7360761496662596,0.8827044765298034,0.00011570471487466233,1328.0,2354.0,388025341.0,173575150.0,326282.0,369639.0,374721117.0,650544394.0
0.9,sysbench,stress-ng,5,0.4472685240568442,7506.900000000001,2.8040995440492906e-06,1017.0,2105.0,173541683.0,388003344.0,12299304.96,0.4472685240568442,0.4831353919239905,2.8040995440492906e-06,1.4584690695245712,0.16501185281890954,6.480136896624738e-05,1017.0,2105.0,388003344.0,173541683.0,4803.0,29107.0,375053805.0,547004374.0
1.0,sysbench,stress-ng,5,0.44747508772473804,7486.2,2.4223991768213423e-06,954.0,1894.0,173640491.0,388045046.0,12265390.08,0.44747508772473804,0.5036958817317846,2.4223991768213423e-06,1.4637764137617348,0.38245404631176894,6.900684678683418e-05,954.0,1894.0,388045046.0,173640491.0,16021.0,41890.0,374875845.0,548734420.0
1.2,sysbench,stress-ng,5,0.4469469017916226,4937.0,2.7789452097388014e-06,1217.0,2295.0,173378287.0,387916968.0,8088780.8,0.4469469017916226,0.5302832244008715,2.7789452097388014e-06,1.6291815352566978,0.8512192335614445,0.0001077236490225568,1217.0,2295.0,387916968.0,173378287.0,230986.0,271359.0,374783071.0,610589659.0
1.3,sysbench,stress-ng,5,0.4472723793398803,4806.2,2.7476768971784918e-06,995.0,2061.0,173525627.0,387964102.0,7874478.08,0.4472723793398803,0.48277535177098496,2.7476768971784918e-06,1.6215503971138732,0.8536635374408693,0.00010669805132752902,995.0,2061.0,387964102.0,173525627.0,233156.0,273124.0,374589784.0,607416213.0
1.4,sysbench,stress-ng,5,0.44713507651441536,4557.4,2.5318897111211455e-06,1243.0,2226.0,173599102.0,388247559.0,7466844.16,0.44713507651441536,0.5584007187780773,2.5318897111211455e-06,1.6799418406157163,0.8704738461538462,0.00011221097676691132,1243.0,2226.0,388247559.0,173599102.0,282904.0,325000.0,375150464.0,630230961.0
1.5,sysbench,stress-ng,5,0.4472955966679606,4482.299999999999,2.507740664759473e-06,1063.0,2036.0,173550089.0,387998653.0,7343800.319999999,0.4472955966679606,0.5221021611001965,2.507740664759473e-06,1.7192628716094878,0.8824001336206543,0.00011466492890212414,1063.0,2036.0,387998653.0,173550089.0,322264.0,365213.0,374560909.0,643968664.0
1.6,sysbench,stress-ng,5,0.447393301462563,6371.4,2.4546773036738455e-06,1028.0,1980.0,173513000.0,387831019.0,10438901.76,0.447393301462563,0.5191919191919192,2.4546773036738455e-06,1.6938960072654419,0.8728038621734192,0.00010757736578201796,1028.0,1980.0,387831019.0,173513000.0,276609.0,316920.0,374716370.0,634730563.0
1.7,sysbench,stress-ng,5,0.4475352251249605,8019.6,3.3431549400081286e-06,1501.0,2798.0,173624375.0,387956892.0,13139312.64,0.4475352251249605,0.5364546104360257,3.3431549400081286e-06,1.448690493554807,0.18971542685971043,6.500633274363907e-05,1501.0,2798.0,387956892.0,173624375.0,5700.0,30045.0,374501975.0,542537451.0
1.8,sysbench,stress-ng,5,0.4468417401826548,7996.7,3.834500840915312e-06,1464.0,2952.0,173399495.0,388055724.0,13101793.28,0.4468417401826548,0.4959349593495935,3.834500840915312e-06,1.4507314117490004,0.2051265802731219,6.696525995692629e-05,1464.0,2952.0,388055724.0,173399495.0,6474.0,31561.0,374627083.0,543483277.0
1.9,sysbench,stress-ng,5,0.44747543132518913,5691.4,2.904799501798501e-06,1068.0,2163.0,168681383.0,376962334.0,9324789.76,0.44747543132518913,0.49375866851595007,2.904799501798501e-06,1.4945873809294974,0.7014284418189699,7.90948143545792e-05,1068.0,2163.0,376962334.0,168681383.0,69581.0,99199.0,374461970.0,559666135.0
2.0,sysbench,stress-ng,5,0.4472378980352588,4821.5,2.7895912385176004e-06,1038.0,2090.0,168660649.0,377116183.0,7899545.6,0.4472378980352588,0.4966507177033493,2.7895912385176004e-06,1.63468885723612,0.8508249446862133,0.00010871851532032711,1038.0,2090.0,377116183.0,168660649.0,232265.0,272988.0,374572812.0,612310002.0
2.1,sysbench,stress-ng,5,0.4477730607730874,4752.1,2.736415188767359e-06,1155.0,2187.0,168871230.0,377135752.0,7785840.640000001,0.4477730607730874,0.5281207133058985,2.736415188767359e-06,1.6256080650367106,0.8529305210378733,0.00010836632820414772,1155.0,2187.0,377135752.0,168871230.0,235431.0,276026.0,374608983.0,608967384.0
2.2,sysbench,stress-ng,5,0.4471467966677769,4588.9,3.1698211130420733e-06,1532.0,2727.0,168571160.0,376992883.0,7518453.76,0.4471467966677769,0.5617895122845618,3.1698211130420733e-06,1.7048017348226383,0.8736205305482723,0.00011518324070524195,1532.0,2727.0,376992883.0,168571160.0,298206.0,341345.0,374524972.0,638490822.0
2.3,sysbench,stress-ng,5,0.44698919536973136,4498.1,2.93513372756943e-06,1241.0,2348.0,168584155.0,377154877.0,7369687.04,0.44698919536973136,0.528534923339012,2.93513372756943e-06,1.7162450260503916,0.8837609208154209,0.00011184686415205844,1241.0,2348.0,377154877.0,168584155.0,318640.0,360550.0,374708762.0,643092049.0
2.5,sysbench,stress-ng,5,0.44715567589901917,7532.0,2.72198825970331e-06,1284.0,2301.0,167068069.0,373623948.0,12340428.8,0.44715567589901917,0.5580182529335072,2.72198825970331e-06,1.4507219125220376,0.19782513550819783,6.358591167729263e-05,1284.0,2301.0,373623948.0,167068069.0,5876.0,29703.0,374721371.0,543616504.0
2.7,sysbench,stress-ng,5,0.44735359780594564,7485.5,2.8740976774981414e-06,1462.0,2546.0,168724711.0,377161851.0,12264243.2,0.44735359780594564,0.5742340926944226,2.8740976774981414e-06,1.5426454331852941,0.7903572499218655,8.771057670163176e-05,1462.0,2546.0,377161851.0,168724711.0,123913.0,156781.0,374732458.0,578079315.0
2.8,sysbench,stress-ng,5,0.4474686861159411,5564.700000000001,2.7212074870740523e-06,1026.0,2052.0,168712924.0,377038504.0,9117204.48,0.4474686861159411,0.5,2.7212074870740523e-06,1.6395791821785286,0.8519492039947503,0.00010765455275856773,1026.0,2052.0,377038504.0,168712924.0,234338.0,275061.0,378274759.0,620211420.0
2.9,sysbench,stress-ng,5,0.447367833717503,4820.599999999999,2.685777909296937e-06,944.0,1957.0,168734583.0,377171916.0,7898071.039999999,0.447367833717503,0.4823709759836484,2.685777909296937e-06,1.6397141269820326,0.8570923477811995,0.0001048597512307148,944.0,1957.0,377171916.0,168734583.0,242414.0,282833.0,385457714.0,632040459.0
3.0,sysbench,stress-ng,5,0.44714044225854704,4789.599999999999,2.6907363306412677e-06,984.0,2028.0,173489545.0,387997883.0,7847280.64,0.44714044225854704,0.48520710059171596,2.6907363306412677e-06,1.7226584982466453,0.8855657745222698,0.00011388261766228803,984.0,2028.0,387997883.0,173489545.0,340570.0,384579.0,386441767.0,665707194.0
3.2,sysbench,stress-ng,5,0.44731479036698435,4537.099999999999,2.64909302121776e-06,1173.0,2202.0,173752645.0,388434831.0,7433584.64,0.44731479036698435,0.5326975476839237,2.64909302121776e-06,1.714818455776837,0.8790549631794441,0.00011237964434630685,1173.0,2202.0,388434831.0,173752645.0,303797.0,345595.0,371935685.0,637802177.0
3.3,sysbench,stress-ng,5,0.44726917722707793,6560.799999999999,2.5037326738865522e-06,1086.0,2058.0,173639001.0,388220360.0,10749214.719999999,0.44726917722707793,0.5276967930029155,2.5037326738865522e-06,1.5380657900447685,0.7668482452757424,7.730752615820389e-05,1086.0,2058.0,388220360.0,173639001.0,95445.0,124464.0,375370956.0,577345226.0
3.4,sysbench,stress-ng,5,0.4471988157679029,7545.5,2.685990552252495e-06,1208.0,2250.0,173485780.0,387938818.0,12362547.2,0.4471988157679029,0.5368888888888889,2.685990552252495e-06,1.4478485071043872,0.17635554356622607,6.513831597111158e-05,1208.0,2250.0,387938818.0,173485780.0,5230.0,29656.0,374986667.0,542923886.0
3.5,sysbench,stress-ng,5,0.4471368981440833,7531.4,2.6934305514848026e-06,996.0,2041.0,173480641.0,387981045.0,12339445.76,0.4471368981440833,0.48799608035276826,2.6934305514848026e-06,1.4623672841582394,0.16112138016019717,6.541961771687215e-05,996.0,2041.0,387981045.0,173480641.0,4707.0,29214.0,374612400.0,547820918.0
3.6,sysbench,stress-ng,5,0.4472297094208379,5484.700000000001,2.6418382191781464e-06,1367.0,2392.0,173519502.0,387987422.0,8986132.48,0.4472297094208379,0.5714882943143813,2.6418382191781464e-06,1.6005897220538128,0.839256672316094,0.00010016642967794707,1367.0,2392.0,387987422.0,173519502.0,196094.0,233652.0,374955962.0,600150659.0
3.7,sysbench,stress-ng,5,0.44745669434707785,4832.4,2.410155760195451e-06,1158.0,2093.0,173587125.0,387941732.0,7917404.16,0.44745669434707785,0.5532728141423794,2.410155760195451e-06,1.6353653306223401,0.8520213235239142,0.00010553281285462173,1158.0,2093.0,387941732.0,173587125.0,227914.0,267498.0,375087131.0,613404490.0
3.8,sysbench,stress-ng,5,0.4472691399353324,4747.2,2.8840123307377605e-06,1112.0,2231.0,173540925.0,388001115.0,7777812.4799999995,0.4472691399353324,0.49843119677274766,2.8840123307377605e-06,1.6503877926074277,0.863801519433332,0.00010894903288657029,1112.0,2231.0,388001115.0,173540925.0,258896.0,299717.0,374679783.0,618366940.0
4.0,sysbench,stress-ng,5,0.44712378701589983,4506.599999999999,2.577815039693183e-06,1056.0,2056.0,173450686.0,387925427.0,7383613.4399999995,0.44712378701589983,0.5136186770428015,2.577815039693183e-06,1.7228059504455284,0.8810661800072009,0.00011546466072818858,1056.0,2056.0,387925427.0,173450686.0,320568.0,363841.0,374772677.0,645660598.0
4.1,sysbench,stress-ng,5,0.4476798958561312,6595.4,2.5859206756637924e-06,924.0,1927.0,173641419.0,387869593.0,10805903.36,0.4476798958561312,0.4795018162947587,2.5859206756637924e-06,1.470363968707974,0.4509105570862173,6.542041536014987e-05,924.0,1927.0,387869593.0,173641419.0,20130.0,44643.0,374699547.0,550944713.0
4.2,sysbench,stress-ng,5,0.4477276947268937,7557.200000000001,3.0353988836225485e-06,1155.0,2333.0,173757468.0,388087380.0,12381716.48,0.4477276947268937,0.49507072438919847,3.0353988836225485e-06,1.450867044417575,0.17947040391171104,6.359682233348952e-05,1155.0,2333.0,388087380.0,173757468.0,5212.0,29041.0,374688532.0,543623243.0
4.3,sysbench,stress-ng,5,0.4473616521113547,7512.6,2.9525241830896803e-06,1513.0,2626.0,168639946.0,376965583.0,12308643.84,0.4473616521113547,0.5761614623000761,2.9525241830896803e-06,1.4765562046810394,0.5285077990524019,7.08789733766785e-05,1513.0,2626.0,376965583.0,168639946.0,29783.0,56353.0,374864346.0,553508276.0
4.4,sysbench,stress-ng,5,0.44729281911758295,5389.8,2.8213181846082826e-06,966.0,2030.0,168686950.0,377128679.0,8830648.32,0.44729281911758295,0.47586206896551725,2.8213181846082826e-06,1.622345435695404,0.8523315188683133,0.0001052059798003825,966.0,2030.0,377128679.0,168686950.0,227512.0,266929.0,374665015.0,607836077.0
4.5,sysbench,stress-ng,5,0.4477261583409624,4798.0,2.696757859853917e-06,1154.0,2171.0,168846269.0,377119509.0,7861043.199999999,0.4477261583409624,0.5315522800552741,2.696757859853917e-06,1.6326336466813192,0.8557263190081321,0.00010574438650692236,1154.0,2171.0,377119509.0,168846269.0,235080.0,274714.0,374809494.0,611926591.0
4.6,sysbench,stress-ng,5,0.44746604489048103,4734.599999999999,2.9459913813073173e-06,1461.0,2572.0,168749569.0,377122624.0,7757168.64,0.44746604489048103,0.5680404354587869,2.9459913813073173e-06,1.6810091714990019,0.8658805573176112,0.00011114769009498548,1461.0,2572.0,377122624.0,168749569.0,268907.0,310559.0,374744630.0,629949160.0
4.7,sysbench,stress-ng,5,0.4477149291084004,4494.2,2.842488608640724e-06,1157.0,2229.0,168848664.0,377134317.0,7363297.28,0.4477149291084004,0.5190668461193361,2.842488608640724e-06,1.7382355960506828,0.8838601936959033,0.00011452557859028327,1157.0,2229.0,377134317.0,168848664.0,329732.0,373059.0,378317233.0,657604481.0
4.8,sysbench,stress-ng,5,0.44724135467508647,4473.0,2.8505834014596247e-06,1125.0,2200.0,168661775.0,377115786.0,7328563.2,0.44724135467508647,0.5113636363636364,2.8505834014596247e-06,1.6623300602384827,0.8534230454750388,9.957621331265577e-05,1125.0,2200.0,377115786.0,168661775.0,223363.0,261726.0,385262692.0,640433754.0
4.9,sysbench,stress-ng,5,0.44723414666125244,6663.9,2.925835033898686e-06,953.0,2088.0,173492610.0,387923443.0,10918133.76,0.44723414666125244,0.4564176245210728,2.925835033898686e-06,1.4559043423495268,0.18242466068553026,6.456005814630002e-05,953.0,2088.0,387923443.0,173492610.0,5551.0,30429.0,385346617.0,561027813.0
5.0,sysbench,stress-ng,5,0.4472574600443604,7530.900000000001,2.8847790254754992e-06,949.0,2068.0,173490272.0,387897995.0,12338626.56,0.4472574600443604,0.4588974854932302,2.8847790254754992e-06,1.4556504135780246,0.165235348105415,6.605485249731229e-05,949.0,2068.0,387897995.0,173490272.0,5041.0,30508.0,385543212.0,561216136.0
5.2,sysbench,stress-ng,5,0.4472716648078938,5347.0,3.1890163121613142e-06,1192.0,2429.0,173493954.0,387893908.0,8760524.8,0.4472716648078938,0.4907369287772746,3.1890163121613142e-06,1.5402250824645947,0.7852799958248525,8.54456790310403e-05,1192.0,2429.0,387893908.0,173493954.0,120374.0,153288.0,385203797.0,593300550.0
5.3,sysbench,stress-ng,5,0.44723501771311464,4842.4,2.9283350496616106e-06,1221.0,2357.0,173497558.0,387933751.0,7933788.16,0.44723501771311464,0.5180313958421723,2.9283350496616106e-06,1.6231673923321093,0.8580043223868009,0.00010489362358289642,1221.0,2357.0,387933751.0,173497558.0,244158.0,284565.0,385218840.0,625274660.0
5.4,sysbench,stress-ng,5,0.44733745057185254,4786.0,3.168169417841574e-06,1046.0,2275.0,173531669.0,387921174.0,7841382.4,0.44733745057185254,0.45978021978021977,3.168169417841574e-06,1.6347429873056336,0.8590857098883109,0.000104505245925981,1046.0,2275.0,387921174.0,173531669.0,245598.0,285883.0,385483041.0,630165698.0
5.6,sysbench,stress-ng,5,0.447351241250845,4470.0,2.773874810745237e-06,993.0,2069.0,173529798.0,387905033.0,7323648.0,0.447351241250845,0.4799420009666506,2.773874810745237e-06,1.730837466443981,0.8860454891922196,0.00011376048534372064,993.0,2069.0,387905033.0,173529798.0,340595.0,384399.0,385054616.0,666466956.0
5.7,sysbench,stress-ng,5,0.4477958606962725,6766.1,2.889882854486662e-06,1222.0,2343.0,173702252.0,387904997.0,11085578.24,0.4477958606962725,0.521553563807085,2.889882854486662e-06,1.5336093450960382,0.7664750286660721,7.607012801009655e-05,1222.0,2343.0,387904997.0,173702252.0,96257.0,125584.0,385525840.0,591246031.0
5.8,sysbench,stress-ng,5,0.4479158850494105,7485.299999999999,2.9105615575597167e-06,937.0,2066.0,173745521.0,387897654.0,12263915.52,0.4479158850494105,0.45353339787028074,2.9105615575597167e-06,1.449734931604486,0.2265291373759937,6.340143274420928e-05,937.0,2066.0,387897654.0,173745521.0,6896.0,30442.0,371379620.0,538402008.0
5.9,sysbench,stress-ng,5,0.447068440057064,7462.4,2.7816302038471674e-06,1035.0,2114.0,173418755.0,387902029.0,12226396.16,0.447068440057064,0.489593188268685,2.7816302038471674e-06,1.46127637193504,0.1771806588010639,6.441794796047463e-05,1035.0,2114.0,387902029.0,173418755.0,5196.0,29326.0,374585046.0,547372277.0
6.0,sysbench,stress-ng,5,0.44713212948143916,5152.3,2.7893939364175237e-06,1040.0,2122.0,173441606.0,387897882.0,8441528.32,0.44713212948143916,0.49010367577756836,2.7893939364175237e-06,1.6082560177318423,0.8430160796003191,9.975954193935749e-05,1040.0,2122.0,387897882.0,173441606.0,200798.0,238190.0,374821288.0,602808592.0
6.1,sysbench,stress-ng,5,0.4471304015783852,4801.7,2.773667062651393e-06,1054.0,2100.0,168620959.0,377118081.0,7867105.28,0.4471304015783852,0.5019047619047619,2.773667062651393e-06,1.6374217457523546,0.8548410547389063,0.00010389977701080398,1054.0,2100.0,377118081.0,168620959.0,229300.0,268237.0,374755376.0,613632602.0
6.2,sysbench,stress-ng,5,0.44709467255194957,4801.0,2.8715690122894748e-06,1315.0,2398.0,168619848.0,377145733.0,7865958.399999999,0.44709467255194957,0.5483736447039199,2.8715690122894748e-06,1.6581190570974027,0.8659953128038235,0.00010479910006914225,1315.0,2398.0,377145733.0,168619848.0,253857.0,293139.0,374831463.0,621515192.0
6.3,sysbench,stress-ng,5,0.44746166372615526,4527.4,2.698884368160363e-06,1119.0,2137.0,168779359.0,377192892.0,7417692.16,0.44746166372615526,0.5236312587739822,2.698884368160363e-06,1.732290287278317,0.8788518540412272,0.00011481627886746838,1119.0,2137.0,377192892.0,168779359.0,312213.0,355251.0,374842317.0,649335705.0
6.4,sysbench,stress-ng,5,0.4476331730115278,4498.9,2.7922528258553214e-06,1014.0,2067.0,168809116.0,377114848.0,7370997.76,0.4476331730115278,0.49056603773584906,2.7922528258553214e-06,1.7216918343186172,0.8791955190260153,0.00011206300378914497,1014.0,2067.0,377114848.0,168809116.0,305611.0,347603.0,374717780.0,645148542.0
6.5,sysbench,stress-ng,5,0.4477460036222783,6759.0,2.9035671802435304e-06,1310.0,2405.0,168855013.0,377122323.0,11073945.6,0.4477460036222783,0.5446985446985447,2.9035671802435304e-06,1.4594280213593394,0.19452708780184044,6.213153432346977e-05,1310.0,2405.0,377122323.0,168855013.0,5623.0,28906.0,374737245.0,546902036.0
6.6,sysbench,stress-ng,5,0.44719309536830687,7659.400000000001,2.987087216882442e-06,1447.0,2574.0,168721762.0,377290624.0,12549160.96,0.44719309536830687,0.5621600621600622,2.987087216882442e-06,1.452796297916551,0.1621750212404418,6.578976969161355e-05,1447.0,2574.0,377290624.0,168721762.0,4772.0,29425.0,374723914.0,544397515.0
6.7,sysbench,stress-ng,5,0.44781138514124774,7460.1,2.8545668720452365e-06,1189.0,2265.0,168797955.0,376939847.0,12222627.84,0.44781138514124774,0.5249448123620309,2.8545668720452365e-06,1.4888112944394887,0.6211157701813335,7.280421475786629e-05,1189.0,2265.0,376939847.0,168797955.0,44734.0,72022.0,374813465.0,558026520.0
6.9,sysbench,stress-ng,5,0.4475609142595593,4802.099999999999,2.8290155565152705e-06,1044.0,2111.0,168803418.0,377163002.0,7867760.64,0.4475609142595593,0.4945523448602558,2.8290155565152705e-06,1.6263598547616647,0.849237059210046,0.00010466436230428922,1044.0,2111.0,377163002.0,168803418.0,221008.0,260243.0,374864941.0,609665291.0
7.0,sysbench,stress-ng,5,0.44740474876747277,4682.4,2.6057839810328402e-06,960.0,1943.0,168777946.0,377237717.0,7671644.16,0.44740474876747277,0.49408131755018014,2.6057839810328402e-06,1.6329803366237947,0.8560458880278933,0.00010395799244636295,960.0,1943.0,377237717.0,168777946.0,231771.0,270746.0,374911049.0,612222371.0
7.1,sysbench,stress-ng,5,0.4472422196568244,4501.2,2.5472966387662756e-06,973.0,1934.0,168727806.0,377262697.0,7374766.079999999,0.4472422196568244,0.5031023784901758,2.5472966387662756e-06,1.6743659890991793,0.8789432081482912,0.00010702229888080199,973.0,1934.0,377262697.0,168727806.0,291331.0,331456.0,374921866.0,627756421.0
7.2,sysbench,stress-ng,5,0.4471353753240299,4534.8,3.052994715141482e-06,1398.0,2549.0,168573111.0,377006876.0,7429816.32,0.4471353753240299,0.5484503726951746,3.052994715141482e-06,1.723600643413438,0.8842649183242582,0.00011109574574042017,1398.0,2549.0,377006876.0,168573111.0,318300.0,359960.0,374991857.0,646336206.0
7.4,sysbench,stress-ng,5,0.44698945105213117,7570.299999999999,2.71826923612927e-06,1228.0,2253.0,168549966.0,377078174.0,12403179.52,0.44698945105213117,0.5450510430537062,2.71826923612927e-06,1.4580275880635862,0.20050744248985114,6.307225097286938e-05,1228.0,2253.0,377078174.0,168549966.0,5927.0,29560.0,374697266.0,546318951.0
7.5,sysbench,stress-ng,5,0.4474101855475371,7468.099999999999,2.7607156109013474e-06,958.0,1999.0,168707708.0,377076145.0,12235735.04,0.4474101855475371,0.4792396198099049,2.7607156109013474e-06,1.4498223640100558,0.17812253844309736,6.408663662985454e-05,958.0,1999.0,377076145.0,168707708.0,5201.0,29199.0,374461842.0,542903153.0
7.6,sysbench,stress-ng,5,0.44772777766751315,5066.7,2.6990242306252466e-06,1045.0,2063.0,168870984.0,377173346.0,8301281.28,0.44772777766751315,0.506543868153175,2.6990242306252466e-06,1.5319649062964706,0.7521986799851539,8.198772348098313e-05,1045.0,2063.0,377173346.0,168870984.0,93226.0,123938.0,374592667.0,573862820.0
7.7,sysbench,stress-ng,5,0.46878572317973555,5055.5,3.1609824570153383e-05,32609.0,44362.0,174301461.0,371814781.0,8282931.2,0.46878572317973555,0.7350660475181462,3.1609824570153383e-05,1.6219062672629456,0.85127666989648,0.00010366743748739797,32609.0,44362.0,371814781.0,174301461.0,222276.0,261109.0,374592070.0,607553226.0
7.9,sysbench,stress-ng,5,0.4470879907764005,4715.0,2.7127048369587626e-06,1096.0,2119.0,168603310.0,377114379.0,7725056.0,0.4470879907764005,0.5172251061821614,2.7127048369587626e-06,1.7090006855344901,0.8804572672836146,0.00011138897635220626,1096.0,2119.0,377114379.0,168603310.0,307306.0,349030.0,374579257.0,640156207.0
8.0,sysbench,stress-ng,5,0.4477283952653464,4503.4,2.7126044866478206e-06,1072.0,2095.0,168851062.0,377128330.0,7378370.56,0.4477283952653464,0.5116945107398568,2.7126044866478206e-06,1.7340563239638134,0.8766489278718647,0.00011395382738561087,1072.0,2095.0,377128330.0,168851062.0,303438.0,346134.0,374678069.0,649712875.0
8.1,sysbench,stress-ng,5,0.4468692966229505,4453.3,2.81074952701118e-06,1157.0,2217.0,168524961.0,377123607.0,7296286.72,0.4468692966229505,0.5218764095624718,2.81074952701118e-06,1.5846445770081259,0.8394590445997261,8.542198001711804e-05,1157.0,2217.0,377123607.0,168524961.0,167347.0,199351.0,374657670.0,593699245.0
8.2,sysbench,stress-ng,5,0.4472854737776796,7003.0,2.97247587570664e-06,1246.0,2367.0,168683292.0,377126694.0,11473715.2,0.4472854737776796,0.5264047317279257,2.97247587570664e-06,1.459204542765053,0.18766404199475065,6.280547244624972e-05,1246.0,2367.0,377126694.0,168683292.0,5434.0,28956.0,374521504.0,546503480.0
8.3,sysbench,stress-ng,5,0.4472687264884382,7584.099999999999,2.908918824135566e-06,1699.0,2796.0,168672219.0,377116058.0,12425789.44,0.4472687264884382,0.607653791130186,2.908918824135566e-06,1.454057473378499,0.17382209724984568,6.434365018186515e-05,1699.0,2796.0,377116058.0,168672219.0,5069.0,29162.0,374442543.0,544460978.0
8.4,sysbench,stress-ng,5,0.446962430291232,7477.7,2.7576978483804996e-06,1039.0,2079.0,168561225.0,377126160.0,12251463.68,0.446962430291232,0.49975949975949974,2.7576978483804996e-06,1.5763534429297643,0.8176192324232475,9.293831878926773e-05,1039.0,2079.0,377126160.0,168561225.0,155902.0,190678.0,374183657.0,589845696.0
8.5,sysbench,stress-ng,5,0.4474704434193701,4989.9,2.8399499885602515e-06,1349.0,2420.0,168749748.0,377119317.0,8175452.16,0.4474704434193701,0.5574380165289257,2.8399499885602515e-06,1.6179220481697316,0.8511500195574971,0.00010159446210662029,1349.0,2420.0,377119317.0,168749748.0,219778.0,258213.0,378317865.0,612088815.0
8.6,sysbench,stress-ng,5,0.4476355035718763,4810.1,2.988270103853602e-06,1362.0,2489.0,168821825.0,377141276.0,7880867.84,0.4476355035718763,0.5472077139413419,2.988270103853602e-06,1.644536541775424,0.8578676109669728,0.00010514679490112719,1362.0,2489.0,377141276.0,168821825.0,244681.0,285220.0,385546702.0,634045640.0
8.7,sysbench,stress-ng,5,0.4472351009533361,4709.5,2.789368667288838e-06,1695.0,2777.0,173483120.0,387901396.0,7716044.8,0.4472351009533361,0.6103709038530789,2.789368667288838e-06,1.7231442736174023,0.88217761143246,0.00011231144372008302,1695.0,2777.0,387901396.0,173483120.0,324090.0,367375.0,385401510.0,664102405.0
8.9,sysbench,stress-ng,5,0.44772217211720194,4381.5,2.8795774650846527e-06,1043.0,2160.0,173673281.0,387904133.0,7178649.6,0.44772217211720194,0.4828703703703704,2.8795774650846527e-06,1.7267056892748849,0.8840077616635869,0.0001105747339008301,1043.0,2160.0,387904133.0,173673281.0,324826.0,367447.0,385449718.0,665558221.0
9.0,sysbench,stress-ng,5,0.44695945118643005,7056.5,2.7661652045687575e-06,1059.0,2132.0,173376301.0,387901633.0,11561369.6,0.44695945118643005,0.49671669793621015,2.7661652045687575e-06,1.4971106546854782,0.652241232484323,6.991054428118623e-05,1059.0,2132.0,387901633.0,173376301.0,50550.0,77502.0,385521244.0,577167962.0
9.2,sysbench,stress-ng,5,0.4478367405225357,7538.5,2.6811490721230105e-06,983.0,2023.0,173712911.0,387893389.0,12351078.4,0.4478367405225357,0.48591201186356897,2.6811490721230105e-06,1.4754825030670726,0.5002222057625361,7.000935964700612e-05,983.0,2023.0,387893389.0,173712911.0,27014.0,54004.0,385519881.0,568827839.0
9.3,sysbench,stress-ng,5,0.4476676023666013,4852.4,3.4190218253154614e-06,1501.0,2821.0,172833420.0,386075336.0,7950172.16,0.4476676023666013,0.532080822403403,3.4190218253154614e-06,1.6277224259651688,0.8497233745670087,0.00010422098402288614,1501.0,2821.0,386075336.0,172833420.0,225927.0,265883.0,383377689.0,624032462.0
9.4,sysbench,stress-ng,5,0.44721963587030616,4791.4,2.825490251045479e-06,1235.0,2331.0,173475283.0,387897286.0,7850229.76,0.44721963587030616,0.5298155298155298,2.825490251045479e-06,1.6288950447162962,0.8503512411528419,0.00010279632213126838,1235.0,2331.0,387897286.0,173475283.0,225031.0,264633.0,385247246.0,627527330.0
9.5,sysbench,stress-ng,5,0.44767238433566486,4690.7,3.003461707465506e-06,1283.0,2448.0,173645739.0,387885751.0,7685242.88,0.44767238433566486,0.5241013071895425,3.003461707465506e-06,1.6858278832335685,0.8775394035203624,0.00010775992254033747,1283.0,2448.0,387885751.0,173645739.0,297535.0,339056.0,385310225.0,649566721.0
9.6,sysbench,stress-ng,5,0.44702118842169736,4493.0,2.9827971056885887e-06,1020.0,2177.0,173395473.0,387890949.0,7361331.2,0.44702118842169736,0.46853468075333027,2.9827971056885887e-06,1.725963216912806,0.882296829598841,0.00011115541024277336,1020.0,2177.0,387890949.0,173395473.0,320954.0,363771.0,385199424.0,664840037.0
9.7,sysbench,stress-ng,5,0.4476426447651175,4460.299999999999,2.853792558447947e-06,1482.0,2589.0,173642757.0,387904859.0,7307755.52,0.4476426447651175,0.5724217844727694,2.853792558447947e-06,1.6417968880643148,0.8621156258314645,9.411511661587053e-05,1482.0,2589.0,387904859.0,173642757.0,226814.0,263090.0,385442863.0,632818893.0
9.8,sysbench,stress-ng,5,0.4474582360277503,7180.5,2.761051531549097e-06,1012.0,2083.0,173567123.0,387895694.0,11764531.2,0.4474582360277503,0.485837734037446,2.761051531549097e-06,1.4594001910416712,0.22270273682881403,6.394561207554922e-05,1012.0,2083.0,387895694.0,173567123.0,7055.0,31679.0,385077243.0,561981802.0
9.9,sysbench,stress-ng,5,0.4472963508920154,7532.9,2.787353248687801e-06,961.0,2042.0,173471861.0,387823108.0,12341903.36,0.4472963508920154,0.470617042115573,2.787353248687801e-06,1.4562655942817966,0.15325056734748366,6.582220844529859e-05,961.0,2042.0,387823108.0,173471861.0,4592.0,29964.0,385462606.0,561335931.0
10.0,sysbench,stress-ng,5,0.4472494682268929,7448.5,2.770906830992629e-06,993.0,2068.0,173514740.0,387959634.0,12203622.4,0.4472494682268929,0.480174081237911,2.770906830992629e-06,1.5517090069334978,0.8046252221466653,8.867270741597294e-05,993.0,2068.0,387959634.0,173514740.0,140807.0,174997.0,385575235.0,598300565.0
10.2,sysbench,stress-ng,5,0.4476078269355402,4858.0,2.7786132029528835e-06,1572.0,2620.0,168822707.0,377166566.0,7959347.2,0.4476078269355402,0.6,2.7786132029528835e-06,1.61719519844158,0.858961899503037,0.00010319547079595648,1572.0,2620.0,377166566.0,168822707.0,233337.0,271650.0,371266294.0,600410068.0
10.3,sysbench,stress-ng,5,0.4474977918540165,4677.5,2.7311392659750336e-06,1141.0,2171.0,168765735.0,377131995.0,7663616.0,0.4474977918540165,0.5255642561031783,2.7311392659750336e-06,1.6371745529240957,0.8605089367735029,0.00010290148051536091,1141.0,2171.0,377131995.0,168765735.0,237929.0,276498.0,374814821.0,613637287.0
10.4,sysbench,stress-ng,5,0.44726631343067924,4487.900000000001,2.9143439391878093e-06,953.0,2052.0,168664265.0,377100309.0,7352975.36,0.44726631343067924,0.4644249512670565,2.9143439391878093e-06,1.7104015579162464,0.8809998199089254,0.00011105799928980928,953.0,2052.0,377100309.0,168664265.0,308194.0,349823.0,374840176.0,641127221.0
10.5,sysbench,stress-ng,5,0.44742906106336605,4499.0,2.8278361816142934e-06,1298.0,2364.0,168665845.0,376966674.0,7371161.6,0.44742906106336605,0.5490693739424704,2.8278361816142934e-06,1.7285236039726701,0.8862863164233027,0.00011088462947115209,1298.0,2364.0,376966674.0,168665845.0,323818.0,365365.0,374686737.0,647654869.0
10.6,sysbench,stress-ng,5,0.4473428823643706,7271.1,2.846272468522614e-06,1300.0,2373.0,168641238.0,376984288.0,11912970.24,0.4473428823643706,0.5478297513695743,2.846272468522614e-06,1.548879124810121,0.7973858909731978,7.859070743817159e-05,1300.0,2373.0,376984288.0,168641238.0,115790.0,145212.0,374369960.0,579853816.0
10.8,sysbench,stress-ng,5,0.44744098516159675,7389.8,2.9218301851121275e-06,1051.0,2153.0,168757229.0,377160865.0,12107448.32,0.44744098516159675,0.48815606130980027,2.9218301851121275e-06,1.4562352275215966,0.14945541184479239,6.670549549897268e-05,1051.0,2153.0,377160865.0,168757229.0,4391.0,29380.0,374616811.0,545530197.0
10.9,sysbench,stress-ng,5,0.4472936219675399,4815.6,3.0546587106454227e-06,1037.0,2189.0,168687340.0,377128874.0,7889879.04,0.4472936219675399,0.4737322978529009,3.0546587106454227e-06,1.5976857411345733,0.8415002024124076,9.720162833389348e-05,1037.0,2189.0,377128874.0,168687340.0,193317.0,229729.0,374602778.0,598497517.0
11.0,sysbench,stress-ng,5,0.4469916823564009,4772.3,2.6994307698668095e-06,1033.0,2051.0,168567958.0,377116543.0,7818936.32,0.4469916823564009,0.5036567528035105,2.6994307698668095e-06,1.6260948992699598,0.8541511915815537,0.00010061321108655152,1033.0,2051.0,377116543.0,168567958.0,220781.0,258480.0,374692345.0,609285311.0
11.1,sysbench,stress-ng,5,0.44719210816260685,4643.9,2.739084083056178e-06,1016.0,2049.0,168651065.0,377133366.0,7608565.76,0.44719210816260685,0.4958516349438751,2.739084083056178e-06,1.6583304540471164,0.8762974822449798,0.00010453303993242444,1016.0,2049.0,377133366.0,168651065.0,277498.0,316671.0,374742761.0,621447333.0
11.2,sysbench,stress-ng,5,0.4474938172045263,4549.4,2.927432356610731e-06,1343.0,2447.0,168759894.0,377122292.0,7453736.96,0.4474938172045263,0.5488353085410707,2.927432356610731e-06,1.7179453204264727,0.8825608639836046,0.00010891126549140629,1343.0,2447.0,377122292.0,168759894.0,306614.0,347414.0,374616894.0,643571340.0
11.3,sysbench,stress-ng,5,0.44715469803135743,4445.5,2.7894979559688562e-06,1026.0,2078.0,168634912.0,377128794.0,7283507.2,0.44715469803135743,0.4937439846005775,2.7894979559688562e-06,1.7328048084248742,0.8860457003793257,0.00011073001643887147,1026.0,2078.0,377128794.0,168634912.0,322580.0,364067.0,374668056.0,649226609.0
11.4,sysbench,stress-ng,5,0.4470206907589456,7501.5,2.686190681915836e-06,1309.0,2322.0,168577742.0,377113958.0,12290457.6,0.4470206907589456,0.5637381567614126,2.686190681915836e-06,1.4797300550142887,0.601565411852404,6.56901145963742e-05,1309.0,2322.0,377113958.0,168577742.0,37122.0,61709.0,374287671.0,553844716.0
11.5,sysbench,stress-ng,5,0.44779562833488123,7393.7,2.6224952551795275e-06,1052.0,2041.0,168873471.0,377121750.0,12113838.08,0.44779562833488123,0.5154336109750123,2.6224952551795275e-06,1.4607604135472705,0.17173298839227968,6.496242120700002e-05,1052.0,2041.0,377121750.0,168873471.0,5045.0,29377.0,374555005.0,547135124.0
11.6,sysbench,stress-ng,5,0.4471449276121168,7384.700000000001,2.775775223714028e-06,950.0,1997.0,168659456.0,377191925.0,12099092.48,0.4471449276121168,0.4757135703555333,2.775775223714028e-06,1.4634802121986437,0.43535597123552544,6.941610309684973e-05,950.0,1997.0,377191925.0,168659456.0,20039.0,46029.0,374408802.0,547939873.0
11.7,sysbench,stress-ng,5,0.44728674846054917,4807.4,2.5346122781857663e-06,1259.0,2215.0,168706723.0,377178004.0,7876444.16,0.44728674846054917,0.5683972911963883,2.5346122781857663e-06,1.634080701839894,0.8546257970690234,0.00010397897935242049,1259.0,2215.0,377178004.0,168706723.0,229185.0,268170.0,374931551.0,612668412.0
11.8,sysbench,stress-ng,5,0.4471824138246531,4810.8,2.3995035673697934e-06,987.0,1892.0,168659922.0,377161348.0,7882014.72,0.4471824138246531,0.5216701902748414,2.3995035673697934e-06,1.6228210943686228,0.8592076892153638,0.00010275062256408845,987.0,1892.0,377161348.0,168659922.0,235105.0,273630.0,374936901.0,608455512.0
11.9,sysbench,stress-ng,5,0.4472521431452281,4723.1,2.5915015153413867e-06,1017.0,1994.0,168614736.0,377001516.0,7738327.040000001,0.4472521431452281,0.5100300902708125,2.5915015153413867e-06,1.686307007747517,0.8732868076307195,0.00010734693488437316,1017.0,1994.0,377001516.0,168614736.0,277045.0,317244.0,374477390.0,631483847.0
12.0,sysbench,stress-ng,5,0.44714049503418907,4488.8,2.560812083031167e-06,959.0,1925.0,168672165.0,377224087.0,7354449.92,0.44714049503418907,0.49818181818181817,2.560812083031167e-06,1.7164843503098908,0.8897482754019069,0.00010794603616518318,959.0,1925.0,377224087.0,168672165.0,326704.0,367187.0,375029982.0,643733095.0
12.1,sysbench,stress-ng,5,0.44738227210476034,4476.1,2.520846285473357e-06,960.0,1911.0,168776868.0,377254260.0,7333642.24,0.44738227210476034,0.5023547880690737,2.520846285473357e-06,1.6861869596944112,0.8724279835390947,0.00010156614548475007,960.0,1911.0,377254260.0,168776868.0,260548.0,298647.0,375115151.0,632514276.0
12.3,sysbench,stress-ng,5,0.44721642286455665,7500.2,2.586506517948772e-06,1275.0,2252.0,168926868.0,377729572.0,12288327.68,0.44721642286455665,0.5661634103019538,2.586506517948772e-06,1.450896891015285,0.20871405536146198,6.277466648236774e-05,1275.0,2252.0,377729572.0,168926868.0,6213.0,29768.0,375230986.0,544421471.0
12.4,sysbench,stress-ng,5,0.44729308493716,7340.599999999999,2.627437527167807e-06,1080.0,2099.0,173473831.0,387830344.0,12026839.04,0.44729308493716,0.5145307289185327,2.627437527167807e-06,1.4583107169619909,0.1608934381778742,6.597242931781822e-05,1080.0,2099.0,387830344.0,173473831.0,4747.0,29504.0,375262822.0,547249795.0
12.5,sysbench,stress-ng,5,0.4470924812744877,4841.3,2.453850160367227e-06,1210.0,2162.0,173454781.0,387961749.0,7931985.92,0.4470924812744877,0.5596669750231268,2.453850160367227e-06,1.5039188903097165,0.7347530853108664,7.801676959776181e-05,1210.0,2162.0,387961749.0,173454781.0,81803.0,111334.0,378521184.0,569265159.0
12.7,sysbench,stress-ng,5,0.447564354531445,4693.9,3.0448644482165877e-06,1292.0,2473.0,173595085.0,387866199.0,7690485.76,0.447564354531445,0.5224423776789324,3.0448644482165877e-06,1.6320366747329857,0.8579453319856604,0.00010140908561661454,1292.0,2473.0,387866199.0,173595085.0,235971.0,275042.0,385281060.0,628792820.0
12.9,sysbench,stress-ng,5,0.4470809498619162,4472.7,2.6965209100528123e-06,1004.0,2050.0,173425940.0,387907246.0,7328071.68,0.4470809498619162,0.4897560975609756,2.6965209100528123e-06,1.7250167754179022,0.8891623276939877,0.00010900597446438348,1004.0,2050.0,387907246.0,173425940.0,337101.0,379122.0,385492632.0,664981257.0
13.0,sysbench,stress-ng,5,0.4473249687126853,4592.5,2.7218631858717302e-06,1080.0,2136.0,173548461.0,387969537.0,7524352.0,0.4473249687126853,0.5056179775280899,2.7218631858717302e-06,1.578559761287075,0.8226069067185936,8.366938877356784e-05,1080.0,2136.0,387969537.0,173548461.0,149545.0,181794.0,385433675.0,608430090.0
13.1,sysbench,stress-ng,5,0.4473151487197148,7505.4,2.5619968308460046e-06,958.0,1952.0,173548715.0,387978622.0,12296847.36,0.4473151487197148,0.49077868852459017,2.5619968308460046e-06,1.4567281780323496,0.16251673360107094,6.491205454206331e-05,958.0,1952.0,387978622.0,173548715.0,4856.0,29880.0,385506208.0,561577756.0
13.2,sysbench,stress-ng,5,0.44714108474495,7513.6,2.634076823510365e-06,1027.0,2049.0,173487039.0,387991721.0,12310282.24,0.44714108474495,0.5012201073694486,2.634076823510365e-06,1.457020921259116,0.14915916018769051,6.437825609447405e-05,1027.0,2049.0,387991721.0,173487039.0,4355.0,29197.0,385875628.0,562228863.0
13.3,sysbench,stress-ng,5,0.4474040948578155,7058.099999999999,2.7359772592989805e-06,1195.0,2257.0,173664875.0,388161121.0,11563991.04,0.4474040948578155,0.5294638901196278,2.7359772592989805e-06,1.5929153828129168,0.8405443861255475,9.615674572972377e-05,1195.0,2257.0,388161121.0,173664875.0,195535.0,232629.0,385765967.0,614492543.0
13.4,sysbench,stress-ng,5,0.44726605565630123,4810.2,2.7440261275810133e-06,1083.0,2148.0,173591040.0,388115838.0,7881031.68,0.44726605565630123,0.5041899441340782,2.7440261275810133e-06,1.6277496831971867,0.8636682069390095,9.992711171451193e-05,1083.0,2148.0,388115838.0,173591040.0,244102.0,282634.0,385601058.0,627662000.0
13.5,sysbench,stress-ng,5,0.44737698257673725,4861.7,2.7759735667930704e-06,877.0,1954.0,173569740.0,387971994.0,7965409.28,0.44737698257673725,0.44882292732855683,2.7759735667930704e-06,1.6631552936929053,0.8726815496517407,0.00010487300430609558,877.0,1954.0,387971994.0,173569740.0,277271.0,317723.0,385723669.0,641518362.0
13.6,sysbench,stress-ng,5,0.4471793965746417,4725.6,2.591332926404767e-06,934.0,1940.0,173602731.0,388217195.0,7742423.04,0.4471793965746417,0.4814432989690722,2.591332926404767e-06,1.724203392683301,0.8908614955142874,0.00010909183833665768,934.0,1940.0,388217195.0,173602731.0,343379.0,385446.0,385610882.0,664871591.0
13.8,sysbench,stress-ng,5,0.4473937094915279,4573.3,2.6179861554810957e-06,956.0,1972.0,173626590.0,388084558.0,7492894.72,0.4473937094915279,0.4847870182555781,2.6179861554810957e-06,1.7195413804915731,0.8884298982510279,0.00010630159754222434,956.0,1972.0,388084558.0,173626590.0,326474.0,367473.0,385685643.0,663202423.0
13.9,sysbench,stress-ng,5,0.4473331887659208,7495.900000000001,2.5040306908015797e-06,846.0,1818.0,173643183.0,388174156.0,12281282.56,0.4473331887659208,0.46534653465346537,2.5040306908015797e-06,1.4516942029541402,0.20237437879624517,6.216705777507027e-05,846.0,1818.0,388174156.0,173643183.0,5864.0,28976.0,371772460.0,539699925.0
14.1,sysbench,stress-ng,5,0.4475593481194432,7176.3,2.729346222070789e-06,993.0,2052.0,173655268.0,388005007.0,11757649.92,0.4475593481194432,0.48391812865497075,2.729346222070789e-06,1.4828913898614227,0.608600841109585,7.372065505665431e-05,993.0,2052.0,388005007.0,173655268.0,42980.0,70621.0,374942409.0,555998870.0
14.2,sysbench,stress-ng,5,0.44737647962861926,4837.1,2.9606834685994626e-06,1454.0,2603.0,173620578.0,388086066.0,7925104.640000001,0.44737647962861926,0.5585862466384941,2.9606834685994626e-06,1.6326453389474016,0.8643039442740195,0.00010112119717851882,1454.0,2603.0,388086066.0,173620578.0,241458.0,279367.0,374886780.0,612057154.0
14.3,sysbench,stress-ng,5,0.4471089048176084,4803.2,2.7200271328249677e-06,1173.0,2228.0,173417349.0,387863778.0,7869562.88,0.4471089048176084,0.5264811490125674,2.7200271328249677e-06,1.62612473758412,0.858228581533333,0.00010053408515963521,1173.0,2228.0,387863778.0,173417349.0,228106.0,265787.0,374808205.0,609484894.0
14.4,sysbench,stress-ng,5,0.44755168860993294,4649.9,2.7324237890207744e-06,888.0,1948.0,173620502.0,387933967.0,7618396.16,0.44755168860993294,0.45585215605749485,2.7324237890207744e-06,1.6939993573536887,0.8826774538685896,0.00010676006725041334,888.0,1948.0,387933967.0,173620502.0,301121.0,341145.0,374896729.0,635074818.0
14.5,sysbench,stress-ng,5,0.44737125428631486,4515.1,3.025859931995267e-06,1364.0,2538.0,173575071.0,387988878.0,7397539.84,0.44737125428631486,0.5374310480693459,3.025859931995267e-06,1.7177412003428247,0.8858154383861463,0.00010775583827162666,1364.0,2538.0,387988878.0,173575071.0,313258.0,353638.0,374736076.0,643699597.0
14.6,sysbench,stress-ng,5,0.4472993142996331,4658.7,2.640686441031711e-06,911.0,1907.0,168709965.0,377174656.0,7632814.08,0.4472993142996331,0.4777136864184583,2.640686441031711e-06,1.6572128749542467,0.8714872892193416,9.517691192254401e-05,911.0,1907.0,377174656.0,168709965.0,241924.0,277599.0,374828299.0,621170283.0
14.7,sysbench,stress-ng,5,0.4473590628934096,7475.700000000001,2.621328035603752e-06,1200.0,2189.0,168783955.0,377289674.0,12248186.88,0.4473590628934096,0.5481955230698949,2.621328035603752e-06,1.4505019377309303,0.17939389779318393,6.37379045330307e-05,1200.0,2189.0,377289674.0,168783955.0,5227.0,29137.0,375129998.0,544126789.0
14.8,sysbench,stress-ng,5,0.44749799247015015,7499.400000000001,2.564736828627588e-06,852.0,1819.0,168723182.0,377036735.0,12287016.96,0.44749799247015015,0.468389224848818,2.564736828627588e-06,1.4587702121867319,0.1520022266290923,6.502949622851999e-05,852.0,1819.0,377036735.0,168723182.0,4369.0,28743.0,374814529.0,546768270.0
14.9,sysbench,stress-ng,5,0.4475742556938427,7053.5,2.6111701239977356e-06,862.0,1847.0,168836430.0,377225517.0,11556454.4,0.4475742556938427,0.4667027612344342,2.6111701239977356e-06,1.5287756444502856,0.7732084895679647,8.40205555041211e-05,862.0,1847.0,377225517.0,168836430.0,107435.0,138947.0,375051079.0,573368955.0
15.0,sysbench,stress-ng,5,0.44738178427457165,4796.2,2.5479871284811057e-06,831.0,1792.0,168734720.0,377160461.0,7858094.08,0.44738178427457165,0.46372767857142855,2.5479871284811057e-06,1.6306426304368928,0.8601570113105079,0.00010214899207889166,831.0,1792.0,377160461.0,168734720.0,235677.0,273993.0,375099149.0,611652663.0
15.1,sysbench,stress-ng,5,0.4470842576028253,4802.0,2.3489333740107084e-06,916.0,1802.0,168636819.0,377192478.0,7867596.8,0.4470842576028253,0.5083240843507214,2.3489333740107084e-06,1.6344178112170165,0.8566687812372805,0.000101532392069597,916.0,1802.0,377192478.0,168636819.0,233623.0,272711.0,384980588.0,629219130.0
15.2,sysbench,stress-ng,5,0.44726611409564154,4668.2,2.397273559565895e-06,1075.0,1979.0,168661839.0,377095053.0,7648378.88,0.44726611409564154,0.5432036382011117,2.397273559565895e-06,1.7018412037859778,0.88246879079048,0.00010904674223691173,1075.0,1979.0,377095053.0,168661839.0,306935.0,347814.0,374875940.0,637979321.0
15.3,sysbench,stress-ng,5,0.4472940092522056,4496.599999999999,2.6856055962145697e-06,1163.0,2176.0,168717563.0,377196116.0,7367229.4399999995,0.4472940092522056,0.5344669117647058,2.6856055962145697e-06,1.7356357554133037,0.8860669059019862,0.00011045400673165119,1163.0,2176.0,377196116.0,168717563.0,324942.0,366724.0,378275096.0,656547782.0
15.4,sysbench,stress-ng,5,0.4473270037848452,4726.9,2.584733529879122e-06,884.0,1859.0,168738411.0,377214900.0,7744552.96,0.4473270037848452,0.4755244755244755,2.584733529879122e-06,1.5687879271041223,0.8160213507547918,8.063605742848657e-05,884.0,1859.0,377214900.0,168738411.0,137897.0,168987.0,385559525.0,604861128.0
15.5,sysbench,stress-ng,5,0.4473590486636639,7557.7,2.6830481497063667e-06,847.0,1859.0,168736203.0,377182944.0,12382535.68,0.4473590486636639,0.4556213017751479,2.6830481497063667e-06,1.4544680159016068,0.16917244084194014,6.595752450626914e-05,847.0,1859.0,377182944.0,168736203.0,5176.0,30596.0,385399546.0,560551313.0
15.7,sysbench,stress-ng,5,0.44742959227503487,7016.800000000001,2.7941232885587273e-06,886.0,1940.0,168779521.0,377220291.0,11496325.120000001,0.44742959227503487,0.45670103092783504,2.7941232885587273e-06,1.4596299404034219,0.15517128874388256,6.720188283616185e-05,886.0,1940.0,377220291.0,168779521.0,4756.0,30650.0,385316585.0,562419624.0
15.9,sysbench,stress-ng,5,0.4472160762319535,4791.8,2.495081375289278e-06,952.0,1893.0,168663969.0,377142008.0,7850885.12,0.4472160762319535,0.502905441098785,2.495081375289278e-06,1.6243282906361143,0.862821716945161,0.00010164280590783622,952.0,1893.0,377142008.0,168663969.0,246201.0,285344.0,385103497.0,625534505.0
16.0,sysbench,stress-ng,5,0.4472296557761909,4643.7,3.056667694949474e-06,910.0,2063.0,168698676.0,377208161.0,7608238.08,0.4472296557761909,0.4411051866214251,3.056667694949474e-06,1.6647325209685306,0.8653763060727473,0.00010670173525944402,910.0,2063.0,377208161.0,168698676.0,264369.0,305496.0,385438905.0,641652680.0
16.1,sysbench,stress-ng,5,0.44733085466791483,4501.3,2.6803978330773103e-06,995.0,2006.0,168725511.0,377182815.0,7374929.92,0.44733085466791483,0.49601196410767695,2.6803978330773103e-06,1.719315052408447,0.8868956705436448,0.00010925578638205763,995.0,2006.0,377182815.0,168725511.0,330405.0,372541.0,385663784.0,663077549.0
16.2,sysbench,stress-ng,5,0.4473394664174507,4816.0,2.7093606624086723e-06,1135.0,2157.0,168741261.0,377210762.0,7890534.4,0.4473394664174507,0.5261937876680575,2.7093606624086723e-06,1.7016071315160142,0.8866183990402147,0.00010559216133069932,1135.0,2157.0,377210762.0,168741261.0,318515.0,359247.0,385748331.0,656392111.0
16.3,sysbench,stress-ng,5,0.4473888629631677,7489.5,2.740944204647907e-06,1282.0,2316.0,168773988.0,377242265.0,12270796.8,0.4473888629631677,0.5535405872193437,2.740944204647907e-06,1.4546863002924197,0.1929377145659637,6.400298668158625e-05,1282.0,2316.0,377242265.0,168773988.0,5901.0,30585.0,385669502.0,561028141.0
16.4,sysbench,stress-ng,5,0.4473592054729056,7504.2,2.8178442118643488e-06,956.0,2019.0,168761223.0,377238740.0,12294881.28,0.4473592054729056,0.4735017335314512,2.8178442118643488e-06,1.4483627531588257,0.16718733907789488,6.530021526998335e-05,956.0,2019.0,377238740.0,168761223.0,4870.0,29129.0,371499541.0,538066098.0
16.5,sysbench,stress-ng,5,0.4474088395453012,6994.9,2.6462657572100012e-06,1347.0,2345.0,168733628.0,377135213.0,11460444.16,0.4474088395453012,0.5744136460554371,2.6462657572100012e-06,1.498272609927806,0.6787416052829258,7.646576708279168e-05,1347.0,2345.0,377135213.0,168733628.0,60539.0,89193.0,374729779.0,561447364.0
16.6,sysbench,stress-ng,5,0.4473443192768107,4822.2,2.653796951537047e-06,979.0,1980.0,168736219.0,377195399.0,7900692.4799999995,0.4473443192768107,0.49444444444444446,2.653796951537047e-06,1.6171215646453283,0.8562653838384594,0.00010252982934528436,979.0,1980.0,377195399.0,168736219.0,228902.0,267326.0,374759231.0,606031234.0
16.7,sysbench,stress-ng,5,0.4475041837097838,4832.4,2.7945530872619755e-06,1304.0,2358.0,168781696.0,377162275.0,7917404.16,0.4475041837097838,0.553011026293469,2.7945530872619755e-06,1.6326620040736108,0.8548824099091461,0.00010272574837474914,1304.0,2358.0,377162275.0,168781696.0,226861.0,265371.0,374881669.0,612055057.0
16.8,sysbench,stress-ng,5,0.44719226988022964,4645.6,2.6538333683161244e-06,978.0,1979.0,168676552.0,377190223.0,7611351.04,0.44719226988022964,0.494188984335523,2.6538333683161244e-06,1.686252018139212,0.8801019724400421,0.00010738531536927097,978.0,1979.0,377190223.0,168676552.0,295518.0,335777.0,374902284.0,632179733.0
16.9,sysbench,stress-ng,5,0.44704741593252506,4505.9,2.558005376301716e-06,1022.0,1987.0,168647322.0,377247057.0,7382466.56,0.44704741593252506,0.5143432310015098,2.558005376301716e-06,1.7302554096323992,0.8886234338607888,0.00010787351534214158,1022.0,1987.0,377247057.0,168647322.0,325828.0,366666.0,378572997.0,655027976.0
17.0,sysbench,stress-ng,5,0.447134263172938,4841.0,2.6032199853620044e-06,979.0,1961.0,168670281.0,377225131.0,7931494.4,0.447134263172938,0.4992350841407445,2.6032199853620044e-06,1.6270879941152752,0.8601572229140723,9.323444970728444e-05,979.0,1961.0,377225131.0,168670281.0,221026.0,256960.0,385415478.0,627104897.0
17.2,sysbench,stress-ng,5,0.44729738618935677,7593.3,3.0612185579355914e-06,1502.0,2690.0,173587506.0,388080752.0,12440862.72,0.44729738618935677,0.558364312267658,3.0612185579355914e-06,1.459779460092973,0.17763954820756261,6.51985013133349e-05,1502.0,2690.0,388080752.0,173587506.0,5426.0,30545.0,385269592.0,562408637.0
17.3,sysbench,stress-ng,5,0.44721540907530877,6902.0,2.3902132921023927e-06,1028.0,1929.0,168579551.0,376953807.0,11308236.8,0.44721540907530877,0.5329186106791084,2.3902132921023927e-06,1.4550736312560386,0.16358402541111075,6.553151975627946e-05,1028.0,1929.0,376953807.0,168579551.0,4944.0,30223.0,385753300.0,561299455.0
17.4,sysbench,stress-ng,5,0.44722678134887195,4833.6,2.7891016837965942e-06,1166.0,2218.0,168686060.0,377182376.0,7919370.24,0.44722678134887195,0.5256988277727682,2.7891016837965942e-06,1.5569676457450192,0.8093054922609798,9.009198604222976e-05,1166.0,2218.0,377182376.0,168686060.0,147398.0,182129.0,385505987.0,600220349.0
17.5,sysbench,stress-ng,5,0.447538695597165,4834.1,2.762720824083245e-06,944.0,1986.0,168795673.0,377164421.0,7920189.44,0.447538695597165,0.47532729103726085,2.762720824083245e-06,1.62744210829921,0.8540314128369695,0.00010226867436398756,944.0,1986.0,377164421.0,168795673.0,230603.0,270017.0,385396606.0,627210665.0
17.6,sysbench,stress-ng,5,0.44753436901744204,4617.0,2.8184485022714283e-06,1083.0,2146.0,168791104.0,377157858.0,7564492.8,0.44753436901744204,0.5046598322460392,2.8184485022714283e-06,1.6413377339319748,0.8636882461618617,0.00010315889110718605,1083.0,2146.0,377157858.0,168791104.0,251975.0,291743.0,385502399.0,632739634.0
17.7,sysbench,stress-ng,5,0.4694887398384346,4715.2,3.336965281762831e-05,33588.0,45917.0,173460800.0,369467434.0,7725383.68,0.4694887398384346,0.731493782259294,3.336965281762831e-05,1.7089298126516272,0.888714197095125,0.00010792511128908414,33588.0,45917.0,369467434.0,173460800.0,332372.0,373992.0,385637777.0,659027894.0
17.9,sysbench,stress-ng,5,0.447235658643969,7513.200000000001,2.6057206258666715e-06,1180.0,2191.0,173524071.0,387992477.0,12309626.88,0.447235658643969,0.5385668644454586,2.6057206258666715e-06,1.5058143129879256,0.6946144362873041,7.130454422906048e-05,1180.0,2191.0,387992477.0,173524071.0,62541.0,90037.0,385613572.0,580662436.0
18.1,sysbench,stress-ng,5,0.44731187705667147,7515.699999999999,2.9914932434207863e-06,1080.0,2208.0,168667537.0,377069212.0,12313722.879999999,0.44731187705667147,0.4891304347826087,2.9914932434207863e-06,1.463735473666441,0.2690273160861396,6.746652849937116e-05,1080.0,2208.0,377069212.0,168667537.0,9307.0,34595.0,374822902.0,548641578.0
18.2,sysbench,stress-ng,5,0.4476524196857973,6881.9,2.763264631056394e-06,970.0,2042.0,173665377.0,387946919.0,11275304.959999999,0.4476524196857973,0.47502448579823703,2.763264631056394e-06,1.628986380868671,0.8559266314251042,0.00010036361874907977,970.0,2042.0,387946919.0,173665377.0,227816.0,266163.0,382080683.0,622404229.0
18.3,sysbench,stress-ng,5,0.44733913567463,4862.4,2.9203777814101357e-06,1927.0,3060.0,173551259.0,387963505.0,7966556.16,0.44733913567463,0.6297385620915033,2.9203777814101357e-06,1.6187785140861077,0.8596066161032475,9.985739238394855e-05,1927.0,3060.0,387963505.0,173551259.0,231321.0,269101.0,378339541.0,612447920.0
18.4,sysbench,stress-ng,5,0.44749541801628384,4791.5,2.736050822843954e-06,1063.0,2095.0,168788996.0,377185976.0,7850393.6,0.44749541801628384,0.5073985680190931,2.736050822843954e-06,1.6813033543030271,0.8711684524062527,0.0001051175568723785,1063.0,2095.0,377185976.0,168788996.0,266446.0,305849.0,374846992.0,630231505.0
18.5,sysbench,stress-ng,5,0.44730100552832647,4636.0,2.683549345841226e-06,1200.0,2212.0,168682800.0,377112499.0,7595622.4,0.44730100552832647,0.5424954792043399,2.683549345841226e-06,1.727403812801031,0.8916777214307522,0.00010498644887142783,1200.0,2212.0,377112499.0,168682800.0,330034.0,370127.0,381887381.0,659673718.0
18.7,sysbench,stress-ng,5,0.44715946534373563,5014.4,2.7762706205080713e-06,1694.0,2741.0,168634843.0,377124619.0,8215592.959999999,0.44715946534373563,0.6180226194819409,2.7762706205080713e-06,1.6786775125557514,0.8741449288962921,9.931728865722139e-05,1694.0,2741.0,377124619.0,168634843.0,260816.0,298367.0,378091272.0,634693316.0
18.8,sysbench,stress-ng,5,0.44744961315303955,7500.299999999999,2.7364830755575113e-06,1014.0,2046.0,168745060.0,377126396.0,12288491.52,0.44744961315303955,0.49560117302052786,2.7364830755575113e-06,1.461998423375365,0.18074934964019054,6.466030763779265e-05,1014.0,2046.0,377126396.0,168745060.0,5350.0,29599.0,375021414.0,548280716.0
18.9,sysbench,stress-ng,5,0.44729811062172714,7513.6,2.7067965426144475e-06,1035.0,2085.0,173512493.0,387912421.0,12310282.24,0.44729811062172714,0.49640287769784175,2.7067965426144475e-06,1.4630617419806233,0.16957316060455074,6.555800733761931e-05,1035.0,2085.0,387912421.0,173512493.0,5105.0,30105.0,381341670.0,557926408.0
19.0,sysbench,stress-ng,5,0.4474492246549099,6737.3,2.6199663220831095e-06,1051.0,2039.0,168734930.0,377104084.0,11038392.32,0.4474492246549099,0.5154487493869544,2.6199663220831095e-06,1.5154085534971697,0.7192685648464778,8.242748510300105e-05,1051.0,2039.0,377104084.0,168734930.0,79928.0,111124.0,378465993.0,573530603.0
19.1,sysbench,stress-ng,5,0.44711132934791886,4766.0,2.8160538510106515e-06,1041.0,2103.0,168616176.0,377123470.0,7808614.4,0.44711132934791886,0.4950071326676177,2.8160538510106515e-06,1.629719699883041,0.8550727257607914,0.0001069463767398639,1041.0,2103.0,377123470.0,168616176.0,236502.0,276587.0,374814007.0,610841771.0
19.2,sysbench,stress-ng,5,0.44713718807416497,4812.3,3.377137609520315e-06,1336.0,2646.0,173445617.0,387902464.0,7884472.32,0.44713718807416497,0.5049130763416477,3.377137609520315e-06,1.6290837766419755,0.8536243828083405,0.00010511385338682023,1336.0,2646.0,387902464.0,173445617.0,234086.0,274226.0,381871644.0,622100900.0
19.3,sysbench,stress-ng,5,0.44700139352408286,4650.9,2.7100117076218112e-06,1051.0,2073.0,168573229.0,377120142.0,7620034.56,0.44700139352408286,0.5069946936806561,2.7100117076218112e-06,1.6974015929454833,0.8724517294949431,0.00011709036747372311,1051.0,2073.0,377120142.0,168573229.0,302698.0,346951.0,377938860.0,641514023.0
19.4,sysbench,stress-ng,5,0.44769503923871046,4461.6,3.1581624877251623e-06,1225.0,2416.0,168833869.0,377118025.0,7309885.44,0.44769503923871046,0.5070364238410596,3.1581624877251623e-06,1.7269578102052623,0.8746004684879483,0.00012070254312728465,1225.0,2416.0,377118025.0,168833869.0,315499.0,360735.0,374772551.0,647216384.0
19.6,sysbench,stress-ng,5,0.4474856630219566,7533.9,2.8589695114309578e-06,1024.0,2133.0,173580585.0,387902003.0,12343541.76,0.4474856630219566,0.48007501172058137,2.8589695114309578e-06,1.455827353027181,0.17534099668219444,6.394713859826469e-05,1024.0,2133.0,387902003.0,173580585.0,5232.0,29839.0,384802206.0,560205577.0
19.7,sysbench,stress-ng,5,0.44739052668973456,7508.0,2.683693814511127e-06,1003.0,2044.0,173541980.0,387898200.0,12301107.2,0.44739052668973456,0.49070450097847357,2.683693814511127e-06,1.454111636969149,0.15053323792974208,6.589925772631395e-05,1003.0,2044.0,387898200.0,173541980.0,4418.0,29349.0,378319891.0,550119356.0
19.8,sysbench,stress-ng,5,0.44769769616213884,6649.1,3.2032846608194876e-06,1474.0,2682.0,168832581.0,377112910.0,10893885.440000001,0.44769769616213884,0.5495898583146905,3.2032846608194876e-06,1.5783154430039399,0.8130481528307334,0.00010020510712020396,1474.0,2682.0,377112910.0,168832581.0,163343.0,200902.0,374821215.0,591586112.0
19.9,sysbench,stress-ng,5,0.4471209691980706,4764.2,2.8690741600038956e-06,1094.0,2176.0,168620559.0,377125142.0,7805665.28,0.4471209691980706,0.5027573529411765,2.8690741600038956e-06,1.6305688297631453,0.8479072474466076,0.00011223844441418215,1094.0,2176.0,377125142.0,168620559.0,238925.0,281782.0,381838863.0,622614548.0
20.0,sysbench,stress-ng,5,0.4468859207382372,4776.9,2.9699633376588237e-06,1295.0,2447.0,173339709.0,387883576.0,7826472.96,0.4468859207382372,0.5292194523906825,2.9699633376588237e-06,1.6510140822122379,0.8527484528576629,0.00011539569980356048,1295.0,2447.0,387883576.0,173339709.0,257675.0,302170.0,385586292.0,636608398.0
20.1,sysbench,stress-ng,5,0.4472972566939243,4580.2,2.789596135450495e-06,1031.0,2083.0,168682738.0,377115521.0,7504199.68,0.4472972566939243,0.49495919347095535,2.789596135450495e-06,1.7112170844064083,0.8700800543124664,0.00012139884820278824,1031.0,2083.0,377115521.0,168682738.0,307582.0,353510.0,378323194.0,647393113.0
20.2,sysbench,stress-ng,5,0.44766902453002105,4530.8,3.123635853797667e-06,1540.0,2718.0,168827013.0,377124625.0,7423262.72,0.44766902453002105,0.5665930831493745,3.123635853797667e-06,1.7272481209264954,0.8794157571808655,0.00011853747009034563,1540.0,2718.0,377124625.0,168827013.0,323924.0,368340.0,374700084.0,647200016.0
20.4,sysbench,stress-ng,5,0.4472623014983186,7488.6,2.7232489744428653e-06,961.0,1988.0,168672930.0,377123065.0,12269322.24,0.4472623014983186,0.4834004024144869,2.7232489744428653e-06,1.500541206245218,0.661984432316364,6.924972233338477e-05,961.0,1988.0,377123065.0,168672930.0,51793.0,78239.0,381893228.0,573046525.0
20.5,sysbench,stress-ng,5,0.44750628397032083,7544.099999999999,2.8372613072718593e-06,1316.0,2386.0,168765465.0,377124235.0,12360253.44,0.44750628397032083,0.5515507124895223,2.8372613072718593e-06,1.4584390523841777,0.19109734224686123,6.43749958816742e-05,1316.0,2386.0,377124235.0,168765465.0,5860.0,30665.0,385320413.0,561966338.0
20.6,sysbench,stress-ng,5,0.4476658446685887,6610.4,2.748091210260941e-06,1042.0,2108.0,173652093.0,387905611.0,10830479.36,0.4476658446685887,0.49430740037950666,2.748091210260941e-06,1.4661804930296687,0.4586125933831377,6.702587150016816e-05,1042.0,2108.0,387905611.0,173652093.0,21486.0,46850.0,378421040.0,554833547.0
20.7,sysbench,stress-ng,5,0.4473766946743129,4824.0,2.8851117119497674e-06,1382.0,2470.0,168709531.0,377108448.0,7903641.6,0.4473766946743129,0.5595141700404859,2.8851117119497674e-06,1.63063671986051,0.8462750410724109,0.000109591067562561,1382.0,2470.0,377108448.0,168709531.0,226134.0,267211.0,374820694.0,611196387.0
20.8,sysbench,stress-ng,5,0.4478420721338185,4778.7,2.7762343720709254e-06,1078.0,2125.0,168894476.0,377129543.0,7829422.08,0.4478420721338185,0.5072941176470588,2.7762343720709254e-06,1.632802193089256,0.8513510548029376,0.00010640261581156225,1078.0,2125.0,377129543.0,168894476.0,232773.0,273416.0,381973692.0,623687482.0
20.9,sysbench,stress-ng,5,0.4479395540941362,4574.1,2.828035787692099e-06,1035.0,2132.0,173756532.0,387901739.0,7494205.44,0.4479395540941362,0.48545966228893056,2.828035787692099e-06,1.672932975092171,0.8680763213496556,0.00010816401441346523,1035.0,2132.0,387901739.0,173756532.0,269108.0,310005.0,378101721.0,632538837.0
21.0,sysbench,stress-ng,5,0.44698650987634897,4458.0,2.763072006155e-06,973.0,2015.0,168565981.0,377116484.0,7303987.2,0.44698650987634897,0.48287841191067,2.763072006155e-06,1.725783583189089,0.8841919410327531,0.00011223255546478893,973.0,2015.0,377116484.0,168565981.0,321005.0,363049.0,374615011.0,646504436.0
21.1,sysbench,stress-ng,5,0.44722456945078276,5259.099999999999,2.7678394049947e-06,934.0,1978.0,168688418.0,377189514.0,8616509.44,0.44722456945078276,0.47219413549039435,2.7678394049947e-06,1.6748367321959061,0.8703203707435019,0.00010114747218149844,934.0,1978.0,377189514.0,168688418.0,259164.0,297780.0,381779190.0,639417811.0
21.3,sysbench,stress-ng,5,0.44725362865768786,7489.099999999999,2.95444801119708e-06,1202.0,2348.0,173485083.0,387889716.0,12270141.44,0.44725362865768786,0.5119250425894378,2.95444801119708e-06,1.459193964671567,0.15603413246647704,6.648539056632487e-05,1202.0,2348.0,387889716.0,173485083.0,4608.0,29532.0,374879350.0,547021685.0
21.4,sysbench,stress-ng,5,0.4471303809789836,6477.799999999999,3.2482453734207016e-06,1524.0,2749.0,168624797.0,377126682.0,10613227.52,0.4471303809789836,0.5543834121498726,3.2482453734207016e-06,1.5250136916649433,0.7614691798745479,8.007214170616764e-05,1524.0,2749.0,377126682.0,168624797.0,97481.0,128017.0,381356104.0,581573280.0
21.5,sysbench,stress-ng,5,0.4469724427869661,4818.3,2.9062440627170652e-06,1152.0,2248.0,168561823.0,377119050.0,7894302.72,0.4469724427869661,0.5124555160142349,2.9062440627170652e-06,1.6191313758318593,0.8561050067944245,0.00010106492748873675,1152.0,2248.0,377119050.0,168561823.0,227432.0,265659.0,378241997.0,612423485.0
21.6,sysbench,stress-ng,5,0.4472753893429872,4862.9,2.9432357274323207e-06,1066.0,2208.0,173546580.0,388008337.0,7967375.359999999,0.4472753893429872,0.48278985507246375,2.9432357274323207e-06,1.6285921586067922,0.8619910555394427,0.0001028186370315805,1066.0,2208.0,388008337.0,173546580.0,240736.0,279279.0,374863946.0,610500483.0
21.7,sysbench,stress-ng,5,0.44734178802445235,4568.2,2.7657139233871998e-06,1243.0,2286.0,168700559.0,377117818.0,7484538.88,0.44734178802445235,0.5437445319335084,2.7657139233871998e-06,1.71318108223624,0.8932309241465008,0.00010442992184229218,1243.0,2286.0,377117818.0,168700559.0,333536.0,373404.0,381767977.0,654037676.0
21.8,sysbench,stress-ng,5,0.4470439895584341,4500.5,2.6909694382305954e-06,1546.0,2561.0,168619399.0,377187487.0,7373619.2,0.4470439895584341,0.603670441233893,2.6909694382305954e-06,1.7146783356202588,0.8957182394813642,0.00010217810325041147,1546.0,2561.0,377187487.0,168619399.0,332702.0,371436.0,379083177.0,650005711.0
21.9,sysbench,stress-ng,5,0.447207451661016,5320.8,2.566445281187897e-06,1017.0,2015.0,173903196.0,388864710.0,8717598.72,0.447207451661016,0.5047146401985112,2.566445281187897e-06,1.5856228115735873,0.8413142452448401,8.345864035325805e-05,1017.0,2015.0,388864710.0,173903196.0,166311.0,197680.0,375862821.0,595976663.0
22.0,sysbench,stress-ng,5,0.4474536902119711,7433.200000000001,2.6085978070151184e-06,935.0,1920.0,168957393.0,377597496.0,12178554.88,0.4474536902119711,0.4869791666666667,2.6085978070151184e-06,1.454017739938621,0.1770167113678564,6.263591413040654e-05,935.0,1920.0,377597496.0,168957393.0,5148.0,29082.0,382113047.0,555599149.0
22.2,sysbench,stress-ng,5,0.44736978593161614,6593.6,2.61720319726807e-06,1465.0,2482.0,173840179.0,388582744.0,10802954.24,0.44736978593161614,0.5902497985495568,2.61720319726807e-06,1.4480200296747823,0.1537369435148565,6.614587838175459e-05,1465.0,2482.0,388582744.0,173840179.0,4548.0,29583.0,378481632.0,548048984.0
22.3,sysbench,stress-ng,5,0.44734021058249646,4793.8,2.820865616337503e-06,1290.0,2354.0,168731889.0,377189184.0,7854161.92,0.44734021058249646,0.5480033984706882,2.820865616337503e-06,1.5696330787489645,0.8247834876581726,9.35085998089342e-05,1290.0,2354.0,377189184.0,168731889.0,165233.0,200335.0,375387933.0,589221317.0
22.4,sysbench,stress-ng,5,0.4473340003699642,4837.2,2.529968853457975e-06,1047.0,2001.0,168680589.0,377079741.0,7925268.4799999995,0.4473340003699642,0.5232383808095952,2.529968853457975e-06,1.6330958501416464,0.8612259130115617,9.898190892971674e-05,1047.0,2001.0,377079741.0,168680589.0,234641.0,272450.0,381978893.0,623808145.0
22.5,sysbench,stress-ng,5,0.4472826603662605,4582.7,2.7222107685053903e-06,1314.0,2371.0,173674198.0,388287348.0,7508295.68,0.4472826603662605,0.5541965415436525,2.7222107685053903e-06,1.6373302786170039,0.8641461771046123,0.00010170144408285517,1314.0,2371.0,388287348.0,173674198.0,244931.0,283437.0,378618026.0,619922758.0
22.6,sysbench,stress-ng,5,0.4474053396705528,4517.0,2.9567021491059804e-06,1484.0,2600.0,168872052.0,377447556.0,7400652.8,0.4474053396705528,0.5707692307692308,2.9567021491059804e-06,1.72342837841913,0.8900091609923872,0.00010950423941041311,1484.0,2600.0,377447556.0,168872052.0,332260.0,373322.0,374980916.0,646252752.0
22.7,sysbench,stress-ng,5,0.44760415503396617,5339.099999999999,2.652650295936166e-06,1195.0,2195.0,168738471.0,376981467.0,8747581.44,0.44760415503396617,0.5444191343963554,2.652650295936166e-06,1.7288623935208987,0.89232713429032,0.00010686936743580968,1195.0,2195.0,376981467.0,168738471.0,338225.0,379037.0,381886793.0,660229715.0
22.8,sysbench,stress-ng,5,0.44744684063679563,7450.299999999999,2.634167222182979e-06,984.0,2006.0,173599712.0,387978406.0,12206571.52,0.44744684063679563,0.4905284147557328,2.634167222182979e-06,1.4981001978351383,0.6728259558557472,7.032679479166799e-05,984.0,2006.0,387978406.0,173599712.0,55784.0,82910.0,385713583.0,577837595.0
22.9,sysbench,stress-ng,5,0.447284575617946,7496.599999999999,2.8924632841951806e-06,966.0,2057.0,168709997.0,377187156.0,12282429.44,0.447284575617946,0.46961594555177444,2.8924632841951806e-06,1.4450219454286313,0.16170927283942158,6.466697751648966e-05,966.0,2057.0,377187156.0,168709997.0,4719.0,29182.0,378291996.0,546640236.0
23.2,sysbench,stress-ng,5,0.44789291008051796,4790.5,2.7969206156646623e-06,986.0,2071.0,173749589.0,387926634.0,7848755.2,0.44789291008051796,0.4760985031385804,2.7969206156646623e-06,1.6134742770136214,0.8540678409647968,0.00010465881942541388,986.0,2071.0,387926634.0,173749589.0,231718.0,271311.0,378305433.0,610386085.0
23.3,sysbench,stress-ng,5,0.44746469672699646,4892.0,2.8850261117534967e-06,1521.0,2609.0,168747724.0,377119637.0,8015052.8,0.44746469672699646,0.5829819854350325,2.8850261117534967e-06,1.6758129191444606,0.8777160151262899,0.00010759192089907295,1521.0,2609.0,377119637.0,168747724.0,289433.0,329757.0,374786505.0,628072067.0
23.4,sysbench,stress-ng,5,0.4472882013007956,4571.2,2.665077894843674e-06,997.0,2002.0,168672234.0,377099672.0,7489454.08,0.4472882013007956,0.498001998001998,2.665077894843674e-06,1.7290369917417676,0.888818874237788,0.00010583645608068793,997.0,2002.0,377099672.0,168672234.0,323011.0,363416.0,381768263.0,660091449.0
23.5,sysbench,stress-ng,5,0.4472429065517618,4522.5,2.9156933756923686e-06,1169.0,2300.0,173485913.0,387900871.0,7409664.0,0.4472429065517618,0.5082608695652174,2.9156933756923686e-06,1.6776874922022467,0.8694306051055892,9.957222650446841e-05,1169.0,2300.0,387900871.0,173485913.0,250769.0,288429.0,378217916.0,634531467.0
23.6,sysbench,stress-ng,5,0.44730351984136874,5348.8,2.860637538914679e-06,1063.0,2142.0,168717809.0,377188646.0,8763473.92,0.44730351984136874,0.496265172735761,2.860637538914679e-06,1.4538961464016535,0.2120049381068366,6.300165000459715e-05,1063.0,2142.0,377188646.0,168717809.0,6354.0,29971.0,374863198.0,545012159.0
23.7,sysbench,stress-ng,5,0.4476760257096435,7499.6,2.7633189280615953e-06,1252.0,2294.0,168810923.0,377082786.0,12287344.64,0.4476760257096435,0.5457715780296426,2.7633189280615953e-06,1.4547981942386383,0.17591740774813452,6.331212057932366e-05,1252.0,2294.0,377082786.0,168810923.0,5163.0,29349.0,382012161.0,555750602.0
23.9,sysbench,stress-ng,5,0.44752509497680654,6437.6,2.877064553681162e-06,962.0,2047.0,168770884.0,377120492.0,10547363.84,0.44752509497680654,0.46995603321934537,2.877064553681162e-06,1.5058443029424065,0.7365515692355538,8.056794802490236e-05,962.0,2047.0,377120492.0,168770884.0,85261.0,115757.0,378512805.0,569981351.0
24.0,sysbench,stress-ng,5,0.4477965928890621,4769.5,3.0306364252176033e-06,971.0,2114.0,168885816.0,377148506.0,7814348.8,0.4477965928890621,0.45931882686849573,3.0306364252176033e-06,1.6308197953361834,0.8505997492468048,0.0001064671068914444,971.0,2114.0,377148506.0,168885816.0,227276.0,267195.0,374942094.0,611462989.0
24.1,sysbench,stress-ng,5,0.44745477710169773,4818.7,2.6142430395856414e-06,1045.0,2059.0,173556604.0,387875184.0,7894958.08,0.44745477710169773,0.5075279261777562,2.6142430395856414e-06,1.6338403266427324,0.8553144348561821,0.00010571634473917434,1045.0,2059.0,387875184.0,173556604.0,238572.0,278929.0,381747970.0,623715228.0
24.2,sysbench,stress-ng,5,0.44751624432049464,4601.2,2.866505188111871e-06,1555.0,2636.0,168764760.0,377114266.0,7538606.08,0.44751624432049464,0.5899089529590288,2.866505188111871e-06,1.7077179416296606,0.881201140387596,0.00010903891710137142,1555.0,2636.0,377114266.0,168764760.0,311561.0,353564.0,385211089.0,657831888.0
24.3,sysbench,stress-ng,5,0.44793471482708236,4526.4,2.688737335907938e-06,1086.0,2100.0,168929034.0,377128694.0,7416053.76,0.44793471482708236,0.5171428571428571,2.688737335907938e-06,1.7264209097510486,0.8863671536671653,0.00010858339152839602,1086.0,2100.0,377128694.0,168929034.0,326457.0,368309.0,385436478.0,665425595.0
24.4,sysbench,stress-ng,5,0.4476309091022806,5391.4,2.724992737778342e-06,981.0,2038.0,173631975.0,387890942.0,8833269.76,0.4476309091022806,0.4813542688910697,2.724992737778342e-06,1.5773012339576837,0.8322364697702246,8.227362590257637e-05,981.0,2038.0,387890942.0,173631975.0,154404.0,185529.0,378310785.0,596710068.0
24.5,sysbench,stress-ng,5,0.44698154933076695,7529.700000000001,2.733839063508182e-06,1321.0,2352.0,168568071.0,377125345.0,12336660.48,0.44698154933076695,0.5616496598639455,2.733839063508182e-06,1.4547753606210494,0.16533233400333866,6.537700901080375e-05,1321.0,2352.0,377125345.0,168568071.0,4853.0,29353.0,374749478.0,545176307.0
24.6,sysbench,stress-ng,5,0.44714838143198077,7466.2,2.805130555150768e-06,1233.0,2291.0,168649187.0,377166046.0,12232622.08,0.44714838143198077,0.5381929288520296,2.805130555150768e-06,1.4524304596676745,0.17940638341126244,6.339692454003775e-05,1233.0,2291.0,377166046.0,168649187.0,5295.0,29514.0,382021686.0,554859933.0
24.7,sysbench,stress-ng,5,0.447549052072619,6468.6,2.6653134985170744e-06,1143.0,2177.0,173625249.0,387946859.0,10598154.24,0.447549052072619,0.5250344510794671,2.6653134985170744e-06,1.563218816735958,0.8167412281161273,9.25157750199569e-05,1143.0,2177.0,387946859.0,173625249.0,155911.0,190894.0,378130108.0,591100100.0
24.9,sysbench,stress-ng,5,0.44741106745397147,4778.400000000001,2.6835127129439265e-06,1050.0,2062.0,168726609.0,377117647.0,7828930.5600000005,0.44741106745397147,0.5092143549951503,2.6835127129439265e-06,1.6527694549993373,0.8614304678248822,0.00010634567575215509,1050.0,2062.0,377117647.0,168726609.0,252431.0,293037.0,381830288.0,631077437.0
25.0,sysbench,stress-ng,5,0.44761636441587943,4559.1,2.680778838005037e-06,1070.0,2081.0,168809205.0,377129208.0,7469629.44,0.44761636441587943,0.5141758769822201,2.680778838005037e-06,1.7117220510506574,0.8826700584024224,0.00010631633739974472,1070.0,2081.0,377129208.0,168809205.0,302574.0,342794.0,378304981.0,647552978.0
25.1,sysbench,stress-ng,5,0.44725350303941014,4495.2,3.0034231857350468e-06,1310.0,2475.0,173485486.0,387890726.0,7364935.68,0.44725350303941014,0.5292929292929293,3.0034231857350468e-06,1.7329513571043105,0.8858385438377101,0.00010965361157866766,1310.0,2475.0,387890726.0,173485486.0,318769.0,359850.0,374643383.0,649238759.0
25.2,sysbench,stress-ng,5,0.44761532580326474,5520.699999999999,3.1369319590972715e-06,1226.0,2409.0,168804723.0,377120070.0,9045114.879999999,0.44761532580326474,0.5089248650892486,3.1369319590972715e-06,1.5036193471390213,0.6956900355293407,6.862357750804369e-05,1226.0,2409.0,377120070.0,168804723.0,59917.0,86126.0,381924128.0,574268508.0
25.3,sysbench,stress-ng,5,0.44727295027837966,7442.1,2.839879789665085e-06,981.0,2052.0,168679439.0,377128639.0,12193136.64,0.44727295027837966,0.4780701754385965,2.839879789665085e-06,1.4490432023561641,0.1870387983339346,6.554795893577447e-05,981.0,2052.0,377128639.0,168679439.0,5703.0,30491.0,378165856.0,547978663.0
25.4,sysbench,stress-ng,5,0.447100795735596,7531.5,3.0937766473266867e-06,1447.0,2647.0,173419421.0,387875447.0,12339609.6,0.447100795735596,0.5466565923687193,3.0937766473266867e-06,1.4540985063475653,0.1758612777395352,6.709567584514625e-05,1447.0,2647.0,387875447.0,173419421.0,5365.0,30507.0,374718634.0,544877806.0
25.6,sysbench,stress-ng,5,0.44746342747935064,4797.5,2.797454949202142e-06,937.0,1992.0,168751213.0,377128504.0,7860224.0,0.44746342747935064,0.4703815261044177,2.797454949202142e-06,1.6311957285146008,0.8549068358584321,0.00010609992185701457,937.0,1992.0,377128504.0,168751213.0,238631.0,279131.0,381715644.0,622652928.0
25.7,sysbench,stress-ng,5,0.4475897053918144,4828.8,2.430425256146268e-06,1275.0,2218.0,173663885.0,387997943.0,7911505.920000001,0.4475897053918144,0.5748422001803426,2.430425256146268e-06,1.617739660715817,0.851802690859005,0.00010174955183204167,1275.0,2218.0,387997943.0,173663885.0,221398.0,259917.0,378566778.0,612422491.0
25.8,sysbench,stress-ng,5,0.44721504899419545,4577.5,2.4100526078161164e-06,1028.0,1937.0,168676185.0,377170190.0,7499776.0,0.44721504899419545,0.5307176045431079,2.4100526078161164e-06,1.6787414432146472,0.868094513948347,0.00011015907725284158,1028.0,1937.0,377170190.0,168676185.0,271724.0,313012.0,374803430.0,629198051.0
25.9,sysbench,stress-ng,5,0.44728736935321584,4501.2,2.38362137477508e-06,990.0,1890.0,168885309.0,377576745.0,7374766.08,0.44728736935321584,0.5238095238095238,2.38362137477508e-06,1.726276585855631,0.8845687058929294,0.00010757414478155636,990.0,1890.0,377576745.0,168885309.0,314864.0,355952.0,381950515.0,659352231.0
26.0,sysbench,stress-ng,5,0.4474010831807594,5455.8,2.136466433042775e-06,1017.0,1847.0,173811717.0,388491945.0,8938782.72,0.4474010831807594,0.5506226312939903,2.136466433042775e-06,1.6753622463336055,0.8761570328176581,0.00010098062891749058,1017.0,1847.0,388491945.0,173811717.0,270715.0,308980.0,378934063.0,634851823.0
26.1,sysbench,stress-ng,5,0.44733409625610193,7433.0,2.400509786761948e-06,964.0,1871.0,169019109.0,377836410.0,12178227.2,0.44733409625610193,0.5152324959914484,2.400509786761948e-06,1.4488714619462502,0.17873651771956856,6.524029651238461e-05,964.0,1871.0,377836410.0,169019109.0,5336.0,29854.0,375810677.0,544501365.0
26.2,sysbench,stress-ng,5,0.4411838733270658,7639.700000000001,3.748587120425817e-06,2383.0,3798.0,166536127.0,377475554.0,12516884.48,0.4411838733270658,0.6274354923644023,3.748587120425817e-06,1.4457643388554022,0.14985052316890882,6.544536882392055e-05,2383.0,3798.0,377475554.0,166536127.0,4411.0,29436.0,382379998.0,552831365.0
26.3,sysbench,stress-ng,5,0.4471122013315127,6516.9,2.499432318686939e-06,1229.0,2200.0,173697821.0,388488215.0,10677288.959999999,0.4471122013315127,0.5586363636363636,2.499432318686939e-06,1.4900113214285469,0.7062496265758499,7.785230563328295e-05,1229.0,2200.0,388488215.0,173697821.0,70923.0,100422.0,378909780.0,564579862.0
26.4,sysbench,stress-ng,5,0.447355252825212,4837.5,2.7587234356386196e-06,972.0,2012.0,168646649.0,376985959.0,7925760.0,0.447355252825212,0.4831013916500994,2.7587234356386196e-06,1.630837015819142,0.8531200285463656,0.00010537648416981923,972.0,2012.0,376985959.0,168646649.0,229520.0,269036.0,374998277.0,611561071.0
26.5,sysbench,stress-ng,5,0.4470872357270808,4792.700000000001,3.1633057802240674e-06,1205.0,2398.0,168613188.0,377137110.0,7852359.680000001,0.4470872357270808,0.5025020850708924,3.1633057802240674e-06,1.6305013290570034,0.8592145169100593,0.00010123475693737237,1205.0,2398.0,377137110.0,168613188.0,235991.0,274659.0,381963677.0,622792283.0
26.7,sysbench,stress-ng,5,0.4470920130383802,4500.1,2.980220044959507e-06,1503.0,2659.0,173422888.0,387890821.0,7372963.84,0.4470920130383802,0.5652500940203083,2.980220044959507e-06,1.725564025828104,0.8873223371789272,0.00010805797032779844,1503.0,2659.0,387890821.0,173422888.0,318956.0,359459.0,374826585.0,646787271.0
26.8,sysbench,stress-ng,5,0.4473326601893573,5449.099999999999,2.892827062683007e-06,1822.0,2913.0,168706916.0,377139724.0,8927805.44,0.4473326601893573,0.6254720219704771,2.892827062683007e-06,1.6137696655508882,0.8463002671221675,8.860383511799713e-05,1822.0,2913.0,377139724.0,168706916.0,186291.0,220124.0,381845774.0,616211127.0
26.9,sysbench,stress-ng,5,0.44746375334755445,7510.1,3.019609361752963e-06,1082.0,2221.0,168783824.0,377201109.0,12304547.84,0.44746375334755445,0.4871679423683026,3.019609361752963e-06,1.4472802882484204,0.18258196721311476,6.323856318338202e-05,1082.0,2221.0,377201109.0,168783824.0,5346.0,29280.0,378471597.0,547754482.0
27.0,sysbench,stress-ng,5,0.4474609263385365,7438.3,2.6860415050793804e-06,1004.0,2046.0,173584170.0,387931459.0,12186910.72,0.4474609263385365,0.49071358748778104,2.6860415050793804e-06,1.4573280296199846,0.16740043348685993,6.560104841282126e-05,1004.0,2046.0,387931459.0,173584170.0,4943.0,29528.0,374765352.0,546156052.0
27.1,sysbench,stress-ng,5,0.4472063994144909,6370.700000000001,2.6228969365720084e-06,992.0,1981.0,168625432.0,377063996.0,10437754.88,0.4472063994144909,0.5007571933366987,2.6228969365720084e-06,1.564179007903597,0.8093567251461988,8.964052593549984e-05,992.0,1981.0,377063996.0,168625432.0,145320.0,179550.0,381858536.0,597295106.0
27.2,sysbench,stress-ng,5,0.44736210363265916,4896.0,3.0464782897894943e-06,1375.0,2524.0,168725659.0,377156799.0,8021606.4,0.44736210363265916,0.544770206022187,3.0464782897894943e-06,1.618014431558782,0.8592980749388285,0.00010096995843064007,1375.0,2524.0,377156799.0,168725659.0,233186.0,271368.0,378152082.0,611855526.0
27.4,sysbench,stress-ng,5,0.4472960659557312,4572.3,2.8399532192086866e-06,1242.0,2313.0,168683795.0,377118888.0,7491256.32,0.4472960659557312,0.5369649805447471,2.8399532192086866e-06,1.6444702510397984,0.8598118672161205,0.0001062950642168705,1242.0,2313.0,377118888.0,168683795.0,244325.0,284161.0,374768107.0,616295003.0
27.5,sysbench,stress-ng,5,0.4472751431172026,4476.400000000001,2.6618724470333316e-06,1009.0,2013.0,168702390.0,377178103.0,7334133.760000001,0.4472751431172026,0.5012419274714357,2.6618724470333316e-06,1.7242807783188456,0.8883860331047736,0.00010707518996595955,1009.0,2013.0,377178103.0,168702390.0,325462.0,366352.0,381881181.0,658470380.0
27.6,sysbench,stress-ng,5,0.4472666877192941,5556.2,2.8609950083395297e-06,1060.0,2170.0,173529147.0,387976909.0,9103278.08,0.4472666877192941,0.48847926267281105,2.8609950083395297e-06,1.7155074207126362,0.8905887694378233,0.00010704142614238763,1060.0,2170.0,387976909.0,173529147.0,329541.0,370026.0,378218055.0,648835880.0
27.7,sysbench,stress-ng,5,0.46841230030795766,7774.400000000001,3.180515557871786e-05,33597.0,45459.0,174698303.0,372958402.0,12737576.96,0.46841230030795766,0.7390615719659474,3.180515557871786e-05,1.5191969056073564,0.7628810611743845,7.281879271588604e-05,33597.0,45459.0,372958402.0,174698303.0,89489.0,117304.0,381975572.0,580296107.0
27.8,sysbench,stress-ng,5,0.44728096021577257,7474.400000000001,2.587923665808085e-06,1609.0,2585.0,168685894.0,377136317.0,12246056.96,0.44728096021577257,0.6224371373307543,2.587923665808085e-06,1.4519562740787806,0.20468695124676733,6.579508907937946e-05,1609.0,2585.0,377136317.0,168685894.0,6411.0,31321.0,378599685.0,549710188.0
27.9,sysbench,stress-ng,5,0.4472201672413938,6331.3,2.592726799279333e-06,1082.0,2088.0,173525220.0,388008486.0,10373201.92,0.4472201672413938,0.5181992337164751,2.592726799279333e-06,1.4551701063960567,0.18987554094401018,6.321417254576054e-05,1082.0,2088.0,388008486.0,173525220.0,5660.0,29809.0,382018763.0,555902284.0
28.0,sysbench,stress-ng,5,0.44747992405222253,4752.5,2.7323805948884965e-06,1340.0,2371.0,168846098.0,377326644.0,7786496.0,0.44747992405222253,0.5651623787431463,2.7323805948884965e-06,1.603772529506147,0.8476838606116979,0.00010258886259305104,1340.0,2371.0,377326644.0,168846098.0,215989.0,254799.0,378306173.0,606717048.0
28.1,sysbench,stress-ng,5,0.4474133822983171,4772.6,2.6848328399329533e-06,1133.0,2145.0,168644519.0,376932219.0,7819427.84,0.4474133822983171,0.5282051282051282,2.6848328399329533e-06,1.6294167605053698,0.8613075423707828,0.00010461378602638928,1133.0,2145.0,376932219.0,168644519.0,243477.0,282683.0,374768962.0,610654828.0
28.4,sysbench,stress-ng,5,0.44740220318402607,4489.2,2.66251828638244e-06,1034.0,2038.0,168709381.0,377086612.0,7355105.28,0.44740220318402607,0.507360157016683,2.66251828638244e-06,1.694777887426945,0.8879073294701316,0.00010244052664260495,1034.0,2038.0,377086612.0,168709381.0,306756.0,345482.0,378033980.0,640683630.0
28.5,sysbench,stress-ng,5,0.4472403534567361,5482.5,2.837474627109626e-06,1107.0,2177.0,168652496.0,377095883.0,8982528.0,0.4472403534567361,0.5084979329352319,2.837474627109626e-06,1.4589029625723393,0.22254373711168762,6.233151142480872e-05,1107.0,2177.0,377095883.0,168652496.0,6691.0,30066.0,375010961.0,547104602.0
28.6,sysbench,stress-ng,5,0.44726947084733,7500.1,2.6369211580756616e-06,1192.0,2215.0,173519283.0,387952441.0,12288163.84,0.44726947084733,0.5381489841986457,2.6369211580756616e-06,1.4568469358133103,0.16839324917672888,6.349307435338624e-05,1192.0,2215.0,387952441.0,173519283.0,4909.0,29152.0,381821171.0,556255003.0
28.7,sysbench,stress-ng,5,0.44716848399460046,7537.0,2.8122095808804763e-06,1247.0,2338.0,173479537.0,387951171.0,12348620.8,0.44716848399460046,0.5333618477331052,2.8122095808804763e-06,1.491083248610246,0.7093476531424026,7.724374425503285e-05,1247.0,2338.0,387951171.0,173479537.0,71332.0,100560.0,378386629.0,564205964.0
28.8,sysbench,stress-ng,5,0.4471316422595637,6338.400000000001,2.9539187664808584e-06,1767.0,2881.0,168625033.0,377126146.0,10384834.56,0.4471316422595637,0.613328705310656,2.9539187664808584e-06,1.629865014716334,0.8575216748029076,0.00010637268970680587,1767.0,2881.0,377126146.0,168625033.0,239950.0,279818.0,374795449.0,610865990.0
28.9,sysbench,stress-ng,5,0.4472709857485175,4769.5,2.754285692627691e-06,1067.0,2096.0,167100256.0,373599588.0,7814348.8,0.4472709857485175,0.5090648854961832,2.754285692627691e-06,1.6311510395247588,0.8598435960420223,0.00010575001941468471,1067.0,2096.0,373599588.0,167100256.0,247831.0,288228.0,382004658.0,623107295.0
29.1,sysbench,stress-ng,5,0.4474156957390983,4543.0,2.7417750903703256e-06,1016.0,2050.0,168732961.0,377127943.0,7443251.2,0.4474156957390983,0.49560975609756097,2.7417750903703256e-06,1.7031991261284014,0.876483591225982,0.00011302263536038556,1016.0,2050.0,377127943.0,168732961.0,309276.0,352860.0,385621870.0,656790832.0
29.2,sysbench,stress-ng,5,0.4471367617088338,4473.7,2.9456934474841607e-06,992.0,2103.0,168642444.0,377160767.0,7329710.08,0.4471367617088338,0.4717070851165002,2.9456934474841607e-06,1.7115785263401573,0.892765856425001,0.00010751863964538536,992.0,2103.0,377160767.0,168642444.0,338452.0,379105.0,378101882.0,647151062.0
29.3,sysbench,stress-ng,5,0.4474193156501273,5557.799999999999,2.8586129272869142e-06,1343.0,2452.0,173576498.0,387950390.0,9105899.52,0.4474193156501273,0.547716150081566,2.8586129272869142e-06,1.6175622347815937,0.8648882045516573,8.848744700493896e-05,1343.0,2452.0,387950390.0,173576498.0,212324.0,245493.0,374844129.0,606333707.0
29.4,sysbench,stress-ng,5,0.44713934074030853,7481.3,2.8982068150094956e-06,1166.0,2259.0,168629546.0,377129746.0,12257361.92,0.44713934074030853,0.516157591854803,2.8982068150094956e-06,1.4588247788495177,0.18428521979923848,6.172798760473928e-05,1166.0,2259.0,377129746.0,168629546.0,5324.0,28890.0,381771720.0,556938045.0
29.5,sysbench,stress-ng,5,0.4476786389522365,7525.900000000001,3.0521717529226177e-06,1021.0,2172.0,168823433.0,377108529.0,12330434.56,0.4476786389522365,0.47007366482504603,3.0521717529226177e-06,1.451704414192008,0.15954201090123754,6.480512575054417e-05,1021.0,2172.0,377108529.0,168823433.0,4654.0,29171.0,378318840.0,549207130.0
29.6,sysbench,stress-ng,5,0.4474134877526583,6309.8,2.967278237405998e-06,981.0,2132.0,173550602.0,387897564.0,10337976.32,0.4474134877526583,0.4601313320825516,2.967278237405998e-06,1.5649172813122363,0.80029966597383,9.459164246592867e-05,981.0,2132.0,387897564.0,173550602.0,142078.0,177531.0,374800554.0,586531864.0
29.7,sysbench,stress-ng,5,0.4472470123050503,4810.6,2.951281885309415e-06,1665.0,2778.0,168667699.0,377124261.0,7881687.04,0.4472470123050503,0.5993520518358532,2.951281885309415e-06,1.6323968069178203,0.8557521324775639,0.00010874340632969359,1665.0,2778.0,377124261.0,168667699.0,246395.0,287928.0,381935801.0,623470782.0
29.8,sysbench,stress-ng,5,0.44706676434523046,4793.0,2.9565656090532977e-06,991.0,2106.0,168600839.0,377126757.0,7852851.2,0.44706676434523046,0.47056030389363723,2.9565656090532977e-06,1.62814090705382,0.8606149748969041,0.00010854158439901622,991.0,2106.0,377126757.0,168600839.0,253353.0,294386.0,378039442.0,615501480.0
29.9,sysbench,stress-ng,5,0.4470776136098502,4542.0,2.9621090719815917e-06,1078.0,2227.0,173421088.0,387899288.0,7441612.8,0.4470776136098502,0.48405927256398745,2.9621090719815917e-06,1.7240122445723165,0.8823867854491463,0.00011838726499231164,1078.0,2227.0,387899288.0,173421088.0,332801.0,377160.0,374694018.0,645977075.0
30.1,sysbench,stress-ng,5,0.44665355274185453,5574.099999999999,2.765673683306313e-06,1019.0,2062.0,168443464.0,377123305.0,9132605.44,0.44665355274185453,0.494180407371484,2.765673683306313e-06,1.518175247343733,0.744240510259299,7.622239474552722e-05,1019.0,2062.0,377123305.0,168443464.0,83896.0,112727.0,378248415.0,574247381.0
30.2,sysbench,stress-ng,5,0.44730563079604524,7750.699999999999,3.163963172560801e-06,1078.0,2260.0,167105376.0,373582098.0,12698746.879999999,0.44730563079604524,0.47699115044247786,3.163963172560801e-06,1.4536399667430882,0.169299765569259,6.531890200042437e-05,1078.0,2260.0,373582098.0,167105376.0,4983.0,29433.0,374317376.0,544122698.0
30.3,sysbench,stress-ng,5,0.44717885616349434,7480.699999999999,3.346697907316696e-06,1778.0,3088.0,175039492.0,391430609.0,12256378.879999999,0.44717885616349434,0.5757772020725389,3.346697907316696e-06,1.459532892418491,0.1760399446712324,6.394678136405886e-05,1778.0,3088.0,391430609.0,175039492.0,5218.0,29641.0,381926963.0,557434965.0
30.4,sysbench,stress-ng,5,0.4475795305433255,6246.3,2.6807798047454693e-06,1059.0,2070.0,168795253.0,377129072.0,10233937.92,0.4475795305433255,0.5115942028985507,2.6807798047454693e-06,1.6096174602781617,0.8314334536631554,0.00012049916260551221,1059.0,2070.0,377129072.0,168795253.0,224793.0,270368.0,378218396.0,608786934.0
30.5,sysbench,stress-ng,5,0.4470627048591913,4789.599999999999,2.781625914600722e-06,989.0,2038.0,168595200.0,377117568.0,7847280.64,0.4470627048591913,0.48527968596663396,2.781625914600722e-06,1.6312013694207652,0.8435114126838326,0.00012678814205872442,989.0,2038.0,377117568.0,168595200.0,256209.0,303741.0,374893103.0,611526143.0
30.6,sysbench,stress-ng,5,0.4476589813460113,4786.5,3.139817997897683e-06,1325.0,2543.0,173656129.0,387920574.0,7842201.600000001,0.4476589813460113,0.5210381439244987,3.139817997897683e-06,1.6682539670653023,0.8647367989527938,0.00012527163964868573,1325.0,2543.0,387920574.0,173656129.0,305860.0,353703.0,381914056.0,637129639.0
30.8,sysbench,stress-ng,5,0.4471649869237897,4491.3,2.6131854361546427e-06,1029.0,2015.0,168723073.0,377317272.0,7358545.92,0.4471649869237897,0.5106699751861042,2.6131854361546427e-06,1.7086900221390229,0.8688795682838213,0.00012965722951392795,1029.0,2015.0,377317272.0,168723073.0,325239.0,374320.0,378544260.0,646814800.0
30.9,sysbench,stress-ng,5,0.4471876683593268,5632.4,2.07403006995534e-06,965.0,1773.0,174215235.0,389579694.0,9228124.16,0.4471876683593268,0.5442752397067118,2.07403006995534e-06,1.712784632217621,0.8691196091934235,0.00012918718017201572,965.0,1773.0,389579694.0,174215235.0,323090.0,371744.0,376616317.0,645062640.0
31.0,sysbench,stress-ng,5,0.4472008922747174,7455.5,2.112637870780457e-06,954.0,1754.0,169343132.0,378673511.0,12215091.2,0.4472008922747174,0.5438996579247435,2.112637870780457e-06,1.450038758097712,0.2365902293120638,5.988996640248754e-05,954.0,1754.0,378673511.0,169343132.0,7119.0,30090.0,383553396.0,556167290.0
31.1,sysbench,stress-ng,5,0.4471936799041195,7448.200000000001,2.4363603650997616e-06,938.0,1857.0,168682350.0,377201999.0,12203130.88,0.4471936799041195,0.5051157781367798,2.4363603650997616e-06,1.442673549828707,0.18730564577430722,6.20005028311687e-05,938.0,1857.0,377201999.0,168682350.0,5421.0,28942.0,379367891.0,547304022.0
31.2,sysbench,stress-ng,5,0.44723226463559546,6293.5,2.8626988213319878e-06,1262.0,2372.0,173412519.0,387745994.0,10311270.4,0.44723226463559546,0.5320404721753794,2.8626988213319878e-06,1.4917653481992303,0.6793768480515469,7.759357761429238e-05,1262.0,2372.0,387745994.0,173412519.0,61576.0,90636.0,374515532.0,558689293.0
31.3,sysbench,stress-ng,5,0.4473829939851596,4836.9,2.6144182445708244e-06,1041.0,2027.0,168725732.0,377139351.0,7924776.96,0.4473829939851596,0.5135668475579674,2.6144182445708244e-06,1.630809501857572,0.848337837287307,0.00011690423822808626,1041.0,2027.0,377139351.0,168725732.0,249883.0,294556.0,382133280.0,623186584.0
31.4,sysbench,stress-ng,5,0.4476530130157469,4785.6,2.55042140026889e-06,1165.0,2127.0,168851390.0,377192569.0,7840727.04,0.4476530130157469,0.5477197931358722,2.55042140026889e-06,1.6149526864185497,0.8473289818353588,0.00011273213447818251,1165.0,2127.0,377192569.0,168851390.0,236781.0,279444.0,378445775.0,611172021.0
31.5,sysbench,stress-ng,5,0.44708255985599243,4569.9,2.6706559392123233e-06,1050.0,2086.0,173432124.0,387919681.0,7487324.16,0.44708255985599243,0.5033557046979866,2.6706559392123233e-06,1.6997830499984659,0.8766273715690359,0.0001192350589564293,1050.0,2086.0,387919681.0,173432124.0,317752.0,362471.0,375049087.0,637502081.0
31.6,sysbench,stress-ng,5,0.4473369420644004,4544.9,2.825120892490746e-06,1237.0,2333.0,173543472.0,387948000.0,7446364.16,0.4473369420644004,0.5302186026575225,2.825120892490746e-06,1.7293552231001168,0.8835569463459156,0.00011697237213057592,1237.0,2333.0,387948000.0,173543472.0,338822.0,383475.0,381739715.0,660163570.0
31.7,sysbench,stress-ng,5,0.44702757952487054,5645.599999999999,2.9261465421397654e-06,1097.0,2201.0,168658145.0,377288008.0,9249751.04,0.44702757952487054,0.4984098137210359,2.9261465421397654e-06,1.6178330804439645,0.8567210399337438,9.458770703970285e-05,1097.0,2201.0,377288008.0,168658145.0,214128.0,249939.0,378600995.0,612513214.0
31.9,sysbench,stress-ng,5,0.44682827162176375,7632.5,3.887227159675397e-06,1857.0,3323.0,168513498.0,377132578.0,12505088.0,0.44682827162176375,0.5588323803791755,3.887227159675397e-06,1.4573823579372476,0.16719907564738667,6.424586250327332e-05,1857.0,3323.0,377132578.0,168513498.0,4920.0,29426.0,381440906.0,555905247.0
32.0,sysbench,stress-ng,5,0.4476393654976605,6257.9,2.897591137619544e-06,1222.0,2346.0,173643079.0,387908420.0,10252943.36,0.4476393654976605,0.5208866155157715,2.897591137619544e-06,1.5413783994364783,0.7891089170508346,8.958374173640985e-05,1222.0,2346.0,387908420.0,173643079.0,126839.0,160737.0,378394554.0,583249192.0
32.1,sysbench,stress-ng,5,0.4474188414372397,4808.1,2.690953862157765e-06,979.0,2023.0,173583530.0,387966518.0,7877591.04,0.4474188414372397,0.4839347503707365,2.690953862157765e-06,1.6334203243509233,0.8524973044228957,0.00010983316036995625,979.0,2023.0,387966518.0,173583530.0,237984.0,279161.0,374904991.0,612377432.0
32.2,sysbench,stress-ng,5,0.4472082535767626,4895.8,3.26921811526203e-06,1184.0,2417.0,168666561.0,377154401.0,8021278.72,0.4472082535767626,0.4898634671079851,3.26921811526203e-06,1.6383613143718443,0.8561656002591422,0.00010818056593124648,1184.0,2417.0,377154401.0,168666561.0,245806.0,287101.0,381722906.0,625400042.0
32.3,sysbench,stress-ng,5,0.4475180971523321,4549.7,3.3993491264636602e-06,2066.0,3348.0,168772956.0,377131019.0,7454228.4799999995,0.4475180971523321,0.6170848267622461,3.3993491264636602e-06,1.7147640365428087,0.8832608606191958,0.00011251761568223316,2066.0,3348.0,377131019.0,168772956.0,321953.0,364505.0,378180783.0,648490806.0
32.4,sysbench,stress-ng,5,0.44702080369253594,4490.8,2.838288065697815e-06,944.0,2045.0,173403789.0,387909886.0,7357726.72,0.44702080369253594,0.46161369193154034,2.838288065697815e-06,1.7295287527240573,0.8868375628249624,0.00011488470229744009,944.0,2045.0,387909886.0,173403789.0,337549.0,380621.0,374915016.0,648426300.0
32.6,sysbench,stress-ng,5,0.44751154391762593,7516.900000000001,2.7120506039692953e-06,1295.0,2318.0,168803749.0,377205351.0,12315688.96,0.44751154391762593,0.5586712683347713,2.7120506039692953e-06,1.5469020229591481,0.8095488477766959,7.686268620875815e-05,1295.0,2318.0,377205351.0,168803749.0,124711.0,154050.0,381706670.0,590462820.0
32.7,sysbench,stress-ng,5,0.44725732952731984,7518.5,2.481260650069083e-06,1572.0,2508.0,168717809.0,377227600.0,12318310.4,0.44725732952731984,0.6267942583732058,2.481260650069083e-06,1.4453007230432038,0.1632001647446458,6.438568168916845e-05,1572.0,2508.0,377227600.0,168717809.0,4755.0,29136.0,378671148.0,547293684.0
32.8,sysbench,stress-ng,5,0.4471306122040154,6177.6,2.4698968112948948e-06,992.0,1950.0,173428754.0,387870455.0,10121379.84,0.4471306122040154,0.5087179487179487,2.4698968112948948e-06,1.4540394477238847,0.13808219178082193,6.713329355980884e-05,992.0,1950.0,387870455.0,173428754.0,4032.0,29200.0,374895952.0,545113503.0
32.9,sysbench,stress-ng,5,0.44728999430221017,4790.9,2.720949297520507e-06,1003.0,2029.0,168661553.0,377074281.0,7849410.56,0.44728999430221017,0.49433218334154755,2.720949297520507e-06,1.6079081928334,0.8322123908713029,0.00010429686322386682,1003.0,2029.0,377074281.0,168661553.0,197608.0,237449.0,381996148.0,614214736.0
33.0,sysbench,stress-ng,5,0.44708959699998446,4775.7,2.7469600690827577e-06,1019.0,2055.0,168617239.0,377144179.0,7824506.88,0.44708959699998446,0.4958637469586375,2.7469600690827577e-06,1.6167328747986014,0.8600846839160494,0.0001048591424333655,1019.0,2055.0,377144179.0,168617239.0,243957.0,283643.0,378469622.0,611884280.0
33.1,sysbench,stress-ng,5,0.44722481376684703,4513.1,2.6392186619955728e-06,1034.0,2058.0,173520374.0,387993619.0,7394263.04,0.44722481376684703,0.5024295432458697,2.6392186619955728e-06,1.664727128363724,0.8685571501474963,0.00011267362847838345,1034.0,2058.0,387993619.0,173520374.0,279123.0,321364.0,374896953.0,624101128.0
33.2,sysbench,stress-ng,5,0.4473463848528163,4562.2,3.1050247605439908e-06,1322.0,2493.0,168708032.0,377130648.0,7474708.4799999995,0.4473463848528163,0.5302847974328119,3.1050247605439908e-06,1.7226849206949242,0.8937203518167504,0.0001110194872449128,1322.0,2493.0,377130648.0,168708032.0,356455.0,398844.0,381815851.0,657748409.0
33.4,sysbench,stress-ng,5,0.44751474864502633,5697.0,2.6337740484316103e-06,1165.0,2187.0,173651978.0,388036324.0,9333964.8,0.44751474864502633,0.5326931870141747,2.6337740484316103e-06,1.4482734775117285,0.2056613484302625,6.117936614450575e-05,1165.0,2187.0,388036324.0,173651978.0,5994.0,29145.0,378411897.0,548043914.0
33.6,sysbench,stress-ng,5,0.4473365033745056,7489.8,2.566604520810309e-06,975.0,1943.0,168713852.0,377151989.0,12271288.32,0.4473365033745056,0.5018013381369018,2.566604520810309e-06,1.4907608022219376,0.6413629139586268,7.269231158148778e-05,975.0,1943.0,377151989.0,168713852.0,49637.0,77393.0,381828551.0,569215037.0
33.7,sysbench,stress-ng,5,0.44713404559286135,6177.4,2.712284531596336e-06,1099.0,2122.0,168646808.0,377172818.0,10121052.16,0.44713404559286135,0.5179076343072573,2.712284531596336e-06,1.6177331108195583,0.8565574355170053,0.00010612198941027141,1099.0,2122.0,377172818.0,168646808.0,240165.0,280384.0,378988372.0,613102038.0
33.8,sysbench,stress-ng,5,0.4473341650681577,4854.3,2.4787208507254127e-06,1208.0,2171.0,173792382.0,388506838.0,7953285.12,0.4473341650681577,0.5564256103178259,2.4787208507254127e-06,1.6295375876384828,0.8547370135272438,0.00010925081022580984,1208.0,2171.0,388506838.0,173792382.0,241435.0,282467.0,375576162.0,612015473.0
33.9,sysbench,stress-ng,5,0.4470529670742575,4783.9,2.5347674243067977e-06,970.0,1928.0,168960962.0,377943945.0,7837941.76,0.4470529670742575,0.5031120331950207,2.5347674243067977e-06,1.6933935660953454,0.8805038257127794,0.00010956340796529767,970.0,1928.0,377943945.0,168960962.0,308982.0,350915.0,382728146.0,648109380.0
34.0,sysbench,stress-ng,5,0.44728101835783934,4567.5,2.663168798291063e-06,1099.0,2105.0,168958387.0,377745489.0,7483392.0,0.44728101835783934,0.5220902612826603,2.663168798291063e-06,1.7153565606714427,0.8867696784807825,0.00010848544114052919,1099.0,2105.0,377745489.0,168958387.0,321783.0,362871.0,378742065.0,649677686.0
34.1,sysbench,stress-ng,5,0.44738655386387527,4483.3,2.5033771252802565e-06,1028.0,2000.0,173709237.0,388275498.0,7345438.720000001,0.44738655386387527,0.514,2.5033771252802565e-06,1.6446535167282634,0.8567575502534693,9.758032032782847e-05,1028.0,2000.0,388275498.0,173709237.0,218863.0,255455.0,374993645.0,616734617.0
34.3,sysbench,stress-ng,5,0.4480769643148865,7574.9,3.1660475731103823e-06,1464.0,2658.0,168981635.0,377126361.0,12410716.16,0.4480769643148865,0.5507900677200903,3.1660475731103823e-06,1.4579505228002707,0.18411109976513837,6.28092339394876e-05,1464.0,2658.0,377126361.0,168981635.0,5409.0,29379.0,381631784.0,556400259.0
34.4,sysbench,stress-ng,5,0.447344712728244,7462.6,2.645363163486571e-06,974.0,2000.0,173501953.0,387848449.0,12226723.84,0.447344712728244,0.487,2.645363163486571e-06,1.4538649240416242,0.15702001835298915,6.560341506997438e-05,974.0,2000.0,387848449.0,173501953.0,4620.0,29423.0,378074830.0,549669734.0
34.5,sysbench,stress-ng,5,0.4473988025925929,6097.7,2.7397568296335997e-06,1109.0,2142.0,168687585.0,377040761.0,9990471.68,0.4473988025925929,0.5177404295051354,2.7397568296335997e-06,1.5461383083866307,0.780456695885312,8.993032741380553e-05,1109.0,2142.0,377040761.0,168687585.0,119932.0,153669.0,375145971.0,580027557.0
34.6,sysbench,stress-ng,5,0.44717874546187525,4766.7,3.012266577944809e-06,1469.0,2605.0,168642131.0,377124657.0,7809761.28,0.44717874546187525,0.5639155470249521,3.012266577944809e-06,1.6322938015481565,0.8599027180478802,0.00010426478980748137,1469.0,2605.0,377124657.0,168642131.0,244141.0,283917.0,381490243.0,622704159.0
34.7,sysbench,stress-ng,5,0.4472318626404452,4821.6,2.810018363057523e-06,1140.0,2230.0,173480265.0,387897821.0,7899709.44,0.4472318626404452,0.5112107623318386,2.810018363057523e-06,1.6394116054310741,0.8576961828494929,0.00010596219203673595,1140.0,2230.0,387897821.0,173480265.0,246019.0,286837.0,385212869.0,631522448.0
34.8,sysbench,stress-ng,5,0.44748471269250933,4566.7,2.7391701875102e-06,1000.0,2033.0,168756111.0,377121511.0,7482081.28,0.44748471269250933,0.49188391539596654,2.7391701875102e-06,1.713696831177538,0.8839756781015347,0.00011204497811363779,1000.0,2033.0,377121511.0,168756111.0,323033.0,365432.0,378410534.0,648480933.0
34.9,sysbench,stress-ng,5,0.44689688670188715,4463.8,2.7656959996490454e-06,994.0,2037.0,168533871.0,377120262.0,7313489.92,0.44689688670188715,0.4879725085910653,2.7656959996490454e-06,1.733917566523607,0.8852318190290696,0.00011334733532873911,994.0,2037.0,377120262.0,168533871.0,327696.0,370181.0,374821339.0,649909304.0
35.0,sysbench,stress-ng,5,0.44760235334661713,5879.099999999999,2.804844006847532e-06,1134.0,2222.0,173625114.0,387900360.0,9632317.44,0.44760235334661713,0.5103510351035103,2.804844006847532e-06,1.5480243708476331,0.803006660070784,7.773788829511172e-05,1134.0,2222.0,387900360.0,173625114.0,120932.0,150599.0,381628581.0,590770344.0
35.1,sysbench,stress-ng,5,0.4475958407409661,7462.799999999999,2.7550992392314505e-06,957.0,1996.0,168796852.0,377118902.0,12227051.52,0.4475958407409661,0.47945891783567135,2.7550992392314505e-06,1.4516380987770046,0.16659289775629021,6.468813742709649e-05,957.0,1996.0,377118902.0,168796852.0,4893.0,29371.0,378400136.0,549300054.0
35.2,sysbench,stress-ng,5,0.44676188620899643,7505.8,3.5478488147707034e-06,1423.0,2761.0,168487282.0,377129937.0,12297502.72,0.44676188620899643,0.5153929735603042,3.5478488147707034e-06,1.4606560192881626,0.17398585147465911,6.451560034995909e-05,1423.0,2761.0,377129937.0,168487282.0,5091.0,29261.0,374638070.0,547217352.0
35.4,sysbench,stress-ng,5,0.4470107674006322,4798.3,2.884805352528177e-06,1741.0,2860.0,173392998.0,387894455.0,7861534.72,0.4470107674006322,0.6087412587412587,2.884805352528177e-06,1.6176252185042885,0.856227610912097,0.00010484451294061507,1741.0,2860.0,387894455.0,173392998.0,236151.0,275804.0,378207680.0,611798281.0
35.5,sysbench,stress-ng,5,0.44765001328804166,4777.6,2.776241623154935e-06,1002.0,2049.0,168821604.0,377128558.0,7827619.84,0.44765001328804166,0.4890190336749634,2.776241623154935e-06,1.672349844978916,0.8646697279657409,0.00011192356424112026,1002.0,2049.0,377128558.0,168821604.0,268141.0,310108.0,374961254.0,627066395.0
35.6,sysbench,stress-ng,5,0.4469305746079084,4546.7,2.914043501626248e-06,1226.0,2325.0,168555034.0,377139188.0,7449313.279999999,0.4469305746079084,0.5273118279569893,2.914043501626248e-06,1.7286424498691288,0.8823184803348563,0.00011262461816539417,1226.0,2325.0,377139188.0,168555034.0,322303.0,365291.0,381692748.0,659810287.0
35.7,sysbench,stress-ng,5,0.44698713795895695,4508.8,3.2872074786254426e-06,1486.0,2761.0,173371655.0,387867212.0,7387217.92,0.44698713795895695,0.5382107931908728,3.2872074786254426e-06,1.7147978863696693,0.8836302120721412,0.00011052645687950244,1486.0,2761.0,387867212.0,173371655.0,317582.0,359406.0,378407136.0,648891757.0
35.8,sysbench,stress-ng,5,0.4471413351566041,5999.9,2.9141121241152334e-06,1659.0,2758.0,168630549.0,377130307.0,9830236.16,0.4471413351566041,0.6015228426395939,2.9141121241152334e-06,1.4615436542465239,0.2597621470363775,6.212998310942002e-05,1659.0,2758.0,377130307.0,168630549.0,8169.0,31448.0,374682220.0,547614421.0
36.0,sysbench,stress-ng,5,0.4474833908436526,7494.5,3.0112251952677057e-06,1217.0,2385.0,173570745.0,387881983.0,12278988.8,0.4474833908436526,0.5102725366876311,3.0112251952677057e-06,1.4610115034692126,0.2046781685467817,6.277668399214279e-05,1217.0,2385.0,387881983.0,173570745.0,6169.0,30140.0,381845591.0,557880801.0
36.1,sysbench,stress-ng,5,0.4475463375486713,5819.0,2.755093402028339e-06,1074.0,2113.0,168778541.0,377119701.0,9533849.6,0.4475463375486713,0.5082820634169427,2.755093402028339e-06,1.4890930715835446,0.6678355600752768,7.515906316646489e-05,1074.0,2113.0,377119701.0,168778541.0,57134.0,85551.0,378091461.0,563013375.0
36.2,sysbench,stress-ng,5,0.44728589091760257,4851.7,3.0520325976279264e-06,1499.0,2650.0,168683015.0,377125723.0,7949025.28,0.44728589091760257,0.5656603773584906,3.0520325976279264e-06,1.6371472111996346,0.8500895893789091,0.00010736519616366754,1499.0,2650.0,377125723.0,168683015.0,228204.0,268447.0,374823513.0,613641269.0
36.3,sysbench,stress-ng,5,0.44760196720676615,4807.1,2.9024247186037367e-06,1259.0,2385.0,173647851.0,387951492.0,7875952.640000001,0.44760196720676615,0.5278825995807128,2.9024247186037367e-06,1.6292549981722253,0.8643325286953173,0.00010334487606941869,1259.0,2385.0,387951492.0,173647851.0,251360.0,290814.0,381770258.0,622001101.0
36.4,sysbench,stress-ng,5,0.4471610831106201,4531.400000000001,2.8639080671509116e-06,1040.0,2120.0,168627609.0,377107077.0,7424245.760000001,0.4471610831106201,0.49056603773584906,2.8639080671509116e-06,1.6899677798903705,0.8739696474853555,0.00011113179607215552,1040.0,2120.0,377107077.0,168627609.0,291683.0,333745.0,378487539.0,639631746.0
36.5,sysbench,stress-ng,5,0.4474010836451347,4488.7,2.7068593300085715e-06,1328.0,2349.0,168755170.0,377189900.0,7354286.08,0.4474010836451347,0.5653469561515538,2.7068593300085715e-06,1.7321119797872206,0.882441286613404,0.00011173049404208483,1328.0,2349.0,377189900.0,168755170.0,314345.0,356222.0,374803677.0,649201939.0
36.6,sysbench,stress-ng,5,0.44752883237183005,6130.4,2.7527699354406634e-06,1250.0,2318.0,173629037.0,387972851.0,10044047.36,0.44752883237183005,0.5392579810181191,2.7527699354406634e-06,1.6333115746801137,0.854066361401973,9.078214157169054e-05,1250.0,2318.0,387972851.0,173629037.0,202933.0,237608.0,381958383.0,623857048.0
36.7,sysbench,stress-ng,5,0.4473310565433508,7543.4,2.6593842561917267e-06,1056.0,2059.0,168713133.0,377154974.0,12359106.559999999,0.4473310565433508,0.5128703254006799,2.6593842561917267e-06,1.449605873257528,0.19452449567723343,6.354767947731696e-05,1056.0,2059.0,377154974.0,168713133.0,5805.0,29842.0,378251420.0,548315480.0
36.8,sysbench,stress-ng,5,0.44713467824977277,7488.7,2.7687085408603927e-06,958.0,2002.0,168601569.0,377071109.0,12269486.08,0.44713467824977277,0.4785214785214785,2.7687085408603927e-06,1.4570282111503825,0.1793454739155042,6.576592289107489e-05,958.0,2002.0,377071109.0,168601569.0,5387.0,30037.0,374814173.0,546114824.0
36.9,sysbench,stress-ng,5,0.44740597342571864,5763.9,2.9698455800948326e-06,968.0,2120.0,173548310.0,387898956.0,9443573.76,0.44740597342571864,0.45660377358490567,2.9698455800948326e-06,1.560518066668419,0.8017463003847483,8.869276564779489e-05,968.0,2120.0,387898956.0,173548310.0,136907.0,170761.0,381699677.0,595649242.0
37.1,sysbench,stress-ng,5,0.4470595570359543,4742.099999999999,2.7762690745562125e-06,1004.0,2051.0,168597259.0,377124829.0,7769456.64,0.4470595570359543,0.48951730862993664,2.7762690745562125e-06,1.6382313702290747,0.8573765082789034,0.00010721195627736404,1004.0,2051.0,377124829.0,168597259.0,241661.0,281861.0,374958180.0,614268253.0
37.2,sysbench,stress-ng,5,0.44726679885593396,4578.8,2.8447773964603633e-06,951.0,2024.0,168701170.0,377182412.0,7501905.92,0.44726679885593396,0.4698616600790514,2.8447773964603633e-06,1.7261243209578092,0.887591121476834,0.00011162816522447193,951.0,2024.0,377182412.0,168701170.0,336421.0,379027.0,381677867.0,658823449.0
37.3,sysbench,stress-ng,5,0.44738751093317064,4523.2,3.0054877835530804e-06,1283.0,2449.0,173567113.0,387956992.0,7410810.88,0.44738751093317064,0.5238873009391588,3.0054877835530804e-06,1.719561369599287,0.8802109514113127,0.00011157947596960995,1283.0,2449.0,387956992.0,173567113.0,309939.0,352119.0,378026511.0,650039785.0
37.4,sysbench,stress-ng,5,0.4472795259738274,6281.900000000001,2.982996684281877e-06,1061.0,2218.0,173484072.0,387864997.0,10292264.96,0.4472795259738274,0.4783588818755636,2.982996684281877e-06,1.5432828879724108,0.7724374693477195,7.925337872838193e-05,1061.0,2218.0,387864997.0,173484072.0,100800.0,130496.0,374696959.0,578263405.0
37.5,sysbench,stress-ng,5,0.44757035619702773,7475.8,3.3591237990330015e-06,948.0,2251.0,173611992.0,387898773.0,12248350.72,0.44757035619702773,0.42114615726343846,3.3591237990330015e-06,1.4618026126031403,0.17116720311705913,6.404992042891155e-05,948.0,2251.0,387898773.0,173611992.0,5052.0,29515.0,381936462.0,558315718.0
37.6,sysbench,stress-ng,5,0.4474811840281385,7466.2,2.7021088450703653e-06,1035.0,2054.0,168750910.0,377112862.0,12232622.08,0.4474811840281385,0.5038948393378773,2.7021088450703653e-06,1.451531682700662,0.16511874978580485,6.44389051832919e-05,1035.0,2054.0,377112862.0,168750910.0,4818.0,29179.0,378048012.0,548748667.0
37.8,sysbench,stress-ng,5,0.4473363265612127,4887.5,3.4956592998663086e-06,2504.0,3860.0,173526081.0,387909657.0,8007680.0,0.4473363265612127,0.6487046632124353,3.4956592998663086e-06,1.60434381926735,0.8473671448616892,0.00010055550619029807,2504.0,3860.0,387909657.0,173526081.0,213173.0,251571.0,381858751.0,612632727.0
37.9,sysbench,stress-ng,5,0.4474550972799848,4784.1,2.724248752581445e-06,1036.0,2093.0,173611179.0,387996874.0,7838269.44,0.4474550972799848,0.49498327759197325,2.724248752581445e-06,1.6262133960803966,0.8578685925664964,0.00010463399816398768,1036.0,2093.0,387996874.0,173611179.0,243506.0,283850.0,385572574.0,627023285.0
38.0,sysbench,stress-ng,5,0.44711938103023224,4487.6,2.5735187855921026e-06,1055.0,2055.0,173738534.0,388573033.0,7352483.84,0.44711938103023224,0.51338199513382,2.5735187855921026e-06,1.663006078512346,0.8715222340264076,0.00010956353137154106,1055.0,2055.0,388573033.0,173738534.0,287123.0,329450.0,386323802.0,642458831.0
38.1,sysbench,stress-ng,5,0.44732043165123236,4457.7,2.624496714083708e-06,1102.0,2120.0,173508390.0,387883892.0,7303495.68,0.44732043165123236,0.519811320754717,2.624496714083708e-06,1.7214599678059228,0.8832202645060339,0.00011310157484672464,1102.0,2120.0,387883892.0,173508390.0,329639.0,373224.0,385361566.0,663384509.0
38.2,sysbench,stress-ng,5,0.44750995977607794,6385.0,2.969257047115983e-06,1858.0,3010.0,173623053.0,387975841.0,10461184.0,0.44750995977607794,0.6172757475083056,2.969257047115983e-06,1.6989273064945074,0.880400387846696,0.0001068525534876162,1858.0,3010.0,387975841.0,173623053.0,303268.0,344466.0,385559340.0,655037291.0
38.3,sysbench,stress-ng,5,0.44720929047764857,7516.2,2.8044203799858156e-06,1188.0,2276.0,173498849.0,387958955.0,12314542.08,0.44720929047764857,0.5219683655536028,2.8044203799858156e-06,1.4558163942791746,0.1867147202750959,6.380003679739814e-05,1188.0,2276.0,387958955.0,173498849.0,5647.0,30244.0,385532693.0,561264815.0
38.6,sysbench,stress-ng,5,0.44720926456752397,5573.9,2.5992175366018064e-06,1311.0,2320.0,173603841.0,388193749.0,9132277.76,0.44720926456752397,0.5650862068965518,2.5992175366018064e-06,1.639286408542665,0.8557761994491956,0.00010714156373343776,1311.0,2320.0,388193749.0,173603841.0,236160.0,275960.0,371471151.0,608947609.0
38.7,sysbench,stress-ng,5,0.4471233820707074,4791.3,2.6892011096927786e-06,1426.0,2469.0,173415698.0,387847527.0,7850065.92,0.4471233820707074,0.5775617658971244,2.6892011096927786e-06,1.6304265166682215,0.8599233254420435,0.00010512866783691029,1426.0,2469.0,387847527.0,173415698.0,250997.0,291883.0,388913898.0,634095532.0
38.8,sysbench,stress-ng,5,0.4474174207901103,4756.4,2.750160374042843e-06,1727.0,2794.0,173587836.0,387977374.0,7792885.76,0.4474174207901103,0.6181102362204725,2.750160374042843e-06,1.711617084608839,0.8827395101807958,0.00011199236059691686,1727.0,2794.0,387977374.0,173587836.0,324932.0,368095.0,385410217.0,659674712.0
38.9,sysbench,stress-ng,5,0.44743354861798906,4583.1,2.78693815043295e-06,1064.0,2145.0,173550915.0,387880872.0,7508951.04,0.44743354861798906,0.496037296037296,2.78693815043295e-06,1.7277690311326501,0.8879605297057762,0.00011283513415867049,1064.0,2145.0,387880872.0,173550915.0,344653.0,388140.0,385403007.0,665887380.0
39.0,sysbench,stress-ng,5,0.4474084306345926,4491.8,2.88433489955296e-06,1047.0,2166.0,173575556.0,387957723.0,7359365.12,0.4474084306345926,0.48337950138504154,2.88433489955296e-06,1.5734279065870043,0.8252055936843375,8.260407579466465e-05,1047.0,2166.0,387957723.0,173575556.0,150416.0,182277.0,385707360.0,606882724.0
39.2,sysbench,stress-ng,5,0.44735044423744774,7450.700000000001,3.021498194256517e-06,1297.0,2469.0,173521441.0,387887043.0,12207226.88,0.44735044423744774,0.5253138922640745,3.021498194256517e-06,1.4560276045508656,0.17393756427694657,6.460315858437522e-05,1297.0,2469.0,387887043.0,173521441.0,5243.0,30143.0,385430071.0,561196823.0
39.3,sysbench,stress-ng,5,0.4470868369873122,7582.6,2.6911056799752436e-06,1059.0,2103.0,173444938.0,387944631.0,12423331.84,0.4470868369873122,0.5035663338088445,2.6911056799752436e-06,1.4566013434852798,0.15671516976082958,6.545726361987797e-05,1059.0,2103.0,387944631.0,173444938.0,4685.0,29895.0,385136784.0,560990757.0
39.4,sysbench,stress-ng,5,0.44708718040090517,5525.0,2.632579922327878e-06,1125.0,2148.0,173734587.0,388592191.0,9052160.0,0.44708718040090517,0.5237430167597765,2.632579922327878e-06,1.596195958672801,0.8373767909765267,9.951924836712478e-05,1125.0,2148.0,388592191.0,173734587.0,197775.0,236184.0,385945439.0,616044550.0
39.5,sysbench,stress-ng,5,0.4473093408047274,4842.9,2.386853738420342e-06,1004.0,1932.0,173912235.0,388796341.0,7934607.359999999,0.4473093408047274,0.5196687370600414,2.386853738420342e-06,1.6268277919070562,0.8559705786695354,0.00010432867892994165,1004.0,1932.0,388796341.0,173912235.0,239498.0,279797.0,386269628.0,628394166.0
39.6,sysbench,stress-ng,5,0.44712190296927196,4758.2,2.4025864568614305e-06,1193.0,2127.0,173817619.0,388747717.0,7795834.88,0.44712190296927196,0.5608838740009403,2.4025864568614305e-06,1.6580714344509022,0.8718523467304367,0.00010627064589102117,1193.0,2127.0,388747717.0,173817619.0,279270.0,320318.0,386259062.0,640445117.0
39.7,sysbench,stress-ng,5,0.44728489727051046,4533.3,2.403097094597388e-06,1297.0,2205.0,169004693.0,377845740.0,7427358.72,0.44728489727051046,0.5882086167800453,2.403097094597388e-06,1.70654188783743,0.8836849870689414,0.0001103811914772655,1297.0,2205.0,377845740.0,169004693.0,315039.0,356506.0,375670886.0,641098103.0
39.8,sysbench,stress-ng,5,0.4474169241256805,4484.799999999999,2.6168660606453476e-06,1078.0,2093.0,173538946.0,387868533.0,7347896.319999999,0.4474169241256805,0.5150501672240803,2.6168660606453476e-06,1.718743594210141,0.8901154337691635,0.00011008382107398956,1078.0,2093.0,387868533.0,173538946.0,344067.0,386542.0,385842348.0,663164064.0
40.0,sysbench,stress-ng,5,0.44715578715652987,7470.5,2.4199588744612008e-06,989.0,1928.0,173506785.0,388023123.0,12239667.2,0.44715578715652987,0.5129668049792531,2.4199588744612008e-06,1.4519345885249078,0.1774182876802964,6.448837196328593e-05,989.0,1928.0,388023123.0,173506785.0,5363.0,30228.0,385573387.0,559827337.0
40.1,sysbench,stress-ng,5,0.4475795877487681,7454.099999999999,2.5045752560394816e-06,950.0,1922.0,173701053.0,388089756.0,12212797.44,0.4475795877487681,0.49427679500520294,2.5045752560394816e-06,1.4894573493062315,0.676147953401931,7.406649450815656e-05,950.0,1922.0,388089756.0,173701053.0,59666.0,88244.0,385842481.0,574695919.0
40.2,sysbench,stress-ng,5,0.44746335518430586,5426.2,2.7564555280382006e-06,1261.0,2331.0,173696178.0,388179671.0,8890286.08,0.44746335518430586,0.540969540969541,2.7564555280382006e-06,1.6304977950393669,0.8537204613737364,0.00010590392020125483,1261.0,2331.0,388179671.0,173696178.0,238404.0,279253.0,385717544.0,628911605.0
40.3,sysbench,stress-ng,5,0.4472657101627253,4908.0,2.9787560918302276e-06,1588.0,2743.0,173425376.0,387745745.0,8041267.2,0.4472657101627253,0.5789281808239154,2.9787560918302276e-06,1.6265451425359219,0.8623399121450226,0.00010388417428670487,1588.0,2743.0,387745745.0,173425376.0,250884.0,290934.0,385525517.0,627074657.0
40.4,sysbench,stress-ng,5,0.44706507447098515,4753.7,2.716890909236104e-06,1104.0,2158.0,173435962.0,387943438.0,7788462.08,0.44706507447098515,0.5115848007414272,2.716890909236104e-06,1.6957731936624063,0.8900864750528804,0.00010991893404733308,1104.0,2158.0,387943438.0,173435962.0,343374.0,385776.0,385757016.0,654156407.0
40.6,sysbench,stress-ng,5,0.4471046805649297,4475.7,2.6240445262310034e-06,1327.0,2345.0,173454589.0,387950734.0,7332986.88,0.4471046805649297,0.5658848614072495,2.6240445262310034e-06,1.7234812112796565,0.8872170021200304,0.00011167863308235065,1327.0,2345.0,387950734.0,173454589.0,338979.0,382070.0,385848204.0,665002130.0
40.7,sysbench,stress-ng,5,0.44743590833120545,6530.700000000001,2.438407608788544e-06,1107.0,2053.0,173586388.0,387958107.0,10699898.88,0.44743590833120545,0.5392109108621529,2.438407608788544e-06,1.6021755908869193,0.8442128483320578,8.97945973690305e-05,1107.0,2053.0,387958107.0,173586388.0,187525.0,222130.0,385379533.0,617445681.0
40.8,sysbench,stress-ng,5,0.447261209951697,7510.1,2.6829463625208567e-06,955.0,1996.0,173540152.0,388006266.0,12304547.84,0.447261209951697,0.4784569138276553,2.6829463625208567e-06,1.4521370894838788,0.17918291796126132,6.436068815060459e-05,955.0,1996.0,388006266.0,173540152.0,5421.0,30254.0,385841120.0,560294201.0
40.9,sysbench,stress-ng,5,0.44735490130230277,7546.7,2.5487798186943903e-06,923.0,1912.0,173586590.0,388028810.0,12364513.28,0.44735490130230277,0.4827405857740586,2.5487798186943903e-06,1.452166653653433,0.15069758237408887,6.674450138255857e-05,923.0,1912.0,388028810.0,173586590.0,4569.0,30319.0,385799571.0,560245272.0
41.0,sysbench,stress-ng,5,0.44715452121721094,5364.0,2.4170875141141613e-06,995.0,1933.0,173527412.0,388070351.0,8788377.6,0.44715452121721094,0.5147439213657528,2.4170875141141613e-06,1.5706238351860036,0.8216458217001784,9.364917520291581e-05,995.0,1933.0,388070351.0,173527412.0,166274.0,202367.0,385406491.0,605328621.0
41.1,sysbench,stress-ng,5,0.44730428488503354,4798.5,2.4205424836293993e-06,953.0,1892.0,173522558.0,387929568.0,7861862.4,0.44730428488503354,0.5036997885835095,2.4205424836293993e-06,1.6271583753547465,0.8569364161849711,0.00010494516271184926,953.0,1892.0,387929568.0,173522558.0,242537.0,283028.0,385830075.0,627806638.0
41.3,sysbench,stress-ng,5,0.44721802311458636,4542.0,2.790634552109519e-06,1310.0,2393.0,173558060.0,388083778.0,7441612.8,0.44721802311458636,0.547430004178855,2.790634552109519e-06,1.7207131966149452,0.8888378278461254,0.00011229822499556659,1310.0,2393.0,388083778.0,173558060.0,346213.0,389512.0,385571544.0,663458044.0
41.4,sysbench,stress-ng,5,0.4470491368440601,4499.3,2.4607538998581794e-06,1009.0,1964.0,173496393.0,388092446.0,7371653.12,0.4470491368440601,0.5137474541751528,2.4607538998581794e-06,1.7207366047570611,0.8925795195140838,0.00011077510234583205,1009.0,1964.0,388092446.0,173496393.0,355036.0,397764.0,385718443.0,663719844.0
41.5,sysbench,stress-ng,5,0.4471325743433242,6584.0,2.660631549934435e-06,1206.0,2238.0,173432814.0,387877833.0,10787225.6,0.4471325743433242,0.5388739946380697,2.660631549934435e-06,1.479050342259213,0.5936944594699018,6.811755098370682e-05,1206.0,2238.0,387877833.0,173432814.0,38415.0,64705.0,385950458.0,570840157.0
41.6,sysbench,stress-ng,5,0.44725520836034344,7495.299999999999,2.4087705897942286e-06,960.0,1895.0,173608737.0,388164819.0,12280299.52,0.44725520836034344,0.5065963060686016,2.4087705897942286e-06,1.448851987179988,0.16685353175007644,6.357645217190585e-05,960.0,1895.0,388164819.0,173608737.0,4911.0,29433.0,385708846.0,558835028.0
41.7,sysbench,stress-ng,5,0.447173025131909,7434.099999999999,2.3303364720815605e-06,1328.0,2224.0,171935270.0,384493832.0,12180029.44,0.447173025131909,0.5971223021582733,2.3303364720815605e-06,1.4735838592142365,0.5723585454768251,7.239595667168764e-05,1328.0,2224.0,384493832.0,171935270.0,37367.0,65286.0,385643084.0,568277424.0
41.9,sysbench,stress-ng,5,0.44713655672703423,4847.4,2.410596698455528e-06,994.0,1929.0,173431201.0,387870771.0,7941980.16,0.44713655672703423,0.5152928978745464,2.410596698455528e-06,1.624984568020081,0.8555543533145784,0.00010381260440960657,994.0,1929.0,387870771.0,173431201.0,237211.0,277260.0,385781671.0,626889262.0
42.0,sysbench,stress-ng,5,0.4474378040368048,4727.5,2.718505384601593e-06,1188.0,2243.0,173642063.0,388080894.0,7745536.0,0.4474378040368048,0.5296477931341953,2.718505384601593e-06,1.624689437945798,0.8603090803011114,0.00010185736804270444,1188.0,2243.0,388080894.0,173642063.0,241826.0,281092.0,385499849.0,626317533.0
42.1,sysbench,stress-ng,5,0.4479051296141345,4499.6,2.68756913848986e-06,1181.0,2223.0,173657726.0,387710956.0,7372144.640000001,0.4479051296141345,0.5312640575798471,2.68756913848986e-06,1.692315131602586,0.8744358858719838,0.00010909681646609424,1181.0,2223.0,387710956.0,173657726.0,292776.0,334817.0,385354966.0,652142040.0
42.2,sysbench,stress-ng,5,0.44745563581309694,4503.1,2.9903707689566225e-06,1454.0,2614.0,173573305.0,387911764.0,7377879.04,0.44745563581309694,0.5562356541698547,2.9903707689566225e-06,1.7249515708218757,0.8848999674318828,0.00011090058565535224,1454.0,2614.0,387911764.0,173573305.0,328766.0,371529.0,385597603.0,665137191.0
42.3,sysbench,stress-ng,5,0.4470849610844883,6644.200000000001,2.8770381653111122e-06,1152.0,2268.0,173423774.0,387898921.0,10885857.280000001,0.4470849610844883,0.5079365079365079,2.8770381653111122e-06,1.6290674962443004,0.8514729492588582,9.283166591478086e-05,1152.0,2268.0,387898921.0,173423774.0,205245.0,241047.0,385665814.0,628275642.0
42.4,sysbench,stress-ng,5,0.4471608875014696,7479.700000000001,2.8254539037559037e-06,969.0,2065.0,173454726.0,387902276.0,12254740.48,0.4471608875014696,0.4692493946731235,2.8254539037559037e-06,1.4573700171014956,0.16251263051532502,6.452841279960007e-05,969.0,2065.0,387902276.0,173454726.0,4825.0,29690.0,385334133.0,561574412.0
42.5,sysbench,stress-ng,5,0.4473188163005637,7443.7,2.716333153529603e-06,1294.0,2348.0,173570032.0,388023096.0,12195758.08,0.4473188163005637,0.551107325383305,2.716333153529603e-06,1.4530107363331164,0.148268546400219,6.454643809709133e-05,1294.0,2348.0,388023096.0,173570032.0,4333.0,29224.0,385629335.0,560323564.0
42.7,sysbench,stress-ng,5,0.44701477855702587,4798.2,2.505372283706687e-06,1297.0,2269.0,173426667.0,387966294.0,7861370.88,0.44701477855702587,0.5716174526223006,2.505372283706687e-06,1.6276166317959442,0.8550463671558477,0.00010439339512611382,1297.0,2269.0,387966294.0,173426667.0,237425.0,277675.0,385560791.0,627545156.0
42.8,sysbench,stress-ng,5,0.44736646907926,4756.2,2.646070124027387e-06,999.0,2026.0,173633102.0,388122745.0,7792558.08,0.44736646907926,0.4930898321816387,2.646070124027387e-06,1.6376838373437594,0.8613647815673038,0.00010415064957294422,999.0,2026.0,388122745.0,173633102.0,249577.0,289746.0,385681704.0,631624693.0
42.9,sysbench,stress-ng,5,0.44727074051608184,4513.1,2.5856850058975146e-06,973.0,1976.0,173498532.0,387904945.0,7394263.04,0.44727074051608184,0.4924089068825911,2.5856850058975146e-06,1.7199716232878026,0.8850556404455555,0.0001104379211797784,973.0,1976.0,387904945.0,173498532.0,327837.0,370414.0,385528807.0,663098608.0
43.0,sysbench,stress-ng,5,0.4476251415629415,4449.1,2.8614848750287728e-06,955.0,2065.0,173638488.0,387910490.0,7289405.44,0.4476251415629415,0.46246973365617433,2.8614848750287728e-06,1.7264783793988479,0.8847044389130323,0.00011024115204643445,955.0,2065.0,387910490.0,173638488.0,325926.0,368401.0,385291692.0,665197776.0
43.1,sysbench,stress-ng,5,0.4479646007259212,6646.9,3.1864519241436348e-06,1058.0,2294.0,173761996.0,387892248.0,10890280.959999999,0.4479646007259212,0.46120313862249346,3.1864519241436348e-06,1.5057283144257159,0.6984010903167902,7.059152264825097e-05,1058.0,2294.0,387892248.0,173761996.0,63030.0,90249.0,385584543.0,580585564.0
43.3,sysbench,stress-ng,5,0.44728469058000336,7526.800000000001,2.8977219169864907e-06,1046.0,2170.0,173497667.0,387890913.0,12331909.120000001,0.44728469058000336,0.48202764976958523,2.8977219169864907e-06,1.4553432975150247,0.17145889297913972,6.479140699186394e-05,1046.0,2170.0,387890913.0,173497667.0,5170.0,30153.0,385591256.0,561167650.0
43.4,sysbench,stress-ng,5,0.4470307923998061,5261.2,2.8976615270804636e-06,1046.0,2170.0,173402796.0,387898997.0,8619950.08,0.4470307923998061,0.48202764976958523,2.8976615270804636e-06,1.4712990855732575,0.4425159440140393,6.759227281317635e-05,1046.0,2170.0,387898997.0,173402796.0,20677.0,46726.0,385384289.0,567015552.0
43.6,sysbench,stress-ng,5,0.44728373876020283,4799.3,2.829272098848414e-06,1112.0,2179.0,168683581.0,377128803.0,7863173.12,0.44728373876020283,0.510325837540156,2.829272098848414e-06,1.6258865692462066,0.8549474835805883,0.00010248913878024682,1112.0,2179.0,377128803.0,168683581.0,232880.0,272391.0,385514021.0,626802069.0
43.7,sysbench,stress-ng,5,0.4475422457730045,4708.7,2.8074674840224553e-06,1309.0,2398.0,173598985.0,387894074.0,7714734.08,0.4475422457730045,0.5458715596330275,2.8074674840224553e-06,1.687631330926692,0.8748704113849489,0.00011021299513472114,1309.0,2398.0,387894074.0,173598985.0,297050.0,339536.0,385489932.0,650564887.0
43.8,sysbench,stress-ng,5,0.44720852231161917,4465.0,2.791812680123958e-06,996.0,2079.0,173481134.0,387920009.0,7315456.0,0.44720852231161917,0.4790764790764791,2.791812680123958e-06,1.7203979962078249,0.8859492821682544,0.00011027373599161472,996.0,2079.0,387920009.0,173481134.0,330149.0,372650.0,385413622.0,663064823.0
43.9,sysbench,stress-ng,5,0.44738244146039186,4490.200000000001,2.6044088509827557e-06,1157.0,2168.0,173668450.0,388187899.0,7356743.680000001,0.44738244146039186,0.5336715867158671,2.6044088509827557e-06,1.6403617486094304,0.8666117684450801,9.575918724770969e-05,1157.0,2168.0,388187899.0,173668450.0,239944.0,276876.0,385675788.0,632647810.0
44.1,sysbench,stress-ng,5,0.44732989076449486,7503.400000000001,2.4158311472532284e-06,1065.0,2002.0,173500581.0,387858233.0,12293570.56,0.44732989076449486,0.531968031968032,2.4158311472532284e-06,1.4529721868184502,0.16836124401913877,6.490566659325438e-05,1065.0,2002.0,387858233.0,173500581.0,5067.0,30096.0,385621184.0,560296855.0
44.2,sysbench,stress-ng,5,0.44724909244351263,7484.400000000001,2.3527665069395904e-06,1002.0,1915.0,173556713.0,388053807.0,12262440.96,0.44724909244351263,0.5232375979112271,2.3527665069395904e-06,1.5408486230151943,0.7968255733491498,8.522139496065018e-05,1002.0,1915.0,388053807.0,173556713.0,128971.0,161856.0,385877279.0,594578474.0
44.3,sysbench,stress-ng,5,0.4469976689677875,5279.0,2.7885719178638156e-06,1654.0,2736.0,173440561.0,388012227.0,8649113.6,0.4469976689677875,0.60453216374269,2.7885719178638156e-06,1.6237500568246286,0.8604054949795359,0.00010318976618222505,1654.0,2736.0,388012227.0,173440561.0,245330.0,285133.0,385726235.0,626322996.0
44.4,sysbench,stress-ng,5,0.44717237958907047,4840.400000000001,2.378864612147401e-06,992.0,1915.0,173502983.0,388000223.0,7930511.36,0.44717237958907047,0.5180156657963446,2.378864612147401e-06,1.6308174459292735,0.8619135167700186,0.00010343148487284319,992.0,1915.0,388000223.0,173502983.0,248937.0,288819.0,385588586.0,628824593.0
44.6,sysbench,stress-ng,5,0.4472029577009477,4495.9,2.258259273943864e-06,1327.0,2203.0,173474231.0,387909400.0,7366082.56,0.4472029577009477,0.6023604176123468,2.258259273943864e-06,1.711159270849094,0.8888505804604205,0.00010944879292237842,1327.0,2203.0,387909400.0,173474231.0,337725.0,379957.0,385860811.0,660269304.0
44.7,sysbench,stress-ng,5,0.44706276448302523,4451.0,2.118371714766908e-06,1325.0,2147.0,173475500.0,388033882.0,7292518.4,0.44706276448302523,0.6171401956217979,2.118371714766908e-06,1.7186272192357404,0.8933136676499508,0.00010967063333887527,1325.0,2147.0,388033882.0,173475500.0,354315.0,396630.0,385837108.0,663110156.0
44.8,sysbench,stress-ng,5,0.4470615954276567,6742.3,2.2965476100300706e-06,1178.0,2069.0,173448127.0,387973668.0,11046584.32,0.4470615954276567,0.5693571773803769,2.2965476100300706e-06,1.5194438016969338,0.7581217830920566,7.537799027725245e-05,1178.0,2069.0,387973668.0,173448127.0,91174.0,120263.0,385908405.0,586366134.0
44.9,sysbench,stress-ng,5,0.44705887334346045,7564.6,2.2704352015035984e-06,894.0,1775.0,173472851.0,388031334.0,12393840.64,0.44705887334346045,0.5036619718309859,2.2704352015035984e-06,1.4498639229114876,0.16540177085413754,6.506149993227745e-05,894.0,1775.0,388031334.0,173472851.0,4969.0,30042.0,385373839.0,558739626.0
45.0,sysbench,stress-ng,5,0.44704421078212386,7463.7,2.1756929602701146e-06,959.0,1803.0,173418456.0,387922384.0,12228526.08,0.44704421078212386,0.5318912922906267,2.1756929602701146e-06,1.4479479654643774,0.14221627050552393,6.63642908374873e-05,959.0,1803.0,387922384.0,173418456.0,4248.0,29870.0,386081124.0,559025378.0
45.1,sysbench,stress-ng,5,0.4469663337527681,5192.200000000001,2.1824894393922607e-06,1015.0,1862.0,173462688.0,388088934.0,8506900.48,0.4469663337527681,0.5451127819548872,2.1824894393922607e-06,1.61287393249712,0.8598987758111049,0.00010241630159306048,1015.0,1862.0,388088934.0,173462688.0,242617.0,282146.0,385963947.0,622511189.0
45.2,sysbench,stress-ng,5,0.44700927888441533,4799.7,2.313508546744072e-06,1298.0,2195.0,173315687.0,387722795.0,7863828.4799999995,0.44700927888441533,0.5913439635535308,2.313508546744072e-06,1.6217168458094349,0.8647922022649971,0.00010129772716322502,1298.0,2195.0,387722795.0,173315687.0,249931.0,289007.0,385753966.0,625583705.0
45.3,sysbench,stress-ng,5,0.44707944862457877,4806.1,2.1524657536640754e-06,1037.0,1872.0,173434276.0,387927194.0,7874314.24,0.44707944862457877,0.5539529914529915,2.1524657536640754e-06,1.6708237286886212,0.8767908138448822,0.0001070920100863456,1037.0,1872.0,387927194.0,173434276.0,293824.0,335113.0,385546970.0,644181026.0
45.5,sysbench,stress-ng,5,0.44707730419564295,4483.4,2.181032773776227e-06,1009.0,1855.0,173416651.0,387889632.0,7345602.56,0.44707730419564295,0.5439353099730458,2.181032773776227e-06,1.6737626640239553,0.878576456590398,0.00010109562854219317,1009.0,1855.0,387889632.0,173416651.0,282074.0,321058.0,385615091.0,645428142.0
45.6,sysbench,stress-ng,5,0.44696303433692935,6758.7,2.2812380305083802e-06,954.0,1839.0,173398076.0,387947241.0,11073454.08,0.44696303433692935,0.5187601957585645,2.2812380305083802e-06,1.4493417616996496,0.18376126278707405,6.248095503507523e-05,954.0,1839.0,387947241.0,173398076.0,5425.0,29522.0,385669521.0,558966943.0
45.7,sysbench,stress-ng,5,0.4471737782843996,7477.1,2.1623801569419437e-06,1240.0,2079.0,173502702.0,387998381.0,12250480.64,0.4471737782843996,0.5964405964405964,2.1623801569419437e-06,1.4508079961657774,0.1640090348245289,6.425784648992743e-05,1240.0,2079.0,387998381.0,173502702.0,4865.0,29663.0,385913960.0,559887059.0
45.8,sysbench,stress-ng,5,0.4471562794221917,7485.2,2.177333984145762e-06,1194.0,2039.0,173536563.0,388089290.0,12263751.68,0.4471562794221917,0.5855811672388426,2.177333984145762e-06,1.523630493404897,0.7549681145098281,8.232413936957504e-05,1194.0,2039.0,388089290.0,173536563.0,97788.0,129526.0,385524832.0,587397390.0
46.0,sysbench,stress-ng,5,0.4472556339415172,4838.6,2.2037900260206003e-06,1014.0,1869.0,173520872.0,387967996.0,7927562.24,0.4472556339415172,0.5425361155698234,2.2037900260206003e-06,1.6238568879882043,0.8657004398922797,0.00010123601662936904,1014.0,1869.0,387967996.0,173520872.0,251705.0,290753.0,385712529.0,626341947.0
46.1,sysbench,stress-ng,5,0.44693655948439037,4729.9,2.2062108474572883e-06,984.0,1840.0,173409398.0,387995554.0,7749468.159999999,0.44693655948439037,0.5347826086956522,2.2062108474572883e-06,1.6257246453380632,0.8595577147409452,0.00010232015545221971,984.0,1840.0,387995554.0,173409398.0,241687.0,281176.0,385935692.0,627425166.0
46.2,sysbench,stress-ng,5,0.4470156717432052,4279.599999999999,2.3162744981197414e-06,1444.0,2343.0,173497178.0,388123256.0,7011696.64,0.4470156717432052,0.6163038839095177,2.3162744981197414e-06,1.7122171710139216,0.8870356589718036,0.00011132228341334389,1444.0,2343.0,388123256.0,173497178.0,337337.0,380297.0,385906565.0,660755847.0
46.3,sysbench,stress-ng,5,0.4470854933195842,4481.7,2.333009171376136e-06,1178.0,2083.0,173429396.0,387911034.0,7342817.28,0.4470854933195842,0.5655304848775804,2.333009171376136e-06,1.7204901571629314,0.8909865447555717,0.00010880073508315169,1178.0,2083.0,387911034.0,173429396.0,343012.0,384980.0,385732688.0,663649293.0
46.4,sysbench,stress-ng,5,0.4470231204801236,6648.8,2.296285596714566e-06,913.0,1804.0,173452989.0,388017937.0,10893393.92,0.4470231204801236,0.5060975609756098,2.296285596714566e-06,1.552832616302923,0.8075022249152639,7.906532661523994e-05,913.0,1804.0,388017937.0,173452989.0,127935.0,158433.0,385731664.0,598976709.0
46.5,sysbench,stress-ng,5,0.44695412493803205,7509.8,2.152683132227999e-06,1292.0,2127.0,173368151.0,387888021.0,12304056.32,0.44695412493803205,0.60742830277386,2.152683132227999e-06,1.452970618543153,0.1751749759511726,6.450472104725077e-05,1292.0,2127.0,387888021.0,173368151.0,5281.0,30147.0,385491164.0,560107335.0
46.6,sysbench,stress-ng,5,0.4471165219044548,7454.700000000001,2.2260711152118e-06,1170.0,2034.0,173538335.0,388127762.0,12213780.48,0.4471165219044548,0.5752212389380531,2.2260711152118e-06,1.453179616131677,0.15237432020161826,6.626882780010227e-05,1170.0,2034.0,388127762.0,173538335.0,4595.0,30156.0,385716797.0,560515787.0
46.8,sysbench,stress-ng,5,0.4471066647862863,4829.599999999999,2.4055213878271224e-06,1161.0,2094.0,173413764.0,387857703.0,7912816.64,0.4471066647862863,0.5544412607449857,2.4055213878271224e-06,1.6251793786764177,0.8640128982042586,0.00010153126956724591,1161.0,2094.0,387857703.0,173413764.0,248656.0,287792.0,385457605.0,626437751.0
46.9,sysbench,stress-ng,5,0.44697966409432965,4799.7,2.370763668228199e-06,965.0,1885.0,173455202.0,388060612.0,7863828.4799999995,0.44697966409432965,0.5119363395225465,2.370763668228199e-06,1.6631214336961009,0.8749260982640368,0.00010593299767733532,965.0,1885.0,388060612.0,173455202.0,285617.0,326447.0,385432310.0,641020736.0
47.0,sysbench,stress-ng,5,0.44725452383968367,4515.400000000001,2.3743143671004937e-06,984.0,1905.0,173490681.0,387901456.0,7398031.36,0.44725452383968367,0.5165354330708661,2.3743143671004937e-06,1.7175020393345144,0.8869116004362004,0.00011053878521002771,984.0,1905.0,387901456.0,173490681.0,334269.0,376891.0,385584118.0,662241509.0
47.1,sysbench,stress-ng,5,0.44694113572486727,4454.0,2.089465863039718e-06,990.0,1801.0,173474603.0,388137473.0,7297433.6,0.44694113572486727,0.5496946141032759,2.089465863039718e-06,1.701814611859346,0.8872869633879343,0.00010574949500633535,990.0,1801.0,388137473.0,173474603.0,321378.0,362203.0,386053853.0,656992088.0
47.3,sysbench,stress-ng,5,0.4471805688663861,7481.1,2.462183516731715e-06,1210.0,2165.0,173446634.0,387867108.0,12257034.24,0.4471805688663861,0.558891454965358,2.462183516731715e-06,1.4494939700493894,0.18410929831542644,6.381771577040364e-05,1210.0,2165.0,387867108.0,173446634.0,5552.0,30156.0,385535579.0,558831497.0
47.4,sysbench,stress-ng,5,0.4470769481583889,7507.3,2.268452095882954e-06,934.0,1814.0,173434438.0,387929726.0,12299960.32,0.4470769481583889,0.5148842337375965,2.268452095882954e-06,1.4501506210484743,0.15766804585226887,6.444179323631267e-05,934.0,1814.0,387929726.0,173434438.0,4649.0,29486.0,385417580.0,558913543.0
47.5,sysbench,stress-ng,5,0.44716993325168364,5339.400000000001,2.1633958253381376e-06,969.0,1808.0,173419755.0,387816224.0,8748072.96,0.44716993325168364,0.5359513274336283,2.1633958253381376e-06,1.5023744735722235,0.728995715634304,7.745115672871944e-05,969.0,1808.0,387816224.0,173419755.0,80312.0,110168.0,385481654.0,579137797.0
47.6,sysbench,stress-ng,5,0.4469699069500732,4796.0,2.198526170943673e-06,1012.0,1865.0,173418600.0,387987194.0,7857766.4,0.4469699069500732,0.542627345844504,2.198526170943673e-06,1.622374817145894,0.8648879105050566,0.00010313096690221243,1012.0,1865.0,387987194.0,173418600.0,254591.0,294363.0,385645565.0,625661653.0
47.7,sysbench,stress-ng,5,0.46824615370854916,4938.3,3.2129568378647604e-05,33052.0,45366.0,179460336.0,383260673.0,8090910.72,0.46824615370854916,0.7285632411938456,3.2129568378647604e-05,1.62661753181331,0.8617422229779034,0.00010124491138356972,33052.0,45366.0,383260673.0,179460336.0,243275.0,282306.0,385510733.0,627078517.0
47.8,sysbench,stress-ng,5,0.4472464900734661,4518.2,2.632265237357815e-06,1170.0,2191.0,173477452.0,387878845.0,7402618.88,0.4472464900734661,0.5340027384755819,2.632265237357815e-06,1.7009041321617413,0.8819662205137748,0.00011015361993717016,1170.0,2191.0,387878845.0,173477452.0,317544.0,360041.0,385797580.0,656204698.0
47.9,sysbench,stress-ng,5,0.4473892658417769,4525.9,2.6437584635057127e-06,1055.0,2081.0,173624555.0,388083864.0,7415234.56,0.4473892658417769,0.5069678039404133,2.6437584635057127e-06,1.7188699973627395,0.8910044793038361,0.00010795263161739047,1055.0,2081.0,388083864.0,173624555.0,340345.0,381979.0,385669153.0,662915136.0
48.0,sysbench,stress-ng,5,0.4472108155136078,6605.799999999999,2.4784402018175065e-06,971.0,1934.0,173764134.0,388550831.0,10822942.719999999,0.4472108155136078,0.5020682523267839,2.4784402018175065e-06,1.5877422504948948,0.8308183823835491,8.430208675044605e-05,971.0,1934.0,388550831.0,173764134.0,159670.0,192184.0,385684403.0,612367422.0
48.2,sysbench,stress-ng,5,0.44722381778503756,7585.5,2.4005054306636932e-06,926.0,1859.0,173821653.0,388668148.0,12428083.2,0.44722381778503756,0.4981172673480366,2.4005054306636932e-06,1.4547384587806822,0.1440229961012357,6.707459057457094e-05,926.0,1859.0,388668148.0,173821653.0,4359.0,30266.0,386241642.0,561880571.0
48.3,sysbench,stress-ng,5,0.44753440721270377,5313.200000000001,2.612638927300187e-06,1681.0,2696.0,173865366.0,388496087.0,8705146.88,0.44753440721270377,0.6235163204747775,2.612638927300187e-06,1.5864402684119823,0.8302719740468005,9.537659323022887e-05,1681.0,2696.0,388496087.0,173865366.0,180174.0,217006.0,386174414.0,612642641.0
48.4,sysbench,stress-ng,5,0.44734321013474093,4852.2,2.631244140590042e-06,1146.0,2168.0,173752315.0,388409416.0,7949844.4799999995,0.44734321013474093,0.5285977859778598,2.631244140590042e-06,1.6281747090168261,0.8589127038815512,0.00010143351807122798,1146.0,2168.0,388409416.0,173752315.0,238076.0,277183.0,385543169.0,627731637.0
48.5,sysbench,stress-ng,5,0.44767873507452594,4745.0,2.6073484479100735e-06,1369.0,2382.0,173930937.0,388517308.0,7774208.0,0.44767873507452594,0.5747271200671704,2.6073484479100735e-06,1.659227449407103,0.8668495950837174,0.00010586309366109566,1369.0,2382.0,388517308.0,173930937.0,266317.0,307224.0,386414175.0,641149006.0
48.7,sysbench,stress-ng,5,0.447597125879689,4489.5,2.9304301845256353e-06,1296.0,2401.0,168778914.0,377077743.0,7355596.8,0.447597125879689,0.5397750937109538,2.9304301845256353e-06,1.7195601493010468,0.8868458645826768,0.00011171991044268566,1296.0,2401.0,377077743.0,168778914.0,337718.0,380808.0,385696693.0,663228663.0
48.8,sysbench,stress-ng,5,0.4475789468616194,4479.0,2.894439490233379e-06,1651.0,2774.0,173654056.0,387985309.0,7338393.6,0.4475789468616194,0.5951694304253785,2.894439490233379e-06,1.7084905601931872,0.8793595177212091,0.00010908710375614362,1651.0,2774.0,387985309.0,173654056.0,298153.0,339057.0,374966413.0,640626577.0
48.9,sysbench,stress-ng,5,0.44724923455542476,6749.700000000001,2.7572084563434035e-06,902.0,1973.0,173727862.0,388436354.0,11058708.48,0.44724923455542476,0.45717181956411557,2.7572084563434035e-06,1.4685197334836342,0.45692771084337347,6.545796900944036e-05,902.0,1973.0,388436354.0,173727862.0,21238.0,46480.0,385621497.0,566292778.0
49.0,sysbench,stress-ng,5,0.4471998321369004,7576.2,2.5630038442146913e-06,986.0,1981.0,173610287.0,388216351.0,12412846.08,0.4471998321369004,0.4977284199899041,2.5630038442146913e-06,1.4537350418798163,0.1650298606502986,6.517787731897539e-05,986.0,1981.0,388216351.0,173610287.0,4974.0,30140.0,386112605.0,561305424.0
49.1,sysbench,stress-ng,5,0.44718311481061046,7501.5,2.6240208191152156e-06,1041.0,2059.0,173486585.0,387954239.0,12290457.6,0.44718311481061046,0.5055852355512385,2.6240208191152156e-06,1.4871636336531804,0.6470073503675183,7.325089011971668e-05,1041.0,2059.0,387954239.0,173486585.0,51758.0,79996.0,385497022.0,573297152.0
49.2,sysbench,stress-ng,5,0.4474046457490309,5207.0,2.6025803371564826e-06,1365.0,2376.0,173799091.0,388460631.0,8531148.8,0.4474046457490309,0.5744949494949495,2.6025803371564826e-06,1.6281919319168194,0.8541765800060561,0.00010475728326358521,1365.0,2376.0,388460631.0,173799091.0,236952.0,277404.0,386149762.0,628725927.0
49.3,sysbench,stress-ng,5,0.4473534634235387,4863.5,2.5933983343963645e-06,1069.0,2075.0,173531994.0,387908015.0,7968358.399999999,0.4473534634235387,0.5151807228915662,2.5933983343963645e-06,1.6245466257367287,0.8589243426498427,0.00010163782144983468,1069.0,2075.0,387908015.0,173531994.0,238659.0,277858.0,385673359.0,626544354.0
49.5,sysbench,stress-ng,5,0.44729805917966214,4532.6,2.657540433955732e-06,1050.0,2081.0,173530492.0,387952705.0,7426211.84,0.44729805917966214,0.5045651129264777,2.657540433955732e-06,1.720654383288911,0.8872650860987992,0.00011068205196173611,1050.0,2081.0,387952705.0,173530492.0,336104.0,378809.0,385834914.0,663888536.0
49.6,sysbench,stress-ng,5,0.44745706882214104,4449.8,2.628753677448742e-06,1280.0,2301.0,173790976.0,388396984.0,7290552.32,0.44745706882214104,0.5562798783137766,2.628753677448742e-06,1.6136502720786001,0.854473493459853,9.15774981478461e-05,1280.0,2301.0,388396984.0,173790976.0,207473.0,242808.0,385848060.0,622623827.0
49.7,sysbench,stress-ng,5,0.4474286625642571,6775.0,2.409728214915792e-06,968.0,1904.0,173792723.0,388425547.0,11100160.0,0.4474286625642571,0.5084033613445378,2.409728214915792e-06,1.4549578467689932,0.15828752290521406,6.542314287329887e-05,968.0,1904.0,388425547.0,173792723.0,4751.0,30015.0,386163044.0,561850951.0
49.8,sysbench,stress-ng,5,0.4474160002747028,7503.8,2.506750377648121e-06,1277.0,2251.0,173843869.0,388550854.0,12294225.92,0.4474160002747028,0.5673034207019103,2.506750377648121e-06,1.454015847728655,0.19328132462983602,6.561503510502794e-05,1277.0,2251.0,388550854.0,173843869.0,6070.0,31405.0,386115773.0,561418453.0
49.9,sysbench,stress-ng,5,0.4472404251197864,7523.3,2.4487096457574835e-06,1025.0,1976.0,173693784.0,388367809.0,12326174.72,0.4472404251197864,0.5187246963562753,2.4487096457574835e-06,1.5651432159017673,0.8079814635435012,9.042654933441108e-05,1025.0,1976.0,388367809.0,173693784.0,146807.0,181696.0,385826953.0,603874438.0
50.1,sysbench,stress-ng,5,0.4472051341406338,4810.8,2.6686712908761143e-06,1047.0,2084.0,173776263.0,388582889.0,7882014.72,0.4472051341406338,0.5023992322456814,2.6686712908761143e-06,1.6251996541423916,0.8567888385904135,0.00010192834784979396,1047.0,2084.0,388582889.0,173776263.0,235449.0,274804.0,386104561.0,627496999.0
50.2,sysbench,stress-ng,5,0.4473619520610504,4723.5,2.545681154367202e-06,1639.0,2628.0,173800623.0,388501128.0,7738982.4,0.4473619520610504,0.6236681887366818,2.545681154367202e-06,1.643678092576319,0.8618125245755902,0.00010461556007809659,1639.0,2628.0,388501128.0,173800623.0,252050.0,292465.0,386319205.0,634984414.0
50.3,sysbench,stress-ng,5,0.44726539948924526,4534.3,2.3653393761654443e-06,1156.0,2075.0,173775022.0,388527756.0,7428997.12,0.44726539948924526,0.5571084337349398,2.3653393761654443e-06,1.714637747208943,0.883572891439191,0.00011286573472472886,1156.0,2075.0,388527756.0,173775022.0,330906.0,374509.0,386326285.0,662409631.0
50.4,sysbench,stress-ng,5,0.4472079206939482,4493.0,2.498413468812045e-06,990.0,1960.0,173626859.0,388246386.0,7361331.2,0.4472079206939482,0.5051020408163265,2.498413468812045e-06,1.7216160983841773,0.8833462243028699,0.0001113569160687582,990.0,1960.0,388246386.0,173626859.0,325491.0,368475.0,386002069.0,664547376.0
50.5,sysbench,stress-ng,5,0.4478943804443229,6872.0,2.877103873829075e-06,1320.0,2436.0,173733779.0,387890062.0,11259084.8,0.4478943804443229,0.541871921182266,2.877103873829075e-06,1.4940997558714593,0.618457319946873,6.927449297506961e-05,1320.0,2436.0,387890062.0,173733779.0,43305.0,70021.0,385654212.0,576205864.0
50.6,sysbench,stress-ng,5,0.4471751772794346,7510.700000000001,3.0678686878675865e-06,1042.0,2232.0,173455423.0,387891439.0,12305530.88,0.4471751772794346,0.4668458781362007,3.0678686878675865e-06,1.4608594057035797,0.15808443183714332,6.543569351961936e-05,1042.0,2232.0,387891439.0,173455423.0,4737.0,29965.0,385538819.0,563218010.0
50.7,sysbench,stress-ng,5,0.44765722070639996,7498.5,2.869286542517373e-06,1377.0,2490.0,173646821.0,387901307.0,12285542.4,0.44765722070639996,0.553012048192771,2.869286542517373e-06,1.4798832615330808,0.5573167371679552,7.088147140613184e-05,1377.0,2490.0,387901307.0,173646821.0,34387.0,61701.0,385347531.0,570269361.0
50.9,sysbench,stress-ng,5,0.44742255771347855,4835.5,2.802332568820744e-06,1034.0,2121.0,173551250.0,387891149.0,7922483.2,0.44742255771347855,0.4875058934464875,2.802332568820744e-06,1.6275798455343082,0.8527038805658818,0.00010257479039785514,1034.0,2121.0,387891149.0,173551250.0,228922.0,268466.0,385513827.0,627454535.0
51.0,sysbench,stress-ng,5,0.4472460447771375,4723.0,2.8357490529552006e-06,1011.0,2111.0,173488782.0,387904564.0,7738163.2,0.4472460447771375,0.4789199431549029,2.8357490529552006e-06,1.6901591141326422,0.8741562125967397,0.00010831684929559731,1011.0,2111.0,387904564.0,173488782.0,289948.0,331689.0,385360175.0,651320012.0
51.1,sysbench,stress-ng,5,0.44711686192882405,4467.5,2.7404286385641015e-06,1018.0,2081.0,173434629.0,387895523.0,7319552.0,0.44711686192882405,0.4891878904372898,2.7404286385641015e-06,1.7234936303235235,0.8817223952924887,0.00011077495252617815,1018.0,2081.0,387895523.0,173434629.0,318412.0,361125.0,385583555.0,664550801.0
51.2,sysbench,stress-ng,5,0.44717345555878907,4456.1,2.8564175937123133e-06,1330.0,2438.0,173457897.0,387898465.0,7300874.24,0.44717345555878907,0.5455291222313372,2.8564175937123133e-06,1.6342167811872876,0.8531329324771197,9.320028779979101e-05,1330.0,2438.0,387898465.0,173457897.0,208713.0,244643.0,385513831.0,630013172.0
51.4,sysbench,stress-ng,5,0.4475866127947061,7569.0,2.8593656041301037e-06,1186.0,2295.0,173595693.0,387848269.0,12401049.6,0.4475866127947061,0.5167755991285403,2.8593656041301037e-06,1.4565237655694467,0.1973006863780359,6.309783872795255e-05,1186.0,2295.0,387848269.0,173595693.0,5979.0,30304.0,385512412.0,561507990.0
51.5,sysbench,stress-ng,5,0.4473544971663068,7514.099999999999,2.9511140153853196e-06,1242.0,2387.0,173568658.0,387989076.0,12311101.44,0.4473544971663068,0.5203183912861332,2.9511140153853196e-06,1.4570251300558283,0.18139365436841756,6.410537979339503e-05,1242.0,2387.0,387989076.0,173568658.0,5477.0,30194.0,385568264.0,561782650.0
51.6,sysbench,stress-ng,5,0.4475565292631228,5033.9,2.6643197611861614e-06,1092.0,2125.0,173524928.0,387716225.0,8247541.76,0.4475565292631228,0.5138823529411765,2.6643197611861614e-06,1.5585760268290672,0.7988065345189211,8.838027377516376e-05,1092.0,2125.0,387716225.0,173524928.0,135202.0,169255.0,385300911.0,600520763.0
51.7,sysbench,stress-ng,5,0.44720259266042856,4822.6,2.791588565768713e-06,1224.0,2307.0,173492761.0,387951152.0,7901347.84,0.44720259266042856,0.5305591677503251,2.791588565768713e-06,1.628340219707866,0.8523206112072327,0.00010122572869088708,1224.0,2307.0,387951152.0,173492761.0,225126.0,264133.0,385346695.0,627475522.0
51.8,sysbench,stress-ng,5,0.4472230222194762,4706.7,2.73813315906637e-06,976.0,2038.0,173457908.0,387855498.0,7711457.28,0.4472230222194762,0.478900883218842,2.73813315906637e-06,1.643067828174809,0.8608867678958785,0.00010392613583038094,976.0,2038.0,387855498.0,173457908.0,248043.0,288125.0,385677767.0,633694731.0
51.9,sysbench,stress-ng,5,0.4474540633541476,4508.900000000001,2.680869037828137e-06,997.0,2037.0,173582603.0,387933907.0,7387381.760000001,0.4474540633541476,0.4894452626411389,2.680869037828137e-06,1.7141148340067047,0.889002606880772,0.00010747112076479697,997.0,2037.0,387933907.0,173582603.0,331814.0,373243.0,385489606.0,660773452.0
52.0,sysbench,stress-ng,5,0.44734593421064517,4486.9,2.657392814228375e-06,1064.0,2095.0,173558706.0,387974256.0,7351336.96,0.44734593421064517,0.5078758949880668,2.657392814228375e-06,1.7233535752353382,0.8884051587536056,0.00010778165494755928,1064.0,2095.0,387974256.0,173558706.0,330787.0,372338.0,385510874.0,664371543.0
52.2,sysbench,stress-ng,5,0.44712119158776653,7577.1,2.5930817362871137e-06,959.0,1965.0,173463070.0,387955376.0,12414320.64,0.44712119158776653,0.48804071246819336,2.5930817362871137e-06,1.4545164426517254,0.14025543207828828,6.720768494321446e-05,959.0,1965.0,387955376.0,173463070.0,4228.0,30145.0,385625543.0,560898693.0
52.3,sysbench,stress-ng,5,0.447472725395814,7480.1,2.835358035441661e-06,1585.0,2685.0,173600650.0,387958059.0,12255395.84,0.447472725395814,0.590316573556797,2.835358035441661e-06,1.4681333181823877,0.40970929086248825,6.986780345191446e-05,1585.0,2685.0,387958059.0,173600650.0,18702.0,45647.0,385656893.0,566195734.0
52.4,sysbench,stress-ng,5,0.447412801142889,4965.7,2.6883828337987244e-06,946.0,1989.0,173580766.0,387965578.0,8135802.88,0.447412801142889,0.47561588738059324,2.6883828337987244e-06,1.62303618521019,0.8514817239173448,0.00010360841626008738,946.0,1989.0,387965578.0,173580766.0,228943.0,268876.0,385422357.0,625554432.0
52.5,sysbench,stress-ng,5,0.4474671957429611,4799.3,2.7787837120886418e-06,953.0,2031.0,173590206.0,387939513.0,7863173.12,0.4474671957429611,0.4692269817823732,2.7787837120886418e-06,1.6255353193741875,0.8522428136191943,0.00010173944157941954,953.0,2031.0,387939513.0,173590206.0,226302.0,265537.0,385641983.0,626874664.0
52.6,sysbench,stress-ng,5,0.4470941273008084,4687.8,2.791576088442863e-06,1278.0,2361.0,173451457.0,387952886.0,7680491.5200000005,0.4470941273008084,0.5412960609911055,2.791576088442863e-06,1.6781926970065961,0.8772716618932469,0.00011134612963672239,1278.0,2361.0,387952886.0,173451457.0,306917.0,349854.0,385617355.0,647140229.0
52.8,sysbench,stress-ng,5,0.4475055770406939,4459.9,2.9255035044129635e-06,1147.0,2282.0,173617577.0,387967404.0,7307100.16,0.4475055770406939,0.5026292725679229,2.9255035044129635e-06,1.7215441458562322,0.8806877387981938,0.00011585698623996499,1147.0,2282.0,387967404.0,173617577.0,329615.0,374270.0,385432087.0,663538353.0
52.9,sysbench,stress-ng,5,0.44718748024803673,7154.8,2.755608320256438e-06,1154.0,2223.0,173480176.0,387936120.0,11722424.32,0.44718748024803673,0.5191183085919928,2.755608320256438e-06,1.652930309953577,0.8565410530842198,0.00010207520549645694,1154.0,2223.0,387936120.0,173480176.0,235046.0,274413.0,385666625.0,637480054.0
53.0,sysbench,stress-ng,5,0.4473771152763996,7503.0,2.750442757485025e-06,962.0,2029.0,173554378.0,387937541.0,12292915.2,0.4473771152763996,0.4741251848201084,2.750442757485025e-06,1.4535943935692035,0.1880048465266559,6.257943806139162e-05,962.0,2029.0,387937541.0,173554378.0,5586.0,29712.0,385525993.0,560398422.0
53.1,sysbench,stress-ng,5,0.447362698615075,7472.4,2.71986581197844e-06,1018.0,2073.0,173526078.0,387886783.0,12242780.16,0.447362698615075,0.4910757356488181,2.71986581197844e-06,1.4556880602124485,0.16925940699375083,6.483512657162076e-05,1018.0,2073.0,387886783.0,173526078.0,5092.0,30084.0,385470058.0,561124161.0
53.2,sysbench,stress-ng,5,0.44734192756931457,4944.4,3.02091953527442e-06,1465.0,2637.0,173551375.0,387961343.0,8100904.96,0.44734192756931457,0.5555555555555556,3.02091953527442e-06,1.5422766137177635,0.776915780414722,9.20756326508993e-05,1465.0,2637.0,387961343.0,173551375.0,123678.0,159191.0,385693793.0,594846517.0
53.3,sysbench,stress-ng,5,0.447187511278423,4768.3,2.7322104501698715e-06,1159.0,2219.0,173492771.0,387964258.0,7812382.72,0.447187511278423,0.5223073456511942,2.7322104501698715e-06,1.6226355145676155,0.8489455995603435,0.0001111989356271701,1159.0,2219.0,387964258.0,173492771.0,240980.0,283858.0,385597216.0,625683737.0
53.4,sysbench,stress-ng,5,0.4471266595233104,4733.0,2.7042804144411563e-06,998.0,2047.0,173442023.0,387903560.0,7754547.2,0.4471266595233104,0.487542745481192,2.7042804144411563e-06,1.6271848996076963,0.85254052881503,0.00011290766375910877,998.0,2047.0,387903560.0,173442023.0,251531.0,295037.0,385323711.0,626992924.0
53.6,sysbench,stress-ng,5,0.447491055082127,4445.0,2.6547964719486947e-06,1031.0,2061.0,173616242.0,387977011.0,7282688.0,0.447491055082127,0.500242600679282,2.6547964719486947e-06,1.720656268122056,0.8728543011539484,0.0001216753884565099,1031.0,2061.0,387977011.0,173616242.0,322078.0,368994.0,385583318.0,663456353.0
53.8,sysbench,stress-ng,5,0.4473287460421287,7108.0,2.7350754351205343e-06,981.0,2042.0,173529327.0,387923487.0,11645747.2,0.4473287460421287,0.480411361410382,2.7350754351205343e-06,1.4538220654298875,0.16621299190106528,6.434900255622528e-05,981.0,2042.0,387923487.0,173529327.0,4946.0,29757.0,385569302.0,560549159.0
53.9,sysbench,stress-ng,5,0.44771031805897316,7485.599999999999,2.8147772122782093e-06,912.0,2004.0,173690360.0,387952551.0,12264407.04,0.44771031805897316,0.4550898203592814,2.8147772122782093e-06,1.453662569225311,0.18065222995617428,6.594461437731299e-05,912.0,2004.0,387952551.0,173690360.0,5606.0,31032.0,385565982.0,560482836.0
54.1,sysbench,stress-ng,5,0.4473435507703751,4896.1,2.6592052268328833e-06,944.0,1977.0,173775940.0,388461932.0,8021770.24,0.4473435507703751,0.47749114820435,2.6592052268328833e-06,1.6178315589846461,0.839497391246057,0.00011170641586128675,944.0,1977.0,388461932.0,173775940.0,225421.0,268519.0,385814903.0,624183526.0
54.2,sysbench,stress-ng,5,0.4473326532259374,4800.400000000001,2.978166351427586e-06,1341.0,2497.0,173635884.0,388158304.0,7864975.36,0.4473326532259374,0.5370444533440129,2.978166351427586e-06,1.6233794884155872,0.8486358539927744,0.00011013436340537987,1341.0,2497.0,388158304.0,173635884.0,238420.0,280945.0,386119270.0,626818103.0
54.3,sysbench,stress-ng,5,0.447274534616542,4735.9,2.5909372753710824e-06,1252.0,2258.0,173666181.0,388276478.0,7759298.56,0.447274534616542,0.5544729849424269,2.5909372753710824e-06,1.6715455104198145,0.8652370979715253,0.00011570138767774681,1252.0,2258.0,388276478.0,173666181.0,286724.0,331382.0,385976356.0,645177045.0
54.4,sysbench,stress-ng,5,0.4473893000505834,4488.599999999999,2.6805945863674787e-06,941.0,1982.0,173742148.0,388346677.0,7354122.239999999,0.4473893000505834,0.4747729566094854,2.6805945863674787e-06,1.7165889510427899,0.8821528397582183,0.00011423370541774897,941.0,1982.0,388346677.0,173742148.0,330121.0,374222.0,386059437.0,662705364.0
54.5,sysbench,stress-ng,5,0.44721958883547075,4531.2,2.8006932807316454e-06,1193.0,2281.0,173733738.0,388475242.0,7423918.079999999,0.44721958883547075,0.5230162209557212,2.8006932807316454e-06,1.6712055559677772,0.8683190608555563,0.00010337706444746701,1193.0,2281.0,388475242.0,173733738.0,263026.0,302914.0,385849610.0,644834012.0
54.6,sysbench,stress-ng,5,0.44733708915085485,7112.9,2.5732469727951695e-06,1217.0,2216.0,173667649.0,388225464.0,11653775.36,0.44733708915085485,0.549187725631769,2.5732469727951695e-06,1.453831475398623,0.1806804455777748,6.326719800853027e-05,1217.0,2216.0,388225464.0,173667649.0,5385.0,29804.0,385966200.0,561129810.0
54.7,sysbench,stress-ng,5,0.44725713165025194,7503.5,2.440245705971963e-06,1059.0,2007.0,173752897.0,388485470.0,12293734.4,0.44725713165025194,0.5276532137518685,2.440245705971963e-06,1.453705192467763,0.1648108376011895,6.548402980341226e-05,1059.0,2007.0,388485470.0,173752897.0,4988.0,30265.0,386002512.0,561133856.0
54.9,sysbench,stress-ng,5,0.44727969894959463,4847.3,2.4762819934539564e-06,1148.0,2110.0,173761741.0,388485642.0,7941816.32,0.44727969894959463,0.5440758293838862,2.4762819934539564e-06,1.6194962406220657,0.8594430508726433,0.00010288426911955802,1148.0,2110.0,388485642.0,173761741.0,242919.0,282647.0,386142608.0,625356502.0
55.0,sysbench,stress-ng,5,0.4474435817519391,4826.099999999999,2.7352531972502112e-06,949.0,2011.0,173726178.0,388263873.0,7907082.239999999,0.4474435817519391,0.47190452511188463,2.7352531972502112e-06,1.6258480209742652,0.85462810576456,0.00010392110456519408,949.0,2011.0,388263873.0,173726178.0,235756.0,275858.0,385888893.0,627396693.0
55.1,sysbench,stress-ng,5,0.4470212198709801,4697.6,2.8781503806982586e-06,1220.0,2337.0,173487357.0,388096469.0,7696547.84,0.4470212198709801,0.5220367993153616,2.8781503806982586e-06,1.7171764074731668,0.8840168674565447,0.00010866491299396633,1220.0,2337.0,388096469.0,173487357.0,319489.0,361406.0,385745489.0,662393053.0
55.2,sysbench,stress-ng,5,0.44717688896914876,4489.8,2.4898108417837262e-06,1007.0,1974.0,173675865.0,388382918.0,7356088.32,0.44717688896914876,0.5101317122593718,2.4898108417837262e-06,1.7178579924672812,0.8882574631102556,0.00010703676367109471,1007.0,1974.0,388382918.0,173675865.0,328554.0,369886.0,386147699.0,663346911.0
55.3,sysbench,stress-ng,5,0.44737348545203415,4518.8,2.900061851931954e-06,1281.0,2407.0,173700621.0,388267581.0,7403601.92,0.44737348545203415,0.5321977565434151,2.900061851931954e-06,1.5515108271638633,0.7980619238950603,7.74993413177973e-05,1281.0,2407.0,388267581.0,173700621.0,118181.0,148085.0,385861344.0,598668053.0
55.5,sysbench,stress-ng,5,0.4473461168315235,7515.699999999999,2.670472058417803e-06,1029.0,2065.0,173546312.0,387946392.0,12313722.879999999,0.4473461168315235,0.49830508474576274,2.670472058417803e-06,1.4495096254831292,0.1676853842020419,6.426025932425619e-05,1029.0,2065.0,387946392.0,173546312.0,4993.0,29776.0,385666044.0,559026643.0
55.6,sysbench,stress-ng,5,0.44782123778464145,7483.6,2.5005726375787797e-06,1055.0,2025.0,173714850.0,387911147.0,12261130.24,0.44782123778464145,0.5209876543209877,2.5005726375787797e-06,1.4522555124194265,0.15563459131923862,6.647251627834536e-05,1055.0,2025.0,387911147.0,173714850.0,4726.0,30366.0,385723325.0,560168825.0
55.7,sysbench,stress-ng,5,0.44743408008077473,4851.599999999999,2.600791402522877e-06,1202.0,2211.0,173586004.0,387958834.0,7948861.4399999995,0.44743408008077473,0.5436454093170511,2.600791402522877e-06,1.6023569791574357,0.8510239043824701,9.695528034732232e-05,1202.0,2211.0,387958834.0,173586004.0,213607.0,251000.0,385672651.0,617985264.0
55.8,sysbench,stress-ng,5,0.44741565982919623,4791.1,2.532754303959245e-06,1000.0,1983.0,173648740.0,388115025.0,7849738.24,0.44741565982919623,0.5042864346949067,2.532754303959245e-06,1.6225816236341999,0.8616294240311675,9.935379938042379e-05,1000.0,1983.0,388115025.0,173648740.0,238412.0,276699.0,385360200.0,625278379.0
55.9,sysbench,stress-ng,5,0.4472380278011722,4686.7,2.412634795207697e-06,1068.0,2004.0,173509391.0,387957598.0,7678689.28,0.4472380278011722,0.5329341317365269,2.412634795207697e-06,1.6605421996976284,0.8708158296968137,0.00010275763099453438,1068.0,2004.0,387957598.0,173509391.0,267202.0,306841.0,385752373.0,640558094.0
56.0,sysbench,stress-ng,5,0.44720653545181616,4552.799999999999,2.6006378212459453e-06,987.0,1996.0,173507972.0,387981745.0,7459307.52,0.44720653545181616,0.49448897795591185,2.6006378212459453e-06,1.7206182017801641,0.8891428106701367,0.00010607329274143019,987.0,1996.0,387981745.0,173507972.0,327987.0,368880.0,385516457.0,663326633.0
56.1,sysbench,stress-ng,5,0.4478580898924006,4451.8,2.711132308454708e-06,1039.0,2091.0,173782264.0,388029753.0,7293829.12,0.4478580898924006,0.4968914395026303,2.711132308454708e-06,1.701436267296305,0.8858352903162523,0.00010259033598620208,1039.0,2091.0,388029753.0,173782264.0,307050.0,346622.0,385728340.0,656292187.0
56.3,sysbench,stress-ng,5,0.4472645819669197,7653.400000000001,2.954489149683714e-06,1450.0,2596.0,173486916.0,387884315.0,12539330.56,0.4472645819669197,0.5585516178736518,2.954489149683714e-06,1.4473463887133784,0.15685077815074763,6.448001228913785e-05,1450.0,2596.0,387884315.0,173486916.0,4626.0,29493.0,385654393.0,558175493.0
56.4,sysbench,stress-ng,5,0.44729339215493213,7461.900000000001,2.6340922142693084e-06,1048.0,2070.0,173545119.0,387989454.0,12225576.96,0.44729339215493213,0.506280193236715,2.6340922142693084e-06,1.5006446351580067,0.7273184849628791,7.86850833991597e-05,1048.0,2070.0,387989454.0,173545119.0,80920.0,111258.0,385562278.0,578591964.0
56.5,sysbench,stress-ng,5,0.4470860082024107,4912.4,2.5437307783383206e-06,1201.0,2188.0,173475076.0,388012760.0,8048476.16,0.4470860082024107,0.5489031078610603,2.5437307783383206e-06,1.6242623527199032,0.8529075519402001,0.00010405436426446061,1201.0,2188.0,388012760.0,173475076.0,232767.0,272910.0,385788720.0,626622094.0
56.6,sysbench,stress-ng,5,0.4473994324193277,4781.1,2.4613972179814387e-06,1115.0,2070.0,173586959.0,387991013.0,7833354.24,0.4473994324193277,0.538647342995169,2.4613972179814387e-06,1.6261577829344525,0.8544083299160233,0.00010584118193780321,1115.0,2070.0,387991013.0,173586959.0,239606.0,280435.0,385757219.0,627302104.0
56.8,sysbench,stress-ng,5,0.447323948602488,4500.400000000001,2.631855937351126e-06,1296.0,2317.0,173534480.0,387939167.0,7373455.36,0.447323948602488,0.5593439792835563,2.631855937351126e-06,1.7086617136658637,0.8767871749674535,0.00011097407098445208,1296.0,2317.0,387939167.0,173534480.0,304417.0,347196.0,385486444.0,658665928.0
56.9,sysbench,stress-ng,5,0.44743634223560713,4464.5,3.0427104832172615e-06,1293.0,2473.0,173521236.0,387812119.0,7314636.8,0.44743634223560713,0.5228467448443186,3.0427104832172615e-06,1.7230535849080437,0.8868642664393491,0.00010804503950054204,1293.0,2473.0,387812119.0,173521236.0,326680.0,368354.0,385709517.0,664598166.0
57.0,sysbench,stress-ng,5,0.44740307485071357,7185.2,2.520069097202536e-06,984.0,1962.0,173630242.0,388084597.0,11772231.68,0.44740307485071357,0.5015290519877675,2.520069097202536e-06,1.5811820295926498,0.8226466207611113,8.529922038640827e-05,984.0,1962.0,388084597.0,173630242.0,152443.0,185308.0,385290743.0,609214799.0
57.1,sysbench,stress-ng,5,0.44737363975622757,7464.0,2.2974130200652635e-06,972.0,1865.0,173893269.0,388698067.0,12229017.6,0.44737363975622757,0.5211796246648793,2.2974130200652635e-06,1.4472643074152796,0.17979098715303202,6.382027216916953e-05,972.0,1865.0,388698067.0,173893269.0,5402.0,30046.0,386146896.0,558856620.0
57.2,sysbench,stress-ng,5,0.44733020743819174,7509.6,2.8251009393615285e-06,1341.0,2437.0,173542085.0,387950740.0,12303728.64,0.44733020743819174,0.5502667213787443,2.8251009393615285e-06,1.4475969213509143,0.16153689359967388,6.393504230786991e-05,1341.0,2437.0,387950740.0,173542085.0,4755.0,29436.0,386032434.0,558819363.0
57.3,sysbench,stress-ng,5,0.4474395252924684,4914.1,2.523990159078386e-06,1043.0,2022.0,173551903.0,387877899.0,8051261.44,0.4474395252924684,0.5158259149357072,2.523990159078386e-06,1.5789643214284703,0.8186000097356764,9.664433142211399e-05,1043.0,2022.0,387877899.0,173551903.0,168165.0,205430.0,385589092.0,608831419.0
57.4,sysbench,stress-ng,5,0.44730230685834566,4841.9,2.5992453708032444e-06,1143.0,2152.0,173638100.0,388189592.0,7932968.96,0.44730230685834566,0.5311338289962825,2.5992453708032444e-06,1.6278274604586642,0.8515219992024459,0.0001043061171735057,1143.0,2152.0,388189592.0,173638100.0,230616.0,270828.0,385519096.0,627558571.0
57.6,sysbench,stress-ng,5,0.4473182617737381,4474.2,2.46517350575618e-06,973.0,1931.0,173833969.0,388613620.0,7330529.28,0.4473182617737381,0.5038839979285344,2.46517350575618e-06,1.7180956324898347,0.8857906292384868,0.00010930240805042773,973.0,1931.0,388613620.0,173833969.0,327196.0,369383.0,385965879.0,663126291.0
57.7,sysbench,stress-ng,5,0.44716585295456085,4636.4,2.5272775819127634e-06,1039.0,2020.0,173574009.0,388164722.0,7596277.76,0.44716585295456085,0.5143564356435644,2.5272775819127634e-06,1.71912894288218,0.8836409785032533,0.00010872676018046827,1039.0,2020.0,388164722.0,173574009.0,318200.0,360101.0,385378907.0,662516033.0
57.8,sysbench,stress-ng,5,0.46814950155468144,7156.1,3.3103494406575926e-05,33147.0,45951.0,181074123.0,386786961.0,11724554.24,0.46814950155468144,0.7213553567931057,3.3103494406575926e-05,1.4617548547904229,0.4136722376973073,6.553120495240426e-05,33147.0,45951.0,386786961.0,181074123.0,17821.0,43080.0,385449955.0,563433343.0
57.9,sysbench,stress-ng,5,0.4471884973438645,7516.2,2.895494691735734e-06,1252.0,2375.0,173439338.0,387843916.0,12314542.08,0.4471884973438645,0.5271578947368422,2.895494691735734e-06,1.4488970912153922,0.1945990913163115,6.536015799522522e-05,1252.0,2375.0,387843916.0,173439338.0,6082.0,31254.0,385127588.0,558010242.0
58.0,sysbench,stress-ng,5,0.44744125920789535,7469.099999999999,2.9511104095145873e-06,1040.0,2153.0,168750759.0,377146174.0,12237373.44,0.44744125920789535,0.4830469112865769,2.9511104095145873e-06,1.4753864172763433,0.6008891627784136,7.188024173007393e-05,1040.0,2153.0,377146174.0,168750759.0,40953.0,68154.0,378421098.0,558317348.0
58.2,sysbench,stress-ng,5,0.4475092744265386,4842.299999999999,2.900254232161185e-06,1069.0,2194.0,173587518.0,387897029.0,7933624.319999999,0.4475092744265386,0.48723792160437557,2.900254232161185e-06,1.6325551719827898,0.8519311921561787,0.00010424280021727606,1069.0,2194.0,387897029.0,173587518.0,224696.0,263749.0,374634986.0,611612284.0
58.3,sysbench,stress-ng,5,0.4476620132439381,4687.700000000001,3.205845264073867e-06,1873.0,3082.0,168823923.0,377123629.0,7680327.680000001,0.4476620132439381,0.6077222582738482,3.205845264073867e-06,1.6319643931743795,0.8576379622216291,0.00010056009698740807,1873.0,3082.0,377123629.0,168823923.0,231377.0,269784.0,381930817.0,623297494.0
58.4,sysbench,stress-ng,5,0.4469104079680631,4513.400000000001,2.9487035339445513e-06,1120.0,2232.0,168536568.0,377114887.0,7394754.5600000005,0.4469104079680631,0.5017921146953405,2.9487035339445513e-06,1.6829499169173472,0.8710678173833112,0.0001068224612518618,1120.0,2232.0,377114887.0,168536568.0,272916.0,313312.0,378160169.0,636424625.0
58.5,sysbench,stress-ng,5,0.447167208057353,4446.1,3.0910265902301247e-06,1330.0,2529.0,173454827.0,387897019.0,7284490.24,0.447167208057353,0.5258995650454725,3.0910265902301247e-06,1.7288234669617444,0.884740744917811,0.0001090761146624212,1330.0,2529.0,387897019.0,173454827.0,313791.0,354670.0,374774992.0,647919801.0
58.6,sysbench,stress-ng,5,0.4474846181116516,7131.3,2.9645200696165832e-06,1202.0,2320.0,168758447.0,377126811.0,11683921.92,0.4474846181116516,0.5181034482758621,2.9645200696165832e-06,1.6470557073759393,0.8604946828524467,9.225832652023547e-05,1202.0,2320.0,377126811.0,168758447.0,217262.0,252485.0,381786678.0,628823927.0
58.7,sysbench,stress-ng,5,0.44737660565434834,7457.3,2.948661694469974e-06,1945.0,3057.0,168714772.0,377120238.0,12218040.32,0.44737660565434834,0.6362446843310435,2.948661694469974e-06,1.4458955558935942,0.1778417660770602,6.337961345264219e-05,1945.0,3057.0,377120238.0,168714772.0,5188.0,29172.0,378418212.0,547153211.0
58.9,sysbench,stress-ng,5,0.44765604664399433,7449.5,2.850572153849415e-06,1007.0,2082.0,168818828.0,377117274.0,12205260.8,0.44765604664399433,0.48366954851104704,2.850572153849415e-06,1.5419736319464428,0.7771311986875223,8.323280966765789e-05,1007.0,2082.0,377117274.0,168818828.0,110843.0,142631.0,381916700.0,588905481.0
59.0,sysbench,stress-ng,5,0.44741579212256327,4817.900000000001,2.5773148858962248e-06,921.0,1893.0,168736910.0,377136688.0,7893647.36,0.44741579212256327,0.4865293185419968,2.5773148858962248e-06,1.6193445859380482,0.8581283563032783,9.991016415700927e-05,921.0,1893.0,377136688.0,168736910.0,228511.0,266290.0,378129696.0,612322276.0
59.1,sysbench,stress-ng,5,0.4472800811530358,4840.900000000001,2.1850270522543976e-06,1256.0,2106.0,173996962.0,389011202.0,7931330.5600000005,0.4472800811530358,0.5963912630579298,2.1850270522543976e-06,1.6295361021524146,0.8560180269810747,0.0001032375951325389,1256.0,2106.0,389011202.0,173996962.0,230589.0,269374.0,375686783.0,612195176.0
59.3,sysbench,stress-ng,5,0.4473880539344686,4562.0,2.676080817227754e-06,1260.0,2271.0,169019306.0,377791281.0,7474380.8,0.4473880539344686,0.5548216644649934,2.676080817227754e-06,1.7095650555745574,0.8791291798807281,0.00010827605031158677,1260.0,2271.0,377791281.0,169019306.0,299107.0,340231.0,379806983.0,649304746.0
59.4,sysbench,stress-ng,5,0.44728042317442984,4466.1,2.406154431629026e-06,1240.0,2149.0,168974152.0,377781238.0,7317258.24,0.44728042317442984,0.5770125639832481,2.406154431629026e-06,1.5560443464766023,0.8050715407940932,8.039681472028049e-05,1240.0,2149.0,377781238.0,168974152.0,124518.0,154667.0,375002419.0,583520394.0
59.5,sysbench,stress-ng,5,0.4472008817890309,7316.900000000001,2.4600961215138434e-06,931.0,1887.0,173783471.0,388602702.0,11988008.96,0.4472008817890309,0.4933757286698463,2.4600961215138434e-06,1.4482335694184456,0.18095527631401162,6.334632060484896e-05,931.0,1887.0,388602702.0,173783471.0,5357.0,29604.0,382768877.0,554338737.0
59.6,sysbench,stress-ng,5,0.4472951434150405,7461.2,2.3024469487839385e-06,975.0,1845.0,169014437.0,377858869.0,12224430.08,0.4472951434150405,0.5284552845528455,2.3024469487839385e-06,1.4421055817437358,0.15123614663256607,6.569391737986665e-05,975.0,1845.0,377858869.0,169014437.0,4435.0,29325.0,378878304.0,546382517.0
59.7,sysbench,stress-ng,5,0.44736892378071386,7421.599999999999,2.720383410519705e-06,1305.0,2331.0,168726406.0,377152719.0,12159549.44,0.44736892378071386,0.5598455598455598,2.720383410519705e-06,1.5934834604455679,0.825718791587143,9.815925522945432e-05,1305.0,2331.0,377152719.0,168726406.0,174353.0,211153.0,374900970.0,597398495.0
59.8,sysbench,stress-ng,5,0.447372536973572,4837.099999999999,2.647873178373796e-06,1065.0,2092.0,173517221.0,387858455.0,7925104.64,0.447372536973572,0.5090822179732314,2.647873178373796e-06,1.6293185857202666,0.8499370689028566,0.00010270032983415545,1065.0,2092.0,387858455.0,173517221.0,222171.0,261397.0,381946193.0,622312031.0
60.0,sysbench,stress-ng,5,0.4469616570654463,5873.3,4.116696908793546e-06,1243.5,2086.0,91472655.0,204654367.0,9622814.72,0.4469616570654463,0.5961169702780441,4.116696908793546e-06,1.671462508377521,0.8653910363426223,0.00010694666218365417,1243.5,2086.0,204654367.0,91472655.0,185317.0,214142.5,269531553.5,450511886.5
