time_step,victim,attacker,run_id,IPC,Total_MB_per_sec,cache_dominance_score,LLC-load-misses,LLC-loads,instructions,cycles,cas_count_total,victim_IPC,victim_miss_rate,victim_cache_dominance,attacker_IPC,attacker_miss_rate,attacker_cache_dominance,victim_LLC-load-misses,victim_LLC-loads,victim_cycles,victim_instructions,attacker_LLC-load-misses,attacker_LLC-loads,attacker_cycles,attacker_instructions
0.1,mcf,stress-ng,5,0.21280721331955776,15403.5,0.003010157521718443,8585201.0,9760030.0,83056147.0,390288213.0,25237094.4,0.21280721331955776,0.8796285462237309,0.003010157521718443,1.4758039930140716,0.8608658465100332,9.959103314320712e-05,8585201.0,9760030.0,390288213.0,83056147.0,233509.0,271249.0,378949779.0,559255597.0
0.2,mcf,stress-ng,5,0.21340277566059418,14903.099999999999,0.003015409509015212,8335557.0,9473972.0,80566477.0,377532470.0,24417239.04,0.21340277566059418,0.8798376224882235,0.003015409509015212,1.5084711231810481,0.8830342386424268,9.586399369488388e-05,8335557.0,9473972.0,377532470.0,80566477.0,271420.0,307372.0,375031319.0,565723915.0
0.3,mcf,stress-ng,5,0.21397086982606406,14882.5,0.003022111263363995,8341695.0,9481408.0,80693714.0,377124765.0,24383488.0,0.21397086982606406,0.8797949629422128,0.003022111263363995,1.520912611920514,0.882848718702301,9.891301610016053e-05,8341695.0,9481408.0,377124765.0,80693714.0,279366.0,316437.0,374783840.0,570013469.0
0.4,mcf,stress-ng,5,0.21035921862081702,15179.5,0.002975319521267345,8436516.0,9590547.0,81591593.0,387867922.0,24870092.8,0.21035921862081702,0.8796699500038945,0.002975319521267345,1.4438850755180632,0.8515828042147425,8.708198331289357e-05,8436516.0,9590547.0,387867922.0,81591593.0,187097.0,219705.0,374451738.0,540665276.0
0.5,mcf,stress-ng,5,0.20344316184888106,17389.8,0.0028940168845102295,7934095.0,9025430.0,76718503.0,377100426.0,28491448.32,0.20344316184888106,0.8790822154733902,0.0028940168845102295,1.2973164079298805,0.1295599541959758,6.968005057925717e-05,7934095.0,9025430.0,377100426.0,76718503.0,3960.0,30565.0,381816600.0,495336940.0
0.6,mcf,stress-ng,5,0.20318220093266445,17410.6,0.002883507637098472,7927343.0,9015057.0,76644196.0,377219046.0,28525527.04,0.20318220093266445,0.8793447451302859,0.002883507637098472,1.298417444849667,0.11284273150543198,7.11928478416498e-05,7927343.0,9015057.0,377219046.0,76644196.0,3490.0,30928.0,385403883.0,500415125.0
0.7,mcf,stress-ng,5,0.2028569879999032,17384.7,0.002880491951439316,8136852.0,9254344.0,78698731.0,387951787.0,28483092.48,0.2028569879999032,0.8792467623853187,0.002880491951439316,1.2958582181702953,0.11676095037982867,7.085638264170643e-05,8136852.0,9254344.0,387951787.0,78698731.0,3612.0,30935.0,385610992.0,499697173.0
0.8,mcf,stress-ng,5,0.21204480162125586,16239.0,0.00300633984871209,8273665.0,9407315.0,79959220.0,377086443.0,26605977.6,0.21204480162125586,0.8794927139146504,0.00300633984871209,1.445485092787822,0.8442322637948263,9.457833640502046e-05,8273665.0,9407315.0,377086443.0,79959220.0,197704.0,234182.0,385690861.0,557510390.0
1.1,mcf,stress-ng,5,0.21305179160395324,15119.0,0.0030139802459849705,8550893.0,9719982.0,82640391.0,387888740.0,24770969.6,0.21305179160395324,0.8797231311745227,0.0030139802459849705,1.4652064037363683,0.8528666782844104,9.416041901933715e-05,8550893.0,9719982.0,387888740.0,82640391.0,210444.0,246749.0,385565404.0,564932899.0
1.2,mcf,stress-ng,5,0.2134386603217512,14927.6,0.003015098356264084,8559964.0,9729635.0,82800951.0,387937925.0,24457379.84,0.2134386603217512,0.879782643439348,0.003015098356264084,1.5152952461263185,0.8844859108821603,9.700377253721979e-05,8559964.0,9729635.0,387937925.0,82800951.0,286393.0,323796.0,385582942.0,584271999.0
1.3,mcf,stress-ng,5,0.21365030297762785,14869.0,0.0030167332417457816,8574134.0,9744465.0,82884880.0,387946466.0,24361369.6,0.21365030297762785,0.8798978702268416,0.0030167332417457816,1.513067615417933,0.887009236817846,9.602331114779617e-05,8574134.0,9744465.0,387946466.0,82884880.0,290586.0,327602.0,385489727.0,583272022.0
1.4,mcf,stress-ng,5,0.21247722107827513,15956.300000000001,0.0030003154241458906,8522843.0,9686979.0,82442126.0,388004538.0,26142801.92,0.21247722107827513,0.8798246594732991,0.0030003154241458906,1.4818021904964533,0.8740923322896542,9.30722817301234e-05,8522843.0,9686979.0,388004538.0,82442126.0,249299.0,285209.0,385829157.0,571722490.0
1.5,mcf,stress-ng,5,0.20265854028989413,17354.4,0.0028797680801603692,8133793.0,9251112.0,78629331.0,387989230.0,28433448.96,0.20265854028989413,0.8792232760775137,0.0028797680801603692,1.2943217283985757,0.1463695367202737,6.924837547665901e-05,8133793.0,9251112.0,387989230.0,78629331.0,4578.0,31277.0,385554171.0,499031141.0
1.6,mcf,stress-ng,5,0.20264046283239465,17418.3,0.002878907809574966,8131580.0,9248528.0,78619697.0,387976300.0,28538142.72,0.20264046283239465,0.87922964605827,0.002878907809574966,1.2949539843666378,0.11820787837794312,7.097765596064338e-05,8131580.0,9248528.0,387976300.0,78619697.0,3670.0,31047.0,385712935.0,499480502.0
1.7,mcf,stress-ng,5,0.20309817771472102,17410.899999999998,0.0028820694208656164,8145065.0,9263177.0,78792866.0,387954569.0,28526018.56,0.20309817771472102,0.8792949762268388,0.0028820694208656164,1.296324790766308,0.1511235265225933,7.172500105987157e-05,8145065.0,9263177.0,387954569.0,78792866.0,4923.0,32576.0,385541995.0,499787646.0
1.8,mcf,stress-ng,5,0.21036218294618786,15553.5,0.002981818081491804,8440633.0,9597057.0,81583742.0,387825135.0,25482854.4,0.21036218294618786,0.8795022265679989,0.002981818081491804,1.423835932180074,0.8262298341992095,9.07081101251111e-05,8440633.0,9597057.0,387825135.0,81583742.0,166192.0,201145.0,385334894.0,548653668.0
1.9,mcf,stress-ng,5,0.6470695585849076,11111.5,0.0018605239221181548,4914626.0,5612496.0,242711436.0,375093269.0,18205081.6,0.6470695585849076,0.875657817840761,0.0018605239221181548,1.5006934472908329,0.8612328015689928,9.584889128259965e-05,4914626.0,5612496.0,375093269.0,242711436.0,229224.0,266158.0,385335704.0,578270766.0
2.0,mcf,stress-ng,5,1.0044160177619073,7323.0,2.0700682982404375e-05,21015.0,29051.0,389914049.0,388199752.0,11998003.2,1.0044160177619073,0.7233830160751782,2.0700682982404375e-05,1.5287851108218335,0.873047563928262,9.619451229444544e-05,21015.0,29051.0,388199752.0,389914049.0,254936.0,292007.0,385375414.0,589156195.0
2.1,mcf,stress-ng,5,0.5013295928581118,11894.0,0.0019243086974132003,5435655.0,6182705.0,194624840.0,388217338.0,19487129.6,0.5013295928581118,0.8791710100999481,0.0019243086974132003,1.527067691501647,0.8894532177630017,9.646341687534241e-05,5435655.0,6182705.0,388217338.0,194624840.0,299639.0,336880.0,386063455.0,589545029.0
2.2,mcf,stress-ng,5,0.21358594358962424,14891.999999999998,0.0030194993868204495,8577760.0,9750135.0,82928588.0,388268004.0,24399052.799999997,0.21358594358962424,0.8797580751446006,0.0030194993868204495,1.5151488087891467,0.8862403772161911,9.614248476886148e-05,8577760.0,9750135.0,388268004.0,82928588.0,289073.0,326179.0,385948003.0,584768657.0
2.4,mcf,stress-ng,5,0.21217940556771517,17129.6,0.0029964435070613154,8536717.0,9701503.0,82478979.0,388722830.0,28065136.64,0.21217940556771517,0.8799375725596333,0.0029964435070613154,1.4831468291894516,0.871306029441563,9.366578274855843e-05,8536717.0,9701503.0,388722830.0,82478979.0,245101.0,281303.0,386501868.0,573239020.0
2.5,mcf,stress-ng,5,0.20226596466869803,17386.7,0.002874036855892172,8127140.0,9243584.0,78571930.0,388458484.0,28486369.28,0.20226596466869803,0.8792195754374061,0.002874036855892172,1.2941397059825304,0.13624462617577657,6.922685891143104e-05,8127140.0,9243584.0,388458484.0,78571930.0,4215.0,30937.0,386006247.0,499546011.0
2.6,mcf,stress-ng,5,0.20358431717497813,17038.3,0.0028971787214510797,8171242.0,9296196.0,79050350.0,388292925.0,27915550.72,0.20358431717497813,0.878987706369358,0.0028971787214510797,1.2968859018391492,0.11944663512092535,6.940940255040197e-05,8171242.0,9296196.0,388292925.0,79050350.0,3635.0,30432.0,386071613.0,500690832.0
2.8,mcf,stress-ng,5,0.20909624740658675,16770.899999999998,0.002965350159924823,8397263.0,9548903.0,81205790.0,388365602.0,27477442.56,0.20909624740658675,0.8793955703602812,0.002965350159924823,1.414736237234731,0.830754674700595,8.800638101805292e-05,8397263.0,9548903.0,388365602.0,81205790.0,166828.0,200815.0,386187906.0,546354025.0
2.9,mcf,stress-ng,5,0.2122827975449036,15214.2,0.003004463218426035,8521771.0,9688481.0,82434846.0,388325606.0,24926945.28,0.2122827975449036,0.8795776138695013,0.003004463218426035,1.4552060320494116,0.8546304829347949,9.314515089737174e-05,8521771.0,9688481.0,388325606.0,82434846.0,211439.0,247404.0,386117792.0,561880940.0
3.0,mcf,stress-ng,5,0.2123345304927487,15262.7,0.003003673507932373,8524169.0,9690564.0,82454346.0,388322831.0,25006407.68,0.2123345304927487,0.8796360046742377,0.003003673507932373,1.4599705101434088,0.8551845994965468,9.30660986293763e-05,8524169.0,9690564.0,388322831.0,82454346.0,211990.0,247888.0,385725850.0,563148366.0
3.1,mcf,stress-ng,5,0.2127539693830377,15205.0,0.003005136760085377,8547612.0,9714430.0,82606943.0,388274509.0,24911872.0,0.2127539693830377,0.8798881663669407,0.003005136760085377,1.503227387680966,0.8818972261622323,9.616654504284973e-05,8547612.0,9714430.0,388274509.0,82606943.0,277302.0,314438.0,386163400.0,580491399.0
3.2,mcf,stress-ng,5,0.21343673955038298,14923.199999999999,0.003015138599651389,8572932.0,9743679.0,82875269.0,388289613.0,24450170.88,0.21343673955038298,0.8798454875206788,0.003015138599651389,1.5153861474268677,0.8862361766298044,9.534154229966464e-05,8572932.0,9743679.0,388289613.0,82875269.0,286498.0,323275.0,385739512.0,584544313.0
3.3,mcf,stress-ng,5,0.21324171089253643,14891.199999999999,0.0030114360072623627,8564715.0,9733948.0,82794137.0,388264269.0,24397742.08,0.21324171089253643,0.8798809075207716,0.0030114360072623627,1.5175451689762023,0.8867047760666468,9.63549885604852e-05,8564715.0,9733948.0,388264269.0,82794137.0,290997.0,328178.0,385875195.0,585583038.0
3.4,mcf,stress-ng,5,0.2038368998197489,15300.599999999999,0.0028924121413476164,8181986.0,9305201.0,79156307.0,388331588.0,25068503.04,0.2038368998197489,0.8792916993410459,0.0028924121413476164,1.2974947679705815,0.1731063153389986,7.009057878745775e-05,8181986.0,9305201.0,388331588.0,79156307.0,5663.0,32714.0,385943453.0,500759611.0
3.5,mcf,stress-ng,5,0.20237357639176348,17361.5,0.002876095520616014,8122589.0,9239005.0,78555492.0,388170696.0,28445081.6,0.20237357639176348,0.879162745338919,0.002876095520616014,1.2964747151036946,0.12115772941440431,7.107323137799363e-05,8122589.0,9239005.0,388170696.0,78555492.0,3780.0,31199.0,385785189.0,500160743.0
3.8,mcf,stress-ng,5,0.20743818992791346,16088.5,0.0029410638911678095,8324056.0,9466151.0,80553884.0,388327164.0,26359398.4,0.20743818992791346,0.8793495899230849,0.0029410638911678095,1.395521758070833,0.8029674770596595,8.733217304501213e-05,8324056.0,9466151.0,388327164.0,80553884.0,137297.0,170987.0,385768484.0,538348313.0
3.9,mcf,stress-ng,5,0.21218909323352328,15242.8,0.0030007384501996646,8519922.0,9685819.0,82443249.0,388536695.0,24973803.52,0.21218909323352328,0.8796284547543166,0.0030007384501996646,1.4598413918015454,0.8545081388831767,9.34814803868481e-05,8519922.0,9685819.0,388536695.0,82443249.0,211924.0,248007.0,385990892.0,563485481.0
4.0,mcf,stress-ng,5,0.21141637808536465,15258.099999999999,0.002991088983935319,8509647.0,9674113.0,82306874.0,389311721.0,24998871.04,0.21141637808536465,0.8796307217002737,0.002991088983935319,1.4576844885464766,0.8566288843606724,9.302348761721013e-05,8509647.0,9674113.0,389311721.0,82306874.0,215240.0,251264.0,387257035.0,564498573.0
4.1,mcf,stress-ng,5,0.21234592440035058,15103.600000000002,0.0030018834504322157,8537710.0,9704698.0,82549889.0,388751935.0,24745738.240000002,0.21234592440035058,0.879750199336445,0.0030018834504322157,1.4953846491111624,0.8762583562721196,9.761866655243654e-05,8537710.0,9704698.0,388751935.0,82549889.0,267399.0,305160.0,386821510.0,578446948.0
4.2,mcf,stress-ng,5,0.21238730314981236,14865.4,0.0030009654936516083,8552324.0,9720576.0,82680688.0,389292047.0,24355471.36,0.21238730314981236,0.8798165870006057,0.0030009654936516083,1.5067363678592907,0.8858747057419232,9.766371208810088e-05,8552324.0,9720576.0,389292047.0,82680688.0,293151.0,330917.0,386694292.0,582646353.0
4.3,mcf,stress-ng,5,0.21253545185009529,14842.2,0.002999643928334077,8548057.0,9714810.0,82668604.0,388963833.0,24317460.48,0.21253545185009529,0.879899555421053,0.002999643928334077,1.510671822688387,0.8842090422032146,9.547011545529111e-05,8548057.0,9714810.0,388963833.0,82668604.0,282213.0,319170.0,387105429.0,584789264.0
4.4,mcf,stress-ng,5,0.20427181485195633,16028.099999999999,0.0028973308492185198,8232222.0,9361429.0,79612987.0,389740440.0,26260439.04,0.20427181485195633,0.8793766421771719,0.0028973308492185198,1.3207892574432472,0.6491195891415994,7.115205668470916e-05,8232222.0,9361429.0,389740440.0,79612987.0,49546.0,76328.0,376405142.0,497151868.0
4.5,mcf,stress-ng,5,0.2023144232510618,17369.0,0.002875470241637804,8131544.0,9248934.0,78618137.0,388593832.0,28457369.6,0.2023144232510618,0.8791871582173686,0.002875470241637804,1.2928964684834736,0.12381198681062908,7.01767964104465e-05,8131544.0,9248934.0,388593832.0,78618137.0,3830.0,30934.0,386224527.0,499348327.0
4.6,mcf,stress-ng,5,0.20199018648313755,17380.1,0.0028659437155153654,7882532.0,8964564.0,76261039.0,377548238.0,28475555.84,0.20199018648313755,0.8792989820810025,0.0028659437155153654,1.2951986173887582,0.11920529801324503,7.129497081583061e-05,7882532.0,8964564.0,377548238.0,76261039.0,3726.0,31257.0,386156270.0,500149067.0
4.7,mcf,stress-ng,5,0.20511275898621534,17378.2,0.002908507425503904,8266981.0,9401237.0,79989611.0,389978719.0,28472442.88,0.20511275898621534,0.8793503450662928,0.002908507425503904,1.3600025906879678,0.7395308570721854,8.155534876589468e-05,8266981.0,9401237.0,389978719.0,79989611.0,89694.0,121285.0,387356568.0,526805936.0
4.8,mcf,stress-ng,5,0.21219296971734117,15468.099999999999,0.0030026379946674134,8546244.0,9715108.0,82602273.0,389279028.0,25342935.04,0.21219296971734117,0.87968594893644,0.0030026379946674134,1.4575718304815042,0.8480786416443253,9.572986451907122e-05,8546244.0,9715108.0,389279028.0,82602273.0,206882.0,243942.0,387131019.0,564271268.0
4.9,mcf,stress-ng,5,0.2117012872418097,15252.6,0.0029945781406532836,8537453.0,9704648.0,82514689.0,389769425.0,24989859.84,0.2117012872418097,0.8797282498035993,0.0029945781406532836,1.4557507030510497,0.8549181975318567,9.315706941374267e-05,8537453.0,9704648.0,389769425.0,82514689.0,212678.0,248770.0,387431681.0,564003942.0
5.2,mcf,stress-ng,5,0.2125671236874665,14910.3,0.003002089397902688,8565833.0,9735149.0,82795049.0,389500726.0,24429035.52,0.2125671236874665,0.8798872004937983,0.003002089397902688,1.509108511786188,0.8839587812017112,9.717876331973871e-05,8565833.0,9735149.0,389500726.0,82795049.0,286598.0,324221.0,387152488.0,584255115.0
5.3,mcf,stress-ng,5,0.21278830502128723,14861.199999999999,0.00300528680626111,8570120.0,9740279.0,82852708.0,389366831.0,24348590.08,0.21278830502128723,0.8798639135490883,0.00300528680626111,1.5090265759110566,0.8867598416451379,9.609296026882476e-05,8570120.0,9740279.0,389366831.0,82852708.0,291415.0,328629.0,387270825.0,584401967.0
5.4,mcf,stress-ng,5,0.20639861806137855,16849.6,0.002922857711951544,8310757.0,9449668.0,80424598.0,389656669.0,27606384.64,0.20639861806137855,0.8794760831809117,0.002922857711951544,1.37125099236312,0.7767142019925767,7.972073496664064e-05,8310757.0,9449668.0,389656669.0,80424598.0,107352.0,138213.0,387113842.0,530830240.0
5.5,mcf,stress-ng,5,0.2028381514560665,17387.0,0.002884682856184454,8166844.0,9290330.0,78998571.0,389466037.0,28486860.8,0.2028381514560665,0.879069311854369,0.002884682856184454,1.2918555193541479,0.12421885387581438,6.807330253721964e-05,8166844.0,9290330.0,389466037.0,78998571.0,3737.0,30084.0,387038663.0,499998033.0
5.6,mcf,stress-ng,5,0.20179432343967738,17380.6,0.0028671914898122865,8127490.0,9244721.0,78631258.0,389660406.0,28476375.04,0.20179432343967738,0.8791493004494132,0.0028671914898122865,1.293393992937695,0.11489541654467975,7.021377719774232e-05,8127490.0,9244721.0,389660406.0,78631258.0,3532.0,30741.0,387516540.0,501211565.0
5.7,mcf,stress-ng,5,0.20365230910594595,16928.800000000003,0.0028903770001746446,8191474.0,9316817.0,79290245.0,389341252.0,27736145.92,0.20365230910594595,0.8792137915771019,0.0028903770001746446,1.3359301836385848,0.6685752815943935,7.742317334892288e-05,8191474.0,9316817.0,389341252.0,79290245.0,60484.0,90467.0,387261316.0,517354081.0
5.8,mcf,stress-ng,5,0.2117810925055425,15239.2,0.0029953043268037363,8523742.0,9690359.0,82484915.0,389481960.0,24967905.28,0.2117810925055425,0.8796105490003002,0.0029953043268037363,1.4516146295909116,0.8559724577601909,9.485034006428289e-05,8523742.0,9690359.0,389481960.0,82484915.0,218047.0,254736.0,386809367.0,561498136.0
5.9,mcf,stress-ng,5,0.21152083763001428,15242.0,0.002994274875874141,8518599.0,9684684.0,82374293.0,389438194.0,24972492.8,0.21152083763001428,0.8795949356736885,0.002994274875874141,1.4612191547384235,0.8568659424634102,9.243616155500515e-05,8518599.0,9684684.0,389438194.0,82374293.0,214393.0,250206.0,387434954.0,566127376.0
6.0,mcf,stress-ng,5,0.21205130380005413,15205.900000000001,0.002998092443218549,8529353.0,9696245.0,82532802.0,389211481.0,24913346.560000002,0.21205130380005413,0.8796552686117152,0.002998092443218549,1.472901703693875,0.8677311932039817,9.47266995812524e-05,8529353.0,9696245.0,389211481.0,82532802.0,240247.0,276868.0,386596389.0,569418480.0
6.1,mcf,stress-ng,5,0.21263586279178362,14903.600000000002,0.0030036082579915527,8560180.0,9729330.0,82768190.0,389248497.0,24418058.240000002,0.21263586279178362,0.8798324242265397,0.0030036082579915527,1.5221850074751375,0.8850806951434167,9.576530490661821e-05,8560180.0,9729330.0,389248497.0,82768190.0,285612.0,322696.0,387238364.0,589448432.0
6.2,mcf,stress-ng,5,1.107831380534928,8565.5,0.0001021502367130614,78395.0,117440.0,423447636.0,382231126.0,14033715.2,1.107831380534928,0.6675323569482289,0.0001021502367130614,1.611500734945225,0.8956252583937159,9.948055848158436e-05,78395.0,117440.0,382231126.0,423447636.0,329282.0,367656.0,385743713.0,621626277.0
6.5,mcf,stress-ng,5,0.20075272094683383,17343.3,0.0028592658313485245,8106339.0,9223346.0,78426494.0,390662172.0,28415262.72,0.20075272094683383,0.8788935165177583,0.0028592658313485245,1.2882003082081372,0.12466269114168638,6.951480402346765e-05,8106339.0,9223346.0,390662172.0,78426494.0,3742.0,30017.0,377977042.0,486910142.0
6.6,mcf,stress-ng,5,0.20233677967925354,17347.3,0.0028752306546861177,8123705.0,9240385.0,78583412.0,388379276.0,28421816.32,0.20233677967925354,0.8791522214712915,0.0028752306546861177,1.291976503406458,0.1091652072387624,6.906252743719347e-05,8123705.0,9240385.0,388379276.0,78583412.0,3179.0,29121.0,375630620.0,485305935.0
6.7,mcf,stress-ng,5,0.20429700569839618,15840.1,0.0028977306935852563,8178467.0,9302240.0,79228708.0,387811401.0,25952419.84,0.20429700569839618,0.8791932910782779,0.0028977306935852563,1.3201802484693115,0.5830853174603174,7.627658013407126e-05,8178467.0,9302240.0,387811401.0,79228708.0,39967.0,68544.0,374649728.0,494605171.0
6.8,mcf,stress-ng,5,0.21206536391002972,15205.5,0.002998548024516285,8266085.0,9397137.0,79991033.0,377199895.0,24912691.2,0.21206536391002972,0.8796386601578757,0.002998548024516285,1.4606986106495776,0.8570939830929886,9.401346868624335e-05,8266085.0,9397137.0,377199895.0,79991033.0,215452.0,251375.0,382104825.0,558139987.0
6.9,mcf,stress-ng,5,0.2122112526106286,15200.3,0.0030041599114254075,8276783.0,9410307.0,80071153.0,377318130.0,24904171.52,0.2122112526106286,0.879544418688997,0.0030041599114254075,1.4529193576537873,0.8523390178567732,9.420357791237588e-05,8276783.0,9410307.0,377318130.0,80071153.0,205868.0,241533.0,378594962.0,550067949.0
7.0,mcf,stress-ng,5,0.21214651056539374,15064.099999999999,0.0030006085484009185,8274767.0,9406259.0,79997799.0,377087508.0,24681021.439999998,0.21214651056539374,0.879708606790436,0.0030006085484009185,1.472213590650722,0.8610900481267699,9.567397336825182e-05,8274767.0,9406259.0,377087508.0,79997799.0,222578.0,258484.0,375295378.0,552514956.0
7.1,mcf,stress-ng,5,0.2139807630172225,14912.3,0.003020086536447778,8583353.0,9754422.0,82973198.0,387760081.0,24432312.32,0.2139807630172225,0.8799448086211566,0.003020086536447778,1.5130542445642663,0.8815599374600054,9.587503681824902e-05,8583353.0,9754422.0,387760081.0,82973198.0,267259.0,303166.0,374518761.0,566667201.0
7.2,mcf,stress-ng,5,0.21384484072765547,14891.2,0.0030219013473879084,8342467.0,9483088.0,80716042.0,377451435.0,24397742.080000002,0.21384484072765547,0.8797205087625466,0.0030219013473879084,1.5090155399087997,0.8842295225249868,9.633326723888758e-05,8342467.0,9483088.0,377451435.0,80716042.0,281246.0,318069.0,382245937.0,576815059.0
7.3,mcf,stress-ng,5,0.2111468469245558,16318.099999999999,0.0029853211031597346,8242277.0,9368440.0,79651655.0,377233457.0,26735575.04,0.2111468469245558,0.8797918330052815,0.0029853211031597346,1.4549022380762202,0.8587056749061731,9.062605272016083e-05,8242277.0,9368440.0,377233457.0,79651655.0,212327.0,247264.0,385507246.0,560875355.0
7.4,mcf,stress-ng,5,0.20355601643066445,17434.9,0.0028907579581322965,7939349.0,9029228.0,76745072.0,377021880.0,28565340.16,0.20355601643066445,0.8792943316970178,0.0028907579581322965,1.3007600533140347,0.12957911145752143,7.085618923723884e-05,7939349.0,9029228.0,377021880.0,76745072.0,3990.0,30792.0,378259123.0,492024357.0
7.5,mcf,stress-ng,5,0.20316054900671107,17372.1,0.002886922313041316,7920217.0,9008911.0,76614348.0,377112330.0,28462448.64,0.20316054900671107,0.8791536513125726,0.002886922313041316,1.2972813005986983,0.11318572372769332,7.161394516164084e-05,7920217.0,9008911.0,377112330.0,76614348.0,3425.0,30260.0,374717521.0,486114033.0
7.6,mcf,stress-ng,5,0.2026460981873962,17363.2,0.002878961685804034,8129712.0,9246719.0,78624565.0,387989533.0,28447866.88,0.2026460981873962,0.879199638271694,0.002878961685804034,1.2957947619148813,0.11090658076392085,7.211089702588699e-05,8129712.0,9246719.0,387989533.0,78624565.0,3374.0,30422.0,375088941.0,486038285.0
7.7,mcf,stress-ng,5,0.21064058630939758,15232.3,0.0029823425888598648,8434769.0,9591842.0,81723185.0,387974542.0,24956600.32,0.21064058630939758,0.8793690513250739,0.0029823425888598648,1.4268569462062435,0.8358803380205906,9.109383334932762e-05,8434769.0,9591842.0,387974542.0,81723185.0,173991.0,208153.0,375019897.0,535099745.0
7.9,mcf,stress-ng,5,0.2119598371781226,15210.1,0.0029997665274774854,8494883.0,9658454.0,82216505.0,387887187.0,24920227.84,0.2119598371781226,0.8795282350570806,0.0029997665274774854,1.459206055159547,0.8592463565700773,9.197113938697771e-05,8494883.0,9658454.0,387887187.0,82216505.0,216555.0,252029.0,385707954.0,562827382.0
8.2,mcf,stress-ng,5,0.21326856303310346,14901.199999999999,0.003011995308830069,8552507.0,9720767.0,82720292.0,387869130.0,24414126.08,0.21326856303310346,0.8798181254627335,0.003011995308830069,1.5137467644432974,0.8848937832166761,9.751711794966217e-05,8552507.0,9720767.0,387869130.0,82720292.0,288878.0,326455.0,385337475.0,583303356.0
8.3,mcf,stress-ng,5,0.21198523139294392,14823.400000000001,0.002993741670553194,8499829.0,9661486.0,82256305.0,388028470.0,24286658.560000002,0.21198523139294392,0.8797641480823964,0.002993741670553194,1.5101629466430315,0.8837543390200443,9.773964474345195e-05,8499829.0,9661486.0,388028470.0,82256305.0,286674.0,324382.0,385800461.0,582621561.0
8.4,mcf,stress-ng,5,0.2020250512295276,17063.600000000002,0.002869007669495521,8096752.0,9209928.0,78385792.0,388000357.0,27957002.240000002,0.2020250512295276,0.879133039910844,0.002869007669495521,1.2920864582774068,0.13469886491527058,6.973560224529048e-05,8096752.0,9209928.0,388000357.0,78385792.0,4189.0,31099.0,385886106.0,498598212.0
8.5,mcf,stress-ng,5,0.20240748242391968,17339.8,0.002875041962066401,8118440.0,9234605.0,78579774.0,388225638.0,28409528.32,0.20240748242391968,0.8791323505445008,0.002875041962066401,1.2918942924355743,0.11319478008699856,7.132707471987161e-05,8118440.0,9234605.0,388225638.0,78579774.0,3513.0,31035.0,385856284.0,498485531.0
8.6,mcf,stress-ng,5,0.20302678996188367,17366.399999999998,0.002884627551510941,8143484.0,9262358.0,78748952.0,387874684.0,28453109.759999998,0.20302678996188367,0.879202034730249,0.002884627551510941,1.296773644581754,0.11447704081632654,7.202781588194198e-05,8143484.0,9262358.0,387874684.0,78748952.0,3590.0,31360.0,385545496.0,499965238.0
8.7,mcf,stress-ng,5,0.2093118227217625,16731.7,0.0029631826582461208,8385322.0,9535013.0,81211301.0,387991944.0,27413217.28,0.2093118227217625,0.8794242860497411,0.0029631826582461208,1.3934037915331206,0.8099931173690998,8.517649315051048e-05,8385322.0,9535013.0,387991944.0,81211301.0,140047.0,172899.0,385693268.0,537426462.0
8.8,mcf,stress-ng,5,0.2124547113601407,15201.400000000001,0.003007001415986359,8517702.0,9684107.0,82410416.0,387896392.0,24905973.76,0.2124547113601407,0.8795547178485327,0.003007001415986359,1.4568917117638513,0.8548576406955217,9.337578917819052e-05,8517702.0,9684107.0,387896392.0,82410416.0,211944.0,247929.0,385378269.0,561454406.0
8.9,mcf,stress-ng,5,0.21201910156050094,15233.699999999999,0.002999181574255537,8505228.0,9669071.0,82274761.0,388053531.0,24958894.08,0.21201910156050094,0.8796323866067381,0.002999181574255537,1.4537138865359243,0.8545737597147778,9.345851995554527e-05,8505228.0,9669071.0,388053531.0,82274761.0,211889.0,247947.0,385818222.0,560869307.0
9.0,mcf,stress-ng,5,0.21280034251338031,15123.199999999999,0.0030059321051426825,8535552.0,9701608.0,82549142.0,387918276.0,24777850.88,0.21280034251338031,0.8798079658547325,0.0030059321051426825,1.4922818596440068,0.8799461022742211,9.472024554391743e-05,8535552.0,9701608.0,387918276.0,82549142.0,267750.0,304280.0,385662007.0,575516417.0
9.1,mcf,stress-ng,5,0.21312602896539537,14893.600000000002,0.0030082108055154615,8552252.0,9719431.0,82692418.0,387997742.0,24401674.240000002,0.21312602896539537,0.8799128261726432,0.0030082108055154615,1.5190627892765847,0.883031121619809,9.72347263746006e-05,8552252.0,9719431.0,387997742.0,82692418.0,283083.0,320581.0,385644115.0,585817625.0
9.2,mcf,stress-ng,5,0.21319712124079218,14910.5,0.003009134613553881,8554657.0,9721826.0,82693898.0,387875303.0,24429363.2,0.21319712124079218,0.8799434386091667,0.003009134613553881,1.5100333203249392,0.8861334980249239,9.658204260452432e-05,8554657.0,9721826.0,387875303.0,82693898.0,289833.0,327076.0,385609985.0,582283926.0
9.3,mcf,stress-ng,5,0.20322331289648835,15296.900000000001,0.002884817364643382,8152159.0,9271592.0,78859371.0,388042936.0,25062440.96,0.20322331289648835,0.8792620512205455,0.002884817364643382,1.32850933073681,0.6234022291669461,7.278368155331523e-05,8152159.0,9271592.0,388042936.0,78859371.0,46479.0,74557.0,385773286.0,512503410.0
9.6,mcf,stress-ng,5,0.20314818570739948,17389.6,0.002888193217315002,8150075.0,9270222.0,78788299.0,387836587.0,28491120.64,0.20314818570739948,0.8791671871504264,0.002888193217315002,1.297318787003251,0.11399282087766388,7.104825436762518e-05,8150075.0,9270222.0,387836587.0,78788299.0,3525.0,30923.0,385625238.0,500278866.0
9.7,mcf,stress-ng,5,0.2080032043384487,16115.8,0.002949148092277093,8354855.0,9500432.0,80797464.0,388443362.0,26404126.72,0.2080032043384487,0.879418430656627,0.002949148092277093,1.3695554466519766,0.7636914155409742,8.1099806668074e-05,8354855.0,9500432.0,388443362.0,80797464.0,101141.0,132437.0,385894878.0,528504432.0
9.8,mcf,stress-ng,5,0.21287008528491108,15268.199999999999,0.003009889471617403,8545461.0,9713996.0,82642950.0,388231864.0,25015418.88,0.21287008528491108,0.8797060447626291,0.003009889471617403,1.4591875791860376,0.8549439187033245,9.304677204013671e-05,8545461.0,9713996.0,388231864.0,82642950.0,211673.0,247587.0,385977925.0,563214194.0
9.9,mcf,stress-ng,5,0.21300515707767095,15244.5,0.0030119408191270694,8546672.0,9716028.0,82697129.0,388240032.0,24976588.8,0.21300515707767095,0.8796467033647907,0.0030119408191270694,1.456928317470825,0.8550164712721635,9.30489395215239e-05,8546672.0,9716028.0,388240032.0,82697129.0,211791.0,247704.0,385958187.0,562313412.0
10.0,mcf,stress-ng,5,0.21320742194094983,15114.7,0.0030127856352480486,8567988.0,9737990.0,82798161.0,388345585.0,24763924.48,0.21320742194094983,0.8798517969313996,0.0030127856352480486,1.4918957979533138,0.8718545730497922,9.627833217338028e-05,8567988.0,9737990.0,388345585.0,82798161.0,252755.0,289905.0,385860444.0,575663575.0
10.1,mcf,stress-ng,5,0.2135207222998219,14900.4,0.0030151554681928676,8583134.0,9754488.0,82950400.0,388488757.0,24412815.36,0.2135207222998219,0.8799164036082673,0.0030151554681928676,1.5112950539224133,0.8802929380547403,9.682743419286631e-05,8583134.0,9754488.0,388488757.0,82950400.0,275022.0,312421.0,386243840.0,583728405.0
10.2,mcf,stress-ng,5,0.21348090940433248,14921.2,0.0030129948015547086,8572649.0,9743001.0,82923412.0,388434789.0,24446894.080000002,0.21348090940433248,0.879877668081939,0.0030129948015547086,1.5148150908000637,0.884268097781813,9.637781208503237e-05,8572649.0,9743001.0,388434789.0,82923412.0,284393.0,321614.0,386198848.0,585019843.0
10.3,mcf,stress-ng,5,0.20578139007433668,16106.300000000001,0.0029159937602237025,8259687.0,9391507.0,79872425.0,388142120.0,26388561.92,0.20578139007433668,0.8794847301929286,0.0029159937602237025,1.3637774061370143,0.7444721657792982,7.726797449238046e-05,8259687.0,9391507.0,388142120.0,79872425.0,86833.0,116637.0,385722548.0,526039696.0
10.4,mcf,stress-ng,5,0.5698636817667565,17270.6,0.002027726647414855,5353849.0,6114381.0,213736682.0,375066334.0,28296151.04,0.5698636817667565,0.8756158636499753,0.002027726647414855,1.3176479040629132,0.12866627989428223,7.004714107299105e-05,5353849.0,6114381.0,375066334.0,213736682.0,3992.0,31026.0,385940091.0,508533152.0
10.5,mcf,stress-ng,5,0.9996430780655358,10616.599999999999,2.0296588654715643e-05,18591.0,26491.0,389089046.0,389227970.0,17394237.439999998,0.9996430780655358,0.7017855120606998,2.0296588654715643e-05,1.3613337813744566,0.13795658055788185,6.91784110523129e-05,18591.0,26491.0,389227970.0,389089046.0,4283.0,31046.0,386869250.0,526658179.0
10.6,mcf,stress-ng,5,0.5674273941917818,10933.0,0.0016535575178578258,4644725.0,5288715.0,220988725.0,389457272.0,17912627.2,0.5674273941917818,0.8782331814060693,0.0016535575178578258,1.3933500780012806,0.7798636152665215,7.961309127417408e-05,4644725.0,5288715.0,389457272.0,220988725.0,109216.0,140045.0,387235309.0,539554348.0
10.9,mcf,stress-ng,5,0.2110815919265378,15213.699999999999,0.0029880447815871162,8501595.0,9665633.0,82230024.0,389565112.0,24926126.08,0.2110815919265378,0.8795693980932237,0.0029880447815871162,1.4538208768179517,0.8567652871119876,9.141873017008242e-05,8501595.0,9665633.0,389565112.0,82230024.0,212004.0,247447.0,387699544.0,563645691.0
11.0,mcf,stress-ng,5,0.21161980876999797,14886.300000000001,0.002992165673361392,8528827.0,9694809.0,82463645.0,389678289.0,24389713.92,0.21161980876999797,0.87973130775449,0.002992165673361392,1.4852304568883334,0.8712491945455495,9.54338842879192e-05,8528827.0,9694809.0,389678289.0,82463645.0,250140.0,287105.0,387336220.0,575283551.0
11.1,mcf,stress-ng,5,0.21170225126644163,14852.2,0.002989853920180767,8541835.0,9708437.0,82603457.0,390186956.0,24333844.48,0.21170225126644163,0.8798362702461786,0.002989853920180767,1.5044002532718432,0.8831477183866004,9.552093029730823e-05,8541835.0,9708437.0,390186956.0,82603457.0,280085.0,317144.0,387967327.0,583658145.0
11.2,mcf,stress-ng,5,0.21211275668178065,14863.5,0.002996671549147908,8540537.0,9707397.0,82593600.0,389385350.0,24352358.4,0.21211275668178065,0.8797968188588557,0.002996671549147908,1.5040895702836954,0.8876734903923617,9.46986480485802e-05,8540537.0,9707397.0,389385350.0,82593600.0,289789.0,326459.0,387228337.0,582426103.0
11.3,mcf,stress-ng,5,0.20428457525325203,17100.3,0.0028947322140659023,8237701.0,9366687.0,79673838.0,390013969.0,28017131.52,0.20428457525325203,0.8794679484859481,0.0028947322140659023,1.3586440137802498,0.7591507152518753,7.575243484453277e-05,8237701.0,9366687.0,390013969.0,79673838.0,92605.0,121985.0,387842319.0,526939645.0
11.4,mcf,stress-ng,5,0.20096305896904534,17326.7,0.002853980598747449,8098946.0,9211580.0,78346129.0,389853386.0,28388065.28,0.20096305896904534,0.8792135551121523,0.002853980598747449,1.2902963084431534,0.1262045781975348,7.038065646103568e-05,8098946.0,9211580.0,389853386.0,78346129.0,3942.0,31235.0,387791211.0,500365568.0
11.5,mcf,stress-ng,5,0.2011555965432337,17323.699999999997,0.0028585718598129403,8089723.0,9201972.0,78268143.0,389092545.0,28383150.08,0.2011555965432337,0.8791292779417281,0.0028585718598129403,1.2900776811106385,0.11546352096422619,7.1331889977149e-05,8089723.0,9201972.0,389092545.0,78268143.0,3602.0,31196.0,386839603.0,499053138.0
11.6,mcf,stress-ng,5,0.20413036063555218,16640.2,0.0028978932750634793,8220297.0,9350273.0,79596585.0,389930164.0,27263303.68,0.20413036063555218,0.8791504804191279,0.0028978932750634793,1.3404410010576084,0.6987464011516314,7.780026184260949e-05,8220297.0,9350273.0,389930164.0,79596585.0,69897.0,100032.0,387338028.0,519203774.0
11.7,mcf,stress-ng,5,0.21100807859505893,15200.0,0.0029860697175540882,8491043.0,9654512.0,82215548.0,389632229.0,24903680.0,0.21100807859505893,0.8794896106607978,0.0029860697175540882,1.4523300137203614,0.8518150316449223,9.34178489288514e-05,8491043.0,9654512.0,389632229.0,82215548.0,208210.0,244431.0,387731043.0,563113431.0
11.8,mcf,stress-ng,5,0.21195604372813356,15217.0,0.002997828452762911,8515615.0,9681221.0,82412066.0,388816778.0,24931532.8,0.21195604372813356,0.8796013436734891,0.002997828452762911,1.451816968115296,0.8564325269366952,9.267606140784217e-05,8515615.0,9681221.0,388816778.0,82412066.0,213578.0,249381.0,386324143.0,560871946.0
11.9,mcf,stress-ng,5,0.21185639027034545,15150.0,0.0029954359532014447,8527379.0,9693456.0,82472424.0,389284571.0,24821760.0,0.21185639027034545,0.8797047203804298,0.0029954359532014447,1.4770351368665278,0.8679039340636381,9.47178923276446e-05,8527379.0,9693456.0,389284571.0,82472424.0,240931.0,277601.0,387149662.0,571833654.0
12.0,mcf,stress-ng,5,0.2135601054362453,14799.0,0.003015319793285448,8565938.0,9735592.0,82840776.0,387903798.0,24246681.6,0.2135601054362453,0.8798579480323333,0.003015319793285448,1.518369552525894,0.8815749525616698,9.71311460292932e-05,8565938.0,9735592.0,387903798.0,82840776.0,278754.0,316200.0,385520006.0,585361839.0
12.3,mcf,stress-ng,5,0.20815227660085583,17406.9,0.0029439376907845283,8353483.0,9495608.0,80754399.0,387958279.0,28519464.96,0.20815227660085583,0.8797207087739932,0.0029439376907845283,1.4048436696343263,0.8091611445323236,8.103337183086274e-05,8353483.0,9495608.0,387958279.0,80754399.0,132488.0,163735.0,385606563.0,541716939.0
12.4,mcf,stress-ng,5,0.20280113710719427,17380.0,0.0028808012230866413,8136139.0,9253822.0,78682063.0,387976439.0,28475392.0,0.20280113710719427,0.8792193106804951,0.0028808012230866413,1.2975391362478381,0.1276377725831759,7.068360186230781e-05,8136139.0,9253822.0,387976439.0,78682063.0,3986.0,31229.0,385421785.0,500099850.0
12.5,mcf,stress-ng,5,0.20276784476217893,17372.0,0.0028797710639752705,8138253.0,9255532.0,78668842.0,387974938.0,28462284.8,0.20276784476217893,0.8792852750117444,0.0028797710639752705,1.2950796032198666,0.11659032582919143,7.051105593469588e-05,8138253.0,9255532.0,387974938.0,78668842.0,3589.0,30783.0,385670015.0,499473370.0
12.6,mcf,stress-ng,5,0.20415684269848539,16019.400000000001,0.0028986943411221564,8189605.0,9314269.0,79210784.0,387989856.0,26246184.96,0.20415684269848539,0.8792536483539395,0.0028986943411221564,1.3217444780539216,0.5726371233521658,7.535599390050991e-05,8189605.0,9314269.0,387989856.0,79210784.0,38921.0,67968.0,385463697.0,509484513.0
12.7,mcf,stress-ng,5,0.21225552981500423,15212.6,0.003003494140085894,8515172.0,9680328.0,82341031.0,387933502.0,24924323.84,0.21225552981500423,0.8796367230531859,0.003003494140085894,1.4533768645936482,0.8555555998994281,9.391269206900893e-05,8515172.0,9680328.0,387933502.0,82341031.0,214374.0,250567.0,385389868.0,560116718.0
12.8,mcf,stress-ng,5,0.2123593723369337,15189.7,0.0030025775145604153,8506618.0,9670944.0,82347762.0,387775501.0,24886804.48,0.2123593723369337,0.8796057551362101,0.0030025775145604153,1.4550070273363005,0.8574205805681969,9.207168531214046e-05,8506618.0,9670944.0,387775501.0,82347762.0,213466.0,248963.0,385536551.0,560958391.0
13.0,mcf,stress-ng,5,0.21278379843054576,15047.6,0.0030064169277165226,8546144.0,9713888.0,82648884.0,388417185.0,24653987.84,0.21278379843054576,0.8797861371265553,0.0030064169277165226,1.5057826665459493,0.8855697261928538,9.354955354009463e-05,8546144.0,9713888.0,388417185.0,82648884.0,279345.0,315441.0,385848982.0,581004709.0
13.1,mcf,stress-ng,5,0.21191324758869662,14872.2,0.002992641646477613,8547839.0,9714478.0,82611381.0,389835850.0,24366612.48,0.21191324758869662,0.8799071859548192,0.002992641646477613,1.5081758113566155,0.8857407114281014,9.49537405386177e-05,8547839.0,9714478.0,389835850.0,82611381.0,285383.0,322197.0,387704579.0,584726668.0
13.2,mcf,stress-ng,5,0.20895588651618846,14854.400000000001,0.0029556967216509745,8151622.0,9266285.0,78802197.0,377123604.0,24337448.96,0.20895588651618846,0.8797076714130851,0.0029556967216509745,1.4327252609523222,0.8463525821640191,8.518022052901698e-05,8151622.0,9266285.0,377123604.0,78802197.0,180830.0,213658.0,385394635.0,552164629.0
13.3,mcf,stress-ng,5,0.20176168464584107,16142.1,0.0028669197751549883,8109251.0,9223927.0,78446181.0,388806136.0,26447216.64,0.20176168464584107,0.8791538571369873,0.0028669197751549883,1.2888218358156427,0.12314713034209387,7.004749762645715e-05,8109251.0,9223927.0,388806136.0,78446181.0,3697.0,30021.0,375802147.0,484342013.0
13.4,mcf,stress-ng,5,0.20254929773711083,17333.0,0.0028766769521439196,8123585.0,9239861.0,78597953.0,388043572.0,28398387.2,0.20254929773711083,0.8791890916973751,0.0028766769521439196,1.2935912697039171,0.11177657704576525,7.077677985348195e-05,8123585.0,9239861.0,388043572.0,78597953.0,3434.0,30722.0,385550177.0,498744343.0
13.6,mcf,stress-ng,5,0.20291781563760836,17389.7,0.0028814763113580912,8132026.0,9249828.0,78717267.0,387926840.0,28491284.48,0.20291781563760836,0.879154293463619,0.0028814763113580912,1.2944429011147272,0.10831942945006053,7.069284976346282e-05,8132026.0,9249828.0,387926840.0,78717267.0,3311.0,30567.0,385555259.0,499079268.0
13.7,mcf,stress-ng,5,0.21269505993530455,15376.400000000001,0.003013997189767759,8531252.0,9700464.0,82510235.0,387927369.0,25192693.76,0.21269505993530455,0.8794684460454675,0.003013997189767759,1.4426071484606426,0.8516238928956521,9.174130432906945e-05,8531252.0,9700464.0,387927369.0,82510235.0,202982.0,238347.0,385486126.0,556105041.0
13.8,mcf,stress-ng,5,0.2131638714235865,15243.0,0.003017631764844631,8541266.0,9712069.0,82704889.0,387987366.0,24974131.2,0.2131638714235865,0.8794486530110114,0.003017631764844631,1.4584667025051294,0.8540917542408283,9.239709060397964e-05,8541266.0,9712069.0,387987366.0,82704889.0,208547.0,244174.0,385585734.0,562363954.0
13.9,mcf,stress-ng,5,0.21281125753445204,15254.9,0.0030108748249498183,8535576.0,9703768.0,82568829.0,387990889.0,24993628.16,0.21281125753445204,0.8796145991948695,0.0030108748249498183,1.4583491794466257,0.8584100853095719,9.192036252218465e-05,8535576.0,9703768.0,387990889.0,82568829.0,214830.0,250265.0,385496739.0,562188853.0
14.0,mcf,stress-ng,5,0.21322024593019587,14953.899999999998,0.003010865069129131,8559841.0,9728185.0,82738545.0,388042630.0,24500469.759999998,0.21322024593019587,0.8799011326367663,0.003010865069129131,1.514586934615708,0.8850567933120792,9.596421977422015e-05,8559841.0,9728185.0,388042630.0,82738545.0,285106.0,322133.0,385841724.0,584390834.0
14.1,mcf,stress-ng,5,0.21328712295834767,14906.199999999999,0.0030110282457381132,8559634.0,9727953.0,82758240.0,388013298.0,24422318.08,0.21328712295834767,0.8799008383366984,0.0030110282457381132,1.5159210323212726,0.8857641112361436,9.531714930152081e-05,8559634.0,9727953.0,388013298.0,82758240.0,284945.0,321694.0,385544472.0,584454974.0
14.2,mcf,stress-ng,5,0.21195704199619936,14882.9,0.002993556989198488,8508349.0,9669718.0,82230049.0,387956202.0,24384143.36,0.21195704199619936,0.8798962906674217,0.002993556989198488,1.480189373662408,0.8689671408872297,9.096510686266276e-05,8508349.0,9669718.0,387956202.0,82230049.0,232533.0,267597.0,385466485.0,570563395.0
14.3,mcf,stress-ng,5,0.20278110043199116,16944.6,0.0028817187305284126,8136349.0,9254390.0,78674432.0,387977143.0,27762032.64,0.20278110043199116,0.8791880394061629,0.0028817187305284126,1.2971184516360124,0.13817285215664926,6.978863247001721e-05,8136349.0,9254390.0,387977143.0,78674432.0,4315.0,31229.0,385650199.0,500233989.0
14.4,mcf,stress-ng,5,0.20266242465332227,17392.2,0.0028795040682705127,8131203.0,9248400.0,78629461.0,387982435.0,28495380.48,0.20266242465332227,0.8792010509926041,0.0028795040682705127,1.2964508170630034,0.11799551713096382,7.141360259079683e-05,8131203.0,9248400.0,387982435.0,78629461.0,3685.0,31230.0,385710831.0,500055122.0
14.5,mcf,stress-ng,5,0.2026662963793705,17375.3,0.0028797193330341838,8130127.0,9247400.0,78630434.0,387979824.0,28467691.52,0.2026662963793705,0.8791797694487099,0.0028797193330341838,1.298074181563059,0.11483207764014813,7.19370603571369e-05,8130127.0,9247400.0,387979824.0,78630434.0,3597.0,31324.0,385434154.0,500322124.0
14.6,mcf,stress-ng,5,0.2114019609066214,16888.800000000003,0.002992467228864203,8465880.0,9626610.0,81999427.0,387883947.0,27670609.92,0.2114019609066214,0.8794248442598174,0.002992467228864203,1.4243279679921048,0.8264292371452934,9.081803682629892e-05,8465880.0,9626610.0,387883947.0,81999427.0,166704.0,201716.0,385518133.0,549104259.0
14.7,mcf,stress-ng,5,1.0048509771048573,13264.400000000001,0.0004976872165958258,1170052.0,1358299.0,380078442.0,378243591.0,21732392.96,1.0048509771048573,0.8614097485163429,0.0004976872165958258,1.5212548476280956,0.8734285052308899,9.212118714041046e-05,1170052.0,1358299.0,378243591.0,380078442.0,245036.0,280545.0,385459644.0,586382352.0
15.0,mcf,stress-ng,5,0.21371279624100664,14926.199999999999,0.0030349539237794062,8571075.0,9748490.0,82910205.0,387951524.0,24455086.08,0.21371279624100664,0.8792207818851945,0.0030349539237794062,1.5149240869791805,0.8840593312872111,9.608763947772462e-05,8571075.0,9748490.0,387951524.0,82910205.0,282571.0,319629.0,385668752.0,584258882.0
15.1,mcf,stress-ng,5,0.21366160367168763,14905.5,0.0030167860166096334,8580484.0,9751276.0,82920464.0,388092491.0,24421171.2,0.21366160367168763,0.879934482420557,0.0030167860166096334,1.5122864484184677,0.8842018352066953,9.598308856060121e-05,8580484.0,9751276.0,388092491.0,82920464.0,282720.0,319746.0,385755455.0,583372747.0
15.2,mcf,stress-ng,5,0.21130643914279962,15628.599999999999,0.002983647329298827,8494561.0,9654131.0,82122510.0,388641777.0,25605898.24,0.21130643914279962,0.8798887232833281,0.002983647329298827,1.4794448183069695,0.8717029900722552,9.049598707763715e-05,8494561.0,9654131.0,388641777.0,82122510.0,237424.0,272368.0,386138669.0,571270853.0
15.3,mcf,stress-ng,5,0.20224563988257652,17409.4,0.002872085627477907,8131028.0,9246904.0,78577412.0,388524628.0,28523560.96,0.20224563988257652,0.8793243662960056,0.002872085627477907,1.2961517632947521,0.1296122018497485,6.943089326210756e-05,8131028.0,9246904.0,388524628.0,78577412.0,3994.0,30815.0,386297781.0,500700550.0
15.4,mcf,stress-ng,5,0.20173212232942053,17342.5,0.0028647834741591456,8105325.0,9220045.0,78496275.0,389111432.0,28413952.0,0.20173212232942053,0.8790982039675511,0.0028647834741591456,1.294056750664786,0.11634085541852532,6.970186730580682e-05,8105325.0,9220045.0,389111432.0,78496275.0,3547.0,30488.0,386517622.0,500175738.0
15.5,mcf,stress-ng,5,0.20166655527368446,17364.100000000002,0.0028638248363688557,8113797.0,9228848.0,78520338.0,389357263.0,28449341.44,0.20166655527368446,0.879177661177213,0.0028638248363688557,1.2935030699387027,0.11151909017059301,7.061602029803436e-05,8113797.0,9228848.0,389357263.0,78520338.0,3432.0,30775.0,387206754.0,500853125.0
15.6,mcf,stress-ng,5,0.2097863062415128,15834.300000000001,0.0029725562690305508,8440633.0,9597156.0,81620890.0,389066815.0,25942917.12,0.2097863062415128,0.8794931540135432,0.0029725562690305508,1.421461739938688,0.8359473884314226,8.817929698641587e-05,8440633.0,9597156.0,389066815.0,81620890.0,173699.0,207787.0,386576001.0,549502995.0
15.7,mcf,stress-ng,5,0.21201940255502844,15240.8,0.002999342509934128,8523395.0,9690296.0,82486629.0,389052266.0,24970526.72,0.21201940255502844,0.8795804586361449,0.002999342509934128,1.4479721167040802,0.8513957408575161,9.324050193522012e-05,8523395.0,9690296.0,389052266.0,82486629.0,206575.0,242631.0,386698905.0,559929232.0
15.8,mcf,stress-ng,5,0.21169260923984917,15219.7,0.0029936653401544193,8515677.0,9680471.0,82366682.0,389086243.0,24935956.48,0.21169260923984917,0.8796758959352288,0.0029936653401544193,1.451312199158105,0.8588830811111201,9.056828009781619e-05,8515677.0,9680471.0,389086243.0,82366682.0,213283.0,248326.0,386923545.0,561546861.0
15.9,mcf,stress-ng,5,0.2119438289357005,15003.0,0.002994578688537919,8293345.0,9427359.0,80260796.0,378688997.0,24580915.2,0.2119438289357005,0.8797103197194464,0.002994578688537919,1.5004494508066648,0.8845918868014118,9.41663650172941e-05,8293345.0,9427359.0,378688997.0,80260796.0,279447.0,315905.0,387165842.0,580922775.0
16.0,mcf,stress-ng,5,0.21334838706079,14872.0,0.003011626518931008,8556515.0,9724438.0,82737513.0,387804727.0,24366284.8,0.21334838706079,0.879898149384057,0.003011626518931008,1.5132621591966842,0.884891727838699,9.590154821788429e-05,8556515.0,9724438.0,387804727.0,82737513.0,284129.0,321089.0,385395238.0,583204030.0
16.1,mcf,stress-ng,5,0.21275821988766036,14888.4,0.0030027062103688946,8561280.0,9729739.0,82791735.0,389135306.0,24393154.56,0.21275821988766036,0.8799084949760728,0.0030027062103688946,1.5091149626644786,0.8854981571658675,9.506952431053479e-05,8561280.0,9729739.0,389135306.0,82791735.0,284221.0,320973.0,386580245.0,583394032.0
16.3,mcf,stress-ng,5,0.20177260056638655,17399.4,0.0028644635081249634,8107282.0,9220462.0,78412318.0,388617274.0,28507176.96,0.20177260056638655,0.8792706916421325,0.0028644635081249634,1.29371771026724,0.13925410049466286,6.846850041907801e-05,8107282.0,9220462.0,388617274.0,78412318.0,4279.0,30728.0,386294425.0,499755939.0
16.4,mcf,stress-ng,5,0.20279548978700765,17377.0,0.002879371209473862,8130271.0,9247330.0,78674999.0,387952410.0,28470476.8,0.20279548978700765,0.8792019966844484,0.002879371209473862,1.2949561911872425,0.10905224787363305,7.039619842927432e-05,8130271.0,9247330.0,387952410.0,78674999.0,3231.0,29628.0,374977635.0,485579610.0
16.5,mcf,stress-ng,5,0.2032488298127667,17364.7,0.002886069173136536,8158007.0,9277516.0,78840416.0,387900959.0,28450324.48,0.2032488298127667,0.8793309545356753,0.002886069173136536,1.2992658393697802,0.10888035748001762,7.344780965626897e-05,8158007.0,9277516.0,387900959.0,78840416.0,3460.0,31778.0,385552682.0,500935429.0
16.6,mcf,stress-ng,5,0.20958399134643518,15284.0,0.0029702956206858473,8405971.0,9558100.0,81294196.0,387883614.0,25041305.6,0.20958399134643518,0.8794604576223308,0.0029702956206858473,1.3944087528712663,0.7937716875351583,8.46538645192267e-05,8405971.0,9558100.0,387883614.0,81294196.0,125585.0,158213.0,385428358.0,537444676.0
16.7,mcf,stress-ng,5,0.2129949600775764,15267.8,0.0030085497462928722,8528244.0,9695085.0,82608324.0,387841684.0,25014763.52,0.2129949600775764,0.8796461299720425,0.0030085497462928722,1.4596652572335271,0.8545900103504845,9.222539528531473e-05,8528244.0,9695085.0,387841684.0,82608324.0,208890.0,244433.0,385392764.0,562544428.0
16.8,mcf,stress-ng,5,0.21277929197480136,15253.0,0.0030102351040121778,8539230.0,9707127.0,82553119.0,387975344.0,24990515.2,0.21277929197480136,0.8796866467287385,0.0030102351040121778,1.4561785387650712,0.8575227994054075,9.194808346335786e-05,8539230.0,9707127.0,387975344.0,82553119.0,213446.0,248910.0,385695913.0,561642111.0
16.9,mcf,stress-ng,5,0.2127182532197697,14920.9,0.003004459328314959,8535386.0,9701215.0,82541676.0,388032878.0,24446402.56,0.2127182532197697,0.8798264959595267,0.003004459328314959,1.496923132723365,0.877692219594845,9.419042340154346e-05,8535386.0,9701215.0,388032878.0,82541676.0,260564.0,296874.0,385495666.0,577057380.0
17.0,mcf,stress-ng,5,0.21387151832923065,14630.4,0.0030258434143800783,8578960.0,9753178.0,82995632.0,388063042.0,23970447.36,0.21387151832923065,0.8796066266810675,0.0030258434143800783,1.514117871538974,0.8888757752979287,9.274829856099067e-05,8578960.0,9753178.0,388063042.0,82995632.0,286194.0,321973.0,385764489.0,584092907.0
17.1,mcf,stress-ng,5,0.21389087209304664,14912.2,0.003020933971112957,8584629.0,9756540.0,82974692.0,387930028.0,24432148.48,0.21389087209304664,0.8798845697347625,0.003020933971112957,1.5146512838151034,0.887165306325586,9.408924294791336e-05,8584629.0,9756540.0,387930028.0,82974692.0,285213.0,321488.0,385538228.0,583955972.0
17.2,mcf,stress-ng,5,0.20508759920871827,17094.5,0.002906539555072242,8229234.0,9357638.0,79621028.0,388229363.0,28007628.8,0.20508759920871827,0.8794135870611793,0.002906539555072242,1.3411025606896798,0.6557749390119332,7.434118453739178e-05,8229234.0,9357638.0,388229363.0,79621028.0,54569.0,83213.0,385304595.0,516732979.0
17.3,mcf,stress-ng,5,0.20325815972480993,17416.8,0.0028876056421485133,8150582.0,9270158.0,78806799.0,387717763.0,28535685.12,0.20325815972480993,0.8792279484341043,0.0028876056421485133,1.2991168022930135,0.12689681949073026,6.998947833920053e-05,8150582.0,9270158.0,387717763.0,78806799.0,3922.0,30907.0,385557953.0,500884815.0
17.4,mcf,stress-ng,5,0.20320985508084466,17437.6,0.0028842787468679205,8149170.0,9268006.0,78826813.0,387908416.0,28569763.84,0.20320985508084466,0.8792797501425873,0.0028842787468679205,1.3011807366703958,0.11263347484883571,7.160127405007707e-05,8149170.0,9268006.0,387908416.0,78826813.0,3502.0,31092.0,385328339.0,501381812.0
17.5,mcf,stress-ng,5,0.20775661571588344,16763.800000000003,0.0029466515344216725,8332791.0,9475621.0,80576373.0,387840227.0,27465809.92,0.20775661571588344,0.8793926012870291,0.0029466515344216725,1.3688707356076066,0.7582807867688002,8.337946924622871e-05,8332791.0,9475621.0,387840227.0,80576373.0,100774.0,132898.0,385274700.0,527391262.0
17.7,mcf,stress-ng,5,0.21325010212013754,15312.5,0.0030187068179559546,8548278.0,9719156.0,82714178.0,387874037.0,25088000.0,0.21325010212013754,0.8795288397469904,0.0030187068179559546,1.4593464155274904,0.8525583231194299,9.209612031098537e-05,8548278.0,9719156.0,387874037.0,82714178.0,205198.0,240685.0,385325678.0,562323647.0
17.8,mcf,stress-ng,5,0.21319550068915996,15177.0,0.0030139148932047145,8545128.0,9714085.0,82688590.0,387853354.0,24865996.8,0.21319550068915996,0.8796637048162539,0.0030139148932047145,1.4577506487105687,0.8558562223379328,9.19258770890006e-05,8545128.0,9714085.0,387853354.0,82688590.0,210390.0,245824.0,385462735.0,561908552.0
17.9,mcf,stress-ng,5,0.21292873700966383,14912.1,0.00300943462358757,8539404.0,9706768.0,82595362.0,387901432.0,24431984.64,0.21292873700966383,0.8797371071400903,0.00300943462358757,1.4907959029198004,0.8743972122567413,9.504967011657267e-05,8539404.0,9706768.0,387901432.0,82595362.0,254941.0,291562.0,385282768.0,574377972.0
18.1,mcf,stress-ng,5,0.21361908209939845,14901.300000000001,0.0030153001993060125,8572834.0,9742596.0,82871843.0,387942136.0,24414289.92,0.21361908209939845,0.879933233401036,0.0030153001993060125,1.5157722264059668,0.8873808424750687,9.431196819602846e-05,8572834.0,9742596.0,387942136.0,82871843.0,286435.0,322787.0,385444188.0,584245595.0
18.2,mcf,stress-ng,5,0.2063311612393707,15394.8,0.0029232418694455364,8276876.0,9410781.0,80034409.0,387892980.0,25222840.32,0.2063311612393707,0.8795100002858424,0.0029232418694455364,1.3665623107465368,0.7508384960029589,7.693030811209996e-05,8276876.0,9410781.0,387892980.0,80034409.0,89322.0,118963.0,385296780.0,526532058.0
18.3,mcf,stress-ng,5,0.20257228640664285,17471.3,0.0028752562959713495,8132600.0,9248521.0,78620702.0,388111836.0,28624977.919999998,0.20257228640664285,0.8793405994320606,0.0028752562959713495,1.2971339903351862,0.11518678068539831,7.134740464113998e-05,8132600.0,9248521.0,388111836.0,78620702.0,3583.0,31106.0,385760353.0,500382866.0
18.4,mcf,stress-ng,5,0.20296866462705893,17420.300000000003,0.002883034748940181,8147660.0,9266372.0,78758496.0,388032784.0,28541419.520000003,0.20296866462705893,0.8792718444716012,0.002883034748940181,1.3001221942193353,0.11382369596677783,7.303334847420157e-05,8147660.0,9266372.0,388032784.0,78758496.0,3618.0,31786.0,385686821.0,501439996.0
18.5,mcf,stress-ng,5,0.20612577497362525,17416.5,0.002925208104431203,8264334.0,9399234.0,79971111.0,387972397.0,28535193.6,0.20612577497362525,0.8792561181049434,0.002925208104431203,1.347753824622737,0.7147468075324407,7.887489049694295e-05,8264334.0,9399234.0,387972397.0,79971111.0,76177.0,106579.0,385445860.0,519486132.0
18.6,mcf,stress-ng,5,0.21319377298620315,16020.5,0.0030152811682018963,8553145.0,9723136.0,82723561.0,388020531.0,26247987.2,0.21319377298620315,0.8796693782746636,0.0030152811682018963,1.451619963626975,0.8603153864014703,9.205662106211293e-05,8553145.0,9723136.0,388020531.0,82723561.0,218607.0,254101.0,385567052.0,559696830.0
18.7,mcf,stress-ng,5,0.21323984718644232,15234.8,0.003011571457190783,8553967.0,9722815.0,82762429.0,388118966.0,24960696.32,0.21323984718644232,0.8797829640901323,0.003011571457190783,1.4603993386848662,0.8577468958013312,9.216884186230682e-05,8553967.0,9722815.0,388118966.0,82762429.0,214423.0,249984.0,385824529.0,563457887.0
18.8,mcf,stress-ng,5,0.21363838077247216,15296.7,0.003020985973401861,8573527.0,9745365.0,82870154.0,387899186.0,25062113.28,0.21363838077247216,0.8797543242351621,0.003020985973401861,1.4851374949203333,0.8732870263452417,9.257975856915367e-05,8573527.0,9745365.0,387899186.0,82870154.0,245791.0,281455.0,385224595.0,572111490.0
19.1,mcf,stress-ng,5,1.0025603747064373,6898.000000000001,2.0407140804870618e-05,21994.0,29914.0,389093124.0,388099444.0,11301683.200000001,1.0025603747064373,0.7352410242695728,2.0407140804870618e-05,1.6041304434551742,0.8983695755055019,9.753750286619096e-05,21994.0,29914.0,388099444.0,389093124.0,332200.0,369781.0,385297951.0,618068173.0
19.2,mcf,stress-ng,5,0.45789022339619834,14213.899999999998,0.001961214036282747,5382541.0,6121724.0,172579159.0,376900729.0,23288053.759999998,0.45789022339619834,0.8792524785501601,0.001961214036282747,1.3815321835799306,0.7716748923328408,7.74324851655078e-05,5382541.0,6121724.0,376900729.0,172579159.0,98191.0,127244.0,375204282.0,518356791.0
19.3,mcf,stress-ng,5,0.20285899777871147,17437.5,0.002884738383992468,8146140.0,9265177.0,78692309.0,387916286.0,28569600.0,0.20285899777871147,0.8792211956663105,0.002884738383992468,1.2945186063307164,0.11268062997239811,7.094292238564414e-05,8146140.0,9265177.0,387916286.0,78692309.0,3470.0,30795.0,385168796.0,498608173.0
19.4,mcf,stress-ng,5,0.20261196078201946,17369.100000000002,0.0028789064877932586,8124147.0,9241185.0,78615009.0,388007740.0,28457533.44,0.20261196078201946,0.8791239435202304,0.0028789064877932586,1.295100846447967,0.10446020794869303,7.167619606463463e-05,8124147.0,9241185.0,388007740.0,78615009.0,3225.0,30873.0,385734756.0,499565409.0
19.5,mcf,stress-ng,5,0.20618218239956496,17073.4,0.00292727158411944,8267802.0,9403635.0,80002323.0,388017636.0,27973058.560000002,0.20618218239956496,0.8792134105587892,0.00292727158411944,1.3414033180570102,0.6950612888459387,7.773045250452188e-05,8267802.0,9403635.0,388017636.0,80002323.0,68328.0,98305.0,385653229.0,517316521.0
19.6,mcf,stress-ng,5,0.21248778993359096,15222.9,0.0030086096499175713,8528868.0,9696010.0,82431240.0,387934008.0,24941199.36,0.21248778993359096,0.8796265680419059,0.0030086096499175713,1.4544907173624506,0.8615105538334848,9.244725695092884e-05,8528868.0,9696010.0,387934008.0,82431240.0,221789.0,257442.0,385657738.0,560935600.0
19.7,mcf,stress-ng,5,0.21275322937689645,15217.3,0.0030095686425070304,8530798.0,9698475.0,82545734.0,387988160.0,24932024.32,0.21275322937689645,0.8796019992833924,0.0030095686425070304,1.4537338589751283,0.8610394411843368,9.167313988807136e-05,8530798.0,9698475.0,387988160.0,82545734.0,218921.0,254252.0,385401875.0,560271755.0
19.8,mcf,stress-ng,5,0.21265649131599118,15286.0,0.0030074807471520367,8529944.0,9696654.0,82497105.0,387935983.0,25044582.4,0.21265649131599118,0.8796791140531569,0.0030074807471520367,1.475835877201313,0.8730605243466844,9.329468661792066e-05,8529944.0,9696654.0,387935983.0,82497105.0,247359.0,283324.0,385498910.0,568933122.0
19.9,mcf,stress-ng,5,0.21311476335104407,14870.599999999999,0.0030113789742587374,8552439.0,9720894.0,82691356.0,388013269.0,24363991.04,0.21311476335104407,0.8797996357125178,0.0030113789742587374,1.5091893912376566,0.8877113189736549,9.497292431785019e-05,8552439.0,9720894.0,388013269.0,82691356.0,289646.0,326284.0,385773106.0,582204679.0
20.0,mcf,stress-ng,5,0.2132861687931334,14880.599999999999,0.003012062889211904,8555541.0,9724137.0,82749057.0,387971979.0,24380375.04,0.2132861687931334,0.8798252225364575,0.003012062889211904,1.514975951751903,0.8869327751907262,9.470966240512868e-05,8555541.0,9724137.0,387971979.0,82749057.0,286458.0,322976.0,385578399.0,584142002.0
20.1,mcf,stress-ng,5,0.20711226034919794,14856.3,0.0029345832449542263,8308146.0,9446811.0,80362853.0,388015914.0,24340561.919999998,0.20711226034919794,0.8794656736543157,0.0029345832449542263,1.3991868161161882,0.8210775626852993,8.246528961698735e-05,8308146.0,9446811.0,388015914.0,80362853.0,145949.0,177753.0,385665292.0,539617792.0
20.2,mcf,stress-ng,5,0.20246871573994854,17357.8,0.002877867201017508,8118410.0,9234792.0,78541647.0,387919915.0,28439019.52,0.20246871573994854,0.8791112999621432,0.002877867201017508,1.294569456321032,0.11869236680327869,7.140176690695655e-05,8118410.0,9234792.0,387919915.0,78541647.0,3707.0,31232.0,385494662.0,499049615.0
20.5,mcf,stress-ng,5,0.2035015826510815,16433.399999999998,0.002890549538036374,8188534.0,9312613.0,79137843.0,388880725.0,26924482.56,0.2035015826510815,0.879294994863418,0.002890549538036374,1.3121047846956684,0.5287063775635065,7.471929012603062e-05,8188534.0,9312613.0,388880725.0,79137843.0,32406.0,61293.0,386606992.0,507268884.0
20.6,mcf,stress-ng,5,0.21261825162348255,15233.899999999998,0.0030102753367002035,8537404.0,9706254.0,82556848.0,388286741.0,24959221.759999998,0.21261825162348255,0.8795776413846166,0.0030102753367002035,1.4559126230407948,0.8597550389065138,9.205971156279693e-05,8537404.0,9706254.0,388286741.0,82556848.0,217886.0,253428.0,386075509.0,562092207.0
20.7,mcf,stress-ng,5,0.21203639107554817,15233.2,0.0029999669465052,8534500.0,9702049.0,82521868.0,389187288.0,24958074.880000003,0.21203639107554817,0.8796595440818739,0.0029999669465052,1.4539056140698068,0.8566997219498866,9.217533996150292e-05,8534500.0,9702049.0,389187288.0,82521868.0,213212.0,248876.0,386914765.0,562537549.0
20.8,mcf,stress-ng,5,0.21231543016110765,15135.1,0.003004523878121906,8533370.0,9702322.0,82604285.0,389063974.0,24797347.84,0.21231543016110765,0.8795183256131882,0.003004523878121906,1.4658108682699602,0.8669129968432584,9.007961791897886e-05,8533370.0,9702322.0,389063974.0,82604285.0,227113.0,261979.0,387057592.0,567353225.0
20.9,mcf,stress-ng,5,0.21289659153819443,14891.100000000002,0.0030082509490647644,8565541.0,9735437.0,82794579.0,388895747.0,24397578.240000002,0.21289659153819443,0.8798311775835024,0.0030082509490647644,1.5111858356671404,0.8870407926310085,9.443765915096611e-05,8565541.0,9735437.0,388895747.0,82794579.0,286492.0,322975.0,386318343.0,583798808.0
21.0,mcf,stress-ng,5,0.21203724032872928,14818.800000000001,0.002992865897943641,8538659.0,9705516.0,82668969.0,389879480.0,24279121.92,0.21203724032872928,0.8797738317055992,0.002992865897943641,1.5034523473076713,0.8845791079544735,9.404357808739091e-05,8538659.0,9705516.0,389879480.0,82668969.0,279481.0,315948.0,387767041.0,582989268.0
21.1,mcf,stress-ng,5,0.20835861220081545,15581.100000000002,0.0029492037701573932,8399835.0,9550111.0,81265972.0,390029340.0,25528074.240000002,0.20835861220081545,0.8795536512612262,0.0029492037701573932,1.435891334248545,0.8525223505058976,8.526766299146053e-05,8399835.0,9550111.0,390029340.0,81265972.0,191098.0,224156.0,387696799.0,556690474.0
21.2,mcf,stress-ng,5,0.20076167267940404,17345.8,0.002852274415774485,8090977.0,9202992.0,78270867.0,389869570.0,28419358.72,0.20076167267940404,0.8791681009828108,0.002852274415774485,1.2928378083869563,0.12564300411522633,7.018356087635515e-05,8090977.0,9202992.0,389869570.0,78270867.0,3908.0,31104.0,387498150.0,500972259.0
21.3,mcf,stress-ng,5,0.20121552117109867,17387.5,0.002858749370739472,8108343.0,9222487.0,78419979.0,389731262.0,28487680.0,0.20121552117109867,0.8791926732995123,0.002858749370739472,1.2927161703393177,0.11391138791183969,7.091433559623211e-05,8108343.0,9222487.0,389731262.0,78419979.0,3530.0,30989.0,387213668.0,500557370.0
21.4,mcf,stress-ng,5,0.2010321855372428,17385.0,0.0028522383686988544,8085988.0,9196891.0,78298946.0,389484628.0,28483584.0,0.2010321855372428,0.8792088543835085,0.0028522383686988544,1.292974457969166,0.1075762011645685,7.084377952415932e-05,8085988.0,9196891.0,389484628.0,78298946.0,3307.0,30741.0,387246420.0,500699730.0
21.5,mcf,stress-ng,5,0.21088130563293836,15787.1,0.0029837006855015632,8496633.0,9660429.0,82254504.0,390051189.0,25865584.64,0.21088130563293836,0.8795295736866344,0.0029837006855015632,1.4457777278122166,0.8571121711606191,9.090961060556221e-05,8496633.0,9660429.0,390051189.0,82254504.0,211483.0,246739.0,387813783.0,560692530.0
21.8,mcf,stress-ng,5,0.21140996521314193,15002.6,0.002985807599512738,8505210.0,9668424.0,82361312.0,389581030.0,24580259.84,0.21140996521314193,0.8796893888807524,0.002985807599512738,1.4517613501478916,0.8618299104280412,9.178972720692513e-05,8505210.0,9668424.0,389581030.0,82361312.0,221779.0,257335.0,387363609.0,562359516.0
21.9,mcf,stress-ng,5,0.21168184343714408,14855.4,0.002990215252829807,8541482.0,9707899.0,82572417.0,390077938.0,24339087.36,0.21168184343714408,0.8798486675644236,0.002990215252829807,1.5060046345039855,0.8842769224870108,9.337975323306964e-05,8541482.0,9707899.0,390077938.0,82572417.0,276738.0,312954.0,387835679.0,584082330.0
22.0,mcf,stress-ng,5,0.21200693126098935,14845.0,0.0029943723573461686,8541996.0,9709098.0,82632914.0,389765153.0,24322048.0,0.21200693126098935,0.8797929529602029,0.0029943723573461686,1.50648767487847,0.8855941464195456,9.59099505329837e-05,8541996.0,9709098.0,389765153.0,82632914.0,287695.0,324861.0,387509323.0,583778019.0
22.1,mcf,stress-ng,5,0.21000504950603874,16391.0,0.0029667213533646573,8469045.0,9625921.0,81891682.0,389951014.0,26855014.4,0.21000504950603874,0.8798165910565856,0.0029667213533646573,1.469204233112311,0.8684215498445016,8.972000129431798e-05,8469045.0,9625921.0,389951014.0,81891682.0,229813.0,264633.0,388096294.0,570192718.0
22.2,mcf,stress-ng,5,0.20097811513287558,17390.1,0.0028533326677371035,8106048.0,9218694.0,78370636.0,389946119.0,28491939.84,0.20097811513287558,0.8793054634420017,0.0028533326677371035,1.2945118977837902,0.13905609631147542,6.938230274281565e-05,8106048.0,9218694.0,389946119.0,78370636.0,4343.0,31232.0,387548394.0,501686007.0
22.3,mcf,stress-ng,5,0.20171741644555707,17425.6,0.0028657724008786943,8120316.0,9235548.0,78499506.0,389155817.0,28550103.04,0.20171741644555707,0.8792457144936067,0.0028657724008786943,1.294221546050887,0.11009408387816935,7.211696666408142e-05,8120316.0,9235548.0,389155817.0,78499506.0,3452.0,31355.0,386913112.0,500751286.0
22.4,mcf,stress-ng,5,0.20216924787674606,17327.6,0.0028691112968623534,8123064.0,9238151.0,78573564.0,388652403.0,28389539.84,0.20216924787674606,0.8792954347682778,0.0028691112968623534,1.2944305235483213,0.11573669739608604,7.080739737522984e-05,8123064.0,9238151.0,388652403.0,78573564.0,3578.0,30915.0,386075481.0,499747887.0
22.5,mcf,stress-ng,5,0.2100609230198283,15247.7,0.0029739129397245833,8441962.0,9598460.0,81688685.0,388880920.0,24981831.68,0.2100609230198283,0.8795121300708655,0.0029739129397245833,1.4269688658231887,0.8310937431904354,9.026471558245676e-05,8441962.0,9598460.0,388880920.0,81688685.0,171630.0,206511.0,386430066.0,551423673.0
22.6,mcf,stress-ng,5,0.21218351328678942,15237.9,0.003002067581421168,8536685.0,9704203.0,82519152.0,388904636.0,24965775.36,0.21218351328678942,0.8796894500249016,0.003002067581421168,1.4547459995574465,0.8556809160870513,9.073413412798784e-05,8536685.0,9704203.0,388904636.0,82519152.0,208034.0,243121.0,386701216.0,562552047.0
22.7,mcf,stress-ng,5,0.21216116565305168,15238.0,0.002996940272176473,8512195.0,9677224.0,82475421.0,388739479.0,24965939.2,0.21216116565305168,0.8796112397522264,0.002996940272176473,1.4572798088883576,0.8548298460453252,9.156303346482983e-05,8512195.0,9677224.0,388739479.0,82475421.0,208440.0,243838.0,386597065.0,563380097.0
22.8,mcf,stress-ng,5,0.21302450048841068,14917.3,0.003008201932240302,8323607.0,9460749.0,80526212.0,378013852.0,24440504.32,0.21302450048841068,0.8798042311449126,0.003008201932240302,1.5087600832782329,0.8817000206313184,9.655170223453993e-05,8323607.0,9460749.0,378013852.0,80526212.0,277784.0,315055.0,386021159.0,582413316.0
22.9,mcf,stress-ng,5,0.212850358918339,14858.199999999999,0.0030070233554131518,8550778.0,9719047.0,82695226.0,388513444.0,24343674.88,0.212850358918339,0.879795930609246,0.0030070233554131518,1.4982830624615955,0.886785703927843,9.345041241906904e-05,8550778.0,9719047.0,388513444.0,82695226.0,275190.0,310323.0,375953397.0,563284607.0
23.2,mcf,stress-ng,5,0.2027944129993399,17191.0,0.0028809119915141432,8135874.0,9253934.0,78702967.0,388092383.0,28165734.4,0.2027944129993399,0.8791800330540503,0.0028809119915141432,1.3023786948455365,0.2519158422739306,6.957070521047004e-05,8135874.0,9253934.0,388092383.0,78702967.0,9040.0,35885.0,385866435.0,502544224.0
23.3,mcf,stress-ng,5,1.0492293968360638,12161.7,0.0003010677301146773,630362.0,746720.0,405510860.0,386484463.0,19925729.28,1.0492293968360638,0.8441745232483394,0.0003010677301146773,1.3618139377435423,0.140252810773042,7.065421923245746e-05,630362.0,746720.0,386484463.0,405510860.0,4416.0,31486.0,383133524.0,521756573.0
23.4,mcf,stress-ng,5,0.89257817872002,10468.5,0.0004036198485925915,1096146.0,1248982.0,337986546.0,378663241.0,17151590.4,0.89257817872002,0.877631543128724,0.0004036198485925915,1.352967369894616,0.13476205483769305,7.02740411669705e-05,1096146.0,1248982.0,378663241.0,337986546.0,4276.0,31730.0,390670574.0,528564539.0
23.5,mcf,stress-ng,5,0.20988625102077837,15474.400000000001,0.0029804095610505644,8664108.0,9856173.0,83947541.0,399966842.0,25353256.96,0.20988625102077837,0.8790539695275235,0.0029804095610505644,1.41355969896295,0.8287397008844382,8.857138771834724e-05,8664108.0,9856173.0,399966842.0,83947541.0,164354.0,198318.0,383464693.0,542050236.0
23.6,mcf,stress-ng,5,0.21174257090664864,15210.3,0.0029967531977281338,8287660.0,9422080.0,80155085.0,378549692.0,24920555.52,0.21174257090664864,0.8795998335823937,0.0029967531977281338,1.455224939844998,0.8559656149262479,9.441271582072717e-05,8287660.0,9422080.0,378549692.0,80155085.0,219063.0,255925.0,390434696.0,568170307.0
23.7,mcf,stress-ng,5,0.21157316382564695,15148.699999999999,0.0029903294444008828,8747261.0,9943188.0,84614777.0,399931520.0,24819630.08,0.21157316382564695,0.879723987920172,0.0029903294444008828,1.4541367823333091,0.8538521323565889,9.216038320700279e-05,8747261.0,9943188.0,399931520.0,84614777.0,206540.0,241892.0,383592155.0,557795462.0
23.8,mcf,stress-ng,5,0.21260260040286716,15207.1,0.003002841953734775,8306616.0,9441583.0,80356189.0,377964281.0,24915312.64,0.21260260040286716,0.8797906029105501,0.003002841953734775,1.5005585539619388,0.8789646112426611,9.569407538114217e-05,8306616.0,9441583.0,377964281.0,80356189.0,270976.0,308290.0,389930096.0,585112941.0
23.9,mcf,stress-ng,5,0.21237734598092564,14893.0,0.0029991258858587918,8790041.0,9990142.0,84982850.0,400150259.0,24400691.2,0.21237734598092564,0.8798714773023246,0.0029991258858587918,1.5028758783181206,0.8849038404137328,9.5548220303543e-05,8790041.0,9990142.0,400150259.0,84982850.0,281641.0,318273.0,383387570.0,576183931.0
24.0,mcf,stress-ng,5,0.21231690925764135,14835.599999999999,0.002998379827221916,8292341.0,9425443.0,80235570.0,377904757.0,24306647.04,0.21231690925764135,0.8797826266627468,0.002998379827221916,1.5099386932765024,0.8859586361435953,9.585365204538286e-05,8292341.0,9425443.0,377904757.0,80235570.0,290994.0,328451.0,390772800.0,590042971.0
24.1,mcf,stress-ng,5,0.20203191135279894,15689.9,0.002868100823929295,8358258.0,9506207.0,80862684.0,400247087.0,25706332.16,0.20203191135279894,0.8792421625155017,0.002868100823929295,1.2966159265787849,0.17285797136839534,7.081777215714379e-05,8358258.0,9506207.0,400247087.0,80862684.0,5663.0,32761.0,382644062.0,496142385.0
24.2,mcf,stress-ng,5,0.20262399006823342,17404.6,0.0028777710069042214,7906696.0,8992500.0,76451510.0,377307297.0,28515696.64,0.20262399006823342,0.879254489852655,0.0028777710069042214,1.298744212812354,0.11771554436752675,7.204272137745622e-05,7906696.0,8992500.0,377307297.0,76451510.0,3741.0,31780.0,389199623.0,505470758.0
24.3,mcf,stress-ng,5,0.20247334773401066,17388.1,0.0028756450478369267,8350217.0,9497166.0,80756352.0,398849295.0,28488663.04,0.20247334773401066,0.8792324994635242,0.0028756450478369267,1.295609533017936,0.10752033822304785,7.294905766376006e-05,8350217.0,9497166.0,398849295.0,80756352.0,3357.0,31222.0,381978889.0,494895490.0
24.6,mcf,stress-ng,5,0.21195364975599368,15229.2,0.002998395060185762,8761609.0,9959736.0,84694440.0,399589439.0,24951521.28,0.21195364975599368,0.8797029359011123,0.002998395060185762,1.4541895656251087,0.8531359054101384,9.081900302413918e-05,8761609.0,9959736.0,399589439.0,84694440.0,202177.0,236981.0,383223762.0,557279996.0
24.7,mcf,stress-ng,5,0.2123985329573419,15226.6,0.0030008837775282434,8294382.0,9428859.0,80296762.0,378047630.0,24947261.44,0.2123985329573419,0.879680351567459,0.0030008837775282434,1.456876602222648,0.8565906775846684,9.314306467531003e-05,8294382.0,9428859.0,378047630.0,80296762.0,216959.0,253282.0,389969990.0,568138154.0
24.8,mcf,stress-ng,5,0.21304122197179928,15011.900000000001,0.003009765604276927,8309963.0,9445765.0,80395844.0,377372244.0,24595496.96,0.21304122197179928,0.879755424785605,0.003009765604276927,1.493657719321781,0.8743006624484676,9.521851291441032e-05,8309963.0,9445765.0,377372244.0,80395844.0,253006.0,289381.0,382016048.0,570601219.0
24.9,mcf,stress-ng,5,0.21305880089758242,14853.4,0.0030111777252415997,8332762.0,9470360.0,80491850.0,377791716.0,24335810.56,0.21305880089758242,0.8798780616576349,0.0030111777252415997,1.5091462617683344,0.885667367516383,9.546900180665265e-05,8332762.0,9470360.0,377791716.0,80491850.0,288546.0,325795.0,390168529.0,588821377.0
25.0,mcf,stress-ng,5,0.212927289482691,14848.199999999999,0.0030057813535841467,8788517.0,9988275.0,84989954.0,399150124.0,24327290.88,0.212927289482691,0.8798833632434029,0.0030057813535841467,1.5140387046514237,0.8820601407549584,9.634900664691591e-05,8788517.0,9988275.0,399150124.0,84989954.0,275732.0,312600.0,382650546.0,579347737.0
25.1,mcf,stress-ng,5,0.20460836461243267,16493.1,0.002901949405948226,7991767.0,9087303.0,77243190.0,377517264.0,27022295.04,0.20460836461243267,0.8794432187415783,0.002901949405948226,1.3359028270113553,0.642586975246227,7.356165120749247e-05,7991767.0,9087303.0,377517264.0,77243190.0,51477.0,80109.0,389224542.0,519966166.0
25.2,mcf,stress-ng,5,0.20204348505660463,17390.8,0.002869417942049545,8107676.0,9220567.0,78361668.0,387845557.0,28493086.72,0.20204348505660463,0.8793034094324135,0.002869417942049545,1.2964700457800644,0.1226952838900742,7.135123257519053e-05,8107676.0,9220567.0,387845557.0,78361668.0,3853.0,31403.0,386118067.0,500590508.0
25.3,mcf,stress-ng,5,0.2021800824450587,17430.5,0.0028692723351985065,8126200.0,9241320.0,78575690.0,388642091.0,28558131.2,0.2021800824450587,0.8793332554223855,0.0028692723351985065,1.2963758439453683,0.11292358481405962,7.163897413522253e-05,8126200.0,9241320.0,388642091.0,78575690.0,3489.0,30897.0,382585043.0,495974008.0
25.4,mcf,stress-ng,5,0.20715494807276125,17175.8,0.0029342587012533452,8309866.0,9449859.0,80482062.0,388511415.0,28140830.72,0.20715494807276125,0.8793640201404064,0.0029342587012533452,1.3691665315162664,0.7417839992825521,8.44498910843846e-05,8309866.0,9449859.0,388511415.0,80482062.0,90985.0,122657.0,375038968.0,513490803.0
25.5,mcf,stress-ng,5,0.2131383428421207,15270.699999999999,0.0030134851833273028,8300541.0,9437064.0,80384211.0,377145707.0,25019514.88,0.2131383428421207,0.8795681580627195,0.0030134851833273028,1.4616255568907135,0.849985161737066,9.707082439744647e-05,8300541.0,9437064.0,377145707.0,80384211.0,206220.0,242616.0,374942731.0,548025878.0
25.6,mcf,stress-ng,5,0.2124412909471197,15254.8,0.0030047566444810253,8287440.0,9420738.0,80126053.0,377167982.0,24993464.32,0.2124412909471197,0.8797017813254121,0.0030047566444810253,1.451277399492253,0.8534037267080745,9.440054286058358e-05,8287440.0,9420738.0,377167982.0,80126053.0,206097.0,241500.0,375029623.0,544272016.0
25.7,mcf,stress-ng,5,0.21292123181549102,15173.3,0.003005899508814752,8295917.0,9429505.0,80297080.0,377121057.0,24859934.72,0.21292123181549102,0.8797828730140129,0.003005899508814752,1.4812236063837496,0.8681169681736114,9.935858569319684e-05,8295917.0,9429505.0,377121057.0,80297080.0,245217.0,282470.0,374934886.0,555362404.0
25.8,mcf,stress-ng,5,0.21372564136086208,14908.5,0.0030172633345628766,8338525.0,9475859.0,80562222.0,376942240.0,24426086.4,0.21372564136086208,0.8799756307053535,0.0030172633345628766,1.5058251070545325,0.8822872557322543,0.00010017060606633278,8338525.0,9475859.0,376942240.0,80562222.0,281282.0,318810.0,374640840.0,564143583.0
25.9,mcf,stress-ng,5,0.213752582884054,14853.0,0.0030214504624638807,8339308.0,9478882.0,80619189.0,377161239.0,24335155.2,0.213752582884054,0.8797775940242741,0.0030214504624638807,1.5061544312661799,0.8826101303415278,0.000102476212954783,8339308.0,9478882.0,377161239.0,80619189.0,288873.0,327294.0,374926033.0,564696506.0
26.1,mcf,stress-ng,5,0.20866949810774701,17236.8,0.0029517242624825884,8138576.0,9251930.0,78707562.0,377187671.0,28240773.12,0.20866949810774701,0.8796625136593121,0.0029517242624825884,1.4080831086612648,0.8152142848977445,8.6282038248364e-05,8138576.0,9251930.0,377187671.0,78707562.0,142625.0,174954.0,374689804.0,527594384.0
26.2,mcf,stress-ng,5,0.2022353453813748,17410.3,0.002871900692165813,7888387.0,8971452.0,76267966.0,377124809.0,28525035.52,0.2022353453813748,0.8792765095326821,0.002871900692165813,1.2962208513434912,0.1151907607062986,7.067959365184942e-05,7888387.0,8971452.0,377124809.0,76267966.0,3451.0,29959.0,375044601.0,486140632.0
26.3,mcf,stress-ng,5,0.20257989461131287,17393.1,0.0028732380093711377,8353807.0,9499647.0,80788346.0,398797453.0,28496855.04,0.20257989461131287,0.8793807812016594,0.0028732380093711377,1.293523508210052,0.10887855092546768,7.204810383723495e-05,8353807.0,9499647.0,398797453.0,80788346.0,3300.0,30309.0,374874543.0,484909034.0
26.4,mcf,stress-ng,5,0.2036286080489223,16606.0,0.0028932833625637602,7945222.0,9036255.0,76786648.0,377091651.0,27207270.4,0.2036286080489223,0.8792604901034776,0.0028932833625637602,1.302198346093604,0.2964170185445836,7.325008702898549e-05,7945222.0,9036255.0,377091651.0,76786648.0,12004.0,40497.0,388982473.0,506532333.0
26.5,mcf,stress-ng,5,0.21305484409094927,15240.0,0.00301663372928352,8318097.0,9456089.0,80372604.0,377239036.0,24969216.0,0.21305484409094927,0.8796551089990798,0.00301663372928352,1.463207766735744,0.8488259173764229,9.941290430062724e-05,8318097.0,9456089.0,377239036.0,80372604.0,213276.0,251260.0,382083194.0,559067097.0
26.6,mcf,stress-ng,5,0.21305120307349876,15208.699999999999,0.003018467426639532,8316896.0,9454803.0,80316406.0,376981706.0,24917934.08,0.21305120307349876,0.8796477303651911,0.003018467426639532,1.4508431350988387,0.850557470099331,9.481594490060748e-05,8316896.0,9454803.0,376981706.0,80316406.0,209790.0,246650.0,388753179.0,564019881.0
26.7,mcf,stress-ng,5,0.21369923209481598,15120.1,0.003019900251517074,8556996.0,9728370.0,82890726.0,387884997.0,24772771.84,0.21369923209481598,0.8795919563092276,0.003019900251517074,1.4555505921456535,0.8572395756764494,9.570160175735334e-05,8556996.0,9728370.0,387884997.0,82890726.0,221581.0,258482.0,385583933.0,561236922.0
26.8,mcf,stress-ng,5,0.2140754092092479,14927.1,0.0030210869981042916,8829174.0,10033504.0,85339296.0,398641284.0,24456560.64,0.2140754092092479,0.8799691513552992,0.0030210869981042916,1.5189454158325388,0.8801334449478038,0.00010197270341955286,8829174.0,10033504.0,398641284.0,85339296.0,285980.0,324928.0,381945351.0,580154140.0
26.9,mcf,stress-ng,5,0.214017091169626,14900.2,0.003024738607545524,8357195.0,9497894.0,80710803.0,377123166.0,24412487.68,0.214017091169626,0.8798997967338865,0.003024738607545524,1.5201048052737252,0.8782166561008112,0.00010049548743312761,8357195.0,9497894.0,377123166.0,80710803.0,271520.0,309172.0,374663589.0,569527922.0
27.0,mcf,stress-ng,5,0.21176793635901656,15511.199999999999,0.002991638152486574,8733506.0,9926117.0,84420895.0,398648145.0,25413550.08,0.21176793635901656,0.8798512046553552,0.002991638152486574,1.4694116533861716,0.8586120615227193,9.439226451909894e-05,8733506.0,9926117.0,398648145.0,84420895.0,214811.0,250184.0,374744691.0,550654216.0
27.1,mcf,stress-ng,5,0.2032193281937917,17405.0,0.0028849779622556484,7917382.0,9005329.0,76635545.0,377107560.0,28516352.0,0.2032193281937917,0.8791885338114799,0.0028849779622556484,1.2978628879287735,0.12569127001886007,7.031512195840534e-05,7917382.0,9005329.0,377107560.0,76635545.0,3932.0,31283.0,388977495.0,504839455.0
27.2,mcf,stress-ng,5,0.20344207206000708,17401.100000000002,0.002889261203510979,8388544.0,9540354.0,81102606.0,398652084.0,28509962.240000002,0.20344207206000708,0.8792696790915725,0.002889261203510979,1.2983849191064096,0.11189453317154757,7.087464610374243e-05,8388544.0,9540354.0,398652084.0,81102606.0,3412.0,30493.0,382097146.0,496109172.0
27.3,mcf,stress-ng,5,0.20304339178539385,17424.8,0.00288575231734001,7922393.0,9010657.0,76570956.0,377116218.0,28548792.32,0.20304339178539385,0.879224789047014,0.00288575231734001,1.299255158468724,0.1072683679837094,7.253309012354797e-05,7922393.0,9010657.0,377116218.0,76570956.0,3266.0,30447.0,374739308.0,486881979.0
27.4,mcf,stress-ng,5,0.4653523696414582,15720.1,0.002540184707661028,6684252.0,7624588.0,172266050.0,370184104.0,25755811.84,0.4653523696414582,0.8766705820694837,0.002540184707661028,1.4295881111365605,0.8323760150028965,9.113442308988834e-05,6684252.0,7624588.0,370184104.0,172266050.0,169550.0,203694.0,374655359.0,535602847.0
27.5,mcf,stress-ng,5,1.0027646191828403,7271.0,2.0598252723904082e-05,14853.0,22619.0,378064593.0,377022270.0,11912806.4,1.0027646191828403,0.6566603298112207,2.0598252723904082e-05,1.5308091225179252,0.8730095879175269,9.588516630183635e-05,14853.0,22619.0,377022270.0,378064593.0,246936.0,282856.0,374614775.0,573463715.0
27.8,mcf,stress-ng,5,0.2145902490556462,14958.0,0.003031334076715467,8363488.0,9506457.0,80911571.0,377051480.0,24507187.2,0.2145902490556462,0.8797691926655745,0.003031334076715467,1.50851962618687,0.8818659812438396,9.588112719894535e-05,8363488.0,9506457.0,377051480.0,80911571.0,278249.0,315523.0,388752209.0,586440337.0
27.9,mcf,stress-ng,5,0.21464587712622366,14914.7,0.003033352962079357,8858477.0,10067852.0,85577696.0,398692475.0,24436244.48,0.21464587712622366,0.8798775548150688,0.003033352962079357,1.5119404318781953,0.8827790686340784,9.757657803667591e-05,8858477.0,10067852.0,398692475.0,85577696.0,280767.0,318049.0,382079396.0,577681287.0
28.0,mcf,stress-ng,5,0.21376299911831842,16707.5,0.003021384368858597,8332639.0,9472078.0,80615330.0,377124808.0,27373568.0,0.21376299911831842,0.879705488067138,0.003021384368858597,1.4961024426960607,0.8800301694892925,9.365716306027579e-05,8332639.0,9472078.0,377124808.0,80615330.0,267193.0,303618.0,388918464.0,581861864.0
28.1,mcf,stress-ng,5,0.2031336012105916,17441.6,0.0028854476756252035,8373299.0,9524071.0,81013585.0,398819223.0,28576317.439999998,0.2031336012105916,0.8791722573256752,0.0028854476756252035,1.295656211047384,0.13532249305178418,7.081821087715549e-05,8373299.0,9524071.0,398819223.0,81013585.0,4236.0,31303.0,382203951.0,495204923.0
28.2,mcf,stress-ng,5,0.20366327772937134,17432.9,0.002893883637905537,7941631.0,9032881.0,76799063.0,377088417.0,28562063.36,0.20366327772937134,0.8791913676267848,0.002893883637905537,1.2948532965311057,0.11074150626534039,7.077872163315885e-05,7941631.0,9032881.0,377088417.0,76799063.0,3429.0,30964.0,389029349.0,503735935.0
28.4,mcf,stress-ng,5,0.2111816309940685,17088.899999999998,0.0029983329780441004,8235210.0,9365885.0,79636849.0,377101212.0,27998453.759999998,0.2111816309940685,0.8792772920017703,0.0029983329780441004,1.3978989750097561,0.8257428270513516,8.419351425902746e-05,8235210.0,9365885.0,377101212.0,79636849.0,155238.0,187998.0,389103606.0,543927532.0
28.5,mcf,stress-ng,5,0.21350920826118472,15270.599999999999,0.003022476470233999,8798558.0,10003681.0,85130475.0,398720391.0,25019351.04,0.21350920826118472,0.8795320442545099,0.003022476470233999,1.4479807866681185,0.8578264921593257,9.179791382719717e-05,8798558.0,10003681.0,398720391.0,85130475.0,211703.0,246790.0,382220015.0,553447238.0
28.6,mcf,stress-ng,5,0.2138527417980433,15243.3,0.0030256444106639144,8341544.0,9482533.0,80645176.0,377106112.0,24974622.72,0.2138527417980433,0.8796746607683833,0.0030256444106639144,1.46173826401052,0.8565275108478136,9.31158459290286e-05,8341544.0,9482533.0,377106112.0,80645176.0,216149.0,252355.0,388827483.0,568364010.0
28.7,mcf,stress-ng,5,0.21444060591365233,15309.8,0.0030279058202144927,8843372.0,10050570.0,85495483.0,398690736.0,25083576.32,0.21444060591365233,0.8798876083645008,0.0030279058202144927,1.4969086875453954,0.87949619255295,9.169121605896647e-05,8843372.0,10050570.0,398690736.0,85495483.0,255710.0,290746.0,382108576.0,571981647.0
28.8,mcf,stress-ng,5,0.2147591858571365,14967.6,0.0030349014341230916,8376103.0,9520406.0,80974485.0,377047830.0,24522915.84,0.2147591858571365,0.8798052309954009,0.0030349014341230916,1.5167319773409695,0.886106043888297,9.261874137210792e-05,8376103.0,9520406.0,377047830.0,80974485.0,280278.0,316303.0,388960155.0,589948305.0
28.9,mcf,stress-ng,5,0.2144969481736563,14948.800000000001,0.0030301781830345993,8852062.0,10060247.0,85523682.0,398717477.0,24492113.92,0.2144969481736563,0.8799050361288346,0.0030301781830345993,1.5147851228670295,0.8907717320343495,9.115437700302548e-05,8852062.0,10060247.0,398717477.0,85523682.0,283807.0,318608.0,381780899.0,578316026.0
29.2,mcf,stress-ng,5,0.20392604875221226,17439.4,0.002896816093927773,8400859.0,9555950.0,81314497.0,398745023.0,28572712.96,0.20392604875221226,0.8791233733956331,0.002896816093927773,1.2933104243691025,0.12515907355561212,7.202981792424272e-05,8400859.0,9555950.0,398745023.0,81314497.0,3934.0,31432.0,381758566.0,493732333.0
29.3,mcf,stress-ng,5,0.20438847233006283,17444.7,0.002905815771820044,7970952.0,9066596.0,77065107.0,377052121.0,28581396.48,0.20438847233006283,0.8791559698921183,0.002905815771820044,1.2981313355137543,0.1070276028448789,7.32911757738095e-05,7970952.0,9066596.0,377052121.0,77065107.0,3416.0,31917.0,388873554.0,504808946.0
29.4,mcf,stress-ng,5,0.20903989710441975,16573.800000000003,0.0029634669793641385,8615437.0,9797179.0,83358859.0,398770092.0,27154513.92,0.20903989710441975,0.8793793601198876,0.0029634669793641385,1.3759471586547274,0.7794249070505168,8.472477856765231e-05,8615437.0,9797179.0,398770092.0,83358859.0,114252.0,146585.0,381623895.0,525094314.0
29.5,mcf,stress-ng,5,0.21415070681416726,15308.800000000001,0.0030301140201964834,8346503.0,9489014.0,80745984.0,377052148.0,25081937.92,0.21415070681416726,0.8795964470070337,0.0030301140201964834,1.460410013608204,0.8553554072691092,9.689778344132893e-05,8346503.0,9489014.0,377052148.0,80745984.0,222655.0,260307.0,388574420.0,567477974.0
29.6,mcf,stress-ng,5,0.2139036959398942,15277.7,0.0030279035502490444,8813003.0,10020167.0,85279084.0,398679806.0,25030983.68,0.2139036959398942,0.8795265587888904,0.0030279035502490444,1.449717291218168,0.8577223355773578,9.144301905539023e-05,8813003.0,10020167.0,398679806.0,85279084.0,210606.0,245541.0,382041192.0,553851722.0
29.7,mcf,stress-ng,5,0.21433965117489046,15247.1,0.003029464744785589,8355345.0,9497923.0,80839287.0,377155074.0,24980848.64,0.21433965117489046,0.8797023307095667,0.003029464744785589,1.4937245825588483,0.8759873987519146,9.531120752953916e-05,8355345.0,9497923.0,377155074.0,80839287.0,261936.0,299018.0,389062325.0,581151959.0
29.8,mcf,stress-ng,5,0.21460519694773264,14867.8,0.003030068917769688,8848751.0,10056823.0,85561925.0,398694562.0,24359403.52,0.21460519694773264,0.8798753841049007,0.003030068917769688,1.508790070194571,0.8878870591750415,9.436207579843432e-05,8848751.0,10056823.0,398694562.0,85561925.0,285279.0,321301.0,381742344.0,575969058.0
29.9,mcf,stress-ng,5,0.2146689549301615,14952.7,0.003030926092987709,8379268.0,9522366.0,80961279.0,377144795.0,24498503.68,0.2146689549301615,0.8799565150089799,0.003030926092987709,1.511777945778406,0.8835515548281506,9.492260215140854e-05,8379268.0,9522366.0,377144795.0,80961279.0,269925.0,305500.0,374779022.0,566582660.0
30.0,mcf,stress-ng,5,0.20683922752975106,15609.7,0.002935886729549972,8066022.0,9173119.0,77997249.0,377091183.0,25574932.48,0.20683922752975106,0.8793107338954177,0.002935886729549972,1.371022641521367,0.7670119829297499,7.736257092341783e-05,8066022.0,9173119.0,377091183.0,77997249.0,95437.0,124427.0,374729015.0,513761964.0
30.1,mcf,stress-ng,5,0.20401848172248638,17428.800000000003,0.002896295575724705,7960007.0,9052134.0,76930716.0,377077191.0,28555345.92,0.20401848172248638,0.8793514324909464,0.002896295575724705,1.2950148286435395,0.1261733030332971,7.079135432969897e-05,7960007.0,9052134.0,377077191.0,76930716.0,3831.0,30363.0,374791530.0,485360589.0
30.2,mcf,stress-ng,5,0.20385994850667605,17189.3,0.0028985259989218045,7955225.0,9048326.0,76880288.0,377123062.0,28162949.12,0.20385994850667605,0.8791930131606664,0.0028985259989218045,1.2946564842871913,0.11484436824056977,7.165227492890076e-05,7955225.0,9048326.0,377123062.0,76880288.0,3483.0,30328.0,374656632.0,485051638.0
30.3,mcf,stress-ng,5,0.20666508839668282,17667.9,0.0029313054237296533,8064276.0,9169698.0,77935289.0,377109117.0,28947087.36,0.20666508839668282,0.8794483744175653,0.0029313054237296533,1.3251261930409848,0.6028439734526433,7.843104092069489e-05,8064276.0,9169698.0,377109117.0,77935289.0,44599.0,73981.0,374622084.0,496421536.0
30.4,mcf,stress-ng,5,0.21408659824336365,15965.7,0.0030286820628260235,8346328.0,9488472.0,80734035.0,377109243.0,26158202.880000003,0.21408659824336365,0.8796282478359002,0.0030286820628260235,1.46422420379737,0.8509617153486091,9.728948459053527e-05,8346328.0,9488472.0,377109243.0,80734035.0,208158.0,244615.0,374727034.0,548684393.0
30.5,mcf,stress-ng,5,0.21406320565349807,15350.2,0.003028007763244312,8353373.0,9495327.0,80729758.0,377130473.0,25149767.68,0.21406320565349807,0.879735158146739,0.003028007763244312,1.4528695664387703,0.8536301307851223,9.490292878197596e-05,8353373.0,9495327.0,377130473.0,80729758.0,207427.0,242994.0,374772417.0,544495439.0
30.8,mcf,stress-ng,5,0.21502963117935686,14951.199999999999,0.003034821499070336,8390961.0,9535417.0,81089432.0,377108176.0,24496046.08,0.21502963117935686,0.879978400525116,0.003034821499070336,1.5114601009025692,0.8854855854404896,9.486720976256304e-05,8390961.0,9535417.0,377108176.0,81089432.0,274899.0,310450.0,374744868.0,566411916.0
30.9,mcf,stress-ng,5,0.21449838262390022,14947.7,0.0030299462691076753,8370268.0,9513004.0,80897482.0,377147282.0,24490311.68,0.21449838262390022,0.8798764302001765,0.0030299462691076753,1.5158496242497963,0.8869713689469274,9.535140418713098e-05,8370268.0,9513004.0,377147282.0,80897482.0,280518.0,316265.0,374897468.0,568288186.0
31.0,mcf,stress-ng,5,0.21137159153552426,16360.599999999999,0.0029875557643510753,8245946.0,9372631.0,79713726.0,377126015.0,26805207.04,0.21137159153552426,0.8797898903733647,0.0029875557643510753,1.4595800132082788,0.8607662165496418,8.887056372087485e-05,8245946.0,9372631.0,377126015.0,79713726.0,205829.0,239123.0,374634734.0,546809370.0
31.1,mcf,stress-ng,5,0.20392932053728466,17407.5,0.0029007243452634415,7956811.0,9050713.0,76904478.0,377113393.0,28520448.0,0.20392932053728466,0.8791363730128223,0.0029007243452634415,1.2928422393786925,0.12311901504787962,7.086175415509978e-05,7956811.0,9050713.0,377113393.0,76904478.0,3870.0,31433.0,388968638.0,502875085.0
31.2,mcf,stress-ng,5,0.20405031543832158,17431.199999999997,0.0028991543473090194,8419018.0,9574908.0,81354661.0,398699021.0,28559278.08,0.20405031543832158,0.8792792578268115,0.0028991543473090194,1.2955024482271484,0.12053181509397341,7.11758856089085e-05,8419018.0,9574908.0,398699021.0,81354661.0,3726.0,30913.0,381969255.0,494842105.0
31.3,mcf,stress-ng,5,0.20317044046324773,17391.600000000002,0.002889413131484566,7936369.0,9028025.0,76760304.0,377812362.0,28494397.44,0.20317044046324773,0.8790814159243023,0.002889413131484566,1.290098495016138,0.11382556352459017,7.101398638127396e-05,7936369.0,9028025.0,377812362.0,76760304.0,3555.0,31232.0,389740126.0,502803150.0
31.4,mcf,stress-ng,5,0.2126485659901932,15293.699999999999,0.0030122829513037404,8305088.0,9443064.0,80334075.0,377778588.0,25057198.08,0.2126485659901932,0.8794908093390027,0.0030122829513037404,1.4355633318474403,0.8389375782507601,9.410934446116504e-05,8305088.0,9443064.0,377778588.0,80334075.0,187620.0,223640.0,382746264.0,549456502.0
31.5,mcf,stress-ng,5,0.21373981877641376,15325.5,0.0030231809111829736,8337833.0,9477930.0,80605208.0,377118351.0,25109299.2,0.21373981877641376,0.8797103375948123,0.0030231809111829736,1.4581534600584445,0.8556647800615629,9.339015429492636e-05,8337833.0,9477930.0,377118351.0,80605208.0,215435.0,251775.0,389120248.0,567397036.0
31.6,mcf,stress-ng,5,0.21389105158670735,15285.900000000001,0.003022553744572231,8818934.0,10024514.0,85312883.0,398861394.0,25044418.560000002,0.21389105158670735,0.8797368131761799,0.003022553744572231,1.463262591593095,0.8546317588068091,9.529359577914876e-05,8818934.0,10024514.0,398861394.0,85312883.0,214075.0,250488.0,382113821.0,559132860.0
31.7,mcf,stress-ng,5,0.7759686221221636,10530.8,0.001401527906745049,3586332.0,4104718.0,287009105.0,369872050.0,17253662.72,0.7759686221221636,0.8737097164774779,0.001401527906745049,1.5676939638712484,0.8964082726121937,9.405661858233314e-05,3586332.0,4104718.0,369872050.0,287009105.0,316537.0,353117.0,388914683.0,609699201.0
31.8,mcf,stress-ng,5,1.0043456665303496,6918.3,2.0957038690939012e-05,24258.0,32536.0,396715087.0,394998555.0,11334942.72,1.0043456665303496,0.7455741332677649,2.0957038690939012e-05,1.6112858261744287,0.8970341832291632,9.869441523692373e-05,24258.0,32536.0,394998555.0,396715087.0,325505.0,362868.0,378572586.0,609988642.0
31.9,mcf,stress-ng,5,0.3720059397134541,12285.699999999999,0.0023917785174822864,6775539.0,7703378.0,144311698.0,387928478.0,20128890.88,0.3720059397134541,0.8795542682703614,0.0023917785174822864,1.4801395099827255,0.8697507041196431,8.796667906607426e-05,6775539.0,7703378.0,387928478.0,144311698.0,220180.0,253153.0,374835112.0,554808259.0
32.0,mcf,stress-ng,5,0.20332981352030252,17434.2,0.0028901172782989917,8156432.0,9277556.0,78874977.0,387916438.0,28564193.28,0.20332981352030252,0.8791573987804547,0.0028901172782989917,1.2911519994997804,0.14044030968235258,7.067740029832628e-05,8156432.0,9277556.0,387916438.0,78874977.0,4408.0,31387.0,381720322.0,492858957.0
32.1,mcf,stress-ng,5,0.20413808788828014,17410.3,0.002901322062296596,8188182.0,9313615.0,79185880.0,387903506.0,28525035.52,0.20413808788828014,0.8791626022763449,0.002901322062296596,1.2931582454524932,0.11932148626817447,7.06964068123926e-05,8188182.0,9313615.0,387903506.0,79185880.0,3693.0,30950.0,385550005.0,498577168.0
32.4,mcf,stress-ng,5,0.21275878989582617,15341.300000000001,0.0030129149901928737,8531452.0,9699967.0,82515384.0,387835370.0,25135185.92,0.21275878989582617,0.8795341262501203,0.0030129149901928737,1.4280832152637382,0.8386683914377002,9.160840533009084e-05,8531452.0,9699967.0,387835370.0,82515384.0,183478.0,218773.0,385281240.0,550213672.0
32.5,mcf,stress-ng,5,0.21372858859808955,15326.300000000001,0.003024910372818309,8573709.0,9747009.0,82900887.0,387879261.0,25110609.92,0.21372858859808955,0.8796246109960502,0.003024910372818309,1.4600199666760696,0.8536552638320193,9.33571814401607e-05,8573709.0,9747009.0,387879261.0,82900887.0,209942.0,245933.0,385519351.0,562865950.0
32.6,mcf,stress-ng,5,0.21398043405599831,15179.8,0.003028040052055522,8587656.0,9762269.0,83005573.0,387911976.0,24870584.32,0.21398043405599831,0.8796782797114072,0.003028040052055522,1.4597727949559967,0.8575572799705908,9.247482169471456e-05,8587656.0,9762269.0,387911976.0,83005573.0,214614.0,250262.0,385488713.0,562725936.0
32.7,mcf,stress-ng,5,0.21457037711758847,14936.300000000001,0.003027776908156808,8592296.0,9766893.0,83240519.0,387940405.0,24471633.92,0.21457037711758847,0.879736882548012,0.003027776908156808,1.5081258640722364,0.8817690714079669,9.350489679269982e-05,8592296.0,9766893.0,387940405.0,83240519.0,268996.0,305064.0,385733809.0,581735134.0
32.8,mcf,stress-ng,5,0.21441651189432348,14925.900000000001,0.0030283111624801683,8606619.0,9781439.0,83181943.0,387945603.0,24454594.560000002,0.21441651189432348,0.8798929278197206,0.0030283111624801683,1.5130553721306677,0.8845514448551967,9.419386500470855e-05,8606619.0,9781439.0,387945603.0,83181943.0,278279.0,314599.0,385587745.0,583415609.0
32.9,mcf,stress-ng,5,0.21349146131546884,15828.5,0.0030170399621050753,8567506.0,9737803.0,82812432.0,387895757.0,25933414.4,0.21349146131546884,0.8798191953564886,0.0030170399621050753,1.5069501397661837,0.8841383769802781,9.29491205680273e-05,8567506.0,9737803.0,387895757.0,82812432.0,273464.0,309300.0,385544261.0,580995978.0
33.0,mcf,stress-ng,5,0.20388692995944002,17414.1,0.0028977120294429045,8182164.0,9306559.0,79113950.0,388028551.0,28531261.439999998,0.20388692995944002,0.8791825206287308,0.0028977120294429045,1.2950004785464757,0.1389540676930989,6.945308405670466e-05,8182164.0,9306559.0,388028551.0,79113950.0,4323.0,31111.0,385699215.0,499480668.0
33.1,mcf,stress-ng,5,0.20356912519759526,17384.6,0.0028932039963744183,8176660.0,9299943.0,79035470.0,388248807.0,28482928.64,0.20356912519759526,0.8792161414322647,0.0028932039963744183,1.2929818551965382,0.1199315046363607,7.059974615245573e-05,8176660.0,9299943.0,388248807.0,79035470.0,3712.0,30951.0,385822917.0,498862031.0
33.2,mcf,stress-ng,5,0.20312026396612254,17424.0,0.002886234972949297,8160713.0,9282789.0,78966673.0,388768070.0,28547481.6,0.20312026396612254,0.879122966168896,0.002886234972949297,1.2914365259082135,0.11210460532641092,7.166432575704876e-05,8160713.0,9282789.0,388768070.0,78966673.0,3498.0,31203.0,386594023.0,499261642.0
33.3,mcf,stress-ng,5,0.21026930275692815,15771.5,0.0029812258438175108,8450893.0,9609912.0,81746949.0,388772626.0,25840025.6,0.21026930275692815,0.8793933805012991,0.0029812258438175108,1.400991403859063,0.8120737546041406,8.799257408970989e-05,8450893.0,9609912.0,388772626.0,81746949.0,147056.0,181087.0,386748545.0,541831387.0
33.7,mcf,stress-ng,5,0.2139695335970708,15086.5,0.0030228372892063147,8596504.0,9770563.0,83104988.0,388396360.0,24717721.6,0.2139695335970708,0.8798371189050211,0.0030228372892063147,1.5047402155447818,0.8776307326225842,9.511407015564911e-05,8596504.0,9770563.0,388396360.0,83104988.0,263341.0,300059.0,386041728.0,580892513.0
33.8,mcf,stress-ng,5,0.21448465392998486,14925.1,0.0030257537487334823,8597240.0,9771958.0,83271477.0,388239790.0,24453283.84,0.21448465392998486,0.87978683494137,0.0030257537487334823,1.5101631407012832,0.8858399416927782,9.495787763682083e-05,8597240.0,9771958.0,388239790.0,83271477.0,284406.0,321058.0,385981668.0,582895288.0
33.9,mcf,stress-ng,5,0.2149170258593777,14975.1,0.0030330876243438603,8627938.0,9804735.0,83384901.0,387986483.0,24535203.84,0.2149170258593777,0.8799766643361601,0.0030330876243438603,1.5164785539258565,0.8838496372553628,9.609409959023645e-05,8627938.0,9804735.0,387986483.0,83384901.0,282032.0,319095.0,385694857.0,584897979.0
34.0,mcf,stress-ng,5,0.204349052703834,16605.6,0.0029020259804711616,8197405.0,9324067.0,79335028.0,388232913.0,27206615.04,0.204349052703834,0.8791662479473817,0.0029020259804711616,1.3192188776990972,0.5449466062750025,7.135493249835828e-05,8197405.0,9324067.0,388232913.0,79335028.0,32966.0,60494.0,385789728.0,508941092.0
34.1,mcf,stress-ng,5,0.2032914490919742,17413.5,0.0028903182872518558,8167339.0,9290430.0,78992960.0,388570008.0,28530278.4,0.2032914490919742,0.8791131303933187,0.0028903182872518558,1.2925024862385797,0.11816067046939231,7.164117831479186e-05,8167339.0,9290430.0,388570008.0,78992960.0,3708.0,31381.0,386272262.0,499257859.0
34.2,mcf,stress-ng,5,0.20372685711765087,17407.3,0.002893303815506487,8170634.0,9293691.0,79078067.0,388157301.0,28520120.32,0.20372685711765087,0.8791592059602584,0.002893303815506487,1.2942658350319682,0.11651591071777184,7.034980319737771e-05,8170634.0,9293691.0,388157301.0,79078067.0,3581.0,30734.0,385971229.0,499549375.0
34.3,mcf,stress-ng,5,0.20927534777449944,17261.8,0.002968879086609169,8403595.0,9556286.0,81252824.0,388257981.0,28281733.119999997,0.20927534777449944,0.8793787670230883,0.002968879086609169,1.3757267050321558,0.7801396535517658,8.484660361877734e-05,8403595.0,9556286.0,388257981.0,81252824.0,116194.0,148940.0,385943557.0,530952858.0
34.4,mcf,stress-ng,5,0.21341074200868607,15325.0,0.0030191007229859192,8580262.0,9753066.0,82901829.0,388461369.0,25108480.0,0.21341074200868607,0.8797502241859124,0.0030191007229859192,1.4537177580339113,0.8567384325438022,9.286739070583702e-05,8580262.0,9753066.0,388461369.0,82901829.0,214565.0,250444.0,386346593.0,561638903.0
34.5,mcf,stress-ng,5,0.21348816861004608,15268.0,0.003020251218932658,8577916.0,9751061.0,82924419.0,388426298.0,25015091.2,0.21348816861004608,0.8796905280358722,0.003020251218932658,1.4561911149818092,0.8537861561407369,9.296059471898012e-05,8577916.0,9751061.0,388426298.0,82924419.0,209514.0,245394.0,385969992.0,562046073.0
34.6,mcf,stress-ng,5,0.2141444495723455,15259.1,0.003028039359228824,8586173.0,9761772.0,83138946.0,388237688.0,25000509.44,0.2141444495723455,0.8795711475334601,0.003028039359228824,1.4935526160712425,0.876782858643135,9.36467603875422e-05,8586173.0,9761772.0,388237688.0,83138946.0,257142.0,293279.0,385886280.0,576341463.0
34.7,mcf,stress-ng,5,0.21476019091090942,14967.0,0.003029987645049502,8611836.0,9787910.0,83358055.0,388144817.0,24521932.8,0.21476019091090942,0.8798442159766487,0.003029987645049502,1.5086287761359087,0.8887732767723286,9.36507682164922e-05,8611836.0,9787910.0,388144817.0,83358055.0,288710.0,324841.0,385805698.0,582037578.0
34.8,mcf,stress-ng,5,0.21421630581616732,14894.6,0.0030224003493706636,8603692.0,9777513.0,83195993.0,388373764.0,24403312.64,0.21421630581616732,0.879946874015918,0.0030224003493706636,1.5128695756286636,0.889403472516929,9.324692538007619e-05,8603692.0,9777513.0,388373764.0,83195993.0,289218.0,325182.0,385685639.0,583492069.0
35.1,mcf,stress-ng,5,0.20319151453214865,17412.9,0.002886670331967707,8166305.0,9288021.0,78957119.0,388584726.0,28529295.36,0.20319151453214865,0.8792298165561856,0.002886670331967707,1.2954469957601464,0.12829335117397814,7.085948982182493e-05,8166305.0,9288021.0,388584726.0,78957119.0,4027.0,31389.0,386144468.0,500229691.0
35.2,mcf,stress-ng,5,0.2036099806218626,17425.8,0.0028935116124445067,8166418.0,9289519.0,79030121.0,388144632.0,28550430.72,0.2036099806218626,0.8791001988369904,0.0028935116124445067,1.2970468612111046,0.1112173663574639,7.227747982420889e-05,8166418.0,9289519.0,388144632.0,79030121.0,3489.0,31371.0,385763312.0,500353093.0
35.3,mcf,stress-ng,5,0.20789279720707404,16647.9,0.0029484437481144365,8330779.0,9474504.0,80643285.0,387908028.0,27275919.36,0.20789279720707404,0.8792839181871684,0.0029484437481144365,1.3538632097474852,0.7241075559668292,8.047750195591449e-05,8330779.0,9474504.0,387908028.0,80643285.0,81381.0,112388.0,385287804.0,521626983.0
35.4,mcf,stress-ng,5,0.21340589382548927,15306.300000000001,0.0030185526209461993,8565682.0,9738567.0,82920725.0,388558739.0,25077841.92,0.21340589382548927,0.8795628761397852,0.0030185526209461993,1.4542098002163901,0.8550281787268447,9.475469345481161e-05,8565682.0,9738567.0,388558739.0,82920725.0,215739.0,252318.0,386038925.0,561381588.0
35.5,mcf,stress-ng,5,0.2138750544587927,15309.7,0.003023338942394398,8583182.0,9756910.0,83031094.0,388222433.0,25083412.48,0.2138750544587927,0.8797028977411906,0.003023338942394398,1.456450661947994,0.8593013124323564,9.33092640173628e-05,8583182.0,9756910.0,388222433.0,83031094.0,219927.0,255937.0,385920952.0,562074826.0
35.6,mcf,stress-ng,5,0.21329213016285456,15209.5,0.0030156086942402164,8332491.0,9471874.0,80587852.0,377828530.0,24919244.8,0.21329213016285456,0.8797088094710719,0.0030156086942402164,1.476237385940207,0.8705356009875971,9.422825932808638e-05,8332491.0,9471874.0,377828530.0,80587852.0,240112.0,275821.0,378962747.0,559438975.0
35.7,mcf,stress-ng,5,0.21455836909260376,14933.599999999999,0.0030285096976749243,8371282.0,9514747.0,81010137.0,377566894.0,24467210.24,0.21455836909260376,0.8798218176479101,0.0030285096976749243,1.5080713789749898,0.8859178314326388,9.580373468452794e-05,8371282.0,9514747.0,377566894.0,81010137.0,284400.0,321023.0,382271110.0,576492120.0
35.8,mcf,stress-ng,5,0.2146442062891243,14919.9,0.0030316263420945345,8618786.0,9795433.0,83308572.0,388124019.0,24444764.16,0.2146442062891243,0.8798780002885018,0.0030316263420945345,1.5139431491329483,0.8882977080850065,9.54901276900703e-05,8618786.0,9795433.0,388124019.0,83308572.0,287661.0,323834.0,378814029.0,573502904.0
35.9,mcf,stress-ng,5,0.5386690034221148,15454.9,0.0022495165121358077,5817390.0,6637143.0,196297973.0,364412973.0,25321308.16,0.5386690034221148,0.8764900801444235,0.0022495165121358077,1.4194873919501811,0.8219518209081891,7.900812914768027e-05,5817390.0,6637143.0,364412973.0,196297973.0,143341.0,174391.0,392997535.0,557855046.0
36.0,mcf,stress-ng,5,1.0011444871281856,10606.5,2.0362412395571006e-05,15516.0,23419.0,388561273.0,388117078.0,17377689.6,1.0011444871281856,0.6625389640889876,2.0362412395571006e-05,1.3667898873085564,0.14077607735160402,6.957076455890478e-05,15516.0,23419.0,388117078.0,388561273.0,4397.0,31234.0,385751115.0,527240723.0
36.1,mcf,stress-ng,5,0.610670651056624,11509.099999999999,0.0014409646442967094,4014055.0,4573164.0,236946450.0,388010214.0,18856509.439999998,0.610670651056624,0.8777413187018878,0.0014409646442967094,1.3291039387085855,0.12676539360872954,7.196869157128734e-05,4014055.0,4573164.0,388010214.0,236946450.0,4066.0,32075.0,389183121.0,517264819.0
36.2,mcf,stress-ng,5,0.20715092834487442,17448.600000000002,0.002943823985080343,8552297.0,9727145.0,82671673.0,399089078.0,28587786.240000002,0.20715092834487442,0.8792196476972431,0.002943823985080343,1.3510483587645465,0.7095683065788604,8.032738682276504e-05,8552297.0,9727145.0,399089078.0,82671673.0,75100.0,105839.0,382671480.0,517007675.0
36.4,mcf,stress-ng,5,0.21386298066544315,15307.2,0.00302592362567274,8341196.0,9482935.0,80694603.0,377319173.0,25079316.48,0.21386298066544315,0.8796006721547707,0.00302592362567274,1.4516056204357073,0.8566512254091667,9.254533599651534e-05,8341196.0,9482935.0,377319173.0,80694603.0,215070.0,251059.0,388879673.0,564499919.0
36.5,mcf,stress-ng,5,0.2140096496027402,15308.0,0.003029416724507635,8824428.0,10032255.0,85325545.0,398699522.0,25080627.2,0.2140096496027402,0.8796056320338748,0.003029416724507635,1.459703354334084,0.8537441481906347,9.472797447710401e-05,8824428.0,10032255.0,398699522.0,85325545.0,211364.0,247573.0,382241890.0,557959769.0
36.6,mcf,stress-ng,5,0.21427197442313178,15053.699999999999,0.003031683974633509,8359435.0,9502837.0,80812844.0,377150788.0,24663982.08,0.21427197442313178,0.8796778267374259,0.003031683974633509,1.4781000974111824,0.8732994439239519,9.150710014774049e-05,8359435.0,9502837.0,377150788.0,80812844.0,245150.0,280717.0,388680222.0,574508274.0
36.7,mcf,stress-ng,5,0.21433865585615688,14885.599999999999,0.003025815762263507,8850354.0,10058346.0,85570108.0,399228537.0,24388567.04,0.21433865585615688,0.8799015265531729,0.003025815762263507,1.5126966823366252,0.8878096387470983,9.513983277502836e-05,8850354.0,10058346.0,399228537.0,85570108.0,288373.0,324814.0,383025689.0,579401689.0
36.8,mcf,stress-ng,5,0.21407432310708419,14895.1,0.003024299263498119,8348378.0,9489930.0,80804494.0,377460000.0,24404131.84,0.21407432310708419,0.8797091232495919,0.003024299263498119,1.508701333230485,0.8868239277373435,9.41610771570763e-05,8348378.0,9489930.0,377460000.0,80804494.0,287072.0,323708.0,389077962.0,587002440.0
36.9,mcf,stress-ng,5,0.2090106452728867,16758.0,0.002961927945926867,8626736.0,9808609.0,83399746.0,399021523.0,27456307.2,0.2090106452728867,0.8795065640805949,0.002961927945926867,1.3975478621052058,0.8109872408969522,8.163418600035304e-05,8626736.0,9808609.0,399021523.0,83399746.0,133924.0,165137.0,382352070.0,534355318.0
37.0,mcf,stress-ng,5,0.2029565125868393,17394.0,0.002886348199455945,7922480.0,9012395.0,76638483.0,377610366.0,28498329.6,0.2029565125868393,0.8790648878572233,0.002886348199455945,1.2942900664597043,0.12040166704951924,6.882282504216726e-05,7922480.0,9012395.0,377610366.0,76638483.0,3669.0,30473.0,389463815.0,504079147.0
37.1,mcf,stress-ng,5,0.20387390336208266,17412.1,0.0028979564067794276,8403863.0,9559401.0,81293163.0,398742368.0,28527984.64,0.20387390336208266,0.8791202503169393,0.0028979564067794276,1.2984266076944486,0.11030021033845369,7.301745194259246e-05,8403863.0,9559401.0,398742368.0,81293163.0,3461.0,31378.0,382333254.0,496431670.0
37.2,mcf,stress-ng,5,0.2050786667344817,17076.9,0.0029129935531187305,8003656.0,9103590.0,77436834.0,377595755.0,27978792.96,0.2050786667344817,0.8791757976798165,0.0029129935531187305,1.3228746672763685,0.588891576895163,7.428335825031863e-05,8003656.0,9103590.0,377595755.0,77436834.0,41382.0,70271.0,388902719.0,514469555.0
37.3,mcf,stress-ng,5,0.21312646777128338,15124.400000000001,0.003021790875783804,8796969.0,10003712.0,85111407.0,399346960.0,24779816.96,0.21312646777128338,0.8793704776786857,0.003021790875783804,1.4523757223463798,0.8589100373146029,9.393558139165044e-05,8796969.0,10003712.0,399346960.0,85111407.0,219132.0,255128.0,383198778.0,556548602.0
37.4,mcf,stress-ng,5,0.21409667498055218,15298.699999999999,0.0030281475932502004,8342453.0,9485555.0,80819818.0,377492168.0,25065390.08,0.21409667498055218,0.8794902354158507,0.0030281475932502004,1.4549000043196143,0.8610046761858589,9.134088136350337e-05,8342453.0,9485555.0,377492168.0,80819818.0,220214.0,255764.0,389201412.0,566249136.0
37.5,mcf,stress-ng,5,0.2137919023894253,15307.5,0.0030252673848733336,8824216.0,10031519.0,85318609.0,399073155.0,25079808.0,0.2137919023894253,0.8796490342090764,0.0030252673848733336,1.4671408986890457,0.8647833624730029,9.615786898176515e-05,8824216.0,10031519.0,399073155.0,85318609.0,235439.0,272252.0,382839183.0,561679023.0
37.6,mcf,stress-ng,5,0.21452186058669792,14942.4,0.0030333601220979213,8380463.0,9526082.0,81019170.0,377673258.0,24481628.16,0.21452186058669792,0.8797387005486621,0.0030333601220979213,1.5134435517369038,0.8819988954654802,9.712027608526928e-05,8380463.0,9526082.0,377673258.0,81019170.0,282678.0,320497.0,389403753.0,589340599.0
37.8,mcf,stress-ng,5,0.21416251730591807,14888.2,0.003023073866625364,8837684.0,10045548.0,85568268.0,399548292.0,24392826.880000003,0.21416251730591807,0.8797612633974772,0.003023073866625364,1.5055998661646202,0.8874253307661928,9.519526174997186e-05,8837684.0,10045548.0,399548292.0,85568268.0,287611.0,324096.0,383264874.0,577043543.0
37.9,mcf,stress-ng,5,0.21071095213645868,17428.800000000003,0.002982365289055721,8233216.0,9359806.0,79596169.0,377750507.0,28555345.92,0.21071095213645868,0.8796353257749145,0.002982365289055721,1.4335748270723303,0.8512152940703303,8.545956810653227e-05,8233216.0,9359806.0,377750507.0,79596169.0,190479.0,223773.0,389587740.0,558503177.0
38.0,mcf,stress-ng,5,0.2037011496069734,17426.7,0.0028963933177707413,8404629.0,9560131.0,81265581.0,398945127.0,28551905.28,0.2037011496069734,0.8791332461866893,0.0028963933177707413,1.2955199191162958,0.1372599896211728,6.958300552805588e-05,8404629.0,9560131.0,398945127.0,81265581.0,4232.0,30832.0,382277250.0,495247792.0
38.1,mcf,stress-ng,5,0.20351370002916003,17453.1,0.0028930979897240816,7951136.0,9043944.0,76873096.0,377729342.0,28595159.04,0.20351370002916003,0.8791668767520011,0.0028930979897240816,1.2987854535338939,0.1177547873024033,7.046738125126721e-05,7951136.0,9043944.0,377729342.0,76873096.0,3665.0,31124.0,389669653.0,506097277.0
38.2,mcf,stress-ng,5,0.2033457259949245,16524.3,0.0028901383777754815,8396170.0,9549718.0,81161877.0,399132446.0,27073413.12,0.2033457259949245,0.879206066608459,0.0028901383777754815,1.2957686283800611,0.1324962932584624,7.184700080980001e-05,8396170.0,9549718.0,399132446.0,81161877.0,4200.0,31699.0,382743882.0,495947515.0
38.3,mcf,stress-ng,5,0.21426513142931705,15309.8,0.0030348709009812846,8356422.0,9501060.0,80812667.0,377162007.0,25083576.32,0.21426513142931705,0.8795252319214909,0.0030348709009812846,1.4528185122886002,0.8617127962049707,9.472893404801697e-05,8356422.0,9501060.0,377162007.0,80812667.0,229425.0,266243.0,388666888.0,564662450.0
38.4,mcf,stress-ng,5,0.2139682182456981,15329.5,0.0030291083864583245,8819028.0,10026676.0,85305066.0,398681013.0,25115852.8,0.2139682182456981,0.879556495093688,0.0030291083864583245,1.4576351715838072,0.8553928137859271,9.599912399229375e-05,8819028.0,10026676.0,398681013.0,85305066.0,217020.0,253708.0,382170154.0,557064658.0
38.5,mcf,stress-ng,5,0.21379855573245687,15205.5,0.003024578385897535,8329268.0,9470096.0,80641778.0,377185794.0,24912691.2,0.21379855573245687,0.879533639363318,0.003024578385897535,1.46464336201943,0.8615149082909718,9.584655605215928e-05,8329268.0,9470096.0,377185794.0,80641778.0,231844.0,269112.0,388829829.0,569497028.0
38.7,mcf,stress-ng,5,0.21477214712734088,14914.400000000001,0.00303103263619967,8365963.0,9509238.0,81009892.0,377189934.0,24435752.96,0.21477214712734088,0.8797721752258173,0.00303103263619967,1.5159291448031567,0.8860321975216535,0.00010053297541749973,8365963.0,9509238.0,377189934.0,81009892.0,304026.0,343132.0,388986796.0,589676421.0
38.8,mcf,stress-ng,5,0.21223566147103282,14899.6,0.0030028526694133445,8753301.0,9950817.0,84638052.0,398792792.0,24411504.64,0.21223566147103282,0.8796565146359339,0.0030028526694133445,1.4617472240398852,0.8654235868597965,9.419839657333382e-05,8753301.0,9950817.0,398792792.0,84638052.0,231461.0,267454.0,382097799.0,558530397.0
38.9,mcf,stress-ng,5,0.203643083471299,15575.2,0.0028947482908929694,7945557.0,9037507.0,76817755.0,377217599.0,25518407.68,0.203643083471299,0.8791757505692666,0.0028947482908929694,1.2958477146456477,0.12345679012345678,6.989324017682227e-05,7945557.0,9037507.0,377217599.0,76817755.0,3830.0,31023.0,389064807.0,504168741.0
39.1,mcf,stress-ng,5,0.20356232713505673,17405.7,0.0028932046666142706,8382937.0,9536829.0,81186424.0,398828335.0,28517498.880000003,0.20356232713505673,0.8790067432267057,0.0028932046666142706,1.2953854010489043,0.11473014223550042,7.13852602109e-05,8382937.0,9536829.0,398828335.0,81186424.0,3533.0,30794.0,381885559.0,494688978.0
39.2,mcf,stress-ng,5,0.20377446251595166,17429.5,0.002897176800368447,7949867.0,9042381.0,76842550.0,377096075.0,28556492.799999997,0.20377446251595166,0.8791785039803123,0.002897176800368447,1.2977528644400251,0.1137147235346699,7.137794951565309e-05,7949867.0,9042381.0,377096075.0,76842550.0,3562.0,31324.0,388943647.0,504752732.0
39.3,mcf,stress-ng,5,0.21151569482930338,15891.900000000001,0.002999716968086711,8715553.0,9911701.0,84342649.0,398753620.0,26037288.96,0.21151569482930338,0.8793196041728861,0.002999716968086711,1.4308189882193352,0.8339798359535202,0.00010163702058723992,8715553.0,9911701.0,398753620.0,84342649.0,195218.0,234080.0,382360677.0,547088917.0
39.4,mcf,stress-ng,5,0.2138034530882749,15325.3,0.00302971550470868,8340054.0,9482834.0,80644638.0,377190531.0,25108971.52,0.2138034530882749,0.8794896124934803,0.00302971550470868,1.4544233301972527,0.8470150391995364,0.00010711997819366183,8340054.0,9482834.0,377190531.0,80644638.0,222128.0,262248.0,374533310.0,544729984.0
39.5,mcf,stress-ng,5,0.21419692831731485,15214.7,0.003029178263844999,8805546.0,10012915.0,85374550.0,398579712.0,24927764.48,0.21419692831731485,0.8794188305803056,0.003029178263844999,1.4584393064242602,0.8475681269403242,0.00010615247618260035,8805546.0,10012915.0,398579712.0,85374550.0,221139.0,260910.0,374659183.0,546417679.0
39.6,mcf,stress-ng,5,0.21428595344260004,15192.6,0.003028304467378101,8353151.0,9495482.0,80832522.0,377218015.0,24891555.84,0.21428595344260004,0.879697418203731,0.003028304467378101,1.500240033181888,0.8764237886986386,0.000106876702447613,8353151.0,9495482.0,377218015.0,80832522.0,283772.0,323784.0,374375323.0,561652847.0
39.7,mcf,stress-ng,5,0.21501331212092892,14942.0,0.003038192950575851,8381873.0,9527637.0,81085868.0,377120222.0,24480972.8,0.21501331212092892,0.8797431094404625,0.003038192950575851,1.5178534180414054,0.8787865244867131,0.00010853535759436363,8381873.0,9527637.0,377120222.0,81085868.0,294948.0,335631.0,374836375.0,568946673.0
39.8,mcf,stress-ng,5,0.2141736474882992,14903.199999999999,0.003024646070815697,8354486.0,9495511.0,80795399.0,377242485.0,24417402.88,0.2141736474882992,0.8798353242916575,0.003024646070815697,1.5043088562127083,0.8754918916594221,0.00010810394728903696,8354486.0,9495511.0,377242485.0,80795399.0,284998.0,325529.0,374926180.0,564004773.0
39.9,mcf,stress-ng,5,0.20417855101801333,16380.0,0.00290270791706602,7961160.0,9055954.0,77008593.0,377162991.0,26836992.0,0.20417855101801333,0.8791078223233024,0.00290270791706602,1.3174329163189864,0.5415255861496199,7.378146420192162e-05,7961160.0,9055954.0,377162991.0,77008593.0,33906.0,62612.0,389067909.0,512570870.0
40.0,mcf,stress-ng,5,0.2038516410172208,17452.8,0.0029013276326129685,7951781.0,9046337.0,76905150.0,377260392.0,28594667.52,0.2038516410172208,0.8790056129900975,0.0029013276326129685,1.2966512175558693,0.12249400479616307,7.184873908329632e-05,7951781.0,9046337.0,377260392.0,76905150.0,3831.0,31275.0,381969125.0,495280731.0
40.1,mcf,stress-ng,5,0.2031911699246057,17365.7,0.002890046804209524,7920783.0,9010676.0,76627352.0,377119498.0,28451962.880000003,0.2031911699246057,0.8790442581666459,0.002890046804209524,1.2937966806675918,0.11137791520015788,7.205692972760155e-05,7920783.0,9010676.0,377119498.0,76627352.0,3386.0,30401.0,374911894.0,485059764.0
40.2,mcf,stress-ng,5,1.027017690887468,14031.2,0.00037680399923081624,840671.0,985966.0,396016326.0,385598349.0,22988718.080000002,1.027017690887468,0.8526369063436264,0.00037680399923081624,1.4456523599903714,0.8099052429242225,8.832740010399706e-05,840671.0,985966.0,385598349.0,396016326.0,143678.0,177401.0,381795456.0,551943502.0
40.3,mcf,stress-ng,5,0.9199275298189212,7342.799999999999,0.00032933518561836187,909115.0,1033315.0,346926184.0,377123385.0,12030443.52,0.9199275298189212,0.8798043191088875,0.00032933518561836187,1.5191023051051882,0.8695052463915663,0.00010407005314487144,909115.0,1033315.0,377123385.0,346926184.0,264760.0,304495.0,381810125.0,580008641.0
40.4,mcf,stress-ng,5,0.21342797150291912,11765.9,0.0030319980646410223,8314505.0,9458185.0,80505758.0,377203407.0,19277250.56,0.21342797150291912,0.879080394388564,0.0030319980646410223,1.4521780132722863,0.8527004909983633,0.00010326530608854323,8314505.0,9458185.0,377203407.0,80505758.0,230282.0,270062.0,385221344.0,559409966.0
40.5,mcf,stress-ng,5,0.21348406719427088,15228.400000000001,0.0030195587281854155,8329715.0,9468215.0,80492427.0,377041847.0,24950210.560000002,0.21348406719427088,0.8797555822295966,0.0030195587281854155,1.5021091362300898,0.8737953321824465,0.00010410986176517451,8329715.0,9468215.0,377041847.0,80492427.0,272819.0,312223.0,378484798.0,568525473.0
40.6,mcf,stress-ng,5,0.21394370980469193,14947.6,0.003019400172182219,8345108.0,9483820.0,80684989.0,377131859.0,24490147.84,0.21394370980469193,0.8799310826228249,0.003019400172182219,1.5108834288115411,0.8827819489449142,9.897024158163794e-05,8345108.0,9483820.0,377131859.0,80684989.0,279246.0,316325.0,374647969.0,566049408.0
40.8,mcf,stress-ng,5,0.2141077452374221,15003.599999999999,0.0030215989317206203,8591992.0,9764016.0,83048552.0,387882054.0,24581898.24,0.2141077452374221,0.8799649652356162,0.0030215989317206203,1.5188828228315578,0.8839047624885826,0.00010099775338461,8591992.0,9764016.0,387882054.0,83048552.0,288381.0,326258.0,375028144.0,569623806.0
40.9,mcf,stress-ng,5,0.20581127380677594,17374.4,0.0029169471829280616,8252383.0,9383852.0,79833148.0,387894922.0,28466216.96,0.20581127380677594,0.8794238229673699,0.0029169471829280616,1.3488552190946803,0.7162686507460299,7.574392888062615e-05,8252383.0,9383852.0,387894922.0,79833148.0,71624.0,99996.0,374577876.0,505251323.0
41.0,mcf,stress-ng,5,0.20314758937060087,17411.300000000003,0.002886172872145042,8145916.0,9265517.0,78804789.0,387918898.0,28526673.92,0.20314758937060087,0.8791647568074183,0.002886172872145042,1.2937708699955794,0.11975504649580404,7.116299737465724e-05,8145916.0,9265517.0,387918898.0,78804789.0,3696.0,30863.0,381757388.0,493906588.0
41.1,mcf,stress-ng,5,0.20314529865324155,17367.6,0.002886161233115899,8148374.0,9267731.0,78787044.0,387835921.0,28455075.84,0.20314529865324155,0.879219951463848,0.002886161233115899,1.295278501493434,0.11708789620732843,7.129694080705626e-05,8148374.0,9267731.0,387835921.0,78787044.0,3646.0,31139.0,385612618.0,499475734.0
41.2,mcf,stress-ng,5,0.207068268126209,16361.6,0.0029390650719589477,8311329.0,9451233.0,80310555.0,387845785.0,26806845.44,0.207068268126209,0.8793909747013962,0.0029390650719589477,1.349840097959984,0.7190787420367548,7.943951601718225e-05,8311329.0,9451233.0,387845785.0,80310555.0,78335.0,108938.0,385236486.0,520007656.0
41.3,mcf,stress-ng,5,0.2129985489987451,15258.5,0.0030143397872110594,8547737.0,9717063.0,82626631.0,387921098.0,24999526.4,0.2129985489987451,0.8796626099882238,0.0030143397872110594,1.4572646235694477,0.8585047763235758,9.553810209890226e-05,8547737.0,9717063.0,387921098.0,82626631.0,223419.0,260242.0,385427376.0,561669680.0
41.4,mcf,stress-ng,5,0.21325696905054048,15268.600000000002,0.003013727225660144,8532224.0,9701262.0,82723313.0,387904383.0,25016074.240000002,0.21325696905054048,0.8794962964612233,0.003013727225660144,1.4574753006042134,0.8574727287204396,9.28320601234772e-05,8532224.0,9701262.0,387904383.0,82723313.0,215380.0,251180.0,385642632.0,562064611.0
41.5,mcf,stress-ng,5,0.21342465015080225,15137.4,0.0030115366721872256,8553009.0,9721325.0,82797409.0,387946795.0,24801116.16,0.21342465015080225,0.8798192633205865,0.0030115366721872256,1.4829112949759846,0.8706015732161353,9.595498068390948e-05,8553009.0,9721325.0,387946795.0,82797409.0,248804.0,285784.0,385389062.0,571497793.0
41.6,mcf,stress-ng,5,0.21354653800002033,14937.0,0.0030162612367844745,8568784.0,9738881.0,82841022.0,387929595.0,24472780.8,0.21354653800002033,0.8798530344502618,0.0030162612367844745,1.5178816410077853,0.8841087379356753,9.786693823626249e-05,8568784.0,9738881.0,387929595.0,82841022.0,287727.0,325443.0,385380402.0,584961837.0
41.7,mcf,stress-ng,5,0.2141602266767999,14892.3,0.003020637822202732,8589071.0,9760546.0,83056416.0,387823721.0,24399544.32,0.2141602266767999,0.8799785380858817,0.003020637822202732,1.5175541313862178,0.8841191677951495,9.766580439475475e-05,8589071.0,9760546.0,387823721.0,83056416.0,287268.0,324920.0,385518762.0,585045590.0
41.8,mcf,stress-ng,5,0.2071167866936123,15763.900000000001,0.0029338318022358277,8313388.0,9451526.0,80347989.0,387935668.0,25827573.76,0.2071167866936123,0.8795815617499227,0.0029338318022358277,1.3913935188683566,0.8079464473180431,8.070027725267891e-05,8313388.0,9451526.0,387935668.0,80347989.0,130834.0,161934.0,385376619.0,536210530.0
41.9,mcf,stress-ng,5,0.20279280380949238,17356.100000000002,0.002879514781897319,8133101.0,9250218.0,78674119.0,387953209.0,28436234.240000002,0.20279280380949238,0.8792334407686392,0.002879514781897319,1.2962589372364757,0.12680300019232002,7.065081852430332e-05,8133101.0,9250218.0,387953209.0,78674119.0,3956.0,31198.0,385586474.0,499819913.0
42.0,mcf,stress-ng,5,0.20308773166865232,17437.7,0.0028829699144533377,8151809.0,9270140.0,78779631.0,387909355.0,28569927.68,0.20308773166865232,0.8793620161076316,0.0028829699144533377,1.2965358510191118,0.11357719343920854,7.066789179818506e-05,8151809.0,9270140.0,387909355.0,78779631.0,3490.0,30728.0,385436714.0,499732518.0
42.2,mcf,stress-ng,5,0.20513877297329453,15698.899999999998,0.00291231921645978,8230562.0,9360389.0,79583077.0,387947514.0,25721077.759999998,0.20513877297329453,0.8792970035753856,0.00291231921645978,1.326732665795343,0.6198281492105364,7.699193525557086e-05,8230562.0,9360389.0,387947514.0,79583077.0,48403.0,78091.0,385598828.0,511586561.0
42.3,mcf,stress-ng,5,0.21288593300356884,15274.400000000001,0.00301192414945213,8540435.0,9708640.0,82569945.0,387860033.0,25025576.96,0.21288593300356884,0.8796736721106149,0.00301192414945213,1.4567467149310842,0.8548169222861105,9.44901204179916e-05,8540435.0,9708640.0,387860033.0,82569945.0,214524.0,250959.0,385595868.0,561715514.0
42.4,mcf,stress-ng,5,0.2131274299083634,15300.2,0.003014320408027402,8552178.0,9721352.0,82666411.0,387873166.0,25067847.68,0.2131274299083634,0.879731337781,0.003014320408027402,1.4591410326021625,0.8548973102896642,9.4617634977682e-05,8552178.0,9721352.0,387873166.0,82666411.0,214828.0,251291.0,385372135.0,562312295.0
42.5,mcf,stress-ng,5,0.2131475695241584,15020.9,0.0030126161820365036,8551288.0,9719782.0,82672880.0,387866867.0,24610242.56,0.2131475695241584,0.8797818716510308,0.0030126161820365036,1.4753401657599228,0.8667116554675828,9.581724854400717e-05,8551288.0,9719782.0,387866867.0,82672880.0,240171.0,277106.0,385473394.0,568704381.0
42.6,mcf,stress-ng,5,0.2138172646654774,14933.4,0.0030190322424993965,8582178.0,9753079.0,82926855.0,387839846.0,24466882.56,0.2138172646654774,0.8799455023382872,0.0030190322424993965,1.5156739014206457,0.8854302313169973,9.746007849126736e-05,8582178.0,9753079.0,387839846.0,82926855.0,290337.0,327905.0,385470652.0,584247807.0
42.7,mcf,stress-ng,5,0.2137117040890448,14867.6,0.003013129401927605,8560135.0,9728784.0,82888564.0,387852244.0,24359075.84,0.2137117040890448,0.8798771768393666,0.003013129401927605,1.5163250784857123,0.8829252991640658,9.684705692941107e-05,8560135.0,9728784.0,387852244.0,82888564.0,281481.0,318805.0,385391164.0,584378287.0
42.8,mcf,stress-ng,5,0.20844285402424606,16535.2,0.0029504646878181903,8356902.0,9501365.0,80853411.0,387892458.0,27091271.68,0.20844285402424606,0.8795475176461487,0.0029504646878181903,1.4227819604296899,0.8383052672802036,8.567473594668212e-05,8356902.0,9501365.0,387892458.0,80853411.0,171249.0,204280.0,385539560.0,548538731.0
42.9,mcf,stress-ng,5,0.20265905283103094,17361.300000000003,0.0028783300889594684,8129359.0,9246028.0,78623047.0,387957241.0,28444753.92,0.20265905283103094,0.8792271665195044,0.0028783300889594684,1.2951803738160377,0.1242673670050924,7.09140303968039e-05,8129359.0,9246028.0,387957241.0,78623047.0,3880.0,31223.0,385579551.0,499395067.0
43.0,mcf,stress-ng,5,0.20270410930341518,17363.899999999998,0.002879956704648897,8127428.0,9244455.0,78621308.0,387862428.0,28449013.759999998,0.20270410930341518,0.8791678903732021,0.002879956704648897,1.2928041644366257,0.11977968572817106,7.048475009972757e-05,8127428.0,9244455.0,387862428.0,78621308.0,3697.0,30865.0,385445078.0,498305002.0
43.1,mcf,stress-ng,5,0.2035149645471521,17167.1,0.0028902495893695264,8173093.0,9294743.0,78980224.0,388080671.0,28126576.64,0.2035149645471521,0.8793242588848341,0.0028902495893695264,1.301500598006708,0.32538306546085,7.466542859419813e-05,8173093.0,9294743.0,388080671.0,78980224.0,13888.0,42682.0,385640323.0,501911111.0
43.2,mcf,stress-ng,5,0.21334117336078437,15241.0,0.0030183971630109757,8555221.0,9726047.0,82754316.0,387896601.0,24970854.4,0.21334117336078437,0.8796195412175162,0.0030183971630109757,1.4574093717746162,0.8552560426692395,9.650472672401234e-05,8555221.0,9726047.0,387896601.0,82754316.0,219841.0,257047.0,385535520.0,561883080.0
43.3,mcf,stress-ng,5,0.2130213967474294,15260.0,0.0030148162550723535,8552039.0,9721746.0,82649355.0,387986166.0,25001984.0,0.2130213967474294,0.8796813864505408,0.0030148162550723535,1.4550470094570451,0.8545767943398873,9.41139931420894e-05,8552039.0,9721746.0,387986166.0,82649355.0,213187.0,249465.0,385468715.0,560875101.0
43.6,mcf,stress-ng,5,0.21372090603524624,14897.6,0.0030178764996297994,8580415.0,9751212.0,82913862.0,387953914.0,24408227.84,0.21372090603524624,0.8799331816393695,0.0030178764996297994,1.5147738107177535,0.8833022292469499,9.92664329206003e-05,8580415.0,9751212.0,387953914.0,82913862.0,284456.0,322037.0,378587191.0,573473962.0
43.8,mcf,stress-ng,5,0.21011630008198173,14837.0,0.002968708409372729,8426383.0,9578857.0,81568662.0,388207207.0,24308940.8,0.21011630008198173,0.8796856451662239,0.002968708409372729,1.4545327195668711,0.8603389553973855,8.870256192687495e-05,8426383.0,9578857.0,388207207.0,81568662.0,210925.0,245165.0,386009144.0,561462930.0
43.9,mcf,stress-ng,5,0.2027617696886143,17318.699999999997,0.002881423836112578,8140852.0,9258955.0,78679346.0,388038367.0,28374958.08,0.2027617696886143,0.8792409078562321,0.002881423836112578,1.2946272828920624,0.1668082161618068,6.869481343110577e-05,8140852.0,9258955.0,388038367.0,78679346.0,5303.0,31791.0,385589518.0,499194710.0
44.0,mcf,stress-ng,5,0.20272110959137052,17383.5,0.00287742657610886,8135082.0,9251104.0,78626235.0,387854206.0,28481126.4,0.20272110959137052,0.8793633711176525,0.00287742657610886,1.2978179901909745,0.12207163601161665,7.058553242948344e-05,8135082.0,9251104.0,387854206.0,78626235.0,3783.0,30990.0,385447259.0,500240387.0
44.1,mcf,stress-ng,5,0.2022191525305062,17408.2,0.0028709806098875137,8114822.0,9229369.0,78503752.0,388211260.0,28521594.88,0.2022191525305062,0.8792390899096135,0.0028709806098875137,1.2944538825134428,0.1266653731729401,6.996952588406245e-05,8114822.0,9229369.0,388211260.0,78503752.0,3917.0,30924.0,385982321.0,499636314.0
44.2,mcf,stress-ng,5,0.21192863577200446,16528.5,0.0030012915815584187,8511093.0,9676392.0,82284650.0,388265841.0,27080294.4,0.21192863577200446,0.8795729854681373,0.0030012915815584187,1.4399462391660356,0.8480944781359719,9.254304219827386e-05,8511093.0,9676392.0,388265841.0,82284650.0,199281.0,234975.0,385701606.0,555389577.0
44.3,mcf,stress-ng,5,0.2126531154067269,15240.1,0.0030076656249489104,8532596.0,9700077.0,82545237.0,388168482.0,24969379.84,0.2126531154067269,0.8796420894390838,0.0030076656249489104,1.4542512605856284,0.853792596557523,9.48733199731177e-05,8532596.0,9700077.0,388168482.0,82545237.0,213741.0,250343.0,385798663.0,561048192.0
44.4,mcf,stress-ng,5,0.6611481827815477,15272.3,0.0017795332952670053,4748094.0,5422085.0,250407186.0,378745934.0,25022136.32,0.6611481827815477,0.8756952353199923,0.0017795332952670053,1.4906136060075472,0.8675802541185286,9.52673041863019e-05,4748094.0,5422085.0,378745934.0,250407186.0,240829.0,277587.0,385840665.0,575139345.0
44.5,mcf,stress-ng,5,1.003898090340159,8970.1,2.032565094159763e-05,18598.0,26486.0,389593827.0,388081052.0,14696611.84,1.003898090340159,0.7021822849807445,2.032565094159763e-05,1.5997116332342873,0.8998017501217895,9.975699748379298e-05,18598.0,26486.0,388081052.0,389593827.0,345397.0,383859.0,385556913.0,616779879.0
44.6,mcf,stress-ng,5,0.4811546118093254,6750.2,0.001995356079763817,5669496.0,6444590.0,186904010.0,388448963.0,11059527.68,0.4811546118093254,0.879729509557629,0.001995356079763817,1.5393730348652808,0.8887390086454992,9.771196016089429e-05,5669496.0,6444590.0,388448963.0,186904010.0,301095.0,338789.0,385766491.0,593838534.0
44.7,mcf,stress-ng,5,0.21090259317667373,13975.5,0.0029825738813381024,8457681.0,9615422.0,81865727.0,388168423.0,22897459.2,0.21090259317667373,0.8795954041330687,0.0029825738813381024,1.4535091300304865,0.8602487250603919,8.908052417444114e-05,8457681.0,9615422.0,388168423.0,81865727.0,211530.0,245894.0,385763334.0,560710528.0
44.9,mcf,stress-ng,5,0.2025413876619706,17383.699999999997,0.002878602923157183,8129074.0,9246886.0,78650373.0,388317538.0,28481454.08,0.2025413876619706,0.8791147636079865,0.002878602923157183,1.2940215094358476,0.14204599524187153,7.005074720412839e-05,8129074.0,9246886.0,388317538.0,78650373.0,4478.0,31525.0,386105803.0,499629214.0
45.0,mcf,stress-ng,5,0.20195569216831075,17380.5,0.0028698664292176866,8125969.0,9242796.0,78592358.0,389156439.0,28476211.2,0.20195569216831075,0.8791678405538756,0.0028698664292176866,1.2941793935612385,0.1279961183891315,6.970717406800864e-05,8125969.0,9242796.0,389156439.0,78592358.0,3957.0,30915.0,386732074.0,500500681.0
45.1,mcf,stress-ng,5,0.20189834773014934,17358.800000000003,0.0028682156894417267,8122933.0,9239514.0,78597945.0,389294642.0,28440657.92,0.20189834773014934,0.8791515441180131,0.0028682156894417267,1.292653932644234,0.12511740890688258,6.981692385599625e-05,8122933.0,9239514.0,389294642.0,78597945.0,3863.0,30875.0,386897596.0,500124699.0
45.2,mcf,stress-ng,5,0.21096163065085097,15621.100000000002,0.0029884844088696742,8480321.0,9642277.0,82024230.0,388811130.0,25593610.240000002,0.21096163065085097,0.879493609237735,0.0029884844088696742,1.4419131274706238,0.8445373749367044,9.208250003527363e-05,8480321.0,9642277.0,388811130.0,82024230.0,193470.0,229084.0,386761871.0,557677019.0
45.3,mcf,stress-ng,5,0.2123338530506341,15240.0,0.003007129821617545,8537984.0,9707117.0,82552643.0,388787006.0,24969216.0,0.2123338530506341,0.8795591935278003,0.003007129821617545,1.4533053335298265,0.8548791849194236,9.475381006620772e-05,8537984.0,9707117.0,388787006.0,82552643.0,215639.0,252245.0,386327473.0,561451777.0
45.4,mcf,stress-ng,5,0.21212059099683142,15278.199999999999,0.003000992597742712,8530085.0,9697270.0,82500694.0,388932982.0,25031802.88,0.21212059099683142,0.8796377743426759,0.003000992597742712,1.456562682481947,0.8559710961866098,9.424355449524e-05,8530085.0,9697270.0,388932982.0,82500694.0,216541.0,252977.0,386615299.0,563129417.0
45.5,mcf,stress-ng,5,0.21271964280921168,15092.7,0.0030039819339697073,8555909.0,9725317.0,82808771.0,389285963.0,24727879.68,0.21271964280921168,0.8797563102570333,0.0030039819339697073,1.5055116594054423,0.8873984131960354,9.653079726525672e-05,8555909.0,9725317.0,389285963.0,82808771.0,294382.0,331736.0,386964586.0,582579696.0
45.6,mcf,stress-ng,5,0.21321396440961013,14821.900000000001,0.0030099201840715416,8336129.0,9473625.0,80576898.0,377915669.0,24284200.96,0.21321396440961013,0.8799302273416987,0.0030099201840715416,1.5138557167423123,0.8843776081579386,9.864930619101654e-05,8336129.0,9473625.0,377915669.0,80576898.0,291398.0,329495.0,386186193.0,584630176.0
45.7,mcf,stress-ng,5,0.21217370234540114,14838.600000000002,0.002997600598159006,8273247.0,9404355.0,80061157.0,377337795.0,24311562.240000002,0.21217370234540114,0.879725084814429,0.002997600598159006,1.4887645635930742,0.8788387739681052,9.512788516555701e-05,8273247.0,9404355.0,377337795.0,80061157.0,266340.0,303059.0,385996177.0,574657430.0
45.8,mcf,stress-ng,5,0.20196517049670892,16622.8,0.002869123620035252,7877122.0,8959230.0,76172433.0,377156283.0,27234795.52,0.20196517049670892,0.8792186382088639,0.002869123620035252,1.291325605416841,0.17258538093030443,7.073150898600213e-05,7877122.0,8959230.0,377156283.0,76172433.0,5584.0,32355.0,378487613.0,488750746.0
45.9,mcf,stress-ng,5,0.2026605846585918,17303.1,0.0028808774072060033,8135314.0,9253194.0,78639311.0,388034561.0,28349399.04,0.2026605846585918,0.8791898235355273,0.0028808774072060033,1.2986139085647044,0.11848723239618261,7.289171822351848e-05,8135314.0,9253194.0,388034561.0,78639311.0,3675.0,31016.0,375090623.0,487097900.0
46.0,mcf,stress-ng,5,0.2032186804681753,17416.5,0.0028884274870347266,7924707.0,9013961.0,76635734.0,377109692.0,28535193.6,0.2032186804681753,0.8791592286676191,0.0028884274870347266,1.298431677261153,0.11562728299129973,6.983635102485579e-05,7924707.0,9013961.0,377109692.0,76635734.0,3482.0,30114.0,381348676.0,495155201.0
46.1,mcf,stress-ng,5,0.20948367740165694,17123.0,0.002970290082574553,8408405.0,9560691.0,81266510.0,387937194.0,28054323.2,0.20948367740165694,0.8794767030960419,0.002970290082574553,1.4017389249181267,0.8096858381218571,8.684595372308995e-05,8408405.0,9560691.0,387937194.0,81266510.0,139921.0,172809.0,378693521.0,530829449.0
46.2,mcf,stress-ng,5,0.2136127247358379,15261.800000000001,0.0030217374942199922,8330546.0,9470133.0,80559706.0,377129715.0,25004933.12,0.2136127247358379,0.8796651535939358,0.0030217374942199922,1.4516559348661866,0.8581052563228466,9.159398627271153e-05,8330546.0,9470133.0,377129715.0,80559706.0,211444.0,246408.0,381728118.0,554137888.0
46.4,mcf,stress-ng,5,0.21341090130492743,15297.3,0.003020801285322387,8566048.0,9737447.0,82755962.0,387777576.0,25063096.32,0.21341090130492743,0.8797016302116972,0.003020801285322387,1.4664315525241516,0.8565921018498194,9.495544074631591e-05,8566048.0,9737447.0,387777576.0,82755962.0,214632.0,250565.0,378419601.0,554926443.0
46.5,mcf,stress-ng,5,0.21380333412493807,14965.5,0.0030214805064997874,8579181.0,9751200.0,82933373.0,387895602.0,24519475.2,0.21380333412493807,0.8798077159734187,0.0030214805064997874,1.505018742119664,0.8792481217957853,9.546154759634769e-05,8579181.0,9751200.0,387895602.0,82933373.0,265314.0,301751.0,381692953.0,574455048.0
46.6,mcf,stress-ng,5,0.2139112571141338,14911.099999999999,0.0030216742490022856,8584398.0,9756661.0,82987189.0,387951481.0,24430346.24,0.2139112571141338,0.8798499814639456,0.0030216742490022856,1.506900070664293,0.8845157310302283,9.648943858546352e-05,8584398.0,9756661.0,387951481.0,82987189.0,279591.0,316095.0,378321198.0,570092240.0
46.7,mcf,stress-ng,5,0.21420738387204177,15018.699999999999,0.0030254081265210587,8341586.0,9482532.0,80782178.0,377121351.0,24606638.08,0.21420738387204177,0.8796791827330506,0.0030254081265210587,1.517243405150091,0.8846267106833434,9.748777998404631e-05,8341586.0,9482532.0,377121351.0,80782178.0,285385.0,322605.0,381791441.0,579270546.0
46.8,mcf,stress-ng,5,0.20555216341950897,17396.199999999997,0.00291427927446028,8012457.0,9111845.0,77542871.0,377241814.0,28501934.08,0.20555216341950897,0.879345182013083,0.00291427927446028,1.3443926053239525,0.6769736696903484,7.591133716604157e-05,8012457.0,9111845.0,377241814.0,77542871.0,61346.0,90618.0,385607751.0,518408209.0
46.9,mcf,stress-ng,5,0.20348695028635083,17420.3,0.002894399111525472,7940284.0,9031536.0,76719047.0,377021951.0,28541419.52,0.20348695028635083,0.8791731550425088,0.002894399111525472,1.298971913010928,0.12717131474103585,7.108724990766964e-05,7940284.0,9031536.0,377021951.0,76719047.0,3990.0,31375.0,385230826.0,500404023.0
47.0,mcf,stress-ng,5,0.20301964159319386,17413.0,0.002883569105067423,7919683.0,9007180.0,76565965.0,377135751.0,28529459.2,0.20301964159319386,0.8792633210394374,0.002883569105067423,1.2958463026440468,0.11861261318913384,7.144266788925804e-05,7919683.0,9007180.0,377135751.0,76565965.0,3707.0,31253.0,385567908.0,499636748.0
47.1,mcf,stress-ng,5,0.2069058036998706,16420.1,0.0029376613613767604,8304321.0,9443934.0,80265393.0,387932052.0,26902691.84,0.2069058036998706,0.8793285721818894,0.0029376613613767604,1.3693929340603488,0.7527863643156595,8.149410371879816e-05,8304321.0,9443934.0,387932052.0,80265393.0,95707.0,127137.0,385672074.0,528136613.0
47.2,mcf,stress-ng,5,0.2134419262553077,15255.0,0.0030228866745129076,8555843.0,9728435.0,82795130.0,387904717.0,24993792.0,0.2134419262553077,0.8794675608152801,0.0030228866745129076,1.4569316736103697,0.858423470143725,9.421331487673676e-05,8555843.0,9728435.0,387904717.0,82795130.0,220153.0,256462.0,385391386.0,561488917.0
47.3,mcf,stress-ng,5,0.21332602116194516,15289.1,0.003017040234333908,8555996.0,9726293.0,82748251.0,387895722.0,25049661.44,0.21332602116194516,0.8796769745678029,0.003017040234333908,1.463166112022627,0.8550819386331938,9.486056507137929e-05,8555996.0,9726293.0,387895722.0,82748251.0,215809.0,252384.0,385565909.0,564146972.0
47.4,mcf,stress-ng,5,0.2139503766226401,15148.899999999998,0.003024489900701573,8586947.0,9760132.0,82990316.0,387895162.0,24819957.759999998,0.2139503766226401,0.8797982445319387,0.003024489900701573,1.4835749860847895,0.8719175612812444,9.491183370998527e-05,8586947.0,9760132.0,387895162.0,82990316.0,249099.0,285691.0,385536751.0,571972680.0
47.5,mcf,stress-ng,5,0.21419806222678978,14926.0,0.0030260367846200813,8587745.0,9761544.0,83087381.0,387899779.0,24454758.4,0.21419806222678978,0.8797527317399788,0.0030260367846200813,1.5090252945864562,0.883883020320006,9.708159488554084e-05,8587745.0,9761544.0,387899779.0,83087381.0,284826.0,322244.0,385428361.0,581621146.0
47.6,mcf,stress-ng,5,0.21430697490597714,14935.4,0.003024004098421177,8594378.0,9767329.0,83125410.0,387880096.0,24470159.36,0.21430697490597714,0.8799107719213718,0.003024004098421177,1.5123297894715346,0.8864801703758662,9.801196454500172e-05,8594378.0,9767329.0,387880096.0,83125410.0,295119.0,332911.0,385585578.0,583132556.0
47.9,mcf,stress-ng,5,0.20338022403808026,17407.800000000003,0.0028903484676672635,8156333.0,9277450.0,78887729.0,387882988.0,28520939.520000003,0.20338022403808026,0.8791567726045412,0.0028903484676672635,1.2981035943266261,0.16127839245538877,7.059012187607358e-05,8156333.0,9277450.0,387882988.0,78887729.0,5233.0,32447.0,385521363.0,500446667.0
48.0,mcf,stress-ng,5,0.2032781683750323,17431.9,0.002888166869727949,8158261.0,9278624.0,78854633.0,387914913.0,28560424.96,0.2032781683750323,0.8792533246308936,0.002888166869727949,1.2975338583171376,0.12374313341257348,7.073368784161136e-05,8158261.0,9278624.0,387914913.0,78854633.0,3852.0,31129.0,385629547.0,500367394.0
48.1,mcf,stress-ng,5,0.20496279026177702,15708.0,0.002908015976665698,8226970.0,9355480.0,79539645.0,388068707.0,25735987.2,0.20496279026177702,0.8793744415038032,0.002908015976665698,1.3402230621597995,0.678348398568979,7.881471343746698e-05,8226970.0,9355480.0,388068707.0,79539645.0,64089.0,94478.0,385575214.0,516756794.0
48.2,mcf,stress-ng,5,0.21290068283117053,15264.6,0.0030147640067579922,8544922.0,9714937.0,82625702.0,388095054.0,25009520.64,0.21290068283117053,0.8795653538463503,0.0030147640067579922,1.4545702224134187,0.8593135819216007,9.46176380650871e-05,8544922.0,9714937.0,388095054.0,82625702.0,222985.0,259492.0,385837152.0,561227232.0
48.3,mcf,stress-ng,5,0.21318618208964304,15270.2,0.00301742666668729,8556565.0,9727128.0,82702211.0,387934200.0,25018695.68,0.21318618208964304,0.879659957183662,0.00301742666668729,1.4619640509875285,0.8558836772833593,9.376533381250863e-05,8556565.0,9727128.0,387934200.0,82702211.0,214790.0,250957.0,385718245.0,563906208.0
48.4,mcf,stress-ng,5,0.2135014654121335,15087.8,0.003019503191081833,8568121.0,9739776.0,82844774.0,388029065.0,24719851.52,0.2135014654121335,0.8797041122916995,0.003019503191081833,1.4755961012602572,0.8697335955658859,9.447071016658417e-05,8568121.0,9739776.0,388029065.0,82844774.0,243221.0,279650.0,385611582.0,569006947.0
48.5,mcf,stress-ng,5,0.2140496712321638,14995.699999999999,0.0030213435713537912,8591278.0,9763084.0,83017599.0,387842684.0,24568954.88,0.2140496712321638,0.8799758355044369,0.0030213435713537912,1.5173722024353808,0.8851512732719221,9.668136631094798e-05,8591278.0,9763084.0,387842684.0,83017599.0,287213.0,324479.0,385451731.0,584873742.0
48.6,mcf,stress-ng,5,0.21391533052542733,13814.499999999998,0.0030199170477411674,8503200.0,9664141.0,82235066.0,384428109.0,22633676.799999997,0.21391533052542733,0.8798712684345148,0.0030199170477411674,1.5119840470871957,0.8858756144372447,9.83932162404522e-05,8503200.0,9664141.0,384428109.0,82235066.0,294481.0,332418.0,385565199.0,582968430.0
48.7,mcf,stress-ng,5,1.0019041239638002,9450.9,0.0005132783320756207,1207689.0,1402008.0,379304941.0,378584070.0,15484354.56,1.0019041239638002,0.8613995069928274,0.0005132783320756207,1.4810460436186013,0.8375830387218555,8.080407913975586e-05,1207689.0,1402008.0,378584070.0,379304941.0,160630.0,191778.0,385475589.0,570907096.0
48.8,mcf,stress-ng,5,0.9394379220122983,12364.0,0.00022139883175912906,629874.0,715811.0,364647257.0,388154713.0,20257177.6,0.9394379220122983,0.8799445663729671,0.00022139883175912906,1.3553035837359193,0.1587366953877344,6.882422362222545e-05,629874.0,715811.0,388154713.0,364647257.0,5011.0,31568.0,385867048.0,522966993.0
49.0,mcf,stress-ng,5,0.20576587886962708,17400.0,0.0029243277951538295,8249776.0,9383950.0,79804429.0,387840926.0,28508160.0,0.20576587886962708,0.8791368240453115,0.0029243277951538295,1.3439297883194463,0.7026085595193832,7.883579927264236e-05,8249776.0,9383950.0,387840926.0,79804429.0,71808.0,102202.0,385535509.0,518132655.0
49.3,mcf,stress-ng,5,0.21330119808675696,15237.1,0.0030199168567227115,8562661.0,9734745.0,82786028.0,388117970.0,24964464.64,0.21330119808675696,0.879597873390623,0.0030199168567227115,1.4531271213142498,0.8561578668704891,9.371780258014062e-05,8562661.0,9734745.0,388117970.0,82786028.0,215066.0,251199.0,385551080.0,560254731.0
49.4,mcf,stress-ng,5,0.2134838451408544,15233.699999999999,0.0030190391099194393,8569010.0,9740232.0,82820052.0,387945289.0,24958894.08,0.2134838451408544,0.8797541988732918,0.0030190391099194393,1.483228039638233,0.870195516400756,9.584151491684487e-05,8569010.0,9740232.0,387945289.0,82820052.0,247729.0,284682.0,385563605.0,571878750.0
49.5,mcf,stress-ng,5,0.2140127876085157,14937.4,0.003021338077403656,8583837.0,9755895.0,83021295.0,387926796.0,24473436.16,0.2140127876085157,0.8798615606256525,0.003021338077403656,1.510679673377519,0.8875330381871717,9.675537545427199e-05,8583837.0,9755895.0,387926796.0,83021295.0,294495.0,331813.0,385694333.0,582660589.0
49.6,mcf,stress-ng,5,0.2140746225341841,14910.2,0.0030213859579572636,8586243.0,9758433.0,83053319.0,387964337.0,24428871.68,0.2140746225341841,0.8798792797983037,0.0030213859579572636,1.512025167278734,0.8870759904898455,9.681190778997204e-05,8586243.0,9758433.0,387964337.0,83053319.0,293262.0,330594.0,385613721.0,583057651.0
49.7,mcf,stress-ng,5,0.20779510248212246,15261.7,0.002939173371644438,8365150.0,9508981.0,80867118.0,389167584.0,25004769.28,0.20779510248212246,0.8797104547795395,0.002939173371644438,1.3974870357062057,0.8128625427919361,8.215076060667235e-05,8365150.0,9508981.0,389167584.0,80867118.0,136769.0,168256.0,383283122.0,535633194.0
49.8,mcf,stress-ng,5,0.20271425923228026,17350.899999999998,0.0028766710517699797,8118670.0,9234475.0,78628936.0,387880637.0,28427714.56,0.20271425923228026,0.8791696333576083,0.0028766710517699797,1.2917297826049956,0.1320024510594382,6.920873161365347e-05,8118670.0,9234475.0,387880637.0,78628936.0,4093.0,31007.0,388881567.0,502329902.0
49.9,mcf,stress-ng,5,0.2035905810161218,17403.9,0.0028914068530145826,8171503.0,9292900.0,78960132.0,387837844.0,28514549.76,0.2035905810161218,0.8793275511411938,0.0028914068530145826,1.2969932724655915,0.14697806533059807,7.01715970491322e-05,8171503.0,9292900.0,387837844.0,78960132.0,4657.0,31685.0,385170085.0,499563009.0
50.0,mcf,stress-ng,5,0.20483024169218075,17425.6,0.0029133658985466978,8219883.0,9349989.0,79454450.0,387903902.0,28550103.04,0.20483024169218075,0.879132905931761,0.0029133658985466978,1.3222740885624975,0.5671626073744227,7.462660862204275e-05,8219883.0,9349989.0,387903902.0,79454450.0,37701.0,66473.0,385546128.0,509797655.0
50.1,mcf,stress-ng,5,0.2135185372880093,16216.300000000001,0.0030249271659140947,8563392.0,9736800.0,82826576.0,387912811.0,26568785.92,0.2135185372880093,0.8794873058910525,0.0030249271659140947,1.4565463249480846,0.8584863235793011,9.304733283117068e-05,8563392.0,9736800.0,387912811.0,82826576.0,217628.0,253502.0,385545710.0,561565187.0
50.2,mcf,stress-ng,5,0.21340089354653574,15240.0,0.003022430997644124,8562817.0,9735334.0,82786398.0,387938385.0,24969216.0,0.21340089354653574,0.8795606807121358,0.003022430997644124,1.4488683827776885,0.8603200956824852,9.213881076862818e-05,8562817.0,9735334.0,387938385.0,82786398.0,218671.0,254174.0,385320797.0,558279120.0
50.3,mcf,stress-ng,5,0.21307498756967835,15282.7,0.003014188797862844,8558856.0,9729073.0,82723409.0,388236132.0,25039175.68,0.21307498756967835,0.8797195786278919,0.003014188797862844,1.4713075263747164,0.8664603787973222,9.437739223460308e-05,8558856.0,9729073.0,388236132.0,82723409.0,236334.0,272758.0,385939886.0,567836259.0
50.6,mcf,stress-ng,5,0.21358618538470497,14906.599999999999,0.0030183376143268483,8565304.0,9736374.0,82868256.0,387985093.0,24422973.439999998,0.21358618538470497,0.8797221635076877,0.0030183376143268483,1.515549016068953,0.886942699404064,9.625383107202988e-05,8565304.0,9736374.0,387985093.0,82868256.0,291264.0,328391.0,385719712.0,584577130.0
50.7,mcf,stress-ng,5,0.21142974974683418,15991.7,0.002984288736948227,8473054.0,9630845.0,82026735.0,387962125.0,26200801.28,0.21142974974683418,0.8797830304609824,0.002984288736948227,1.433871560520701,0.8499238747527603,8.722037505326951e-05,8473054.0,9630845.0,387962125.0,82026735.0,190360.0,223973.0,385380136.0,552585617.0
50.8,mcf,stress-ng,5,0.20264987259230202,17375.3,0.0028809480221494276,8128147.0,9245954.0,78628092.0,387999711.0,28467691.52,0.20264987259230202,0.8791031190507762,0.0028809480221494276,1.2958125194640053,0.13600519227648872,6.905549215727874e-05,8128147.0,9245954.0,387999711.0,78628092.0,4191.0,30815.0,385545004.0,499594043.0
50.9,mcf,stress-ng,5,0.2028895925244187,17377.5,0.0028829699194084075,8138603.0,9257121.0,78715931.0,387974218.0,28471296.0,0.2028895925244187,0.8791721529836328,0.0028829699194084075,1.2962303407676663,0.11678926313072654,7.097178941886113e-05,8138603.0,9257121.0,387974218.0,78715931.0,3620.0,30996.0,385730728.0,499995873.0
51.0,mcf,stress-ng,5,0.20329795186573255,17414.2,0.002888029768784698,8147665.0,9268666.0,78910962.0,388154240.0,28531425.28,0.20329795186573255,0.8790547636520725,0.002888029768784698,1.2960245968309076,0.1148118749007779,7.228435222054566e-05,8147665.0,9268666.0,388154240.0,78910962.0,3616.0,31495.0,385685133.0,499857419.0
51.1,mcf,stress-ng,5,0.2120214647085587,15577.3,0.0030050942520658316,8500843.0,9666743.0,82258926.0,387974520.0,25521848.32,0.2120214647085587,0.8793906075707195,0.0030050942520658316,1.4556511862448116,0.8579259030099671,9.297184597807628e-05,8500843.0,9666743.0,387974520.0,82258926.0,216308.0,252129.0,385288682.0,560845927.0
51.2,mcf,stress-ng,5,0.21332092031901087,15265.8,0.0030195657136118047,8563168.0,9734595.0,82756896.0,387945523.0,25011486.72,0.21332092031901087,0.8796635093704464,0.0030195657136118047,1.4594658695522218,0.8577327104210998,9.309017673396795e-05,8563168.0,9734595.0,387945523.0,82756896.0,216460.0,252363.0,385679792.0,562886493.0
51.3,mcf,stress-ng,5,0.213123073774857,15249.2,0.0030178063530838166,8553122.0,9724280.0,82709347.0,388082555.0,24984289.28,0.213123073774857,0.8795635255257973,0.0030178063530838166,1.458286484691074,0.8602359810242063,9.23156639828948e-05,8553122.0,9724280.0,388082555.0,82709347.0,219232.0,254851.0,385839179.0,562664060.0
51.4,mcf,stress-ng,5,0.21309814174387093,14986.300000000001,0.00301147701873888,8511775.0,9675220.0,82327697.0,386337001.0,24553553.92,0.21309814174387093,0.8797500211881487,0.00301147701873888,1.5041249857329766,0.8847099876858538,9.53748956912797e-05,8511775.0,9675220.0,386337001.0,82327697.0,280914.0,317521.0,383822176.0,577316525.0
51.5,mcf,stress-ng,5,0.2128584107623071,14787.8,0.0030068879543343075,8555411.0,9724377.0,82751419.0,388762740.0,24228331.52,0.2128584107623071,0.8797901397693652,0.0030068879543343075,1.5103740546771212,0.8871814863166038,9.654494469613969e-05,8555411.0,9724377.0,388762740.0,82751419.0,293579.0,330912.0,386690366.0,584047096.0
51.6,mcf,stress-ng,5,0.21253480715692377,14900.3,0.00300082365987957,8545664.0,9712184.0,82619351.0,388733272.0,24412651.52,0.21253480715692377,0.8798910729038906,0.00300082365987957,1.469494291051285,0.8683445643610552,8.905753242322821e-05,8545664.0,9712184.0,388733272.0,82619351.0,227053.0,261478.0,386547876.0,568029897.0
51.7,mcf,stress-ng,5,0.20236644636316228,16739.5,0.002871749955346804,8130978.0,9247729.0,78695198.0,388874734.0,27425996.8,0.20236644636316228,0.879240514076483,0.002871749955346804,1.292549750673588,0.14212181870174434,6.986372074713184e-05,8130978.0,9247729.0,388874734.0,78695198.0,4473.0,31473.0,386466677.0,499527407.0
52.0,mcf,stress-ng,5,0.20176954201111444,17032.3,0.0028645602326923107,8116128.0,9230674.0,78504698.0,389081014.0,27905720.32,0.20176954201111444,0.8792562709938624,0.0028645602326923107,1.2936867282439248,0.11562183859282707,7.008041777073064e-05,8116128.0,9230674.0,389081014.0,78504698.0,3543.0,30643.0,386698608.0,500266857.0
52.1,mcf,stress-ng,5,0.2090837125540631,15232.3,0.0029622684136126273,8403664.0,9555220.0,81279469.0,388741275.0,24956600.32,0.2090837125540631,0.8794840935111907,0.0029622684136126273,1.4220031967113471,0.8412174986850831,8.98366364355961e-05,8403664.0,9555220.0,388741275.0,81279469.0,183928.0,218645.0,386445902.0,549527308.0
52.2,mcf,stress-ng,5,0.21220255954348807,15233.600000000002,0.0030036973250012165,8536679.0,9705424.0,82568466.0,389102121.0,24958730.240000002,0.21220255954348807,0.8795781616547613,0.0030036973250012165,1.4528407807241739,0.8595909103403321,9.242616424578892e-05,8536679.0,9705424.0,389102121.0,82568466.0,218906.0,254663.0,386870972.0,562061925.0
52.3,mcf,stress-ng,5,0.21176746232987026,15222.1,0.002994833235275113,8519025.0,9684540.0,82414657.0,389175259.0,24939888.64,0.21176746232987026,0.8796520020568865,0.002994833235275113,1.4558574980991086,0.8578839201213306,9.282570389236732e-05,8519025.0,9684540.0,389175259.0,82414657.0,216644.0,252533.0,386627825.0,562875018.0
52.4,mcf,stress-ng,5,0.21251665323957844,14887.0,0.0030000530700960587,8537830.0,9704779.0,82663903.0,388976119.0,24390860.8,0.21251665323957844,0.8797552216284369,0.0030000530700960587,1.4899624644248515,0.881358262754175,9.637612806896266e-05,8537830.0,9704779.0,388976119.0,82663903.0,269210.0,305449.0,376016351.0,560250249.0
52.5,mcf,stress-ng,5,0.21379699043763017,14884.400000000001,0.0030202624847017563,8571729.0,9743296.0,82932361.0,387902378.0,24386600.96,0.21379699043763017,0.8797566039254068,0.0030202624847017563,1.5082415789542718,0.8846242257636875,9.510958333324789e-05,8571729.0,9743296.0,387902378.0,82932361.0,280931.0,317571.0,385239833.0,581034734.0
52.6,mcf,stress-ng,5,0.21420924797420063,15016.5,0.003024252366641917,8358000.0,9498346.0,80771255.0,377067077.0,24603033.6,0.21420924797420063,0.8799426763354378,0.003024252366641917,1.516639540008456,0.8842968313155123,9.71762763434356e-05,8358000.0,9498346.0,377067077.0,80771255.0,286246.0,323699.0,385412998.0,584532592.0
52.7,mcf,stress-ng,5,0.20458015346255548,17401.600000000002,0.0029001870274659703,8196892.0,9322311.0,79387429.0,388050491.0,28510781.44,0.20458015346255548,0.8792768230967621,0.0029001870274659703,1.3036075771667168,0.32384140188526,7.119435207609499e-05,8196892.0,9322311.0,388050491.0,79387429.0,13158.0,40631.0,385887352.0,503045676.0
52.8,mcf,stress-ng,5,0.20285645146201023,17394.9,0.002880899096375688,8156402.0,9277245.0,78923359.0,389060138.0,28499804.16,0.20285645146201023,0.8791836369525651,0.002880899096375688,1.2936997296384853,0.12165370978759392,6.98831318167837e-05,8156402.0,9277245.0,389060138.0,78923359.0,3740.0,30743.0,386402259.0,499888498.0
52.9,mcf,stress-ng,5,0.6674230052802884,14295.2,0.0016688758195032387,4491498.0,5135848.0,257690841.0,386098230.0,23421255.68,0.6674230052802884,0.8745387324546988,0.0016688758195032387,1.335755657921975,0.13256775089125153,7.18408052905121e-05,4491498.0,5135848.0,386098230.0,257690841.0,4202.0,31697.0,382721211.0,511222023.0
53.0,mcf,stress-ng,5,1.0007214360085952,9021.6,2.012530764701589e-05,19877.0,27495.0,378801459.0,378528375.0,14780989.440000001,1.0007214360085952,0.7229314420803783,2.012530764701589e-05,1.4721873775805536,0.8332253577485185,8.967735149384488e-05,19877.0,27495.0,378528375.0,378801459.0,174914.0,209924.0,390399576.0,574741328.0
53.1,mcf,stress-ng,5,0.4762431022502967,11352.7,0.0020301546828831694,5867774.0,6678056.0,190079710.0,399123282.0,18600263.68,0.4762431022502967,0.8786649887332482,0.0020301546828831694,1.4755744533314465,0.863754536406674,9.407793250992891e-05,5867774.0,6678056.0,399123282.0,190079710.0,228248.0,264251.0,382693359.0,564692544.0
53.4,mcf,stress-ng,5,0.21378206601318023,14960.1,0.003022648737248805,8822759.0,10028698.0,85292124.0,398967629.0,24510627.84,0.21378206601318023,0.879751190034838,0.003022648737248805,1.4976081020527285,0.8831563169027421,9.52548945539464e-05,8822759.0,10028698.0,398967629.0,85292124.0,275150.0,311553.0,382164089.0,572332036.0
53.5,mcf,stress-ng,5,0.21328709169771756,14898.000000000002,0.0030110014198626977,8341868.0,9480548.0,80659459.0,378173186.0,24408883.200000003,0.21328709169771756,0.8798930188423707,0.0030110014198626977,1.5173329667993585,0.8866263641742971,9.524300814081991e-05,8341868.0,9480548.0,378173186.0,80659459.0,290684.0,327854.0,390264868.0,592161750.0
53.6,mcf,stress-ng,5,0.21367286794374463,16022.9,0.0030172302806029355,8824132.0,10028493.0,85289900.0,399161114.0,26251919.36,0.21367286794374463,0.8799060835960099,0.0030172302806029355,1.5075052143932388,0.8868313268737142,9.518590981511298e-05,8824132.0,10028493.0,399161114.0,85289900.0,285377.0,321794.0,382588138.0,576753613.0
53.7,mcf,stress-ng,5,0.20480204474022837,17406.9,0.0029024151942571496,7970396.0,9064852.0,77227692.0,377084575.0,28519464.96,0.20480204474022837,0.8792637761763789,0.0029024151942571496,1.3076819614171142,0.38419319429198684,7.209847976846873e-05,7970396.0,9064852.0,377084575.0,77227692.0,17500.0,45550.0,389051199.0,508755235.0
53.8,mcf,stress-ng,5,0.20289308715416537,17384.6,0.0028821046359535515,8365698.0,9514759.0,80891072.0,398688162.0,28482928.64,0.20289308715416537,0.879233830305108,0.0028821046359535515,1.2950020485526685,0.11812054812022871,7.224506064662628e-05,8365698.0,9514759.0,398688162.0,80891072.0,3698.0,31307.0,382157614.0,494894893.0
53.9,mcf,stress-ng,5,0.20339003468650654,17415.1,0.002889795326213173,7928282.0,9018087.0,76702829.0,377121864.0,28532899.84,0.20339003468650654,0.8791534169053814,0.002889795326213173,1.2983912313604102,0.15568587922661045,7.108083156488201e-05,7928282.0,9018087.0,377121864.0,76702829.0,5097.0,32739.0,388881213.0,504919957.0
54.1,mcf,stress-ng,5,0.21299235396402794,15577.1,0.003015581315004228,8316387.0,9455298.0,80441981.0,377675440.0,25521520.64,0.21299235396402794,0.8795478471434744,0.003015581315004228,1.456610118511462,0.8584068739491891,9.37620108526642e-05,8316387.0,9455298.0,377675440.0,80441981.0,221584.0,258134.0,389816725.0,567810986.0
54.2,mcf,stress-ng,5,0.21275633136370126,15265.599999999999,0.0030122491936040844,8786685.0,9989738.0,84972101.0,399386944.0,25011159.04,0.21275633136370126,0.8795711158791152,0.0030122491936040844,1.4518988609390455,0.8540544288155432,9.35490263427481e-05,8786685.0,9989738.0,399386944.0,84972101.0,209415.0,245201.0,382537386.0,555405595.0
54.3,mcf,stress-ng,5,0.2130131844589238,15261.099999999999,0.003011220822860343,8326628.0,9464786.0,80513079.0,377972280.0,25003786.24,0.2130131844589238,0.879748152784437,0.003011220822860343,1.498655952172487,0.8776779318877385,9.628440900317095e-05,8326628.0,9464786.0,377972280.0,80513079.0,269570.0,307140.0,390198168.0,584772807.0
54.4,mcf,stress-ng,5,0.21398532301903336,15003.699999999999,0.00302340783915838,8835181.0,10041897.0,85406775.0,399124453.0,24582062.08,0.21398532301903336,0.879831868420877,0.00302340783915838,1.5037939290345674,0.8828127011923463,9.521373844378034e-05,8835181.0,10041897.0,399124453.0,85406775.0,274244.0,310648.0,382339782.0,574960243.0
54.7,mcf,stress-ng,5,0.20686746583446,16778.699999999997,0.0029298058838146345,8508889.0,9676920.0,82472226.0,398671805.0,27490222.08,0.20686746583446,0.8792972350706629,0.0029298058838146345,1.353888263994143,0.7235396465436347,7.548324287754366e-05,8508889.0,9676920.0,398671805.0,82472226.0,74021.0,102304.0,374692434.0,507291689.0
54.8,mcf,stress-ng,5,0.2035292652810057,17411.199999999997,0.002890382380450226,7931816.0,9022031.0,76768617.0,377187118.0,28526510.08,0.2035292652810057,0.879160800932739,0.002890382380450226,1.298897262480467,0.11890548869026492,7.018733819493618e-05,7931816.0,9022031.0,377187118.0,76768617.0,3685.0,30991.0,389044530.0,505328875.0
54.9,mcf,stress-ng,5,0.20365593923360875,17443.0,0.0028936947718666605,8401776.0,9555422.0,81192689.0,398675773.0,28578611.2,0.20365593923360875,0.8792679172097266,0.0028936947718666605,1.2985369910039508,0.11315614407450819,7.33086939308425e-05,8401776.0,9555422.0,398675773.0,81192689.0,3572.0,31567.0,381878308.0,495883109.0
55.0,mcf,stress-ng,5,0.20737990756823727,17075.5,0.0029452058882650715,8088476.0,9199219.0,78210417.0,377135943.0,27976499.2,0.20737990756823727,0.87925681517094,0.0029452058882650715,1.359762490053495,0.7404585967852517,7.889279520675135e-05,8088476.0,9199219.0,377135943.0,78210417.0,87480.0,118143.0,388666670.0,528494359.0
55.1,mcf,stress-ng,5,0.21319278698172808,15239.300000000001,0.0030192562527103866,8794173.0,9998138.0,85013206.0,398762112.0,24968069.12,0.21319278698172808,0.879581077996723,0.0030192562527103866,1.4436760944233669,0.8616533817001575,9.093945135922048e-05,8794173.0,9998138.0,398762112.0,85013206.0,216630.0,251412.0,382474267.0,552168956.0
55.2,mcf,stress-ng,5,0.21347593884285257,15221.800000000001,0.003021545926163804,8329046.0,9468800.0,80525023.0,377208895.0,24939397.12,0.21347593884285257,0.8796305762081784,0.003021545926163804,1.4599936590496865,0.8565908904262267,9.42603567856936e-05,8329046.0,9468800.0,377208895.0,80525023.0,219038.0,255709.0,389039478.0,567995171.0
55.3,mcf,stress-ng,5,0.21347266594588452,15236.599999999999,0.003020686773790811,8805054.0,10009626.0,85127395.0,398774216.0,24963645.439999998,0.21347266594588452,0.8796586405925656,0.003020686773790811,1.4787893186388261,0.8701089461038664,9.660306256039608e-05,8805054.0,10009626.0,398774216.0,85127395.0,247345.0,284269.0,382223907.0,565228631.0
55.4,mcf,stress-ng,5,0.2144931551807172,14917.9,0.0030306648807442455,8363522.0,9506595.0,80900180.0,377169052.0,24441487.36,0.2144931551807172,0.8797599981907297,0.0030306648807442455,1.5069470191149665,0.8851628959420023,9.625114359250221e-05,8363522.0,9506595.0,377169052.0,80900180.0,278135.0,314219.0,374894247.0,564945768.0
55.5,mcf,stress-ng,5,0.21412454035245235,14918.3,0.003024671657354249,8827557.0,10033423.0,85366457.0,398676662.0,24442142.72,0.21412454035245235,0.8798150940112861,0.003024671657354249,1.5146184631154886,0.8880861125948416,9.56050884151204e-05,8827557.0,10033423.0,398676662.0,85366457.0,284311.0,320139.0,374749928.0,567603160.0
55.6,mcf,stress-ng,5,0.2085545518923581,14974.0,0.0029520467899392332,8141543.0,9254977.0,78661263.0,377173561.0,24533401.6,0.2085545518923581,0.8796934881631797,0.0029520467899392332,1.4066084931850371,0.8196499905972726,8.451580869697156e-05,8141543.0,9254977.0,377173561.0,78661263.0,143833.0,175481.0,374462488.0,526722116.0
55.7,mcf,stress-ng,5,0.20316366237456782,17437.0,0.002886171145169915,7915265.0,9003907.0,76631802.0,377192462.0,28568780.8,0.20316366237456782,0.8790922651688873,0.002886171145169915,1.2970103125602268,0.13368719504154028,7.008858482819928e-05,7915265.0,9003907.0,377192462.0,76631802.0,4055.0,30332.0,374911265.0,486263777.0
55.8,mcf,stress-ng,5,0.20357764718723623,17441.7,0.0028911398397620377,7941512.0,9031714.0,76765833.0,377083801.0,28576481.28,0.20357764718723623,0.879291793340666,0.0028911398397620377,1.2989104952180197,0.11630671686150189,7.142863644342576e-05,7941512.0,9031714.0,377083801.0,76765833.0,3522.0,30282.0,374639659.0,486623385.0
55.9,mcf,stress-ng,5,0.20433856982303547,17407.199999999997,0.002904346665020566,7974669.0,9070042.0,77066197.0,377149537.0,28519956.479999997,0.20433856982303547,0.8792317609995631,0.002904346665020566,1.3050337132804963,0.3565990990990991,7.342607845294905e-05,7974669.0,9070042.0,377149537.0,77066197.0,15833.0,44400.0,389057956.0,507733749.0
56.0,mcf,stress-ng,5,0.21362763190877698,16450.6,0.003025098411524813,8334536.0,9475580.0,80578710.0,377192357.0,26952663.04,0.21362763190877698,0.8795805639338172,0.003025098411524813,1.460240675106925,0.8540651480360082,9.402731788958468e-05,8334536.0,9475580.0,377192357.0,80578710.0,210147.0,246055.0,381889017.0,557649876.0
56.2,mcf,stress-ng,5,0.21353605563501957,15281.5,0.0030272230866971134,8332884.0,9474389.0,80520156.0,377079907.0,25037209.6,0.21353605563501957,0.8795167688386026,0.0030272230866971134,1.4579197942599122,0.8568161100522085,9.21411799446024e-05,8332884.0,9474389.0,377079907.0,80520156.0,206784.0,241340.0,375033183.0,546768301.0
56.3,mcf,stress-ng,5,0.213561236460667,15123.099999999999,0.0030220078705410288,8802227.0,10007122.0,85148311.0,398706771.0,24777687.04,0.213561236460667,0.8795962515496464,0.0030220078705410288,1.4573783822119364,0.8567852287251797,9.387889887274719e-05,8802227.0,10007122.0,398706771.0,85148311.0,210483.0,245666.0,374770054.0,546181775.0
56.4,mcf,stress-ng,5,0.21416735558803437,14931.6,0.0030284865095393113,8349331.0,9491781.0,80791344.0,377234634.0,24463933.44,0.21416735558803437,0.8796379731053635,0.0030284865095393113,1.5157493583660444,0.8865895808458493,9.628827686761119e-05,8349331.0,9491781.0,377234634.0,80791344.0,282166.0,318260.0,374853525.0,568183990.0
56.5,mcf,stress-ng,5,0.21406140119284167,14908.5,0.003020887607365786,8350975.0,9490055.0,80715701.0,377067984.0,24426086.4,0.21406140119284167,0.8799711908940464,0.003020887607365786,1.5121992419885626,0.8843471266075911,9.546602488040343e-05,8350975.0,9490055.0,377067984.0,80715701.0,273747.0,309547.0,375002521.0,567078528.0
56.6,mcf,stress-ng,5,0.21239954206058947,15754.9,0.003006680315763965,8280389.0,9414412.0,80110268.0,377167800.0,25812828.16,0.21239954206058947,0.8795439375289715,0.003006680315763965,1.4790417970841023,0.8734011700406877,9.13802106570383e-05,8280389.0,9414412.0,377167800.0,80110268.0,245141.0,280674.0,388847867.0,575122248.0
56.7,mcf,stress-ng,5,0.2033485831158018,17453.800000000003,0.0028867495077023924,7927396.0,9016944.0,76750006.0,377430739.0,28596305.92,0.2033485831158018,0.8791666001252753,0.0028867495077023924,1.2962624064578656,0.1265181861881109,7.132968919406214e-05,7927396.0,9016944.0,377430739.0,76750006.0,3948.0,31205.0,382126998.0,495336862.0
56.8,mcf,stress-ng,5,0.20275178577277433,17387.4,0.0028851539216869235,7910251.0,8998296.0,76461455.0,377118528.0,28487516.16,0.20275178577277433,0.8790832175336308,0.0028851539216869235,1.2955905518681357,0.10940316607125299,6.98154352032882e-05,7910251.0,8998296.0,377118528.0,76461455.0,3338.0,30511.0,389211926.0,504259294.0
56.9,mcf,stress-ng,5,0.20279692002272653,17353.4,0.0028823924383638436,8359460.0,9508803.0,80864499.0,398746189.0,28431810.560000002,0.20279692002272653,0.8791285296372214,0.0028823924383638436,1.295657959711314,0.11046603851400653,7.330682228102287e-05,8359460.0,9508803.0,398746189.0,80864499.0,3482.0,31521.0,382488275.0,495573978.0
57.0,mcf,stress-ng,5,0.21107999802089716,15769.9,0.002992889307899031,8227864.0,9356725.0,79615366.0,377181006.0,25837404.16,0.21107999802089716,0.8793529787398903,0.002992889307899031,1.4182741953580769,0.8338906114831699,8.792237166881731e-05,8227864.0,9356725.0,377181006.0,79615366.0,171583.0,205762.0,388740651.0,551340834.0
57.1,mcf,stress-ng,5,0.21329591354721655,15282.1,0.0030205697670713243,8793926.0,9998227.0,85041069.0,398699945.0,25038192.64,0.21329591354721655,0.8795485439568436,0.0030205697670713243,1.4596204998119051,0.8586936185472177,9.483553330816963e-05,8793926.0,9998227.0,398699945.0,85041069.0,220303.0,256556.0,382272327.0,557972525.0
57.2,mcf,stress-ng,5,1.0706970218492433,8604.0,0.0002600086696002269,489902.0,585598.0,394069253.0,368049266.0,14096793.6,1.0706970218492433,0.8365841413392805,0.0002600086696002269,1.5271835197947807,0.8759684236263928,9.127478945357786e-05,489902.0,585598.0,368049266.0,394069253.0,250781.0,286290.0,389034039.0,594126373.0
57.3,mcf,stress-ng,5,0.8773122860629854,7013.099999999999,0.0004888032920210864,1421561.0,1616841.0,350491795.0,399506311.0,11490263.04,0.8773122860629854,0.8792212716030828,0.0004888032920210864,1.5806619366763133,0.896584326155864,9.874479594822075e-05,1421561.0,1616841.0,399506311.0,350491795.0,328114.0,365960.0,383270831.0,605821614.0
57.4,mcf,stress-ng,5,0.21334560117338583,14455.8,0.0030187119500270517,8330243.0,9470413.0,80580810.0,377700827.0,23684382.72,0.21334560117338583,0.8796071512403947,0.0030187119500270517,1.507940021024278,0.8877021833821209,9.440504388879966e-05,8330243.0,9470413.0,377700827.0,80580810.0,290821.0,327611.0,389703754.0,587649887.0
57.5,mcf,stress-ng,5,0.2130165189037524,14900.900000000001,0.0030100202449054813,8787871.0,9988135.0,84941641.0,398756122.0,24413634.560000002,0.2130165189037524,0.8798310195046423,0.0030100202449054813,1.4875180111544,0.8735964285714286,9.26324582123525e-05,8787871.0,9988135.0,398756122.0,84941641.0,244607.0,280000.0,382079896.0,568350727.0
57.7,mcf,stress-ng,5,0.20346041349248137,17453.2,0.002891540868224445,7933376.0,9023854.0,76730406.0,377126954.0,28595322.880000003,0.20346041349248137,0.8791560679062405,0.002891540868224445,1.2985331474779191,0.13108783239323127,6.932559636567645e-05,7933376.0,9023854.0,377126954.0,76730406.0,4067.0,31025.0,388860701.0,504948510.0
57.8,mcf,stress-ng,5,0.20382023580283476,17413.1,0.0028942765175482797,8401281.0,9555116.0,81255167.0,398660941.0,28529623.04,0.20382023580283476,0.879244270817853,0.0028942765175482797,1.2990960707315782,0.12333086650149619,7.129342672041315e-05,8401281.0,9555116.0,398660941.0,81255167.0,3833.0,31079.0,382167070.0,496471739.0
57.9,mcf,stress-ng,5,0.20337072322379898,16901.300000000003,0.0028884714762241652,7929561.0,9018683.0,76682609.0,377058250.0,27691089.92,0.20337072322379898,0.8792371347346392,0.0028884714762241652,1.2985806135000464,0.13855592260500235,7.04462842991441e-05,7929561.0,9018683.0,377058250.0,76682609.0,4404.0,31785.0,388679123.0,504731174.0
58.0,mcf,stress-ng,5,0.2111054220603159,15274.9,0.0029911931296784226,8710838.0,9903554.0,84176716.0,398742558.0,25026396.16,0.2111054220603159,0.8795668706405801,0.0029911931296784226,1.4293793092014477,0.829934988179669,9.029543946055573e-05,8710838.0,9903554.0,398742558.0,84176716.0,168510.0,203040.0,382411340.0,546610857.0
58.1,mcf,stress-ng,5,0.21323439512837486,15300.4,0.0030175564830616447,8320815.0,9459002.0,80429519.0,377188300.0,25068175.36,0.21323439512837486,0.8796715552021238,0.0030175564830616447,1.4567037194152177,0.8589712610348605,9.004186288370709e-05,8320815.0,9459002.0,377188300.0,80429519.0,213286.0,248304.0,388907991.0,566523717.0
58.2,mcf,stress-ng,5,0.2133691050092217,15216.6,0.0030187223216762314,8799370.0,10003033.0,85077218.0,398732600.0,24930877.44,0.2133691050092217,0.8796701960295442,0.0030187223216762314,1.4623936664902955,0.8560634587992599,9.199355688282135e-05,8799370.0,10003033.0,398732600.0,85077218.0,209150.0,244316.0,382265902.0,559023234.0
58.3,mcf,stress-ng,5,0.2142132657792155,14947.6,0.0030275982140639695,8356947.0,9498724.0,80784755.0,377123026.0,24490147.84,0.2142132657792155,0.8797968021810088,0.0030275982140639695,1.5127752221248736,0.8840752826010955,9.552937643565657e-05,8356947.0,9498724.0,377123026.0,80784755.0,273105.0,308916.0,374868981.0,567092506.0
58.4,mcf,stress-ng,5,0.21433052957944534,14889.1,0.0030251813767520233,8842014.0,10048202.0,85456996.0,398715928.0,24394301.44,0.21433052957944534,0.8799598176867861,0.0030251813767520233,1.5081949169788469,0.8859820123166896,9.614280940672836e-05,8842014.0,10048202.0,398715928.0,85456996.0,279965.0,315994.0,374744614.0,565187922.0
58.5,mcf,stress-ng,5,0.21415398233456273,15215.5,0.0030251783529290288,8348972.0,9490015.0,80775040.0,377182059.0,24929075.2,0.21415398233456273,0.8797638359897219,0.0030251783529290288,1.5098097088969542,0.8859074822665648,9.552931615481276e-05,8348972.0,9490015.0,377182059.0,80775040.0,288626.0,325797.0,389105685.0,587475541.0
58.6,mcf,stress-ng,5,0.20313824063326955,17403.3,0.0028828126657408134,7922622.0,9010531.0,76659827.0,377377626.0,28513566.72,0.20313824063326955,0.8792624985142385,0.0028828126657408134,1.3082657341115864,0.35901885376606324,7.15420754600026e-05,7922622.0,9010531.0,377377626.0,76659827.0,15310.0,42644.0,382068871.0,499847612.0
58.7,mcf,stress-ng,5,0.20310717227183267,17457.7,0.002885111874352191,7912314.0,8999947.0,76567590.0,376981222.0,28602695.68,0.20310717227183267,0.8791511772235993,0.002885111874352191,1.2976247652450628,0.10814602159658109,7.03247420531781e-05,7912314.0,8999947.0,376981222.0,76567590.0,3315.0,30653.0,388739428.0,504437909.0
58.8,mcf,stress-ng,5,0.2034472584530152,17412.7,0.002890129700506584,8389677.0,9542012.0,81117258.0,398713940.0,28528967.68,0.2034472584530152,0.8792356370962434,0.002890129700506584,1.2999783343041948,0.10782020482994058,7.382852190698101e-05,8389677.0,9542012.0,398713940.0,81117258.0,3411.0,31636.0,382304823.0,496987987.0
58.9,mcf,stress-ng,5,0.20881085219502749,16178.099999999999,0.002958794167280461,8138116.0,9254253.0,78769088.0,377226984.0,26506199.04,0.20881085219502749,0.8793919941458268,0.002958794167280461,1.387190910574404,0.8013902440502524,8.427831083706518e-05,8138116.0,9254253.0,377226984.0,78769088.0,132235.0,165007.0,388854495.0,539415421.0
59.0,mcf,stress-ng,5,0.21338702555616829,15241.099999999999,0.003021298410117776,8800919.0,10005766.0,85095440.0,398784508.0,24971018.24,0.21338702555616829,0.8795847314438495,0.003021298410117776,1.4583513336957752,0.8565218612902837,9.347923667573984e-05,8800919.0,10005766.0,398784508.0,85095440.0,213393.0,249139.0,382395078.0,557666372.0
59.2,mcf,stress-ng,5,0.212789105073793,15285.4,0.0030123563801557657,8307509.0,9445347.0,80375460.0,377723568.0,25043599.36,0.212789105073793,0.879534547539651,0.0030123563801557657,1.4538004882412117,0.8582627034340058,9.150771982964788e-05,8307509.0,9445347.0,377723568.0,80375460.0,215690.0,251310.0,389256776.0,565901691.0
59.3,mcf,stress-ng,5,0.21361150657409483,15116.900000000001,0.003018102675403995,8811608.0,10015161.0,85183573.0,398778017.0,24767528.96,0.21361150657409483,0.8798268944453315,0.003018102675403995,1.5041765558424847,0.8764692675453657,9.784222203969825e-05,8811608.0,10015161.0,398778017.0,85183573.0,265458.0,302872.0,382391152.0,575183806.0
59.4,mcf,stress-ng,5,0.21359541856370545,14903.800000000001,0.0030181829857451508,8345319.0,9485269.0,80673736.0,377694131.0,24418385.92,0.21359541856370545,0.879818906559213,0.0030181829857451508,1.509189225397506,0.8884441429905376,9.411672616221584e-05,8345319.0,9485269.0,377694131.0,80673736.0,292100.0,328777.0,389696938.0,588126420.0
59.5,mcf,stress-ng,5,0.21311631878463702,14887.8,0.0030097669195611213,8810214.0,10012817.0,85154210.0,399566821.0,24392171.52,0.21311631878463702,0.8798936403212003,0.0030097669195611213,1.5134839387593513,0.8875568090396578,9.666986412199468e-05,8810214.0,10012817.0,399566821.0,85154210.0,292355.0,329393.0,383139051.0,579874800.0
59.6,mcf,stress-ng,5,0.20435438517001384,15979.400000000001,0.002900230299776829,7985128.0,9081333.0,77240176.0,377971708.0,26180648.96,0.20435438517001384,0.8792902980212266,0.002900230299776829,1.3336767819778075,0.6739993995242385,7.243403111860498e-05,7985128.0,9081333.0,377971708.0,77240176.0,58367.0,86598.0,389747741.0,519797513.0
59.7,mcf,stress-ng,5,0.2022712706211396,17331.8,0.0028723046512142436,8349887.0,9498156.0,80862533.0,399772705.0,28396421.119999997,0.2022712706211396,0.8791061128075808,0.0028723046512142436,1.290364830580836,0.1276907867461811,7.13229886638846e-05,8349887.0,9498156.0,399772705.0,80862533.0,4004.0,31357.0,383508887.0,494866380.0
59.8,mcf,stress-ng,5,0.20245267367099135,17390.2,0.0028779425012513643,7904738.0,8991627.0,76458645.0,377661819.0,28492103.68,0.20245267367099135,0.8791220988148196,0.0028779425012513643,1.296257766268334,0.106583801389212,7.161713987470272e-05,7904738.0,8991627.0,377661819.0,76458645.0,3207.0,30089.0,375357073.0,486559521.0
59.9,mcf,stress-ng,5,0.20658199827355456,17373.699999999997,0.0029302152689774192,8521885.0,9692002.0,82493976.0,399327999.0,28465070.08,0.20658199827355456,0.8792698350660679,0.0029302152689774192,1.3504775004307028,0.7420294838182834,7.993086596667656e-05,8521885.0,9692002.0,399327999.0,82493976.0,86324.0,116335.0,375461965.0,507052936.0
60.0,mcf,stress-ng,5,0.2130724479929558,20494.3,0.0030036714561710314,6854213.0,7794130.0,66675207.0,312922706.0,33577861.12,0.2130724479929558,0.8794070666001209,0.0030036714561710314,1.4602956449733955,0.8585474437425088,9.443185139179648e-05,6854213.0,7794130.0,312922706.0,66675207.0,190534.0,221926.0,332430208.0,485446385.0
