time_step,victim,attacker,run_id,IPC,Total_MB_per_sec,cache_dominance_score,LLC-load-misses,LLC-loads,instructions,cycles,cas_count_total,victim_IPC,victim_miss_rate,victim_cache_dominance,attacker_IPC,attacker_miss_rate,attacker_cache_dominance,victim_LLC-load-misses,victim_LLC-loads,victim_cycles,victim_instructions,attacker_LLC-load-misses,attacker_LLC-loads,attacker_cycles,attacker_instructions
0.1,mcf,mcf-attacker,9,0.2023025698340611,19861.8,0.003273206985896356,7551707.0,8758074.0,74560254.0,368558116.0,32541573.119999997,0.2023025698340611,0.8622565874643215,0.003273206985896356,0.20691056537026822,0.8599238098330619,0.0034054023346866465,7551707.0,8758074.0,368558116.0,74560254.0,7732864.0,8992499.0,369893151.0,76534801.0
0.2,mcf,mcf-attacker,9,0.2030753056516282,19612.1,0.0034170045117663055,7716118.0,9004712.0,76582170.0,377112174.0,32132464.64,0.2030753056516282,0.8568978108350384,0.0034170045117663055,0.20759237662972688,0.8547987832988821,0.0035395414306427673,7716118.0,9004712.0,377112174.0,76582170.0,7857931.0,9192726.0,377109585.0,78285075.0
0.3,mcf,mcf-attacker,9,0.20305084222056252,19609.9,0.0034270461268675564,7708356.0,9000707.0,76571178.0,377103474.0,32128860.16,0.20305084222056252,0.856416723708482,0.0034270461268675564,0.20757355777491254,0.853760460961728,0.0035702591370168693,7708356.0,9000707.0,377103474.0,76571178.0,7860138.0,9206491.0,377102319.0,78276470.0
0.4,mcf,mcf-attacker,9,0.20275300290513565,19658.5,0.0033797565642923423,7706883.0,8981428.0,76460485.0,377111480.0,32208486.4,0.20275300290513565,0.8580910518906347,0.0033797565642923423,0.2073988315535032,0.854909941671103,0.0035369691649203756,7706883.0,8981428.0,377111480.0,76460485.0,7859223.0,9193042.0,377107896.0,78211737.0
0.5,mcf,mcf-attacker,9,0.2030729798935506,19609.7,0.003426675582440104,7710291.0,9002550.0,76582355.0,377117404.0,32128532.48,0.2030729798935506,0.8564563373710782,0.003426675582440104,0.20757540039574485,0.8539015400495871,0.003566929008624256,7710291.0,9002550.0,377117404.0,76582355.0,7862073.0,9207236.0,377120766.0,78280994.0
0.6,mcf,mcf-attacker,9,0.2029176433041689,19629.0,0.00340176023969272,7712604.0,8995431.0,76521628.0,377106824.0,32160153.6,0.2029176433041689,0.8573912689675458,0.00340176023969272,0.20772327264054813,0.8536245448055585,0.0035733743891941507,7712604.0,8995431.0,377106824.0,76521628.0,7858430.0,9205956.0,377101824.0,78332825.0
0.7,mcf,mcf-attacker,9,0.20287910116362834,19620.4,0.0033825640671255397,7716390.0,8991976.0,76506974.0,377106235.0,32146063.36,0.20287910116362834,0.8581417477092911,0.0033825640671255397,0.20744814596391134,0.855104137242809,0.0035380340610618078,7716390.0,8991976.0,377106235.0,76506974.0,7873875.0,9208089.0,377106036.0,78229948.0
0.8,mcf,mcf-attacker,9,0.20296853036149146,19626.1,0.003418273232333863,7713191.0,9002255.0,76541402.0,377109702.0,32155402.24,0.20296853036149146,0.8568065445824408,0.003418273232333863,0.20763185659036437,0.8539512670442567,0.0035675881094079445,7713191.0,9002255.0,377109702.0,76541402.0,7866389.0,9211754.0,377107715.0,78299575.0
0.9,mcf,mcf-attacker,9,0.20291689231943233,19608.3,0.003400243811719266,7716754.0,8999025.0,76522291.0,377111487.0,32126238.72,0.20291689231943233,0.8575100080286475,0.003400243811719266,0.20776606692744798,0.8536588302338087,0.0035777094940090902,7716754.0,8999025.0,377111487.0,76522291.0,7870381.0,9219586.0,377114185.0,78351531.0
1.0,mcf,mcf-attacker,9,0.20300273983825598,19600.2,0.003411738868044609,7707534.0,8994158.0,76555741.0,377116787.0,32112967.68,0.20300273983825598,0.8569489217334185,0.003411738868044609,0.20761941710074033,0.8538132188750241,0.0035702967931966934,7707534.0,8994158.0,377116787.0,76555741.0,7863811.0,9210224.0,377115147.0,78296427.0
1.1,mcf,mcf-attacker,9,0.20313082408237287,19609.0,0.0034239801774908645,7715736.0,9006903.0,76599689.0,377095349.0,32127385.6,0.20313082408237287,0.8566469517879787,0.0034239801774908645,0.20779789127879322,0.8530824269182467,0.0035861970016997815,7715736.0,9006903.0,377095349.0,76599689.0,7852419.0,9204760.0,377096127.0,78359780.0
1.3,mcf,mcf-attacker,9,0.2028670776796456,19614.7,0.0033994094899251503,7711257.0,8993208.0,76503185.0,377109908.0,32136724.48,0.2028670776796456,0.8574534248512877,0.0033994094899251503,0.20778930498714637,0.8534385701463665,0.0035814161407756273,7711257.0,8993208.0,377109908.0,76503185.0,7864567.0,9215153.0,377109486.0,78359318.0
1.4,mcf,mcf-attacker,9,0.20289939744318874,19629.9,0.0034072678541089583,7712590.0,8997498.0,76514988.0,377108010.0,32161628.16,0.20289939744318874,0.8571927440272841,0.0034072678541089583,0.2076423909998102,0.8540284415754442,0.0035656587033586922,7712590.0,8997498.0,377108010.0,76514988.0,7867076.0,9211726.0,377111247.0,78304281.0
1.5,mcf,mcf-attacker,9,0.20296079401709968,19607.4,0.0034048718314874027,7709686.0,8993682.0,76537638.0,377105531.0,32124764.16,0.20296079401709968,0.857233555733903,0.0034048718314874027,0.2076143024857274,0.8538832937173038,0.0035688746476046232,7709686.0,8993682.0,377105531.0,76537638.0,7865049.0,9210918.0,377112993.0,78294051.0
1.6,mcf,mcf-attacker,9,0.20281639232061247,19618.3,0.003399217353877992,7713649.0,8995478.0,76481115.0,377095333.0,32142622.72,0.20281639232061247,0.857502958708809,0.003399217353877992,0.20765801918329424,0.8538876923150425,0.0035684319081223563,7713649.0,8995478.0,377095333.0,76481115.0,7863988.0,9209628.0,377095608.0,78306927.0
1.7,mcf,mcf-attacker,9,0.20236745577854678,19570.5,0.003384947693890147,7694480.0,8970828.0,76305846.0,377065797.0,32064307.2,0.20236745577854678,0.8577223863839547,0.003384947693890147,0.20718191732919172,0.8546009122205497,0.0035393843676298064,7694480.0,8970828.0,377065797.0,76305846.0,7848436.0,9183744.0,377271260.0,78163783.0
1.8,mcf,mcf-attacker,9,0.20206444564299758,19565.8,0.00337489853281235,7690519.0,8963816.0,76235789.0,377284528.0,32056606.72,0.20206444564299758,0.8579514572811401,0.00337489853281235,0.20688920100273986,0.8544162320357078,0.0035402610314818265,7690519.0,8963816.0,377284528.0,76235789.0,7838799.0,9174450.0,377274723.0,78054066.0
1.9,mcf,mcf-attacker,9,0.20222311627120243,19575.2,0.0033716548943835034,7690515.0,8962254.0,76275607.0,377185400.0,32072007.68,0.20222311627120243,0.8581005403328226,0.0033716548943835034,0.20682127807667156,0.8547561832032946,0.003532884449285114,7690515.0,8962254.0,377185400.0,76275607.0,7842023.0,9174573.0,377184711.0,78009824.0
2.0,mcf,mcf-attacker,9,0.20920592177705372,12017.4,0.0033676524680217915,7998644.0,9268595.0,78892128.0,377102748.0,19689308.16,0.20920592177705372,0.8629834403164666,0.0033676524680217915,0.7025095188785883,0.8483151286769265,0.0019360280064259913,7998644.0,9268595.0,377102748.0,78892128.0,4035922.0,4757574.0,372748740.0,261859538.0
2.1,mcf,mcf-attacker,9,0.8576025464109414,3497.8999999999996,0.0011188719695568441,2775458.0,3192168.0,319403441.0,372437608.0,5730959.359999999,0.8576025464109414,0.86945862498465,0.0011188719695568441,1.0043784055165952,0.5039570154310368,4.9694464031403616e-05,2775458.0,3192168.0,372437608.0,319403441.0,19040.0,37781.0,377124502.0,378775706.0
2.2,mcf,mcf-attacker,9,1.0100337826492451,13730.4,2.9462753242490784e-05,13519.0,24633.0,381007008.0,377222044.0,22495887.36,1.0100337826492451,0.5488166281005156,2.9462753242490784e-05,0.48571414680124203,0.8752386507107883,0.0021072472480418076,13519.0,24633.0,377222044.0,381007008.0,5576352.0,6371236.0,377214397.0,183218369.0
2.3,mcf,mcf-attacker,9,0.32372676779042264,19562.4,0.0032206677764030603,6392104.0,7607242.0,122140104.0,377293805.0,32051036.16,0.32372676779042264,0.8402656310920568,0.0032206677764030603,0.20753420039270312,0.8724724674053881,0.003111823020085026,6392104.0,7607242.0,377293805.0,122140104.0,8031821.0,9205816.0,377269206.0,78296263.0
2.4,mcf,mcf-attacker,9,0.2014138692243815,19538.2,0.003559913235418795,7568549.0,8911194.0,75964583.0,377156664.0,32011386.88,0.2014138692243815,0.8493305162024304,0.003559913235418795,0.20598626516680435,0.8687990184035115,0.003178610099784608,7568549.0,8911194.0,377156664.0,75964583.0,7938883.0,9137767.0,377172400.0,77692334.0
2.5,mcf,mcf-attacker,9,0.20212552336345127,19514.9,0.003678009122661543,7550716.0,8938332.0,76256638.0,377273670.0,31973212.16,0.20212552336345127,0.8447567174725664,0.003678009122661543,0.2067155186568147,0.8638303304597544,0.0033097735655388564,7550716.0,8938332.0,377273670.0,76256638.0,7917100.0,9165110.0,377068091.0,77945826.0
2.7,mcf,mcf-attacker,9,0.20127515306847762,19578.5,0.0034842740394984825,7600261.0,8914302.0,75907865.0,377134802.0,32077414.4,0.20127515306847762,0.8525918237905783,0.0034842740394984825,0.20767070098943463,0.861046230313797,0.0033938477461858694,7600261.0,8914302.0,377134802.0,75907865.0,7931387.0,9211337.0,377138309.0,78320577.0
2.8,mcf,mcf-attacker,9,0.20125795128126073,19566.3,0.0034809489030476204,7607343.0,8920234.0,75907392.0,377164686.0,32057425.919999998,0.20125795128126073,0.8528187713461328,0.0034809489030476204,0.2082066634547484,0.8583722777372101,0.0034705850309015313,7607343.0,8920234.0,377164686.0,75907392.0,7933462.0,9242449.0,377166094.0,78528494.0
2.9,mcf,mcf-attacker,9,0.2010976218998464,19588.1,0.0034180555837802673,7629612.0,8918334.0,75820572.0,377033658.0,32093143.04,0.2010976218998464,0.8554974505328014,0.0034180555837802673,0.2088130429542301,0.8578243351196277,0.0034926477512657156,7629612.0,8918334.0,377033658.0,75820572.0,7949495.0,9267043.0,377234721.0,78771530.0
3.0,mcf,mcf-attacker,9,0.20088451154202683,19585.5,0.0034373073549487823,7610373.0,8906868.0,75770287.0,377183320.0,32088883.2,0.20088451154202683,0.8544387319987228,0.0034373073549487823,0.20836500468882407,0.8565904274544681,0.0035144917899659635,7610373.0,8906868.0,377183320.0,75770287.0,7917963.0,9243581.0,377186256.0,78592416.0
3.1,mcf,mcf-attacker,9,0.20061794026639654,19551.399999999998,0.003396355930076122,7605842.0,8886625.0,75654040.0,377105058.0,32033013.759999998,0.20061794026639654,0.8558752057164559,0.003396355930076122,0.2085413932462513,0.8550524481344305,0.0035561512199846637,7605842.0,8886625.0,377105058.0,75654040.0,7911106.0,9252188.0,377116134.0,78644324.0
3.2,mcf,mcf-attacker,9,0.2005696575209991,19540.9,0.0033753743656762076,7612090.0,8884941.0,75634659.0,377099208.0,32015810.560000002,0.2005696575209991,0.8567406356440633,0.0033753743656762076,0.20858128803152665,0.8558771488275263,0.0035394351519930406,7612090.0,8884941.0,377099208.0,75634659.0,7921731.0,9255687.0,376883865.0,78610922.0
3.4,mcf,mcf-attacker,9,0.20103287397218694,19588.800000000003,0.003409490786077383,7625307.0,8911032.0,75809852.0,377101767.0,32094289.92,0.20103287397218694,0.8557153649543622,0.003409490786077383,0.20911495341150357,0.8542279534242564,0.003585465581572827,7625307.0,8911032.0,377101767.0,75809852.0,7923294.0,9275386.0,377103606.0,78858003.0
3.5,mcf,mcf-attacker,9,0.2007815061812318,19610.4,0.003352655351523116,7637731.0,8902461.0,75741276.0,377232333.0,32129679.36,0.2007815061812318,0.8579347890431646,0.003352655351523116,0.209241866264084,0.8545540509664349,0.0035774375914380658,7637731.0,8902461.0,377232333.0,75741276.0,7932768.0,9282933.0,377411196.0,78970223.0
3.6,mcf,mcf-attacker,9,0.20101082483949306,19594.2,0.003388915714523782,7626071.0,8903343.0,75760367.0,376896951.0,32103137.28,0.20101082483949306,0.8565401782229439,0.003388915714523782,0.20913204623134737,0.8544276379680673,0.003584154539794167,7626071.0,8903343.0,376896951.0,75760367.0,7928880.0,9279756.0,376902275.0,78822344.0
3.7,mcf,mcf-attacker,9,0.20040260742497382,19552.3,0.003347492896893716,7612670.0,8875631.0,75609026.0,377285640.0,32034488.32,0.20040260742497382,0.8577046522100795,0.003347492896893716,0.20839836983369478,0.8546117606243979,0.003565082203925728,7612670.0,8875631.0,377285640.0,75609026.0,7902530.0,9246924.0,377100421.0,78587113.0
3.8,mcf,mcf-attacker,9,0.1999269729353798,19522.3,0.0033283188259040208,7604813.0,8860218.0,75410240.0,377188925.0,31985336.32,0.1999269729353798,0.8583099196882064,0.0033283188259040208,0.20813118001056205,0.8544658476796874,0.003561946480636125,7604813.0,8860218.0,377188925.0,75410240.0,7888198.0,9231730.0,377190395.0,78505082.0
3.9,mcf,mcf-attacker,9,0.19996472306573976,19530.4,0.0033356721824273346,7606268.0,8864459.0,75425222.0,377192641.0,31998607.36,0.19996472306573976,0.8580634193242926,0.0033356721824273346,0.20828434464868056,0.8548408759127247,0.0035559584629772938,7606268.0,8864459.0,377192641.0,75425222.0,7898775.0,9240053.0,377191695.0,78563125.0
4.0,mcf,mcf-attacker,9,0.19996609517084854,19506.5,0.0033350308192426326,7598462.0,8856524.0,75432510.0,377226499.0,31959449.6,0.19996609517084854,0.8579508168215882,0.0033350308192426326,0.2082158780280487,0.8536769377597615,0.0035793840763438563,7598462.0,8856524.0,377226499.0,75432510.0,7877677.0,9227937.0,377232499.0,78545796.0
4.1,mcf,mcf-attacker,9,0.19925257096597374,19460.2,0.003327606850337155,7573376.0,8828908.0,75179548.0,377307794.0,31883591.68,0.19925257096597374,0.8577930588924474,0.003327606850337155,0.207706638152295,0.8537800068626181,0.003571288288026109,7573376.0,8828908.0,377307794.0,75179548.0,7867704.0,9215142.0,377297460.0,78367187.0
4.2,mcf,mcf-attacker,9,0.19948624848311466,19471.8,0.0033304816227483843,7582714.0,8839495.0,75277559.0,377357134.0,31902597.119999997,0.19948624848311466,0.8578220814650611,0.0033304816227483843,0.207844294350411,0.8535748221503511,0.00357681823291702,7582714.0,8839495.0,377357134.0,75277559.0,7868286.0,9218039.0,377361362.0,78432406.0
4.3,mcf,mcf-attacker,9,0.19914334838516246,19451.1,0.003315031216788336,7570370.0,8820628.0,75106552.0,377148183.0,31868682.24,0.19914334838516246,0.8582574846144742,0.003315031216788336,0.20766590825269748,0.853592694582586,0.003573501362945459,7570370.0,8820628.0,377148183.0,75106552.0,7857605.0,9205333.0,377144952.0,78320149.0
4.4,mcf,mcf-attacker,9,0.19976453827125915,19519.6,0.0033186181019362227,7604451.0,8856316.0,75356135.0,377224785.0,31980912.64,0.19976453827125915,0.858647207258639,0.0033186181019362227,0.20839532234819239,0.8541898245309457,0.003571221505395738,7604451.0,8856316.0,377224785.0,75356135.0,7891964.0,9239122.0,377226111.0,78612157.0
4.5,mcf,mcf-attacker,9,0.19921960998067742,19498.800000000003,0.003305563258621135,7570616.0,8817302.0,75135243.0,377147827.0,31946833.92,0.19921960998067742,0.8586091300944438,0.003305563258621135,0.2076344474749309,0.8540121041001746,0.003561189621537627,7570616.0,8817302.0,377147827.0,75135243.0,7856931.0,9200023.0,377147005.0,78308710.0
4.6,mcf,mcf-attacker,9,0.19994154222871552,19503.0,0.0033190720204772923,7534949.0,8775305.0,74719286.0,373705660.0,31953715.2,0.19994154222871552,0.8586538017766904,0.0033190720204772923,0.20838269154566594,0.8541313503783576,0.0035739103899265533,7534949.0,8775305.0,373705660.0,74719286.0,7819880.0,9155360.0,373674730.0,77867346.0
4.7,mcf,mcf-attacker,9,0.19885909972158866,19497.2,0.003303931973522393,7628948.0,8886012.0,75660945.0,380475146.0,31944212.48,0.19885909972158866,0.8585345146956812,0.003303931973522393,0.20735380150764615,0.8543516734044468,0.0035471957963984745,7628948.0,8886012.0,380475146.0,75660945.0,7921418.0,9271847.0,380703259.0,78940268.0
4.8,mcf,mcf-attacker,9,0.19977737947291996,19490.3,0.00331537523083602,7602954.0,8853873.0,75377688.0,377308423.0,31932907.52,0.19977737947291996,0.8587150504643561,0.00331537523083602,0.20829251788177539,0.8539901191268812,0.003576233163949242,7602954.0,8853873.0,377308423.0,75377688.0,7892142.0,9241491.0,377310130.0,78590877.0
4.9,mcf,mcf-attacker,9,0.19885480239552195,19469.100000000002,0.0033082929704695368,7563639.0,8811722.0,75019746.0,377258910.0,31898173.44,0.19885480239552195,0.8583610558753443,0.0033082929704695368,0.20721114902430562,0.8538142289908832,0.00355996438437297,7563639.0,8811722.0,377258910.0,75019746.0,7844367.0,9187440.0,377271471.0,78174855.0
5.0,mcf,mcf-attacker,9,0.19980979746091662,19454.8,0.0033291262576526687,7597707.0,8853660.0,75380654.0,377262051.0,31874744.32,0.19980979746091662,0.8581430730342028,0.0033291262576526687,0.20836371780520344,0.8534004192491098,0.0035939898530689537,7597707.0,8853660.0,377262051.0,75380654.0,7888551.0,9243669.0,377051148.0,78563779.0
5.1,mcf,mcf-attacker,9,0.19983556910463404,19518.800000000003,0.003330070606465419,7606076.0,8862423.0,75392641.0,377273382.0,31979601.92,0.19983556910463404,0.8582388811727899,0.003330070606465419,0.2083001266330383,0.8533903993902175,0.0035891823120519214,7606076.0,8862423.0,377273382.0,75392641.0,7881982.0,9236080.0,377272003.0,78585806.0
5.2,mcf,mcf-attacker,9,0.19985030816080676,19509.6,0.0033357781647932205,7599416.0,8857298.0,75361158.0,377088025.0,31964528.64,0.19985030816080676,0.8579835520945552,0.0033357781647932205,0.20869670491750403,0.8533277028760152,0.0035995838893820636,7599416.0,8857298.0,377088025.0,75361158.0,7901102.0,9259165.0,377283331.0,78737788.0
5.3,mcf,mcf-attacker,9,0.19997005017932318,19516.5,0.003329686198263386,7611141.0,8867224.0,75436232.0,377237651.0,31975833.6,0.19997005017932318,0.8583454077623391,0.003329686198263386,0.2085857179966164,0.8534501813410319,0.003594172658454362,7611141.0,8867224.0,377237651.0,75436232.0,7896040.0,9251905.0,377239807.0,78686836.0
5.5,mcf,mcf-attacker,9,0.20001452987280416,19547.7,0.003317889375754726,7616554.0,8867955.0,75439038.0,377167789.0,32026951.68,0.20001452987280416,0.8588850529800839,0.003317889375754726,0.20866471495443195,0.8541041975973416,0.0035804363803775383,7616554.0,8867955.0,377167789.0,75439038.0,7905515.0,9255914.0,377160451.0,78700078.0
5.6,mcf,mcf-attacker,9,0.20013953696326667,19552.4,0.003332797160456438,7614590.0,8871818.0,75498453.0,377229078.0,32034652.16,0.20013953696326667,0.8582896989095132,0.003332797160456438,0.20866386249157803,0.8535102626242216,0.003597731369960112,7614590.0,8871818.0,377229078.0,75498453.0,7907339.0,9264492.0,377224662.0,78713155.0
5.7,mcf,mcf-attacker,9,0.2001172692172536,19557.1,0.0033177524742536565,7614627.0,8866096.0,75485004.0,377203848.0,32042352.64,0.2001172692172536,0.85884779501598,0.0033177524742536565,0.2085053960651935,0.8539897779865904,0.00357894918398779,7614627.0,8866096.0,377203848.0,75485004.0,7895928.0,9245928.0,377205691.0,78649422.0
5.8,mcf,mcf-attacker,9,0.1993861520956396,20084.3,0.0032672650668640058,7608371.0,8840697.0,75203185.0,377173561.0,32906117.12,0.1993861520956396,0.8606075968897022,0.0032672650668640058,0.2079369490274487,0.8560091853638786,0.003520831017241339,7608371.0,8840697.0,377173561.0,75203185.0,7894543.0,9222498.0,377170899.0,78427766.0
5.9,mcf,mcf-attacker,9,0.19948784607011577,19669.7,0.0032135161020572173,7632146.0,8843994.0,75228796.0,377109671.0,32226836.48,0.19948784607011577,0.8629750314168011,0.0032135161020572173,0.20792068356772742,0.8590455532441058,0.0034477503137643377,7632146.0,8843994.0,377109671.0,75228796.0,7923947.0,9224129.0,377110255.0,78409022.0
6.0,mcf,mcf-attacker,9,0.2006824401409999,19568.899999999998,0.003322774628152917,7627537.0,8880534.0,75676061.0,377093586.0,32061685.759999998,0.2006824401409999,0.8589052189879572,0.003322774628152917,0.20896442937189097,0.8546628667941043,0.003568622899932519,7627537.0,8880534.0,377093586.0,75676061.0,7913244.0,9258907.0,377081871.0,78796698.0
6.1,mcf,mcf-attacker,9,0.20073946850113128,19582.0,0.0033539173629106946,7624580.0,8889385.0,75701413.0,377112750.0,32083148.8,0.20073946850113128,0.8577173786488042,0.0033539173629106946,0.20922650456074063,0.8535188629660536,0.0036041685593184783,7624580.0,8889385.0,377112750.0,75701413.0,7919758.0,9278949.0,377116380.0,78902742.0
6.2,mcf,mcf-attacker,9,0.20083013357990304,19292.4,0.003363456215688364,7628930.0,8897317.0,75734695.0,377108224.0,31608668.16,0.20083013357990304,0.8574416309995474,0.003363456215688364,0.20946128834402533,0.8527386546185171,0.003629724765892451,7628930.0,8897317.0,377108224.0,75734695.0,7926332.0,9295148.0,377112891.0,78990552.0
6.3,mcf,mcf-attacker,9,0.21065674851383626,11962.9,0.0032284016293313528,8115806.0,9332996.0,79422983.0,377025581.0,19600015.36,0.21065674851383626,0.8695820720377465,0.0032284016293313528,0.9581571487241244,0.8355496513284779,0.0008008039635691421,8115806.0,9332996.0,377025581.0,79422983.0,1559205.0,1866083.0,383212389.0,367177690.0
6.4,mcf,mcf-attacker,9,0.21193867011388934,13295.699999999999,0.003034123756576749,8241112.0,9385305.0,79923814.0,377108217.0,21783674.88,0.21193867011388934,0.878086753706992,0.003034123756576749,1.0041609064092958,0.8830355435346829,4.5410644360045966e-05,8241112.0,9385305.0,377108217.0,79923814.0,129287.0,146412.0,377114226.0,378683363.0
6.5,mcf,mcf-attacker,9,0.7431805686114278,14513.800000000001,0.0014621956043421288,3672243.0,4216529.0,276640675.0,372238843.0,23779409.92,0.7431805686114278,0.8709161018458548,0.0014621956043421288,0.21642787284747908,0.8540657327747059,0.003707698504121952,3672243.0,4216529.0,372238843.0,276640675.0,8181872.0,9579909.0,377063291.0,81607006.0
6.6,mcf,mcf-attacker,9,1.0123120962159067,12383.199999999999,2.1719221379120117e-05,15319.0,23509.0,381728052.0,377085341.0,20288634.88,1.0123120962159067,0.6516227827640478,2.1719221379120117e-05,0.2182445232496496,0.8778732244420598,0.003132762302021618,15319.0,23509.0,377085341.0,381728052.0,8492485.0,9673931.0,377125963.0,82305676.0
6.7,mcf,mcf-attacker,9,0.4324830081989107,18301.600000000002,0.002673936699141279,5415213.0,6423711.0,163114650.0,377158517.0,29985341.44,0.4324830081989107,0.8430038337652488,0.002673936699141279,0.20876584871928322,0.8736650822539584,0.003101490398037797,5415213.0,6423711.0,377158517.0,163114650.0,8089590.0,9259372.0,377167700.0,78739735.0
6.8,mcf,mcf-attacker,9,0.20281878356034078,19585.2,0.00369159969691446,7580082.0,8972214.0,76484598.0,377108060.0,32088391.68,0.20281878356034078,0.8448396348994797,0.00369159969691446,0.2063215404909941,0.8686871081127401,0.0031880382252295297,7580082.0,8972214.0,377108060.0,76484598.0,7952741.0,9154897.0,377083308.0,77800409.0
6.9,mcf,mcf-attacker,9,0.202807435416369,19552.2,0.003670046428540043,7588137.0,8972154.0,76481032.0,377111578.0,32034324.48,0.202807435416369,0.8457430623683009,0.003670046428540043,0.20685570682853618,0.8639281694746418,0.0033094988873475016,7588137.0,8972154.0,377111578.0,76481032.0,7928693.0,9177491.0,377337489.0,78054413.0
7.0,mcf,mcf-attacker,9,0.2019221065404338,19566.300000000003,0.003533173396660081,7611589.0,8944759.0,76191136.0,377329344.0,32057425.92,0.2019221065404338,0.850955179452012,0.003533173396660081,0.20718899660785745,0.8629816833557109,0.0033432912333178095,7611589.0,8944759.0,377329344.0,76191136.0,7935939.0,9195953.0,376878325.0,78085042.0
7.1,mcf,mcf-attacker,9,0.20206338675838725,19572.3,0.00357392888063178,7602501.0,8949435.0,76153179.0,376877673.0,32067256.32,0.20206338675838725,0.8494950798569966,0.00357392888063178,0.2076272491820444,0.8601303496969153,0.00341762651780174,7602501.0,8949435.0,376877673.0,76153179.0,7925887.0,9214751.0,377122542.0,78300916.0
7.2,mcf,mcf-attacker,9,0.20165482206988297,19564.1,0.003485772789189645,7622187.0,8936733.0,76047567.0,377117523.0,32053821.439999998,0.20165482206988297,0.8529053066707935,0.003485772789189645,0.20787686581529755,0.8582525999866456,0.0034677901681573046,7622187.0,8936733.0,377117523.0,76047567.0,7917751.0,9225432.0,377093462.0,78389007.0
7.3,mcf,mcf-attacker,9,0.2003034798421707,19506.8,0.003412881690405291,7588726.0,8876101.0,75556587.0,377210556.0,31959941.119999997,0.2003034798421707,0.8549616548977981,0.003412881690405291,0.2069271660804122,0.8589454274402277,0.0034327973873822834,7588726.0,8876101.0,377210556.0,75556587.0,7885448.0,9180383.0,377224419.0,78057980.0
7.6,mcf,mcf-attacker,9,0.20009374341587838,19517.2,0.0033623290002833582,7594678.0,8862869.0,75470629.0,377176356.0,31976980.48,0.20009374341587838,0.8569096530705802,0.0033623290002833582,0.20739435238180529,0.8564740228885117,0.00350346503815677,7594678.0,8862869.0,377176356.0,75470629.0,7883965.0,9205142.0,377105804.0,78209614.0
7.8,mcf,mcf-attacker,9,0.20001079031315677,19514.2,0.0033586347618581205,7593562.0,8860406.0,75442103.0,377190165.0,31972065.28,0.20001079031315677,0.8570219017051814,0.0033586347618581205,0.20751016164355518,0.8548119692878661,0.003542153469893175,7593562.0,8860406.0,377190165.0,75442103.0,7867509.0,9203789.0,377250735.0,78283361.0
7.9,mcf,mcf-attacker,9,0.20000191862458735,19521.199999999997,0.003333528024057538,7604190.0,8861414.0,75429758.0,377145172.0,31983534.08,0.20000191862458735,0.8581237712175506,0.003333528024057538,0.20754781141600456,0.8560379857275442,0.0035140193759147487,7604190.0,8861414.0,377145172.0,75429758.0,7880672.0,9205984.0,377149884.0,78276633.0
8.0,mcf,mcf-attacker,9,0.200347621543927,19490.8,0.003368903142011445,7600065.0,8870966.0,75580087.0,377244743.0,31933726.72,0.200347621543927,0.8567347682315545,0.003368903142011445,0.20750671280505073,0.854829564086605,0.003544702561559504,7600065.0,8870966.0,377244743.0,75580087.0,7872505.0,9209444.0,377165355.0,78264343.0
8.1,mcf,mcf-attacker,9,0.19990527394236488,19486.6,0.0033354637739337334,7600455.0,8858505.0,75399059.0,377173936.0,31926845.439999998,0.19990527394236488,0.8579839374702616,0.0033354637739337334,0.20761402918970964,0.8545428839142576,0.0035562791042679917,7600455.0,8858505.0,377173936.0,75399059.0,7881502.0,9223062.0,377236983.0,78319690.0
8.2,mcf,mcf-attacker,9,0.19965669208119152,19460.1,0.0033492101425710136,7581760.0,8845026.0,75307162.0,377183260.0,31883427.84,0.19965669208119152,0.8571778081828137,0.0033492101425710136,0.20720077991412783,0.8544626179107193,0.003545484556038221,7581760.0,8845026.0,377183260.0,75307162.0,7851428.0,9188732.0,377185115.0,78153050.0
8.3,mcf,mcf-attacker,9,0.199641726556546,19454.3,0.003337979967004415,7583549.0,8842848.0,75317596.0,377263798.0,31873925.119999997,0.199641726556546,0.8575912420975685,0.003337979967004415,0.20731188980947632,0.8541566116117884,0.0035571174294515627,7583549.0,8842848.0,377263798.0,75317596.0,7859458.0,9201425.0,377262496.0,78211001.0
8.4,mcf,mcf-attacker,9,0.19961318193315086,19456.399999999998,0.003323692830715395,7588216.0,8842085.0,75304426.0,377251769.0,31877365.759999998,0.19961318193315086,0.8581930619305288,0.003323692830715395,0.20737684583479069,0.8541056808079385,0.0035575340951614783,7588216.0,8842085.0,377251769.0,75304426.0,7855918.0,9197829.0,377202569.0,78223079.0
8.5,mcf,mcf-attacker,9,0.2005681600251626,19539.6,0.0033389284155145847,7624665.0,8883519.0,75618881.0,377023357.0,32013680.64,0.2005681600251626,0.8582933182222046,0.0033389284155145847,0.20832172528490786,0.8548271548475894,0.003560834905393991,7624665.0,8883519.0,377023357.0,75618881.0,7906322.0,9249030.0,377076735.0,78553276.0
8.6,mcf,mcf-attacker,9,0.20037347562978305,19547.2,0.003333318476657082,7618339.0,8875531.0,75572716.0,377159281.0,32026132.48,0.20037347562978305,0.8583530382576546,0.003333318476657082,0.20811493827799443,0.8542455218551135,0.003570409305198444,7618339.0,8875531.0,377159281.0,75572716.0,7892359.0,9238982.0,377162080.0,78493063.0
8.7,mcf,mcf-attacker,9,0.19947695100803442,19491.399999999998,0.0033121701608015337,7589268.0,8838708.0,75248091.0,377226996.0,31934709.759999998,0.19947695100803442,0.8586399731725497,0.0033121701608015337,0.20711862034439413,0.8549224845227567,0.0035344962033726046,7589268.0,8838708.0,377226996.0,75248091.0,7854066.0,9186875.0,377085990.0,78101530.0
8.8,mcf,mcf-attacker,9,0.1995979310629136,19470.2,0.0033170581231234146,7590944.0,8841739.0,75264311.0,377079615.0,31899975.68,0.1995979310629136,0.8585351818233947,0.0033170581231234146,0.20734964450295032,0.854378059944897,0.003549410535984035,7590944.0,8841739.0,377079615.0,75264311.0,7854277.0,9192976.0,377160936.0,78204186.0
8.9,mcf,mcf-attacker,9,0.19993669365889793,19512.0,0.003315731474596258,7609207.0,8859453.0,75389112.0,377064913.0,31968460.8,0.19993669365889793,0.8588800008307511,0.003315731474596258,0.20759609953916586,0.8546425661967525,0.0035502984970201957,7609207.0,8859453.0,377064913.0,75389112.0,7872393.0,9211328.0,377133078.0,78291356.0
9.0,mcf,mcf-attacker,9,0.1997715009482427,19478.3,0.003329685595265569,7598069.0,8854291.0,75369685.0,377279465.0,31913246.72,0.1997715009482427,0.8581228017014575,0.003329685595265569,0.20769365528088612,0.853773874000232,0.0035729726448092,7598069.0,8854291.0,377279465.0,75369685.0,7870739.0,9218763.0,377283605.0,78359411.0
9.1,mcf,mcf-attacker,9,0.19991086648219017,19490.3,0.003327459947570751,7605344.0,8860635.0,75416779.0,377252024.0,31932907.52,0.19991086648219017,0.8583294538145404,0.003327459947570751,0.20783337986629682,0.8536784988212387,0.0035759189304283455,7605344.0,8860635.0,377252024.0,75416779.0,7870786.0,9219848.0,377263027.0,78407850.0
9.2,mcf,mcf-attacker,9,0.1998935106313719,19519.3,0.003331177072368008,7601021.0,8857729.0,75411114.0,377256439.0,31980421.12,0.1998935106313719,0.8581230019568221,0.003331177072368008,0.2079284083996523,0.8536183249786912,0.0035814196165698873,7601021.0,8857729.0,377256439.0,75411114.0,7876682.0,9227405.0,377147373.0,78419653.0
9.3,mcf,mcf-attacker,9,0.2007095064843151,19515.0,0.003348629141368835,7632436.0,8894978.0,75674006.0,377032495.0,31973376.0,0.2007095064843151,0.858061256587706,0.003348629141368835,0.2087616046569381,0.8533848437216802,0.0036016092551129177,7632436.0,8894978.0,377032495.0,75674006.0,7905444.0,9263633.0,377106150.0,78725285.0
9.4,mcf,mcf-attacker,9,0.20048376863311185,19562.3,0.003334852581786414,7631275.0,8888851.0,75602615.0,377100927.0,32050872.32,0.20048376863311185,0.8585220969504382,0.003334852581786414,0.2084342418993726,0.8538672323970719,0.0035855775614007457,7631275.0,8888851.0,377100927.0,75602615.0,7900778.0,9252935.0,377109957.0,78602628.0
9.7,mcf,mcf-attacker,9,0.20077624327408947,19559.3,0.0033451204257540276,7634979.0,8896444.0,75713927.0,377106005.0,32045957.12,0.20077624327408947,0.8582057055605588,0.0033451204257540276,0.20858062027854427,0.853557490029151,0.003595256804549951,7634979.0,8896444.0,377106005.0,75713927.0,7902225.0,9257988.0,377097680.0,78655268.0
9.8,mcf,mcf-attacker,9,0.20063027505339506,19566.3,0.003336489470349196,7629915.0,8888113.0,75658147.0,377102344.0,32057425.919999998,0.20063027505339506,0.8584403686136753,0.003336489470349196,0.20839825133659215,0.8540130983683637,0.003580696333961243,7629915.0,8888113.0,377102344.0,75658147.0,7899236.0,9249549.0,377109052.0,78588867.0
9.9,mcf,mcf-attacker,9,0.20076048513677558,19573.5,0.0033396299030708774,7627510.0,8886904.0,75707955.0,377105858.0,32069222.4,0.20076048513677558,0.8582865303822343,0.0033396299030708774,0.20853252439571415,0.8538000726939236,0.0035880676277544807,7627510.0,8886904.0,377105858.0,75707955.0,7902128.0,9255244.0,377115523.0,78640852.0
10.0,mcf,mcf-attacker,9,0.20068256665729414,19556.7,0.003338225114873408,7630975.0,8889876.0,75680781.0,377116868.0,32041697.28,0.20068256665729414,0.8583893633611988,0.003338225114873408,0.20867350714202212,0.8536904498585606,0.0035923692824082636,7630975.0,8889876.0,377116868.0,75680781.0,7904395.0,9259088.0,377102935.0,78691392.0
10.1,mcf,mcf-attacker,9,0.2006787284864045,19554.100000000002,0.003348792415220157,7633125.0,8895959.0,75676211.0,377101308.0,32037437.44,0.2006787284864045,0.8580440849603735,0.003348792415220157,0.20876579667165657,0.853430235870802,0.0036016179220322853,7633125.0,8895959.0,377101308.0,75676211.0,7908540.0,9266768.0,377116071.0,78728937.0
10.2,mcf,mcf-attacker,9,0.20067910490371335,19549.0,0.0033547484822600837,7632002.0,8897107.0,75677846.0,377108748.0,32029081.6,0.20067910490371335,0.8578071501219441,0.0033547484822600837,0.20868704256245846,0.853135691008841,0.0036066160502259983,7632002.0,8897107.0,377108748.0,75677846.0,7902880.0,9263333.0,377210377.0,78718918.0
10.3,mcf,mcf-attacker,9,0.2008200409861918,19553.3,0.0033517889606233934,7636825.0,8900813.0,75730938.0,377108468.0,32036126.72,0.2008200409861918,0.8579918486097843,0.0033517889606233934,0.20863795525802312,0.8532450803787812,0.0036039241293570933,7636825.0,8900813.0,377108468.0,75730938.0,7899802.0,9258538.0,377015706.0,78659786.0
10.4,mcf,mcf-attacker,9,0.2007753812331016,19550.6,0.0033512650984246404,7626870.0,8890656.0,75713830.0,377107141.0,32031703.04,0.2007753812331016,0.8578523339560096,0.0033512650984246404,0.2086631488431774,0.8531389970950514,0.0036033391451732307,7626870.0,8890656.0,377107141.0,75713830.0,7893364.0,9252143.0,377088846.0,78684546.0
10.5,mcf,mcf-attacker,9,0.2021460690923518,18377.4,0.0033552555496253727,7689747.0,8954753.0,76213566.0,377022251.0,30109532.16,0.2021460690923518,0.8587335686422618,0.0033552555496253727,0.4364273761801968,0.850401373433594,0.0031510570593617907,7689747.0,8954753.0,377022251.0,76213566.0,6757473.0,7946216.0,377252134.0,164643159.0
10.6,mcf,mcf-attacker,9,0.21213214167028802,11997.2,0.003090958364730574,8231889.0,9397930.0,80025269.0,377242545.0,19656212.48,0.21213214167028802,0.8759257623753316,0.003090958364730574,1.0059226166986128,0.6399970367077823,2.6083433262350382e-05,8231889.0,9397930.0,377242545.0,80025269.0,17278.0,26997.0,372611991.0,374818829.0
10.7,mcf,mcf-attacker,9,0.20747608339902593,14113.0,0.0030049768521040058,8053731.0,9186141.0,78186290.0,376844833.0,23122739.2,0.20747608339902593,0.8767262553448723,0.0030049768521040058,0.7504931480864288,0.8384678470377528,0.0013070437367031515,8053731.0,9186141.0,376844833.0,78186290.0,2557991.0,3050792.0,377034820.0,282962049.0
10.8,mcf,mcf-attacker,9,0.19811350877504305,19544.5,0.002995818979180471,7653715.0,8783639.0,74721874.0,377166981.0,32021708.8,0.19811350877504305,0.8713603780847551,0.002995818979180471,0.20960689396315932,0.8450537233379755,0.0038145486396630878,7653715.0,8783639.0,377166981.0,74721874.0,7846541.0,9285257.0,377165462.0,79056481.0
10.9,mcf,mcf-attacker,9,0.6558910776324811,16849.0,0.001854102710807098,4438777.0,5122181.0,241754992.0,368590152.0,27605401.6,0.6558910776324811,0.866579490260106,0.001854102710807098,0.2146809784120021,0.8528677549549404,0.003710192595301124,4438777.0,5122181.0,368590152.0,241754992.0,8031813.0,9417419.0,373459319.0,80174612.0
11.0,mcf,mcf-attacker,9,1.0135644423556205,12346.0,2.13752656594703e-05,14829.0,22890.0,382233517.0,377118120.0,20227686.4,1.0135644423556205,0.6478374836173001,2.13752656594703e-05,0.21805953919784163,0.8776619383175118,0.0031378812579791714,14829.0,22890.0,377118120.0,382233517.0,8490183.0,9673637.0,377150664.0,82241300.0
11.1,mcf,mcf-attacker,9,0.5220015192218184,15810.5,0.00228038654701599,4599420.0,5459434.0,196865139.0,377135184.0,25903923.2,0.5220015192218184,0.8424719485573047,0.00228038654701599,0.21044865764993187,0.8745608737479317,0.0031079412673258866,4599420.0,5459434.0,377135184.0,196865139.0,8171756.0,9343839.0,377125209.0,79365494.0
11.2,mcf,mcf-attacker,9,0.2040087022028041,19582.1,0.0038003615317793423,7587029.0,9020166.0,76932791.0,377105438.0,32083312.64,0.2040087022028041,0.841118555911277,0.0038003615317793423,0.20644062165765015,0.8680916157268677,0.0032023845964684653,7587029.0,9020166.0,377105438.0,76932791.0,7947739.0,9155415.0,377117727.0,77852418.0
11.3,mcf,mcf-attacker,9,0.20307364141215023,19603.0,0.0036593332724855006,7605728.0,8985880.0,76591136.0,377159416.0,32117555.2,0.20307364141215023,0.8464088102667741,0.0036593332724855006,0.20698450403783442,0.8653816717032281,0.0032814071756195936,7605728.0,8985880.0,377159416.0,76591136.0,7954404.0,9191787.0,377089137.0,78051608.0
11.4,mcf,mcf-attacker,9,0.20242493452443133,19603.1,0.0035764579842348385,7618024.0,8966565.0,76326445.0,377060490.0,32117719.04,0.20242493452443133,0.8496033876964032,0.0035764579842348385,0.2069472258517025,0.8640992947845763,0.0033100428786520856,7618024.0,8966565.0,377060490.0,76326445.0,7936625.0,9184853.0,377103272.0,78040476.0
11.5,mcf,mcf-attacker,9,0.20247780838209825,19592.3,0.0035867098344541785,7618274.0,8970860.0,76356511.0,377110517.0,32100024.32,0.20247780838209825,0.8492244890679378,0.0035867098344541785,0.2076384997354205,0.8605297010323588,0.0034077930732763838,7618274.0,8970860.0,377110517.0,76356511.0,7929042.0,9214141.0,377105937.0,78301711.0
11.8,mcf,mcf-attacker,9,0.2017141463612627,19580.5,0.0034823428388664774,7628323.0,8941521.0,76066782.0,377101871.0,32080691.2,0.2017141463612627,0.8531348301927603,0.0034823428388664774,0.20762701454728266,0.8593188374327209,0.003437870087106425,7628323.0,8941521.0,377101871.0,76066782.0,7918758.0,9215157.0,377093656.0,78294830.0
11.9,mcf,mcf-attacker,9,0.20161526246954412,19585.9,0.003446097456714722,7637366.0,8936899.0,76029680.0,377102800.0,32089538.560000002,0.20161526246954412,0.8545879280945213,0.003446097456714722,0.20814673205936363,0.8570907981839757,0.003501422832808064,7637366.0,8936899.0,377102800.0,76029680.0,7919111.0,9239524.0,377107554.0,78493705.0
12.0,mcf,mcf-attacker,9,0.2013824750324579,19584.7,0.0033964548555779584,7640891.0,8921739.0,75943992.0,377113212.0,32087572.48,0.2013824750324579,0.8564351635931067,0.0033964548555779584,0.20823701526108465,0.8573237160133269,0.0034960432056504232,7640891.0,8921739.0,377113212.0,75943992.0,7922381.0,9240828.0,377125488.0,78531486.0
12.1,mcf,mcf-attacker,9,0.20164822776127636,19573.399999999998,0.0034473347223927297,7641318.0,8941332.0,76042955.0,377106984.0,32069058.56,0.20164822776127636,0.8546062264548504,0.0034473347223927297,0.20843703029381,0.8557460137431162,0.003540136736482033,7641318.0,8941332.0,377106984.0,76042955.0,7919273.0,9254233.0,377092779.0,78600099.0
12.2,mcf,mcf-attacker,9,0.20128133263804363,19578.1,0.003394880452214934,7645863.0,8926142.0,75907316.0,377120496.0,32076759.04,0.20128133263804363,0.8565697251959469,0.003394880452214934,0.20854913106124084,0.8546837768646091,0.0035687052125188976,7645863.0,8926142.0,377120496.0,75907316.0,7915882.0,9261767.0,377135381.0,78651256.0
12.3,mcf,mcf-attacker,9,0.20117828808060664,19576.7,0.003391854292809176,7641491.0,8920577.0,75865385.0,377105232.0,32074465.28,0.20117828808060664,0.8566139836021818,0.003391854292809176,0.2084711423144173,0.8555094697430162,0.0035459137134107384,7641491.0,8920577.0,377105232.0,75865385.0,7917291.0,9254475.0,377105623.0,78615640.0
12.4,mcf,mcf-attacker,9,0.20135330191275383,19581.399999999998,0.0034004238719378124,7640713.0,8923020.0,75930754.0,377102105.0,32082165.759999998,0.20135330191275383,0.8562922642782377,0.0034004238719378124,0.20865011063927452,0.8543480273475308,0.003579440817125305,7640713.0,8923020.0,377102105.0,75930754.0,7917819.0,9267674.0,377113373.0,78684747.0
12.5,mcf,mcf-attacker,9,0.20085682484947986,19578.4,0.003343803227492715,7642232.0,8903212.0,75745019.0,377109511.0,32077250.560000002,0.20085682484947986,0.8583679687735168,0.003343803227492715,0.20837111703714092,0.8550333570200925,0.003554679186648773,7642232.0,8903212.0,377109511.0,75745019.0,7906561.0,9247079.0,377113638.0,78579590.0
12.6,mcf,mcf-attacker,9,0.20106639788890937,19580.3,0.003378175536952637,7640608.0,8914547.0,75823865.0,377108586.0,32080363.52,0.20106639788890937,0.8570943649744626,0.003378175536952637,0.2083810158943473,0.8548355103322547,0.003561357506421118,7640608.0,8914547.0,377108586.0,75823865.0,7907985.0,9250885.0,377075314.0,78575337.0
12.7,mcf,mcf-attacker,9,0.20100781592775974,19570.2,0.0033470589618045227,7635779.0,8898040.0,75805156.0,377125415.0,32063815.68,0.20100781592775974,0.8581416806397814,0.0033470589618045227,0.20828149445265953,0.8547094423898287,0.0035565285871737387,7635779.0,8898040.0,377125415.0,75805156.0,7890728.0,9232059.0,377146132.0,78552560.0
12.8,mcf,mcf-attacker,9,0.20016549126649852,19538.0,0.0033235336021230984,7621668.0,8875363.0,75505924.0,377217489.0,32011059.2,0.20016549126649852,0.858744369103551,0.0033235336021230984,0.2078506210358366,0.8553277850727358,0.003540237826376493,7621668.0,8875363.0,377217489.0,75505924.0,7895429.0,9230881.0,377220985.0,78405616.0
13.0,mcf,mcf-attacker,9,0.20091261680296066,19584.2,0.003351337756074678,7642349.0,8906173.0,75766218.0,377110304.0,32086753.28,0.20091261680296066,0.8580957275363953,0.003351337756074678,0.20871569229128584,0.8539108241146807,0.003588740411615047,7642349.0,8906173.0,377110304.0,75766218.0,7910559.0,9263917.0,377112258.0,78709246.0
13.1,mcf,mcf-attacker,9,0.20115160085440054,19569.5,0.003369588542134086,7651647.0,8922366.0,75857084.0,377113996.0,32062668.8,0.20115160085440054,0.857580489300708,0.003369588542134086,0.20873811982684326,0.8538150445212989,0.0035921071215933974,7651647.0,8922366.0,377113996.0,75857084.0,7911942.0,9266576.0,377114032.0,78718074.0
13.2,mcf,mcf-attacker,9,0.20117428522656866,19579.5,0.003366884636549949,7650330.0,8920015.0,75864783.0,377109743.0,32079052.799999997,0.20117428522656866,0.8576588716498795,0.003366884636549949,0.2087290951285355,0.853683596055552,0.003595598250685124,7650330.0,8920015.0,377109743.0,75864783.0,7911692.0,9267710.0,377132790.0,78718586.0
13.3,mcf,mcf-attacker,9,0.20096059385955475,19571.600000000002,0.003355683777519636,7645125.0,8910578.0,75783716.0,377107345.0,32066109.44,0.20096059385955475,0.8579830623782205,0.003355683777519636,0.20847926124108657,0.8534936183742373,0.003592449354156696,7645125.0,8910578.0,377107345.0,75783716.0,7892136.0,9246860.0,377103159.0,78618188.0
13.4,mcf,mcf-attacker,9,0.20093967757499062,19564.7,0.0033585540712726893,7639480.0,8906020.0,75776103.0,377108712.0,32054804.48,0.20093967757499062,0.8577883274459298,0.0033585540712726893,0.20865421337014403,0.8538747974902832,0.003588805468075469,7639480.0,8906020.0,377108712.0,75776103.0,7907977.0,9261284.0,377091211.0,78681670.0
13.5,mcf,mcf-attacker,9,0.20098314312217624,19586.5,0.003344050255615185,7638116.0,8899185.0,75792405.0,377108268.0,32090521.6,0.20098314312217624,0.8582938774730495,0.003344050255615185,0.20853307506091692,0.8541874437485334,0.0035774216258985716,7638116.0,8899185.0,377108268.0,75792405.0,7902926.0,9251981.0,377102601.0,78638365.0
13.6,mcf,mcf-attacker,9,0.20119979136249225,19579.4,0.0033586817047223873,7642109.0,8908700.0,75874366.0,377109566.0,32078888.96,0.20119979136249225,0.85782538417502,0.0033586817047223873,0.20864984675428677,0.8536963321196503,0.003591649542495368,7642109.0,8908700.0,377109566.0,75874366.0,7903326.0,9257772.0,377109733.0,78683888.0
13.9,mcf,mcf-attacker,9,0.20095016566980764,19586.9,0.003343514633159784,7649050.0,8909925.0,75780449.0,377110657.0,32091176.96,0.20095016566980764,0.8584864631295999,0.003343514633159784,0.20853322178649458,0.8541357388427537,0.003580071710689867,7649050.0,8909925.0,377110657.0,75780449.0,7905385.0,9255420.0,377097195.0,78637293.0
14.0,mcf,mcf-attacker,9,0.2010724500275465,19577.0,0.0033473203242407393,7574513.0,8825044.0,75118993.0,373591673.0,32074956.8,0.2010724500275465,0.8582974770437405,0.0033473203242407393,0.20857506565951725,0.8542005915461793,0.0035786984382598325,7574513.0,8825044.0,373591673.0,75118993.0,7906262.0,9255744.0,377087375.0,78651024.0
14.1,mcf,mcf-attacker,9,0.2010568404272051,19570.2,0.0033547536821028744,7720707.0,8997620.0,76527852.0,380627945.0,32063815.68,0.2010568404272051,0.8580832486813179,0.0033547536821028744,0.2087192589706186,0.8536344723533831,0.003595119394409157,7720707.0,8997620.0,380627945.0,76527852.0,7911381.0,9267879.0,377316537.0,78753228.0
14.2,mcf,mcf-attacker,9,0.2011648882813769,19576.0,0.003359074206414748,7645610.0,8913099.0,75906118.0,377332837.0,32073318.4,0.2011648882813769,0.857794802907496,0.003359074206414748,0.2087571693549471,0.8534482628285416,0.003600426986985545,7645610.0,8913099.0,377332837.0,75906118.0,7902878.0,9259938.0,376916406.0,78684002.0
14.3,mcf,mcf-attacker,9,0.20118104205059378,19485.5,0.0033619669387516433,7606422.0,8867076.0,75437888.0,374975133.0,31925043.200000003,0.20118104205059378,0.8578275408939767,0.0033619669387516433,0.20859411750745283,0.8536256004188889,0.0035940376200504784,7606422.0,8867076.0,374975133.0,75437888.0,7864404.0,9212943.0,375215605.0,78267768.0
14.4,mcf,mcf-attacker,9,0.2012112718952862,19578.699999999997,0.0033610932132167475,7651746.0,8919263.0,75879689.0,377114504.0,32077742.08,0.2012112718952862,0.8578899400096174,0.0033610932132167475,0.20875392518599603,0.8534758667860755,0.0035993783876913507,7651746.0,8919263.0,377114504.0,75879689.0,7906102.0,9263416.0,377096780.0,78720433.0
14.5,mcf,mcf-attacker,9,0.20095386379616842,19617.5,0.0033452727644231453,7639378.0,8900916.0,75781843.0,377110654.0,32141312.0,0.20095386379616842,0.8582687444752877,0.0033452727644231453,0.20845001400446483,0.85422973730654,0.003575960662189372,7639378.0,8900916.0,377110654.0,75781843.0,7902651.0,9251201.0,377115446.0,78609720.0
14.6,mcf,mcf-attacker,9,0.20103197534427067,19559.4,0.0033522828116031647,7652971.0,8917149.0,75811086.0,377109591.0,32046120.96,0.20103197534427067,0.858230696829222,0.0033522828116031647,0.20853803070167629,0.8538841981388378,0.0035869477528024654,7652971.0,8917149.0,377109591.0,75811086.0,7904599.0,9257226.0,377096934.0,78639052.0
14.7,mcf,mcf-attacker,9,0.2003818446597993,19639.5,0.003301659985722779,7624069.0,8869296.0,75574373.0,377151798.0,32177356.799999997,0.2003818446597993,0.8596024983268119,0.003301659985722779,0.20769445854471147,0.8558365170591438,0.0035221266391478098,7624069.0,8869296.0,377151798.0,75574373.0,7884150.0,9212215.0,377063387.0,78313976.0
14.8,mcf,mcf-attacker,9,0.20713011758720354,16964.7,0.003301447655891297,7930020.0,9174781.0,78095284.0,377034904.0,27794964.48,0.20713011758720354,0.8643279877743131,0.003301447655891297,0.7365117546571623,0.8479147028015607,0.0018222573476276134,7930020.0,9174781.0,377034904.0,78095284.0,3785979.0,4465047.0,372652085.0,274462641.0
14.9,mcf,mcf-attacker,9,0.21203813161382185,12047.2,0.003039104375848687,8250758.0,9396840.0,79962073.0,377111760.0,19738132.48,0.21203813161382185,0.8780353821071765,0.003039104375848687,1.0096366628035005,0.6975439059817774,2.4293773675242977e-05,8250758.0,9396840.0,377111760.0,79962073.0,21130.0,30292.0,377133669.0,380767979.0
15.0,mcf,mcf-attacker,9,0.20311620916570397,15553.3,0.002988943159807654,7871360.0,8998509.0,76596382.0,377106201.0,25482526.72,0.20311620916570397,0.8747404708935669,0.002988943159807654,0.44727655537617733,0.8412198639417027,0.0027789818299797948,7871360.0,8998509.0,377106201.0,76596382.0,5551898.0,6599818.0,377087748.0,168662509.0
15.1,mcf,mcf-attacker,9,0.19926342722873802,19582.5,0.003052875634153379,7681181.0,8832471.0,75145541.0,377116574.0,32083968.0,0.19926342722873802,0.8696525581572813,0.003052875634153379,0.2106559607655314,0.8439945988510498,0.0038587392090181126,7681181.0,8832471.0,377116574.0,75145541.0,7872482.0,9327645.0,377108408.0,79440134.0
15.2,mcf,mcf-attacker,9,0.19963892348086343,19597.5,0.0031123548989097816,7680826.0,8854523.0,75285632.0,377108986.0,32108544.0,0.19963892348086343,0.8674466145720102,0.0031123548989097816,0.2109724666871468,0.8424568701273755,0.003907992556701645,7680826.0,8854523.0,377108986.0,75285632.0,7881136.0,9354943.0,377126358.0,79563278.0
15.3,mcf,mcf-attacker,9,0.678944490296323,18503.4,0.001813001295937893,4241486.0,4909879.0,250304148.0,368666587.0,30315970.560000002,0.678944490296323,0.8638677246425014,0.001813001295937893,0.21489606031755062,0.8557983457002042,0.003641217662226401,4241486.0,4909879.0,368666587.0,250304148.0,8071706.0,9431785.0,373523125.0,80268648.0
15.4,mcf,mcf-attacker,9,1.0111057180649714,12218.800000000001,2.0964641882496497e-05,14442.0,22348.0,381299230.0,377111140.0,20019281.92,1.0111057180649714,0.6462323250402721,2.0964641882496497e-05,0.21803941553489029,0.8775626658792034,0.003137608138584793,14442.0,22348.0,377111140.0,381299230.0,8481458.0,9664789.0,377144292.0,82232321.0
15.5,mcf,mcf-attacker,9,0.5004127946600367,14269.0,0.0022816291965742823,4757798.0,5618483.0,188767652.0,377223872.0,23378329.6,0.5004127946600367,0.8468118529503427,0.0022816291965742823,0.209421963477207,0.8742879789486574,0.0030970879722683185,4757798.0,5618483.0,377223872.0,188767652.0,8124836.0,9293089.0,377210144.0,78996089.0
15.6,mcf,mcf-attacker,9,0.20213861667889674,19507.9,0.0037155253710029184,7540434.0,8941992.0,76250050.0,377216641.0,31961743.36,0.20213861667889674,0.8432610988692453,0.0037155253710029184,0.20598705894028088,0.8682352055503963,0.0031926077272527494,7540434.0,8941992.0,377216641.0,76250050.0,7934759.0,9138951.0,377181321.0,77694471.0
15.7,mcf,mcf-attacker,9,0.20111971962134212,19507.2,0.0035768103399349406,7565093.0,8914589.0,75880528.0,377290343.0,31960596.48,0.20111971962134212,0.8486193811066332,0.0035768103399349406,0.2063493171322377,0.8651269882902979,0.003272656802280483,7565093.0,8914589.0,377290343.0,75880528.0,7919401.0,9154033.0,377256790.0,77846681.0
16.0,mcf,mcf-attacker,9,0.20134021604523056,19526.600000000002,0.003538659765872206,7574303.0,8908940.0,75937253.0,377158893.0,31992381.44,0.20134021604523056,0.8501912685459774,0.003538659765872206,0.20742267550426172,0.8601927946395298,0.0034097887443075847,7574303.0,8908940.0,377158893.0,75937253.0,7912566.0,9198596.0,377158263.0,78231176.0
16.1,mcf,mcf-attacker,9,0.2006729966756276,19535.6,0.003430676903443644,7603814.0,8897573.0,75676755.0,377114790.0,32007127.04,0.2006729966756276,0.8545941685446132,0.003430676903443644,0.2079850762687529,0.8595224887092003,0.003440739602457207,7603814.0,8897573.0,377114790.0,75676755.0,7939172.0,9236724.0,377114269.0,78434140.0
16.2,mcf,mcf-attacker,9,0.20055771570481684,19514.6,0.0034591268583544993,7586163.0,8890637.0,75632475.0,377110772.0,31972720.64,0.20055771570481684,0.8532755302010419,0.0034591268583544993,0.20775169383765124,0.8584583001333495,0.0034603520645111485,7586163.0,8890637.0,377110772.0,75632475.0,7914455.0,9219382.0,377108160.0,78344859.0
16.3,mcf,mcf-attacker,9,0.2001578731386249,19532.2,0.0034071094128610506,7591013.0,8876124.0,75496573.0,377185128.0,32001556.48,0.2001578731386249,0.8552170970121643,0.0034071094128610506,0.2078814602672733,0.8561817686654738,0.0035167650705064946,7591013.0,8876124.0,377185128.0,75496573.0,7897222.0,9223768.0,377206317.0,78414200.0
16.4,mcf,mcf-attacker,9,0.19943815943802837,19457.199999999997,0.0033545605649298233,7570992.0,8836431.0,75233945.0,377229439.0,31878676.479999997,0.19943815943802837,0.8567929744486207,0.0033545605649298233,0.2072845309099167,0.8571086784365082,0.003483001284885195,7570992.0,8836431.0,377229439.0,75233945.0,7881428.0,9195366.0,377243042.0,78196647.0
16.5,mcf,mcf-attacker,9,0.20032311467386424,19524.2,0.0033977158641612317,7596767.0,8878286.0,75556017.0,377170738.0,31988449.28,0.20032311467386424,0.8556569364852631,0.0033977158641612317,0.20798823710119,0.8557848426976279,0.003528143625874387,7596767.0,8878286.0,377170738.0,75556017.0,7895625.0,9226180.0,377126087.0,78437790.0
16.6,mcf,mcf-attacker,9,0.19981748548942502,19509.0,0.0033344633183546284,7528011.0,8774084.0,74670839.0,373695219.0,31963545.6,0.19981748548942502,0.8579825540763002,0.0033344633183546284,0.2079838490259871,0.8554068228354808,0.003536605256782411,7528011.0,8774084.0,373695219.0,74670839.0,7891873.0,9225871.0,377197313.0,78450949.0
16.7,mcf,mcf-attacker,9,0.19969778760871187,19541.4,0.0033433788904608163,7665709.0,8938338.0,76013280.0,380641573.0,32016629.76,0.19969778760871187,0.8576212938020469,0.0033433788904608163,0.20770078703149109,0.8562377667167849,0.003511320522149709,7665709.0,8938338.0,380641573.0,76013280.0,7887277.0,9211550.0,377143867.0,78333078.0
16.8,mcf,mcf-attacker,9,0.20027475430831906,19545.7,0.003353530317896508,7609797.0,8874420.0,75524011.0,377102003.0,32023674.880000003,0.20027475430831906,0.8574979547959191,0.003353530317896508,0.20849304965766702,0.8549215643906655,0.003560864459600318,7609797.0,8874420.0,377102003.0,75524011.0,7913154.0,9256000.0,377112360.0,78625306.0
16.9,mcf,mcf-attacker,9,0.20005886621089702,19554.6,0.0033303733167598937,7616091.0,8872006.0,75444074.0,377109375.0,32038256.64,0.20005886621089702,0.8584406953737407,0.0033303733167598937,0.2085233699411149,0.8548937494914686,0.003560749713984404,7616091.0,8872006.0,377109375.0,75444074.0,7911692.0,9254591.0,377139397.0,78642378.0
17.0,mcf,mcf-attacker,9,0.20035174168825015,19535.2,0.0033635219717581843,7618413.0,8886824.0,75554242.0,377107987.0,32006471.68,0.20035174168825015,0.8572706064618811,0.0033635219717581843,0.2086335306936975,0.85449525868021,0.003571068909055816,7618413.0,8886824.0,377107987.0,75554242.0,7908369.0,9255018.0,377099696.0,78675641.0
17.1,mcf,mcf-attacker,9,0.20028392741887777,19542.2,0.0033497013918922305,7621352.0,8884550.0,75528600.0,377107644.0,32017940.48,0.20028392741887777,0.8578208237896123,0.0033497013918922305,0.20881842729227598,0.8535060208998436,0.003600345051872441,7621352.0,8884550.0,377107644.0,75528600.0,7910549.0,9268299.0,377116632.0,78748902.0
17.2,mcf,mcf-attacker,9,0.20023072775884643,19545.6,0.003352918615011044,7616838.0,8881287.0,75510793.0,377118906.0,32023511.04,0.20023072775884643,0.8576277289541482,0.003352918615011044,0.20883677097942455,0.8538935640592195,0.003591501170168882,7616838.0,8881287.0,377118906.0,75510793.0,7914894.0,9269181.0,377081041.0,78748387.0
17.3,mcf,mcf-attacker,9,0.20021795427619415,19535.0,0.0033517401112903053,7615931.0,8879879.0,75502597.0,377102030.0,32006144.0,0.20021795427619415,0.8576615739921681,0.0033517401112903053,0.2088224329272611,0.8535777669581005,0.003599771384899622,7615931.0,8879879.0,377102030.0,75502597.0,7913668.0,9271174.0,377108948.0,78748808.0
17.4,mcf,mcf-attacker,9,0.20004547189268201,19538.899999999998,0.003332679399866163,7619419.0,8876198.0,75438684.0,377107681.0,32012533.759999998,0.20004547189268201,0.8584102112188123,0.003332679399866163,0.20861019293554825,0.8534794465424045,0.003591688051832649,7619419.0,8876198.0,377107681.0,75438684.0,7889931.0,9244430.0,377120446.0,78671169.0
17.5,mcf,mcf-attacker,9,0.200059671054627,19550.2,0.0033359632531014495,7609220.0,8867259.0,75445336.0,377114166.0,32031047.68,0.200059671054627,0.8581253801202829,0.0033359632531014495,0.20875094399838615,0.8538904198665215,0.0035882585845227405,7609220.0,8867259.0,377114166.0,75445336.0,7907851.0,9260967.0,377095454.0,78719032.0
17.6,mcf,mcf-attacker,9,0.20032778208422328,19541.399999999998,0.0033381590172587732,7618989.0,8877835.0,75545181.0,377107859.0,32016629.759999998,0.20032778208422328,0.8582034921802444,0.0033381590172587732,0.2088712214303666,0.8535868371082002,0.0035980035949979873,7618989.0,8877835.0,377107859.0,75545181.0,7914254.0,9271762.0,377294787.0,78806023.0
17.7,mcf,mcf-attacker,9,0.200292279062366,19556.100000000002,0.0033344610919833657,7621249.0,8879420.0,75575012.0,377323641.0,32040714.240000002,0.200292279062366,0.858304821711328,0.0033344610919833657,0.20880468174181416,0.8538262869471535,0.0035927643986890592,7621249.0,8879420.0,377323641.0,75575012.0,7910143.0,9264347.0,376925356.0,78703779.0
17.8,mcf,mcf-attacker,9,0.20003814996395813,19552.2,0.0033296417180283585,7608034.0,8862913.0,75390596.0,376881090.0,32034324.48,0.20003814996395813,0.858412352688106,0.0033296417180283585,0.20877196132287246,0.8538323296722874,0.0035897309068988865,7608034.0,8862913.0,376881090.0,75390596.0,7908131.0,9261925.0,377129661.0,78734099.0
18.1,mcf,mcf-attacker,9,0.20019630601318267,19541.9,0.0033379150073209966,7619980.0,8878752.0,75496681.0,377113257.0,32017448.96,0.20019630601318267,0.8582264714680622,0.0033379150073209966,0.20875306461600762,0.8536750690060632,0.0035923920574507827,7619980.0,8878752.0,377113257.0,75496681.0,7904151.0,9258969.0,377135340.0,78728158.0
18.2,mcf,mcf-attacker,9,0.2002190374695252,19543.2,0.0033397612273873235,7614312.0,8873766.0,75504400.0,377108995.0,32019578.880000003,0.2002190374695252,0.8580699558676665,0.0033397612273873235,0.20900735905624443,0.8531172058801808,0.003612850325879209,7614312.0,8873766.0,377108995.0,75504400.0,7912680.0,9275021.0,377082048.0,78812923.0
18.3,mcf,mcf-attacker,9,0.20011822194201334,19532.6,0.003337491589797667,7613399.0,8871987.0,75465776.0,377105969.0,32002211.84,0.20011822194201334,0.8581391068314235,0.003337491589797667,0.20877309310152645,0.8531608321460386,0.0036053349203678557,7613399.0,8871987.0,377105969.0,75465776.0,7899539.0,9259144.0,377109209.0,78730256.0
18.4,mcf,mcf-attacker,9,0.20024634727235477,19540.8,0.003337129261263668,7607461.0,8865912.0,75514071.0,377105860.0,32015646.72,0.20024634727235477,0.8580573549568279,0.003337129261263668,0.20885139422030735,0.8533313183795285,0.003605620879955535,7607461.0,8865912.0,377105860.0,75514071.0,7910965.0,9270684.0,377110918.0,78760141.0
18.5,mcf,mcf-attacker,9,0.2000392075202769,19540.6,0.003330735276482427,7614376.0,8870434.0,75437051.0,377111327.0,32015319.04,0.2000392075202769,0.8583994875560768,0.003330735276482427,0.2088609662634196,0.8532417072079592,0.003608367517105676,7614376.0,8870434.0,377111327.0,75437051.0,7911281.0,9272028.0,377108760.0,78763300.0
18.6,mcf,mcf-attacker,9,0.20013474458291566,19552.7,0.0033255688368196744,7610923.0,8865030.0,75472918.0,377110522.0,32035143.68,0.20013474458291566,0.8585332480544341,0.0033255688368196744,0.20874425248298945,0.8537908153064055,0.0035930332441887177,7610923.0,8865030.0,377110522.0,75472918.0,7912567.0,9267571.0,377119806.0,78721592.0
18.7,mcf,mcf-attacker,9,0.19978626680520567,19531.399999999998,0.003316757750485619,7603907.0,8854880.0,75352873.0,377167431.0,32000245.759999998,0.19978626680520567,0.8587250194243174,0.003316757750485619,0.2083763256405221,0.853682188679678,0.003586467649922569,7603907.0,8854880.0,377167431.0,75352873.0,7890348.0,9242723.0,377077150.0,78573951.0
18.8,mcf,mcf-attacker,9,0.19918328444738892,19506.5,0.0032896370363035853,7596841.0,8838925.0,75206586.0,377574786.0,31959449.6,0.19918328444738892,0.8594756715324544,0.0032896370363035853,0.20764052978626052,0.8546407830900018,0.0035506991958008014,7596841.0,8838925.0,377574786.0,75206586.0,7883357.0,9224176.0,377621118.0,78409449.0
18.9,mcf,mcf-attacker,9,0.19932742248474977,19510.2,0.0033015842478194934,7587922.0,8833408.0,75194057.0,377238897.0,31965511.68,0.19932742248474977,0.8590027767312457,0.0033015842478194934,0.20805205093943385,0.8542616038507388,0.0035676626294082426,7587922.0,8833408.0,377238897.0,75194057.0,7888402.0,9234176.0,377214479.0,78480246.0
19.0,mcf,mcf-attacker,9,0.19937208958474237,19500.2,0.0033024231096359115,7594305.0,8839838.0,75194640.0,377157305.0,31949127.68,0.19937208958474237,0.8591000197062435,0.0033024231096359115,0.20801177237373608,0.8540540394116158,0.003570484065545582,7594305.0,8839838.0,377157305.0,75194640.0,7882069.0,9229005.0,377241846.0,78470745.0
19.1,mcf,mcf-attacker,9,0.21103070715174002,15312.1,0.0031770299374629654,8152964.0,9351040.0,79580876.0,377105669.0,25087344.64,0.21103070715174002,0.871877780439395,0.0031770299374629654,1.060419192018408,0.8035688004423213,0.00039775233804845796,8152964.0,9351040.0,377105669.0,79580876.0,606054.0,754203.0,372465441.0,394969502.0
19.2,mcf,mcf-attacker,9,0.21018688364411506,12001.399999999998,0.003017943806665617,8180249.0,9318110.0,79247154.0,377031871.0,19663093.759999998,0.21018688364411506,0.8778871466423985,0.003017943806665617,0.9269609378122107,0.8325264218728672,0.0004588049283720403,8180249.0,9318110.0,377031871.0,79247154.0,859959.0,1032951.0,377049132.0,349509817.0
19.3,mcf,mcf-attacker,9,0.19826761952866145,17061.4,0.002995627004459337,7665892.0,8795548.0,74767054.0,377101688.0,27953397.76,0.19826761952866145,0.8715650235778374,0.002995627004459337,0.21046169340567278,0.8432952794506781,0.0038725964642485266,7665892.0,8795548.0,377101688.0,74767054.0,7858651.0,9318979.0,377092737.0,79363576.0
19.4,mcf,mcf-attacker,9,0.19883816319856534,19540.2,0.003079026787922862,7655659.0,8816789.0,74983744.0,377109418.0,32014663.68,0.19883816319856534,0.8683046628426744,0.003079026787922862,0.21058470242774882,0.8419929164308388,0.003909544947060821,7655659.0,8816789.0,377109418.0,74983744.0,7856305.0,9330607.0,377103223.0,79412170.0
19.5,mcf,mcf-attacker,9,0.1989327266549757,19538.5,0.003111046227597106,7648838.0,8822034.0,75018840.0,377106579.0,32011878.4,0.1989327266549757,0.8670152484109673,0.003111046227597106,0.20977035206072753,0.8467495656688871,0.0037816525593834327,7648838.0,8822034.0,377106579.0,75018840.0,7880075.0,9306264.0,377133800.0,79111490.0
19.6,mcf,mcf-attacker,9,0.19887085352529738,19541.5,0.0031631483120166583,7615526.0,8808578.0,75008582.0,377172324.0,32016793.6,0.19887085352529738,0.8645579343226568,0.0031631483120166583,0.20913729956836508,0.8491083784259458,0.0037098529384178,7615526.0,8808578.0,377172324.0,75008582.0,7873585.0,9272768.0,377153225.0,78876807.0
19.7,mcf,mcf-attacker,9,0.5286510428008886,19510.2,0.002425896941671796,5703835.0,6615730.0,198720001.0,375900140.0,31965511.68,0.5286510428008886,0.8621626033710565,0.002425896941671796,0.2130908860504916,0.8503966222205999,0.0037464721868201863,5703835.0,6615730.0,375900140.0,198720001.0,8106939.0,9533127.0,380674920.0,81118356.0
19.8,mcf,mcf-attacker,9,1.0102909245984868,14530.8,2.174189980980412e-05,13863.0,22062.0,380986729.0,377105960.0,23807262.72,1.0102909245984868,0.6283655153657873,2.174189980980412e-05,0.21823747283631673,0.8774649632721183,0.00314389607250977,13863.0,22062.0,377105960.0,380986729.0,8489778.0,9675347.0,377101842.0,82297753.0
19.9,mcf,mcf-attacker,9,0.645315561811835,12366.7,0.0017038318008913886,3424488.0,4067030.0,243358735.0,377115863.0,20261601.28,0.645315561811835,0.8420119841751843,0.0017038318008913886,0.21213597650055804,0.8756727790547414,0.0031025219310762643,3424488.0,4067030.0,377115863.0,243358735.0,8240763.0,9410779.0,377117721.0,80000236.0
20.2,mcf,mcf-attacker,9,0.2016891045692071,19511.199999999997,0.0035894490917834586,7573925.0,8927690.0,76067286.0,377151191.0,31967150.08,0.2016891045692071,0.8483633504299545,0.0035894490917834586,0.2064372528211407,0.8662142845535912,0.003252334504637153,7573925.0,8927690.0,377151191.0,76067286.0,7942654.0,9169387.0,377185372.0,77865112.0
20.3,mcf,mcf-attacker,9,0.20211313607844172,19560.0,0.0036425212499874163,7578574.0,8952227.0,76220095.0,377115988.0,32047104.0,0.20211313607844172,0.8465573985110074,0.0036425212499874163,0.2073468192068315,0.8622984476812996,0.003361141419599816,7578574.0,8952227.0,377115988.0,76220095.0,7937183.0,9204682.0,377103740.0,78191261.0
20.4,mcf,mcf-attacker,9,0.2014808401773995,19536.300000000003,0.003511887648043452,7602264.0,8926620.0,75979754.0,377106597.0,32008273.92,0.2014808401773995,0.8516397023733507,0.003511887648043452,0.20753907492773607,0.8604266789880198,0.0034075087064335944,7602264.0,8926620.0,377106597.0,75979754.0,7921760.0,9206781.0,377114517.0,78265998.0
20.5,mcf,mcf-attacker,9,0.20117083835356162,19551.399999999998,0.003487824772192577,7599999.0,8915299.0,75863904.0,377111835.0,32033013.759999998,0.20117083835356162,0.8524670905597221,0.003487824772192577,0.20759008079004707,0.8600855358821171,0.0034214957888287147,7599999.0,8915299.0,377111835.0,75863904.0,7931388.0,9221627.0,377097936.0,78281791.0
20.6,mcf,mcf-attacker,9,0.20101524957855516,19551.0,0.0034612360089539425,7599099.0,8904359.0,75804471.0,377108061.0,32032358.4,0.20101524957855516,0.8534133675427956,0.0034612360089539425,0.20798423793694354,0.8576339752886067,0.003483765196605919,7599099.0,8904359.0,377108061.0,75804471.0,7914429.0,9228213.0,377116116.0,78434208.0
20.7,mcf,mcf-attacker,9,0.20019200267516848,19502.9,0.0033788226751341934,7600605.0,8875681.0,75547030.0,377372867.0,31953551.36,0.20019200267516848,0.8563404881270519,0.0033788226751341934,0.20761523468891416,0.8575723914296632,0.0034812764966737756,7600605.0,8875681.0,377372867.0,75547030.0,7908488.0,9221948.0,377292640.0,78331700.0
20.8,mcf,mcf-attacker,9,0.19964393079674617,19518.1,0.0033885193336217812,7580871.0,8860171.0,75373476.0,377539531.0,31978455.04,0.19964393079674617,0.855612267528471,0.0033885193336217812,0.20693486792512492,0.8575936278107272,0.003466626247362197,7580871.0,8860171.0,377539531.0,75373476.0,7883167.0,9192194.0,377608345.0,78140333.0
20.9,mcf,mcf-attacker,9,0.19956669915117284,19488.800000000003,0.003351530770870049,7596539.0,8862801.0,75399495.0,377816015.0,31930449.92,0.19956669915117284,0.857126206489348,0.003351530770870049,0.2071405237682875,0.8561867399899635,0.003507045683058139,7596539.0,8862801.0,377816015.0,75399495.0,7889206.0,9214352.0,377852506.0,78268566.0
21.0,mcf,mcf-attacker,9,0.20002670812037016,19519.0,0.0033492682859191498,7607437.0,8870743.0,75447805.0,377188655.0,31979929.6,0.20002670812037016,0.857587352040297,0.0033492682859191498,0.20765845524608656,0.8564326031358495,0.0035102653059480627,7607437.0,8870743.0,377188655.0,75447805.0,7898239.0,9222254.0,377183741.0,78325393.0
21.1,mcf,mcf-attacker,9,0.2002094079786421,19518.800000000003,0.0033824067466142927,7602488.0,8878269.0,75515270.0,377181426.0,31979601.92,0.2002094079786421,0.8563029572543928,0.0033824067466142927,0.20808985919278894,0.8549835693419239,0.00355181437891887,7602488.0,8878269.0,377181426.0,75515270.0,7897744.0,9237305.0,377148369.0,78480751.0
21.2,mcf,mcf-attacker,9,0.19990034038460483,19497.4,0.0033415120620584778,7604873.0,8865271.0,75401191.0,377193910.0,31944540.16,0.19990034038460483,0.857827470812793,0.0033415120620584778,0.2079349868324719,0.8543791936062947,0.0035638145720700686,7604873.0,8865271.0,377193910.0,75401191.0,7891118.0,9236084.0,377395056.0,78473636.0
21.3,mcf,mcf-attacker,9,0.1998834145944442,19500.9,0.0033521993139986037,7596464.0,8861816.0,75449833.0,377469202.0,31950274.560000002,0.1998834145944442,0.8572130136757522,0.0033521993139986037,0.2077774737601128,0.8549531413170467,0.003549245693483178,7596464.0,8861816.0,377469202.0,75449833.0,7887283.0,9225398.0,377013911.0,78334998.0
21.4,mcf,mcf-attacker,9,0.19956521183148904,19477.4,0.0033357981694028993,7582173.0,8839530.0,75221792.0,376928380.0,31911772.16,0.19956521183148904,0.8577574825810874,0.0033357981694028993,0.20780235958901302,0.8542726641810121,0.0035638770451788377,7582173.0,8839530.0,376928380.0,75221792.0,7880380.0,9224666.0,377197637.0,78382559.0
21.5,mcf,mcf-attacker,9,0.19955638717238688,19518.3,0.003318854173201164,7595187.0,8847101.0,75275207.0,377212717.0,31978782.72,0.19955638717238688,0.8584944378955321,0.003318854173201164,0.20776287327571646,0.8547447970770323,0.003551498391455053,7595187.0,8847101.0,377212717.0,75275207.0,7883507.0,9223229.0,377227258.0,78373819.0
21.6,mcf,mcf-attacker,9,0.1996882870473308,19480.5,0.0033317738884562627,7590003.0,8846828.0,75327210.0,377223978.0,31916851.200000003,0.1996882870473308,0.8579349570264054,0.0033317738884562627,0.2078530704266073,0.8546850700898746,0.003551854364291889,7590003.0,8846828.0,377223978.0,75327210.0,7879969.0,9219734.0,377201558.0,78402502.0
21.7,mcf,mcf-attacker,9,0.19963407553734588,19499.3,0.0033228534103114946,7593641.0,8847073.0,75305079.0,377215557.0,31947653.119999997,0.19963407553734588,0.8583224078743331,0.0033228534103114946,0.20791431247076078,0.8541357973342761,0.0035697826765708745,7593641.0,8847073.0,377215557.0,75305079.0,7885778.0,9232464.0,377245934.0,78434829.0
21.8,mcf,mcf-attacker,9,0.19959273227451596,19518.6,0.0033164398638948728,7600208.0,8851122.0,75283543.0,377185793.0,31979274.24,0.19959273227451596,0.8586717028643375,0.0033164398638948728,0.20803402891770337,0.8548457392995624,0.0035542509416988826,7600208.0,8851122.0,377185793.0,75283543.0,7894597.0,9235113.0,377158513.0,78461805.0
21.9,mcf,mcf-attacker,9,0.20029182354105193,19542.8,0.00333742981365614,7615528.0,8874095.0,75531380.0,377106657.0,32018923.52,0.20029182354105193,0.8581751716653924,0.00333742981365614,0.2085621702371455,0.8539195237087015,0.0035838798399552042,7615528.0,8874095.0,377106657.0,75531380.0,7900881.0,9252489.0,377135412.0,78656180.0
22.0,mcf,mcf-attacker,9,0.1996751301841909,19523.0,0.0033080088768667397,7597818.0,8845543.0,75314082.0,377183087.0,31986483.2,0.1996751301841909,0.8589430858003856,0.0033080088768667397,0.2081171173506329,0.8547436086068319,0.0035573106851700493,7597818.0,8845543.0,377183087.0,75314082.0,7894859.0,9236523.0,377156824.0,78492791.0
22.3,mcf,mcf-attacker,9,0.1996409645766617,19504.4,0.003320332421585753,7600538.0,8852940.0,75302925.0,377191751.0,31956008.96,0.1996409645766617,0.8585326456521788,0.003320332421585753,0.20809081534483156,0.8539467144836418,0.003575301293768293,7600538.0,8852940.0,377191751.0,75302925.0,7884952.0,9233541.0,377195903.0,78491003.0
22.4,mcf,mcf-attacker,9,0.19984217541860444,19515.6,0.0033288177217262837,7601314.0,8856859.0,75375363.0,377174452.0,31974359.04,0.19984217541860444,0.8582403761875401,0.0033288177217262837,0.20827058048975153,0.8540028236293007,0.0035815170444297465,7601314.0,8856859.0,377174452.0,75375363.0,7901773.0,9252631.0,377174807.0,78554416.0
22.5,mcf,mcf-attacker,9,0.1996645066536017,19531.600000000002,0.0033239177222760393,7599316.0,8853083.0,75312565.0,377195558.0,32000573.44,0.1996645066536017,0.8583807471363366,0.0033239177222760393,0.20802104171511432,0.8538380179581222,0.0035798530440054217,7599316.0,8853083.0,377195558.0,75312565.0,7887987.0,9238271.0,377189785.0,78463412.0
22.6,mcf,mcf-attacker,9,0.20024866265582744,19501.7,0.003326036578431216,7619799.0,8874081.0,75515794.0,377110104.0,31951585.28,0.20024866265582744,0.8586578148204868,0.003326036578431216,0.20873488447945648,0.8537716307583275,0.0035914037945337977,7619799.0,8874081.0,377110104.0,75515794.0,7907521.0,9261869.0,377108250.0,78715647.0
22.7,mcf,mcf-attacker,9,0.19937393218544783,19497.8,0.0033131972629601436,7582631.0,8832820.0,75230986.0,377336120.0,31945195.52,0.19937393218544783,0.8584609445228137,0.0033131972629601436,0.2077540613311526,0.8540664316131295,0.0035684464566829092,7582631.0,8832820.0,377336120.0,75230986.0,7881056.0,9227685.0,377371222.0,78400404.0
22.8,mcf,mcf-attacker,9,0.1998031022005384,19568.2,0.0033114654013871887,7612707.0,8861616.0,75355126.0,377146927.0,32060538.88,0.1998031022005384,0.8590653217201016,0.0033114654013871887,0.2082916471457321,0.8540347942021206,0.0035765159321452284,7612707.0,8861616.0,377146927.0,75355126.0,7891811.0,9240620.0,377129314.0,78552886.0
22.9,mcf,mcf-attacker,9,0.19991936009517472,19540.2,0.003310950920289324,7610135.0,8858723.0,75391306.0,377108580.0,32014663.68,0.19991936009517472,0.859055532044517,0.003310950920289324,0.20832836113790673,0.8544800271844748,0.0035689818626296085,7610135.0,8858723.0,377108580.0,75391306.0,7903425.0,9249397.0,377130524.0,78566984.0
23.0,mcf,mcf-attacker,9,0.2001504337799013,19539.100000000002,0.003328773649135549,7610739.0,8866051.0,75478620.0,377109450.0,32012861.44,0.2001504337799013,0.858413627442477,0.003328773649135549,0.2086209647958846,0.8537037580701844,0.003594365146671381,7610739.0,8866051.0,377109450.0,75478620.0,7909538.0,9264968.0,377098582.0,78670670.0
23.2,mcf,mcf-attacker,9,0.20027473322049671,19531.3,0.003344587905830735,7618340.0,8879617.0,75525572.0,377109837.0,32000081.919999998,0.20027473322049671,0.857958175448333,0.003344587905830735,0.20875554457363005,0.853096330720671,0.0036106063474781623,7618340.0,8879617.0,377109837.0,75525572.0,7906664.0,9268196.0,377092341.0,78720117.0
23.3,mcf,mcf-attacker,9,0.2040943191419381,19534.4,0.0033623629886476245,7776481.0,9044154.0,76947331.0,377018485.0,32005160.96,0.2040943191419381,0.859835093475852,0.0033623629886476245,0.5660030452776793,0.8481995745022042,0.0026171724844473382,7776481.0,9044154.0,377018485.0,76947331.0,5448041.0,6423065.0,372548621.0,210863654.0
23.4,mcf,mcf-attacker,9,0.21116193602287048,13885.7,0.003034435450624538,8218648.0,9363032.0,79636013.0,377132425.0,22750330.880000003,0.21116193602287048,0.877776344244044,0.003034435450624538,1.0090070977292853,0.6572290292177191,2.41089708724891e-05,8218648.0,9363032.0,377132425.0,79636013.0,17433.0,26525.0,377121033.0,380517799.0
23.5,mcf,mcf-attacker,9,0.2049627653462944,12013.099999999999,0.0029851862922514916,7960909.0,9086661.0,77294085.0,377112813.0,19682263.04,0.2049627653462944,0.8761093871555239,0.0029851862922514916,0.6165299821639777,0.8416104277579259,0.0019554076902649365,7960909.0,9086661.0,377112813.0,77294085.0,3918438.0,4655881.0,377130050.0,232511983.0
23.6,mcf,mcf-attacker,9,0.19824699395946813,18546.8,0.0030165746813334265,7652611.0,8790182.0,74760301.0,377106858.0,30387077.12,0.19824699395946813,0.870586183539772,0.0030165746813334265,0.2116348465143818,0.8407921626722519,0.003953298143490688,7652611.0,8790182.0,377106858.0,74760301.0,7875416.0,9366662.0,377215668.0,79831980.0
23.7,mcf,mcf-attacker,9,0.1985596588432349,19578.9,0.003056912366480866,7637402.0,8790161.0,74876675.0,377099132.0,32078069.76,0.1985596588432349,0.8688580334307869,0.003056912366480866,0.21099183131467558,0.8446503974649748,0.003849959378966351,7637402.0,8790161.0,377099132.0,74876675.0,7891855.0,9343339.0,377012809.0,79546623.0
23.8,mcf,mcf-attacker,9,0.1986807335904972,19571.7,0.0031225751289302704,7629804.0,8807508.0,74934016.0,377157939.0,32066273.28,0.1986807335904972,0.8662840839883427,0.0031225751289302704,0.20991404470846448,0.8478220233298851,0.0037579906976475826,7629804.0,8807508.0,377157939.0,74934016.0,7896449.0,9313805.0,377157932.0,79170747.0
23.9,mcf,mcf-attacker,9,0.19884860684826666,19550.1,0.0031510514507235646,7623736.0,8812187.0,74997768.0,377160138.0,32030883.84,0.19884860684826666,0.8651355219765536,0.0031510514507235646,0.2102902297521646,0.8458062690818743,0.003807925788115504,7623736.0,8812187.0,377160138.0,74997768.0,7877404.0,9313485.0,377129461.0,79306641.0
24.0,mcf,mcf-attacker,9,0.19940809391538286,19555.3,0.0031891311719282134,7639784.0,8842427.0,75198145.0,377106784.0,32039403.52,0.19940809391538286,0.8639917524905776,0.0031891311719282134,0.2100002322435007,0.8496525869225275,0.0037129843490845012,7639784.0,8842427.0,377106784.0,75198145.0,7912795.0,9312977.0,377104202.0,79191970.0
24.1,mcf,mcf-attacker,9,0.32100106936707284,19575.4,0.0030060818938848063,7084785.0,8219145.0,121131355.0,377354989.0,32072335.36,0.32100106936707284,0.861985644492219,0.0030060818938848063,0.21082241728442197,0.8501972203974446,0.0037128326103075095,7084785.0,8219145.0,377354989.0,121131355.0,7947789.0,9348171.0,377173481.0,79516625.0
24.4,mcf,mcf-attacker,9,0.8011696016843307,15370.4,0.0010477320790859247,1983507.0,2378622.0,302132705.0,377114539.0,25182863.36,0.8011696016843307,0.8338891173124607,0.0010477320790859247,0.21507936506252845,0.8763432862907329,0.003125886288119233,1983507.0,2378622.0,377114539.0,302132705.0,8353986.0,9532778.0,377106488.0,81107824.0
24.5,mcf,mcf-attacker,9,0.2034406354979895,19625.1,0.003699330761665795,7606224.0,9001239.0,76717319.0,377099289.0,32153763.84,0.2034406354979895,0.8450196689589067,0.003699330761665795,0.20652103662339885,0.8700093215062429,0.0031604688817433784,7606224.0,9001239.0,377099289.0,76717319.0,7977219.0,9169119.0,377127586.0,77884780.0
24.6,mcf,mcf-attacker,9,0.2029918122168914,19694.9,0.0036836425729930844,7592598.0,8981741.0,76550493.0,377111235.0,32268124.16,0.2029918122168914,0.8453370009222043,0.0036836425729930844,0.20638861075057868,0.8670396240774457,0.003229577119521741,7592598.0,8981741.0,377111235.0,76550493.0,7941874.0,9159759.0,377103551.0,77829878.0
24.7,mcf,mcf-attacker,9,0.2025254642907511,19576.9,0.003573332849443598,7615334.0,8963073.0,76385682.0,377165816.0,32074792.96,0.2025254642907511,0.849634271638756,0.003573332849443598,0.207249010128245,0.8637032095448482,0.003322912248153658,7615334.0,8963073.0,377165816.0,76385682.0,7941599.0,9194824.0,377146583.0,78163256.0
24.8,mcf,mcf-attacker,9,0.20099371648133166,19556.4,0.0034766108187258707,7589520.0,8900903.0,75815142.0,377201553.0,32041205.76,0.20099371648133166,0.8526685438544831,0.0034766108187258707,0.20690691714332485,0.8624650182314041,0.0033477188581473158,7589520.0,8900903.0,377201553.0,75815142.0,7921247.0,9184427.0,377325592.0,78071275.0
24.9,mcf,mcf-attacker,9,0.201577114078231,19560.3,0.0035054416925324196,7603364.0,8926218.0,76069470.0,377371560.0,32047595.52,0.201577114078231,0.8518012891910102,0.0035054416925324196,0.20733417272457935,0.8596910952321221,0.003423287374733268,7603364.0,8926218.0,377371560.0,76069470.0,7909036.0,9199858.0,377070885.0,78179680.0
25.0,mcf,mcf-attacker,9,0.20167156045210044,19626.399999999998,0.0034387731297960094,7639579.0,8935605.0,76007220.0,376886160.0,32155893.759999998,0.20167156045210044,0.8549593452262046,0.0034387731297960094,0.2081029311374298,0.8584916042905573,0.003467818782883645,7639579.0,8935605.0,376886160.0,76007220.0,7933193.0,9240851.0,377083718.0,78472227.0
25.1,mcf,mcf-attacker,9,0.20185815279389518,19601.3,0.0034568512790003666,7646473.0,8950078.0,76122250.0,377107632.0,32114769.919999998,0.20185815279389518,0.8543470794332743,0.0034568512790003666,0.20842405417430884,0.8578962937801248,0.0034877613391336958,7646473.0,8950078.0,377107632.0,76122250.0,7940417.0,9255684.0,377109232.0,78598635.0
25.2,mcf,mcf-attacker,9,0.2014362897676047,19586.5,0.003439005909064048,7637107.0,8934431.0,75989440.0,377238084.0,32090521.6,0.2014362897676047,0.8547950059718409,0.003439005909064048,0.20842814612733546,0.8554503898287412,0.0035468338366766577,7637107.0,8934431.0,377238084.0,75989440.0,7916941.0,9254705.0,377171320.0,78613119.0
25.3,mcf,mcf-attacker,9,0.20096164041627243,19573.4,0.00337547552698107,7638079.0,8911034.0,75786396.0,377118717.0,32069058.560000002,0.20096164041627243,0.857148452132491,0.00337547552698107,0.20817862386645014,0.8559928252976645,0.0035281849704646923,7638079.0,8911034.0,377118717.0,75786396.0,7910537.0,9241359.0,377197344.0,78524424.0
25.4,mcf,mcf-attacker,9,0.20117737214525935,19561.0,0.003416171309206867,7628854.0,8917366.0,75880111.0,377180148.0,32048742.4,0.20117737214525935,0.855505314013129,0.003416171309206867,0.20834746161447587,0.8555666018591231,0.003542405379272394,7628854.0,8917366.0,377180148.0,75880111.0,7913950.0,9249952.0,377145430.0,78577293.0
25.5,mcf,mcf-attacker,9,0.20101740619161465,19586.199999999997,0.003372770207867111,7639719.0,8911481.0,75797129.0,377067491.0,32090030.08,0.20101740619161465,0.8572894898165636,0.003372770207867111,0.20862129221014777,0.8544786448870887,0.0035725124459351936,7639719.0,8911481.0,377067491.0,75797129.0,7908017.0,9254786.0,376980912.0,78646245.0
25.6,mcf,mcf-attacker,9,0.20083494266761942,19582.8,0.0033529591412448747,7630691.0,8894743.0,75713959.0,376995945.0,32084459.52,0.20083494266761942,0.8578877433558226,0.0033529591412448747,0.20847106541195654,0.8555370553818514,0.0035435822901205925,7630691.0,8894743.0,376995945.0,75713959.0,7913515.0,9249763.0,377089592.0,78612269.0
25.7,mcf,mcf-attacker,9,0.2004825686689952,19538.0,0.003371033339653799,7614462.0,8886240.0,75635360.0,377266515.0,32011059.2,0.2004825686689952,0.8568823259331281,0.003371033339653799,0.20802861693115682,0.8546370612148676,0.0035563732649578714,7614462.0,8886240.0,377266515.0,75635360.0,7888618.0,9230372.0,377281545.0,78485358.0
25.8,mcf,mcf-attacker,9,0.20025033644600207,19545.1,0.0033293259505400353,7619720.0,8875535.0,75534021.0,377197973.0,32022691.84,0.20025033644600207,0.8585082476718305,0.0033293259505400353,0.20803167510602666,0.854654739341013,0.003555249962491469,7619720.0,8875535.0,377197973.0,75534021.0,7885701.0,9226768.0,377207514.0,78471111.0
25.9,mcf,mcf-attacker,9,0.20064349686446958,19552.6,0.0033505684603931736,7624770.0,8888747.0,75691265.0,377242553.0,32034979.84,0.20064349686446958,0.8578003176375703,0.0033505684603931736,0.2080546638182916,0.8549037696082801,0.0035475354931696463,7624770.0,8888747.0,377242553.0,75691265.0,7884574.0,9222762.0,377216240.0,78481598.0
26.0,mcf,mcf-attacker,9,0.20057571851110645,19571.4,0.003336091510354569,7625651.0,8883838.0,75645935.0,377144031.0,32065781.76,0.20057571851110645,0.8583734867745224,0.003336091510354569,0.20830932227510282,0.8548140717981346,0.0035584324647654586,7625651.0,8883838.0,377144031.0,75645935.0,7899854.0,9241605.0,377062376.0,78545608.0
26.1,mcf,mcf-attacker,9,0.20037902156684004,19540.5,0.0033392917427591687,7621960.0,8881663.0,75590297.0,377236581.0,32015155.2,0.20037902156684004,0.8581681155882631,0.0033392917427591687,0.2081183551160202,0.8542188652893504,0.0035681476170867305,7621960.0,8881663.0,377236581.0,75590297.0,7887482.0,9233561.0,377248686.0,78512376.0
26.2,mcf,mcf-attacker,9,0.2004551801025752,19538.3,0.003354084789016784,7615538.0,8880686.0,75610930.0,377196189.0,32011550.72,0.2004551801025752,0.8575393837818385,0.003354084789016784,0.20813222147762636,0.8540626856714861,0.003572565065852199,7615538.0,8880686.0,377196189.0,75610930.0,7887321.0,9235061.0,377247153.0,78517288.0
26.5,mcf,mcf-attacker,9,0.20026637265993158,19539.2,0.003339621745127955,7618479.0,8878107.0,75535839.0,377176847.0,32013025.28,0.20026637265993158,0.8581197545828182,0.003339621745127955,0.2081184042471461,0.8539308144589277,0.0035739251716797355,7618479.0,8878107.0,377176847.0,75535839.0,7882614.0,9230975.0,377277345.0,78518359.0
26.6,mcf,mcf-attacker,9,0.2003968220838125,19539.2,0.003338798744458223,7622057.0,8881786.0,75609735.0,377300070.0,32013025.28,0.2003968220838125,0.8581671524173179,0.003338798744458223,0.20802734812902451,0.8536789378296594,0.003579162013267797,7622057.0,8881786.0,377300070.0,75609735.0,7877984.0,9228275.0,377264565.0,78481347.0
26.7,mcf,mcf-attacker,9,0.2003166010941019,19528.6,0.0033207931089402854,7614061.0,8866539.0,75551872.0,377162310.0,31995658.24,0.2003166010941019,0.858741048790289,0.0033207931089402854,0.20805173759121842,0.8542847465893542,0.0035642026707024526,7614061.0,8866539.0,377162310.0,75551872.0,7882165.0,9226625.0,377211995.0,78479611.0
26.8,mcf,mcf-attacker,9,0.20024085748258333,19557.6,0.0033309237529066654,7617216.0,8873709.0,75534973.0,377220583.0,32043171.84,0.20024085748258333,0.858402726526191,0.0033309237529066654,0.20812816024680114,0.8540571967339988,0.0035708012959853397,7617216.0,8873709.0,377220583.0,75534973.0,7882532.0,9229513.0,377220934.0,78510299.0
26.9,mcf,mcf-attacker,9,0.200332073075947,19557.5,0.0033220826607414655,7628068.0,8881312.0,75574570.0,377246483.0,32043008.0,0.200332073075947,0.8588897676379346,0.0033220826607414655,0.20804775781823404,0.8543388742060055,0.003564273238225435,7628068.0,8881312.0,377246483.0,75574570.0,7884532.0,9228811.0,377153745.0,78465991.0
27.0,mcf,mcf-attacker,9,0.20043757743702567,19591.5,0.0033244054625390447,7622599.0,8876200.0,75583063.0,377090284.0,32098713.6,0.20043757743702567,0.8587682792185846,0.0033244054625390447,0.20841220319469114,0.8544614524215048,0.0035668899272895916,7622599.0,8876200.0,377090284.0,75583063.0,7898945.0,9244355.0,377194146.0,78611863.0
27.1,mcf,mcf-attacker,9,0.20124306796555305,19595.7,0.003360361630571643,7648756.0,8915981.0,75890715.0,377109710.0,32105594.88,0.20124306796555305,0.8578703790418576,0.003360361630571643,0.2090107781864851,0.8533988165649841,0.0036047013174987947,7648756.0,8915981.0,377109710.0,75890715.0,7912707.0,9271992.0,377086721.0,78815189.0
27.2,mcf,mcf-attacker,9,0.20118496424675972,19599.8,0.0033568321946504448,7654809.0,8920697.0,75868443.0,377107918.0,32112312.32,0.20118496424675972,0.8580953932187138,0.0033568321946504448,0.20898929209967373,0.8531851797656405,0.0036077764743451127,7654809.0,8920697.0,377107918.0,75868443.0,7906357.0,9266871.0,377105957.0,78811107.0
27.3,mcf,mcf-attacker,9,0.20116349925300833,19593.800000000003,0.003363778831871947,7646196.0,8914706.0,75860490.0,377108622.0,32102481.92,0.20116349925300833,0.8577059075195526,0.003363778831871947,0.20911943337288844,0.8530237638775081,0.0036128802144914465,7646196.0,8914706.0,377108622.0,75860490.0,7907561.0,9270036.0,377116018.0,78862288.0
27.4,mcf,mcf-attacker,9,0.20122165547056511,19614.1,0.0033607782005426407,7657152.0,8924515.0,75881497.0,377104029.0,32135741.439999998,0.20122165547056511,0.8579908263922466,0.0033607782005426407,0.20920255865599763,0.8531035270821619,0.003616813766773511,7657152.0,8924515.0,377104029.0,75881497.0,7921149.0,9285097.0,377113141.0,78893034.0
27.5,mcf,mcf-attacker,9,0.20103193504676853,19586.199999999997,0.0033498525737752803,7651920.0,8915201.0,75812239.0,377115402.0,32090030.08,0.20103193504676853,0.8583003344512368,0.0033498525737752803,0.2090255075654452,0.8534743995612059,0.0036035062655076127,7651920.0,8915201.0,377115402.0,75812239.0,7915556.0,9274509.0,377119644.0,78827625.0
27.6,mcf,mcf-attacker,9,0.2103295656162529,12049.400000000001,0.0032448318555348787,8090196.0,9313551.0,79297707.0,377016454.0,19741736.96,0.2103295656162529,0.8686478444150894,0.0032448318555348787,0.9258022074268059,0.8373469707826054,0.0009941695795568982,8090196.0,9313551.0,377016454.0,79297707.0,1906037.0,2276281.0,372415338.0,344782942.0
27.7,mcf,mcf-attacker,9,0.21238208678211307,12955.5,0.003043321475685671,8268624.0,9416307.0,80092528.0,377115270.0,21226291.2,0.21238208678211307,0.8781175040278529,0.003043321475685671,1.0136930894168958,0.7096375066880685,2.3027323663216988e-05,8268624.0,9416307.0,377115270.0,80092528.0,21221.0,29904.0,377073781.0,382237086.0
27.8,mcf,mcf-attacker,9,0.200300729709119,19602.5,0.003001985550838848,7747340.0,8879399.0,75534089.0,377103414.0,32116736.0,0.200300729709119,0.8725072496460627,0.003001985550838848,0.2546339463864635,0.840850035927847,0.0037136533700420603,7747340.0,8879399.0,377103414.0,75534089.0,7399128.0,8799581.0,377109240.0,96024814.0
27.9,mcf,mcf-attacker,9,0.19946231429775999,19588.1,0.00304712111859632,7683671.0,8832783.0,75220029.0,377113989.0,32093143.04,0.19946231429775999,0.8699037438143787,0.00304712111859632,0.21031475834409696,0.8444955054540865,0.003841914431554554,7683671.0,8832783.0,377113989.0,75220029.0,7868130.0,9316959.0,377111210.0,79312053.0
28.0,mcf,mcf-attacker,9,0.20002735915941774,19608.0,0.0031380138036786846,7681828.0,8865180.0,75430763.0,377102229.0,32125747.2,0.20002735915941774,0.8665168671138093,0.0031380138036786846,0.2099536364526384,0.8471116487958812,0.003774075277374624,7681828.0,8865180.0,377102229.0,75430763.0,7885803.0,9309048.0,377110920.0,79175809.0
28.1,mcf,mcf-attacker,9,0.2002474804444234,19575.6,0.003188300736604275,7675706.0,8878039.0,75514882.0,377107776.0,32072663.04,0.2002474804444234,0.8645722326743552,0.003188300736604275,0.21020624969118348,0.8452441526871876,0.003826135946682925,7675706.0,8878039.0,377107776.0,75514882.0,7880573.0,9323428.0,377105001.0,79269828.0
28.3,mcf,mcf-attacker,9,0.20047058826898445,19593.2,0.0032535151658803062,7660553.0,8887575.0,75604941.0,377137323.0,32101498.880000003,0.20047058826898445,0.8619396179497782,0.0032535151658803062,0.20897166724256372,0.8508265095092508,0.0036662263234328654,7660553.0,8887575.0,377137323.0,75604941.0,7890360.0,9273759.0,377335952.0,78852523.0
28.6,mcf,mcf-attacker,9,0.2964212829262306,19322.3,0.003088532397747653,7212877.0,8377338.0,111758913.0,377027290.0,31657656.32,0.2964212829262306,0.8609986847850714,0.003088532397747653,0.20970467580366897,0.8516263790370148,0.0036609551429478302,7212877.0,8377338.0,377027290.0,111758913.0,7925270.0,9306041.0,377161409.0,79092511.0
28.7,mcf,mcf-attacker,9,1.0818143839794707,12408.899999999998,5.3632468245372175e-05,15236.0,35393.0,406584542.0,375835770.0,20330741.759999998,1.0818143839794707,0.4304806035091685,5.3632468245372175e-05,0.2186053817455967,0.8744620583767605,0.0032256474524073628,15236.0,35393.0,375835770.0,406584542.0,8554565.0,9782660.0,380728216.0,83229237.0
28.8,mcf,mcf-attacker,9,0.8052690523293144,13627.0,0.0010223511653789854,1941180.0,2326743.0,303694036.0,377133624.0,22326476.8,0.8052690523293144,0.8342906801481728,0.0010223511653789854,0.21488690252341133,0.8764364458888287,0.003124077353005779,1941180.0,2326743.0,377133624.0,303694036.0,8356967.0,9535166.0,377135028.0,81041378.0
28.9,mcf,mcf-attacker,9,0.20316334568125144,19630.1,0.003659294749368173,7611940.0,8991866.0,76613228.0,377101626.0,32161955.84,0.20316334568125144,0.8465361917092625,0.003659294749368173,0.2062547058880882,0.8702559214829255,0.0031497022706479375,7611940.0,8991866.0,377101626.0,76613228.0,7967461.0,9155308.0,377129931.0,77784823.0
29.0,mcf,mcf-attacker,9,0.20362742197765388,19601.5,0.0037258446070912465,7610305.0,9015375.0,76790852.0,377114493.0,32115097.6,0.20362742197765388,0.8441473593721837,0.0037258446070912465,0.20680003280549905,0.8665564267905768,0.0032497158544263875,7610305.0,9015375.0,377114493.0,76790852.0,7957592.0,9183005.0,377083122.0,77980802.0
29.1,mcf,mcf-attacker,9,0.20289349097078885,19617.7,0.003617699675073333,7626340.0,8990613.0,76513292.0,377110629.0,32141639.68,0.20289349097078885,0.8482558419542694,0.003617699675073333,0.207370460943904,0.8634148030758882,0.0033363962295959683,7626340.0,8990613.0,377110629.0,76513292.0,7953361.0,9211518.0,377100594.0,78199524.0
29.2,mcf,mcf-attacker,9,0.20230824920658125,19590.0,0.0035213078287823106,7625322.0,8953224.0,76291407.0,377104776.0,32096256.0,0.20230824920658125,0.8516844881799004,0.0035213078287823106,0.2073171788198317,0.8623635701921334,0.0033574973525782674,7625322.0,8953224.0,377104776.0,76291407.0,7933086.0,9199236.0,377111243.0,78181639.0
29.3,mcf,mcf-attacker,9,0.2026363063098954,19591.199999999997,0.003587325100900736,7630267.0,8983116.0,76418032.0,377119152.0,32098222.08,0.2026363063098954,0.8494009205714365,0.003587325100900736,0.2080294849870411,0.8587951198704217,0.0034574251482581216,7630267.0,8983116.0,377119152.0,76418032.0,7930340.0,9234263.0,377137015.0,78455619.0
29.4,mcf,mcf-attacker,9,0.20180714315552706,19593.1,0.0034575718894931,7643254.0,8947113.0,76101978.0,377102499.0,32101335.04,0.20180714315552706,0.8542704222021115,0.0034575718894931,0.20802524888550658,0.8585131053260278,0.0034653331761662514,7643254.0,8947113.0,377102499.0,76101978.0,7929470.0,9236283.0,377110348.0,78448474.0
29.5,mcf,mcf-attacker,9,0.20186894574420144,19592.7,0.0034666698126739103,7643577.0,8950903.0,76127389.0,377112927.0,32100679.68,0.20186894574420144,0.8539447919388692,0.0034666698126739103,0.20798528731834828,0.8583485854242894,0.0034688755295926156,7643577.0,8950903.0,377112927.0,76127389.0,7926208.0,9234253.0,377080408.0,78427177.0
29.6,mcf,mcf-attacker,9,0.20193169715726314,19600.4,0.003457362351983324,7643531.0,8947307.0,76148715.0,377101347.0,32113295.36,0.20193169715726314,0.8542828585182112,0.003457362351983324,0.20856674411898266,0.8555806920237,0.003545065646638449,7643531.0,8947307.0,377101347.0,76148715.0,7920131.0,9257024.0,377113750.0,78653387.0
29.7,mcf,mcf-attacker,9,0.2012898415928689,19591.8,0.00337858071071731,7648964.0,8923046.0,75907544.0,377105687.0,32099205.119999997,0.2012898415928689,0.8572144534500887,0.00337858071071731,0.20830282307333778,0.8567311626389409,0.003511730903391583,7648964.0,8923046.0,377105687.0,75907544.0,7919347.0,9243678.0,377116310.0,78554392.0
29.8,mcf,mcf-attacker,9,0.2015691702711946,19589.8,0.0034354919173308174,7640768.0,8936350.0,76015137.0,377116882.0,32095928.32,0.2015691702711946,0.8550211215988631,0.0034354919173308174,0.20840245659972875,0.8557533793497035,0.0035389963258891984,7640768.0,8936350.0,377116882.0,76015137.0,7917242.0,9251780.0,377095051.0,78587535.0
29.9,mcf,mcf-attacker,9,0.20139192041903164,19597.6,0.0033813327233828835,7650588.0,8925709.0,75946110.0,377106042.0,32108707.84,0.20139192041903164,0.857140648434763,0.0033813327233828835,0.20856378389370936,0.8549407296072206,0.0035611821341227684,7650588.0,8925709.0,377106042.0,75946110.0,7915037.0,9257995.0,377110170.0,78651524.0
30.0,mcf,mcf-attacker,9,0.20129974937733353,19600.6,0.0033673888950313292,7649831.0,8919684.0,75910772.0,377103162.0,32113623.04,0.20129974937733353,0.8576347547738238,0.0033673888950313292,0.20849445043811174,0.8556801110366824,0.0035378518188446963,7649831.0,8919684.0,377103162.0,75910772.0,7910962.0,9245233.0,377141573.0,78631925.0
30.1,mcf,mcf-attacker,9,0.20146056268244908,19588.399999999998,0.003404047377861979,7647734.0,8931425.0,75972242.0,377107266.0,32093634.56,0.20146056268244908,0.8562725432951629,0.003404047377861979,0.2086322795690051,0.8545398208287618,0.00357183661106815,7647734.0,8931425.0,377107266.0,75972242.0,7912344.0,9259187.0,377072959.0,78669591.0
30.2,mcf,mcf-attacker,9,0.20131803797449055,19582.4,0.0033730211270056056,7656956.0,8928967.0,75919702.0,377113262.0,32083804.16,0.20131803797449055,0.8575410795000138,0.0033730211270056056,0.20869338382015223,0.8539477161779795,0.003588027926924785,7656956.0,8928967.0,377113262.0,75919702.0,7909578.0,9262368.0,377028838.0,78683424.0
30.3,mcf,mcf-attacker,9,0.2005342425583404,19558.5,0.0033619582604613426,7622268.0,8890461.0,75645235.0,377218544.0,32044646.4,0.2005342425583404,0.8573535163137209,0.0033619582604613426,0.20770550989800185,0.8550086471613277,0.003543280423812744,7622268.0,8890461.0,377218544.0,75645235.0,7808841.0,9133055.0,373725430.0,77624831.0
30.4,mcf,mcf-attacker,9,0.20078255951405266,19541.399999999998,0.0033625567659642933,7632977.0,8901090.0,75720647.0,377127611.0,32016629.759999998,0.20078255951405266,0.8575328414834588,0.0033625567659642933,0.20830011056445372,0.8542231878215323,0.0035733005632216292,7632977.0,8901090.0,377127611.0,75720647.0,7971340.0,9331683.0,380696495.0,79299122.0
30.7,mcf,mcf-attacker,9,0.2007325071982243,19558.5,0.0033505692613120808,7628016.0,8892486.0,75754361.0,377389602.0,32044646.4,0.2007325071982243,0.8578046678960192,0.0033505692613120808,0.2080012710600824,0.8549218367377682,0.0035478521797494126,7628016.0,8892486.0,377389602.0,75754361.0,7888392.0,9227033.0,377310252.0,78481012.0
30.8,mcf,mcf-attacker,9,0.20005598081709677,19537.0,0.003335833025961653,7626062.0,8886855.0,75612052.0,377954469.0,32009420.8,0.20005598081709677,0.8581283254874756,0.003335833025961653,0.20747816087393933,0.854218427300459,0.003558839433745649,7626062.0,8886855.0,377954469.0,75612052.0,7881331.0,9226365.0,377941749.0,78414659.0
30.9,mcf,mcf-attacker,9,0.2005516035285114,19569.0,0.003334286345777662,7630649.0,8887760.0,75613070.0,377025507.0,32061849.6,0.2005516035285114,0.8585570492452541,0.003334286345777662,0.2078781889487413,0.8551459918817158,0.003543406605627581,7630649.0,8887760.0,377025507.0,75613070.0,7888809.0,9225102.0,377120988.0,78395228.0
31.0,mcf,mcf-attacker,9,0.20050617440278246,19553.1,0.0033422785790575412,7629144.0,8889981.0,75638699.0,377238752.0,32035799.04,0.20050617440278246,0.858173262687513,0.0033422785790575412,0.2078953769200731,0.8547370266646843,0.003553610496135821,7629144.0,8889981.0,377238752.0,75638699.0,7887715.0,9228236.0,377227893.0,78423935.0
31.1,mcf,mcf-attacker,9,0.2004117437516122,19538.399999999998,0.0033281809557960704,7628488.0,8883867.0,75594656.0,377196738.0,32011714.56,0.2004117437516122,0.8586900276647546,0.0033281809557960704,0.20798923698272595,0.8548453580111283,0.003553072525523306,7628488.0,8883867.0,377196738.0,75594656.0,7893177.0,9233456.0,377216899.0,78457055.0
31.2,mcf,mcf-attacker,9,0.200645030163775,19528.899999999998,0.003348689061014988,7631343.0,8894560.0,75688787.0,377227320.0,31996149.759999998,0.200645030163775,0.8579786970912557,0.003348689061014988,0.20808194423536938,0.8541037285086334,0.00357205140051663,7631343.0,8894560.0,377227320.0,75688787.0,7888432.0,9235918.0,377230294.0,78494813.0
31.3,mcf,mcf-attacker,9,0.20062201467783727,19540.1,0.003352578216752718,7638580.0,8903410.0,75688836.0,377270840.0,32014499.84,0.20062201467783727,0.8579386998913899,0.003352578216752718,0.2081243416991014,0.8538388955357944,0.003579612393417087,7638580.0,8903410.0,377270840.0,75688836.0,7887949.0,9238217.0,377210673.0,78506723.0
31.4,mcf,mcf-attacker,9,0.20056551539095263,19554.2,0.003342638683066591,7631121.0,8891625.0,75632953.0,377098490.0,32037601.28,0.20056551539095263,0.8582369364430011,0.003342638683066591,0.20797302311042734,0.8542759223068597,0.0035678443470125248,7631121.0,8891625.0,377098490.0,75632953.0,7887961.0,9233505.0,377130802.0,78433033.0
31.5,mcf,mcf-attacker,9,0.20061412756974228,19542.9,0.003348803743072947,7631047.0,8894009.0,75659262.0,377138255.0,32019087.36,0.20061412756974228,0.857998569598929,0.003348803743072947,0.20805779699134677,0.8540822932115137,0.003574106146861789,7631047.0,8894009.0,377138255.0,75659262.0,7889756.0,9237700.0,377141569.0,78467244.0
31.6,mcf,mcf-attacker,9,0.20102306489942162,19593.4,0.003356000102877892,7647823.0,8913395.0,75807257.0,377107259.0,32101826.560000002,0.20102306489942162,0.8580145948878065,0.003356000102877892,0.2087242375447673,0.8538895921677002,0.0035910711820053213,7647823.0,8913395.0,377107259.0,75807257.0,7914268.0,9268491.0,377108370.0,78711657.0
31.7,mcf,mcf-attacker,9,0.20128354107878396,19587.0,0.0033571288488708473,7652974.0,8918994.0,75906824.0,377113914.0,32091340.799999997,0.20128354107878396,0.8580534979617657,0.0033571288488708473,0.2087919524424177,0.8540073425695712,0.003587168082580099,7652974.0,8918994.0,377113914.0,75906824.0,7913203.0,9265966.0,377111685.0,78737885.0
31.8,mcf,mcf-attacker,9,0.2034253186325334,17846.8,0.0033910604066734688,7737684.0,9016178.0,76695198.0,377018940.0,29240197.12,0.2034253186325334,0.8582000044808343,0.0033910604066734688,0.4581175892524335,0.849804283541015,0.003064149716030527,7737684.0,9016178.0,377018940.0,76695198.0,6463093.0,7605390.0,372794121.0,170783544.0
31.9,mcf,mcf-attacker,9,0.21254521333113943,12045.900000000001,0.0030847174603043787,8252271.0,9415519.0,80150872.0,377100339.0,19736002.560000002,0.21254521333113943,0.8764541816547765,0.0030847174603043787,1.0091535027314114,0.5898822343399166,2.3720947243099964e-05,8252271.0,9415519.0,377100339.0,80150872.0,12873.0,21823.0,377303651.0,380757301.0
32.0,mcf,mcf-attacker,9,0.20781060741433327,14697.7,0.0030169961623289954,8075275.0,9213056.0,78370322.0,377123781.0,24080711.68,0.20781060741433327,0.8765034099434541,0.0030169961623289954,0.7189552475835183,0.8384025472579818,0.001484819890626466,8075275.0,9213056.0,377123781.0,78370322.0,2903798.0,3463489.0,376942014.0,271004439.0
32.1,mcf,mcf-attacker,9,0.19864423543524196,19574.4,0.0030104776255090436,7658370.0,8793860.0,74924504.0,377179352.0,32070696.96,0.19864423543524196,0.8708769527829645,0.0030104776255090436,0.21061500983429748,0.8434375670914491,0.0038686350194884855,7658370.0,8793860.0,377179352.0,74924504.0,7861092.0,9320301.0,377189627.0,79441797.0
32.2,mcf,mcf-attacker,9,0.19895227350792388,19557.6,0.0030906654572361875,7658220.0,8824108.0,75050526.0,377228793.0,32043171.84,0.19895227350792388,0.8678746905636241,0.0030906654572361875,0.20985053848481638,0.8466722152610736,0.0037783839135018633,7658220.0,8824108.0,377228793.0,75050526.0,7868671.0,9293645.0,377138489.0,79142715.0
32.3,mcf,mcf-attacker,9,0.19913690067965995,19551.9,0.0031519644137794874,7635965.0,8824839.0,75111471.0,377185096.0,32033832.96,0.19913690067965995,0.8652809416693041,0.0031519644137794874,0.21002184646997993,0.8444327417250429,0.0038374588784041495,7635965.0,8824839.0,377185096.0,75111471.0,7857092.0,9304580.0,377199612.0,79220159.0
32.4,mcf,mcf-attacker,9,0.19904277536304318,19528.899999999998,0.0031581869364919676,7630482.0,8821718.0,75076911.0,377189832.0,31996149.759999998,0.19904277536304318,0.8649655316572123,0.0031581869364919676,0.2094784526522186,0.8479318774094894,0.003743297225958924,7630482.0,8821718.0,377189832.0,75076911.0,7874065.0,9286200.0,377243621.0,79024410.0
32.5,mcf,mcf-attacker,9,0.19979511469442443,19549.5,0.003228474116442856,7636211.0,8854150.0,75372530.0,377249114.0,32029900.8,0.19979511469442443,0.8624442775421695,0.003228474116442856,0.20914904409680027,0.8508185371907587,0.003669441247844395,7636211.0,8854150.0,377249114.0,75372530.0,7893543.0,9277587.0,377181131.0,78887073.0
32.8,mcf,mcf-attacker,9,0.20008419298827645,19564.4,0.0032557076559454464,7654800.0,8883990.0,75541638.0,377549255.0,32054312.96,0.20008419298827645,0.861639871274056,0.0032557076559454464,0.20923984695325124,0.8512021419343645,0.003661803197128319,7654800.0,8883990.0,377549255.0,75541638.0,7908554.0,9291041.0,377542682.0,78996973.0
32.9,mcf,mcf-attacker,9,0.19964093880511208,19556.7,0.0032663313449163094,7624543.0,8858027.0,75391587.0,377635907.0,32041697.28,0.19964093880511208,0.8607495777558591,0.0032663313449163094,0.2082936769831959,0.8524376838630362,0.0036144686818687446,7624543.0,8858027.0,377635907.0,75391587.0,7885127.0,9250092.0,377639183.0,78659854.0
33.0,mcf,mcf-attacker,9,0.2929602305275603,13915.8,0.0031024003619826205,7221991.0,8392540.0,110535155.0,377304301.0,22799646.72,0.2929602305275603,0.8605250615427511,0.0031024003619826205,0.20984559057445554,0.8513498892614878,0.0036725230278680213,7221991.0,8392540.0,377304301.0,110535155.0,7931637.0,9316542.0,377099065.0,79132576.0
33.1,mcf,mcf-attacker,9,1.0822994099571928,12350.5,5.4000649913579e-05,14904.0,35192.0,406619003.0,375699182.0,20235059.2,1.0822994099571928,0.42350534212320984,5.4000649913579e-05,0.2187819123424214,0.8743353801005148,0.0032301498738067477,14904.0,35192.0,375699182.0,406619003.0,8550694.0,9779650.0,380464080.0,83238659.0
33.3,mcf,mcf-attacker,9,0.20194573488372686,19082.2,0.003659286136341367,7550763.0,8931051.0,76174222.0,377201440.0,31264276.48,0.20194573488372686,0.8454506642051423,0.003659286136341367,0.2063123158502904,0.8703683606235918,0.003147630224055982,7550763.0,8931051.0,377201440.0,76174222.0,7971763.0,9159068.0,377205998.0,77822243.0
33.4,mcf,mcf-attacker,9,0.20225383065025385,19563.6,0.003710733575863229,7547093.0,8946091.0,76252498.0,377013863.0,32053002.24,0.20225383065025385,0.843619073403121,0.003710733575863229,0.20704147201585993,0.8661875909548712,0.0032582364457641394,7547093.0,8946091.0,377013863.0,76252498.0,7956095.0,9185187.0,377226153.0,78101458.0
33.5,mcf,mcf-attacker,9,0.20194917164573098,19560.1,0.0035948192504095685,7588071.0,8943522.0,76146306.0,377056788.0,32047267.84,0.20194917164573098,0.8484432642978907,0.0035948192504095685,0.20775249227550724,0.863383702809576,0.003342816242088779,7588071.0,8943522.0,377056788.0,76146306.0,7965256.0,9225627.0,377038673.0,78330724.0
33.6,mcf,mcf-attacker,9,0.2015114671586294,19587.0,0.0035212512150214577,7595938.0,8923640.0,75980713.0,377054041.0,32091340.8,0.2015114671586294,0.8512151991788104,0.0035212512150214577,0.20798476805176827,0.8620470336724123,0.003377309572892172,7595938.0,8923640.0,377054041.0,75980713.0,7957376.0,9230791.0,377050126.0,78420683.0
33.7,mcf,mcf-attacker,9,0.20135523083032772,19574.5,0.0035180970371108556,7593795.0,8920631.0,75940307.0,377145936.0,32070860.8,0.20135523083032772,0.8512620912130543,0.0035180970371108556,0.20820272792816114,0.8590907535588973,0.003450462388263001,7593795.0,8920631.0,377145936.0,75940307.0,7933844.0,9235164.0,377143656.0,78522338.0
33.8,mcf,mcf-attacker,9,0.20063315996714445,19562.1,0.0034168107733961285,7604980.0,8893361.0,75652990.0,377071218.0,32050544.64,0.20063315996714445,0.8551300233961041,0.0034168107733961285,0.20829624147931383,0.8586098034300939,0.0034662218570284363,7604980.0,8893361.0,377071218.0,75652990.0,7936892.0,9243887.0,377066170.0,78541466.0
33.9,mcf,mcf-attacker,9,0.20070169681423114,19580.3,0.0034280485531961156,7604630.0,8897465.0,75691512.0,377134390.0,32080363.52,0.20070169681423114,0.8546962533710445,0.0034280485531961156,0.20842907668088587,0.858105638572003,0.0034783268023769855,7604630.0,8897465.0,377134390.0,75691512.0,7933263.0,9245089.0,377142826.0,78607531.0
34.0,mcf,mcf-attacker,9,0.20059422926218573,19563.0,0.0033939162210638815,7604201.0,8884179.0,75651897.0,377138950.0,32052019.2,0.20059422926218573,0.8559261356620572,0.0033939162210638815,0.20881384679111478,0.856092262417326,0.003536179615180255,7604201.0,8884179.0,377138950.0,75651897.0,7933520.0,9267132.0,377133558.0,78750709.0
34.1,mcf,mcf-attacker,9,0.20025056808474345,19586.5,0.00335468583116771,7614382.0,8879589.0,75523740.0,377146196.0,32090521.6,0.20025056808474345,0.8575151394957582,0.00335468583116771,0.2086006804216275,0.8565800058702773,0.0035188478441105023,7614382.0,8879589.0,377146196.0,75523740.0,7926274.0,9253396.0,377146742.0,78673067.0
34.2,mcf,mcf-attacker,9,0.20034127079510455,19548.5,0.003399785827332329,7597414.0,8879754.0,75565238.0,377182583.0,32028262.4,0.20034127079510455,0.855588341749107,0.003399785827332329,0.20869405362533613,0.8550206172345313,0.0035604391304233708,7597414.0,8879754.0,377182583.0,75565238.0,7920162.0,9263124.0,377189990.0,78717308.0
34.3,mcf,mcf-attacker,9,0.20030787610432485,19530.9,0.0033536405739241298,7612589.0,8877429.0,75546979.0,377154311.0,31999426.560000002,0.20030787610432485,0.8575218117768106,0.0033536405739241298,0.20885883047715642,0.8543707995512682,0.003575161913012218,7612589.0,8877429.0,377154311.0,75546979.0,7910603.0,9258981.0,377151590.0,78771440.0
34.4,mcf,mcf-attacker,9,0.200180338252139,19557.5,0.003361889033049963,7609700.0,8877719.0,75502930.0,377174555.0,32043008.0,0.200180338252139,0.8571683784990266,0.003361889033049963,0.2086967439524567,0.8547855576175362,0.0035676046663599406,7609700.0,8877719.0,377174555.0,75502930.0,7920590.0,9266172.0,377166790.0,78713481.0
34.5,mcf,mcf-attacker,9,0.20031748573753816,19554.1,0.0033599397576425907,7606577.0,8873836.0,75553181.0,377167179.0,32037437.439999998,0.20031748573753816,0.8571915234854465,0.0033599397576425907,0.20904740349976278,0.8541237295762544,0.0035858063224786262,7606577.0,8873836.0,377167179.0,75553181.0,7918851.0,9271316.0,377171793.0,78846784.0
34.6,mcf,mcf-attacker,9,0.20005783443462302,19552.0,0.003331807380328098,7610956.0,8867613.0,75455766.0,377169763.0,32033996.8,0.20005783443462302,0.8582868918614288,0.003331807380328098,0.20883796652014805,0.8541734794115342,0.00358244153136111,7610956.0,8867613.0,377169763.0,75455766.0,7914534.0,9265722.0,377169589.0,78767330.0
34.8,mcf,mcf-attacker,9,0.19996750961639156,19530.1,0.0033421502049120737,7606861.0,8867420.0,75421758.0,377170062.0,31998115.84,0.19996750961639156,0.8578437696646827,0.0033421502049120737,0.20854094894523761,0.8546628197770225,0.0035671084884761925,7606861.0,8867420.0,377170062.0,75421758.0,7911912.0,9257349.0,377178604.0,78657184.0
34.9,mcf,mcf-attacker,9,0.19972569858952718,19551.199999999997,0.003320853919969529,7604452.0,8856738.0,75316079.0,377097587.0,32032686.08,0.19972569858952718,0.8586064079122584,0.003320853919969529,0.20868596711808643,0.8543693879445655,0.0035774034876108725,7604452.0,8856738.0,377097587.0,75316079.0,7914485.0,9263540.0,377104513.0,78696420.0
35.0,mcf,mcf-attacker,9,0.20033418742691161,19567.1,0.003336114940543127,7624499.0,8882639.0,75551490.0,377127294.0,32058736.64,0.20033418742691161,0.8583596609070795,0.003336114940543127,0.20908258709006808,0.8541451321819135,0.0035892005422493386,7624499.0,8882639.0,377127294.0,75551490.0,7927028.0,9280657.0,377139417.0,78853285.0
35.1,mcf,mcf-attacker,9,0.19972858291974246,19534.2,0.0033211249869695065,7601884.0,8854650.0,75339886.0,377211338.0,32004833.28,0.19972858291974246,0.8585188573235532,0.0033211249869695065,0.20865982708844433,0.8541626192610038,0.0035821167820771103,7601884.0,8854650.0,377211338.0,75339886.0,7909586.0,9260047.0,377000830.0,78664928.0
35.2,mcf,mcf-attacker,9,0.19919654640639056,19465.2,0.003304319281763922,7579453.0,8824840.0,75076519.0,376896690.0,31891783.68,0.19919654640639056,0.8588771014545307,0.003304319281763922,0.20816400071725563,0.8540667548452514,0.0035699593226233765,7579453.0,8824840.0,376896690.0,75076519.0,7878952.0,9225218.0,377109619.0,78500647.0
35.3,mcf,mcf-attacker,9,0.19948749758340295,19492.6,0.0033280188808821956,7588085.0,8843513.0,75252635.0,377229831.0,31936675.84,0.19948749758340295,0.858039672695681,0.0033280188808821956,0.20834920876488608,0.853255503432425,0.003596381055869399,7588085.0,8843513.0,377229831.0,75252635.0,7888156.0,9244776.0,377218092.0,78593091.0
35.4,mcf,mcf-attacker,9,0.19927134787260786,19480.9,0.0033180866307179215,7583917.0,8835503.0,75165376.0,377201122.0,31917506.560000002,0.19927134787260786,0.8583458123436776,0.0033180866307179215,0.20811738437742375,0.8535830015794434,0.003583909094707365,7583917.0,8835503.0,377201122.0,75165376.0,7881131.0,9232999.0,377204880.0,78502893.0
35.5,mcf,mcf-attacker,9,0.19972897914009022,19535.3,0.0033266577676800274,7603595.0,8858299.0,75331088.0,377166540.0,32006635.52,0.19972897914009022,0.858358359770877,0.0033266577676800274,0.20897735943328205,0.8534523815172982,0.0036027372464081933,7603595.0,8858299.0,377166540.0,75331088.0,7913487.0,9272324.0,377167944.0,78819561.0
35.6,mcf,mcf-attacker,9,0.19972234776049944,19300.1,0.003319870703310311,7522807.0,8764492.0,74699368.0,374016072.0,31621283.84,0.19972234776049944,0.8583277844283502,0.003319870703310311,0.20822559683905859,0.8532989911257636,0.0035937818692959164,7522807.0,8764492.0,374016072.0,74699368.0,7814199.0,9157633.0,373821798.0,77839267.0
35.7,mcf,mcf-attacker,9,0.19927982304363057,19703.899999999998,0.003304978725533549,7653771.0,8911011.0,75807618.0,380407895.0,32282869.759999998,0.19927982304363057,0.8589116319124732,0.003304978725533549,0.208213171170304,0.8538431432972151,0.0035764249117895613,7653771.0,8911011.0,380407895.0,75807618.0,7952187.0,9313405.0,380608578.0,79247719.0
35.8,mcf,mcf-attacker,9,0.19979414702901502,19519.5,0.0033274654237945454,7602519.0,8857530.0,75355810.0,377167255.0,31980748.8,0.19979414702901502,0.8583114028402952,0.0033274654237945454,0.20870327603071037,0.8534944220212142,0.003596620861889499,7602519.0,8857530.0,377167255.0,75355810.0,7902504.0,9258999.0,377158186.0,78714149.0
35.9,mcf,mcf-attacker,9,0.19878491133664503,20056.0,0.0031951323288164166,7611252.0,8816196.0,74965498.0,377118653.0,32859750.400000002,0.19878491133664503,0.8633260875779077,0.0031951323288164166,0.20747577937197376,0.8591461439662288,0.0034375397968058,7611252.0,8816196.0,377118653.0,74965498.0,7907228.0,9203589.0,377118834.0,78243024.0
36.0,mcf,mcf-attacker,9,0.2003589638900263,19582.1,0.003308774165058395,7627989.0,8875762.0,75557440.0,377110355.0,32083312.64,0.2003589638900263,0.8594179294127084,0.003308774165058395,0.20912872171635213,0.8549429759977113,0.0035711575820643257,7627989.0,8875762.0,377110355.0,75557440.0,7937353.0,9284073.0,377110214.0,78864577.0
36.1,mcf,mcf-attacker,9,0.208270068690327,15641.199999999999,0.0032650946561040882,8004885.0,9236173.0,78539970.0,377106372.0,25626542.08,0.208270068690327,0.8666885083248224,0.0032650946561040882,0.8264037986797641,0.8437871647683638,0.0014496597732252582,8004885.0,9236173.0,377106372.0,78539970.0,2916039.0,3455894.0,372401173.0,307753744.0
36.2,mcf,mcf-attacker,9,0.21167456337646626,12016.5,0.003036886843064294,8235239.0,9380482.0,79824776.0,377110857.0,19687833.6,0.21167456337646626,0.8779121371375159,0.003036886843064294,1.0094911276968987,0.7330482229759623,2.4001874453314944e-05,8235239.0,9380482.0,377110857.0,79824776.0,24854.0,33905.0,377095548.0,380674610.0
36.3,mcf,mcf-attacker,9,0.20079293295017747,16834.0,0.0029902067732987653,7775911.0,8903533.0,75720024.0,377105025.0,27580825.6,0.20079293295017747,0.873351174191189,0.0029902067732987653,0.35840869366930855,0.8391435566141253,0.003265089714561932,7775911.0,8903533.0,377105025.0,75720024.0,6423101.0,7654353.0,377095917.0,135154455.0
36.4,mcf,mcf-attacker,9,0.19846345337916166,19560.1,0.003029077641274654,7657191.0,8799478.0,74841998.0,377107204.0,32047267.84,0.19846345337916166,0.8701869588173299,0.003029077641274654,0.21106391488863127,0.8449715313787102,0.003842825226477635,7657191.0,8799478.0,377107204.0,74841998.0,7898210.0,9347309.0,377092091.0,79590533.0
36.5,mcf,mcf-attacker,9,0.19917667736944772,19605.0,0.003127859437715637,7639329.0,8818889.0,75112340.0,377114133.0,32120832.0,0.19917667736944772,0.8662461904214919,0.003127859437715637,0.2114575551456203,0.8428989674228768,0.003903764509279747,7639329.0,8818889.0,377114133.0,75112340.0,7898904.0,9371116.0,377126232.0,79746191.0
36.6,mcf,mcf-attacker,9,0.1992618714879228,19588.800000000003,0.0031471989013312144,7642402.0,8829213.0,75141797.0,377100729.0,32094289.92,0.1992618714879228,0.8655813377704219,0.0031471989013312144,0.2110626606996788,0.8452183690599111,0.0038373236073659792,7642402.0,8829213.0,377100729.0,75141797.0,7901802.0,9348829.0,377092773.0,79590204.0
36.7,mcf,mcf-attacker,9,0.19940153550236672,19586.8,0.003185448260749016,7644346.0,8845616.0,75196664.0,377111760.0,32091013.12,0.19940153550236672,0.8641960039866076,0.003185448260749016,0.2103887105365567,0.8490326262485884,0.003736059648908548,7644346.0,8845616.0,377111760.0,75196664.0,7923715.0,9332639.0,377114964.0,79340731.0
36.9,mcf,mcf-attacker,9,0.19976185266230287,19598.5,0.003229754701920442,7641337.0,8859316.0,75332576.0,377111921.0,32110182.4,0.19976185266230287,0.8625199733252544,0.003229754701920442,0.21037032287087867,0.8484436822545033,0.0037511875010421327,7641337.0,8859316.0,377111921.0,75332576.0,7919308.0,9333923.0,377111248.0,79333015.0
37.0,mcf,mcf-attacker,9,0.19958976835742967,19575.2,0.003222728496923129,7638629.0,8853947.0,75266979.0,377108404.0,32072007.68,0.19958976835742967,0.8627371498835491,0.003222728496923129,0.21015608167613534,0.8491199195276459,0.0037261446353275,7638629.0,8853947.0,377108404.0,75266979.0,7907864.0,9313012.0,377105061.0,79250922.0
37.1,mcf,mcf-attacker,9,0.19976477510467394,19595.6,0.003260046308855487,7630836.0,8860234.0,75333413.0,377110594.0,32105431.04,0.19976477510467394,0.861245425346554,0.003260046308855487,0.21004663169557988,0.8511149295491739,0.003679466702183113,7630836.0,8860234.0,377110594.0,75333413.0,7932129.0,9319692.0,377109813.0,79210646.0
37.2,mcf,mcf-attacker,9,0.20010216445363915,19593.1,0.0032738468120604683,7636618.0,8871230.0,75461238.0,377113552.0,32101335.04,0.20010216445363915,0.8608296707446431,0.0032738468120604683,0.21006194690183355,0.8509999764004711,0.003683201516289666,7636618.0,8871230.0,377113552.0,75461238.0,7933209.0,9322220.0,377120555.0,79218678.0
37.3,mcf,mcf-attacker,9,0.20009231524142895,19576.5,0.0032913060288200517,7626919.0,8868082.0,75455511.0,377103493.0,32074137.6,0.20009231524142895,0.8600415512621556,0.0032913060288200517,0.21027978848782736,0.8502269394378257,0.003704728726941956,7626919.0,8868082.0,377103493.0,75455511.0,7930763.0,9327819.0,377100755.0,79296667.0
37.4,mcf,mcf-attacker,9,0.20005829720763202,16899.5,0.0033047812625372095,7627128.0,8873402.0,75444465.0,377112402.0,27688140.8,0.20005829720763202,0.8595494715555545,0.0033047812625372095,0.20998327300844635,0.8516442950932157,0.0036670920312184977,7627128.0,8873402.0,377112402.0,75444465.0,7938604.0,9321502.0,377110252.0,79186845.0
37.5,mcf,mcf-attacker,9,1.0394871678798374,12389.2,0.00044281907983764274,908675.0,1075126.0,390732212.0,375889404.0,20298465.28,1.0394871678798374,0.8451800068085044,0.00044281907983764274,0.21891225377666018,0.8695085032867109,0.0033606217684380713,908675.0,1075126.0,375889404.0,390732212.0,8525610.0,9805091.0,380727463.0,83345907.0
37.6,mcf,mcf-attacker,9,0.9426637774624896,16164.2,0.00033371473574080995,660306.0,786194.0,355603289.0,377232368.0,26483425.28,0.9426637774624896,0.8398766716611931,0.00033371473574080995,0.2176041973443557,0.8772696786364009,0.003137594763423958,660306.0,786194.0,377232368.0,355603289.0,8460087.0,9643656.0,377221754.0,82085037.0
37.7,mcf,mcf-attacker,9,0.2021938662369518,19562.5,0.0037223236463788784,7531334.0,8935155.0,76254518.0,377135664.0,32051200.0,0.2021938662369518,0.8428878961808721,0.0037223236463788784,0.20628265176555813,0.8706861243152344,0.003134426304797501,7531334.0,8935155.0,377135664.0,76254518.0,7959015.0,9141084.0,377124515.0,77794245.0
37.8,mcf,mcf-attacker,9,0.20261367826322516,19610.2,0.003701029758636762,7577263.0,8972962.0,76407845.0,377110991.0,32129351.68,0.20261367826322516,0.8444550417130932,0.003701029758636762,0.20789692146846855,0.865883427601068,0.003280459158321134,7577263.0,8972962.0,377110991.0,76407845.0,7987133.0,9224259.0,377119769.0,78402039.0
37.9,mcf,mcf-attacker,9,0.20159232559215104,19582.1,0.0035375024843393573,7596186.0,8930204.0,76021937.0,377107297.0,32083312.64,0.20159232559215104,0.8506172983282353,0.0035375024843393573,0.20790599698439008,0.8640373314252286,0.0033195766291456872,7596186.0,8930204.0,377107297.0,76021937.0,7955228.0,9207042.0,377100498.0,78401455.0
38.0,mcf,mcf-attacker,9,0.20191901137856935,19610.3,0.003584900251336562,7589846.0,8941753.0,76145975.0,377111469.0,32129515.52,0.20191901137856935,0.8488096237952446,0.003584900251336562,0.20851766609788813,0.8607590157175211,0.0034127455270527036,7589846.0,8941753.0,377111469.0,76145975.0,7955993.0,9242997.0,377116896.0,78635535.0
38.1,mcf,mcf-attacker,9,0.20123790094386804,19577.0,0.0034785764203317275,7613088.0,8924904.0,75889406.0,377112888.0,32074956.799999997,0.20123790094386804,0.853016234124199,0.0034785764203317275,0.2087572547853399,0.8592576578241303,0.003457763496650995,7613088.0,8924904.0,377112888.0,75889406.0,7960883.0,9264838.0,377109366.0,78724316.0
38.3,mcf,mcf-attacker,9,0.2002489292136336,19530.1,0.003443039058070567,7574749.0,8873639.0,75544113.0,377251021.0,31998115.84,0.2002489292136336,0.8536237500759272,0.003443039058070567,0.2084683211170148,0.8560727715055876,0.0035296416073382383,7574749.0,8873639.0,377251021.0,75544113.0,7920268.0,9251863.0,377260682.0,78646901.0
38.4,mcf,mcf-attacker,9,0.19991644318637208,19527.5,0.003352028826708437,7592301.0,8857006.0,75427551.0,377295383.0,31993856.0,0.19991644318637208,0.8572085194477682,0.003352028826708437,0.2083528147944508,0.8563691521171595,0.0035173280079885366,7592301.0,8857006.0,377295383.0,75427551.0,7907753.0,9234047.0,377074301.0,78564492.0
38.5,mcf,mcf-attacker,9,0.20006526998326923,19525.1,0.0033977021520272973,7586470.0,8867998.0,75459600.0,377174909.0,31989923.84,0.20006526998326923,0.8554884653785443,0.0033977021520272973,0.20844086901464184,0.8558649746526465,0.0035355224011904885,7586470.0,8867998.0,377174909.0,75459600.0,7918675.0,9252248.0,377192632.0,78622360.0
38.6,mcf,mcf-attacker,9,0.19932854087718746,19522.3,0.0033502117278964264,7569213.0,8833366.0,75213686.0,377335256.0,31985336.32,0.19932854087718746,0.8568888688638057,0.0033502117278964264,0.20820945263465887,0.8541392204208945,0.0035709475413122486,7569213.0,8833366.0,377335256.0,75213686.0,7890328.0,9237754.0,377330102.0,78563694.0
38.7,mcf,mcf-attacker,9,0.19890962430596154,19467.5,0.003322881264946305,7568203.0,8821332.0,75013038.0,377121209.0,31895552.0,0.19890962430596154,0.8579433355416166,0.003322881264946305,0.20802941372764128,0.8555775078952559,0.0035317738100237696,7568203.0,8821332.0,377121209.0,75013038.0,7894465.0,9227060.0,377316066.0,78492840.0
38.8,mcf,mcf-attacker,9,0.20036115036353974,19496.399999999998,0.0033767567476590773,7608286.0,8881689.0,75557853.0,377108301.0,31942901.759999998,0.20036115036353974,0.8566260313775904,0.0033767567476590773,0.2095895591210894,0.8540545843291776,0.0035979183826228677,7608286.0,8881689.0,377108301.0,75557853.0,7939762.0,9296551.0,377103885.0,79037037.0
39.0,mcf,mcf-attacker,9,0.2003539367253499,19587.3,0.003338825277844813,7626499.0,8885597.0,75555089.0,377108083.0,32091832.32,0.2003539367253499,0.8582989978050997,0.003338825277844813,0.20937664491674637,0.8539029794821438,0.003598183120904388,7626499.0,8885597.0,377108083.0,75555089.0,7930641.0,9287520.0,377101152.0,78956174.0
39.1,mcf,mcf-attacker,9,0.20045264319207975,19591.5,0.003360640305857695,7620810.0,8888142.0,75592752.0,377110278.0,32098713.6,0.20045264319207975,0.8574131691415371,0.003360640305857695,0.2095630623370322,0.8539087392314109,0.0036023374608416298,7620810.0,8888142.0,377110278.0,75592752.0,7940330.0,9298804.0,377109034.0,79028124.0
39.2,mcf,mcf-attacker,9,0.20053923524711847,19582.5,0.0033513727579921535,7620753.0,8885417.0,75674886.0,377357009.0,32083968.0,0.20053923524711847,0.8576697075669043,0.0033513727579921535,0.20968970163924364,0.8535603241810169,0.0036160318079613138,7620753.0,8885417.0,377357009.0,75674886.0,7949687.0,9313562.0,377174503.0,79089609.0
39.3,mcf,mcf-attacker,9,0.20027755948029766,19606.2,0.003334559691608783,7615926.0,8872782.0,75488243.0,376918129.0,32122798.080000002,0.20027755948029766,0.8583470212612009,0.003334559691608783,0.2095478368543654,0.8537839472711208,0.0036060503738372684,7615926.0,8872782.0,376918129.0,75488243.0,7936522.0,9295703.0,376916809.0,78982102.0
39.4,mcf,mcf-attacker,9,0.1997175111385444,19539.0,0.0033391144572047777,7598159.0,8857725.0,75336557.0,377215581.0,32012697.6,0.1997175111385444,0.8578002816750351,0.0033391144572047777,0.20910179255608313,0.8534584605157681,0.0036045997132327,7598159.0,8857725.0,377215581.0,75336557.0,7918956.0,9278666.0,377215255.0,78876386.0
39.5,mcf,mcf-attacker,9,0.1995795691451937,19552.7,0.0033185974166462635,7597536.0,8849370.0,75284965.0,377217795.0,32035143.68,0.1995795691451937,0.8585397604575241,0.0033185974166462635,0.2089916545463114,0.8534286363838334,0.003602872182549093,7597536.0,8849370.0,377217795.0,75284965.0,7913260.0,9272316.0,377214603.0,78834704.0
39.6,mcf,mcf-attacker,9,0.19974999013052655,19523.3,0.0033346359182392414,7600331.0,8858066.0,75340325.0,377173110.0,31986974.72,0.19974999013052655,0.8580124600561793,0.0033346359182392414,0.20893056967112963,0.8532644677537276,0.003606156026986898,7600331.0,8858066.0,377173110.0,75340325.0,7909300.0,9269459.0,377176969.0,78803799.0
39.7,mcf,mcf-attacker,9,0.19951046780277637,19529.6,0.003318533291542449,7592370.0,8844254.0,75263359.0,377240151.0,31997296.64,0.19951046780277637,0.8584522787337405,0.003318533291542449,0.20896213215682025,0.8530725976639117,0.0036090600842551223,7592370.0,8844254.0,377240151.0,75263359.0,7904865.0,9266345.0,377239494.0,78828769.0
39.8,mcf,mcf-attacker,9,0.1994549746690079,19519.1,0.0033107941994064737,7596338.0,8845329.0,75244021.0,377248154.0,31980093.439999998,0.1994549746690079,0.8587965467423541,0.0033107941994064737,0.2089255801842385,0.853510373923784,0.0035998840434825342,7596338.0,8845329.0,377248154.0,75244021.0,7912718.0,9270793.0,377255207.0,78818263.0
39.9,mcf,mcf-attacker,9,0.19967309019365984,19543.2,0.0033255755049034614,7591404.0,8845264.0,75283842.0,377035493.0,32019578.88,0.19967309019365984,0.858245045032008,0.0033255755049034614,0.2091797135604098,0.8532916774860871,0.0036065700954327393,7591404.0,8845264.0,377035493.0,75283842.0,7912956.0,9273448.0,377225997.0,78908026.0
40.0,mcf,mcf-attacker,9,0.19977657358252207,19554.0,0.003312466728859911,7604409.0,8854108.0,75369990.0,377271412.0,32037273.6,0.19977657358252207,0.8588565895062495,0.003312466728859911,0.20905525083443166,0.8536236878474106,0.0036012191885891106,7604409.0,8854108.0,377271412.0,75369990.0,7919090.0,9277027.0,377077020.0,78829931.0
40.1,mcf,mcf-attacker,9,0.19978849535502674,19544.7,0.003322523783429756,7603906.0,8857191.0,75361966.0,377208737.0,32022036.48,0.19978849535502674,0.8585008497615102,0.003322523783429756,0.20903564398582802,0.8534805064911857,0.0036016320167883502,7603906.0,8857191.0,377208737.0,75361966.0,7913764.0,9272343.0,377212051.0,78850764.0
40.2,mcf,mcf-attacker,9,0.1997098720721467,19532.3,0.003325493279430498,7601456.0,8855632.0,75318549.0,377139839.0,32001720.32,0.1997098720721467,0.858375325442611,0.003325493279430498,0.2090361167801503,0.8533148389440948,0.0036074039791870274,7601456.0,8855632.0,377139839.0,75318549.0,7914397.0,9274885.0,377137689.0,78835398.0
40.3,mcf,mcf-attacker,9,0.20371507051933263,19566.8,0.0033857674206434953,7749445.0,9025418.0,76772825.0,376863748.0,32058245.12,0.20371507051933263,0.8586244980564889,0.0033857674206434953,0.49577427520337997,0.8483063501289126,0.002949943192075684,7749445.0,9025418.0,376863748.0,76772825.0,6143203.0,7241727.0,372388188.0,184620484.0
40.4,mcf,mcf-attacker,9,0.210920083660001,12544.9,0.003034749973003542,8196617.0,9340643.0,79511677.0,376975372.0,20553564.16,0.210920083660001,0.8775217080879764,0.003034749973003542,1.0070451403349048,0.6195961796246648,2.408686121612889e-05,8196617.0,9340643.0,376975372.0,79511677.0,14791.0,23872.0,377010517.0,379666609.0
40.5,mcf,mcf-attacker,9,0.20612534503080202,12302.1,0.002995043309289602,8006075.0,9135507.0,77729948.0,377100390.0,20155760.64,0.20612534503080202,0.8763689853228727,0.002995043309289602,0.6869422554344241,0.8379202831951255,0.0016518001698921877,8006075.0,9135507.0,377100390.0,77729948.0,3220131.0,3843004.0,377087381.0,259037256.0
40.6,mcf,mcf-attacker,9,0.19785394534200815,19520.1,0.0030006340173711686,7636257.0,8768227.0,74639136.0,377243607.0,31981731.84,0.19785394534200815,0.8709009244400264,0.0030006340173711686,0.21056460910051888,0.8416894269761168,0.003915291301217486,7636257.0,8768227.0,377243607.0,74639136.0,7852826.0,9329838.0,377241918.0,79433797.0
40.7,mcf,mcf-attacker,9,0.19818393633932313,19522.5,0.0030452342291680122,7635545.0,8783933.0,74737126.0,377109908.0,31985664.0,0.19818393633932313,0.8692626640025601,0.0030452342291680122,0.20992088205942003,0.8463743200902827,0.003789685051984481,7635545.0,8783933.0,377109908.0,74737126.0,7873260.0,9302338.0,377096772.0,79160487.0
40.8,mcf,mcf-attacker,9,0.19855698247786593,19538.1,0.003128062383460665,7626696.0,8806579.0,74894289.0,377192925.0,32011223.04,0.19855698247786593,0.8660225497324217,0.003128062383460665,0.21017919000463664,0.8443685258850944,0.0038481836687983546,7626696.0,8806579.0,377192925.0,74894289.0,7875139.0,9326661.0,377196653.0,79278887.0
40.9,mcf,mcf-attacker,9,0.1981939322144595,19518.5,0.003124139013666554,7613613.0,8793382.0,74843999.0,377630123.0,31979110.4,0.1981939322144595,0.8658344423112746,0.003124139013666554,0.20931431299865091,0.8472752532534121,0.0037617555274006174,7613613.0,8793382.0,377630123.0,74843999.0,7880641.0,9301158.0,377620765.0,79041431.0
41.1,mcf,mcf-attacker,9,0.1992020153648091,19540.7,0.003187536650272271,7632218.0,8834417.0,75130262.0,377156134.0,32015482.88,0.1992020153648091,0.8639186943518741,0.003187536650272271,0.2094774739121807,0.8500622112992597,0.003693238284713443,7632218.0,8834417.0,377156134.0,75130262.0,7897174.0,9290113.0,377159255.0,79006368.0
41.2,mcf,mcf-attacker,9,0.19931618692303332,19528.600000000002,0.003214525087600512,7627124.0,8839602.0,75179532.0,377187288.0,31995658.240000002,0.19931618692303332,0.8628356797059415,0.003214525087600512,0.2094365401047049,0.8488235672598808,0.0037250332742095236,7627124.0,8839602.0,377187288.0,75179532.0,7889063.0,9294114.0,377191530.0,78997689.0
41.3,mcf,mcf-attacker,9,0.19946773749601762,19545.0,0.0032262470824895484,7629774.0,8846033.0,75197102.0,376988795.0,32022528.0,0.19946773749601762,0.8625079739132784,0.0032262470824895484,0.20945714447527905,0.849905758700304,0.003699711024226691,7629774.0,8846033.0,376988795.0,75197102.0,7897864.0,9292635.0,376994579.0,78964208.0
41.4,mcf,mcf-attacker,9,0.19963757702930465,19546.0,0.003259548840837827,7625061.0,8854450.0,75296384.0,377165387.0,32024166.4,0.19963757702930465,0.8611558030143035,0.003259548840837827,0.20921184173569607,0.8513534861007716,0.003662501081473789,7625061.0,8854450.0,377165387.0,75296384.0,7911473.0,9292818.0,377158933.0,78906115.0
41.5,mcf,mcf-attacker,9,0.1999959194931376,19582.6,0.0032784544406184884,7630497.0,8866835.0,75420464.0,377110014.0,32084131.84,0.1999959194931376,0.8605660306073136,0.0032784544406184884,0.20950312676071875,0.8506555683258629,0.003683365280832519,7630497.0,8866835.0,377110014.0,75420464.0,7912024.0,9301090.0,377118720.0,79007551.0
41.6,mcf,mcf-attacker,9,0.19993301371753586,19547.3,0.00328431326369199,7618876.0,8857551.0,75404508.0,377148859.0,32026296.32,0.19993301371753586,0.860156040874052,0.00328431326369199,0.20924087871326705,0.8510058323859463,0.0036692658719311615,7618876.0,8857551.0,377148859.0,75404508.0,8127064.0,9549951.0,387785200.0,81140516.0
41.7,mcf,mcf-attacker,9,0.1998189124331772,19527.1,0.003286955947218789,7621663.0,8861426.0,75367026.0,377176640.0,31993200.64,0.1998189124331772,0.8600944136982016,0.003286955947218789,0.20877753719217892,0.8524683749440565,0.0036247645651971963,7621663.0,8861426.0,377176640.0,75367026.0,7900919.0,9268284.0,377228638.0,78756866.0
41.8,mcf,mcf-attacker,9,0.19943409990294061,19515.7,0.0032758931301920848,7608093.0,8843787.0,75228193.0,377208276.0,31974522.880000003,0.19943409990294061,0.8602754679641199,0.0032758931301920848,0.2085701216743653,0.8530224228956567,0.0036103118502995,7608093.0,8843787.0,377208276.0,75228193.0,7901574.0,9263032.0,377102604.0,78652336.0
41.9,mcf,mcf-attacker,9,0.8729627304505061,12829.9,0.0010990157701263206,2430692.0,2843786.0,328126016.0,375876317.0,21020508.16,0.8729627304505061,0.854738014745132,0.0010990157701263206,0.21616374335298685,0.8653742961722912,0.003421664771162143,2430692.0,2843786.0,375876317.0,328126016.0,8374761.0,9677617.0,380766699.0,82307955.0
42.0,mcf,mcf-attacker,9,1.010467306398573,12916.0,2.124504387244713e-05,15009.0,23023.0,381165840.0,377217390.0,21161574.4,1.010467306398573,0.6519133040872171,2.124504387244713e-05,0.2176715346823684,0.8775830017711065,0.0031320901001250295,15009.0,23023.0,377217390.0,381165840.0,8469579.0,9651029.0,377208178.0,82107483.0
42.1,mcf,mcf-attacker,9,0.3003794256199846,19505.7,0.003291157727857312,6607267.0,7848870.0,113319393.0,377254177.0,31958138.88,0.3003794256199846,0.8418112416182202,0.003291157727857312,0.206673926960972,0.8716736509033688,0.003118248298619035,6607267.0,7848870.0,377254177.0,113319393.0,7990071.0,9166356.0,377226214.0,77962823.0
42.2,mcf,mcf-attacker,9,0.20125875523043787,19505.8,0.00358483191713127,7552327.0,8904117.0,75891863.0,377086020.0,31958302.72,0.20125875523043787,0.8481837109732497,0.00358483191713127,0.20610616921326178,0.8681034682487746,0.0032002123999862026,7552327.0,8904117.0,377086020.0,75891863.0,7943428.0,9150324.0,377129968.0,77728813.0
42.3,mcf,mcf-attacker,9,0.2016361759311317,19500.6,0.003651344650021672,7548308.0,8925764.0,76066487.0,377246229.0,31949783.04,0.2016361759311317,0.8456764037229754,0.003651344650021672,0.20654157765692072,0.8640876439060751,0.003304393880805203,7548308.0,8925764.0,377246229.0,76066487.0,7925748.0,9172389.0,377267676.0,77921461.0
42.4,mcf,mcf-attacker,9,0.2008809968052186,19496.1,0.0035228600651307273,7572733.0,8901671.0,75778880.0,377232696.0,31942410.24,0.2008809968052186,0.8507091533713165,0.0035228600651307273,0.20692291601494908,0.8618884284181515,0.0033629674324473827,7572733.0,8901671.0,377232696.0,75778880.0,7916484.0,9185045.0,377214774.0,78054381.0
42.5,mcf,mcf-attacker,9,0.2004446090860046,19506.600000000002,0.0034666490023392196,7573735.0,8881502.0,75616206.0,377242403.0,31959613.44,0.2004446090860046,0.8527538472659242,0.0034666490023392196,0.20678604596904085,0.8611798456662686,0.003377534133252073,7573735.0,8881502.0,377242403.0,75616206.0,7902709.0,9176607.0,377168061.0,77993092.0
42.6,mcf,mcf-attacker,9,0.20142240666794817,19370.0,0.00351031383747639,7606163.0,8929669.0,75943000.0,377033525.0,31735808.0,0.20142240666794817,0.8517855477061915,0.00351031383747639,0.20841978001588238,0.858027823243265,0.0034844519799621075,7606163.0,8929669.0,377033525.0,75943000.0,7872274.0,9174847.0,373824351.0,77912389.0
42.7,mcf,mcf-attacker,9,0.20086316212306907,19744.7,0.0034084507512913164,7596106.0,8881281.0,75736554.0,377055470.0,32349716.48,0.20086316212306907,0.85529396040954,0.0034084507512913164,0.20823316215913423,0.8581700816644282,0.003479332704763341,7596106.0,8881281.0,377055470.0,75736554.0,7782590.0,9068820.0,369677208.0,76979054.0
42.8,mcf,mcf-attacker,9,0.20090226732391606,19561.2,0.003439831663974888,7611812.0,8909141.0,75770085.0,377148979.0,32049070.080000002,0.20090226732391606,0.8543822575038379,0.003439831663974888,0.2084248044338461,0.8569737504612948,0.0035081754177590384,7611812.0,8909141.0,377148979.0,75770085.0,7927979.0,9251134.0,377163295.0,78610186.0
42.9,mcf,mcf-attacker,9,0.2007516224547268,19566.100000000002,0.0034065580863152384,7612992.0,8897643.0,75705673.0,377111139.0,32057098.240000002,0.2007516224547268,0.8556189543680276,0.0034065580863152384,0.20869642534759453,0.8553859879703472,0.003552886520623153,7612992.0,8897643.0,377111139.0,75705673.0,7925099.0,9264939.0,377113086.0,78702153.0
43.0,mcf,mcf-attacker,9,0.20050580899862291,19571.0,0.00336495244833987,7622824.0,8891785.0,75612971.0,377111124.0,32065126.4,0.20050580899862291,0.8572883847281507,0.00336495244833987,0.20859186798684978,0.856244129701489,0.0035305823380962446,7622824.0,8891785.0,377111124.0,75612971.0,7930248.0,9261667.0,377110310.0,78662144.0
43.2,mcf,mcf-attacker,9,0.20067254072729307,19559.5,0.003399523514449584,7607387.0,8889368.0,75674836.0,377106084.0,32046284.8,0.20067254072729307,0.8557849106933136,0.003399523514449584,0.20868338051387114,0.8550895622994442,0.00356129991265377,7607387.0,8889368.0,377106084.0,75674836.0,7924699.0,9267683.0,377104999.0,78695546.0
43.4,mcf,mcf-attacker,9,0.20051178652223595,19551.5,0.0033690627458253706,7619795.0,8890314.0,75615699.0,377113487.0,32033177.6,0.20051178652223595,0.857089524621965,0.0033690627458253706,0.20859571057525975,0.8549451869442458,0.0035608077962587907,7619795.0,8890314.0,377113487.0,75615699.0,7914626.0,9257466.0,377116676.0,78664921.0
43.5,mcf,mcf-attacker,9,0.20047201643839693,19556.5,0.0033730271925036075,7615972.0,8887962.0,75599272.0,377106358.0,32041369.6,0.20047201643839693,0.8568862018086936,0.0033730271925036075,0.20897821902693672,0.8539227977579391,0.0035921517779942216,7615972.0,8887962.0,377106358.0,75599272.0,7918643.0,9273254.0,377102941.0,78806301.0
43.6,mcf,mcf-attacker,9,0.20033194157708809,19539.5,0.0033545222071173298,7613830.0,8878855.0,75547246.0,377110337.0,32013516.8,0.20033194157708809,0.8575238586506931,0.0033545222071173298,0.20885958149993655,0.8539530126250323,0.003593906475474591,7613830.0,8878855.0,377110337.0,75547246.0,7924596.0,9279897.0,377110815.0,78763207.0
43.7,mcf,mcf-attacker,9,0.2007172213287911,19554.5,0.003370905143708496,7622959.0,8894433.0,75708665.0,377190679.0,32038092.8,0.2007172213287911,0.8570483357398948,0.003370905143708496,0.20860097132469324,0.8540882775027413,0.0035850545982536878,7622959.0,8894433.0,377190679.0,75708665.0,7911260.0,9262813.0,376996490.0,78641834.0
43.8,mcf,mcf-attacker,9,0.20032682198751314,19565.0,0.0033471770523304596,7616090.0,8878321.0,75543875.0,377103147.0,32055296.0,0.20032682198751314,0.8578299883502748,0.0033471770523304596,0.20895245490873116,0.8540973553663785,0.003589978495212067,7616090.0,8878321.0,377103147.0,75543875.0,7924990.0,9278790.0,377105323.0,78797083.0
43.9,mcf,mcf-attacker,9,0.20001562785581423,19553.5,0.0033402421046257592,7606661.0,8866680.0,75450666.0,377223854.0,32036454.4,0.20001562785581423,0.8578928076799884,0.0033402421046257592,0.20837710686407754,0.8540591400087786,0.003577654577997909,7606661.0,8866680.0,377223854.0,75450666.0,7897923.0,9247513.0,377227586.0,78605593.0
44.0,mcf,mcf-attacker,9,0.19946841085562111,19487.3,0.003316445680635427,7576763.0,8827534.0,75227918.0,377142013.0,31927992.32,0.19946841085562111,0.8583102596942702,0.003316445680635427,0.2078975328893509,0.8546405079440496,0.003556389140306286,7576763.0,8827534.0,377142013.0,75227918.0,7885903.0,9227158.0,377139550.0,78406382.0
44.1,mcf,mcf-attacker,9,0.19938722804229334,19487.1,0.003311881218997273,7587769.0,8837135.0,75216352.0,377237563.0,31927664.64,0.19938722804229334,0.8586231850028317,0.003311881218997273,0.20801266662980583,0.8543888220355238,0.0035639840444612607,7587769.0,8837135.0,377237563.0,75216352.0,7888836.0,9233309.0,377238782.0,78470445.0
44.2,mcf,mcf-attacker,9,0.19953268523935788,19503.3,0.003324546698484698,7592600.0,8846786.0,75273751.0,377250228.0,31954206.72,0.19953268523935788,0.8582325829968082,0.003324546698484698,0.20811903506755475,0.8544249398766965,0.0035661102855392914,7592600.0,8846786.0,377250228.0,75273751.0,7896104.0,9241425.0,377251653.0,78513250.0
44.3,mcf,mcf-attacker,9,0.19933283221050843,19477.1,0.0033255821870959465,7585242.0,8839376.0,75171825.0,377117127.0,31911280.64,0.19933283221050843,0.8581196229236091,0.0033255821870959465,0.20798006177724235,0.8537946151614692,0.0035758164114651336,7585242.0,8839376.0,377117127.0,75171825.0,7878961.0,9228169.0,377314673.0,78473929.0
44.4,mcf,mcf-attacker,9,0.20052221733838646,19501.0,0.0033499609004938816,7622401.0,8885515.0,75607575.0,377053356.0,31950438.4,0.20052221733838646,0.857845718565553,0.0033499609004938816,0.2089577809229378,0.8535877369778487,0.003601659906689658,7622401.0,8885515.0,377053356.0,75607575.0,7917226.0,9275234.0,377050592.0,78787655.0
44.5,mcf,mcf-attacker,9,0.20042187178057258,19556.399999999998,0.00334671687017757,7614333.0,8876397.0,75580110.0,377105100.0,32041205.759999998,0.20042187178057258,0.8578179862842998,0.00334671687017757,0.20896161503783803,0.8534716905067332,0.0036066525396021044,7614333.0,8876397.0,377105100.0,75580110.0,7921978.0,9282063.0,377104527.0,78800371.0
44.6,mcf,mcf-attacker,9,0.2088430591461554,18111.4,0.0032457796802874404,8024647.0,9248667.0,78757065.0,377111240.0,29673717.76,0.2088430591461554,0.8676544414454537,0.0032457796802874404,0.8687813061695844,0.8411377906163083,0.0012554439338142722,8024647.0,9248667.0,377111240.0,78757065.0,2476239.0,2943916.0,372519224.0,323637738.0
44.7,mcf,mcf-attacker,9,0.2111923472243877,12039.9,0.0030292705487293724,8219612.0,9361460.0,79606478.0,376938270.0,19726172.16,0.2111923472243877,0.8780267180546624,0.0030292705487293724,1.007536071469713,0.7425198073636787,2.1985533275027676e-05,8219612.0,9361460.0,376938270.0,79606478.0,23898.0,32185.0,376929679.0,379770248.0
44.8,mcf,mcf-attacker,9,0.19986457035637392,14306.7,0.0029766710370881812,7739459.0,8862003.0,75371706.0,377113892.0,23440097.28,0.19986457035637392,0.873330668021665,0.0029766710370881812,0.317101201521392,0.8402476712891791,0.0034301846640411348,7739459.0,8862003.0,377113892.0,75371706.0,6803640.0,8097184.0,377106228.0,119580838.0
44.9,mcf,mcf-attacker,9,0.19844144173189754,19570.899999999998,0.0030276409731497316,7654478.0,8796207.0,74832634.0,377101846.0,32064962.56,0.19844144173189754,0.8702021223465978,0.0030276409731497316,0.2104709525722874,0.8449502909763826,0.0038360981963089422,7654478.0,8796207.0,377101846.0,74832634.0,7883213.0,9329795.0,377097229.0,79368013.0
45.0,mcf,mcf-attacker,9,0.19903354205329174,19556.5,0.0031257147118525113,7651695.0,8830447.0,75058413.0,377114391.0,32041369.6,0.19903354205329174,0.8665127597730896,0.0031257147118525113,0.2105488400803301,0.8444761910683195,0.003847175032307924,7651695.0,8830447.0,377114391.0,75058413.0,7877887.0,9328726.0,377118012.0,79401760.0
45.1,mcf,mcf-attacker,9,0.19912354443960342,19552.8,0.003147985247570386,7643341.0,8830475.0,75091308.0,377109137.0,32035307.52,0.19912354443960342,0.8655639702281022,0.003147985247570386,0.21042718656052486,0.8452557847896484,0.00382783036681852,7643341.0,8830475.0,377109137.0,75091308.0,7884726.0,9328213.0,377103179.0,79352761.0
45.3,mcf,mcf-attacker,9,0.19932267700580084,19541.9,0.0031845002044085424,7638511.0,8839410.0,75166082.0,377107528.0,32017448.96,0.19932267700580084,0.8641426294288872,0.0031845002044085424,0.20994864916546235,0.8485595042448977,0.0037410592374628013,7638511.0,8839410.0,377107528.0,75166082.0,7905087.0,9315890.0,377113248.0,79174417.0
45.4,mcf,mcf-attacker,9,0.19948718468875642,19553.7,0.0032270544583024472,7632224.0,8849161.0,75227530.0,377104575.0,32036782.080000002,0.19948718468875642,0.8624799571394396,0.0032270544583024472,0.20976667987831846,0.8491393811159932,0.0037232090315033653,7632224.0,8849161.0,377104575.0,75227530.0,7902812.0,9306849.0,377103995.0,79103853.0
45.5,mcf,mcf-attacker,9,0.19912946327436581,19543.5,0.0032189179162142078,7614584.0,8828452.0,75092590.0,377104366.0,32020070.4,0.19912946327436581,0.8625050008767109,0.0032189179162142078,0.209173468090667,0.8492116596779543,0.0037116624314789885,7614584.0,8828452.0,377104366.0,75092590.0,7882679.0,9282349.0,377100565.0,78879433.0
45.6,mcf,mcf-attacker,9,0.1998894779099188,19555.3,0.0032660825457554487,7636459.0,8868120.0,75379624.0,377106513.0,32039403.52,0.1998894779099188,0.8611136294953158,0.0032660825457554487,0.20959704086538822,0.8510863896107078,0.003674338928694061,7636459.0,8868120.0,377106513.0,75379624.0,7919198.0,9304811.0,377105386.0,79040173.0
45.7,mcf,mcf-attacker,9,0.1996656270084843,19520.9,0.003276308607441245,7609194.0,8844905.0,75307012.0,377165630.0,31983042.560000002,0.1996656270084843,0.8602912071978162,0.003276308607441245,0.2090481458065205,0.851357728018655,0.003653936309735506,7609194.0,8844905.0,377165630.0,75307012.0,7893410.0,9271555.0,377167220.0,78846108.0
45.8,mcf,mcf-attacker,9,0.19931203333952835,19516.5,0.00326297876720588,7599183.0,8829895.0,75175393.0,377174382.0,31975833.6,0.19931203333952835,0.8606198601455624,0.00326297876720588,0.20882758601966414,0.8512632953176219,0.0036536448242810164,7599183.0,8829895.0,377174382.0,75175393.0,7887203.0,9265292.0,377181983.0,78766003.0
45.9,mcf,mcf-attacker,9,0.19923017461448742,19313.0,0.0032798202603405947,7594905.0,8832978.0,75205798.0,377481966.0,31642419.2,0.19923017461448742,0.8598351541235584,0.0032798202603405947,0.2083538898974184,0.8523874481914326,0.003619091487658556,7594905.0,8832978.0,377481966.0,75205798.0,7884514.0,9249918.0,377278111.0,78607362.0
46.0,mcf,mcf-attacker,9,0.19918598800952456,19689.4,0.003271224993356965,7583900.0,8817337.0,75104393.0,377056608.0,32259112.96,0.19918598800952456,0.8601122992123359,0.003271224993356965,0.20836186201573842,0.8532537990632004,0.0035966809283107005,7583900.0,8817337.0,377056608.0,75104393.0,7889322.0,9246161.0,377247531.0,78603998.0
46.1,mcf,mcf-attacker,9,0.19918441693327563,19501.7,0.003283376749344145,7588749.0,8827086.0,75123098.0,377153490.0,31951585.28,0.19918441693327563,0.8597116874130376,0.003283376749344145,0.20841767078827797,0.8526517769864733,0.0036138498688516505,7588749.0,8827086.0,377153490.0,75123098.0,7887017.0,9249986.0,377151528.0,78605043.0
46.2,mcf,mcf-attacker,9,0.19963097357290197,19526.600000000002,0.003291650551665348,7608996.0,8850548.0,75297250.0,377182201.0,31992381.44,0.19963097357290197,0.8597203246623825,0.003291650551665348,0.20854690443580728,0.8536732775530236,0.003592565648186498,7608996.0,8850548.0,377182201.0,75297250.0,7905642.0,9260735.0,377193664.0,78662571.0
46.3,mcf,mcf-attacker,9,0.72062635444946,15730.599999999999,0.0017257026441069587,3825245.0,4468141.0,268463285.0,372541586.0,25773015.04,0.72062635444946,0.8561155523068766,0.0017257026441069587,0.21397578947332982,0.8604373067444273,0.0035133985478758897,3825245.0,4468141.0,372541586.0,268463285.0,8171136.0,9496492.0,377229051.0,80717884.0
46.4,mcf,mcf-attacker,9,1.0099250906764212,12311.800000000001,2.095327105645159e-05,15099.0,22997.0,380675091.0,376933987.0,20171653.12,1.0099250906764212,0.6565638996390833,2.095327105645159e-05,0.21753844336659972,0.8775434138569044,0.00313266865274711,15099.0,22997.0,376933987.0,380675091.0,8461801.0,9642601.0,376931023.0,81996988.0
46.5,mcf,mcf-attacker,9,0.4557539797812494,16989.0,0.002545255608351973,5154140.0,6114413.0,171946676.0,377279593.0,27834777.6,0.4557539797812494,0.8429492741167468,0.002545255608351973,0.20919860039285412,0.8739581817764749,0.0031021550221958065,5154140.0,6114413.0,377279593.0,171946676.0,8115199.0,9285569.0,377276439.0,78925703.0
46.6,mcf,mcf-attacker,9,0.2016741147673227,19457.8,0.003697788468084289,7519393.0,8914226.0,76072959.0,377207353.0,31879659.52,0.2016741147673227,0.8435273011924984,0.003697788468084289,0.20586423015081792,0.8681729338186169,0.003189822144049076,7519393.0,8914226.0,377207353.0,76072959.0,7928137.0,9131979.0,377400979.0,77693362.0
46.7,mcf,mcf-attacker,9,0.2011975916752266,19473.800000000003,0.003630872006534645,7534559.0,8904526.0,75914012.0,377310739.0,31905873.92,0.2011975916752266,0.8461493626948813,0.003630872006534645,0.20631614763727513,0.8641232418202249,0.0032949670837753584,7534559.0,8904526.0,377310739.0,75914012.0,7906681.0,9149946.0,377322434.0,77847711.0
46.8,mcf,mcf-attacker,9,0.199847745861223,19463.3,0.003473479953003155,7539037.0,8849360.0,75389840.0,377236379.0,31888670.72,0.199847745861223,0.8519301960819765,0.003473479953003155,0.20585278972308557,0.8640108936977962,0.0032956282041148423,7539037.0,8849360.0,377236379.0,75389840.0,7894490.0,9137026.0,377025539.0,77611759.0
46.9,mcf,mcf-attacker,9,0.2000609204235525,19416.100000000002,0.003536955081211641,7522800.0,8856743.0,75451867.0,377144456.0,31811338.240000002,0.2000609204235525,0.8493867327978242,0.003536955081211641,0.20656143538083369,0.8598363272342119,0.003405288541641592,7522800.0,8856743.0,377144456.0,75451867.0,7878504.0,9162795.0,377146014.0,77903822.0
47.0,mcf,mcf-attacker,9,0.20077861924887497,19549.9,0.0034413757655862606,7601285.0,8899037.0,75714154.0,377102673.0,32030556.16,0.20077861924887497,0.8541693893395431,0.0034413757655862606,0.20811892948942426,0.8594625296329069,0.0034434553936504354,7601285.0,8899037.0,377102673.0,75714154.0,7941200.0,9239728.0,377100282.0,78481707.0
47.1,mcf,mcf-attacker,9,0.1998365401083972,19497.8,0.003428182994150719,7567050.0,8860415.0,75393171.0,377274201.0,31945195.52,0.1998365401083972,0.854028846278645,0.003428182994150719,0.2071940725347151,0.8587729908744257,0.0034432211331964883,7567050.0,8860415.0,377274201.0,75393171.0,7899085.0,9198106.0,377269118.0,78167925.0
47.2,mcf,mcf-attacker,9,0.20075974241008765,19532.1,0.0034338346234195566,7604824.0,8899184.0,75674984.0,376943022.0,32001392.64,0.20075974241008765,0.8545529567654743,0.0034338346234195566,0.20872813757452843,0.8560734649007885,0.003531950808335898,7604824.0,8899184.0,376943022.0,75674984.0,7922894.0,9254923.0,377136906.0,78719084.0
47.4,mcf,mcf-attacker,9,0.20044511733617904,19571.0,0.003386384410370081,7610536.0,8887580.0,75590129.0,377111351.0,32065126.4,0.20044511733617904,0.8563113918524503,0.003386384410370081,0.2086642494011772,0.8559752089819924,0.003536618820700729,7610536.0,8887580.0,377111351.0,75590129.0,7926440.0,9260128.0,377108212.0,78689002.0
47.5,mcf,mcf-attacker,9,0.20052709442570874,19551.1,0.0034046880397335315,7602036.0,8885969.0,75620248.0,377107384.0,32032522.24,0.20052709442570874,0.8555100743655532,0.0034046880397335315,0.20864216251281895,0.8556893668196907,0.0035431628091447723,7602036.0,8885969.0,377107384.0,75620248.0,7922738.0,9258895.0,377108553.0,78680744.0
47.6,mcf,mcf-attacker,9,0.20051782319913292,19549.6,0.0033817996122780416,7612845.0,8888143.0,75616538.0,377106318.0,32030064.64,0.20051782319913292,0.8565169349773063,0.0033817996122780416,0.2089706062032614,0.8540157319501875,0.0035900743521311567,7612845.0,8888143.0,377106318.0,75616538.0,7919919.0,9273739.0,377100825.0,78802988.0
47.7,mcf,mcf-attacker,9,0.20045296221834355,19563.6,0.0033718209563157048,7601541.0,8873093.0,75593090.0,377111364.0,32053002.24,0.20045296221834355,0.8566957429613327,0.0033718209563157048,0.2090864201448899,0.8547380667527466,0.0035751328032939092,7601541.0,8873093.0,377111364.0,75593090.0,7933077.0,9281296.0,377110187.0,78848619.0
47.8,mcf,mcf-attacker,9,0.20026327194548227,19554.8,0.003371206161311543,7598798.0,8870092.0,75520002.0,377103606.0,32038584.32,0.20026327194548227,0.8566763456342955,0.003371206161311543,0.20892294251527874,0.8542124710325618,0.0035865453275366827,7598798.0,8870092.0,377103606.0,75520002.0,7924723.0,9277227.0,377104951.0,78785876.0
47.9,mcf,mcf-attacker,9,0.2002230527480984,19556.5,0.003342943285973758,7615711.0,8876386.0,75507173.0,377115282.0,32041369.6,0.2002230527480984,0.8579742926907414,0.003342943285973758,0.2090310643544971,0.8539955602072937,0.003592918610378638,7615711.0,8876386.0,377115282.0,75507173.0,7925218.0,9280163.0,377115417.0,78828837.0
48.0,mcf,mcf-attacker,9,0.20048121026704308,19558.399999999998,0.003363899172903594,7606425.0,8874978.0,75603051.0,377107914.0,32044482.56,0.20048121026704308,0.857064096384239,0.003363899172903594,0.2090691476293373,0.853898542854557,0.003595748428845061,7606425.0,8874978.0,377107914.0,75603051.0,7925169.0,9281160.0,377109530.0,78841968.0
48.1,mcf,mcf-attacker,9,0.20022408996714305,19556.5,0.003346152067921072,7614345.0,8876189.0,75505106.0,377103005.0,32041369.6,0.20022408996714305,0.8578394398767308,0.003346152067921072,0.20898669239721598,0.8538381986332725,0.003594929092996255,7614345.0,8876189.0,377103005.0,75505106.0,7919351.0,9275002.0,377100901.0,78809070.0
48.2,mcf,mcf-attacker,9,0.20037348937581523,19543.800000000003,0.0033394485512386594,7619069.0,8878414.0,75563180.0,377111664.0,32020561.92,0.20037348937581523,0.8581565356154827,0.0033394485512386594,0.20902069618603034,0.8536750852728705,0.0035993703663427887,7619069.0,8878414.0,377111664.0,75563180.0,7919029.0,9276397.0,377112623.0,78824343.0
48.3,mcf,mcf-attacker,9,0.20031591330583973,19550.6,0.0033553425055024913,7607198.0,8872539.0,75541599.0,377112321.0,32031703.04,0.20031591330583973,0.8573868201650058,0.0033553425055024913,0.20905134984610907,0.8533948072341236,0.0036090951376116643,7607198.0,8872539.0,377112321.0,75541599.0,7922681.0,9283723.0,377114470.0,78836289.0
48.5,mcf,mcf-attacker,9,0.20027930042771735,19552.8,0.003349966874733373,7617207.0,8880506.0,75526908.0,377107908.0,32035307.52,0.20027930042771735,0.8577447050877506,0.003349966874733373,0.20895497984327469,0.8530187734230806,0.0036122700096317853,7617207.0,8880506.0,377107908.0,75526908.0,7905865.0,9268102.0,377113836.0,78799814.0
48.6,mcf,mcf-attacker,9,0.20032493563283668,19535.4,0.003345287680213962,7611964.0,8873482.0,75543133.0,377102994.0,32006799.36,0.20032493563283668,0.8578328101640371,0.003345287680213962,0.2091805324114077,0.8529196945791001,0.00361952142720742,7611964.0,8873482.0,377102994.0,75543133.0,7915134.0,9280046.0,377097367.0,78881428.0
48.7,mcf,mcf-attacker,9,0.20011196050997507,19540.2,0.003343026866876258,7614415.0,8875109.0,75464529.0,377111537.0,32014663.68,0.20011196050997507,0.8579517164239898,0.003343026866876258,0.2091140772530648,0.8529439318152158,0.0036213594730498547,7614415.0,8875109.0,377111537.0,75464529.0,7921089.0,9286764.0,377116663.0,78860403.0
48.8,mcf,mcf-attacker,9,0.2023529030763598,19539.3,0.003370519122052034,7694282.0,8965053.0,76292165.0,377025305.0,32013189.12,0.2023529030763598,0.858252817914183,0.003370519122052034,0.4403791879952126,0.8496790786656362,0.00317094042211778,7694282.0,8965053.0,377025305.0,76292165.0,6706432.0,7892900.0,374169124.0,164776295.0
48.9,mcf,mcf-attacker,9,0.21149229124385593,16020.3,0.0030718924985355363,8214760.0,9373193.0,79755281.0,377107272.0,26247659.52,0.21149229124385593,0.8764099917712139,0.0030718924985355363,1.0048021532013307,0.6411086980527846,2.6009409025092074e-05,8214760.0,9373193.0,377107272.0,79755281.0,17417.0,27167.0,374864342.0,376664498.0
49.0,mcf,mcf-attacker,9,0.20624519416076367,11997.7,0.0029881273716971823,8018429.0,9145469.0,77790052.0,377172677.0,19657031.68,0.20624519416076367,0.8767652047150343,0.0029881273716971823,0.7475686360379525,0.837395436307081,0.0013470248072139457,8018429.0,9145469.0,377172677.0,77790052.0,2616468.0,3124531.0,377174197.0,281963600.0
49.1,mcf,mcf-attacker,9,0.19760536836142714,16361.100000000002,0.0029866414064408163,7639223.0,8765816.0,74538853.0,377210668.0,26806026.240000002,0.19760536836142714,0.8714788218233191,0.0029866414064408163,0.21027304239109645,0.8433177275072059,0.0038700056556414683,7639223.0,8765816.0,377210668.0,74538853.0,7856859.0,9316606.0,377195056.0,79313952.0
49.2,mcf,mcf-attacker,9,0.19821566328335424,19497.3,0.0030639547820588645,7632447.0,8788180.0,74767547.0,377203021.0,31944376.32,0.19821566328335424,0.8684900627888823,0.0030639547820588645,0.21005952798980176,0.8456510428353905,0.003811122805049543,7632447.0,8788180.0,377203021.0,74767547.0,7876338.0,9313934.0,377210621.0,79236685.0
49.3,mcf,mcf-attacker,9,0.19870556935496347,19518.1,0.003129957006858036,7624899.0,8805421.0,74945533.0,377168759.0,31978455.04,0.19870556935496347,0.8659323614396177,0.003129957006858036,0.21050197544384985,0.8433074769766231,0.00387567557124305,7624899.0,8805421.0,377168759.0,74945533.0,7867304.0,9329105.0,377173211.0,79395706.0
49.5,mcf,mcf-attacker,9,0.19894202340824774,19555.2,0.0031438888758156384,7633285.0,8818864.0,75022208.0,377105886.0,32039239.68,0.19894202340824774,0.865563297041433,0.0031438888758156384,0.21018290021815808,0.8473072963530829,0.0037778079937194438,7633285.0,8818864.0,377105886.0,75022208.0,7905322.0,9329935.0,377100425.0,79260061.0
49.6,mcf,mcf-attacker,9,0.19944292053869406,19547.8,0.0032150306429475787,7630516.0,8842936.0,75211907.0,377109936.0,32027115.52,0.19944292053869406,0.8628939528681424,0.0032150306429475787,0.20970132390617535,0.8492697133541077,0.0037186456646222366,7630516.0,8842936.0,377109936.0,75211907.0,7901388.0,9303744.0,377114715.0,79081455.0
49.7,mcf,mcf-attacker,9,0.19961860528198747,19552.8,0.0032237326581459236,7630359.0,8846051.0,75277564.0,377106953.0,32035307.52,0.19961860528198747,0.8625723500802788,0.0032237326581459236,0.20994637607799135,0.8471512839372946,0.0037725270725612664,7630359.0,8846051.0,377106953.0,75277564.0,7884764.0,9307386.0,377100541.0,79170892.0
49.8,mcf,mcf-attacker,9,0.1996055939651507,19554.100000000002,0.0032376471524664134,7628462.0,8849386.0,75271717.0,377102242.0,32037437.44,0.1996055939651507,0.8620329139219376,0.0032376471524664134,0.2095439172568245,0.8499102228524938,0.003701389042971007,7628462.0,8849386.0,377102242.0,75271717.0,7903905.0,9299694.0,377098701.0,79018739.0
49.9,mcf,mcf-attacker,9,0.19986549861936068,19554.5,0.0032583079236186657,7621564.0,8851152.0,75423264.0,377370104.0,32038092.8,0.19986549861936068,0.8610815857642033,0.0032583079236186657,0.20937512551140017,0.8512657078111191,0.003668524653622471,7621564.0,8851152.0,377370104.0,75423264.0,7919473.0,9303174.0,377181873.0,78972502.0
50.0,mcf,mcf-attacker,9,0.20002969969559603,19555.8,0.003268717582999283,7613381.0,8845403.0,75393785.0,376912954.0,32040222.72,0.20002969969559603,0.8607161256530652,0.003268717582999283,0.20957564602074502,0.849879031976302,0.003704949713451232,7613381.0,8845403.0,376912954.0,75393785.0,7905613.0,9302045.0,376909839.0,78991123.0
50.1,mcf,mcf-attacker,9,0.19990351468783207,19546.5,0.0032783304260668076,7630100.0,8866392.0,75385664.0,377110248.0,32024985.599999998,0.19990351468783207,0.8605642520655528,0.0032783304260668076,0.20916493727286417,0.8513916194152573,0.0036575111085725177,7630100.0,8866392.0,377110248.0,75385664.0,7902090.0,9281381.0,377111910.0,78878589.0
50.2,mcf,mcf-attacker,9,0.19995944048338551,19554.1,0.0032970564131156463,7622557.0,8865910.0,75406708.0,377110017.0,32037437.439999998,0.19995944048338551,0.8597602502168418,0.0032970564131156463,0.20919069472100693,0.8519067058859252,0.003647206687768858,7622557.0,8865910.0,377110017.0,75406708.0,7911891.0,9287274.0,377105856.0,78887036.0
50.3,mcf,mcf-attacker,9,0.19996125558567826,19538.3,0.0033012806780111288,7618684.0,8863655.0,75408906.0,377117586.0,32011550.72,0.19996125558567826,0.8595420286552218,0.0033012806780111288,0.20944672867670805,0.8510517333287478,0.003675004018305094,7618684.0,8863655.0,377117586.0,75408906.0,7918730.0,9304640.0,377117955.0,78986122.0
50.4,mcf,mcf-attacker,9,0.20018402923253975,19537.5,0.003312852347035645,7619169.0,8868492.0,75492200.0,377114000.0,32010240.0,0.20018402923253975,0.8591279103595064,0.003312852347035645,0.20918692944046408,0.8514293473253384,0.003655869405501466,7619169.0,8868492.0,377114000.0,75492200.0,7900911.0,9279585.0,377112486.0,78887003.0
50.5,mcf,mcf-attacker,9,0.20003715757655086,19544.1,0.0033135875155682003,7543556.0,8781506.0,74733502.0,373598100.0,32021053.439999998,0.20003715757655086,0.8590275973164512,0.0033135875155682003,0.20918832431473125,0.8521071097218121,0.0036424405138373536,7543556.0,8781506.0,373598100.0,74733502.0,7840615.0,9201443.0,373603356.0,78153460.0
50.6,mcf,mcf-attacker,9,0.20018912725745241,19541.300000000003,0.003324414764081939,7691203.0,8956552.0,76196603.0,380623084.0,32016465.92,0.20018912725745241,0.8587236472249589,0.003324414764081939,0.20923846435719035,0.8514710437328105,0.0036599230819125213,7691203.0,8956552.0,380623084.0,76196603.0,7985849.0,9378885.0,380618928.0,79640120.0
50.7,mcf,mcf-attacker,9,0.5580685314134515,18988.399999999998,0.0024267263702944606,5343951.0,6238611.0,205742847.0,368669501.0,31110594.56,0.5580685314134515,0.8565930781707659,0.0024267263702944606,0.21279161479334754,0.8546817777622867,0.003638887339703448,5343951.0,6238611.0,368669501.0,205742847.0,7993872.0,9353039.0,373511701.0,79480158.0
50.8,mcf,mcf-attacker,9,1.0123525723806355,12178.600000000002,2.1416336874481503e-05,14907.0,22983.0,381753398.0,377095301.0,19953418.240000002,1.0123525723806355,0.6486098420571726,2.1416336874481503e-05,0.21832910318676763,0.8773809361563645,0.003149373949012819,14907.0,22983.0,377095301.0,381753398.0,8497852.0,9685476.0,377098439.0,82331564.0
50.9,mcf,mcf-attacker,9,0.6220223724991293,13801.100000000002,0.0018299358324446423,3633964.0,4324078.0,234580000.0,377124699.0,22611722.240000002,0.6220223724991293,0.8404020464015681,0.0018299358324446423,0.2125831082141157,0.8756371869859665,0.0031117771539087413,3633964.0,4324078.0,377124699.0,234580000.0,8262861.0,9436398.0,377127584.0,80170954.0
51.0,mcf,mcf-attacker,9,0.2027623404291756,19575.9,0.00374834453797731,7553917.0,8967424.0,76462018.0,377101674.0,32073154.560000002,0.2027623404291756,0.8423731274444032,0.00374834453797731,0.20667478184836144,0.8688682439408877,0.0031910806856738057,7553917.0,8967424.0,377101674.0,76462018.0,7973285.0,9176633.0,377097328.0,77936508.0
51.1,mcf,mcf-attacker,9,0.20178230941469052,19541.5,0.003591872950408717,7584296.0,8938827.0,76094115.0,377109942.0,32016793.6,0.20178230941469052,0.8484665829196605,0.003591872950408717,0.206917772003201,0.8666294823768442,0.0032508916146654168,7584296.0,8938827.0,377109942.0,76094115.0,7966105.0,9192054.0,377111619.0,78031096.0
51.2,mcf,mcf-attacker,9,0.20211719119533003,19566.399999999998,0.003646973929190204,7578386.0,8953705.0,76220894.0,377112375.0,32057589.759999998,0.20211719119533003,0.8463966592600494,0.003646973929190204,0.2075313294182799,0.8630562620250806,0.0033471135596810455,7578386.0,8953705.0,377112375.0,76220894.0,7954957.0,9217194.0,377112093.0,78262574.0
51.3,mcf,mcf-attacker,9,0.20145163416557824,19533.899999999998,0.0035371491456305843,7584195.0,8918086.0,75969237.0,377109063.0,32004341.759999998,0.20145163416557824,0.8504285560825495,0.0035371491456305843,0.20773939710145076,0.8608969244567501,0.0034041298490799818,7584195.0,8918086.0,377109063.0,75969237.0,7944857.0,9228581.0,377107824.0,78340152.0
51.4,mcf,mcf-attacker,9,0.20093695250155164,19551.4,0.003481343236996537,7587531.0,8900327.0,75772255.0,377094676.0,32033013.76,0.20093695250155164,0.8525002508334806,0.003481343236996537,0.20786078856241122,0.8602361718395128,0.0034204476824905624,7587531.0,8900327.0,377094676.0,75772255.0,7938865.0,9228704.0,377096544.0,78383585.0
51.6,mcf,mcf-attacker,9,0.20099454912893788,19531.6,0.003486804715624958,7586888.0,8901827.0,75798788.0,377118625.0,32000573.439999998,0.20099454912893788,0.8522843681415062,0.003486804715624958,0.20834877257925333,0.8574061671437028,0.003497369539097849,7586888.0,8901827.0,377118625.0,75798788.0,7930857.0,9249825.0,377131437.0,78574872.0
51.7,mcf,mcf-attacker,9,0.20062203964194772,19550.4,0.003404538659015913,7606572.0,8890160.0,75639042.0,377022595.0,32031375.36,0.20062203964194772,0.855616996769462,0.003404538659015913,0.20838044295852073,0.8570205457828739,0.0035029057087650117,7606572.0,8890160.0,377022595.0,75639042.0,8143992.0,9502680.0,387874557.0,80825472.0
51.8,mcf,mcf-attacker,9,0.20061768793056667,19565.7,0.003435587605712553,7598136.0,8893711.0,75653801.0,377104341.0,32056442.88,0.20061768793056667,0.8543268383692701,0.003435587605712553,0.20834887347448322,0.8566686851235401,0.003513909667418917,7598136.0,8893711.0,377104341.0,75653801.0,7919633.0,9244686.0,377087952.0,78565850.0
51.9,mcf,mcf-attacker,9,0.20045028369652187,19536.199999999997,0.0033864299664903147,7612571.0,8889639.0,75592481.0,377113365.0,32008110.08,0.20045028369652187,0.8563419729417584,0.0033864299664903147,0.20856812688065457,0.8555715567146712,0.0035482444583043193,7612571.0,8889639.0,377113365.0,75592481.0,7927128.0,9265301.0,377136642.0,78658683.0
52.0,mcf,mcf-attacker,9,0.20027230632122545,19549.0,0.0033635977203887316,7603249.0,8871685.0,75524074.0,377106927.0,32029081.6,0.20027230632122545,0.8570242293318575,0.0033635977203887316,0.2087251237034462,0.8553694964457262,0.0035515371090531185,7603249.0,8871685.0,377106927.0,75524074.0,7847182.0,9174026.0,373597110.0,77979103.0
52.1,mcf,mcf-attacker,9,0.2002310685033488,19542.1,0.0033780069116099883,7590029.0,8863239.0,75469413.0,376911603.0,32017776.64,0.2002310685033488,0.8563493549028747,0.0033780069116099883,0.2087113482969282,0.8552857152130985,0.0035566893474901174,7590029.0,8863239.0,376911603.0,75469413.0,7773301.0,9088543.0,369793893.0,77180182.0
52.2,mcf,mcf-attacker,9,0.20020213974028667,19547.5,0.0033506047302703968,7616730.0,8880931.0,75537333.0,377305323.0,32026624.0,0.20020213974028667,0.8576499468355289,0.0033506047302703968,0.20880790706598432,0.8541198740333595,0.0035862749117082245,7616730.0,8880931.0,377305323.0,75537333.0,7921551.0,9274519.0,377262768.0,78775449.0
52.3,mcf,mcf-attacker,9,0.20023504562616698,19539.0,0.003362721673741414,7604271.0,8872369.0,75509568.0,377104656.0,32012697.599999998,0.20023504562616698,0.8570733476031035,0.003362721673741414,0.20873589826781833,0.8547540217958169,0.0035708233621544482,7604271.0,8872369.0,377104656.0,75509568.0,7924463.0,9271045.0,377106864.0,78715740.0
52.4,mcf,mcf-attacker,9,0.20047587424191848,19551.199999999997,0.003367174870445849,7609004.0,8878821.0,75602748.0,377116440.0,32032686.08,0.20047587424191848,0.8569836017642433,0.003367174870445849,0.20888472082026407,0.8536484674453398,0.003600271760789623,7609004.0,8878821.0,377116440.0,75602748.0,7919570.0,9277320.0,377124309.0,78775506.0
52.5,mcf,mcf-attacker,9,0.2001145575364978,19528.2,0.0033412517580275647,7601029.0,8861037.0,75464515.0,377106573.0,31995002.88,0.2001145575364978,0.8578035505325167,0.0033412517580275647,0.20876799259241877,0.8535982235397818,0.00359666022941198,7601029.0,8861037.0,377106573.0,75464515.0,7907961.0,9264266.0,377101231.0,78726667.0
52.6,mcf,mcf-attacker,9,0.2003893489705729,19529.2,0.003368631257889428,7610812.0,8881167.0,75569450.0,377113107.0,31996641.28,0.2003893489705729,0.8569608025611949,0.003368631257889428,0.20891177295448038,0.8534913487364159,0.0036055637968943227,7610812.0,8881167.0,377113107.0,75569450.0,7921068.0,9280783.0,377115779.0,78783926.0
52.7,mcf,mcf-attacker,9,0.20023126619384024,19536.1,0.003346721460185514,7609357.0,8871445.0,75509564.0,377111754.0,32007946.24,0.20023126619384024,0.8577359156259211,0.003346721460185514,0.20903368915432824,0.8531114250610542,0.0036128813485899664,7609357.0,8871445.0,377111754.0,75509564.0,7912919.0,9275364.0,377107596.0,78828192.0
52.8,mcf,mcf-attacker,9,0.20016292579853392,19547.2,0.003342861911634788,7612536.0,8873135.0,75481785.0,377101727.0,32026132.48,0.20016292579853392,0.8579308215191136,0.003342861911634788,0.208766316903575,0.8533688289573502,0.003603258930644664,7612536.0,8873135.0,377101727.0,75481785.0,7908058.0,9266870.0,377106399.0,78727114.0
52.9,mcf,mcf-attacker,9,0.20014142525085965,19532.6,0.0033452232832508755,7610734.0,8872273.0,75476640.0,377116531.0,32002211.84,0.20014142525085965,0.8578110705114687,0.0033452232832508755,0.2089524203083367,0.8533075045427955,0.0036066124083380304,7610734.0,8872273.0,377116531.0,75476640.0,7911717.0,9271824.0,377114823.0,78799055.0
53.0,mcf,mcf-attacker,9,0.20002958194248055,19543.5,0.0033338833795096964,7612795.0,8870008.0,75431490.0,377101673.0,32020070.4,0.20002958194248055,0.8582624728185138,0.0033338833795096964,0.20877125554163856,0.8534442649343886,0.0036001285847149984,7612795.0,8870008.0,377101673.0,75431490.0,7905869.0,9263486.0,377102364.0,78728134.0
53.1,mcf,mcf-attacker,9,0.2078853961906693,13708.900000000001,0.0032454228155575286,7989219.0,9212804.0,78376676.0,377018672.0,22460661.76,0.2078853961906693,0.8671864722184472,0.0032454228155575286,0.8385316653005056,0.8424774636399267,0.0013975808897894698,7989219.0,9212804.0,377018672.0,78376676.0,2783634.0,3304105.0,372408498.0,312276318.0
53.2,mcf,mcf-attacker,9,0.21092696170096412,11994.7,0.003021369863946745,8206864.0,9345994.0,79524600.0,377024347.0,19652116.48,0.21092696170096412,0.8781156932050245,0.003021369863946745,1.0075745600936947,0.7333786017949929,2.39534992424676e-05,8206864.0,9345994.0,377024347.0,79524600.0,24841.0,33872.0,377022159.0,379877936.0
53.3,mcf,mcf-attacker,9,0.2002294968757607,18636.9,0.002982654320640475,7754239.0,8879036.0,75509098.0,377112759.0,30534696.96,0.2002294968757607,0.8733199189641758,0.002982654320640475,0.3471419406800258,0.8392921812336024,0.0033008061194517648,7754239.0,8879036.0,377112759.0,75509098.0,6500678.0,7745429.0,377105154.0,130909015.0
53.4,mcf,mcf-attacker,9,0.19836438942066334,19547.8,0.0030255165446617938,7647186.0,8788879.0,74853742.0,377354737.0,32027115.52,0.19836438942066334,0.8700979954326371,0.0030255165446617938,0.2102979191264552,0.844928269741835,0.003835243740641501,7647186.0,8788879.0,377354737.0,74853742.0,7881316.0,9327793.0,377153865.0,79314673.0
53.7,mcf,mcf-attacker,9,0.1990817224666393,19531.300000000003,0.0031435350874944555,7636226.0,8821670.0,75074789.0,377105382.0,32000081.92,0.1990817224666393,0.8656213619416732,0.0031435350874944555,0.21030818564313294,0.845490610297173,0.003820777785224743,7636226.0,8821670.0,377105382.0,75074789.0,7884517.0,9325375.0,377111175.0,79309567.0
53.8,mcf,mcf-attacker,9,0.1992574232582394,19540.2,0.0031894499080800187,7630999.0,8833790.0,75143063.0,377115501.0,32014663.68,0.1992574232582394,0.863842020242727,0.0031894499080800187,0.20971734333773992,0.8485271282988286,0.0037355961727972868,7630999.0,8833790.0,377115501.0,75143063.0,7891500.0,9300233.0,377110623.0,79086638.0
53.9,mcf,mcf-attacker,9,0.19949425331576182,19552.9,0.003219108296506325,7632444.0,8846410.0,75231778.0,377112507.0,32035471.36,0.19949425331576182,0.8627730344851754,0.003219108296506325,0.2096332615390091,0.8489880759005177,0.0037237205101346756,7632444.0,8846410.0,377112507.0,75231778.0,7894797.0,9299067.0,377114769.0,79055799.0
54.0,mcf,mcf-attacker,9,0.1995829482582474,19539.6,0.003227310353922804,7620067.0,8837081.0,75262437.0,377098533.0,32013680.64,0.1995829482582474,0.8622832584650972,0.003227310353922804,0.20990564465386666,0.8485701887797626,0.003738742648431353,7620067.0,8837081.0,377098533.0,75262437.0,7900460.0,9310320.0,377094690.0,79154304.0
54.1,mcf,mcf-attacker,9,0.19949560236345384,19551.9,0.0032468312059560395,7619328.0,8843747.0,75232185.0,377111997.0,32033832.96,0.19949560236345384,0.861549748087547,0.0032468312059560395,0.20914043468685706,0.8517913775812976,0.003647742331022618,7619328.0,8843747.0,377111997.0,75232185.0,7905963.0,9281572.0,377112437.0,78869459.0
54.2,mcf,mcf-attacker,9,0.19963525657226872,19531.199999999997,0.0032706749196735312,7614948.0,8848372.0,75285659.0,377116048.0,31999918.08,0.19963525657226872,0.8606044140097184,0.0032706749196735312,0.20939929335443266,0.8507713648442126,0.0036788332028665754,7614948.0,8848372.0,377116048.0,75285659.0,7909424.0,9296768.0,377115222.0,78967661.0
54.3,mcf,mcf-attacker,9,0.1997117792676154,19568.399999999998,0.0032681300084007846,7613003.0,8845428.0,75312117.0,377104031.0,32060866.56,0.1997117792676154,0.860670959053649,0.0032681300084007846,0.20924203073697595,0.851075030689407,0.0036690400557052825,7613003.0,8845428.0,377104031.0,75312117.0,7907053.0,9290665.0,377104632.0,78906139.0
54.4,mcf,mcf-attacker,9,0.19998607267641896,19536.5,0.0032952272457949148,7614738.0,8857417.0,75417710.0,377114811.0,32008601.6,0.19998607267641896,0.8597018747113295,0.0032952272457949148,0.2092288351933711,0.8517543630142879,0.0036510302152007327,7614738.0,8857417.0,377114811.0,75417710.0,7910816.0,9287673.0,377114655.0,78903260.0
54.5,mcf,mcf-attacker,9,0.19988603490164297,19533.2,0.0033009842293742794,7617927.0,8862756.0,75378710.0,377108436.0,32003194.88,0.19988603490164297,0.8595438033045252,0.0033009842293742794,0.20911314631125727,0.8516000286464601,0.0036540807062998043,7617927.0,8862756.0,377108436.0,75378710.0,7907630.0,9285615.0,377108529.0,78858351.0
54.6,mcf,mcf-attacker,9,0.19997730740658395,19533.600000000002,0.003310807375722915,7613005.0,8861543.0,75413408.0,377109828.0,32003850.240000002,0.19997730740658395,0.8591060270203508,0.003310807375722915,0.20937884569325843,0.8509322403039489,0.003674419697416797,7613005.0,8861543.0,377109828.0,75413408.0,7909850.0,9295511.0,377110160.0,78958890.0
54.7,mcf,mcf-attacker,9,0.20004415819059895,19530.8,0.003314041364837536,7611903.0,8861669.0,75439127.0,377112372.0,31999262.72,0.20004415819059895,0.8589694559794548,0.003314041364837536,0.20911568642458647,0.8519959955326831,0.0036427109833687002,7611903.0,8861669.0,377112372.0,75439127.0,7907915.0,9281634.0,377114464.0,78860550.0
54.8,mcf,mcf-attacker,9,0.19995016188992706,19532.5,0.0033144896918342725,7613592.0,8863476.0,75400599.0,377096964.0,32002048.0,0.19995016188992706,0.8589848948651748,0.0033144896918342725,0.2091750718131357,0.8520699951435643,0.003642246047725123,7613592.0,8863476.0,377096964.0,75400599.0,7911118.0,9284587.0,377093964.0,78878657.0
54.9,mcf,mcf-attacker,9,0.1999494414763823,19553.2,0.003309914347017607,7617834.0,8866080.0,75405604.0,377123354.0,32035962.88,0.1999494414763823,0.859211060581452,0.003309914347017607,0.20910576897904148,0.852054411954197,0.0036382074067489757,7617834.0,8866080.0,377123354.0,75405604.0,7902008.0,9274065.0,377124459.0,78858900.0
55.0,mcf,mcf-attacker,9,0.1993067883411389,19540.2,0.003294959665700205,7594568.0,8837342.0,75173392.0,377174268.0,32014663.68,0.1993067883411389,0.8593724221604189,0.003294959665700205,0.20851263582304197,0.8527763425952369,0.0036081876033466926,7594568.0,8837342.0,377174268.0,75173392.0,7882969.0,9243888.0,377175233.0,78645802.0
55.1,mcf,mcf-attacker,9,0.39451184350510704,19480.5,0.002933193100968507,6735502.0,7842462.0,148885128.0,377390769.0,31916851.200000003,0.39451184350510704,0.8588504477292973,0.002933193100968507,0.20961590873707292,0.8534774821177287,0.0036121583158073476,6735502.0,7842462.0,377390769.0,148885128.0,7940437.0,9303628.0,377389605.0,79106865.0
55.2,mcf,mcf-attacker,9,1.0299747470735683,14888.800000000001,3.842430797725598e-05,12206.0,26655.0,387309646.0,376038002.0,24393809.92,1.0299747470735683,0.45792534233727256,3.842430797725598e-05,0.21883451659806438,0.8753532629660039,0.003205791313336428,12206.0,26655.0,376038002.0,387309646.0,8566439.0,9786265.0,380506989.0,83268063.0
55.3,mcf,mcf-attacker,9,0.7565600878883918,12356.5,0.0012260379648432493,2375294.0,2837806.0,285405615.0,377241173.0,20244889.6,0.7565600878883918,0.8370177524467846,0.0012260379648432493,0.21361665398967655,0.8760523202199845,0.0031118188355050047,2375294.0,2837806.0,377241173.0,285405615.0,8297279.0,9471214.0,377250432.0,80586975.0
55.4,mcf,mcf-attacker,9,0.2018342528618616,18033.2,0.0036520653264336673,7552967.0,8930722.0,76142710.0,377253657.0,29545594.88,0.2018342528618616,0.8457285984268685,0.0036520653264336673,0.2056181196145077,0.8697072742915847,0.003152786637336877,7552967.0,8930722.0,377253657.0,76142710.0,7939222.0,9128614.0,377251028.0,77569647.0
55.5,mcf,mcf-attacker,9,0.20194192653814574,19510.2,0.00366709060707747,7557773.0,8940942.0,76169324.0,377184299.0,31965511.68,0.20194192653814574,0.8452994102858513,0.00366709060707747,0.2060617973379578,0.8662727785169895,0.0032417705233133767,7557773.0,8940942.0,377184299.0,76169324.0,7920656.0,9143374.0,377175988.0,77721562.0
55.6,mcf,mcf-attacker,9,0.20251853990914903,19515.7,0.0036218085256600717,7599293.0,8965121.0,76372202.0,377112150.0,31974522.88,0.20251853990914903,0.8476509129101548,0.0036218085256600717,0.20743663587237285,0.8629008435641768,0.003343880392338769,7599293.0,8965121.0,377112150.0,76372202.0,7936754.0,9197759.0,377108285.0,78226074.0
55.8,mcf,mcf-attacker,9,0.201705560890065,19543.0,0.0035115694665815564,7615259.0,8939520.0,76065933.0,377113713.0,32019251.2,0.201705560890065,0.8518644177763459,0.0035115694665815564,0.20762353384892906,0.861985239134954,0.003373129493289209,7615259.0,8939520.0,377113713.0,76065933.0,7944749.0,9216804.0,377114191.0,78297781.0
55.9,mcf,mcf-attacker,9,0.20144455861250202,19553.699999999997,0.0035295514712768974,7593425.0,8924364.0,75961612.0,377084457.0,32036782.08,0.20144455861250202,0.850864554605796,0.0035295514712768974,0.20738259485221838,0.8598833466408258,0.0034209679334639385,7593425.0,8924364.0,377084457.0,75961612.0,7916596.0,9206593.0,377085382.0,78200945.0
56.0,mcf,mcf-attacker,9,0.20061605457194626,19513.800000000003,0.003431971211760021,7592619.0,8886850.0,75654340.0,377110098.0,31971409.92,0.20061605457194626,0.8543656076112458,0.003431971211760021,0.20756588125600905,0.85860630530206,0.0034515129781924137,7592619.0,8886850.0,377110098.0,75654340.0,7908141.0,9210439.0,377312213.0,78317142.0
56.1,mcf,mcf-attacker,9,0.20039042479119965,19532.0,0.0034131701287206527,7593401.0,8881408.0,75620101.0,377363844.0,32001228.8,0.20039042479119965,0.8549771612789323,0.0034131701287206527,0.20726043852852724,0.8588020432567725,0.0034455530676362803,7593401.0,8881408.0,377363844.0,75620101.0,7904189.0,9203738.0,377167025.0,78171803.0
56.2,mcf,mcf-attacker,9,0.20040411216675838,19504.7,0.0034201319434355383,7594083.0,8884166.0,75592972.0,377202699.0,31956500.48,0.20040411216675838,0.8547885080040152,0.0034201319434355383,0.2076875164092055,0.8561376514711455,0.0035134426923608664,7594083.0,8884166.0,377202699.0,75592972.0,7886657.0,9211903.0,377193003.0,78338278.0
56.3,mcf,mcf-attacker,9,0.19999083488337763,19521.600000000002,0.003351656532530454,7603202.0,8867490.0,75439118.0,377212876.0,31984189.44,0.19999083488337763,0.8574243669854716,0.003351656532530454,0.20743280387042906,0.8570302926465689,0.0034863512449889006,7603202.0,8867490.0,377212876.0,75439118.0,7883424.0,9198536.0,377217299.0,78247242.0
56.4,mcf,mcf-attacker,9,0.1999513061618759,19485.6,0.0033891162265313616,7586596.0,8866981.0,75540240.0,377793181.0,31925207.04,0.1999513061618759,0.8556007958063743,0.0033891162265313616,0.20719410138097985,0.8559226378119363,0.003510085742096035,7586596.0,8866981.0,377793181.0,75540240.0,7877983.0,9204083.0,377797039.0,78277318.0
56.5,mcf,mcf-attacker,9,0.20037045441993456,19529.5,0.0033724074916814555,7610626.0,8882008.0,75538733.0,376995367.0,31997132.8,0.20037045441993456,0.856858719334637,0.0033724074916814555,0.20824842631576884,0.8548217008101543,0.00355741101273633,7610626.0,8882008.0,376995367.0,75538733.0,7900952.0,9242807.0,377199878.0,78551281.0
56.6,mcf,mcf-attacker,9,0.20045561811447307,19528.3,0.0033571113164875465,7606865.0,8873153.0,75611000.0,377195714.0,31995166.72,0.20045561811447307,0.8572899622039651,0.0033571113164875465,0.20813106613525184,0.855429845735711,0.003540242493403876,7606865.0,8873153.0,377195714.0,75611000.0,7901277.0,9236616.0,377188569.0,78504659.0
56.7,mcf,mcf-attacker,9,0.20048707895973156,19531.600000000002,0.0033831927328225493,7613948.0,8889705.0,75601012.0,377086705.0,32000573.44,0.20048707895973156,0.8564905134647325,0.0033831927328225493,0.20841388920123413,0.8544588924463338,0.003570110774790946,7613948.0,8889705.0,377086705.0,75601012.0,8126926.0,9511196.0,387738669.0,80810124.0
56.8,mcf,mcf-attacker,9,0.20057164986912085,19562.3,0.0033521188626716913,7622741.0,8886878.0,75638739.0,377115804.0,32050872.32,0.20057164986912085,0.8577524075383953,0.0033521188626716913,0.208817011239456,0.8540450547161407,0.003587705699666108,7622741.0,8886878.0,377115804.0,75638739.0,7916785.0,9269751.0,377111757.0,78747350.0
56.9,mcf,mcf-attacker,9,0.20073728901684168,19573.4,0.0033623830102235165,7632918.0,8900885.0,75698770.0,377103678.0,32069058.560000002,0.20073728901684168,0.8575459631261386,0.0033623830102235165,0.20855090022793712,0.8548875099990152,0.00356182133487497,7632918.0,8900885.0,377103678.0,75698770.0,7917038.0,9260912.0,377299666.0,78686185.0
57.0,mcf,mcf-attacker,9,0.20085636375813196,19573.0,0.0033608094039777477,7631603.0,8899699.0,75786848.0,377318630.0,32068403.2,0.20085636375813196,0.8575124844109896,0.0033608094039777477,0.20885075154341518,0.8539294623903644,0.003592719918462143,7631603.0,8899699.0,377318630.0,75786848.0,7917020.0,9271281.0,376945888.0,78725432.0
57.1,mcf,mcf-attacker,9,0.20062643781743847,19585.8,0.0033427215709587034,7633893.0,8893722.0,75613538.0,376887208.0,32089374.72,0.20062643781743847,0.8583462581807707,0.0033427215709587034,0.20880340686029594,0.854384835752524,0.0035781338843132223,7633893.0,8893722.0,376887208.0,75613538.0,7917005.0,9266322.0,377100758.0,78739923.0
57.2,mcf,mcf-attacker,9,0.20067828320265202,19562.7,0.0033604645924934797,7627322.0,8894577.0,75677202.0,377107083.0,32051527.68,0.20067828320265202,0.8575249840436482,0.0033604645924934797,0.20865834146430468,0.8539588545517957,0.003584660437271228,7627322.0,8894577.0,377107083.0,75677202.0,7903864.0,9255556.0,377076720.0,78680203.0
57.3,mcf,mcf-attacker,9,0.20239640529420994,19326.300000000003,0.003375999751501268,7693989.0,8967121.0,76326232.0,377112587.0,31664209.92,0.20239640529420994,0.8580222124804605,0.003375999751501268,0.43182713343036283,0.8505544823960616,0.0031715789248516544,7693989.0,8967121.0,377112587.0,76326232.0,6808180.0,8004402.0,377169236.0,162871910.0
57.4,mcf,mcf-attacker,9,0.21180488440452902,11917.2,0.0030923696060176165,8225033.0,9391274.0,79879048.0,377135061.0,19525140.48,0.21180488440452902,0.8758165292589696,0.0030923696060176165,1.0102106120440733,0.5051487606077886,3.9582400815157596e-05,8225033.0,9391274.0,377135061.0,79879048.0,15060.0,29813.0,372716149.0,376521809.0
57.5,mcf,mcf-attacker,9,0.20750950430781903,13232.7,0.003010391193060161,8065725.0,9201049.0,78259105.0,377135039.0,21680455.68,0.20750950430781903,0.876609286615037,0.003010391193060161,0.7536666187038922,0.8367157704011464,0.0013209242942985163,8065725.0,9201049.0,377135039.0,78259105.0,2552783.0,3050956.0,377139706.0,284237607.0
57.6,mcf,mcf-attacker,9,0.1985455382742382,19574.9,0.0030011099607830816,7664432.0,8796296.0,74881144.0,377148460.0,32071516.16,0.1985455382742382,0.871324930402524,0.0030011099607830816,0.21069885065301144,0.843812118700299,0.0038638926661052945,7664432.0,8796296.0,377148460.0,74881144.0,7873124.0,9330423.0,377158251.0,79466810.0
57.9,mcf,mcf-attacker,9,0.19938212143698542,19577.4,0.0031470181547743076,7653866.0,8840633.0,75188674.0,377108406.0,32075612.16,0.19938212143698542,0.865759951804356,0.0031470181547743076,0.21064805861924435,0.8444907287922172,0.00385235306855173,7653866.0,8840633.0,377108406.0,75188674.0,7889039.0,9341771.0,377102507.0,79435911.0
58.0,mcf,mcf-attacker,9,0.19972529567798444,19584.8,0.0031696468955443465,7653116.0,8848406.0,75317427.0,377105097.0,32087736.32,0.19972529567798444,0.8649146524244028,0.0031696468955443465,0.21010312937890493,0.8484093309866709,0.0037474658470904223,7653116.0,8848406.0,377105097.0,75317427.0,7909503.0,9322744.0,377119114.0,79233906.0
58.1,mcf,mcf-attacker,9,0.19989592998611602,19581.8,0.0032288110152194497,7639622.0,8857250.0,75383440.0,377113431.0,32082821.12,0.19989592998611602,0.8625275339411217,0.0032288110152194497,0.20964472648909213,0.8506012105608256,0.0036894755002308635,7639622.0,8857250.0,377113431.0,75383440.0,7921120.0,9312378.0,377088288.0,79054571.0
58.2,mcf,mcf-attacker,9,0.19995977684075422,19566.8,0.0032318938796784126,7644600.0,8863367.0,75406058.0,377106132.0,32058245.12,0.19995977684075422,0.8624939032762606,0.0032318938796784126,0.20991808548747368,0.8485125647375436,0.0037422468056339656,7644600.0,8863367.0,377106132.0,75406058.0,7904973.0,9316271.0,377125848.0,79165536.0
58.3,mcf,mcf-attacker,9,0.1997205420974662,19578.1,0.003241490647578349,7628582.0,8851134.0,75326069.0,377157343.0,32076759.04,0.1997205420974662,0.8618762296446987,0.003241490647578349,0.20911317651168934,0.8516421790342289,0.003649357874889521,7628582.0,8851134.0,377157343.0,75326069.0,7900739.0,9277064.0,377141691.0,78865297.0
58.4,mcf,mcf-attacker,9,0.19996587184173945,19532.6,0.003271521072202182,7627588.0,8861458.0,75418096.0,377154838.0,32002211.84,0.19996587184173945,0.860759933636203,0.003271521072202182,0.20877966418019026,0.8523877818882207,0.0036283401013776887,7627588.0,8861458.0,377154838.0,75418096.0,7902228.0,9270696.0,377160895.0,78743525.0
58.5,mcf,mcf-attacker,9,0.19996834463520977,19568.1,0.003279033383722784,7625716.0,8862422.0,75419193.0,377155660.0,32060375.04,0.19996834463520977,0.8604550765016606,0.003279033383722784,0.2091150158089921,0.8510145034314063,0.0036673583442365155,7625716.0,8862422.0,377155660.0,75419193.0,7900651.0,9283803.0,377152127.0,78868173.0
58.7,mcf,mcf-attacker,9,0.20059757645594353,19561.7,0.0033212378029867616,7635827.0,8888292.0,75646930.0,377107896.0,32049889.28,0.20059757645594353,0.8590882252743272,0.0033212378029867616,0.20904136126356151,0.8524594904566226,0.0036260193784877657,7635827.0,8888292.0,377107896.0,75646930.0,7900280.0,9267631.0,377094234.0,78828292.0
58.8,mcf,mcf-attacker,9,0.20052913720744123,19572.4,0.003327066610267114,7639994.0,8894662.0,75621417.0,377109372.0,32067420.16,0.20052913720744123,0.8589414639926733,0.003327066610267114,0.2093546429642873,0.8518058625280149,0.0036518824246395266,7639994.0,8894662.0,377109372.0,75621417.0,7915676.0,9292817.0,377104419.0,78948561.0
58.9,mcf,mcf-attacker,9,0.2005131772288334,19583.1,0.0033203953814341103,7642442.0,8894614.0,75616593.0,377115330.0,32084951.04,0.2005131772288334,0.8592213220270154,0.0033203953814341103,0.2089076416168986,0.8533271881925283,0.003605808055501069,7642442.0,8894614.0,377115330.0,75616593.0,7911437.0,9271282.0,377126286.0,78784563.0
59.0,mcf,mcf-attacker,9,0.2006218071187814,19566.300000000003,0.00333657774546271,7637170.0,8895406.0,75655237.0,377103756.0,32057425.92,0.2006218071187814,0.8585521560230078,0.00333657774546271,0.2089890248126099,0.8530837249359254,0.0036154766477607173,7637170.0,8895406.0,377103756.0,75655237.0,7916460.0,9279816.0,377088869.0,78807435.0
59.1,mcf,mcf-attacker,9,0.20051365610510405,19579.5,0.003324909864524281,7634037.0,8887896.0,75615840.0,377110674.0,32079052.8,0.20051365610510405,0.8589251044341653,0.003324909864524281,0.20904329907935953,0.8531716306792315,0.003614963998959295,7634037.0,8887896.0,377110674.0,75615840.0,7921580.0,9284861.0,377121598.0,78834743.0
59.2,mcf,mcf-attacker,9,0.20040568890790816,19576.6,0.0033269866694601584,7625420.0,8880044.0,75574029.0,377105208.0,32074301.439999998,0.20040568890790816,0.858714213578221,0.0033269866694601584,0.20889952737247358,0.8530616181265004,0.003608027377287966,7625420.0,8880044.0,377105208.0,75574029.0,7898965.0,9259548.0,377098857.0,78775773.0
59.3,mcf,mcf-attacker,9,0.20049668905650025,19567.0,0.003331211689895509,7635995.0,8892255.0,75610917.0,377118033.0,32058572.8,0.20049668905650025,0.8587242493608201,0.003331211689895509,0.20887367684719113,0.8535911331042948,0.003599245332743457,7635995.0,8892255.0,377118033.0,75610917.0,7913086.0,9270347.0,377095995.0,78765427.0
59.4,mcf,mcf-attacker,9,0.20070477928827773,19564.7,0.0033463586166103125,7632671.0,8894592.0,75686322.0,377102739.0,32054804.48,0.20070477928827773,0.8581249145548216,0.0033463586166103125,0.2091473483807784,0.8527293926195294,0.0036249916962899937,7632671.0,8894592.0,377102739.0,75686322.0,7915574.0,9282633.0,377120588.0,78873771.0
59.5,mcf,mcf-attacker,9,0.23116055847262257,19566.5,0.003267939358865884,7483052.0,8715473.0,87176381.0,377124807.0,32057753.6,0.23116055847262257,0.8585939053451258,0.003267939358865884,0.2094594484312628,0.8537189291485041,0.0036074629186432614,7483052.0,8715473.0,377124807.0,87176381.0,7945901.0,9307397.0,377410948.0,79052289.0
59.6,mcf,mcf-attacker,9,1.1200152032266053,17113.800000000003,5.8998000566059704e-05,16440.0,38194.0,412976889.0,368724360.0,28039249.92,1.1200152032266053,0.4304340995967953,5.8998000566059704e-05,0.21916443631545202,0.8739199008881713,0.003250044829396317,16440.0,38194.0,368724360.0,412976889.0,8408381.0,9621455.0,373248390.0,81802773.0
59.7,mcf,mcf-attacker,9,0.8495254582251959,12361.100000000002,0.0008006545882925332,1510725.0,1812665.0,320370008.0,377116430.0,20252426.240000002,0.8495254582251959,0.833427577627416,0.0008006545882925332,0.21516098061657307,0.876467764657834,0.003125603344309059,1510725.0,1812665.0,377116430.0,320370008.0,8360995.0,9539421.0,377023528.0,81120752.0
59.8,mcf,mcf-attacker,9,0.20226403854599243,15489.400000000001,0.0036466838995428833,7564612.0,8939698.0,76269415.0,377078474.0,25377832.96,0.20226403854599243,0.8461820522348742,0.0036466838995428833,0.2055389244420251,0.870686571756817,0.003128401278674862,7564612.0,8939698.0,377078474.0,76269415.0,7945513.0,9125572.0,377208323.0,77530993.0
60.0,mcf,mcf-attacker,9,0.2027952989846194,24146.300000000003,0.00367472044573546,5612434.0,6642109.5,56824282.0,280205124.5,39561297.92,0.2027952989846194,0.8449776385047552,0.00367472044573546,0.2065375111346241,0.8657659881181032,0.0032625036551050006,5612434.0,6642109.5,280205124.5,56824282.0,5670372.0,6549543.5,269477552.5,55657223.0
