time_step,victim,attacker,run_id,IPC,Total_MB_per_sec,cache_dominance_score,LLC-load-misses,LLC-loads,instructions,cycles,cas_count_total,victim_IPC,victim_miss_rate,victim_cache_dominance,attacker_IPC,attacker_miss_rate,attacker_cache_dominance,victim_LLC-load-misses,victim_LLC-loads,victim_cycles,victim_instructions,attacker_LLC-load-misses,attacker_LLC-loads,attacker_cycles,attacker_instructions
0.1,mcf,mcf-attacker,2,0.19863236471530177,19716.9,0.003076064428533963,7686125.0,8853276.0,75367070.0,379429959.0,32304168.96,0.19863236471530177,0.8681673315053094,0.003076064428533963,0.20374183324482745,0.866529054077889,0.003193504797233641,7686125.0,8853276.0,379429959.0,75367070.0,7860597.0,9071360.0,379132983.0,77245249.0
0.2,mcf,mcf-attacker,2,0.1991334238158817,19430.899999999998,0.0031931844479885906,7618712.0,8822950.0,75098711.0,377127604.0,31835586.56,0.1991334238158817,0.863510730537972,0.0031931844479885906,0.2044465774113764,0.8612536684010574,0.0033317673887135546,7618712.0,8822950.0,377127604.0,75098711.0,7799856.0,9056398.0,377139774.0,77104936.0
0.3,mcf,mcf-attacker,2,0.19933166521024911,19434.2,0.003214439639399517,7630640.0,8843309.0,75199213.0,377256734.0,31840993.28,0.19933166521024911,0.862871578953082,0.003214439639399517,0.2045982837657096,0.8602406042175564,0.0033583408835900956,7630640.0,8843309.0,377256734.0,75199213.0,7798377.0,9065344.0,377259797.0,77186707.0
0.4,mcf,mcf-attacker,2,0.19931114400451355,19423.800000000003,0.0032186422500151968,7617865.0,8831929.0,75179677.0,377197559.0,31823953.92,0.19931114400451355,0.8625369384196816,0.0032186422500151968,0.20459834663599244,0.8601511488290632,0.0033607469840222027,7617865.0,8831929.0,377197559.0,75179677.0,7797019.0,9064708.0,377204534.0,77175424.0
0.5,mcf,mcf-attacker,2,0.20048492528390666,19480.1,0.0032527798900848183,7659020.0,8885676.0,75604881.0,377110054.0,31916195.84,0.20048492528390666,0.8619513022982157,0.0032527798900848183,0.20556618317100156,0.859218535416768,0.0034048452277895764,7659020.0,8885676.0,377110054.0,75604881.0,7832448.0,9115781.0,376913755.0,77480722.0
0.6,mcf,mcf-attacker,2,0.20011293283492404,19510.899999999998,0.003234425292098062,7656929.0,8876391.0,75447752.0,377025867.0,31966658.56,0.20011293283492404,0.8626173632955105,0.003234425292098062,0.20576952114989175,0.8594952018106036,0.003396623987126153,7656929.0,8876391.0,377025867.0,75447752.0,7837882.0,9119169.0,377223680.0,77621136.0
0.7,mcf,mcf-attacker,2,0.2004867357371951,19487.6,0.0032474306180027526,7655792.0,8880686.0,75621323.0,377188659.0,31928483.84,0.2004867357371951,0.8620721417241867,0.0032474306180027526,0.2054708270196678,0.8596281034973625,0.003391252301622522,7655792.0,8880686.0,377188659.0,75621323.0,7829277.0,9107749.0,376991119.0,77460677.0
0.8,mcf,mcf-attacker,2,0.20028805941231345,19503.0,0.0032457955437662357,7660042.0,8884063.0,75530571.0,377109705.0,31953715.2,0.20028805941231345,0.8622228365557516,0.0032457955437662357,0.20553462331821398,0.8590738645431875,0.0034068433428394453,7660042.0,8884063.0,377109705.0,75530571.0,7831734.0,9116485.0,377108916.0,77508939.0
0.9,mcf,mcf-attacker,2,0.2000721170995695,19484.3,0.0032287402250685197,7647965.0,8865292.0,75432885.0,377028474.0,31923077.119999997,0.2000721170995695,0.8626861924006564,0.0032287402250685197,0.2056620386418298,0.8595518644950922,0.0033927075242516968,7647965.0,8865292.0,377028474.0,75432885.0,7832638.0,9112467.0,377229393.0,77581766.0
1.0,mcf,mcf-attacker,2,0.2001911313813918,19526.8,0.0032304669314163936,7659791.0,8878023.0,75493496.0,377107095.0,31992709.12,0.2001911313813918,0.8627811619771654,0.0032304669314163936,0.20538337265971612,0.8599884401376425,0.0033820461152533994,7659791.0,8878023.0,377107095.0,75493496.0,7833725.0,9109105.0,377103078.0,77450702.0
1.2,mcf,mcf-attacker,2,0.20019671905045122,19505.7,0.003237807805783643,7654191.0,8875202.0,75496265.0,377110401.0,31958138.880000003,0.20019671905045122,0.8624244270721951,0.003237807805783643,0.20566970680489405,0.8590714641989663,0.003404487792994184,7654191.0,8875202.0,377110401.0,75496265.0,7826251.0,9110128.0,377113116.0,77560744.0
1.3,mcf,mcf-attacker,2,0.20024256143462382,19498.5,0.0032330681044137194,7659023.0,8878478.0,75527884.0,377181971.0,31946342.4,0.20024256143462382,0.8626504452677587,0.0032330681044137194,0.20544792390654917,0.8598013646082778,0.003387436730499416,7659023.0,8878478.0,377181971.0,75527884.0,7831542.0,9108548.0,376982982.0,77450371.0
1.4,mcf,mcf-attacker,2,0.20017045364790953,19491.0,0.0032474741072380264,7652136.0,8876559.0,75471982.0,377038572.0,31934054.4,0.20017045364790953,0.8620610756938584,0.0032474741072380264,0.20570159731794774,0.8590771991464513,0.003407416097382023,7652136.0,8876559.0,377038572.0,75471982.0,7836028.0,9121448.0,377241864.0,77599254.0
1.5,mcf,mcf-attacker,2,0.200289234359669,19493.699999999997,0.0032394503865259892,7652592.0,8874441.0,75544667.0,377177871.0,31938478.08,0.200289234359669,0.8623182012252941,0.0032394503865259892,0.2056769343805539,0.8590340646965234,0.00341080477445555,7652592.0,8874441.0,377177871.0,75544667.0,7835449.0,9121232.0,376973496.0,77534753.0
1.6,mcf,mcf-attacker,2,0.2002276275302905,19494.7,0.0032465037018449597,7660278.0,8884330.0,75493223.0,377036995.0,31940116.48,0.2002276275302905,0.8622234878713421,0.0032465037018449597,0.2057599664483982,0.8592651260420409,0.0034046301955917703,7660278.0,8884330.0,377036995.0,75493223.0,7841724.0,9126082.0,377238621.0,77620606.0
1.7,mcf,mcf-attacker,2,0.20024621098395962,19496.0,0.0032450243543292144,7655814.0,8879529.0,75513853.0,377105028.0,31942246.4,0.20024621098395962,0.8621869470779362,0.0032450243543292144,0.20570662707761742,0.8589241729510586,0.0034102054537760843,7655814.0,8879529.0,377105028.0,75513853.0,7829586.0,9115573.0,377099567.0,77571880.0
1.8,mcf,mcf-attacker,2,0.19997574449454464,19487.7,0.003220051028389771,7643944.0,8858630.0,75435990.0,377225699.0,31928647.68,0.19997574449454464,0.862881054971254,0.003220051028389771,0.205235079739107,0.8597247731836776,0.0033844730322119343,7643944.0,8858630.0,377225699.0,75435990.0,7820734.0,9096788.0,377031812.0,77380154.0
1.9,mcf,mcf-attacker,2,0.19993532888911453,19495.8,0.0032281852027795732,7651926.0,8869181.0,75389813.0,377070993.0,31941918.72,0.19993532888911453,0.8627545204004744,0.0032281852027795732,0.20532017471846234,0.8596896564686558,0.003383613228133458,7651926.0,8869181.0,377070993.0,75389813.0,7821386.0,9097918.0,377268888.0,77460914.0
2.0,mcf,mcf-attacker,2,0.20113995307747268,15884.400000000001,0.003239350559684743,7697756.0,8919225.0,75844282.0,377072187.0,26025000.96,0.20113995307747268,0.8630521149539337,0.003239350559684743,0.33998341837067547,0.8585263372653579,0.0031115258283489866,7697756.0,8919225.0,377072187.0,75844282.0,7119989.0,8293268.0,377075128.0,128199291.0
2.1,mcf,mcf-attacker,2,0.34349699414719037,8013.6,0.002834571444176809,7528753.0,8597319.0,129490195.0,376976210.0,13129482.24,0.34349699414719037,0.8757093926606655,0.002834571444176809,1.0543361861178169,0.4106003353269438,6.356988695993146e-05,7528753.0,8597319.0,376976210.0,129490195.0,16408.0,39961.0,370505614.0,390637476.0
2.2,mcf,mcf-attacker,2,1.0451248221212184,8521.5,6.200568701764227e-05,17337.0,40835.0,396065978.0,378965239.0,13961625.6,1.0451248221212184,0.4245622627647851,6.200568701764227e-05,0.783720786629025,0.8713147885521167,0.0009012671506167054,17337.0,40835.0,378965239.0,396065978.0,2345115.0,2691467.0,384294490.0,301179580.0
2.3,mcf,mcf-attacker,2,0.7838190498759375,16212.3,0.0010053440477052124,2074349.0,2453508.0,295612281.0,377143527.0,26562232.32,0.7838190498759375,0.8454624969635314,0.0010053440477052124,0.21287713286155352,0.8782865036030947,0.00304782330135048,2074349.0,2453508.0,377143527.0,295612281.0,8294507.0,9443965.0,377140630.0,80284616.0
2.4,mcf,mcf-attacker,2,0.20019797339822046,19454.5,0.003454680528122332,7555367.0,8858330.0,75506418.0,377158753.0,31874252.8,0.20019797339822046,0.8529109888658472,0.003454680528122332,0.20411474670835922,0.8727614299997527,0.0030557657198625357,7555367.0,8858330.0,377158753.0,75506418.0,7905096.0,9057568.0,377146714.0,76981206.0
2.5,mcf,mcf-attacker,2,0.2005630028344299,19467.8,0.0035025216504100277,7556417.0,8877457.0,75645999.0,377168261.0,31896043.52,0.2005630028344299,0.8511916194018174,0.0035025216504100277,0.20472063144352468,0.8688711215500918,0.0031604664966318695,7556417.0,8877457.0,377168261.0,75645999.0,7898658.0,9090713.0,377176914.0,77215896.0
2.6,mcf,mcf-attacker,2,0.20008095636109882,19480.1,0.0033955523173058253,7578367.0,8858786.0,75447949.0,377087107.0,31916195.84,0.20008095636109882,0.8554633783906734,0.0033955523173058253,0.20518875909769005,0.8668755756358761,0.003213323005056508,7578367.0,8858786.0,377087107.0,75447949.0,7890207.0,9101891.0,377081295.0,77372843.0
2.8,mcf,mcf-attacker,2,0.1995289057484046,19457.1,0.003339711331612294,7576495.0,8836087.0,75253514.0,377155950.0,31878512.64,0.1995289057484046,0.8574491174656836,0.003339711331612294,0.205544562147005,0.8633496376638911,0.003306801207109666,7576495.0,8836087.0,377155950.0,75253514.0,7879812.0,9127023.0,377165400.0,77524297.0
2.9,mcf,mcf-attacker,2,0.1991342727471702,19463.800000000003,0.0032509908538234512,7595114.0,8821171.0,75100171.0,377133328.0,31889489.92,0.1991342727471702,0.8610097230855178,0.0032509908538234512,0.20560730480050082,0.8633743179612294,0.0033048171636283884,7595114.0,8821171.0,377133328.0,75100171.0,7875944.0,9122282.0,377127671.0,77540204.0
3.0,mcf,mcf-attacker,2,0.19951667784497118,19482.9,0.003293811147598878,7596051.0,8838180.0,75239727.0,377109963.0,31920783.36,0.19951667784497118,0.8594587347168761,0.003293811147598878,0.20586812567751428,0.8621359737829623,0.0033387547513889296,7596051.0,8838180.0,377109963.0,75239727.0,7873618.0,9132687.0,377107363.0,77634386.0
3.1,mcf,mcf-attacker,2,0.19919935826805416,19495.1,0.003250531828028463,7604682.0,8830460.0,75118228.0,377100753.0,31940771.84,0.19919935826805416,0.8611875259046528,0.003250531828028463,0.20624941467384683,0.8607378576718803,0.0033805076270844994,7604682.0,8830460.0,377100753.0,75118228.0,7879487.0,9154340.0,377118806.0,77780533.0
3.3,mcf,mcf-attacker,2,0.19927284370888462,19495.2,0.0032343396847044695,7606078.0,8826604.0,75198560.0,377364816.0,31940935.68,0.19927284370888462,0.8617219034636651,0.0032343396847044695,0.20592236008123377,0.8616000645411239,0.0033568117974174705,7606078.0,8826604.0,377364816.0,75198560.0,7881621.0,9147656.0,377154001.0,77664442.0
3.4,mcf,mcf-attacker,2,0.19919801337273704,19456.199999999997,0.003258263855070739,7596937.0,8825015.0,75080076.0,376911771.0,31877038.08,0.19919801337273704,0.8608412563604708,0.003258263855070739,0.20627540312032014,0.8596339731033612,0.0034043779860800693,7596937.0,8825015.0,376911771.0,75080076.0,7858356.0,9141514.0,376914081.0,77748104.0
3.5,mcf,mcf-attacker,2,0.19904524028883244,19479.5,0.003223490957986695,7603608.0,8818991.0,75047892.0,377039370.0,31915212.8,0.19904524028883244,0.86218570809291,0.003223490957986695,0.20650930024741213,0.8596178526918161,0.003409679209874709,7603608.0,8818991.0,377039370.0,75047892.0,7876148.0,9162383.0,377230502.0,77901607.0
3.6,mcf,mcf-attacker,2,0.19923022682972574,19474.3,0.003248654863872279,7601030.0,8826138.0,75132187.0,377112390.0,31906693.12,0.19923022682972574,0.8611954628400327,0.003248654863872279,0.20637445807434096,0.8598314177015017,0.003403923725803144,7601030.0,8826138.0,377112390.0,75132187.0,7874251.0,9157901.0,377108920.0,77825649.0
3.7,mcf,mcf-attacker,2,0.19905205722080632,19474.3,0.003230709100912504,7599256.0,8817587.0,75064416.0,377109471.0,31906693.12,0.19905205722080632,0.8618294324739864,0.003230709100912504,0.20651992054590076,0.8588059332884453,0.0034292233012383627,7599256.0,8817587.0,377109471.0,75064416.0,7865892.0,9159103.0,377114841.0,77881727.0
3.8,mcf,mcf-attacker,2,0.1990802557604292,19478.899999999998,0.003213926223233793,7604609.0,8816608.0,75074863.0,377108532.0,31914229.759999998,0.1990802557604292,0.86253227998795,0.003213926223233793,0.20638211568785186,0.8597114664247824,0.0034024534721200056,7604609.0,8816608.0,377108532.0,75074863.0,7862897.0,9145972.0,377102879.0,77827290.0
3.9,mcf,mcf-attacker,2,0.19913720282935446,19468.800000000003,0.00322703953214714,7601792.0,8818731.0,75096021.0,377106939.0,31897681.92,0.19913720282935446,0.8620052023358009,0.00322703953214714,0.20636188438545663,0.8594698260393645,0.0034132303299889808,7601792.0,8818731.0,377106939.0,75096021.0,7872203.0,9159371.0,377111380.0,77821415.0
4.0,mcf,mcf-attacker,2,0.19894547127654025,19477.5,0.003206563055963903,7607137.0,8816363.0,75024265.0,377109690.0,31911936.0,0.19894547127654025,0.8628429886564335,0.003206563055963903,0.20629797515005158,0.8593214508600197,0.0034150162220490093,7607137.0,8816363.0,377109690.0,75024265.0,7866458.0,9154267.0,377101869.0,77795352.0
4.1,mcf,mcf-attacker,2,0.19901824107974134,19489.4,0.0032163236131411443,7606610.0,8819505.0,75050977.0,377106021.0,31931432.96,0.19901824107974134,0.8624758418981564,0.0032163236131411443,0.20635601997090616,0.8597790087218459,0.003405633569345818,7606610.0,8819505.0,377106021.0,75050977.0,7874875.0,9159185.0,377113384.0,77819617.0
4.2,mcf,mcf-attacker,2,0.19905237543242343,19466.600000000002,0.003221897754578311,7608738.0,8823738.0,75064032.0,377106939.0,31894077.44,0.19905237543242343,0.8623032551510482,0.003221897754578311,0.20638617397852518,0.8588686018921002,0.003428450253640139,7608738.0,8823738.0,377106939.0,75064032.0,7868036.0,9160931.0,377107703.0,77829816.0
4.3,mcf,mcf-attacker,2,0.19885408730938223,19490.3,0.0032038213965498896,7607198.0,8815384.0,74989425.0,377107788.0,31932907.52,0.19885408730938223,0.8629457321428086,0.0032038213965498896,0.20638094020805917,0.8596063248984469,0.003410166492876131,7607198.0,8815384.0,377107788.0,74989425.0,7873767.0,9159736.0,377098597.0,77825963.0
4.4,mcf,mcf-attacker,2,0.19901470777058589,19469.0,0.0032238645833628063,7605386.0,8821141.0,75050648.0,377111063.0,31898009.6,0.19901470777058589,0.8621771265191204,0.0032238645833628063,0.20650805166391722,0.8589100854199316,0.003427654867662026,7605386.0,8821141.0,377111063.0,75050648.0,7868958.0,9161562.0,377110313.0,77876316.0
4.5,mcf,mcf-attacker,2,0.1990395735002223,19473.1,0.003216302489901188,7606786.0,8819677.0,75059267.0,377107254.0,31904727.04,0.1990395735002223,0.8624789774047281,0.003216302489901188,0.2065361030284226,0.8588352756025085,0.0034312945344184076,7606786.0,8819677.0,377107254.0,75059267.0,7872450.0,9166426.0,377110151.0,77886861.0
4.6,mcf,mcf-attacker,2,0.19904468466345637,19471.199999999997,0.0032205109577632947,7608477.0,8822964.0,75061748.0,377110035.0,31901614.08,0.19904468466345637,0.8623493193443836,0.0032205109577632947,0.20650537176769143,0.8589370697420876,0.0034303473385121864,7608477.0,8822964.0,377110035.0,75061748.0,7876897.0,9170517.0,377110500.0,77875344.0
4.7,mcf,mcf-attacker,2,0.19902021283542298,19471.7,0.0032066499910963597,7599256.0,8808497.0,75051347.0,377104144.0,31902433.28,0.19902021283542298,0.8627188043544772,0.0032066499910963597,0.20643997070225012,0.8590559507514083,0.0034234786894530795,7599256.0,8808497.0,377104144.0,75051347.0,7868724.0,9159734.0,377104728.0,77849489.0
4.8,mcf,mcf-attacker,2,0.19878629707743253,19476.199999999997,0.003201477723492463,7599475.0,8806794.0,74964905.0,377113041.0,31909806.08,0.19878629707743253,0.8629104984174718,0.003201477723492463,0.20640758138807636,0.8592952936429251,0.003419358103743972,7599475.0,8806794.0,377113041.0,74964905.0,7875010.0,9164498.0,377114055.0,77839200.0
4.9,mcf,mcf-attacker,2,0.19900986003995202,19471.100000000002,0.0032133559063618525,7603623.0,8815401.0,75047949.0,377106687.0,31901450.240000002,0.19900986003995202,0.8625385277425269,0.0032133559063618525,0.2064560385945998,0.8588397854878503,0.003429621772570919,7603623.0,8815401.0,377106687.0,75047949.0,7868849.0,9162185.0,377107473.0,77856115.0
5.0,mcf,mcf-attacker,2,0.19880843582925706,19477.1,0.0031942839244218004,7605789.0,8810378.0,74972188.0,377107680.0,31911280.64,0.19880843582925706,0.8632761273125852,0.0031942839244218004,0.20638589702670965,0.8593386793315416,0.003414528950582533,7605789.0,8810378.0,377107680.0,74972188.0,7866504.0,9154137.0,377104139.0,77828976.0
5.1,mcf,mcf-attacker,2,0.19890957252141123,19488.1,0.0032048847005802096,7604406.0,8813239.0,75025618.0,377184552.0,31929303.04,0.19890957252141123,0.8628389630645441,0.0032048847005802096,0.20642018454440814,0.8591686003074472,0.0034230783433352946,7604406.0,8813239.0,377184552.0,75025618.0,7872732.0,9163198.0,376989911.0,77818327.0
5.2,mcf,mcf-attacker,2,0.19901163948147943,19476.7,0.003208444808177247,7612793.0,8822736.0,75049675.0,377111988.0,31910625.28,0.19901163948147943,0.8628607951093629,0.003208444808177247,0.20650815793285854,0.8589410575675114,0.0034278828887765764,7612793.0,8822736.0,377111988.0,75049675.0,7871475.0,9164162.0,377109441.0,77876176.0
5.4,mcf,mcf-attacker,2,0.19888147399935627,19470.5,0.0032034078600481344,7606466.0,8814253.0,74984663.0,377031915.0,31900467.2,0.19888147399935627,0.8629734136290392,0.0032034078600481344,0.20643248419407917,0.8591794682702196,0.0034198250711783046,7606466.0,8814253.0,377031915.0,74984663.0,7871078.0,9161157.0,377235377.0,77873636.0
5.5,mcf,mcf-attacker,2,0.19881915666818778,19478.0,0.003210296505254314,7597997.0,8808609.0,74975273.0,377102862.0,31912755.2,0.19881915666818778,0.8625649066725518,0.003210296505254314,0.2066333068418861,0.8585366757856838,0.003440439930089437,7597997.0,8808609.0,377102862.0,74975273.0,7873906.0,9171310.0,377104099.0,77922267.0
5.6,mcf,mcf-attacker,2,0.19874667432447313,19467.5,0.0032030815193045147,7599184.0,8807100.0,74949478.0,377110602.0,31895552.0,0.19874667432447313,0.8628474753324022,0.0032030815193045147,0.20649791913502094,0.85871327661773,0.003432882682156278,7599184.0,8807100.0,377110602.0,74949478.0,7868212.0,9162793.0,377111926.0,77872828.0
5.7,mcf,mcf-attacker,2,0.19894061308744398,19461.9,0.0032119655419787425,7610696.0,8821967.0,75022908.0,377112078.0,31886376.96,0.19894061308744398,0.8626983075316423,0.0032119655419787425,0.2066399422737032,0.8587272327477556,0.003436308557151002,7610696.0,8821967.0,377112078.0,75022908.0,7877001.0,9172879.0,377113399.0,77926691.0
5.8,mcf,mcf-attacker,2,0.19912010205447203,19478.600000000002,0.0032101806517980465,7603694.0,8814260.0,75088617.0,377102142.0,31913738.240000002,0.19912010205447203,0.8626582379008562,0.0032101806517980465,0.2064377549379467,0.8585524593605968,0.003431812224965162,7603694.0,8814260.0,377102142.0,75088617.0,7855057.0,9149187.0,377098138.0,77847293.0
5.9,mcf,mcf-attacker,2,0.19892656250212967,19472.5,0.0031988435527289796,7609741.0,8816064.0,75017638.0,377112222.0,31903744.0,0.19892656250212967,0.8631676221951202,0.0031988435527289796,0.20639342866329918,0.8592455334103365,0.0034171701379910402,7609741.0,8816064.0,377112222.0,75017638.0,7866801.0,9155475.0,377117307.0,77834534.0
6.0,mcf,mcf-attacker,2,0.19908344915295842,19485.6,0.0032117117619518266,7609422.0,8820584.0,75075949.0,377107938.0,31925207.04,0.19908344915295842,0.862689137136498,0.0032117117619518266,0.206390203845882,0.8588737483824561,0.0034276666131050674,7609422.0,8820584.0,377107938.0,75075949.0,7866380.0,9158948.0,377098518.0,77829440.0
6.1,mcf,mcf-attacker,2,0.19867395777143976,19478.1,0.0031857077158985963,7595798.0,8797167.0,74922358.0,377112123.0,31912919.04,0.19867395777143976,0.8634368314253895,0.0031857077158985963,0.20633335262534602,0.8596122405899724,0.003408908188774189,7595798.0,8797167.0,377112123.0,74922358.0,7871618.0,9157173.0,377116346.0,77811680.0
6.2,mcf,mcf-attacker,2,0.19896177697402478,19464.8,0.0032088732014073076,7607237.0,8817338.0,75030651.0,377110881.0,31891128.32,0.19896177697402478,0.8627589188482964,0.0032088732014073076,0.20645716101276415,0.8589594865983605,0.0034267973786848566,7607237.0,8817338.0,377110881.0,75030651.0,7870279.0,9162573.0,377114214.0,77857930.0
6.3,mcf,mcf-attacker,2,0.1991719927153994,18143.699999999997,0.0032051188302124806,7619563.0,8828205.0,75107242.0,377097407.0,29726638.08,0.1991719927153994,0.8630931202888923,0.0032051188302124806,0.2441518668870781,0.8590151360493317,0.0033477528817318345,7619563.0,8828205.0,377097407.0,75107242.0,7691838.0,8954252.0,377092947.0,92067947.0
6.4,mcf,mcf-attacker,2,0.21128402607173435,11938.599999999999,0.0030851468692373865,8200746.0,9363942.0,79660627.0,377030997.0,19560202.24,0.21128402607173435,0.8757792391281364,0.0030851468692373865,1.0845368006290719,0.5438050401550817,0.00011207144919949355,8200746.0,9363942.0,377030997.0,79660627.0,49092.0,90275.0,367470933.0,398535750.0
6.5,mcf,mcf-attacker,2,0.20803443615026782,14033.0,0.0029678136257125054,8103589.0,9222797.0,78452974.0,377115325.0,22991667.2,0.20803443615026782,0.8786476597067029,0.0029678136257125054,0.8662093365683253,0.8432159236999185,0.000706632657769555,8103589.0,9222797.0,377115325.0,78452974.0,1433134.0,1699605.0,377099752.0,326647326.0
6.6,mcf,mcf-attacker,2,0.8690582417831509,13788.0,0.0009683748830887302,2409635.0,2764177.0,318180131.0,366120607.0,22590259.2,0.8690582417831509,0.8717368677910279,0.0009683748830887302,0.21574369782630293,0.8639650103628619,0.0034465292253125614,2409635.0,2764177.0,366120607.0,318180131.0,8176221.0,9463602.0,373529692.0,80586677.0
6.7,mcf,mcf-attacker,2,1.0057594625939639,12330.4,2.2016438270517494e-05,17984.0,26286.0,379253672.0,377081883.0,20202127.36,1.0057594625939639,0.6841664764513429,2.2016438270517494e-05,0.21727342269009986,0.878754885582352,0.003092122684261855,17984.0,26286.0,377081883.0,379253672.0,8450375.0,9616305.0,377064599.0,81926116.0
6.8,mcf,mcf-attacker,2,0.3154542128891564,18659.9,0.0030491122688622455,6469664.0,7620364.0,119048802.0,377388531.0,30572380.16,0.3154542128891564,0.8489967145926363,0.0030491122688622455,0.2063481024018747,0.8749303474649315,0.003038412845472134,6469664.0,7620364.0,377388531.0,119048802.0,8017286.0,9163342.0,377189032.0,77832241.0
6.9,mcf,mcf-attacker,2,0.20046645496676788,19508.399999999998,0.0034287545066407406,7570460.0,8862782.0,75557235.0,376907124.0,31962562.56,0.20046645496676788,0.8541855142098722,0.0034287545066407406,0.20496594945456262,0.871780757616817,0.0030931825888010603,7570460.0,8862782.0,376907124.0,75557235.0,7926677.0,9092512.0,376904682.0,77252626.0
7.0,mcf,mcf-attacker,2,0.2007783991589085,19515.7,0.0035070234106775663,7564948.0,8887218.0,75700451.0,377034837.0,31974522.880000003,0.2007783991589085,0.8512166574511844,0.0035070234106775663,0.20561625029627617,0.8680448760149221,0.0031880934863013307,7564948.0,8887218.0,377034837.0,75700451.0,7911361.0,9114000.0,377228273.0,77564263.0
7.1,mcf,mcf-attacker,2,0.19974840009861275,19509.2,0.0033552054277706266,7583613.0,8848886.0,75326612.0,377107461.0,31963873.28,0.19974840009861275,0.8570133008832976,0.0033552054277706266,0.20561753505460298,0.8670797312679446,0.00321546184620478,7583613.0,8848886.0,377107461.0,75326612.0,7909973.0,9122544.0,377106325.0,77539673.0
7.2,mcf,mcf-attacker,2,0.19978598013311588,19489.1,0.0033631272873031206,7588833.0,8857092.0,75340701.0,377107047.0,31930941.439999998,0.19978598013311588,0.8568086455464163,0.0033631272873031206,0.20589204174145995,0.8654220674392923,0.0032606551174507586,7588833.0,8857092.0,377107047.0,75340701.0,7907197.0,9136810.0,377106120.0,77643149.0
7.3,mcf,mcf-attacker,2,0.19974067825326047,19519.9,0.0033305148734905365,7588736.0,8844719.0,75324959.0,377113764.0,31981404.16,0.19974067825326047,0.8579962800401008,0.0033305148734905365,0.20628754954917597,0.8633151313629062,0.0033177994348481655,7588736.0,8844719.0,377113764.0,75324959.0,7902747.0,9153954.0,377119541.0,77795066.0
7.5,mcf,mcf-attacker,2,0.19924720612942926,19487.1,0.0032728729414524733,7594838.0,8829062.0,75137559.0,377107215.0,31927664.64,0.19924720612942926,0.860208932726942,0.0032728729414524733,0.2063384194503743,0.8630835982089936,0.003324863064092568,7594838.0,8829062.0,377107215.0,75137559.0,7903909.0,9157756.0,377112373.0,77812771.0
7.6,mcf,mcf-attacker,2,0.19941348975939896,19496.100000000002,0.0033063588647528406,7582216.0,8829107.0,75202631.0,377119076.0,31942410.240000002,0.19941348975939896,0.8587749587812221,0.0033063588647528406,0.20654881531997413,0.8616097799442748,0.003365233222771565,7582216.0,8829107.0,377119076.0,75202631.0,7901271.0,9170359.0,377117399.0,77893152.0
7.7,mcf,mcf-attacker,2,0.19912237499347385,19484.2,0.0032528657364957587,7597000.0,8823652.0,75088823.0,377098872.0,31922913.28,0.19912237499347385,0.8609813714321463,0.0032528657364957587,0.20660090322306904,0.860738028307989,0.0033834269439450104,7597000.0,8823652.0,377098872.0,75088823.0,7885784.0,9161654.0,377094000.0,77907961.0
7.8,mcf,mcf-attacker,2,0.19933723917860044,19511.5,0.0032556491890423853,7605281.0,8833030.0,75172748.0,377113420.0,31967641.599999998,0.19933723917860044,0.8610047741262058,0.0032556491890423853,0.20653562447535714,0.8611861007079581,0.003370052819279888,7605281.0,8833030.0,377113420.0,75172748.0,7884455.0,9155344.0,377112487.0,77887163.0
8.0,mcf,mcf-attacker,2,0.19895481497795353,19478.399999999998,0.0032187496258611445,7605824.0,8819666.0,75029045.0,377116005.0,31913410.56,0.19895481497795353,0.8623709786742492,0.0032187496258611445,0.20664691166308768,0.8601653904639522,0.003400924177269932,7605824.0,8819666.0,377116005.0,75029045.0,7889326.0,9171871.0,377116611.0,77929983.0
8.1,mcf,mcf-attacker,2,0.19898820520768223,19509.2,0.0032321903166372384,7600585.0,8819442.0,75038331.0,377099391.0,31963873.28,0.19898820520768223,0.8617988530340128,0.0032321903166372384,0.2065841506189515,0.8605882169414875,0.003388991061441702,7600585.0,8819442.0,377099391.0,75038331.0,7888859.0,9166822.0,377092467.0,77901327.0
8.2,mcf,mcf-attacker,2,0.19876923492228057,19487.8,0.0032112145937729167,7596117.0,8807096.0,74957734.0,377109335.0,31928811.52,0.19876923492228057,0.8624996253021427,0.0032112145937729167,0.2067477075635759,0.8593946622957305,0.0034159266590054996,7596117.0,8807096.0,377109335.0,74957734.0,7873541.0,9161729.0,377112312.0,77967106.0
8.3,mcf,mcf-attacker,2,0.19879708474126967,19483.3,0.0032144850650628457,7600891.0,8813105.0,74968340.0,377109856.0,31921438.72,0.19879708474126967,0.8624532443446435,0.0032144850650628457,0.20683664320089332,0.8599310044869631,0.003409961881404822,7600891.0,8813105.0,377109856.0,74968340.0,7894680.0,9180597.0,377105975.0,77999334.0
8.4,mcf,mcf-attacker,2,0.19900574732595508,19506.8,0.003221615005477213,7609400.0,8824320.0,75048093.0,377115204.0,31959941.12,0.19900574732595508,0.8623214026689875,0.003221615005477213,0.20685875831014516,0.8594459394930741,0.003420987643046429,7609400.0,8824320.0,377115204.0,75048093.0,7888697.0,9178817.0,377119164.0,78010402.0
8.5,mcf,mcf-attacker,2,0.19893415286888916,19486.300000000003,0.003212065718578156,7605769.0,8817056.0,75019123.0,377105298.0,31926353.92,0.19893415286888916,0.8626200173844876,0.003212065718578156,0.20676499565482154,0.859167544525299,0.003422849805574554,7605769.0,8817056.0,377105298.0,75019123.0,7874524.0,9165295.0,377104189.0,77971946.0
8.6,mcf,mcf-attacker,2,0.19894437124344116,19487.4,0.003223943169730126,7603186.0,8818960.0,75023467.0,377107764.0,31928156.16,0.19894437124344116,0.8621408873608679,0.003223943169730126,0.2068228705808049,0.8592282222020017,0.003425556951758121,7603186.0,8818960.0,377107764.0,75023467.0,7884798.0,9176605.0,377108604.0,77994684.0
8.7,mcf,mcf-attacker,2,0.19898138164066673,19489.3,0.003208353749291395,7591450.0,8801336.0,75036859.0,377104925.0,31931269.12,0.19898138164066673,0.862533824410294,0.003208353749291395,0.2069324110269646,0.8590609760469574,0.003429858056026673,7591450.0,8801336.0,377104925.0,75036859.0,7883600.0,9176997.0,377099279.0,78034063.0
8.8,mcf,mcf-attacker,2,0.19892337415088437,19497.5,0.0032079183088750524,7605686.0,8815417.0,75015555.0,377107795.0,31944704.0,0.19892337415088437,0.8627709840612191,0.0032079183088750524,0.2067629437339822,0.859554413136885,0.003418159708640916,7605686.0,8815417.0,377107795.0,75015555.0,7889152.0,9178188.0,377114035.0,77973208.0
8.9,mcf,mcf-attacker,2,0.1989693046096687,19497.7,0.003206927094263152,7594068.0,8803425.0,75032863.0,377107731.0,31945031.68,0.1989693046096687,0.8626265345589926,0.003206927094263152,0.20682491129884395,0.8594941679348859,0.0034197340207285268,7594068.0,8803425.0,377107731.0,75032863.0,7888630.0,9178224.0,377103597.0,77994418.0
9.0,mcf,mcf-attacker,2,0.19869908239889067,19493.1,0.003198995052732031,7602085.0,8808454.0,74931161.0,377108742.0,31937495.04,0.19869908239889067,0.8630441845981145,0.003198995052732031,0.20676453986560575,0.859282479896173,0.003422052851815942,7602085.0,8808454.0,377108742.0,74931161.0,7880172.0,9170642.0,377104053.0,77971746.0
9.1,mcf,mcf-attacker,2,0.19879998849238212,19494.4,0.0031992827112649917,7603370.0,8809841.0,74968811.0,377106717.0,31939624.96,0.19879998849238212,0.863054168628015,0.0031992827112649917,0.20669935331397865,0.8597212136723107,0.0034126606529495786,7603370.0,8809841.0,377106717.0,74968811.0,7887373.0,9174338.0,377114847.0,77949395.0
9.2,mcf,mcf-attacker,2,0.19880213828156484,19489.7,0.00320586790799912,7604934.0,8813910.0,74970966.0,377113479.0,31931924.48,0.19880213828156484,0.8628331807336358,0.00320586790799912,0.20690215897205647,0.8590700830478624,0.0034316949788812385,7604934.0,8813910.0,377113479.0,74970966.0,7888649.0,9182777.0,377110439.0,78024964.0
9.3,mcf,mcf-attacker,2,0.19880273915390317,19502.4,0.0032022598672835686,7604066.0,8811653.0,74969432.0,377104623.0,31952732.16,0.19880273915390317,0.86295567925791,0.0032022598672835686,0.20674438201125395,0.8595932155369217,0.0034168089470810203,7604066.0,8811653.0,377104623.0,74969432.0,7888358.0,9176850.0,377103906.0,77964114.0
9.4,mcf,mcf-attacker,2,0.19882132346158324,19484.3,0.0032118369653440634,7596127.0,8807336.0,74977086.0,377107871.0,31923077.119999997,0.19882132346158324,0.8624772575952592,0.0032118369653440634,0.2068402128602153,0.8588029592005622,0.00343628482854968,7596127.0,8807336.0,377107871.0,74977086.0,7881878.0,9177749.0,377113966.0,78002333.0
9.6,mcf,mcf-attacker,2,0.19879698061744977,19487.3,0.0032068013126573787,7605404.0,8814733.0,74969083.0,377113791.0,31927992.32,0.19879698061744977,0.8628059409173255,0.0032068013126573787,0.20688972111836876,0.8590751572169605,0.0034334957354744023,7605404.0,8814733.0,377113791.0,74969083.0,7893131.0,9187940.0,377110997.0,78020389.0
9.7,mcf,mcf-attacker,2,0.1988223428381816,19485.1,0.0032109400814640207,7600504.0,8811377.0,74977608.0,377108563.0,31924387.84,0.1988223428381816,0.8625784596437084,0.0032109400814640207,0.2069376464177683,0.8588746104418248,0.003437460840959873,7600504.0,8811377.0,377108563.0,74977608.0,7889112.0,9185406.0,377108005.0,78037843.0
9.8,mcf,mcf-attacker,2,0.19891689335801888,19480.6,0.003207500954432332,7602195.0,8811764.0,75012825.0,377106357.0,31917015.04,0.19891689335801888,0.8627324789905858,0.003207500954432332,0.2069107811955684,0.8589308665463861,0.00343417394143532,7602195.0,8811764.0,377106357.0,75012825.0,7885158.0,9180201.0,377104661.0,78027020.0
9.9,mcf,mcf-attacker,2,0.1988113757667103,19498.6,0.00319833633995506,7600810.0,8806943.0,74974279.0,377112621.0,31946506.24,0.1988113757667103,0.8630474842405589,0.00319833633995506,0.2068244229960899,0.8592579401939233,0.003422334509396245,7600810.0,8806943.0,377112621.0,74974279.0,8101663.0,9428674.0,387750232.0,80196218.0
10.0,mcf,mcf-attacker,2,0.19869223482036225,19485.4,0.003199637586568155,7604788.0,8811381.0,74927442.0,377103021.0,31924879.36,0.19869223482036225,0.8630642574642953,0.003199637586568155,0.20686316977132005,0.8590568916628923,0.003427837933638429,7604788.0,8811381.0,377103021.0,74927442.0,7878842.0,9171502.0,377106510.0,78009448.0
10.1,mcf,mcf-attacker,2,0.1986654751943753,19505.2,0.0031874747655386065,7595225.0,8797264.0,74919385.0,377113260.0,31957319.68,0.1986654751943753,0.8633621771496229,0.0031874747655386065,0.2068117785492601,0.859679563175625,0.003414454327445867,7595225.0,8797264.0,377113260.0,74919385.0,7888773.0,9176411.0,377113845.0,77991585.0
10.2,mcf,mcf-attacker,2,0.19861608336689024,19490.4,0.0031915339378107447,7599387.0,8802909.0,74897786.0,377098293.0,31933071.36,0.19861608336689024,0.8632813312054004,0.0031915339378107447,0.2068624671891121,0.8592330442005753,0.0034243073509806995,7599387.0,8802909.0,377098293.0,74897786.0,7882097.0,9173410.0,377101956.0,78008241.0
10.3,mcf,mcf-attacker,2,0.19869637942144075,19494.100000000002,0.0031992947892420342,7598958.0,8805453.0,74930947.0,377112795.0,31939133.44,0.19869637942144075,0.8629831991607928,0.0031992947892420342,0.20692739682043992,0.8590137965774566,0.003434483112414508,7598958.0,8805453.0,377112795.0,74930947.0,7895548.0,9191410.0,377309178.0,78075606.0
10.4,mcf,mcf-attacker,2,0.19884944181939881,19491.0,0.003200091422324567,7611013.0,8818546.0,75034501.0,377343282.0,31934054.4,0.19884944181939881,0.8630689231535448,0.003200091422324567,0.20676792712939882,0.8594395133618822,0.0034214235152657453,7611013.0,8818546.0,377343282.0,75034501.0,7884890.0,9174456.0,376909200.0,77932734.0
10.5,mcf,mcf-attacker,2,0.19890777929201794,19492.5,0.0032077865820439883,7602160.0,8811082.0,74962590.0,376871082.0,31936512.0,0.19890777929201794,0.8627952843929951,0.0032077865820439883,0.20692473920265675,0.8588402447279195,0.003435241742157528,7602160.0,8811082.0,376871082.0,74962590.0,7881759.0,9177212.0,377106794.0,78032725.0
10.6,mcf,mcf-attacker,2,0.19971525575328117,19501.5,0.0032203415368529916,7631204.0,8845610.0,75313566.0,377104722.0,31951257.6,0.19971525575328117,0.8627108814428852,0.0032203415368529916,0.32477728449791954,0.8578501327573441,0.003196228887647561,7631204.0,8845610.0,377104722.0,75313566.0,7275976.0,8481640.0,377214537.0,122510713.0
10.7,mcf,mcf-attacker,2,0.21108821931091487,11894.9,0.003065574314527767,8202481.0,9358554.0,79604461.0,377114655.0,19488604.16,0.21108821931091487,0.8764688433704608,0.003065574314527767,1.053622451005454,0.4217320038246141,9.227344087186946e-05,8202481.0,9358554.0,377114655.0,79604461.0,24700.0,58568.0,367039526.0,386721085.0
10.8,mcf,mcf-attacker,2,0.20771715390761103,12743.3,0.002966162367080246,8082872.0,9201421.0,78330781.0,377103092.0,20878622.72,0.20771715390761103,0.878437363098591,0.002966162367080246,0.8149257684330968,0.8439217189089118,0.000933108956691706,8082872.0,9201421.0,377103092.0,78330781.0,1902700.0,2254593.0,377118875.0,307323889.0
10.9,mcf,mcf-attacker,2,0.19714358967144838,19528.800000000003,0.0029158786035222988,7635860.0,8735463.0,74344550.0,377108635.0,31995985.92,0.19714358967144838,0.874121955527715,0.0029158786035222988,0.20836852809264217,0.8529330584559763,0.0035960011216923642,7635860.0,8735463.0,377108635.0,74344550.0,7864552.0,9220597.0,377098047.0,78575365.0
11.0,mcf,mcf-attacker,2,0.5094268454436323,18904.5,0.002331729935191609,5738227.0,6597840.0,187804742.0,368658903.0,30973132.8,0.5094268454436323,0.8697129666678792,0.002331729935191609,0.2124683537724446,0.8519350333592323,0.0036906605720065915,5738227.0,6597840.0,368658903.0,187804742.0,8007633.0,9399347.0,377090760.0,80119853.0
11.1,mcf,mcf-attacker,2,1.0041373641953526,12289.5,2.1222542331480547e-05,11658.0,19661.0,378659220.0,377099024.0,20135116.8,1.0041373641953526,0.5929505111642338,2.1222542331480547e-05,0.2179727918208202,0.8784413778020415,0.003112904907013103,11658.0,19661.0,377099024.0,378659220.0,8483010.0,9656888.0,377100501.0,82197649.0
11.2,mcf,mcf-attacker,2,0.6624310664799652,13823.3,0.0015349088364130614,3216189.0,3795030.0,249814355.0,377117511.0,22648094.72,0.6624310664799652,0.8474739330123873,0.0015349088364130614,0.21205391021076153,0.8772035953804062,0.003062038340870332,3216189.0,3795030.0,377117511.0,249814355.0,8249477.0,9404290.0,377138648.0,79973725.0
11.3,mcf,mcf-attacker,2,0.20068029803117604,19564.5,0.003504664935712708,7557021.0,8878657.0,75678078.0,377107662.0,32054476.8,0.20068029803117604,0.8511446044148344,0.003504664935712708,0.20572089435396199,0.8719090817580468,0.003101035009879653,7557021.0,8878657.0,377107662.0,75678078.0,7960189.0,9129609.0,377106352.0,77578656.0
11.4,mcf,mcf-attacker,2,0.20003644998353795,19522.1,0.003426752446483584,7564715.0,8856935.0,75433258.0,377097564.0,31985008.64,0.20003644998353795,0.8541007696229,0.003426752446483584,0.2060878881385958,0.869883594390099,0.003156359199979212,7564715.0,8856935.0,377097564.0,75433258.0,7957482.0,9147755.0,377103151.0,77716392.0
11.7,mcf,mcf-attacker,2,0.1995622091817293,19536.0,0.003329202349178924,7579396.0,8834851.0,75255676.0,377103843.0,32007782.4,0.1995622091817293,0.8578974336975236,0.003329202349178924,0.2066283328128088,0.8656045365895891,0.0032684203537449896,7579396.0,8834851.0,377103843.0,75255676.0,7938409.0,9170942.0,377103575.0,77920283.0
11.8,mcf,mcf-attacker,2,0.19971333174451514,19521.0,0.0033542879061589717,7581341.0,8846250.0,75312316.0,377102096.0,31983206.4,0.19971333174451514,0.8570118411756394,0.0033542879061589717,0.2069307303277235,0.8642833341163418,0.0033016078620030603,7581341.0,8846250.0,377102096.0,75312316.0,7928950.0,9174017.0,377109291.0,78035501.0
11.9,mcf,mcf-attacker,2,0.19939018563701394,19537.7,0.0032948081652830067,7586831.0,8829341.0,75192329.0,377111485.0,32010567.68,0.19939018563701394,0.8592748881258522,0.0032948081652830067,0.20715011458510335,0.8625641181885646,0.003349259564039021,7586831.0,8829341.0,377111485.0,75192329.0,7927016.0,9190060.0,377111411.0,78118672.0
12.0,mcf,mcf-attacker,2,0.19910936646965519,19530.899999999998,0.0032582355516611247,7586923.0,8815623.0,75085326.0,377105946.0,31999426.56,0.19910936646965519,0.8606224426793205,0.0032582355516611247,0.20693685858557762,0.8628771788648516,0.003336575472304266,7586923.0,8815623.0,377105946.0,75085326.0,7917805.0,9176051.0,377107010.0,78037340.0
12.1,mcf,mcf-attacker,2,0.19909219319035934,19535.2,0.0032771277606623074,7583370.0,8819209.0,75079739.0,377110412.0,32006471.68,0.19909219319035934,0.8598696322992232,0.0032771277606623074,0.20711304490617358,0.8616883765365873,0.003371496406248421,7583370.0,8819209.0,377110412.0,75079739.0,7920886.0,9192286.0,377102582.0,78102864.0
12.2,mcf,mcf-attacker,2,0.1987784020254919,19525.0,0.003212496525941245,7601093.0,8812567.0,74961907.0,377112937.0,31989760.0,0.1987784020254919,0.8625288182206161,0.003212496525941245,0.2073188203412018,0.8612123129892449,0.0033833284164849235,7601093.0,8812567.0,377112937.0,74961907.0,7917229.0,9193121.0,377111484.0,78182308.0
12.3,mcf,mcf-attacker,2,0.19905538612329138,19526.5,0.003261417612773635,7593788.0,8823680.0,75064483.0,377103501.0,31992217.6,0.19905538612329138,0.8606146188438384,0.003261417612773635,0.20720130642548967,0.8608855574866281,0.003391889620697371,7593788.0,8823680.0,377103501.0,75064483.0,7915550.0,9194660.0,377108380.0,78137349.0
12.4,mcf,mcf-attacker,2,0.19874687522145212,19518.800000000003,0.0032219934090652333,7597292.0,8812348.0,74950055.0,377113124.0,31979601.92,0.19874687522145212,0.8621189267604956,0.0032219934090652333,0.20740596616058793,0.8602581061668481,0.003408383630803014,7597292.0,8812348.0,377113124.0,74950055.0,7912519.0,9197843.0,377106611.0,78214161.0
12.5,mcf,mcf-attacker,2,0.19874546490873116,19521.7,0.0032191119063240217,7597330.0,8811271.0,74947773.0,377104318.0,31984353.28,0.19874546490873116,0.8622286160532345,0.0032191119063240217,0.2074415133454054,0.860050064702494,0.0034153245481797867,7597330.0,8811271.0,377104318.0,74947773.0,7914947.0,9202891.0,377107353.0,78227720.0
12.6,mcf,mcf-attacker,2,0.19891941679642927,19522.2,0.003235968240618024,7600901.0,8821210.0,75014072.0,377107842.0,31985172.48,0.19891941679642927,0.8616619488709599,0.003235968240618024,0.20753317061026696,0.8597730697257697,0.003423596884003775,7600901.0,8821210.0,377107842.0,75014072.0,7915904.0,9206969.0,377107774.0,78262372.0
12.7,mcf,mcf-attacker,2,0.1987097048742466,19512.7,0.003202312365950032,7597010.0,8804638.0,74935664.0,377111244.0,31969607.68,0.1987097048742466,0.8628418340424672,0.003202312365950032,0.20750806914684866,0.8593035238983923,0.0034309149613658994,7597010.0,8804638.0,377111244.0,74935664.0,7902187.0,9196037.0,377115147.0,78254436.0
12.8,mcf,mcf-attacker,2,0.19894831346028635,19520.2,0.003221319579328989,7591870.0,8806667.0,75025718.0,377111606.0,31981895.68,0.19894831346028635,0.8620593920492282,0.003221319579328989,0.2075894835571512,0.859469246466986,0.003431653732906687,7591870.0,8806667.0,377111606.0,75025718.0,7914481.0,9208568.0,377103024.0,78282622.0
12.9,mcf,mcf-attacker,2,0.19864769896779277,19540.3,0.0031933461514760935,7597629.0,8801866.0,74911675.0,377108194.0,32014827.52,0.19864769896779277,0.8631838975962597,0.0031933461514760935,0.20750103094113198,0.859892103130899,0.00342064400774841,7597629.0,8801866.0,377108194.0,74911675.0,7916975.0,9206940.0,377111736.0,78251074.0
13.1,mcf,mcf-attacker,2,0.19858630358335042,19534.6,0.0031930419051239404,7594699.0,8798812.0,74887946.0,377105292.0,32005488.64,0.19858630358335042,0.863150502590577,0.0031930419051239404,0.20747493504009631,0.8597991672300145,0.0034229220371770524,7594699.0,8798812.0,377105292.0,74887946.0,7916054.0,9206864.0,377107625.0,78240380.0
13.2,mcf,mcf-attacker,2,0.19862564588737153,19536.600000000002,0.003190575712648084,7602045.0,8805208.0,74901538.0,377099028.0,32008765.44,0.19862564588737153,0.8633577991570444,0.003190575712648084,0.2076638573122093,0.8594634396209502,0.003433970120184566,7602045.0,8805208.0,377099028.0,74901538.0,7919629.0,9214620.0,377111901.0,78312512.0
13.3,mcf,mcf-attacker,2,0.19866346444388494,19527.4,0.0032005177227359266,7599194.0,8806151.0,74918585.0,377113050.0,31993692.16,0.19866346444388494,0.8629415961638632,0.0032005177227359266,0.2075523036447576,0.8592745437096436,0.0034335593480379644,7599194.0,8806151.0,377113050.0,74918585.0,7906039.0,9200830.0,377098768.0,78267718.0
13.4,mcf,mcf-attacker,2,0.1984535863499966,19544.3,0.003192437040098687,7594738.0,8798637.0,74838774.0,377109708.0,32021381.12,0.1984535863499966,0.8631721026790854,0.003192437040098687,0.20768549140542594,0.8591606688247397,0.0034424409917518427,7594738.0,8798637.0,377109708.0,74838774.0,7919298.0,9217482.0,377111475.0,78320582.0
13.5,mcf,mcf-attacker,2,0.19859068305340774,19512.8,0.0032003656536412064,7594444.0,8801330.0,74890291.0,377108784.0,31969771.52,0.19859068305340774,0.8628745882724542,0.0032003656536412064,0.2076231701626397,0.8590496246434525,0.0034457220217018626,7594444.0,8801330.0,377108784.0,74890291.0,7919551.0,9218968.0,377110223.0,78296820.0
13.8,mcf,mcf-attacker,2,0.1986722265945297,19507.7,0.0031935544935211796,7594968.0,8799296.0,74921698.0,377112087.0,31961415.68,0.1986722265945297,0.8631335961422368,0.0031935544935211796,0.2077611973797281,0.8588377497203098,0.003449259715081498,7594968.0,8799296.0,377112087.0,74921698.0,7913897.0,9214659.0,377113383.0,78349528.0
13.9,mcf,mcf-attacker,2,0.19857458490408175,19523.399999999998,0.003197750505564814,7598597.0,8804483.0,74883363.0,377104467.0,31987138.56,0.19857458490408175,0.8630372731709517,0.003197750505564814,0.20758759606198793,0.8589093037321123,0.0034439677847202597,7598597.0,8804483.0,377104467.0,74883363.0,7910151.0,9209530.0,377291276.0,78320989.0
14.0,mcf,mcf-attacker,2,0.19879320635034417,19524.5,0.0031908496523958894,7599393.0,8803393.0,75010435.0,377328966.0,31988940.8,0.19879320635034417,0.8632345505874837,0.0031908496523958894,0.20757179271029294,0.8591665386536624,0.0034392966357777235,7599393.0,8803393.0,377328966.0,75010435.0,7908451.0,9204794.0,376920963.0,78238160.0
14.1,mcf,mcf-attacker,2,0.1986619330110786,19537.0,0.0031923836967488618,7590254.0,8793386.0,74870865.0,376875750.0,32009420.8,0.1986619330110786,0.8631776200885529,0.0031923836967488618,0.207650577114287,0.8590643385318386,0.003442539794120778,7590254.0,8793386.0,376875750.0,74870865.0,7913266.0,9211494.0,377113433.0,78307822.0
14.2,mcf,mcf-attacker,2,0.1986147706426716,19528.699999999997,0.0031832014496545975,7604615.0,8805032.0,74899610.0,377109969.0,31995822.08,0.1986147706426716,0.8636669349980783,0.0031832014496545975,0.20752936775824662,0.8596078281441247,0.003427555826056939,7604615.0,8805032.0,377109969.0,74899610.0,7914264.0,9206831.0,377110415.0,78261486.0
14.3,mcf,mcf-attacker,2,0.19869912191649522,19524.0,0.003197643293623904,7602052.0,8807911.0,74931161.0,377108667.0,31988121.6,0.19869912191649522,0.863093643884458,0.003197643293623904,0.20783639837811427,0.8586213799560716,0.0034571131434641814,7602052.0,8807911.0,377108667.0,74931161.0,7917662.0,9221366.0,377107704.0,78376707.0
14.4,mcf,mcf-attacker,2,0.19850560693131067,19533.600000000002,0.003185616700261922,7595938.0,8797289.0,74859888.0,377117247.0,32003850.240000002,0.19850560693131067,0.863440771355812,0.003185616700261922,0.2074306773679056,0.859416456282552,0.003432492276677583,7595938.0,8797289.0,377117247.0,74859888.0,7912961.0,9207365.0,377103252.0,78222783.0
14.5,mcf,mcf-attacker,2,0.19868268055126279,19517.5,0.0031998435284493767,7604945.0,8811626.0,74924481.0,377106252.0,31977472.0,0.19868268055126279,0.8630580780437118,0.0031998435284493767,0.2077579028664804,0.8587524020620984,0.003452489326759729,7604945.0,8811626.0,377106252.0,74924481.0,7915637.0,9217601.0,377108769.0,78347327.0
14.6,mcf,mcf-attacker,2,0.1986888001732511,19518.399999999998,0.0031972054322180463,7594592.0,8800299.0,74928084.0,377112771.0,31978946.56,0.1986888001732511,0.8629924960504183,0.0031972054322180463,0.20769711139120092,0.8587931659746741,0.003450707864079374,7594592.0,8800299.0,377112771.0,74928084.0,7914138.0,9215418.0,377105235.0,78323668.0
14.7,mcf,mcf-attacker,2,0.19866005593531214,19519.2,0.0031971403893873273,7595840.0,8801479.0,74914543.0,377099174.0,31980257.28,0.19866005593531214,0.8630185903982729,0.0031971403893873273,0.20762555242662525,0.8588042844467392,0.0034488684956836477,7595840.0,8801479.0,377099174.0,74914543.0,7910679.0,9211271.0,377106869.0,78297022.0
14.8,mcf,mcf-attacker,2,0.19878918349217634,19516.100000000002,0.003194185333990843,7597134.0,8801699.0,74965748.0,377111806.0,31975178.240000002,0.19878918349217634,0.8631440361684716,0.003194185333990843,0.20760930932432156,0.8587948067719666,0.0034483649973795945,7597134.0,8801699.0,377111806.0,74965748.0,7908966.0,9209378.0,377109732.0,78291491.0
14.9,mcf,mcf-attacker,2,0.20226648839743824,19532.7,0.0032334845123596022,7733484.0,8952865.0,76276819.0,377110512.0,32002375.68,0.20226648839743824,0.8637999120951785,0.0032334845123596022,0.5157877254083345,0.8547836100818641,0.002682207072268211,7733484.0,8952865.0,377110512.0,76276819.0,5800771.0,6786245.0,367411603.0,189506395.0
15.0,mcf,mcf-attacker,2,0.21029278388840145,11975.599999999999,0.0029905684129230854,8192283.0,9320069.0,79304408.0,377114262.0,19620823.04,0.21029278388840145,0.8789938143161815,0.0029905684129230854,1.0012803984509664,0.5780203531356006,2.5731921405859798e-05,8192283.0,9320069.0,377114262.0,79304408.0,13291.0,22994.0,377080275.0,377563088.0
15.1,mcf,mcf-attacker,2,0.20484433960162698,12702.6,0.002943143349747111,7967333.0,9077186.0,77246358.0,377097840.0,20811939.84,0.20484433960162698,0.8777316009609145,0.002943143349747111,0.6636741507134647,0.848438655523174,0.001605892860607626,7967333.0,9077186.0,377097840.0,77246358.0,3390153.0,3995755.0,377112331.0,250279706.0
15.2,mcf,mcf-attacker,2,0.19718477199896853,19489.5,0.0029348211176741844,7634246.0,8741017.0,74361734.0,377117022.0,31931596.8,0.19718477199896853,0.8733818959510089,0.0029348211176741844,0.2083583991900907,0.8499470003084741,0.003672410154630248,7634246.0,8741017.0,377117022.0,74361734.0,7844415.0,9229299.0,377104937.0,78572981.0
15.3,mcf,mcf-attacker,2,0.19747496697513459,19484.4,0.00298859539068836,7628836.0,8755851.0,74468846.0,377105246.0,31923240.96,0.19747496697513459,0.8712843560266158,0.00298859539068836,0.20789124421544508,0.8529325572854308,0.00359446797793357,7628836.0,8755851.0,377105246.0,74468846.0,7861296.0,9216785.0,377104208.0,78396663.0
15.4,mcf,mcf-attacker,2,0.19782647104471004,19509.1,0.003047225335490484,7613285.0,8762424.0,74602331.0,377109952.0,31963709.439999998,0.19782647104471004,0.8688560380095736,0.003047225335490484,0.2079627727968763,0.8523154896042604,0.0036132792958956076,7613285.0,8762424.0,377109952.0,74602331.0,7863865.0,9226472.0,377110898.0,78425028.0
15.5,mcf,mcf-attacker,2,0.9424149489564182,16697.8,0.0007290892489926025,1748425.0,2022290.0,353995715.0,375626167.0,27357675.52,0.9424149489564182,0.864576791656983,0.0007290892489926025,0.21592999069561905,0.8684658395319188,0.0033352595843664603,1748425.0,2022290.0,375626167.0,353995715.0,8228957.0,9475280.0,373680959.0,80688926.0
15.6,mcf,mcf-attacker,2,1.0066433353111452,12300.9,2.1094927366681512e-05,15560.0,23517.0,379705551.0,377199687.0,20153794.56,1.0066433353111452,0.6616490198579751,2.1094927366681512e-05,0.21686006302552857,0.8787465406133012,0.003094201149216961,15560.0,23517.0,377199687.0,379705551.0,8453402.0,9619841.0,376975815.0,81750999.0
15.7,mcf,mcf-attacker,2,0.22470714667124278,15663.900000000001,0.0034193084363899422,7311346.0,8600725.0,84734291.0,377087655.0,25663733.76,0.22470714667124278,0.8500848474983214,0.0034193084363899422,0.20488050224414572,0.8737177937931117,0.003042876346478425,7311346.0,8600725.0,377087655.0,84734291.0,7938855.0,9086292.0,377089592.0,77258305.0
15.9,mcf,mcf-attacker,2,0.2001730769425103,19484.0,0.003452239798482069,7564958.0,8866548.0,75470793.0,377027691.0,31922585.6,0.2001730769425103,0.8532021706756677,0.003452239798482069,0.2049441802032992,0.8705055118141398,0.0031226937886494697,7564958.0,8866548.0,377027691.0,75470793.0,7918677.0,9096642.0,377227189.0,77310517.0
16.0,mcf,mcf-attacker,2,0.2003093852948863,19478.600000000002,0.003438251106194948,7573177.0,8869766.0,75538097.0,377107128.0,31913738.240000002,0.2003093852948863,0.853819255209213,0.003438251106194948,0.2051533203695077,0.8682578395414158,0.003181209571210745,7573177.0,8869766.0,377107128.0,75538097.0,7906454.0,9106113.0,377107818.0,77364921.0
16.1,mcf,mcf-attacker,2,0.20016077077904604,19497.2,0.0034054517872411454,7578350.0,8862570.0,75482045.0,377107086.0,31944212.48,0.20016077077904604,0.855096207984817,0.0034054517872411454,0.20563485021206857,0.865512959214696,0.003255232035553855,7578350.0,8862570.0,377107086.0,75482045.0,7900121.0,9127675.0,377101843.0,77545281.0
16.2,mcf,mcf-attacker,2,0.19939908300766165,19473.0,0.003310934447364634,7588064.0,8836678.0,75197045.0,377118309.0,31904563.2,0.19939908300766165,0.8587009733748361,0.003310934447364634,0.2054746710907828,0.8654527098377582,0.0032525202092295188,7588064.0,8836678.0,377118309.0,75197045.0,7889968.0,9116579.0,377126327.0,77489908.0
16.3,mcf,mcf-attacker,2,0.1997988477400303,19480.1,0.00335123828434929,7584554.0,8848314.0,75344625.0,377102400.0,31916195.84,0.1997988477400303,0.8571750505237495,0.00335123828434929,0.20602513986475718,0.8629898850792944,0.0033220732185038123,7584554.0,8848314.0,377102400.0,75344625.0,7890767.0,9143522.0,377100358.0,77692154.0
16.4,mcf,mcf-attacker,2,0.19924027944826225,19477.2,0.0032799697485600835,7592308.0,8829213.0,75135235.0,377108661.0,31911444.48,0.19924027944826225,0.8599076724052303,0.0032799697485600835,0.2059419316414968,0.862457084133707,0.003331938212916749,7592308.0,8829213.0,377108661.0,75135235.0,7878818.0,9135316.0,377107233.0,77662192.0
16.5,mcf,mcf-attacker,2,0.19922015628090872,19473.699999999997,0.003280017289883706,7595040.0,8831962.0,75127590.0,377108378.0,31905710.08,0.19922015628090872,0.8599493521371582,0.003280017289883706,0.20607227177804804,0.8620638260036934,0.0033424662702606603,7595040.0,8831962.0,377108378.0,75127590.0,7877647.0,9138125.0,377110163.0,77711948.0
16.6,mcf,mcf-attacker,2,0.19926927590286644,19464.9,0.0032851081699130018,7595648.0,8834498.0,75146610.0,377110870.0,31891292.16,0.19926927590286644,0.8597713192079505,0.0032851081699130018,0.20632537196314585,0.8601415249129734,0.003396136418041632,7595648.0,8834498.0,377110870.0,75146610.0,7876537.0,9157257.0,377110882.0,77807543.0
16.7,mcf,mcf-attacker,2,0.19911891468574097,19456.4,0.003233429789381808,7587665.0,8807019.0,75089444.0,377108544.0,31877365.76,0.19911891468574097,0.8615474770748195,0.003233429789381808,0.20621105951592766,0.8606974149979411,0.0033783856170253377,7587665.0,8807019.0,377108544.0,75089444.0,7871596.0,9145602.0,377104968.0,77763215.0
16.8,mcf,mcf-attacker,2,0.19906880843299277,19464.5,0.003268259361410603,7580074.0,8812565.0,75070699.0,377109300.0,31890636.8,0.19906880843299277,0.8601438968109739,0.003268259361410603,0.20641709749239304,0.8600280468474911,0.0034005534482628684,7580074.0,8812565.0,377109300.0,75070699.0,7879417.0,9161814.0,377114202.0,77842819.0
16.9,mcf,mcf-attacker,2,0.19898417064488483,19478.4,0.0032263022042478186,7593905.0,8810565.0,75038253.0,377106645.0,31913410.560000002,0.19898417064488483,0.8619089695155759,0.0032263022042478186,0.20641041063917062,0.8597365540621928,0.003409027371547153,7593905.0,8810565.0,377106645.0,75038253.0,7879740.0,9165296.0,377103455.0,77838079.0
17.0,mcf,mcf-attacker,2,0.19888236998239964,19476.5,0.003222210330901239,7600390.0,8815517.0,75000485.0,377109771.0,31910297.6,0.19888236998239964,0.8621604382363507,0.003222210330901239,0.20624383345774774,0.8607163357076646,0.0033819842871520176,7600390.0,8815517.0,377109771.0,75000485.0,7881428.0,9156824.0,377114703.0,77777582.0
17.1,mcf,mcf-attacker,2,0.19880880872076181,19488.1,0.003227449372373854,7595199.0,8812295.0,74972332.0,377107697.0,31929303.04,0.19880880872076181,0.8618866027521775,0.003227449372373854,0.20651841962801792,0.859636055406803,0.003411158316339409,7595199.0,8812295.0,377107697.0,74972332.0,7878016.0,9164362.0,377099472.0,77877987.0
17.2,mcf,mcf-attacker,2,0.19881664073365607,19474.9,0.0032071725209195986,7601426.0,8810879.0,74975506.0,377108806.0,31907676.16,0.19881664073365607,0.8627318568328994,0.0032071725209195986,0.20643604724818487,0.860120635924062,0.0034007968136448782,7601426.0,8810879.0,377108806.0,74975506.0,7886084.0,9168579.0,377116032.0,77850343.0
17.3,mcf,mcf-attacker,2,0.19872239458419738,19463.5,0.003225324239285953,7593617.0,8810014.0,74946054.0,377139447.0,31888998.4,0.19872239458419738,0.8619301853549836,0.003225324239285953,0.20619939702529336,0.8597515409877616,0.003403873221526457,7593617.0,8810014.0,377139447.0,74946054.0,7869495.0,9153220.0,377136549.0,77765329.0
17.4,mcf,mcf-attacker,2,0.1988159166777706,19477.2,0.0032041953084895416,7596594.0,8805533.0,75013004.0,377298786.0,31911444.48,0.1988159166777706,0.8627068912239612,0.0032041953084895416,0.20631138244887048,0.8598459598578595,0.0034043018000294426,7596594.0,8805533.0,377298786.0,75013004.0,7876146.0,9159950.0,377112276.0,77802555.0
17.5,mcf,mcf-attacker,2,0.19857047914631046,19460.6,0.0032110992068490173,7588582.0,8798706.0,74832600.0,376856622.0,31884247.04,0.19857047914631046,0.8624656852950877,0.0032110992068490173,0.20647552997575053,0.859606832520263,0.0034098494343311283,7588582.0,8798706.0,376856622.0,74832600.0,7872000.0,9157675.0,377047440.0,77851070.0
17.6,mcf,mcf-attacker,2,0.19882016524405935,19468.1,0.00322128440047798,7595511.0,8810321.0,74979013.0,377119760.0,31896535.04,0.19882016524405935,0.8621151261117501,0.00322128440047798,0.20645852785251137,0.859163845684011,0.003422825990546575,7595511.0,8810321.0,377119760.0,74979013.0,7874448.0,9165246.0,377114701.0,77858546.0
17.7,mcf,mcf-attacker,2,0.1986748751650861,19456.8,0.0032032319530713063,7591488.0,8799568.0,74929055.0,377144090.0,31878021.12,0.1986748751650861,0.8627114421980715,0.0032032319530713063,0.20626715392517858,0.8594483773935093,0.0034102540112165135,7591488.0,8799568.0,377144090.0,74929055.0,7864721.0,9150894.0,377148739.0,77793397.0
17.8,mcf,mcf-attacker,2,0.1989859874943746,19464.6,0.0032156497547645027,7592844.0,8805729.0,75053920.0,377181936.0,31890800.64,0.1989859874943746,0.8622618297701417,0.0032156497547645027,0.2064093566070037,0.8591588517951917,0.0034223566757119114,7592844.0,8805729.0,377181936.0,75053920.0,7870347.0,9160526.0,376985546.0,77813344.0
18.0,mcf,mcf-attacker,2,0.19860499846198823,19467.6,0.003200380023842995,7594561.0,8801197.0,74879839.0,377028975.0,31895715.84,0.19860499846198823,0.8629009213178617,0.003200380023842995,0.2066155513476343,0.859306114374417,0.0034199917678666377,7594561.0,8801197.0,377028975.0,74879839.0,7879526.0,9169638.0,377226639.0,77940890.0
18.2,mcf,mcf-attacker,2,0.198652293834068,19482.1,0.0031959534803640464,7600127.0,8805350.0,74913579.0,377109056.0,31919472.64,0.198652293834068,0.8631260540466875,0.0031959534803640464,0.20633294051557252,0.8596538174059082,0.003410256301940945,7600127.0,8805350.0,377109056.0,74913579.0,7877179.0,9163199.0,377103621.0,77808899.0
18.3,mcf,mcf-attacker,2,0.19878956121966784,19470.5,0.0032033005754876303,7600004.0,8807996.0,74965241.0,377108539.0,31900467.2,0.19878956121966784,0.8628527987524064,0.0032033005754876303,0.20649179899013886,0.8590906337271399,0.0034232431739090094,7600004.0,8807996.0,377108539.0,74965241.0,7870503.0,9161435.0,377107887.0,77869686.0
18.4,mcf,mcf-attacker,2,0.19881579932398738,19491.5,0.003201574697049313,7603143.0,8810475.0,74974567.0,377105679.0,31934873.6,0.19881579932398738,0.8629662986388361,0.003201574697049313,0.20640964989787985,0.8593811415055281,0.0034152759451965852,7603143.0,8810475.0,377105679.0,74974567.0,7871065.0,9158992.0,377107742.0,77838677.0
18.5,mcf,mcf-attacker,2,0.19882355990990508,19473.0,0.0032078507781371996,7602801.0,8812516.0,74978501.0,377110746.0,31904563.2,0.19882355990990508,0.8627276251186381,0.0032078507781371996,0.20659099982114448,0.8589479296909345,0.003428800030645339,7602801.0,8812516.0,377110746.0,74978501.0,7874132.0,9167182.0,377114439.0,77908449.0
18.6,mcf,mcf-attacker,2,0.19893595445545792,19464.6,0.003218095768007703,7593514.0,8807084.0,75020361.0,377108106.0,31890800.64,0.19893595445545792,0.8622052429612344,0.003218095768007703,0.20655905873597008,0.8586555973123243,0.0034371373905651846,7593514.0,8807084.0,377108106.0,75020361.0,7874132.0,9170303.0,377107707.0,77895013.0
18.7,mcf,mcf-attacker,2,0.1987555927916656,19462.199999999997,0.0032094771889504986,7599539.0,8809867.0,74952849.0,377110641.0,31886868.479999997,0.1987555927916656,0.862616768221359,0.0032094771889504986,0.2065140822385844,0.858703380405404,0.0034296004005178083,7599539.0,8809867.0,377110641.0,74952849.0,7860004.0,9153340.0,377109823.0,77878489.0
18.8,mcf,mcf-attacker,2,0.19894879747592,19478.5,0.003212118202610756,7602435.0,8813749.0,75025092.0,377107542.0,31913574.4,0.19894879747592,0.8625654077510035,0.003212118202610756,0.20657724230931673,0.8590432403968074,0.003428445491791138,7602435.0,8813749.0,377107542.0,75025092.0,7879325.0,9172210.0,377105310.0,77901375.0
18.9,mcf,mcf-attacker,2,0.19886885197217338,19476.7,0.003207136045426942,7600914.0,8810336.0,74994126.0,377103429.0,31910625.28,0.19886885197217338,0.8627269152958525,0.003207136045426942,0.20649254802024114,0.8589422345299103,0.0034279847012778095,7600914.0,8810336.0,377103429.0,74994126.0,7871588.0,9164281.0,377099991.0,77868338.0
19.0,mcf,mcf-attacker,2,0.19861906727120424,19480.3,0.0031953038351625147,7600983.0,8805960.0,74900986.0,377108739.0,31916523.52,0.19861906727120424,0.8631634711036617,0.0031953038351625147,0.206484010058684,0.8593704475078946,0.0034186520329890346,7600983.0,8805960.0,377108739.0,74900986.0,7878166.0,9167369.0,377108576.0,77866891.0
19.1,mcf,mcf-attacker,2,0.19863413872485688,19470.4,0.003198078737624163,7594693.0,8800759.0,74909313.0,377122047.0,31900303.36,0.19863413872485688,0.8629588652524174,0.003198078737624163,0.20643892398471203,0.8591498125847574,0.003419039419133665,7594693.0,8800759.0,377122047.0,74909313.0,7865349.0,9154805.0,377139846.0,77856344.0
19.2,mcf,mcf-attacker,2,0.2025376513754716,19479.2,0.0032471399478139484,7751083.0,8975577.0,76376794.0,377099238.0,31914721.28,0.2025376513754716,0.8635748988616554,0.0032471399478139484,0.5049713365882258,0.854823079071583,0.0027001914346514596,7751083.0,8975577.0,377099238.0,76376794.0,5851729.0,6845544.0,368053534.0,185856485.0
19.3,mcf,mcf-attacker,2,0.21042745601054488,13579.5,0.0029926810036114875,8195058.0,9323626.0,79354162.0,377109354.0,22248652.8,0.21042745601054488,0.8789561057039397,0.0029926810036114875,1.0035029286905617,0.599119319396349,2.486518743453597e-05,8195058.0,9323626.0,377109354.0,79354162.0,14014.0,23391.0,377113586.0,378434588.0
19.4,mcf,mcf-attacker,2,0.20470170905244608,11975.599999999999,0.002938418668007878,7967403.0,9075528.0,77196311.0,377116104.0,19620823.04,0.20470170905244608,0.8778996660029036,0.002938418668007878,0.6705968034390956,0.848005201982923,0.001573117675889673,7967403.0,9075528.0,377116104.0,77196311.0,3309872.0,3903127.0,377120548.0,252895834.0
19.5,mcf,mcf-attacker,2,0.19724874857416086,18530.3,0.0029447560081582538,7637537.0,8748017.0,74383341.0,377104248.0,30360043.52,0.19724874857416086,0.8730592315950003,0.0029447560081582538,0.20809786143473902,0.8492258309796072,0.003685171146512045,7637537.0,8748017.0,377104248.0,74383341.0,7826968.0,9216592.0,377085336.0,78470652.0
19.6,mcf,mcf-attacker,2,0.1975354887550857,19478.399999999998,0.002990242882851004,7630183.0,8757807.0,74490858.0,377101140.0,31913410.56,0.1975354887550857,0.8712435658835597,0.002990242882851004,0.2077104880325584,0.8526765189476045,0.0035978571972862766,7630183.0,8757807.0,377101140.0,74490858.0,7852501.0,9209238.0,377095845.0,78326762.0
19.7,mcf,mcf-attacker,2,0.19808475933177566,19463.1,0.003058803060511839,7622237.0,8775747.0,74700053.0,377111562.0,31888343.04,0.19808475933177566,0.86855705844756,0.003058803060511839,0.20792899544762564,0.8509920771559533,0.0036434252993759186,7622237.0,8775747.0,377111562.0,74700053.0,7846832.0,9220805.0,377110243.0,78412154.0
19.8,mcf,mcf-attacker,2,0.19794260096301175,19481.7,0.003054222721200643,7610363.0,8762103.0,74643676.0,377097581.0,31918817.28,0.19794260096301175,0.8685543870004724,0.003054222721200643,0.20738453920186234,0.8540343904919317,0.0035607387967915307,7610363.0,8762103.0,377097581.0,74643676.0,7856557.0,9199345.0,377109380.0,78206655.0
20.1,mcf,mcf-attacker,2,1.0025849852137,12327.9,2.2274594153712436e-05,14279.0,22679.0,378086075.0,377111248.0,20198031.36,1.0025849852137,0.6296132986463248,2.2274594153712436e-05,0.21706283899447015,0.8784999582903901,0.0031014187332889438,14279.0,22679.0,377111248.0,378086075.0,8456510.0,9626079.0,377107737.0,81856076.0
20.2,mcf,mcf-attacker,2,0.5991341871477227,17749.9,0.0017790598765814207,3812538.0,4483458.0,225945801.0,377120528.0,29081436.16,0.5991341871477227,0.8503565774453558,0.0017790598765814207,0.2102553217335618,0.8768689300920746,0.0030449192160680117,3812538.0,4483458.0,377120528.0,225945801.0,8177613.0,9325924.0,377123634.0,79292251.0
20.3,mcf,mcf-attacker,2,0.20110135547457103,19499.2,0.0035457139085920885,7561012.0,8898088.0,75834600.0,377096414.0,31947489.28,0.20110135547457103,0.8497344598075451,0.0035457139085920885,0.20498010420950194,0.8711847944513101,0.003105417319063052,7561012.0,8898088.0,377096414.0,75834600.0,7920076.0,9091155.0,377108414.0,77299722.0
20.4,mcf,mcf-attacker,2,0.2002079933559057,19511.6,0.003409127376429657,7581620.0,8867243.0,75500846.0,377112046.0,31967805.439999998,0.2002079933559057,0.8550143488793529,0.003409127376429657,0.20514771916427355,0.8694148954585216,0.0031507025333254363,7581620.0,8867243.0,377112046.0,75500846.0,7910574.0,9098733.0,377109228.0,77363098.0
20.5,mcf,mcf-attacker,2,0.2004982159686232,19503.800000000003,0.0034511322106887503,7574355.0,8875821.0,75610436.0,377112762.0,31955025.92,0.2004982159686232,0.8533695080150895,0.0034511322106887503,0.20560206102746284,0.8670016054321594,0.0032198774247922993,7574355.0,8875821.0,377112762.0,75610436.0,7915403.0,9129629.0,377103175.0,77533190.0
20.6,mcf,mcf-attacker,2,0.20011696772137033,19494.4,0.003373123000398613,7597383.0,8869384.0,75463890.0,377098908.0,31939624.96,0.20011696772137033,0.8565851923876562,0.003373123000398613,0.2058077218302777,0.8649577133717964,0.0032680715897965345,7597383.0,8869384.0,377098908.0,75463890.0,7893752.0,9126171.0,377108936.0,77611931.0
20.7,mcf,mcf-attacker,2,0.1999579781115469,19504.6,0.0033357482594274994,7600508.0,8858462.0,75406751.0,377112990.0,31956336.64,0.1999579781115469,0.8579940852035037,0.0033357482594274994,0.20582195781606774,0.8645970862623898,0.0032759500911175,7600508.0,8858462.0,377112990.0,75406751.0,7888423.0,9123814.0,377109225.0,77617359.0
20.8,mcf,mcf-attacker,2,0.19988407129992666,19497.5,0.003329972197620714,7588951.0,8844709.0,75377813.0,377107653.0,31944704.0,0.19988407129992666,0.8580215584254949,0.003329972197620714,0.20623402488642453,0.8625074586457253,0.0033343349639204708,7588951.0,8844709.0,377107653.0,75377813.0,7887999.0,9145427.0,377115081.0,77773961.0
20.9,mcf,mcf-attacker,2,0.19918034337710552,19495.7,0.003257935069532711,7602040.0,8830649.0,75113456.0,377112795.0,31941754.880000003,0.19918034337710552,0.8608699088821218,0.003257935069532711,0.2061469239756738,0.8628106794191771,0.003328980463574042,7602040.0,8830649.0,377112795.0,75113456.0,7899219.0,9155217.0,377292091.0,77777604.0
21.0,mcf,mcf-attacker,2,0.19952458415304838,19496.9,0.003289365316555507,7593989.0,8835198.0,75288600.0,377339967.0,31943720.96,0.19952458415304838,0.8595154290826307,0.003289365316555507,0.2063166845964109,0.8620823290583816,0.0033490012913756336,7593989.0,8835198.0,377339967.0,75288600.0,7890243.0,9152540.0,376917442.0,77764357.0
21.1,mcf,mcf-attacker,2,0.19917777634029013,19510.4,0.003245181463437763,7602938.0,8825921.0,75062377.0,376861206.0,31965839.36,0.19917777634029013,0.8614328181727436,0.003245181463437763,0.2064262591629059,0.8611268690421384,0.003375647807955651,7602938.0,8825921.0,376861206.0,75062377.0,7893485.0,9166460.0,377105395.0,77844456.0
21.2,mcf,mcf-attacker,2,0.19923441592844962,19501.9,0.003244441752737749,7605663.0,8829171.0,75133080.0,377108943.0,31951912.96,0.19923441592844962,0.8614243624911104,0.003244441752737749,0.20632454186819738,0.8616540964180279,0.0033592926913875018,7605663.0,8829171.0,377108943.0,75133080.0,7890114.0,9156939.0,377110635.0,77807179.0
21.3,mcf,mcf-attacker,2,0.19938218380586253,19489.100000000002,0.0032649496766290476,7608181.0,8839429.0,75189188.0,377110866.0,31930941.44,0.19938218380586253,0.860709554881882,0.0032649496766290476,0.20654513114710027,0.8601918519118101,0.003398514328626903,7608181.0,8839429.0,377110866.0,75189188.0,7885260.0,9166862.0,377106546.0,77889521.0
21.4,mcf,mcf-attacker,2,0.19890846430645617,19504.9,0.003217385243112117,7597125.0,8810426.0,75009929.0,377107778.0,31956828.16,0.19890846430645617,0.8622880437336401,0.003217385243112117,0.20637124475799218,0.8605480658662,0.0033888032998562905,7597125.0,8810426.0,377107778.0,75009929.0,7886195.0,9164154.0,377112180.0,77825110.0
21.5,mcf,mcf-attacker,2,0.19922055653129608,19487.9,0.0032487144037787767,7606863.0,8832001.0,75129003.0,377114713.0,31928975.36,0.19922055653129608,0.8612842095466249,0.0032487144037787767,0.20641817426117895,0.8604223155245767,0.003389266854477684,7606863.0,8832001.0,377114713.0,75129003.0,7878962.0,9157087.0,377109580.0,77842271.0
21.6,mcf,mcf-attacker,2,0.1992238343027436,19496.5,0.003230983079530627,7613283.0,8831723.0,75129545.0,377111229.0,31943065.6,0.1992238343027436,0.8620382455382716,0.003230983079530627,0.20669453629075552,0.8596656489812268,0.0034152356029914055,7613283.0,8831723.0,377111229.0,75129545.0,7889462.0,9177361.0,377103998.0,77945336.0
21.7,mcf,mcf-attacker,2,0.1991630686923346,19479.5,0.003225387350164193,7598460.0,8814769.0,75105346.0,377104784.0,31915212.799999997,0.1991630686923346,0.8620146483702522,0.003225387350164193,0.20646058785180263,0.8599703913666839,0.0034029184603684547,7598460.0,8814769.0,377104784.0,75105346.0,7880957.0,9164219.0,377106303.0,77857589.0
21.8,mcf,mcf-attacker,2,0.1991522463178261,19507.7,0.0032234299128877804,7609949.0,8825523.0,75101460.0,377105764.0,31961415.68,0.1991522463178261,0.8622660662716533,0.0032234299128877804,0.2067551562926463,0.8599382305983535,0.0034070716476763134,7609949.0,8825523.0,377105764.0,75101460.0,7888621.0,9173474.0,377113584.0,77970178.0
21.9,mcf,mcf-attacker,2,0.19891834317727825,19502.1,0.0032050264693164986,7602844.0,8811485.0,75013691.0,377107962.0,31952240.64,0.19891834317727825,0.8628334497533616,0.0032050264693164986,0.20669025348875922,0.8597354553512525,0.0034132703281741783,7602844.0,8811485.0,377107962.0,75013691.0,7889512.0,9176674.0,377105203.0,77943970.0
22.1,mcf,mcf-attacker,2,0.19907180821636314,19501.8,0.003221260765487674,7615128.0,8829890.0,75071497.0,377107626.0,31951749.119999997,0.19907180821636314,0.862426145739075,0.003221260765487674,0.2066755010979096,0.8596200009574511,0.003413645700976756,7615128.0,8829890.0,377107626.0,75071497.0,7882871.0,9170181.0,377107091.0,77938797.0
22.2,mcf,mcf-attacker,2,0.1989044626426485,19503.800000000003,0.003206703301627417,7604024.0,8813296.0,75008373.0,377107542.0,31955025.92,0.1989044626426485,0.8627900390500898,0.003206703301627417,0.2066183538746071,0.8598479153859128,0.0034090192692972075,7604024.0,8813296.0,377107542.0,75008373.0,7887090.0,9172657.0,377107578.0,77917347.0
22.3,mcf,mcf-attacker,2,0.1990117664162071,19486.5,0.003211414689596411,7610848.0,8821919.0,75050220.0,377114486.0,31926681.6,0.1990117664162071,0.8627202312784781,0.003211414689596411,0.20672970721325268,0.859543290154449,0.00341590973412215,7610848.0,8821919.0,377114486.0,75050220.0,7883199.0,9171381.0,377112424.0,77960341.0
22.4,mcf,mcf-attacker,2,0.1990529205780994,19498.899999999998,0.0032201981678850987,7605371.0,8819730.0,75064233.0,377106916.0,31946997.759999998,0.1990529205780994,0.8623133587989655,0.0032201981678850987,0.2066234252066854,0.8590750190196332,0.003425148717955681,7605371.0,8819730.0,377106916.0,75064233.0,7873877.0,9165529.0,377108297.0,77919408.0
22.5,mcf,mcf-attacker,2,0.19888590754798652,19495.0,0.003198585473516445,7610420.0,8816642.0,75002078.0,377111073.0,31940608.0,0.19888590754798652,0.8631880482387739,0.003198585473516445,0.20662984526254738,0.8596633698400686,0.0034116792320347507,7610420.0,8816642.0,377111073.0,75002078.0,7881227.0,9167806.0,377110189.0,77922220.0
22.6,mcf,mcf-attacker,2,0.19905638874608347,19489.6,0.0032203448542897136,7611658.0,8826063.0,75064965.0,377104023.0,31931760.64,0.19905638874608347,0.8624069418040637,0.0032203448542897136,0.20680057502277338,0.8591746495698062,0.0034274709556643005,7611658.0,8826063.0,377104023.0,75064965.0,7887164.0,9179931.0,377178105.0,78000649.0
22.7,mcf,mcf-attacker,2,0.19908122515422488,19488.4,0.003208598606299726,7607336.0,8817323.0,75075048.0,377107625.0,31929794.560000002,0.19908122515422488,0.8627716144684731,0.003208598606299726,0.2066003657439601,0.8590297087183696,0.0034261917302356947,7607336.0,8817323.0,377107625.0,75075048.0,7871839.0,9163640.0,377036985.0,77895979.0
22.8,mcf,mcf-attacker,2,0.1991108758338688,19504.0,0.003204948232914977,7600570.0,8809175.0,75085893.0,377105935.0,31955353.6,0.1991108758338688,0.8628015676836934,0.003204948232914977,0.2067221499666898,0.8592945466237353,0.003421039136116312,7600570.0,8809175.0,377105935.0,75085893.0,7878650.0,9168742.0,377105303.0,77956019.0
22.9,mcf,mcf-attacker,2,0.19889775936197637,19496.8,0.003206590395790931,7609250.0,8818481.0,75005943.0,377108034.0,31943557.12,0.19889775936197637,0.8628753636822487,0.003206590395790931,0.20672092684038426,0.859258846564047,0.0034230662337762416,7609250.0,8818481.0,377108034.0,75005943.0,7881007.0,9171866.0,377106054.0,77955713.0
23.0,mcf,mcf-attacker,2,0.19899848391758734,19487.1,0.0032003765311706864,7612882.0,8819789.0,75045127.0,377114064.0,31927664.64,0.19899848391758734,0.8631591980261659,0.0032003765311706864,0.2065574209458156,0.8592432448252526,0.0034178182798127745,7612882.0,8819789.0,377114064.0,75045127.0,7868105.0,9157017.0,377115427.0,77895990.0
23.1,mcf,mcf-attacker,2,0.1988689022065081,19502.199999999997,0.003208662830912306,7604850.0,8814851.0,74994346.0,377104440.0,31952404.479999997,0.1988689022065081,0.8627315424843823,0.003208662830912306,0.20666134114824222,0.8592807848994622,0.0034241767841024597,7604850.0,8814851.0,377104440.0,74994346.0,7885026.0,9176309.0,377107574.0,77933557.0
23.3,mcf,mcf-attacker,2,0.1991460646415681,19500.1,0.003217716715219538,7614644.0,8828069.0,75099468.0,377107467.0,31948963.84,0.1991460646415681,0.8625492165953845,0.003217716715219538,0.2067440102468694,0.8591154437184719,0.003427690388262258,7614644.0,8828069.0,377107467.0,75099468.0,7882361.0,9174973.0,377108739.0,77964973.0
23.4,mcf,mcf-attacker,2,0.1988610022256115,19496.300000000003,0.0032005572230657227,7607428.0,8814381.0,74991905.0,377107146.0,31942737.92,0.1988610022256115,0.8630700215931215,0.0032005572230657227,0.20666838513787178,0.8593793342277289,0.0034198773814303595,7607428.0,8814381.0,377107146.0,74991905.0,7881526.0,9171184.0,377106503.0,77935992.0
23.5,mcf,mcf-attacker,2,0.2031118721765776,19503.6,0.0032411682374534007,7783591.0,9005862.0,76595145.0,377108163.0,31954698.24,0.2031118721765776,0.8642805097391011,0.0032411682374534007,0.55456504428078,0.8541725157880752,0.002508875639182552,7783591.0,9005862.0,377108163.0,76595145.0,5394143.0,6315051.0,367060043.0,203558669.0
23.6,mcf,mcf-attacker,2,0.2105268316164902,14930.599999999999,0.0029933064946526915,8203960.0,9332782.0,79392912.0,377115408.0,24462295.04,0.2105268316164902,0.8790476408856438,0.0029933064946526915,1.002266402056816,0.5992026361824173,2.612554985140351e-05,8203960.0,9332782.0,377115408.0,79392912.0,14729.0,24581.0,377102111.0,377956776.0
23.7,mcf,mcf-attacker,2,0.2045696732686339,11975.8,0.002945375699505978,7958107.0,9068831.0,77144809.0,377107749.0,19621150.72,0.2045696732686339,0.8775229133721866,0.002945375699505978,0.6262488155229574,0.8492350153239905,0.0017770327732028759,7958107.0,9068831.0,377107749.0,77144809.0,3774842.0,4444991.0,377116849.0,236168980.0
23.8,mcf,mcf-attacker,2,0.19749640367727744,17276.100000000002,0.002945476852838758,7639986.0,8750739.0,74476811.0,377104644.0,28305162.240000002,0.19749640367727744,0.8730675203545666,0.002945476852838758,0.20860530077100772,0.8496558741038157,0.003681729612003791,7639986.0,8750739.0,377104644.0,74476811.0,7846442.0,9234847.0,377106726.0,78666462.0
23.9,mcf,mcf-attacker,2,0.19775258086643133,19502.5,0.002999035406001627,7632390.0,8763353.0,74574262.0,377108919.0,31952896.0,0.19775258086643133,0.8709440324953246,0.002999035406001627,0.20785979210951094,0.8530688292703059,0.003587472835080798,7632390.0,8763353.0,377108919.0,74574262.0,7854563.0,9207420.0,377105852.0,78385144.0
24.0,mcf,mcf-attacker,2,0.1981722984912507,19505.2,0.0030660219991744866,7622198.0,8778421.0,74732461.0,377108514.0,31957319.68,0.1981722984912507,0.868288044057126,0.0030660219991744866,0.20778973735771758,0.8534107301308261,0.0035847952974460014,7622198.0,8778421.0,377108514.0,74732461.0,7870228.0,9222087.0,377109120.0,78359405.0
24.2,mcf,mcf-attacker,2,0.19815737877250403,19503.800000000003,0.0030775764254567643,7622028.0,8782600.0,74726302.0,377105826.0,31955025.92,0.19815737877250403,0.8678555325302302,0.0030775764254567643,0.20767790707954265,0.8540065289774253,0.0035666167157444124,7622028.0,8782600.0,377105826.0,74726302.0,7867770.0,9212775.0,377109487.0,78317309.0
24.3,mcf,mcf-attacker,2,0.1982687547437176,19494.6,0.0031096571491733747,7612522.0,8785219.0,74770035.0,377114564.0,31939952.64,0.1982687547437176,0.8665147675886054,0.0031096571491733747,0.20722543440125019,0.8569029157555565,0.0034887319263916168,7612522.0,8785219.0,377114564.0,74770035.0,7878290.0,9193912.0,377106074.0,78145970.0
24.4,mcf,mcf-attacker,2,0.19857258989757462,19478.2,0.0031459434556320213,7616641.0,8802983.0,74882148.0,377102137.0,31913082.880000003,0.19857258989757462,0.8652340916709711,0.0031459434556320213,0.207189999439943,0.8556368833427098,0.003520719244703748,7616641.0,8802983.0,377102137.0,74882148.0,7869123.0,9196802.0,377104480.0,78132277.0
24.5,mcf,mcf-attacker,2,1.0533744444961455,12348.4,0.0003354677594935401,712880.0,839278.0,396891860.0,376781364.0,20231618.56,1.0533744444961455,0.8493967433913435,0.0003354677594935401,0.21716108882916477,0.8733089338922404,0.0032352936910817727,712880.0,839278.0,376781364.0,396891860.0,8334326.0,9543388.0,373710122.0,81155297.0
24.6,mcf,mcf-attacker,2,0.9177173581282378,12905.1,0.00039442133317651215,815986.0,964719.0,346063573.0,377091672.0,21143715.84,0.9177173581282378,0.8458276451484836,0.00039442133317651215,0.21573873647652744,0.8784767918173969,0.003084469601142744,815986.0,964719.0,377091672.0,346063573.0,8407333.0,9570353.0,377056723.0,81345741.0
24.7,mcf,mcf-attacker,2,0.20101579864478275,19487.5,0.003536553551056138,7556303.0,8889919.0,75802015.0,377094813.0,31928320.0,0.20101579864478275,0.849985584795542,0.003536553551056138,0.20457358466356823,0.8730629270756401,0.003056555444620108,7556303.0,8889919.0,377094813.0,75802015.0,7927469.0,9080066.0,377090166.0,77142687.0
24.8,mcf,mcf-attacker,2,0.2008587428558858,19481.399999999998,0.0035007854669388866,7551501.0,8871707.0,75747263.0,377117082.0,31918325.759999998,0.2008587428558858,0.8511891792639229,0.0035007854669388866,0.20507182330163856,0.8694301580667613,0.0031504802236032316,7551501.0,8871707.0,377117082.0,75747263.0,7911278.0,9099383.0,377118698.0,77336419.0
24.9,mcf,mcf-attacker,2,0.19991240428028695,19502.4,0.0033720963114630634,7579610.0,8851245.0,75388004.0,377105184.0,31952732.16,0.19991240428028695,0.8563326402105015,0.0033720963114630634,0.20530277645529363,0.8679540344181865,0.003188910798994805,7579610.0,8851245.0,377105184.0,75388004.0,7904598.0,9107162.0,377108071.0,77421334.0
25.0,mcf,mcf-attacker,2,0.20002748110463242,19497.2,0.0034022246075384737,7581077.0,8864090.0,75432368.0,377110023.0,31944212.48,0.20002748110463242,0.8552572232457026,0.0034022246075384737,0.20582249293654137,0.8649806292210557,0.003270363771636385,7581077.0,8864090.0,377110023.0,75432368.0,7900836.0,9134119.0,377108813.0,77617476.0
25.1,mcf,mcf-attacker,2,0.19953117080742497,19485.1,0.0033187061141195066,7589017.0,8840550.0,75246146.0,377114742.0,31924387.84,0.19953117080742497,0.858432676699979,0.0033187061141195066,0.20598008890059863,0.8637574816956011,0.003300719511907967,7589017.0,8840550.0,377114742.0,75246146.0,7891690.0,9136465.0,377122320.0,77679689.0
25.2,mcf,mcf-attacker,2,0.19926037067920443,19498.0,0.0032818438080214987,7588786.0,8826371.0,75141189.0,377100518.0,31945523.2,0.19926037067920443,0.8597855222718375,0.0032818438080214987,0.20583333440292365,0.8639380153166447,0.0032961449338487743,7588786.0,8826371.0,377100518.0,75141189.0,7892212.0,9135160.0,377091428.0,77617986.0
25.3,mcf,mcf-attacker,2,0.19937030345898157,19484.8,0.003294122069552392,7595105.0,8837350.0,75184452.0,377109583.0,31923896.32,0.19937030345898157,0.8594324090366456,0.003294122069552392,0.20635944008176613,0.8611949026846307,0.0033742226732186337,7595105.0,8837350.0,377109583.0,75184452.0,7894795.0,9167257.0,377112634.0,77820752.0
25.4,mcf,mcf-attacker,2,0.19894322313641938,19479.7,0.003232323161609341,7591102.0,8810032.0,75022778.0,377106477.0,31915540.48,0.19894322313641938,0.8616429543048197,0.003232323161609341,0.20619957460270774,0.8616755613316809,0.0033580591336247745,7591102.0,8810032.0,377106477.0,75022778.0,7888576.0,9154926.0,377107713.0,77759450.0
25.5,mcf,mcf-attacker,2,0.19923185009821734,19482.3,0.003271305469407033,7598032.0,8831691.0,75133358.0,377115195.0,31919800.32,0.19923185009821734,0.8603145196089854,0.003271305469407033,0.2064393220666646,0.8606361929444092,0.0033874933251834952,7598032.0,8831691.0,377115195.0,75133358.0,7888964.0,9166433.0,377113363.0,77851027.0
25.6,mcf,mcf-attacker,2,0.19895973823786484,19483.5,0.0032305798637122817,7599139.0,8817422.0,75029647.0,377109699.0,31921766.4,0.19895973823786484,0.8618322906627357,0.0032305798637122817,0.2064904294775317,0.859778845518808,0.0034061682228631643,7599139.0,8817422.0,377109699.0,75029647.0,7876060.0,9160565.0,377111439.0,77869903.0
25.7,mcf,mcf-attacker,2,0.19902483207152374,19468.800000000003,0.003233910033473458,7596752.0,8816270.0,75052912.0,377103255.0,31897681.92,0.19902483207152374,0.8616741547162236,0.003233910033473458,0.20642462802521186,0.8600945612416553,0.003393252997175172,7596752.0,8816270.0,377103255.0,75052912.0,7866633.0,9146242.0,377103918.0,77843536.0
25.8,mcf,mcf-attacker,2,0.19899190296151933,19482.1,0.0032334168839865895,7600264.0,8819599.0,75040677.0,377104173.0,31919472.64,0.19899190296151933,0.8617471157135376,0.0032334168839865895,0.2066313938104652,0.8595067571340816,0.003415802969147887,7600264.0,8819599.0,377104173.0,75040677.0,7880288.0,9168384.0,377099034.0,77920499.0
25.9,mcf,mcf-attacker,2,0.19894642458453196,19475.9,0.003211468422256746,7601276.0,8812354.0,75024757.0,377110356.0,31909314.560000002,0.19894642458453196,0.8625704323725534,0.003211468422256746,0.2065551478101807,0.8596840454703979,0.00341296482148486,7601276.0,8812354.0,377110356.0,75024757.0,7885580.0,9172649.0,377111710.0,77894365.0
26.0,mcf,mcf-attacker,2,0.19879858640077716,19495.5,0.0032228390405255095,7593143.0,8808506.0,74968822.0,377109432.0,31941427.2,0.19879858640077716,0.8620239345923134,0.0032228390405255095,0.2065573628690166,0.8598533081166658,0.0034065119458564414,7593143.0,8808506.0,377109432.0,74968822.0,7881780.0,9166424.0,377114192.0,77895713.0
26.1,mcf,mcf-attacker,2,0.19879876128289967,19473.0,0.0032106311919672874,7599607.0,8810379.0,74969674.0,377113386.0,31904563.2,0.19879876128289967,0.862574356903375,0.0032106311919672874,0.2066033744039498,0.8592991527016602,0.003422205757932824,7599607.0,8810379.0,377113386.0,74969674.0,7881674.0,9172212.0,377107074.0,77911594.0
26.3,mcf,mcf-attacker,2,0.19884159233576543,19476.9,0.003210574762090959,7602347.0,8813076.0,74984481.0,377106621.0,31910952.96,0.19884159233576543,0.8626212913629702,0.003210574762090959,0.20652388930887258,0.8596318438480003,0.003410061943496144,7602347.0,8813076.0,377106621.0,74984481.0,7875371.0,9161330.0,377107226.0,77881651.0
26.4,mcf,mcf-attacker,2,0.19896208665542903,19480.899999999998,0.003222743408585332,7604620.0,8819941.0,75030113.0,377107590.0,31917506.56,0.19896208665542903,0.8622075816606937,0.003222743408585332,0.20673720836785386,0.8589751380577688,0.0034338974118424755,7604620.0,8819941.0,377107590.0,75030113.0,7887443.0,9182388.0,377106490.0,77961943.0
26.5,mcf,mcf-attacker,2,0.19875321775297014,19476.9,0.003199660797653689,7591485.0,8798111.0,74951945.0,377110599.0,31910952.96,0.19875321775297014,0.8628539694486691,0.003199660797653689,0.20654329781668157,0.8592769415357766,0.003421136916368214,7591485.0,8798111.0,377110599.0,74951945.0,7877851.0,9168000.0,377111186.0,77889788.0
26.6,mcf,mcf-attacker,2,0.19895796280919334,19479.0,0.003214836889187673,7590615.0,8802933.0,75027234.0,377100936.0,31914393.6,0.19895796280919334,0.8622824915286758,0.003214836889187673,0.2067310544244239,0.8590898293753028,0.0034277151254203343,7590615.0,8802933.0,377100936.0,75027234.0,7880681.0,9173291.0,377105434.0,77959404.0
26.7,mcf,mcf-attacker,2,0.19883222595508482,19476.4,0.0032097357227207322,7597880.0,8808295.0,74981098.0,377107371.0,31910133.76,0.19883222595508482,0.8625823726385186,0.0032097357227207322,0.206667665916296,0.8590032378996227,0.003430283273268438,7597880.0,8808295.0,377107371.0,74981098.0,7880896.0,9174466.0,377102967.0,77934990.0
26.8,mcf,mcf-attacker,2,0.19889225187273962,19480.6,0.003210653226837383,7602816.0,8813584.0,75004168.0,377109552.0,31917015.04,0.19889225187273962,0.862624784650603,0.003210653226837383,0.2067649248638159,0.8588691294941327,0.0034346761449783403,7602816.0,8813584.0,377109552.0,75004168.0,7882481.0,9177744.0,377113575.0,77973860.0
26.9,mcf,mcf-attacker,2,0.19880871432667638,19485.8,0.0032027829078739695,7604607.0,8812414.0,74973098.0,377111729.0,31925534.72,0.19880871432667638,0.8629425489996271,0.0032027829078739695,0.20655944405769575,0.8592183619769098,0.0034211591372647968,7604607.0,8812414.0,377111729.0,74973098.0,7874085.0,9164242.0,377111075.0,77895854.0
27.0,mcf,mcf-attacker,2,0.19880743342615467,19492.5,0.0032038624657514015,7608560.0,8816738.0,74970374.0,377100457.0,31936512.0,0.19880743342615467,0.8629676871423422,0.0032038624657514015,0.20668478030089757,0.8591054447874077,0.003427632950370937,7608560.0,8816738.0,377100457.0,74970374.0,7881405.0,9173967.0,377100471.0,77940928.0
27.1,mcf,mcf-attacker,2,0.19882948368985343,19468.699999999997,0.003208780248810136,7602735.0,8812831.0,74982624.0,377120247.0,31897518.08,0.19882948368985343,0.8626892992728443,0.003208780248810136,0.2066142738895875,0.85888779373931,0.003428050696378357,7602735.0,8812831.0,377120247.0,74982624.0,7868795.0,9161610.0,377128320.0,77920094.0
27.2,mcf,mcf-attacker,2,0.1987008980992832,19502.8,0.003197893244032468,7600737.0,8806677.0,74931007.0,377104521.0,31953387.52,0.1987008980992832,0.8630652628681624,0.003197893244032468,0.20661824489991765,0.8591781212173697,0.0034238968334412475,7600737.0,8806677.0,377104521.0,74931007.0,7877421.0,9168554.0,377094598.0,77914624.0
27.3,mcf,mcf-attacker,2,0.19879783342814844,19476.399999999998,0.003201589861182369,7603062.0,8810406.0,74968182.0,377107641.0,31910133.759999998,0.19879783342814844,0.8629638634133319,0.003201589861182369,0.20669158391635784,0.8594253075301206,0.003421506798644305,7603062.0,8810406.0,377107641.0,74968182.0,7888542.0,9178857.0,377118935.0,77947310.0
27.4,mcf,mcf-attacker,2,0.19883574760145253,19483.399999999998,0.003211921500249252,7606617.0,8817847.0,74981852.0,377104484.0,31921602.56,0.19883574760145253,0.8626388051414364,0.003211921500249252,0.20668535774709265,0.8585659447088827,0.003439598366381177,7606617.0,8817847.0,377104484.0,74981852.0,7873740.0,9170804.0,377097516.0,77940535.0
27.5,mcf,mcf-attacker,2,0.19878093842417147,19481.8,0.0031980266115902148,7595407.0,8801414.0,74962229.0,377109745.0,31918981.12,0.19878093842417147,0.8629757673028448,0.0031980266115902148,0.20665981651095108,0.8592549344131638,0.003423134111126877,7595407.0,8801414.0,377109745.0,74962229.0,7880923.0,9171810.0,377106756.0,77932813.0
27.6,mcf,mcf-attacker,2,0.1989302579943817,19484.100000000002,0.003212385316706062,7605969.0,8817388.0,75018365.0,377108871.0,31922749.44,0.1989302579943817,0.8626102197158614,0.003212385316706062,0.20669372450814497,0.8590124041935706,0.00343281685308902,7605969.0,8817388.0,377108871.0,75018365.0,7887500.0,9182056.0,377111875.0,77946658.0
27.7,mcf,mcf-attacker,2,0.1988979068092344,19467.9,0.0032067716015493834,7602768.0,8812072.0,75006288.0,377109489.0,31896207.36,0.1988979068092344,0.8627673491546597,0.0032067716015493834,0.20665582154765053,0.8585683169225324,0.0034333127338599936,7602768.0,8812072.0,377109489.0,75006288.0,7859798.0,9154540.0,377111583.0,77932304.0
27.8,mcf,mcf-attacker,2,0.20371045166028154,16225.4,0.0032302480660240805,7801955.0,9020114.0,76821258.0,377110047.0,26583695.36,0.20371045166028154,0.8649508199120322,0.0032302480660240805,0.5830496688442531,0.8532341949623454,0.0024062695542787535,7801955.0,9020114.0,377110047.0,76821258.0,5135440.0,6018793.0,367104757.0,214040307.0
27.9,mcf,mcf-attacker,2,0.21029172576994637,11951.900000000001,0.0029841919184494495,8192334.0,9317731.0,79305113.0,377119512.0,19581992.96,0.21029172576994637,0.879219844402033,0.0029841919184494495,1.0032531468527093,0.640262549414485,2.5575766760015915e-05,8192334.0,9317731.0,377119512.0,79305113.0,17168.0,26814.0,377153893.0,378380830.0
28.0,mcf,mcf-attacker,2,0.20354858044474053,15963.099999999999,0.0029311890082907477,7911550.0,9017519.0,76801059.0,377310708.0,26153943.04,0.20354858044474053,0.8773532941821359,0.0029311890082907477,0.5983441172451018,0.8504445939664232,0.0018829418190404225,7911550.0,9017519.0,377310708.0,76801059.0,4039571.0,4749952.0,377271880.0,225738410.0
28.1,mcf,mcf-attacker,2,0.19728575989788816,19503.899999999998,0.00295679391472572,7620537.0,8734873.0,74351690.0,376873070.0,31955189.759999998,0.19728575989788816,0.8724267656782188,0.00295679391472572,0.20936432092058543,0.8480814707988098,0.003734432046936302,7620537.0,8734873.0,376873070.0,74351690.0,7857111.0,9264571.0,376887297.0,78906753.0
28.2,mcf,mcf-attacker,2,0.19737622325038953,19533.2,0.002982254297003613,7624932.0,8749581.0,74433281.0,377113716.0,32003194.88,0.19737622325038953,0.8714625306057513,0.002982254297003613,0.20859440744028387,0.8523039407189745,0.00362118986775293,7624932.0,8749581.0,377113716.0,74433281.0,7880167.0,9245724.0,377101740.0,78661314.0
28.5,mcf,mcf-attacker,2,0.19787473233296823,19524.7,0.003067905250768552,7612754.0,8769687.0,74620234.0,377108452.0,31989268.48,0.19787473233296823,0.8680759073841517,0.003067905250768552,0.2082681685804734,0.8528467324621285,0.003604026514153359,7612754.0,8769687.0,377108452.0,74620234.0,7876976.0,9236098.0,377112098.0,78540446.0
28.6,mcf,mcf-attacker,2,0.1980766929480161,19515.1,0.003090913935369026,7612726.0,8778350.0,74697307.0,377113056.0,31973539.84,0.1980766929480161,0.8672160485740487,0.003090913935369026,0.20806286055810724,0.8559354724481032,0.0035255928762914753,7612726.0,8778350.0,377113056.0,74697307.0,7899259.0,9228802.0,377111892.0,78462979.0
28.7,mcf,mcf-attacker,2,0.1983539682028022,19509.4,0.003130681595013395,7607114.0,8787726.0,74801307.0,377110212.0,31964200.96,0.1983539682028022,0.8656521607523949,0.003130681595013395,0.20805925846680445,0.8557133926956024,0.00353160860141476,7607114.0,8787726.0,377110212.0,74801307.0,7898517.0,9230330.0,377112288.0,78461703.0
28.8,mcf,mcf-attacker,2,0.19835772253633435,19513.5,0.0031242164217781163,7611268.0,8789448.0,74803109.0,377112159.0,31970918.4,0.19835772253633435,0.8659551771624339,0.0031242164217781163,0.20809369280221104,0.8553146909186572,0.00353801003906759,7611268.0,8789448.0,377112159.0,74803109.0,7887482.0,9221731.0,377118489.0,78475979.0
28.9,mcf,mcf-attacker,2,0.6933248757083519,17778.0,0.0017236121208227316,4066845.0,4709081.0,258340139.0,372610515.0,29127475.200000003,0.6933248757083519,0.8636175508554641,0.0017236121208227316,0.21344645327610468,0.8628892956645197,0.0034426626990362924,4066845.0,4709081.0,372610515.0,258340139.0,8248049.0,9558641.0,380691376.0,81257224.0
29.0,mcf,mcf-attacker,2,1.002565607719021,12343.699999999999,2.210185495737633e-05,16453.0,24788.0,378085204.0,377117668.0,20223918.08,1.002565607719021,0.6637485880264644,2.210185495737633e-05,0.21796666343411245,0.8783734350790849,0.003114087038594574,16453.0,24788.0,377117668.0,378085204.0,8481082.0,9655440.0,377111489.0,82197733.0
29.1,mcf,mcf-attacker,2,0.48224216525120844,15083.500000000002,0.0022754112876160896,4913914.0,5771988.0,181856997.0,377107209.0,24712806.400000002,0.48224216525120844,0.8513382217703849,0.0022754112876160896,0.20967940375234081,0.8759299409249144,0.003056389083723577,4913914.0,5771988.0,377107209.0,181856997.0,8137129.0,9289703.0,377103166.0,79070767.0
29.2,mcf,mcf-attacker,2,0.20130510512828298,19550.4,0.0035581180329328286,7572018.0,8913809.0,75913552.0,377106939.0,32031375.36,0.20130510512828298,0.8494705237682342,0.0035581180329328286,0.20567616242697276,0.8710152076698885,0.0031209010181332654,7572018.0,8913809.0,377106939.0,75913552.0,7947499.0,9124409.0,377105840.0,77561682.0
29.3,mcf,mcf-attacker,2,0.2006099525380035,19564.5,0.003443432376658752,7590452.0,8888998.0,75651624.0,377108030.0,32054476.8,0.2006099525380035,0.8539153681888555,0.003443432376658752,0.20598895851220772,0.8687500321333703,0.0031816384026653274,7590452.0,8888998.0,377108030.0,75651624.0,7941754.0,9141587.0,377111679.0,77680842.0
29.4,mcf,mcf-attacker,2,0.20019184734615114,19540.4,0.0033890312253948333,7592511.0,8870560.0,75495023.0,377113374.0,32014991.36,0.20019184734615114,0.8559223994877437,0.0033890312253948333,0.2063568760791633,0.8673348520456278,0.0032227441656639782,7592511.0,8870560.0,377113374.0,75495023.0,7945508.0,9160831.0,377108122.0,77818854.0
29.5,mcf,mcf-attacker,2,0.2003273790936282,19564.6,0.0033960924485194987,7596419.0,8877116.0,75545256.0,377108992.0,32054640.64,0.2003273790936282,0.8557305097736697,0.0033960924485194987,0.2067182520454458,0.8645330953566731,0.003292664794927994,7596419.0,8877116.0,377108992.0,75545256.0,7924453.0,9166165.0,377114610.0,77956473.0
29.6,mcf,mcf-attacker,2,0.19976982850552238,19538.600000000002,0.0033030831666671246,7608064.0,8853670.0,75334009.0,377104038.0,32012042.240000002,0.19976982850552238,0.859311901166409,0.0033030831666671246,0.20686433652541367,0.8642449076166452,0.003301664666415559,7608064.0,8853670.0,377104038.0,75334009.0,7926245.0,9171295.0,377097654.0,78008056.0
29.7,mcf,mcf-attacker,2,0.2000607881225351,19550.9,0.0033384463961069386,7604394.0,8863377.0,75446211.0,377116434.0,32032194.560000002,0.2000607881225351,0.8579567359032567,0.0033384463961069386,0.20696523875809086,0.8628881606028562,0.003339523715636872,7604394.0,8863377.0,377116434.0,75446211.0,7925922.0,9185341.0,377125335.0,78051835.0
29.8,mcf,mcf-attacker,2,0.1996439475768527,19534.2,0.003288389177131981,7610854.0,8850904.0,75285638.0,377099526.0,32004833.28,0.1996439475768527,0.8598956671544511,0.003288389177131981,0.20731736322486913,0.8615783773904899,0.0033742903640464187,7610854.0,8850904.0,377099526.0,75285638.0,7919986.0,9192415.0,377095289.0,78178401.0
29.9,mcf,mcf-attacker,2,0.1994760569651033,19560.6,0.0032569035565303576,7615434.0,8843629.0,75223442.0,377105118.0,32048087.04,0.1994760569651033,0.8611209267145874,0.0032569035565303576,0.2069972769328571,0.8620983945636659,0.0033584970322835988,7615434.0,8843629.0,377105118.0,75223442.0,7917497.0,9183983.0,377099038.0,78058474.0
30.0,mcf,mcf-attacker,2,0.19945844414751948,19530.2,0.0032778222832881023,7610498.0,8846575.0,75216401.0,377103117.0,31998279.68,0.19945844414751948,0.8602762085891997,0.0032778222832881023,0.20723024277947205,0.8607181783735987,0.0033948052972738434,7610498.0,8846575.0,377103117.0,75216401.0,8134595.0,9450939.0,387752429.0,80354030.0
30.1,mcf,mcf-attacker,2,0.19925108547508416,19557.2,0.0032268414069719985,7613629.0,8830518.0,75140493.0,377114598.0,32042516.48,0.19925108547508416,0.8621950603577276,0.0032268414069719985,0.20732871989172058,0.8607525351645365,0.003395447586698153,7613629.0,8830518.0,377114598.0,75140493.0,7915099.0,9195557.0,377110224.0,78185780.0
30.2,mcf,mcf-attacker,2,0.1992449824191506,19545.0,0.0032478434049788545,7607150.0,8831937.0,75136832.0,377107775.0,32022528.0,0.1992449824191506,0.8613229464838801,0.0032478434049788545,0.2073106083781941,0.8609136221401608,0.00339244840021927,7607150.0,8831937.0,377107775.0,75136832.0,7918668.0,9197982.0,377106399.0,78178157.0
30.5,mcf,mcf-attacker,2,0.1991326085638427,19546.199999999997,0.0032219078169907246,7614972.0,8829982.0,75094672.0,377108865.0,32024494.08,0.1991326085638427,0.862399493000099,0.0032219078169907246,0.20732286112624396,0.8602259965738858,0.003409674302252064,7614972.0,8829982.0,377108865.0,75094672.0,7913514.0,9199343.0,377111972.0,78183933.0
30.6,mcf,mcf-attacker,2,0.19912746471778459,19530.7,0.003226058181132077,7610133.0,8826703.0,75092415.0,377107272.0,31999098.88,0.19912746471778459,0.8621716398523889,0.003226058181132077,0.2072596134229519,0.8599827991531723,0.003410966934468327,7610133.0,8826703.0,377107272.0,75092415.0,7900453.0,9186757.0,377108317.0,78159324.0
30.7,mcf,mcf-attacker,2,0.19912601978064096,19540.3,0.003210716870288188,7616312.0,8827100.0,75092076.0,377108306.0,32014827.52,0.19912601978064096,0.8628328669665009,0.003210716870288188,0.20750882351961597,0.8595015473778337,0.0034294217817496552,7616312.0,8827100.0,377108306.0,75092076.0,7911649.0,9204927.0,377112552.0,78254182.0
30.8,mcf,mcf-attacker,2,0.1993541685557175,19532.4,0.003226433859126818,7614202.0,8830914.0,75177927.0,377107374.0,32001884.16,0.1993541685557175,0.8622212830970837,0.003226433859126818,0.20743248963388472,0.8595709451521749,0.003426601245253094,7614202.0,8830914.0,377107374.0,75177927.0,7909526.0,9201714.0,377104865.0,78223801.0
30.9,mcf,mcf-attacker,2,0.1990919010489853,19547.3,0.003214212960843995,7619582.0,8831679.0,75078627.0,377105380.0,32026296.32,0.1990919010489853,0.8627557681840565,0.003214212960843995,0.20734060116767838,0.85968798883495,0.0034241490663063532,7619582.0,8831679.0,377105380.0,75078627.0,7911712.0,9203004.0,377113255.0,78190889.0
31.0,mcf,mcf-attacker,2,0.1991234756491677,19531.0,0.0032109813607177373,7602908.0,8813825.0,75092931.0,377117418.0,31999590.4,0.1991234756491677,0.8626116356973278,0.0032109813607177373,0.20734588000166682,0.8593068350101675,0.003427073046525537,7602908.0,8813825.0,377117418.0,75092931.0,7893303.0,9185663.0,377103138.0,78190782.0
31.1,mcf,mcf-attacker,2,0.19901405751601373,19553.2,0.0032113844464188007,7604537.0,8815566.0,75049188.0,377104959.0,32035962.88,0.19901405751601373,0.8626260639418956,0.0032113844464188007,0.20751600651376487,0.8597238093687769,0.003427661430551574,7604537.0,8815566.0,377104959.0,75049188.0,7922054.0,9214650.0,377107257.0,78255792.0
31.2,mcf,mcf-attacker,2,0.19902505836291265,19542.4,0.0032052477618966326,7616482.0,8825226.0,75055148.0,377114061.0,32018268.16,0.19902505836291265,0.8630353488964475,0.0032052477618966326,0.20734562114014995,0.859298758348102,0.003427004863237752,7616482.0,8825226.0,377114061.0,75055148.0,7892678.0,9185022.0,377105972.0,78191272.0
31.3,mcf,mcf-attacker,2,0.19902242039612641,19548.5,0.0032075679717148797,7621188.0,8830782.0,75052603.0,377106272.0,32028262.4,0.19902242039612641,0.8630252677509195,0.0032075679717148797,0.20734956268661855,0.859742719304206,0.003421017960102983,7621188.0,8830782.0,377106272.0,75052603.0,7908021.0,9198125.0,377111145.0,78193831.0
31.4,mcf,mcf-attacker,2,0.19900126225338796,19532.2,0.003204967838308946,7614048.0,8822642.0,75043415.0,377100196.0,32001556.48,0.19900126225338796,0.8630122360172837,0.003204967838308946,0.20743880999354397,0.8594891627326007,0.0034288961263272406,7614048.0,8822642.0,377100196.0,75043415.0,7909651.0,9202735.0,377113786.0,78228035.0
31.5,mcf,mcf-attacker,2,0.19915742172309492,19548.5,0.0032091645031821475,7616906.0,8827119.0,75104564.0,377111550.0,32028262.4,0.19915742172309492,0.8628983023792928,0.0032091645031821475,0.20728926068037598,0.8595680623196716,0.003426658534169619,7616906.0,8827119.0,377111550.0,75104564.0,7913585.0,9206467.0,377301090.0,78210464.0
31.6,mcf,mcf-attacker,2,0.1991706533860704,19534.4,0.003211547448203549,7610239.0,8822033.0,75151872.0,377324022.0,32005160.96,0.1991706533860704,0.8626400513351061,0.003211547448203549,0.20743851306468117,0.8592959820870538,0.0034344742110514618,7610239.0,8822033.0,377324022.0,75151872.0,7905566.0,9200050.0,376908930.0,78185428.0
31.7,mcf,mcf-attacker,2,0.19884528104068616,19526.5,0.0031978517990823743,7602305.0,8807674.0,74950921.0,376930851.0,31992217.6,0.19884528104068616,0.8631455932633292,0.0031978517990823743,0.20706552827050415,0.8597675014348337,0.0034166303039754133,7602305.0,8807674.0,376930851.0,74950921.0,7900591.0,9189218.0,377163136.0,78097484.0
31.8,mcf,mcf-attacker,2,0.19927777179854797,19534.2,0.0032106674077110793,7611653.0,8822431.0,75149840.0,377111001.0,32004833.28,0.19927777179854797,0.8627614089585965,0.0032106674077110793,0.20764167429614155,0.8590674819687241,0.0034385441253894657,7611653.0,8822431.0,377111001.0,75149840.0,7904005.0,9200680.0,377100003.0,78301676.0
31.9,mcf,mcf-attacker,2,0.1990312917913974,19550.9,0.0031988317173280343,7612505.0,8818808.0,75056166.0,377107365.0,32032194.560000002,0.1990312917913974,0.8632124659024213,0.0031988317173280343,0.20757222180600124,0.8593847549645203,0.003434207243349621,7612505.0,8818808.0,377107365.0,75056166.0,7914980.0,9210054.0,377110031.0,78277567.0
32.0,mcf,mcf-attacker,2,0.1990715774531258,19549.9,0.003205534309574738,7612513.0,8821363.0,75072563.0,377113418.0,32030556.16,0.1990715774531258,0.8629633538490594,0.003205534309574738,0.2073663350604562,0.859312664937077,0.003428889519479264,7612513.0,8821363.0,377113418.0,75072563.0,7897947.0,9191005.0,377106930.0,78199282.0
32.1,mcf,mcf-attacker,2,0.20635933426180106,16247.1,0.003186248533606649,7944046.0,9145606.0,77819768.0,377108059.0,26619248.64,0.20635933426180106,0.8686188755561961,0.003186248533606649,0.7718222168653439,0.8513338647819585,0.0015886733291459701,7944046.0,9145606.0,377108059.0,77819768.0,3344792.0,3928884.0,367660229.0,283768333.0
32.2,mcf,mcf-attacker,2,0.21096681709690224,12017.9,0.0029992545313104278,8216845.0,9347879.0,79556650.0,377105040.0,19690127.36,0.21096681709690224,0.8790063499966142,0.0029992545313104278,1.0042643212463596,0.6558203799654577,2.6422281248955032e-05,8216845.0,9347879.0,377105040.0,79556650.0,18986.0,28950.0,377105970.0,378714071.0
32.3,mcf,mcf-attacker,2,0.2012747178469451,16004.8,0.002927442623605331,7821479.0,8925433.0,75901754.0,377105256.0,26222264.32,0.2012747178469451,0.8763136757622851,0.002927442623605331,0.41260468337175465,0.8483684129481199,0.0027652137609728814,7821479.0,8925433.0,377105256.0,75901754.0,5834451.0,6877261.0,377117319.0,155600372.0
32.6,mcf,mcf-attacker,2,0.19769290556415803,19493.699999999997,0.00300945949666464,7627095.0,8762153.0,74562530.0,377163408.0,31938478.08,0.19769290556415803,0.8704590070499796,0.00300945949666464,0.20798274955331347,0.8508274131359195,0.003644262201049972,7627095.0,8762153.0,377163408.0,74562530.0,7839591.0,9214079.0,377164958.0,78443805.0
32.7,mcf,mcf-attacker,2,0.19809423396317233,19501.199999999997,0.003040996870784514,7635990.0,8782914.0,74712024.0,377153956.0,31950766.08,0.19809423396317233,0.8694141830376569,0.003040996870784514,0.20735181564670258,0.8546174832713428,0.0035467411191451243,7635990.0,8782914.0,377153956.0,74712024.0,7863444.0,9201127.0,377158342.0,78204467.0
32.8,mcf,mcf-attacker,2,0.19849727930139832,19490.0,0.0030974927887614592,7619491.0,8787711.0,74863287.0,377150192.0,31932416.0,0.19849727930139832,0.867062082492244,0.0030974927887614592,0.207322225830313,0.8556110032123151,0.0035205138608986257,7619491.0,8787711.0,377150192.0,74863287.0,7868079.0,9195860.0,377155453.0,78192708.0
32.9,mcf,mcf-attacker,2,0.19826282628093386,19511.4,0.003099031336323479,7614975.0,8783822.0,74777853.0,377165273.0,31967477.76,0.19826282628093386,0.8669318435642253,0.003099031336323479,0.2071331020789699,0.8551470183231079,0.003528115022693393,7614975.0,8783822.0,377165273.0,74777853.0,7855844.0,9186542.0,377169676.0,78124325.0
33.0,mcf,mcf-attacker,2,0.19865599877281792,19510.4,0.0031260892512438663,7622607.0,8801490.0,74915385.0,377111114.0,31965839.36,0.19865599877281792,0.8660587014244179,0.0031260892512438663,0.20715925567647664,0.8574822594111227,0.003475078459235831,7622607.0,8801490.0,377111114.0,74915385.0,7884684.0,9195157.0,377106018.0,78121002.0
33.1,mcf,mcf-attacker,2,0.19851793024963543,19493.7,0.003147470864041822,7614157.0,8801263.0,74873394.0,377161871.0,31938478.080000002,0.19851793024963543,0.8651209491183254,0.003147470864041822,0.20655704086224652,0.8579500457497261,0.0034525708759673753,7614157.0,8801263.0,377161871.0,74873394.0,7865058.0,9167268.0,377171113.0,77907349.0
33.2,mcf,mcf-attacker,2,0.19878512612954077,19526.199999999997,0.003155791080253759,7624543.0,8814659.0,74966103.0,377121289.0,31991726.08,0.19878512612954077,0.864984453737802,0.003155791080253759,0.20695997624214205,0.8572145811555804,0.0034749494721785907,7624543.0,8814659.0,377121289.0,74966103.0,7867548.0,9178038.0,377124908.0,78049762.0
33.3,mcf,mcf-attacker,2,0.3257681515360964,15019.0,0.002937565343071094,7056500.0,8165172.0,122948764.0,377411860.0,24607129.6,0.3257681515360964,0.864219394276079,0.002937565343071094,0.20766760187736377,0.8589891263007459,0.0034431715115319185,7056500.0,8165172.0,377411860.0,122948764.0,7911624.0,9210389.0,377200205.0,78332262.0
33.5,mcf,mcf-attacker,2,0.8013414122532168,12312.9,0.000935018366144291,1927548.0,2280156.0,302196623.0,377113448.0,20173455.36,0.8013414122532168,0.8453579491929499,0.000935018366144291,0.21329902629825814,0.8777371504747433,0.0030675808423765326,1927548.0,2280156.0,377113448.0,302196623.0,8304093.0,9460797.0,377073681.0,80429449.0
33.6,mcf,mcf-attacker,2,0.2001567047485719,17578.3,0.003423063125633419,7566366.0,8857619.0,75503412.0,377221498.0,28800286.72,0.2001567047485719,0.8542212077534606,0.003423063125633419,0.20372061399478242,0.8727161368595132,0.0030513089445342815,7566366.0,8857619.0,377221498.0,75503412.0,7892555.0,9043668.0,377252196.0,76854049.0
33.7,mcf,mcf-attacker,2,0.2007205282870804,19453.2,0.0035010015088334932,7559406.0,8879826.0,75702738.0,377154936.0,31872122.88,0.2007205282870804,0.8513011403601828,0.0035010015088334932,0.20454415956931402,0.8688494888425701,0.003155281617520028,7559406.0,8879826.0,377154936.0,75702738.0,7883783.0,9073819.0,377156826.0,77145226.0
33.8,mcf,mcf-attacker,2,0.20007715687226474,19463.800000000003,0.0033833851384699413,7566142.0,8842207.0,75460359.0,377156294.0,31889489.92,0.20007715687226474,0.8556847854839861,0.0033833851384699413,0.20483748049732672,0.8670495297772511,0.003201204858088315,7566142.0,8842207.0,377156294.0,75460359.0,7875534.0,9083142.0,377235464.0,77271962.0
33.9,mcf,mcf-attacker,2,0.19955466330337715,19478.1,0.003329272467836368,7581975.0,8837950.0,75282414.0,377252091.0,31912919.04,0.19955466330337715,0.857888424351801,0.003329272467836368,0.2048074106556995,0.8664619292618441,0.0032179098227151154,7581975.0,8837950.0,377252091.0,75282414.0,7875308.0,9089041.0,377180551.0,77249372.0
34.0,mcf,mcf-attacker,2,0.20032487169936913,19476.600000000002,0.00336790888323634,7604241.0,8874046.0,75528624.0,377030687.0,31910461.44,0.20032487169936913,0.856907998899262,0.00336790888323634,0.20586902725284292,0.8629963482193627,0.003317232162251059,7604241.0,8874046.0,377030687.0,75528624.0,7879923.0,9130888.0,377111079.0,77635491.0
34.1,mcf,mcf-attacker,2,0.19965655358666937,19298.3,0.0032581926699704698,7611718.0,8840420.0,75292787.0,377111523.0,31618334.72,0.19965655358666937,0.8610131645329068,0.0032581926699704698,0.20576901706597958,0.863821820754447,0.003293803019352847,7611718.0,8840420.0,377111523.0,75292787.0,7879089.0,9121197.0,377104518.0,77596426.0
34.2,mcf,mcf-attacker,2,0.20001831661916641,19732.6,0.00332157112667778,7609761.0,8862326.0,75426939.0,377100159.0,32329891.84,0.20001831661916641,0.858664079836377,0.00332157112667778,0.20606358615547438,0.8620436835085434,0.0033440323849768423,7609761.0,8862326.0,377100159.0,75426939.0,7879962.0,9141024.0,377108190.0,77708266.0
34.3,mcf,mcf-attacker,2,0.1996880157451578,19532.1,0.0032602349062411133,7613875.0,8843357.0,75305255.0,377114544.0,32001392.64,0.1996880157451578,0.8609711221654853,0.0032602349062411133,0.20628160461022915,0.861083953041583,0.0033725081585259976,7613875.0,8843357.0,377114544.0,75305255.0,7883438.0,9155249.0,377111319.0,77791128.0
34.4,mcf,mcf-attacker,2,0.19972222672359918,19501.8,0.0032615638299058032,7621873.0,8851831.0,75316616.0,377106831.0,31951749.12,0.19972222672359918,0.8610504425581554,0.0032615638299058032,0.20612888179281424,0.8612897353152524,0.003362001368831737,7621873.0,8851831.0,377106831.0,75316616.0,7872388.0,9140232.0,377109900.0,77733242.0
34.7,mcf,mcf-attacker,2,0.19959350077933286,19509.4,0.0032282294549812306,7627803.0,8845179.0,75267369.0,377103306.0,31964200.96,0.19959350077933286,0.8623684156080956,0.0032282294549812306,0.20631490317595017,0.8603302297013714,0.003392507784602374,7627803.0,8845179.0,377103306.0,75267369.0,7880458.0,9159806.0,377109820.0,77803376.0
34.8,mcf,mcf-attacker,2,0.19972459402762482,19507.4,0.0032543743067183083,7617257.0,8844536.0,75319486.0,377116731.0,31960924.16,0.19972459402762482,0.8612387354181158,0.0032543743067183083,0.2065565516105204,0.860373985217847,0.0033931178986215385,7617257.0,8844536.0,377116731.0,75319486.0,7884604.0,9164159.0,377103018.0,77893099.0
34.9,mcf,mcf-attacker,2,0.19953851202820674,19515.3,0.003235373636225149,7624487.0,8844547.0,75246010.0,377100186.0,31973867.52,0.19953851202820674,0.8620551171247097,0.003235373636225149,0.20658436021972276,0.8593465877329086,0.003418731451777117,7624487.0,8844547.0,377100186.0,75246010.0,7878511.0,9168025.0,377190785.0,77921717.0
35.0,mcf,mcf-attacker,2,0.19954607830411375,19524.0,0.0032212947513866356,7619382.0,8834180.0,75251784.0,377114823.0,31988121.6,0.19954607830411375,0.8624888784244831,0.0032212947513866356,0.20646845473997782,0.8604127949562539,0.0033920962596780298,7619382.0,8834180.0,377114823.0,75251784.0,7883170.0,9162079.0,377026152.0,77844007.0
35.1,mcf,mcf-attacker,2,0.19953198742925637,20096.399999999998,0.003241547349438076,7618302.0,8840701.0,75244220.0,377103546.0,32925941.759999998,0.19953198742925637,0.8617305347166475,0.003241547349438076,0.2064334730932856,0.8599025895639559,0.0034034558573317005,7618302.0,8840701.0,377103546.0,75244220.0,8102875.0,9423015.0,387882216.0,80071873.0
35.2,mcf,mcf-attacker,2,0.19946492233900112,19498.1,0.00322116290526325,7626253.0,8841009.0,75221657.0,377117220.0,31945687.04,0.19946492233900112,0.8625998457868327,0.00322116290526325,0.20653662593318997,0.8596190642638275,0.003412229250991499,7626253.0,8841009.0,377117220.0,75221657.0,7879546.0,9166323.0,377107429.0,77886496.0
35.3,mcf,mcf-attacker,2,0.1995323105710032,19516.5,0.0032311466803583116,7616450.0,8835614.0,75286774.0,377316204.0,31975833.6,0.1995323105710032,0.8620170595954056,0.0032311466803583116,0.2063594978329851,0.8601395503136281,0.0033985663531748396,7616450.0,8835614.0,377316204.0,75286774.0,7882078.0,9163720.0,377112543.0,77820755.0
35.4,mcf,mcf-attacker,2,0.19952514851914194,19509.0,0.003231631892437575,7618795.0,8836769.0,75199296.0,376891317.0,31963545.6,0.19952514851914194,0.8621697591053925,0.003231631892437575,0.20644687411814172,0.8596238851282687,0.0034120845385117297,7618795.0,8836769.0,376891317.0,75199296.0,7879475.0,9166189.0,377104959.0,77852140.0
35.5,mcf,mcf-attacker,2,0.19933888686820664,19508.899999999998,0.0032186869299196644,7615728.0,8829496.0,75170766.0,377100360.0,31963381.759999998,0.19933888686820664,0.8625325839662875,0.0032186869299196644,0.20636054010917,0.8599422402136837,0.0033998923662905503,7615728.0,8829496.0,377100360.0,75170766.0,7872312.0,9154466.0,377116056.0,77821873.0
35.6,mcf,mcf-attacker,2,0.19962224593217504,19511.399999999998,0.0032346637247374172,7620461.0,8840295.0,75280160.0,377113080.0,31967477.759999998,0.19962224593217504,0.8620143332320924,0.0032346637247374172,0.2064932965735288,0.8597202630120855,0.0034065831472969792,7620461.0,8840295.0,377113080.0,75280160.0,7872976.0,9157602.0,377101026.0,77868834.0
35.7,mcf,mcf-attacker,2,0.19962185784185757,19513.0,0.003221879909873289,7620626.0,8835619.0,75278771.0,377106855.0,31970099.2,0.19962185784185757,0.8624892042085563,0.003221879909873289,0.20656941724284217,0.8592780919683753,0.003417023633294429,7620626.0,8835619.0,377106855.0,75278771.0,7868443.0,9157039.0,377110649.0,77899527.0
35.8,mcf,mcf-attacker,2,0.19954594182824162,19496.5,0.003227354606401776,7619415.0,8836512.0,75252582.0,377119080.0,31943065.6,0.19954594182824162,0.8622649977728769,0.003227354606401776,0.20654335167778637,0.8595971399857728,0.003413529921123996,7619415.0,8836512.0,377119080.0,75252582.0,7881084.0,9168346.0,377105820.0,77888700.0
35.9,mcf,mcf-attacker,2,0.19949179563963734,19513.5,0.003222005281526719,7620935.0,8835968.0,75229273.0,377104596.0,31970918.4,0.19949179563963734,0.8624901086106243,0.003222005281526719,0.2064611313737917,0.8595597222771996,0.003415200382695789,7620935.0,8835968.0,377104596.0,75229273.0,7882540.0,9170439.0,377107887.0,77858121.0
36.0,mcf,mcf-attacker,2,0.19950166196208977,19505.2,0.0032232642924775365,7625402.0,8840932.0,75234369.0,377111490.0,31957319.68,0.19950166196208977,0.8625111017707183,0.0032232642924775365,0.2064056012906684,0.8595371420277265,0.0034129628575862198,7625402.0,8840932.0,377111490.0,75234369.0,7875999.0,9163070.0,377112513.0,77838135.0
36.1,mcf,mcf-attacker,2,0.19951326713384915,19524.9,0.0032264095475989197,7630763.0,8847433.0,75235894.0,377097198.0,31989596.16,0.19951326713384915,0.862483276222606,0.0032264095475989197,0.20654953832223177,0.8598146105791797,0.0034094057250356135,7630763.0,8847433.0,377097198.0,75235894.0,7885794.0,9171505.0,377107069.0,77891291.0
36.2,mcf,mcf-attacker,2,0.19933279780639535,19412.2,0.003215668485131144,7574925.0,8780709.0,74744116.0,374971489.0,31804948.48,0.19933279780639535,0.8626780593685545,0.003215668485131144,0.20666899808181893,0.8594442616168293,0.003418717439606349,7574925.0,8780709.0,374971489.0,74744116.0,8061949.0,9380421.0,385662759.0,79704536.0
36.3,mcf,mcf-attacker,2,0.1993778772186212,19522.1,0.00321864720743491,7619022.0,8832793.0,75186583.0,377105946.0,31985008.64,0.1993778772186212,0.8625835565262313,0.00321864720743491,0.20661134744152396,0.8596189791454205,0.0034143749734967532,7619022.0,8832793.0,377105946.0,75186583.0,7886313.0,9174196.0,377194365.0,77932636.0
36.4,mcf,mcf-attacker,2,0.20661634896036637,17568.5,0.003189327167616717,7953521.0,9156264.0,77918117.0,377114964.0,28784230.4,0.20661634896036637,0.8686426035771795,0.003189327167616717,0.8202087446981674,0.8492260880323195,0.0013842155934682956,7953521.0,9156264.0,377114964.0,77918117.0,2862404.0,3370603.0,367138618.0,301130305.0
36.6,mcf,mcf-attacker,2,0.2013375701493837,14669.6,0.0029273623907573286,7822109.0,8926004.0,75923479.0,377095437.0,24034672.64,0.2013375701493837,0.87632819792597,0.0029273623907573286,1.002036915912144,0.7167188551695882,2.566921574619171e-05,7822109.0,8926004.0,377095437.0,75923479.0,24491.0,34171.0,377105405.0,377873537.0
36.8,mcf,mcf-attacker,2,0.198110990827356,19533.600000000002,0.0029633716873042415,7650215.0,8767727.0,74709295.0,377108280.0,32003850.240000002,0.198110990827356,0.872542564338511,0.0029633716873042415,0.20821158064678177,0.8527628861601553,0.0036042042758992645,7650215.0,8767727.0,377108280.0,74709295.0,7871977.0,9231144.0,377105984.0,78517833.0
36.9,mcf,mcf-attacker,2,0.1983304106613947,19345.899999999998,0.0030323251716812536,7646449.0,8789960.0,74791783.0,377106984.0,31696322.56,0.1983304106613947,0.8699071440598137,0.0030323251716812536,0.2087492392444864,0.8499655879173627,0.003683503357257778,7646449.0,8789960.0,377106984.0,74791783.0,7869301.0,9258376.0,377107027.0,78720805.0
37.0,mcf,mcf-attacker,2,0.19822033056936056,19719.3,0.003032520858140461,7637421.0,8781013.0,74750742.0,377109360.0,32308101.119999997,0.19822033056936056,0.8697653676176086,0.003032520858140461,0.20798399684140537,0.8538631615166558,0.0035735030358268888,7637421.0,8781013.0,377109360.0,74750742.0,7874011.0,9221631.0,377114553.0,78433792.0
37.1,mcf,mcf-attacker,2,0.19860261048728461,19528.1,0.003104010373160465,7631902.0,8802451.0,74894752.0,377108598.0,31994839.04,0.19860261048728461,0.8670201061045384,0.003104010373160465,0.2075901769605724,0.8558819928122872,0.003520689833317084,7631902.0,8802451.0,377108598.0,74894752.0,7884717.0,9212388.0,377105358.0,78283368.0
37.2,mcf,mcf-attacker,2,0.19862733445989614,19531.399999999998,0.003104817759743213,7636403.0,8807233.0,74902574.0,377101038.0,32000245.759999998,0.19862733445989614,0.8670604036477745,0.003104817759743213,0.2078091211785292,0.8547853429432716,0.003551931420335562,7636403.0,8807233.0,377101038.0,74902574.0,7884593.0,9224062.0,377110040.0,78366906.0
37.3,mcf,mcf-attacker,2,0.19879475410383096,19538.5,0.0031314690784478897,7624638.0,8805570.0,74968994.0,377117567.0,32011878.4,0.19879475410383096,0.8658880685747771,0.0031314690784478897,0.20742060020280031,0.8567149795421556,0.0034955880222708137,7624638.0,8805570.0,377117567.0,74968994.0,7881687.0,9199894.0,377105938.0,78219540.0
37.4,mcf,mcf-attacker,2,0.19905526181973768,19526.399999999998,0.0031615969425060606,7630890.0,8823133.0,75064041.0,377101516.0,31992053.759999998,0.19905526181973768,0.8648730558634897,0.0031615969425060606,0.20735258831572534,0.8576224645702225,0.0034726517030362375,7630890.0,8823133.0,377101516.0,75064041.0,7888155.0,9197701.0,377102604.0,78193201.0
37.5,mcf,mcf-attacker,2,0.19893581564384702,19551.9,0.003152420124222954,7627833.0,8816663.0,75022001.0,377116613.0,32033832.96,0.19893581564384702,0.8651610025244245,0.003152420124222954,0.20749702539062906,0.8566553420107292,0.003498910574326953,7627833.0,8816663.0,377116613.0,75022001.0,7885503.0,9204989.0,377113382.0,78249905.0
37.6,mcf,mcf-attacker,2,0.1991169374526064,19531.7,0.003170417977456889,7627003.0,8822563.0,75086707.0,377098543.0,32000737.28,0.1991169374526064,0.8644883578615421,0.003170417977456889,0.2072144990562823,0.8582307822840289,0.0034538609798203256,7627003.0,8822563.0,377098543.0,75086707.0,7884749.0,9187213.0,377103771.0,78141369.0
37.7,mcf,mcf-attacker,2,0.19928759339118107,19303.1,0.003187699883041704,7619651.0,8821826.0,75157189.0,377129292.0,31626199.04,0.19928759339118107,0.8637271920801883,0.003187699883041704,0.20713567607842237,0.8579484505444621,0.003460257481560092,7619651.0,8821826.0,377129292.0,75157189.0,7881226.0,9186130.0,377111821.0,78113312.0
37.8,mcf,mcf-attacker,2,0.9003083977678102,12107.3,0.0009321671483272332,2200229.0,2560192.0,347660516.0,386157140.0,19836600.32,0.9003083977678102,0.8593999981251406,0.0009321671483272332,0.21656367343101995,0.8700885765050435,0.0033063831462243677,2200229.0,2560192.0,386157140.0,347660516.0,8509582.0,9780133.0,384272162.0,83219391.0
37.9,mcf,mcf-attacker,2,1.0028361601742053,13342.7,2.1468341412643276e-05,16982.0,25077.0,378136278.0,377066856.0,21860679.68,1.0028361601742053,0.6771942417354548,2.1468341412643276e-05,0.21733724560381673,0.8785652115919493,0.0031025181582785308,16982.0,25077.0,377066856.0,378136278.0,8463882.0,9633755.0,377072088.0,81951809.0
38.0,mcf,mcf-attacker,2,0.2537608437994234,19494.9,0.0032748077437182643,7031991.0,8266982.0,95697941.0,377118627.0,31940444.16,0.2537608437994234,0.8506116258629812,0.0032748077437182643,0.20461038549086602,0.8734115140190541,0.0030457192470469546,7031991.0,8266982.0,377118627.0,95697941.0,7925654.0,9074364.0,377155577.0,77169948.0
38.1,mcf,mcf-attacker,2,0.20002877066287036,19512.4,0.0034004905356129116,7579953.0,8862536.0,75446027.0,377175877.0,31969116.16,0.20002877066287036,0.8552803621897841,0.0034004905356129116,0.2050590445260343,0.8704337463674746,0.003122534759679684,7579953.0,8862536.0,377175877.0,75446027.0,7910528.0,9088030.0,377098124.0,77327381.0
38.2,mcf,mcf-attacker,2,0.1999895370261338,19492.7,0.003433923628722671,7564399.0,8859467.0,75423940.0,377139430.0,31936839.68,0.1999895370261338,0.8538210030016479,0.003433923628722671,0.20531185743069527,0.8677948730559232,0.0031924953545102715,7564399.0,8859467.0,377139430.0,75423940.0,7904924.0,9109208.0,377223415.0,77448440.0
38.3,mcf,mcf-attacker,2,0.19938949383546412,19478.800000000003,0.003345878718179273,7566546.0,8828545.0,75205757.0,377180139.0,31914065.92,0.19938949383546412,0.8570547015391551,0.003345878718179273,0.2054415584117716,0.8656624843349048,0.0032470668261994295,7566546.0,8828545.0,377180139.0,75205757.0,7891213.0,9115808.0,377138835.0,77479990.0
38.5,mcf,mcf-attacker,2,0.19965310670524014,19512.4,0.003327363922982801,7593303.0,8848224.0,75299511.0,377151712.0,31969116.16,0.19965310670524014,0.858172555306014,0.003327363922982801,0.20621481301007086,0.8632594944766472,0.003319426182804043,7593303.0,8848224.0,377151712.0,75299511.0,7899578.0,9150873.0,376961237.0,77734991.0
38.8,mcf,mcf-attacker,2,0.19945774679140185,19501.0,0.003274615685631864,7593859.0,8828396.0,75195990.0,377002103.0,31950438.4,0.19945774679140185,0.8601629333346624,0.003274615685631864,0.20631964375816597,0.8622570824175902,0.0033419400430351916,7593859.0,8828396.0,377002103.0,75195990.0,7890155.0,9150583.0,377154582.0,77814399.0
38.9,mcf,mcf-attacker,2,0.19901158743131786,19489.2,0.0032505405375020504,7593906.0,8819825.0,75055851.0,377143120.0,31931105.28,0.19901158743131786,0.8610041582457701,0.0032505405375020504,0.2064698075497426,0.8604642606628474,0.003388931912751301,7593906.0,8819825.0,377143120.0,75055851.0,7881616.0,9159725.0,377142130.0,77868463.0
39.0,mcf,mcf-attacker,2,0.1987128237262891,19503.1,0.0032111700371823242,7587190.0,8797785.0,74913738.0,376994985.0,31953879.04,0.1987128237262891,0.8623977512521618,0.0032111700371823242,0.20648804261210182,0.8616300348214665,0.0033630533443606823,7587190.0,8797785.0,376994985.0,74913738.0,7896623.0,9164749.0,377075791.0,77861642.0
39.1,mcf,mcf-attacker,2,0.19901302509016627,19499.3,0.0032409148886178856,7602304.0,8824533.0,75052724.0,377124683.0,31947653.119999997,0.19901302509016627,0.861496466725208,0.0032409148886178856,0.2065368660686672,0.8605432786124644,0.003387996785850617,7602304.0,8824533.0,377124683.0,75052724.0,7882684.0,9160125.0,377049059.0,77874531.0
39.2,mcf,mcf-attacker,2,0.198676852701839,19507.3,0.0031994458267696232,7599380.0,8805903.0,74921785.0,377103744.0,31960760.32,0.198676852701839,0.8629870213196761,0.0031994458267696232,0.2064901077983859,0.8604523632714457,0.003388775907333742,7599380.0,8805903.0,377103744.0,74921785.0,7881501.0,9159718.0,377191362.0,77886285.0
39.3,mcf,mcf-attacker,2,0.19864320744360647,19488.3,0.003221243752400654,7587915.0,8803058.0,74933759.0,377227895.0,31929630.72,0.19864320744360647,0.8619635358531093,0.003221243752400654,0.20626849358123822,0.8603387790385941,0.0033840007230177497,7587915.0,8803058.0,377227895.0,74933759.0,7862378.0,9138700.0,377163631.0,77796974.0
39.4,mcf,mcf-attacker,2,0.19850565355718375,19465.7,0.0032030288980895646,7588030.0,8796037.0,74865456.0,377145208.0,31892602.88,0.19850565355718375,0.8626646295371427,0.0032030288980895646,0.20631942711029758,0.8601504690581508,0.003394542772327656,7588030.0,8796037.0,377145208.0,74865456.0,7875911.0,9156434.0,377229891.0,77829855.0
39.5,mcf,mcf-attacker,2,0.1985990698829386,19495.899999999998,0.003203426483135344,7595190.0,8803296.0,74897529.0,377129304.0,31942082.56,0.1985990698829386,0.8627666274086433,0.003203426483135344,0.20650331890986623,0.8598940311418685,0.0034020323601598812,7595190.0,8803296.0,377129304.0,74897529.0,7872777.0,9155520.0,377051969.0,77862483.0
39.6,mcf,mcf-attacker,2,0.19907610210221027,19531.8,0.0032125725058431563,7616305.0,8827530.0,75056968.0,377026510.0,32000901.12,0.19907610210221027,0.8627900443272354,0.0032125725058431563,0.2069877281909911,0.8604266837888942,0.0033974768407321046,7616305.0,8827530.0,377026510.0,75056968.0,7898279.0,9179491.0,377106912.0,78056503.0
39.7,mcf,mcf-attacker,2,0.19873987593232734,19501.0,0.0032017614439084656,7601425.0,8809041.0,74959193.0,377172385.0,31950438.4,0.19873987593232734,0.8629117516878398,0.0032017614439084656,0.2067190358101201,0.8596290758135604,0.0034141977331411753,7601425.0,8809041.0,377172385.0,74959193.0,7886287.0,9174058.0,377181142.0,77970522.0
39.8,mcf,mcf-attacker,2,0.19899644565430075,19479.4,0.003204272672624893,7590267.0,8798456.0,75032727.0,377055614.0,31915048.96,0.19899644565430075,0.862681702335046,0.003204272672624893,0.20655680933295498,0.8597349481429547,0.0034025845923208787,7590267.0,8798456.0,377055614.0,75032727.0,7865133.0,9148323.0,377122145.0,77897147.0
39.9,mcf,mcf-attacker,2,0.19898919821168307,19505.2,0.003210869315503829,7606536.0,8817388.0,75040883.0,377110334.0,31957319.68,0.19898919821168307,0.8626745244736876,0.003210869315503829,0.20714309367974415,0.8593306206335003,0.0034272789270652863,7606536.0,8817388.0,377110334.0,75040883.0,7894172.0,9186420.0,377047806.0,78102849.0
40.0,mcf,mcf-attacker,2,0.19856488867868935,19515.6,0.003186724416022239,7601518.0,8803292.0,74882572.0,377118898.0,31974359.04,0.19856488867868935,0.8634858414329548,0.003186724416022239,0.2066541910529166,0.8602680542752937,0.0033949193494291563,7601518.0,8803292.0,377118898.0,74882572.0,7882311.0,9162622.0,377125601.0,77934586.0
40.1,mcf,mcf-attacker,2,0.19869702198157116,19515.8,0.0031999969455051886,7599264.0,8806140.0,74938405.0,377149110.0,31974686.72,0.19869702198157116,0.8629506230879818,0.0031999969455051886,0.20685144625737661,0.8597732876343017,0.003413882362987225,7599264.0,8806140.0,377149110.0,74938405.0,7893024.0,9180355.0,377087100.0,78001012.0
40.2,mcf,mcf-attacker,2,0.1987654051695932,19512.6,0.0031975962349677653,7600516.0,8806250.0,74949490.0,377075125.0,31969443.84,0.1987654051695932,0.8630820156139106,0.0031975962349677653,0.2068944497229371,0.8596088270707647,0.003415911681474918,7600516.0,8806250.0,377075125.0,74949490.0,7888160.0,9176453.0,377144704.0,78029146.0
40.3,mcf,mcf-attacker,2,0.19908202351146526,19518.4,0.0032071119815996964,7611732.0,8821167.0,75075884.0,377110312.0,31978946.560000002,0.19908202351146526,0.8628939912372139,0.0032071119815996964,0.2069536978989696,0.8595071151612109,0.003418563386171267,7611732.0,8821167.0,377110312.0,75075884.0,7886992.0,9176180.0,377113967.0,78045130.0
40.4,mcf,mcf-attacker,2,0.19923566693049835,19531.0,0.0032187540702868942,7623629.0,8837422.0,75131822.0,377100261.0,31999590.4,0.19923566693049835,0.8626530451980227,0.0032187540702868942,0.20732951584545312,0.8591857957045915,0.003436404155465888,7623629.0,8837422.0,377100261.0,75131822.0,7906958.0,9202850.0,377106982.0,78185408.0
40.5,mcf,mcf-attacker,2,0.19872673965297266,19520.899999999998,0.0031956944189590495,7603168.0,8808475.0,74952952.0,377165912.0,31983042.56,0.19872673965297266,0.8631650768152263,0.0031956944189590495,0.20679293365643403,0.859730503615853,0.003413935876645398,7603168.0,8808475.0,377165912.0,74952952.0,7892081.0,9179715.0,377169943.0,77996079.0
40.6,mcf,mcf-attacker,2,0.19858050838520805,19520.899999999998,0.0031939339482344236,7600482.0,8805160.0,74899974.0,377176867.0,31983042.56,0.19858050838520805,0.8631849960704859,0.0031939339482344236,0.20674521334628954,0.8598268416959858,0.0034085481687892816,7600482.0,8805160.0,377176867.0,74899974.0,7885895.0,9171492.0,377168500.0,77977782.0
40.9,mcf,mcf-attacker,2,0.210712033955321,13628.599999999999,0.0029928594029711817,8207401.0,9335758.0,79441887.0,377016374.0,22329098.24,0.210712033955321,0.8791360058819006,0.0029928594029711817,1.0074179599239967,0.6587989134424785,2.4661432558181392e-05,8207401.0,9335758.0,377016374.0,79441887.0,17947.0,27242.0,376904301.0,379700162.0
41.0,mcf,mcf-attacker,2,0.19917203230877206,19556.199999999997,0.002919162312975585,7722210.0,8823074.0,75111041.0,377116406.0,32040878.08,0.19917203230877206,0.8752289734847515,0.002919162312975585,0.2906576615227702,0.8493335760839048,0.0033106068050985952,7722210.0,8823074.0,377116406.0,75111041.0,7039568.0,8288343.0,377204263.0,109637309.0
41.1,mcf,mcf-attacker,2,0.1975860925289281,19534.9,0.0029615979461018473,7637327.0,8754143.0,74509543.0,377099127.0,32005980.16,0.1975860925289281,0.8724242909899919,0.0029615979461018473,0.20902728326675632,0.8520650023173154,0.0036329238850359427,7637327.0,8754143.0,377099127.0,74509543.0,7890732.0,9260716.0,377102313.0,78824672.0
41.2,mcf,mcf-attacker,2,0.19775883199975258,19545.5,0.0030274576415925234,7627036.0,8768875.0,74586922.0,377161016.0,32023347.2,0.19775883199975258,0.8697850066285584,0.0030274576415925234,0.2083812152470398,0.8534902458591606,0.0035889620657626117,7627036.0,8768875.0,377161016.0,74586922.0,7885352.0,9238948.0,377155282.0,78592076.0
41.3,mcf,mcf-attacker,2,0.1975423424174169,19516.0,0.003041599669897179,7608082.0,8755333.0,74510348.0,377186719.0,31975014.4,0.1975423424174169,0.8689654636779663,0.003041599669897179,0.2083923410430484,0.8532772396651608,0.0035944418026148473,7608082.0,8755333.0,377186719.0,74510348.0,7884908.0,9240734.0,377200710.0,78605739.0
41.4,mcf,mcf-attacker,2,0.19769914613998663,19517.4,0.0030764893915105106,7600861.0,8761302.0,74571424.0,377196490.0,31977308.16,0.19769914613998663,0.8675492523828079,0.0030764893915105106,0.20756762028286418,0.8568116306731264,0.003493691450678316,7600861.0,8761302.0,377196490.0,74571424.0,7885629.0,9203457.0,377202171.0,78294957.0
41.5,mcf,mcf-attacker,2,0.1980954066868877,19527.0,0.0031196293828850623,7604978.0,8781695.0,74721130.0,377197691.0,31993036.8,0.1980954066868877,0.8660034310005073,0.0031196293828850623,0.20782750115154747,0.8562685451293504,0.0035140824623705806,7604978.0,8781695.0,377197691.0,74721130.0,7896881.0,9222435.0,377211979.0,78395023.0
41.6,mcf,mcf-attacker,2,0.19817347689319365,19538.800000000003,0.003109912069688939,7609742.0,8782881.0,74756144.0,377225778.0,32012369.92,0.19817347689319365,0.8664289086918062,0.003109912069688939,0.20764906922019816,0.8570505789139715,0.003488769501332021,7609742.0,8782881.0,377225778.0,74756144.0,7889220.0,9205081.0,377170518.0,78319107.0
41.7,mcf,mcf-attacker,2,0.19835131204412265,19517.4,0.0031503428186726396,7603017.0,8791046.0,74800466.0,377111022.0,31977308.16,0.19835131204412265,0.8648591987802134,0.0031503428186726396,0.20744471640478024,0.8582248286539331,0.003457339780375591,7603017.0,8791046.0,377111022.0,74800466.0,7893746.0,9197760.0,377172648.0,78242473.0
41.8,mcf,mcf-attacker,2,0.19867810787715567,19509.7,0.0031606786605987594,7602303.0,8794439.0,74936857.0,377177223.0,31964692.48,0.19867810787715567,0.864444338064088,0.0031606786605987594,0.20744779640741393,0.8575195310270357,0.003474368062750702,7602303.0,8794439.0,377177223.0,74936857.0,7887294.0,9197801.0,377192910.0,78247838.0
41.9,mcf,mcf-attacker,2,0.19843327003309688,19505.0,0.0031574283474436566,7600970.0,8791888.0,74845009.0,377179739.0,31956992.0,0.19843327003309688,0.8645435428658782,0.0031574283474436566,0.20740443602836187,0.8579530424017507,0.003464476693247526,7600970.0,8791888.0,377179739.0,74845009.0,7890758.0,9197191.0,377093892.0,78210946.0
42.0,mcf,mcf-attacker,2,0.19820089214087575,19515.6,0.0031609781089684172,7594904.0,8787138.0,74755925.0,377172495.0,31974359.04,0.19820089214087575,0.8643205557941619,0.0031609781089684172,0.2071510929323755,0.8590983781181853,0.0034312789220426227,7594904.0,8787138.0,377172495.0,74755925.0,7895700.0,9190682.0,377405052.0,78179869.0
42.1,mcf,mcf-attacker,2,0.19836550875655368,19515.899999999998,0.0031622312339241077,7600957.0,8793550.0,74810885.0,377136557.0,31974850.56,0.19836550875655368,0.8643786639070683,0.0031622312339241077,0.20727838546445573,0.8586790511091227,0.0034439572266234592,7600957.0,8793550.0,377136557.0,74810885.0,7887399.0,9185503.0,376922219.0,78127829.0
42.2,mcf,mcf-attacker,2,0.5277068590099007,17386.0,0.0023955822596901013,5543683.0,6426283.0,194422075.0,368428175.0,28485222.4,0.5277068590099007,0.8626577758869318,0.0023955822596901013,0.2112687202693329,0.861357220987639,0.003441853353374065,5543683.0,6426283.0,368428175.0,194422075.0,8066855.0,9365284.0,377247043.0,79700500.0
42.3,mcf,mcf-attacker,2,1.0038918533366832,12378.8,2.1658907433170138e-05,12011.0,20174.0,378355613.0,376888817.0,20281425.919999998,1.0038918533366832,0.5953702785763855,2.1658907433170138e-05,0.21804273895987766,0.878613508657293,0.003111188897441567,12011.0,20174.0,376888817.0,378355613.0,8491268.0,9664395.0,377067108.0,82216745.0
42.4,mcf,mcf-attacker,2,0.6456984894265138,15250.4,0.0015900541871154696,3368020.0,3967674.0,243510998.0,377128028.0,24986255.36,0.6456984894265138,0.8488651033325822,0.0015900541871154696,0.21147765310414998,0.8771404322872797,0.0030534506957531717,3368020.0,3967674.0,377128028.0,243510998.0,8221582.0,9373165.0,377141508.0,79757001.0
42.5,mcf,mcf-attacker,2,0.20063168230789105,19519.0,0.00351679169044931,7547833.0,8873994.0,75657001.0,377093987.0,31979929.6,0.20063168230789105,0.8505564687107068,0.00351679169044931,0.2054167758007359,0.871468265687113,0.0031046948297185385,7547833.0,8873994.0,377093987.0,75657001.0,7938126.0,9108910.0,377101153.0,77462903.0
42.6,mcf,mcf-attacker,2,0.1999609615045715,19538.800000000003,0.00339865016366372,7569169.0,8850903.0,75411340.0,377130313.0,32012369.92,0.1999609615045715,0.8551860753642877,0.00339865016366372,0.20557526993648642,0.8697898388263193,0.003146261243631945,7569169.0,8850903.0,377130313.0,75411340.0,7925986.0,9112530.0,377128251.0,77528242.0
42.7,mcf,mcf-attacker,2,0.1999185158217989,19493.899999999998,0.0034215947722110508,7558537.0,8849178.0,75410167.0,377204516.0,31938805.759999998,0.1999185158217989,0.8541513121331722,0.0034215947722110508,0.20599355339507572,0.8664150822765472,0.003234834470806925,7558537.0,8849178.0,377204516.0,75410167.0,7914162.0,9134377.0,377210955.0,77703025.0
43.0,mcf,mcf-attacker,2,0.19926269390970372,19483.399999999998,0.0033192990804991034,7575368.0,8827745.0,75182142.0,377301644.0,31921602.56,0.19926269390970372,0.8581317199352723,0.0033192990804991034,0.20620859934122135,0.864411511980532,0.0032877565126452606,7575368.0,8827745.0,377301644.0,75182142.0,7907066.0,9147340.0,377240223.0,77790178.0
43.1,mcf,mcf-attacker,2,0.1984600127534509,19494.8,0.003264048997353249,7565605.0,8798104.0,74938142.0,377598192.0,31940280.32,0.1984600127534509,0.8599131130980039,0.003264048997353249,0.20600205161614785,0.8622068335491784,0.003336544657232735,7565605.0,8798104.0,377598192.0,74938142.0,7884603.0,9144677.0,377658365.0,77798398.0
43.2,mcf,mcf-attacker,2,0.19838842934985287,19502.3,0.003224032483032962,7575857.0,8792128.0,74842327.0,377251472.0,31952568.32,0.19838842934985287,0.8616636381999898,0.003224032483032962,0.20621805955712927,0.8627450208797146,0.003328201343414828,7575857.0,8792128.0,377251472.0,74842327.0,7892696.0,9148353.0,377277956.0,77801528.0
43.3,mcf,mcf-attacker,2,0.19882755659091117,19490.1,0.0032612217847265692,7583594.0,8813942.0,75010871.0,377265970.0,31932579.84,0.19882755659091117,0.8604088840158013,0.0032612217847265692,0.20670891587681298,0.8611229389201758,0.003374573117423166,7583594.0,8813942.0,377265970.0,75010871.0,7893269.0,9166251.0,377227565.0,77976301.0
43.4,mcf,mcf-attacker,2,0.198043604580842,19489.4,0.0031959032512019207,7572736.0,8778944.0,74746249.0,377423190.0,31931432.96,0.198043604580842,0.8626021535164138,0.0031959032512019207,0.20641370429890293,0.861003104203471,0.003373836098044612,7572736.0,8778944.0,377423190.0,74746249.0,7889145.0,9162737.0,377490774.0,77919269.0
43.6,mcf,mcf-attacker,2,0.19835720238670237,19484.8,0.003207524606033691,7580271.0,8789704.0,74792800.0,377061176.0,31923896.32,0.19835720238670237,0.8624034438474834,0.003207524606033691,0.20664580744057237,0.8600476167427993,0.0033971845189864126,7580271.0,8789704.0,377061176.0,74792800.0,7871726.0,9152663.0,377058412.0,77917540.0
43.7,mcf,mcf-attacker,2,0.1983624456756662,19506.100000000002,0.003186041537759111,7586954.0,8788503.0,74808252.0,377129107.0,31958794.240000002,0.1983624456756662,0.863281721585576,0.003186041537759111,0.20689478392464,0.8605169012329434,0.0033947954753055383,7586954.0,8788503.0,377129107.0,74808252.0,7900089.0,9180632.0,377207702.0,78042306.0
43.8,mcf,mcf-attacker,2,0.1986709701455537,19480.7,0.0032149105176673427,7577610.0,8790292.0,74939787.0,377205522.0,31917178.880000003,0.1986709701455537,0.8620430356579736,0.0032149105176673427,0.2069497504521586,0.859824093690449,0.0034066301120812747,7577610.0,8790292.0,377205522.0,74939787.0,7882041.0,9167039.0,377205026.0,78062486.0
43.9,mcf,mcf-attacker,2,0.19830235077514807,19476.300000000003,0.0031852481307641446,7578771.0,8779795.0,74771532.0,377058223.0,31909969.92,0.19830235077514807,0.8632059176780323,0.0031852481307641446,0.2069628353851627,0.8595070671936414,0.0034197816201812455,7578771.0,8779795.0,377058223.0,74771532.0,7887619.0,9176910.0,377009746.0,78027006.0
44.0,mcf,mcf-attacker,2,0.19830288515622116,19501.0,0.003197592562111504,7579052.0,8784964.0,74786210.0,377131225.0,31950438.4,0.19830288515622116,0.8627300009425195,0.003197592562111504,0.20679144483227704,0.8601313808834722,0.0034020342176095,7579052.0,8784964.0,377131225.0,74786210.0,7891708.0,9175003.0,377214019.0,78004632.0
44.1,mcf,mcf-attacker,2,0.1988373736671267,19509.9,0.0032081218682237576,7600438.0,8810255.0,74983696.0,377110674.0,31965020.16,0.1988373736671267,0.8626808191136351,0.0032081218682237576,0.20753914851943706,0.859447057907455,0.003431957764122943,7600438.0,8810255.0,377110674.0,74983696.0,7913865.0,9208089.0,377109536.0,78264992.0
44.2,mcf,mcf-attacker,2,0.19849239137497843,19539.0,0.003186515077763458,7595529.0,8797212.0,74854481.0,377115115.0,32012697.6,0.19849239137497843,0.8634018368546762,0.003186515077763458,0.20706600666012578,0.8597920993844037,0.0034125829355261387,7595529.0,8797212.0,377115115.0,74854481.0,7891950.0,9178905.0,377120505.0,78088837.0
44.3,mcf,mcf-attacker,2,0.19854362156677074,19515.6,0.0031997571955813915,7590863.0,8797703.0,74883927.0,377166118.0,31974359.04,0.19854362156677074,0.8628232846687368,0.0031997571955813915,0.2070611661457118,0.8594470763395688,0.0034234006074185612,7590863.0,8797703.0,377166118.0,74883927.0,7895632.0,9186874.0,377181098.0,78099558.0
44.4,mcf,mcf-attacker,2,0.19819400529513354,19507.2,0.003178422016018158,7590153.0,8789146.0,74764529.0,377229013.0,31960596.48,0.19819400529513354,0.8635825369154182,0.003178422016018158,0.20692560149897,0.8596039156334326,0.003414717700981865,7590153.0,8789146.0,377229013.0,74764529.0,7886792.0,9174914.0,377226498.0,78057820.0
44.5,mcf,mcf-attacker,2,0.19830850504707595,19489.8,0.0031954615417966532,7581701.0,8787024.0,74801652.0,377198406.0,31932088.32,0.19830850504707595,0.8628292127118351,0.0031954615417966532,0.207053561112589,0.8591708786856868,0.00342929019754195,7581701.0,8787024.0,377198406.0,74801652.0,7891506.0,9185025.0,377197299.0,78100044.0
44.6,mcf,mcf-attacker,2,0.19823242408293262,19505.6,0.00318062337298191,7585501.0,8785457.0,74787285.0,377270698.0,31957975.04,0.19823242408293262,0.8634156424645867,0.00318062337298191,0.20674278630010956,0.8597564079852831,0.0034103424143931815,7585501.0,8785457.0,377270698.0,74787285.0,7886653.0,9173125.0,377226637.0,77988886.0
44.7,mcf,mcf-attacker,2,0.19853493574817654,19478.1,0.003186017663895574,7584024.0,8785277.0,74855419.0,377039027.0,31912919.04,0.19853493574817654,0.8632652106473137,0.003186017663895574,0.207063902235473,0.8593041584047082,0.003424082974939629,7584024.0,8785277.0,377039027.0,74855419.0,7886355.0,9177606.0,377108560.0,78085570.0
44.8,mcf,mcf-attacker,2,0.1984138154888599,19485.7,0.0031928731699531875,7592195.0,8796490.0,74838164.0,377182223.0,31925370.880000003,0.1984138154888599,0.8630936885053015,0.0031928731699531875,0.20704735774556426,0.8591469868363725,0.003430099821604852,7592195.0,8796490.0,377182223.0,74838164.0,7891662.0,9185462.0,377190189.0,78096232.0
45.1,mcf,mcf-attacker,2,0.20896831052447915,11898.099999999999,0.003124514938038884,8077786.0,9255630.0,78774490.0,376968593.0,19493847.04,0.20896831052447915,0.8727429683338681,0.003124514938038884,1.0007848195769293,0.8316797413205959,0.00061592759373025,8077786.0,9255630.0,376968593.0,78774490.0,1117311.0,1343439.0,367134063.0,367422197.0
45.2,mcf,mcf-attacker,2,0.21020062077521018,13065.8,0.0029839303122921475,8192937.0,9318313.0,79276226.0,377145537.0,21407006.72,0.21020062077521018,0.8792296416744104,0.0029839303122921475,0.9858935841934117,0.8626766461594688,9.563793067622648e-05,8192937.0,9318313.0,377145537.0,79276226.0,226601.0,262672.0,377162071.0,371841666.0
45.3,mcf,mcf-attacker,2,0.1972848459002256,19475.4,0.0029170749335553393,7642289.0,8742625.0,74416881.0,377205257.0,31908495.36,0.1972848459002256,0.8741412333252313,0.0029170749335553393,0.20787033933966334,0.8498161748138049,0.0036665147998851885,7642289.0,8742625.0,377205257.0,74416881.0,7825975.0,9209021.0,377209987.0,78410768.0
45.4,mcf,mcf-attacker,2,0.19715776843237745,19468.600000000002,0.0029648696191504247,7615536.0,8733738.0,74358147.0,377150480.0,31897354.240000002,0.19715776843237745,0.8719675355500703,0.0029648696191504247,0.20759695426413372,0.8516898231114672,0.0036191555036150453,7615536.0,8733738.0,377150480.0,74358147.0,7836921.0,9201614.0,377074983.0,78279618.0
45.5,mcf,mcf-attacker,2,0.19769695543106752,19480.3,0.003039455135958173,7615636.0,8761807.0,74551032.0,377097522.0,31916523.52,0.19769695543106752,0.8691855458582916,0.003039455135958173,0.20698419195468784,0.8552909255022969,0.0035235032166008257,7615636.0,8761807.0,377097522.0,74551032.0,7855257.0,9184310.0,377196477.0,78073708.0
45.6,mcf,mcf-attacker,2,0.19785672573094193,19464.2,0.0030776613485175405,7605941.0,8766877.0,74634266.0,377213692.0,31890145.28,0.19785672573094193,0.8675770174487448,0.0030776613485175405,0.20712423628028812,0.8535039371620495,0.003568946098929955,7605941.0,8766877.0,377213692.0,74634266.0,7846190.0,9192916.0,377345570.0,78157413.0
45.7,mcf,mcf-attacker,2,0.1980409485430962,19477.6,0.003074645573474898,7597641.0,8756541.0,74645890.0,376921493.0,31912099.84,0.1980409485430962,0.8676532206038892,0.003074645573474898,0.20679014875895615,0.8565253281108033,0.003490477627513313,7597641.0,8756541.0,376921493.0,74645890.0,7851724.0,9166949.0,376803733.0,77919300.0
45.8,mcf,mcf-attacker,2,0.1982604344550676,19453.899999999998,0.0031341730876585615,7598734.0,8781595.0,74825011.0,377407682.0,31873269.759999998,0.1982604344550676,0.8653022600108522,0.0031341730876585615,0.20634228196328325,0.857836281626212,0.00345234532670517,7598734.0,8781595.0,377407682.0,74825011.0,7856123.0,9158068.0,377118995.0,77815594.0
45.9,mcf,mcf-attacker,2,0.19837492012683677,19455.4,0.003132572779973151,7593871.0,8774481.0,74763918.0,376881906.0,31875727.36,0.19837492012683677,0.8654495918334087,0.003132572779973151,0.20690176750545,0.8559275303435961,0.0035055721910848443,7593871.0,8774481.0,376881906.0,74763918.0,7855815.0,9178131.0,377204042.0,78044183.0
46.0,mcf,mcf-attacker,2,0.19816593826032516,19485.0,0.0031382977369669445,7598452.0,8782240.0,74749587.0,377207040.0,31924224.0,0.19816593826032516,0.8652065987720673,0.0031382977369669445,0.20642007557980965,0.8583014991977012,0.003439422232750516,7598452.0,8782240.0,377207040.0,74749587.0,7856631.0,9153696.0,377117118.0,77844544.0
46.1,mcf,mcf-attacker,2,0.19884022574633065,19505.2,0.003171137956642048,7612612.0,8808227.0,74968784.0,377030270.0,31957319.68,0.19884022574633065,0.86426155910832,0.003171137956642048,0.2069620992532049,0.8582579475255537,0.0034515537140079916,7612612.0,8808227.0,377030270.0,74968784.0,7881369.0,9182984.0,377109878.0,78047452.0
46.2,mcf,mcf-attacker,2,0.1983992917792028,19505.1,0.003149824268336496,7602315.0,8790101.0,74815571.0,377095958.0,31957155.84,0.1983992917792028,0.8648723148914899,0.003149824268336496,0.20670175489036943,0.8582264520200162,0.003449026428376987,7602315.0,8790101.0,377095958.0,74815571.0,7873336.0,9173961.0,377099169.0,77947060.0
46.3,mcf,mcf-attacker,2,0.19891645685674095,19502.4,0.003189719697736457,7605512.0,8808415.0,75015119.0,377118717.0,31952732.16,0.19891645685674095,0.8634370655787675,0.003189719697736457,0.20697095964316192,0.8585072122193308,0.003449444529656641,7605512.0,8808415.0,377118717.0,75015119.0,7892741.0,9193564.0,377110862.0,78050997.0
46.4,mcf,mcf-attacker,2,0.19895881680967104,19516.8,0.0031845297415483555,7614073.0,8814958.0,75027297.0,377099634.0,31976325.119999997,0.19895881680967104,0.8637673599806148,0.0031845297415483555,0.20689081414337365,0.8586830973471657,0.0034419444064454916,7614073.0,8814958.0,377099634.0,75027297.0,7886945.0,9184931.0,377108357.0,78020255.0
46.5,mcf,mcf-attacker,2,0.19894228396645436,19500.8,0.0031909097767579006,7615420.0,8818725.0,75021941.0,377104050.0,31950110.72,0.19894228396645436,0.8635511369273903,0.0031909097767579006,0.20695420304917012,0.8580185145932234,0.0034600878983436895,7615420.0,8818725.0,377104050.0,75021941.0,7885324.0,9190156.0,377109495.0,78044395.0
46.6,mcf,mcf-attacker,2,0.19905304293066212,19514.100000000002,0.003194706654308595,7612930.0,8817667.0,75063720.0,377104107.0,31971901.44,0.19905304293066212,0.8633723636875831,0.003194706654308595,0.2069452566723724,0.8589176080302793,0.003436428841503151,7612930.0,8817667.0,377104107.0,75063720.0,7889531.0,9185434.0,377107474.0,78040603.0
46.7,mcf,mcf-attacker,2,0.9238190508678374,15745.599999999999,0.0008526160253069604,1921249.0,2237708.0,342886885.0,371162388.0,25797591.04,0.9238190508678374,0.8585789566824626,0.0008526160253069604,0.21575970359580718,0.8708364429868033,0.0032734905070382217,1921249.0,2237708.0,371162388.0,342886885.0,8323109.0,9557603.0,377118552.0,81366987.0
46.8,mcf,mcf-attacker,2,1.0038574119523738,12332.6,2.1740121886806067e-05,17988.0,26187.0,378591572.0,377136800.0,20205731.84,1.0038574119523738,0.6869057165769274,2.1740121886806067e-05,0.21683574127699443,0.8785973608655658,0.003094802359302478,17988.0,26187.0,377136800.0,378591572.0,8445424.0,9612394.0,377074160.0,81763155.0
46.9,mcf,mcf-attacker,2,0.25511470184312507,16901.6,0.0033126031311088745,7057409.0,8306612.0,96205322.0,377106146.0,27691581.439999998,0.25511470184312507,0.8496134163964802,0.0033126031311088745,0.20425530195672423,0.8736178584139014,0.0030398327764173116,7057409.0,8306612.0,377106146.0,96205322.0,7926306.0,9072967.0,377211868.0,77047524.0
47.2,mcf,mcf-attacker,2,0.2011176493686395,19535.899999999998,0.003452396256326376,7598972.0,8901263.0,75864323.0,377213652.0,32007618.56,0.2011176493686395,0.8536959305662578,0.003452396256326376,0.20495123311930327,0.868445563457707,0.003171906378120369,7598972.0,8901263.0,377213652.0,75864323.0,7897406.0,9093726.0,377161195.0,77299652.0
47.3,mcf,mcf-attacker,2,0.2005889171701565,19532.9,0.003384976162115055,7609293.0,8885866.0,75647917.0,377129096.0,32002703.36,0.2005889171701565,0.856336681196858,0.003384976162115055,0.20534331764397348,0.8657668227577099,0.003243578434249984,7609293.0,8885866.0,377129096.0,75647917.0,7891262.0,9114766.0,377208082.0,77457159.0
47.4,mcf,mcf-attacker,2,0.20018781122468293,19529.100000000002,0.003319942916784977,7617721.0,8870046.0,75513407.0,377212811.0,31996477.44,0.20018781122468293,0.8588141482017116,0.003319942916784977,0.20506507607734514,0.865667271485846,0.003239937892521673,7617721.0,8870046.0,377212811.0,75513407.0,7875872.0,9098036.0,377218342.0,77354308.0
47.5,mcf,mcf-attacker,2,0.2009727591914253,19523.399999999998,0.003368467236511479,7633793.0,8904077.0,75788916.0,377110392.0,31987138.56,0.2009727591914253,0.8573368132373518,0.003368467236511479,0.2059998687752994,0.8634395358012337,0.0033116483406287096,7633793.0,8904077.0,377110392.0,75788916.0,7896196.0,9145048.0,377108881.0,77684380.0
47.6,mcf,mcf-attacker,2,0.2000908870545985,19546.0,0.0032846043620695566,7627009.0,8865839.0,75466804.0,377162624.0,32024166.4,0.2000908870545985,0.8602692875428936,0.0032846043620695566,0.2057043175528517,0.8628920550465806,0.003320645463216673,7627009.0,8865839.0,377162624.0,75466804.0,7882166.0,9134591.0,377163119.0,77584082.0
47.7,mcf,mcf-attacker,2,0.19989929290605257,19508.600000000002,0.0032759947590427873,7615065.0,8850272.0,75371612.0,377047917.0,31962890.240000002,0.19989929290605257,0.8604328770912352,0.0032759947590427873,0.20554765790911472,0.8633407967329991,0.003303688920516663,7615065.0,8850272.0,377047917.0,75371612.0,7869480.0,9115149.0,377053963.0,77502559.0
47.8,mcf,mcf-attacker,2,0.20029984623329236,19518.0,0.0032780109270248046,7630562.0,8866855.0,75542548.0,377147309.0,31978291.2,0.20029984623329236,0.8605714201935184,0.0032780109270248046,0.20609746630911488,0.8611568707597431,0.003365134547245502,7630562.0,8866855.0,377147309.0,75542548.0,7873193.0,9142577.0,377216418.0,77743348.0
47.9,mcf,mcf-attacker,2,0.19974689329779266,19504.8,0.0032422565462909077,7626043.0,8848978.0,75341807.0,377186377.0,31956664.32,0.19974689329779266,0.8617992947886185,0.0032422565462909077,0.20597963307849226,0.8615468458590815,0.003354081662632505,7626043.0,8848978.0,377186377.0,75341807.0,7871179.0,9136101.0,377129160.0,77680926.0
48.0,mcf,mcf-attacker,2,0.19993521988840957,19535.2,0.0032710302601732457,7625717.0,8859375.0,75404892.0,377146618.0,32006471.68,0.19993521988840957,0.8607511252204586,0.0032710302601732457,0.20596874531022508,0.861127703339354,0.0033625856949692787,7625717.0,8859375.0,377146618.0,75404892.0,7864210.0,9132455.0,377163622.0,77683918.0
48.1,mcf,mcf-attacker,2,0.19978949458991752,19519.3,0.003233591514395966,7629665.0,8849286.0,75355054.0,377172254.0,31980421.12,0.19978949458991752,0.862178598363755,0.003233591514395966,0.20608429541029225,0.8605931362336718,0.0033797611175845664,7629665.0,8849286.0,377172254.0,75355054.0,7869354.0,9144105.0,377171923.0,77729210.0
48.2,mcf,mcf-attacker,2,0.19988340929574375,19548.2,0.0032364199048253097,7639996.0,8860429.0,75374740.0,377093528.0,32027770.88,0.19988340929574375,0.8622602810766837,0.0032364199048253097,0.20618916815673272,0.8613449223074084,0.0033625475329911864,7639996.0,8860429.0,377093528.0,75374740.0,7878399.0,9146625.0,377162252.0,77766771.0
48.3,mcf,mcf-attacker,2,0.1996117959946454,19536.600000000002,0.003232644578701091,7624878.0,8844157.0,75288967.0,377176943.0,32008765.44,0.1996117959946454,0.862137341071625,0.003232644578701091,0.20610027768427075,0.8605056396825028,0.003382294083614258,7624878.0,8844157.0,377176943.0,75288967.0,7866746.0,9142004.0,377039361.0,77707917.0
48.4,mcf,mcf-attacker,2,0.1994726756198094,19513.7,0.0032118460546459097,7625197.0,8836585.0,75233620.0,377162535.0,31971246.080000002,0.1994726756198094,0.8629121996789484,0.0032118460546459097,0.20600523925822156,0.8607275269077499,0.003377022981472506,7625197.0,8836585.0,377162535.0,75233620.0,7872189.0,9145971.0,377190800.0,77703281.0
48.5,mcf,mcf-attacker,2,0.19999859027178327,19527.9,0.0032493095096300965,7639722.0,8865017.0,75418261.0,377093963.0,31994511.36,0.19999859027178327,0.8617831189720223,0.0032493095096300965,0.20637040936514445,0.8603118078018543,0.003392728590279698,7639722.0,8865017.0,377093963.0,75418261.0,7880568.0,9160130.0,377148353.0,77832260.0
48.7,mcf,mcf-attacker,2,0.1998491582325612,19551.100000000002,0.0032245234206466694,7629021.0,8845219.0,75377386.0,377171396.0,32032522.240000002,0.1998491582325612,0.8625022172995378,0.0032245234206466694,0.20630718391001845,0.8602935144225596,0.0033907708772056497,7629021.0,8845219.0,377171396.0,75377386.0,7875329.0,9154235.0,377172639.0,77813425.0
48.8,mcf,mcf-attacker,2,0.19954223119124787,19516.8,0.003233424635615513,7618801.0,8838559.0,75274132.0,377234090.0,31976325.119999997,0.19954223119124787,0.8619958298632164,0.003233424635615513,0.20592548648109452,0.8600246398111385,0.0033936356938991863,7618801.0,8838559.0,377234090.0,75274132.0,7865935.0,9146174.0,377247034.0,77684779.0
48.9,mcf,mcf-attacker,2,0.1997098487840948,19496.5,0.0032261462894563873,7632879.0,8849692.0,75325022.0,377172295.0,31943065.6,0.1997098487840948,0.8625022204162586,0.0032261462894563873,0.20636877182271515,0.8598435509833273,0.0034029041258771967,7632879.0,8849692.0,377172295.0,75325022.0,7872688.0,9155954.0,377109067.0,77823535.0
49.0,mcf,mcf-attacker,2,0.19949874026257372,19511.5,0.0032175649658024675,7616333.0,8829498.0,75219892.0,377044446.0,31967641.6,0.19949874026257372,0.862600908907845,0.0032175649658024675,0.2059719992591107,0.8604669632728342,0.0033821609421958395,7616333.0,8829498.0,377044446.0,75219892.0,7865692.0,9141190.0,377125164.0,77677224.0
49.3,mcf,mcf-attacker,2,0.19960977479667552,19518.2,0.003215618392301955,7634433.0,8847190.0,75281990.0,377145809.0,31978618.88,0.19960977479667552,0.8629217864655331,0.003215618392301955,0.20604169599545435,0.8605070680691256,0.00338386283575805,7634433.0,8847190.0,377145809.0,75281990.0,7868425.0,9143940.0,376940515.0,77665463.0
49.4,mcf,mcf-attacker,2,0.20983646508314002,13358.199999999999,0.0031618326988253815,8102634.0,9295512.0,79165891.0,377274231.0,21886074.88,0.20983646508314002,0.8716716195944881,0.0031618326988253815,0.9760771494526259,0.8401942773802922,0.0006671358614973903,8102634.0,9295512.0,377274231.0,79165891.0,1289284.0,1534507.0,367575803.0,358782342.0
49.5,mcf,mcf-attacker,2,0.21151113583193487,12038.199999999999,0.0030056210610302572,8237307.0,9370062.0,79714073.0,376878847.0,19723386.88,0.21151113583193487,0.8791091243579818,0.0030056210610302572,1.0085292943777426,0.7863833941563423,2.4369306439037933e-05,8237307.0,9370062.0,376878847.0,79714073.0,33831.0,43021.0,377113728.0,380330242.0
49.6,mcf,mcf-attacker,2,0.19906599649917006,18933.0,0.0029432665720248307,7710504.0,8820446.0,75070234.0,377112291.0,31019827.2,0.19906599649917006,0.8741625990341078,0.0029432665720248307,0.20915061892527123,0.8495271049197387,0.003691790150223616,7710504.0,8820446.0,377112291.0,75070234.0,7859959.0,9252158.0,377106754.0,78872111.0
49.7,mcf,mcf-attacker,2,0.19811580357884936,19587.8,0.002973906572895901,7656066.0,8777676.0,74719451.0,377150382.0,32092651.52,0.19811580357884936,0.8722201639705088,0.002973906572895901,0.20852423915059778,0.8521692512570925,0.0036205083551021883,7656066.0,8777676.0,377150382.0,74719451.0,7871478.0,9236989.0,377160019.0,78647006.0
49.8,mcf,mcf-attacker,2,0.1987890332320315,19560.3,0.003045622935186031,7646272.0,8794862.0,74968931.0,377128103.0,32047595.52,0.1987890332320315,0.8694021577598375,0.003045622935186031,0.20812692651422035,0.8546062740320141,0.0035510920849175305,7646272.0,8794862.0,377128103.0,74968931.0,7870129.0,9209070.0,377050487.0,78474359.0
49.9,mcf,mcf-attacker,2,0.19858250837444041,19537.9,0.003078505945471505,7637533.0,8798483.0,74888393.0,377114750.0,32010895.36,0.19858250837444041,0.8680511174483146,0.003078505945471505,0.20797818436964502,0.8535811646574237,0.0035794446588749036,7637533.0,8798483.0,377114750.0,74888393.0,7871058.0,9221218.0,377198177.0,78448992.0
50.0,mcf,mcf-attacker,2,0.19901320105005385,19567.6,0.0031028438295297796,7642822.0,8812962.0,75051572.0,377118561.0,32059555.84,0.19901320105005385,0.8672251168222443,0.0031028438295297796,0.20808106109479604,0.8553873273533722,0.00353701218186377,7642822.0,8812962.0,377118561.0,75051572.0,7888210.0,9221799.0,377038283.0,78454526.0
50.1,mcf,mcf-attacker,2,0.19900359226262476,19567.6,0.003122020293549601,7640678.0,8817903.0,75038591.0,377071540.0,32059555.84,0.19900359226262476,0.86649603652932,0.003122020293549601,0.20743835491429513,0.8581584877223378,0.003457579505188812,7640678.0,8817903.0,377071540.0,75038591.0,7889432.0,9193444.0,377145919.0,78234529.0
50.2,mcf,mcf-attacker,2,0.1990179861649095,19576.199999999997,0.0031365660215801595,7636540.0,8819484.0,75058880.0,377146214.0,32073646.08,0.1990179861649095,0.8658715181069551,0.0031365660215801595,0.20760910044815975,0.8566813673718157,0.003500777499081683,7636540.0,8819484.0,377146214.0,75058880.0,7892357.0,9212710.0,377159931.0,78301834.0
50.3,mcf,mcf-attacker,2,0.19906187282144605,19553.0,0.0031496277678654118,7636736.0,8824726.0,75083004.0,377184254.0,32035635.2,0.19906187282144605,0.8653793896830337,0.0031496277678654118,0.2072073005942581,0.8582376954562734,0.0034544371694003543,7636736.0,8824726.0,377184254.0,75083004.0,7888442.0,9191442.0,377196034.0,78157772.0
50.4,mcf,mcf-attacker,2,0.19959083482112341,19589.0,0.003184028701761714,7643545.0,8844289.0,75268636.0,377114691.0,32094617.6,0.19959083482112341,0.8642351013179239,0.003184028701761714,0.20757934752623716,0.8584326940724564,0.0034567077947281616,7643545.0,8844289.0,377114691.0,75268636.0,7904474.0,9208030.0,377109110.0,78280063.0
50.5,mcf,mcf-attacker,2,0.19959510647621967,19564.5,0.0031815547494696466,7647382.0,8847252.0,75273946.0,377133224.0,32054476.8,0.19959510647621967,0.864379357567751,0.0031815547494696466,0.20747165447982358,0.8578747247870611,0.003468114246271454,7647382.0,8847252.0,377133224.0,75273946.0,7894913.0,9202874.0,377138960.0,78245644.0
50.6,mcf,mcf-attacker,2,0.19902996556589547,19539.5,0.003180950238787921,7617236.0,8817139.0,75077142.0,377215269.0,32013516.799999997,0.19902996556589547,0.8639124323660997,0.003180950238787921,0.2067231832836528,0.8588918376072527,0.0034276338963811024,7617236.0,8817139.0,377215269.0,75077142.0,7868668.0,9161419.0,377155507.0,77966787.0
50.7,mcf,mcf-attacker,2,0.19917592677552345,19556.600000000002,0.0031780349930512135,7620054.0,8818339.0,75099716.0,377052173.0,32041533.44,0.19917592677552345,0.8641144324344981,0.0031780349930512135,0.20708054149547475,0.8595497219284491,0.0034204024936750374,7620054.0,8818339.0,377052173.0,75099716.0,7894231.0,9184147.0,377124038.0,78095050.0
50.8,mcf,mcf-attacker,2,0.19952275586291843,19530.9,0.003192898791425635,7625007.0,8829321.0,75257020.0,377185147.0,31999426.560000002,0.19952275586291843,0.8636006098317186,0.003192898791425635,0.2070150208761409,0.8585818204357002,0.00344174268537355,7625007.0,8829321.0,377185147.0,75257020.0,7881885.0,9180121.0,377203097.0,78086707.0
50.9,mcf,mcf-attacker,2,0.1993276323712783,19529.9,0.003197403477411677,7625968.0,8831975.0,75183042.0,377183239.0,31997788.16,0.1993276323712783,0.8634499078631903,0.003197403477411677,0.2070655159351793,0.8591853203876472,0.00342656037840775,7625968.0,8831975.0,377183239.0,75183042.0,7886078.0,9178553.0,377193120.0,78103688.0
51.0,mcf,mcf-attacker,2,0.19918330387817296,19558.4,0.0031877405168177476,7618210.0,8820344.0,75114339.0,377111623.0,32044482.560000002,0.19918330387817296,0.8637089437781565,0.0031877405168177476,0.20671685741913245,0.8595150561179602,0.0034127700947986644,7618210.0,8820344.0,377111623.0,75114339.0,7874069.0,9161060.0,377110372.0,77955071.0
51.1,mcf,mcf-attacker,2,0.6920467162759801,19539.3,0.0017644784173232,4115494.0,4777890.0,259798574.0,375406122.0,32013189.12,0.6920467162759801,0.8613622331196407,0.0017644784173232,0.21360391395522693,0.8656412807888,0.003374297989445416,4115494.0,4777890.0,375406122.0,259798574.0,8354755.0,9651521.0,384306900.0,82089458.0
51.3,mcf,mcf-attacker,2,1.0058696319308231,13016.900000000001,2.162274758869372e-05,14861.0,23015.0,379316317.0,377102862.0,21326888.96,1.0058696319308231,0.64570932000869,2.162274758869372e-05,0.2179443720874332,0.8784812251848152,0.0031091775165921287,14861.0,23015.0,377102862.0,379316317.0,8476316.0,9648830.0,377113881.0,82189848.0
51.4,mcf,mcf-attacker,2,0.4756340290902988,19582.9,0.002310747993144199,4995089.0,5866474.0,179361990.0,377100836.0,32084623.36,0.4756340290902988,0.8514635878382825,0.002310747993144199,0.20881067156269362,0.8757665315024211,0.0030523042294652455,4995089.0,5866474.0,377100836.0,179361990.0,8114646.0,9265764.0,377130821.0,78748940.0
51.5,mcf,mcf-attacker,2,0.20171500279246762,19564.5,0.0035485722309348145,7588122.0,8926340.0,76069650.0,377114488.0,32054476.8,0.20171500279246762,0.8500821165225613,0.0035485722309348145,0.20535673809009578,0.8716187082644137,0.0030989503046801466,7588122.0,8926340.0,377114488.0,76069650.0,7934339.0,9102993.0,377112856.0,77442666.0
51.6,mcf,mcf-attacker,2,0.20142964733071925,19583.600000000002,0.0034764023674744605,7603653.0,8914651.0,75961824.0,377113424.0,32085770.240000002,0.20142964733071925,0.8529389428705622,0.0034764023674744605,0.2060897008920498,0.8680095686442149,0.0031998153527472064,7603653.0,8914651.0,377113424.0,75961824.0,7935294.0,9141943.0,377099572.0,77716338.0
51.7,mcf,mcf-attacker,2,0.20074233239874975,19567.6,0.0033757205126831997,7616952.0,8889961.0,75701408.0,377107345.0,32059555.84,0.20074233239874975,0.8568037587566469,0.0033757205126831997,0.20592657668643904,0.8677510900826289,0.0032036838235286525,7616952.0,8889961.0,377107345.0,75701408.0,7927380.0,9135546.0,377117739.0,77658565.0
51.8,mcf,mcf-attacker,2,0.20107547552487912,19571.100000000002,0.0034092165505010797,7612020.0,8897671.0,75827652.0,377110395.0,32065290.240000002,0.20107547552487912,0.8555070197583166,0.0034092165505010797,0.20656131250487347,0.8645141018394672,0.003290752896613188,7612020.0,8897671.0,377110395.0,75827652.0,7918376.0,9159337.0,377105495.0,77895406.0
51.9,mcf,mcf-attacker,2,0.20022916618399217,19553.2,0.0033043243186323696,7629196.0,8875286.0,75508194.0,377108867.0,32035962.88,0.20022916618399217,0.8596000173966225,0.0033043243186323696,0.20664567831882708,0.863830524525406,0.0033074013017468256,7629196.0,8875286.0,377108867.0,75508194.0,7912222.0,9159461.0,377105433.0,77927208.0
52.0,mcf,mcf-attacker,2,0.20068411845280412,19577.5,0.0033385327350496687,7628461.0,8887436.0,75678841.0,377104285.0,32075776.0,0.20068411845280412,0.8583421585258111,0.0033385327350496687,0.20672055344860168,0.8631130926485036,0.003328997378120395,7628461.0,8887436.0,377104285.0,75678841.0,7915895.0,9171330.0,377121054.0,77958673.0
52.1,mcf,mcf-attacker,2,0.19999797147738096,19558.5,0.003270439851321224,7621821.0,8855175.0,75423585.0,377121750.0,32044646.4,0.19999797147738096,0.860719409836621,0.003270439851321224,0.20668871471194983,0.8618996596454406,0.0033575489323478215,7621821.0,8855175.0,377121750.0,75423585.0,7902477.0,9168674.0,377119448.0,77946334.0
52.2,mcf,mcf-attacker,2,0.19984578605564354,19586.399999999998,0.003248868868149808,7630736.0,8855946.0,75365632.0,377118945.0,32090357.759999998,0.19984578605564354,0.8616511437626201,0.003248868868149808,0.2067645019846757,0.8621559876711038,0.003354316409241498,7630736.0,8855946.0,377118945.0,75365632.0,7911846.0,9176815.0,377116779.0,77974363.0
52.3,mcf,mcf-attacker,2,0.20011537589464673,19558.3,0.0032796436531688424,7623407.0,8860199.0,75465850.0,377111702.0,32044318.72,0.20011537589464673,0.8604103587289631,0.0032796436531688424,0.20699299395737392,0.8610630570527186,0.003382869351868435,7623407.0,8860199.0,377111702.0,75465850.0,7906597.0,9182367.0,377126595.0,78062563.0
52.4,mcf,mcf-attacker,2,0.19965971540301378,19565.8,0.003232068579524412,7629073.0,8847921.0,75293837.0,377110810.0,32056606.72,0.19965971540301378,0.862244701325882,0.003232068579524412,0.2070477046292183,0.860207098175997,0.003405162209297895,7629073.0,8847921.0,377110810.0,75293837.0,7901348.0,9185402.0,377090406.0,78075703.0
52.5,mcf,mcf-attacker,2,0.1998870025239619,19564.3,0.003249501463863123,7635803.0,8861226.0,75379603.0,377111078.0,32054149.12,0.1998870025239619,0.8617095422236155,0.003249501463863123,0.20717125201734848,0.8608862755428729,0.003391664401843683,7635803.0,8861226.0,377111078.0,75379603.0,7914991.0,9194003.0,377104527.0,78125217.0
52.6,mcf,mcf-attacker,2,0.19987392202930637,19563.2,0.003253886735589484,7628231.0,8855220.0,75369281.0,377084115.0,32052346.88,0.19987392202930637,0.861438902703716,0.003253886735589484,0.20724709823250576,0.8593010948373442,0.0034303470999362687,7628231.0,8855220.0,377084115.0,75369281.0,7904233.0,9198444.0,377282812.0,78190768.0
52.7,mcf,mcf-attacker,2,0.19971234888172193,19379.6,0.0032102043842950085,7632583.0,8843202.0,75314695.0,377115864.0,31751536.64,0.19971234888172193,0.8631017362263126,0.0032102043842950085,0.20717749415734263,0.860380500817195,0.0034007260233206156,7632583.0,8843202.0,377115864.0,75314695.0,7898977.0,9180795.0,376924807.0,78090337.0
52.8,mcf,mcf-attacker,2,0.2000625273438863,19734.9,0.0032481186387205807,7627093.0,8852693.0,75488817.0,377326119.0,32333660.16,0.2000625273438863,0.8615562518659576,0.0032481186387205807,0.20721601725033412,0.8597396886033127,0.0034201772825489213,7627093.0,8852693.0,377326119.0,75488817.0,7905824.0,9195602.0,377108522.0,78142926.0
52.9,mcf,mcf-attacker,2,0.19979988496604034,19557.3,0.0032235755422697966,7623086.0,8838004.0,75301625.0,376885227.0,32042680.32,0.19979988496604034,0.8625347985812181,0.0032235755422697966,0.20718652417316089,0.8594673410309034,0.0034251727309122957,7623086.0,8838004.0,376885227.0,75301625.0,7899770.0,9191472.0,377120251.0,78134234.0
53.0,mcf,mcf-attacker,2,0.19959796361450668,19563.3,0.003219221742426924,7630864.0,8844886.0,75271708.0,377116613.0,32052510.72,0.19959796361450668,0.8627430585312236,0.003219221742426924,0.20703144127127462,0.859712368256546,0.0034123254484927945,7630864.0,8844886.0,377116613.0,75271708.0,7885765.0,9172562.0,377102659.0,78072107.0
53.1,mcf,mcf-attacker,2,0.19964343882947413,19557.2,0.003220566877829499,7627240.0,8841824.0,75292250.0,377133606.0,32042516.48,0.19964343882947413,0.8626319637215126,0.003220566877829499,0.2071040790955646,0.8596739490108831,0.0034161440286473973,7627240.0,8841824.0,377133606.0,75292250.0,7892682.0,9181018.0,377131640.0,78105501.0
53.4,mcf,mcf-attacker,2,0.19971414803582738,19572.5,0.0032284715442398135,7630248.0,8847732.0,75313899.0,377108481.0,32067584.0,0.19971414803582738,0.8623959224804729,0.0032284715442398135,0.20731391897396212,0.8593786412916825,0.0034308057777300144,7630248.0,8847732.0,377108481.0,75313899.0,7906311.0,9200032.0,377089548.0,78175912.0
53.5,mcf,mcf-attacker,2,0.19955405226315875,19549.8,0.0032046437784333964,7632684.0,8841212.0,75255372.0,377117734.0,32030392.32,0.19955405226315875,0.863307428890971,0.0032046437784333964,0.2070137900783276,0.8598710692775643,0.0034131577014600515,7632684.0,8841212.0,377117734.0,75255372.0,7898258.0,9185398.0,377111201.0,78067219.0
53.6,mcf,mcf-attacker,2,0.19956082705758998,13906.8,0.0032119169489701325,7634665.0,8845938.0,75258061.0,377118406.0,22784901.119999997,0.19956082705758998,0.863070145868081,0.0032119169489701325,0.20869291373391202,0.85938303521231,0.003420739108211935,7634665.0,8845938.0,377118406.0,75258061.0,7884377.0,9174462.0,377136332.0,78705680.0
53.7,mcf,mcf-attacker,2,0.21150379782501696,12030.0,0.0031150825460638677,8196718.0,9371449.0,79760348.0,377110713.0,19709952.0,0.21150379782501696,0.8746478799596519,0.0031150825460638677,1.1082340552918442,0.47133652563320266,0.00013920546768423917,8196718.0,9371449.0,377110713.0,79760348.0,45574.0,96691.0,367205404.0,406949534.0
53.9,mcf,mcf-attacker,2,0.1980715967014687,18340.899999999998,0.0029258626801560725,7671131.0,8774545.0,74697618.0,377124329.0,30049730.56,0.1980715967014687,0.8742482943560036,0.0029258626801560725,0.20776562815671168,0.8525200976552102,0.0036000506869415705,7671131.0,8774545.0,377124329.0,74697618.0,7846433.0,9203810.0,377043858.0,78336754.0
54.0,mcf,mcf-attacker,2,0.19842650256563324,19532.4,0.003006445925853072,7660323.0,8793921.0,74817872.0,377055842.0,32001884.16,0.19842650256563324,0.8710929970828712,0.003006445925853072,0.2081380939711299,0.849823350662267,0.0036738886132829138,7660323.0,8793921.0,377055842.0,74817872.0,7840630.0,9226188.0,377136638.0,78496501.0
54.1,mcf,mcf-attacker,2,0.19863935740307523,19532.3,0.003029253605032826,7649320.0,8791751.0,74913424.0,377132835.0,32001720.32,0.19863935740307523,0.870056488178521,0.003029253605032826,0.20729397364315855,0.8545601008061315,0.0035464686658935925,7649320.0,8791751.0,377132835.0,74913424.0,7858762.0,9196266.0,377136844.0,78178195.0
54.2,mcf,mcf-attacker,2,0.199049228568994,19542.0,0.003102426945857592,7650299.0,8820248.0,75062991.0,377107671.0,32017612.8,0.199049228568994,0.8673564507483237,0.003102426945857592,0.20742580334799848,0.8554285030184416,0.0035256192205339256,7650299.0,8820248.0,377107671.0,75062991.0,7867062.0,9196633.0,377117016.0,78223800.0
54.3,mcf,mcf-attacker,2,0.19901402732966328,19549.9,0.003100778889734081,7641195.0,8810550.0,75051481.0,377116538.0,32030556.16,0.19901402732966328,0.8672778657405043,0.003100778889734081,0.20725492797351214,0.8553033864114787,0.0035295724021004145,7641195.0,8810550.0,377116538.0,75051481.0,7867734.0,9198764.0,377108003.0,78157492.0
54.4,mcf,mcf-attacker,2,0.19918651850925645,19538.0,0.0031312570458739146,7646273.0,8827176.0,75119977.0,377133842.0,32011059.2,0.19918651850925645,0.8662196154240043,0.0031312570458739146,0.2068678374229213,0.8573968620703442,0.003470761889305264,7646273.0,8827176.0,377133842.0,75119977.0,7870249.0,9179237.0,377147163.0,78019618.0
54.5,mcf,mcf-attacker,2,0.1994144434040916,19549.2,0.0031627414092659546,7637345.0,8830071.0,75202731.0,377117774.0,32029409.28,0.1994144434040916,0.8649245289194164,0.0031627414092659546,0.20696540992652498,0.8576443646530523,0.0034654829651600033,7637345.0,8830071.0,377117774.0,75202731.0,7873695.0,9180606.0,377122327.0,78051277.0
54.6,mcf,mcf-attacker,2,0.199436580249077,19538.600000000002,0.003158229227739991,7644961.0,8835982.0,75210866.0,377116705.0,32012042.240000002,0.199436580249077,0.8652078512609012,0.003158229227739991,0.20707500272908946,0.8568668385542677,0.0034873077571072365,7644961.0,8835982.0,377116705.0,75210866.0,7872710.0,9187787.0,377103798.0,78088770.0
54.7,mcf,mcf-attacker,2,0.1995753771628249,19557.7,0.0031717339006002016,7640564.0,8836702.0,75264729.0,377124323.0,32043335.68,0.1995753771628249,0.8646397717157374,0.0031717339006002016,0.20672388192810595,0.8592017740776401,0.0034246696935366348,7640564.0,8836702.0,377124323.0,75264729.0,7881451.0,9172992.0,377128633.0,77961495.0
54.8,mcf,mcf-attacker,2,0.1997419394433564,19534.2,0.0031991493324111183,7643196.0,8849627.0,75324670.0,377109936.0,32004833.28,0.1997419394433564,0.8636743672925424,0.0031991493324111183,0.2070138213394032,0.8580587444978388,0.0034583763343959077,7643196.0,8849627.0,377109936.0,75324670.0,7884217.0,9188435.0,377118588.0,78068760.0
54.9,mcf,mcf-attacker,2,0.19960170133153232,19535.4,0.003194453183816966,7633178.0,8837936.0,75277906.0,377140603.0,32006799.36,0.19960170133153232,0.8636833305875942,0.003194453183816966,0.2067499660293787,0.8581924333822678,0.0034511462533208755,7633178.0,8837936.0,377140603.0,75277906.0,7876715.0,9178262.0,377134698.0,77972586.0
55.0,mcf,mcf-attacker,2,0.19952706398504275,19525.3,0.003202074020763971,7633639.0,8840991.0,75232302.0,377053120.0,31990251.52,0.19952706398504275,0.8634370287222326,0.003202074020763971,0.206590532401273,0.8592597601609834,0.0034222409791587636,7633639.0,8840991.0,377053120.0,75232302.0,7878252.0,9168650.0,377062284.0,77897498.0
55.1,mcf,mcf-attacker,2,0.19959933833511545,19544.4,0.0031941371051858207,7639088.0,8843652.0,75272341.0,377117187.0,32021544.96,0.19959933833511545,0.8637933740495443,0.0031941371051858207,0.20670736322603997,0.8592510480490164,0.003425714398484214,7639088.0,8843652.0,377117187.0,75272341.0,7887031.0,9178960.0,377126885.0,77954904.0
55.2,mcf,mcf-attacker,2,0.19961214278010814,19534.8,0.003198283680593246,7631190.0,8837212.0,75270570.0,377084124.0,32005816.32,0.19961214278010814,0.8635291311332126,0.003198283680593246,0.20652190392661351,0.8591436902344417,0.0034209154659890057,7631190.0,8837212.0,377084124.0,75270570.0,7868013.0,9157971.0,377079765.0,77875231.0
55.5,mcf,mcf-attacker,2,0.1995873047761161,19557.7,0.0032001625409335344,7632853.0,8839481.0,75254812.0,377052098.0,32043335.68,0.1995873047761161,0.8634956056809218,0.0032001625409335344,0.20667902568316693,0.8594477272985044,0.003418040915249132,7632853.0,8839481.0,377052098.0,75254812.0,7880730.0,9169528.0,377057511.0,77929879.0
55.6,mcf,mcf-attacker,2,0.4801201323429519,16342.3,0.002618340740776354,6102679.0,7080796.0,179355443.0,373563679.0,26775224.32,0.4801201323429519,0.8618634119666772,0.002618340740776354,0.21035460686405136,0.8605195265531195,0.003452458870271887,6102679.0,7080796.0,373563679.0,179355443.0,8108512.0,9422810.0,380684622.0,80078764.0
55.7,mcf,mcf-attacker,2,1.0023625505772122,12353.5,2.197451365306073e-05,11131.0,19418.0,378009661.0,377118699.0,20239974.4,1.0023625505772122,0.5732310227623855,2.197451365306073e-05,0.21731412704730196,0.8784429745809544,0.003104817178504828,11131.0,19418.0,377118699.0,378009661.0,8461327.0,9632187.0,377110771.0,81951498.0
55.8,mcf,mcf-attacker,2,0.6908125714690659,16492.0,0.0014237874455371594,2959936.0,3496859.0,260511609.0,377108958.0,27020492.8,0.6908125714690659,0.8464556334699226,0.0014237874455371594,0.21139621976091263,0.8772418625353446,0.0030509214965245726,2959936.0,3496859.0,377108958.0,260511609.0,8220587.0,9370947.0,377053294.0,79707641.0
55.9,mcf,mcf-attacker,2,0.2011690084564391,19521.5,0.0034937213449743212,7578367.0,8895653.0,75849529.0,377043808.0,31984025.6,0.2011690084564391,0.8519180098414361,0.0034937213449743212,0.2049967664720679,0.8716644089144612,0.003094711214863107,7578367.0,8895653.0,377043808.0,75849529.0,7926788.0,9093853.0,377115963.0,77307553.0
56.0,mcf,mcf-attacker,2,0.20091812644608295,19545.3,0.003437024900125937,7603633.0,8899752.0,75767214.0,377104920.0,32023019.52,0.20091812644608295,0.8543645935302467,0.003437024900125937,0.2054654565606398,0.8692711274697587,0.0031600550412562278,7603633.0,8899752.0,377104920.0,75767214.0,7923987.0,9115668.0,377107672.0,77482600.0
56.1,mcf,mcf-attacker,2,0.2006909138282017,19531.9,0.0034245975452141396,7591905.0,8883402.0,75685306.0,377123730.0,32001064.96,0.2006909138282017,0.8546168461136848,0.0034245975452141396,0.2058737962224371,0.8660316495123823,0.0032458587285609784,7591905.0,8883402.0,377123730.0,75685306.0,7912997.0,9137076.0,377120233.0,77639174.0
56.2,mcf,mcf-attacker,2,0.19995511872215155,19525.6,0.0033109988144657703,7613185.0,8861517.0,75388240.0,377025807.0,31990743.04,0.19995511872215155,0.8591288602165972,0.0033109988144657703,0.2058217772095402,0.8649251346953123,0.0032680022370245197,7613185.0,8861517.0,377025807.0,75388240.0,7893760.0,9126524.0,377222508.0,77640607.0
56.3,mcf,mcf-attacker,2,0.20011767291879234,19539.3,0.0033389309530542535,7611032.0,8870215.0,75468698.0,377121605.0,32013189.12,0.20011767291879234,0.8580436889072024,0.0033389309530542535,0.20607496201474948,0.8642163579507239,0.003293539028893433,7611032.0,8870215.0,377121605.0,75468698.0,7900952.0,9142331.0,376913402.0,77672415.0
56.4,mcf,mcf-attacker,2,0.1998421167900852,19522.199999999997,0.0032832263721336054,7610900.0,8849750.0,75405829.0,377327013.0,31985172.479999997,0.1998421167900852,0.8600129947173649,0.0032832263721336054,0.20645202169326865,0.8618450376818674,0.0033599497194577175,7610900.0,8849750.0,377327013.0,75405829.0,7904429.0,9171520.0,377116060.0,77856373.0
56.5,mcf,mcf-attacker,2,0.19939107222943778,19534.3,0.0032438668313271974,7606218.0,8828831.0,75150470.0,376899874.0,32004997.12,0.19939107222943778,0.8615203983403918,0.0032438668313271974,0.20608412018177935,0.8631667279576394,0.003317969571590244,7606218.0,8828831.0,376899874.0,75150470.0,7893576.0,9144903.0,377136370.0,77721817.0
56.6,mcf,mcf-attacker,2,0.19969110307700402,19516.6,0.003275215958712853,7616378.0,8851521.0,75307116.0,377118033.0,31975997.439999998,0.19969110307700402,0.8604598012025277,0.003275215958712853,0.20657195524443944,0.8608274158273275,0.0033825173323386542,7616378.0,8851521.0,377118033.0,75307116.0,7890122.0,9165742.0,377121497.0,77902725.0
56.7,mcf,mcf-attacker,2,0.19963387103108887,19550.3,0.003222727057730464,7625381.0,8840701.0,75283768.0,377109193.0,32031211.52,0.19963387103108887,0.8625312630751792,0.003222727057730464,0.20664647138311637,0.8609097558773459,0.0033824701409791626,7625381.0,8840701.0,377109193.0,75283768.0,7895090.0,9170636.0,377104881.0,77927393.0
56.8,mcf,mcf-attacker,2,0.19971699955568126,19514.4,0.003257874194142769,7622243.0,8850805.0,75314362.0,377105415.0,31972392.96,0.19971699955568126,0.8611920610611126,0.003257874194142769,0.20661676740169022,0.8605215219112174,0.0033888493323736245,7622243.0,8850805.0,377105415.0,75314362.0,7884488.0,9162453.0,377108828.0,77917007.0
56.9,mcf,mcf-attacker,2,0.19956307350709065,19513.0,0.0032422255857150707,7614262.0,8836944.0,75257619.0,377111946.0,31970099.2,0.19956307350709065,0.8616397252262773,0.0032422255857150707,0.20685993192889535,0.8594138287217136,0.003425779408091627,7614262.0,8836944.0,377111946.0,75257619.0,7897494.0,9189396.0,377111847.0,78009331.0
57.0,mcf,mcf-attacker,2,0.1993443320981089,19517.4,0.00322055234773431,7622996.0,8837492.0,75174339.0,377107983.0,31977308.16,0.1993443320981089,0.8625745856403604,0.00322055234773431,0.2066840079840011,0.8598341987117519,0.0034104998548024966,7622996.0,8837492.0,377107983.0,75174339.0,7889462.0,9175562.0,377100148.0,77940570.0
57.1,mcf,mcf-attacker,2,0.19946585382751025,19532.4,0.003232505980176899,7624194.0,8843210.0,75220918.0,377111754.0,32001884.16,0.19946585382751025,0.862152317993127,0.003232505980176899,0.20671179524282748,0.8601547646148752,0.003402869736666083,7624194.0,8843210.0,377111754.0,75220918.0,7893113.0,9176387.0,377115229.0,77954166.0
57.2,mcf,mcf-attacker,2,0.1994742618252937,19519.4,0.0032129599001480486,7630082.0,8841712.0,75223161.0,377107103.0,31980584.96,0.1994742618252937,0.8629643218417429,0.0032129599001480486,0.20679610502235604,0.8594392084717077,0.003421206595770415,7630082.0,8841712.0,377107103.0,75223161.0,7888447.0,9178598.0,377104090.0,77983657.0
57.3,mcf,mcf-attacker,2,0.19938698697204585,19537.1,0.0032249473857395216,7627621.0,8843777.0,75190585.0,377108788.0,32009584.64,0.19938698697204585,0.8624845470436444,0.0032249473857395216,0.20682214636423113,0.8598543165404908,0.0034103399678528626,7627621.0,8843777.0,377108788.0,75190585.0,7890546.0,9176608.0,377106685.0,77994014.0
57.6,mcf,mcf-attacker,2,0.19937088547151513,19512.9,0.0032134691476996564,7627308.0,8839118.0,75183430.0,377103356.0,31969935.36,0.19937088547151513,0.8629037422059531,0.0032134691476996564,0.2068073118006459,0.8595369775648204,0.003419088418208497,7627308.0,8839118.0,377103356.0,75183430.0,7890130.0,9179512.0,377112798.0,77989684.0
57.7,mcf,mcf-attacker,2,0.19933843474690224,19536.7,0.003224896853610434,7618708.0,8834829.0,75171290.0,377103844.0,32008929.28,0.19933843474690224,0.8623492316602845,0.003224896853610434,0.20680856906143694,0.8593706022791463,0.0034210998699354942,7618708.0,8834829.0,377103844.0,75171290.0,7883682.0,9173786.0,377102116.0,77987949.0
57.8,mcf,mcf-attacker,2,0.1994356784615355,19506.7,0.003201359128714945,7624476.0,8831740.0,75209155.0,377109831.0,31959777.28,0.1994356784615355,0.8633039469006107,0.003201359128714945,0.20675903687947295,0.8597074631930184,0.0034119239930336864,7624476.0,8831740.0,377109831.0,75209155.0,7884568.0,9171222.0,377105118.0,77969891.0
57.9,mcf,mcf-attacker,2,0.19956465483533092,14963.7,0.003222932288202425,7619267.0,8834658.0,75257270.0,377107209.0,24516526.080000002,0.19956465483533092,0.8624291964669147,0.003222932288202425,0.30288901528376866,0.8586227469465196,0.003237371150507879,7619267.0,8834658.0,377107209.0,75257270.0,7414544.0,8635392.0,377110916.0,114222754.0
58.0,mcf,mcf-attacker,2,0.21196521827746914,11998.4,0.0031020897187351367,8218206.0,9388069.0,79936523.0,377120943.0,19658178.56,0.21196521827746914,0.8753883253308002,0.0031020897187351367,1.0580833988687,0.5118279569892473,0.0001006377138936621,8218206.0,9388069.0,377120943.0,79936523.0,38794.0,75795.0,367665347.0,389020600.0
58.1,mcf,mcf-attacker,2,0.20879094387576377,17289.6,0.002978834013827065,8127224.0,9250559.0,78736235.0,377105604.0,28327280.64,0.20879094387576377,0.878565716947484,0.002978834013827065,0.8328476858512782,0.8439742077860717,0.0008564039984792612,8127224.0,9250559.0,377105604.0,78736235.0,1746965.0,2069927.0,377114073.0,314078583.0
58.2,mcf,mcf-attacker,2,0.19764443942407806,19534.5,0.0029240584647175966,7659297.0,8761971.0,74532499.0,377103951.0,32005324.8,0.19764443942407806,0.8741522883378637,0.0029240584647175966,0.20812957721678702,0.8526081165731105,0.003599025931407349,7659297.0,8761971.0,377103951.0,74532499.0,7850836.0,9208024.0,377098700.0,78485393.0
58.3,mcf,mcf-attacker,2,0.19801464758669035,19525.3,0.0029981938777042835,7645696.0,8776327.0,74672122.0,377104032.0,31990251.52,0.19801464758669035,0.8711726443192009,0.0029981938777042835,0.20872500575930497,0.8500473424079527,0.003677557136977713,7645696.0,8776327.0,377104032.0,74672122.0,7861730.0,9248579.0,377111476.0,78712595.0
58.4,mcf,mcf-attacker,2,0.19824237118654525,19548.0,0.003022922379740503,7651156.0,8791122.0,74758639.0,377107268.0,32027443.2,0.19824237118654525,0.8703275873091058,0.003022922379740503,0.2082304594407533,0.8522875598898927,0.003615504597170688,7651156.0,8791122.0,377107268.0,74758639.0,7866846.0,9230272.0,377105315.0,78524813.0
58.5,mcf,mcf-attacker,2,0.19834938495866,19526.199999999997,0.0030665818977883737,7630881.0,8787320.0,74799556.0,377110098.0,31991726.08,0.19834938495866,0.8683968490961977,0.0030665818977883737,0.20753241341695475,0.8562033707008511,0.003510911829864568,7630881.0,8787320.0,377110098.0,74799556.0,7883460.0,9207462.0,377110581.0,78262669.0
58.6,mcf,mcf-attacker,2,0.19873664631658416,19520.1,0.003105965386096733,7632165.0,8803446.0,74944962.0,377106907.0,31981731.84,0.19873664631658416,0.8669519867560953,0.003105965386096733,0.20791928790454553,0.8536130579579801,0.0035819893618469316,7632165.0,8803446.0,377106907.0,74944962.0,7876799.0,9227599.0,377108881.0,78408210.0
58.7,mcf,mcf-attacker,2,0.1985879044345729,19534.100000000002,0.003098434466745262,7638108.0,8806571.0,74890278.0,377113995.0,32004669.44,0.1985879044345729,0.8673191870025234,0.003098434466745262,0.2075240295590143,0.8561525075373237,0.0035107305302777333,7638108.0,8806571.0,377113995.0,74890278.0,7879627.0,9203532.0,377102426.0,78257815.0
58.9,mcf,mcf-attacker,2,0.19894014426655637,19520.6,0.0031458560313200115,7631611.0,8817943.0,75022206.0,377109438.0,31982551.04,0.19894014426655637,0.8654638615831379,0.0031458560313200115,0.20748635393151343,0.8559936907488735,0.0035133409073817494,7631611.0,8817943.0,377109438.0,75022206.0,7875534.0,9200458.0,377112280.0,78245652.0
59.0,mcf,mcf-attacker,2,0.1982297623119976,19520.8,0.003136879548889689,7596159.0,8779465.0,74777008.0,377223920.0,31982878.72,0.1982297623119976,0.8652188943175922,0.003136879548889689,0.2061212352486169,0.8580970303795952,0.003436556646611439,7596159.0,8779465.0,377223920.0,74777008.0,7837739.0,9133861.0,377157176.0,77740103.0
59.1,mcf,mcf-attacker,2,0.1982238127739762,19442.7,0.003148013366029749,7597659.0,8784895.0,74757766.0,377138170.0,31854919.68,0.1982238127739762,0.8648548445940447,0.003148013366029749,0.2062105671066946,0.8588996730499664,0.0034211355227179332,7597659.0,8784895.0,377138170.0,74757766.0,7857112.0,9147881.0,377292566.0,77801714.0
59.2,mcf,mcf-attacker,2,0.19823473337520509,19484.8,0.0031497802886754776,7600274.0,8788505.0,74782567.0,377242503.0,31923896.32,0.19823473337520509,0.8647971412657784,0.0031497802886754776,0.20655478967133611,0.8579939313393927,0.0034491731837798406,7600274.0,8788505.0,377242503.0,74782567.0,7858810.0,9159517.0,377106898.0,77893236.0
59.3,mcf,mcf-attacker,2,0.19809602748275093,19469.8,0.0031515984864392576,7590863.0,8779582.0,74717802.0,377179709.0,31899320.32,0.19809602748275093,0.8646041463021816,0.0031515984864392576,0.2061050653365035,0.8591081973223541,0.0034141548006356394,7590863.0,8779582.0,377179709.0,74717802.0,7854468.0,9142583.0,377286642.0,77760688.0
59.4,mcf,mcf-attacker,2,0.19844353273095816,19466.5,0.0031680824525075,7603677.0,8798770.0,74858682.0,377229134.0,31893913.6,0.19844353273095816,0.8641749926410168,0.0031680824525075,0.2062089677205165,0.85898247866197,0.0034187749693412833,7603677.0,8798770.0,377229134.0,74858682.0,7854236.0,9143651.0,377157026.0,77773161.0
59.7,mcf,mcf-attacker,2,0.19837985368056735,19455.1,0.0031766949517858497,7593313.0,8791520.0,74826237.0,377186673.0,31875235.84,0.19837985368056735,0.8637087784592425,0.0031766949517858497,0.20609336110335075,0.8590191504450262,0.0034155055075031594,7593313.0,8791520.0,377186673.0,74826237.0,7851746.0,9140362.0,377284123.0,77755753.0
59.8,mcf,mcf-attacker,2,0.19896738725610538,19514.6,0.0031749991017492826,7614664.0,8812114.0,75040493.0,377149713.0,31972720.64,0.19896738725610538,0.8641131969014473,0.0031749991017492826,0.2063815973841882,0.8595682871655682,0.0034040782134212013,7614664.0,8812114.0,377149713.0,75040493.0,7864149.0,9148952.0,377430517.0,77894713.0
59.9,mcf,mcf-attacker,2,0.1991419930592149,19499.7,0.0031942431048109054,7617251.0,8821870.0,75100805.0,377121891.0,31948308.48,0.1991419930592149,0.863450832986657,0.0031942431048109054,0.20683701165225726,0.8587978632170891,0.0034347588804138833,7617251.0,8821870.0,377121891.0,75100805.0,7871037.0,9165180.0,376778413.0,77931721.0
60.0,mcf,mcf-attacker,2,0.3773314227850819,24460.6,0.0028768754292788756,4512130.0,5229979.0,94153185.0,249523838.5,40076247.04,0.3773314227850819,0.862743425929626,0.0028768754292788756,0.20855175775422805,0.8596655051834248,0.003440928219936987,4512130.0,5229979.0,249523838.5,94153185.0,5148075.5,5988463.5,244232935.5,50935208.0
