time_step,victim,attacker,run_id,IPC,Total_MB_per_sec,cache_dominance_score,LLC-load-misses,LLC-loads,instructions,cycles,cas_count_total,victim_IPC,victim_miss_rate,victim_cache_dominance,attacker_IPC,attacker_miss_rate,attacker_cache_dominance,victim_LLC-load-misses,victim_LLC-loads,victim_cycles,victim_instructions,attacker_LLC-load-misses,attacker_LLC-loads,attacker_cycles,attacker_instructions
0.1,mcf,STREAM,6,0.19144452158377281,24351.0,0.0028161761743670964,7457499.0,8525709.0,72617244.0,379312207.0,39896678.4,0.19144452158377281,0.8747071944397821,0.0028161761743670964,0.8065544110897024,0.9388153673448978,0.00014365740145772798,7457499.0,8525709.0,379312207.0,72617244.0,835464.0,889913.0,379019803.0,305700094.0
0.2,mcf,STREAM,6,0.19001112036188875,23579.0,0.0028374724241654378,7372541.0,8442565.0,71654074.0,377104634.0,38631833.6,0.19001112036188875,0.8732584232398566,0.0028374724241654378,0.8599210898194161,0.9426655624563407,0.00015953477261000665,7372541.0,8442565.0,377104634.0,71654074.0,989155.0,1049317.0,377109009.0,324283990.0
0.3,mcf,STREAM,6,0.2082839281242355,17385.9,0.0030428426411090387,8094817.0,9242304.0,78545994.0,377110201.0,28485058.560000002,0.2082839281242355,0.8758440536039498,0.0030428426411090387,1.2269229146806746,0.6308376911155621,0.00021882846931685655,8094817.0,9242304.0,377110201.0,78545994.0,139212.0,220678.0,372282456.0,456761876.0
0.4,mcf,STREAM,6,0.21327517186333195,12194.8,0.003053714292698229,8309317.0,9460653.0,80410726.0,377028068.0,19979960.32,0.21327517186333195,0.8783026922137405,0.003053714292698229,0.5845741971140574,0.8653495365805561,2.897613056168612e-05,8309317.0,9460653.0,377028068.0,80410726.0,70211.0,81136.0,377034469.0,220404622.0
0.5,mcf,STREAM,6,0.19161907924540375,22021.399999999998,0.002959719988888205,7389021.0,8505148.0,72260629.0,377105606.0,36079861.76,0.19161907924540375,0.868770419985637,0.002959719988888205,0.8437181095681437,0.9565179555893972,0.00011661005894635696,7389021.0,8505148.0,377105606.0,72260629.0,967274.0,1011245.0,377077247.0,318146902.0
0.6,mcf,STREAM,6,0.18931369549351829,23913.600000000002,0.0028215796858732526,7340746.0,8405125.0,71414436.0,377228049.0,39180042.24,0.18931369549351829,0.8733654764206362,0.0028215796858732526,0.8584625870958075,0.9420281923988733,0.0001488352747060712,7340746.0,8405125.0,377228049.0,71414436.0,912343.0,968488.0,377229122.0,323837088.0
0.7,mcf,STREAM,6,0.1901803802969867,23332.799999999996,0.0028564812921799193,7362432.0,8439381.0,71701702.0,377019448.0,38228459.519999996,0.1901803802969867,0.8723900485118518,0.0028564812921799193,0.7975606517286924,0.9411713239926054,0.00015159430965999582,7362432.0,8439381.0,377019448.0,71701702.0,914363.0,971516.0,377012832.0,300690600.0
0.8,mcf,STREAM,6,0.19039693667749397,23916.0,0.002794741050736213,7397292.0,8451646.0,71829829.0,377263575.0,39183974.4,0.19039693667749397,0.8752486793696754,0.002794741050736213,0.80264349732788,0.9323336368988483,0.000156066074313431,7397292.0,8451646.0,377263575.0,71829829.0,810817.0,869664.0,377064652.0,302648491.0
0.9,mcf,STREAM,6,0.18789153378507747,23277.3,0.0027563453223412673,7302975.0,8342024.0,70828756.0,376966192.0,38137528.32,0.18789153378507747,0.8754440169436098,0.0027563453223412673,0.8591725600722209,0.9414384562078886,0.000164237201439449,7302975.0,8342024.0,376966192.0,70828756.0,995815.0,1057759.0,377161809.0,324047077.0
1.0,mcf,STREAM,6,0.19121781270172084,23988.3,0.002807844284737164,7436679.0,8495954.0,72137992.0,377255607.0,39302430.72,0.19121781270172084,0.8753200641152248,0.002807844284737164,0.7905959516428444,0.9305868162354503,0.00015254030366666647,7436679.0,8495954.0,377255607.0,72137992.0,771503.0,829050.0,377257673.0,298258389.0
1.2,mcf,STREAM,6,0.1998256785310464,12133.0,0.0029135902430771103,7768326.0,8867826.0,75408110.0,377369468.0,19878707.2,0.1998256785310464,0.8760124522064371,0.0029135902430771103,1.3285440251010632,0.8270426295153083,0.00027839497185519,7768326.0,8867826.0,377369468.0,75408110.0,495688.0,599350.0,372355863.0,494691157.0
1.3,mcf,STREAM,6,0.21334720408110838,15886.300000000001,0.003054508401218243,8312510.0,9464772.0,80481650.0,377233207.0,26028113.92,0.21334720408110838,0.8782578175153083,0.003054508401218243,0.585331281822022,0.5636921382782082,2.9408997720230087e-05,8312510.0,9464772.0,377233207.0,80481650.0,14333.0,25427.0,377231489.0,220805391.0
1.4,mcf,STREAM,6,0.1946969665577469,24052.800000000003,0.002856415081493467,7565116.0,8642534.0,73438212.0,377192379.0,39408107.52,0.1946969665577469,0.8753354051022536,0.002856415081493467,0.8118763905866526,0.9604684709859045,8.551379004843022e-05,7565116.0,8642534.0,377192379.0,73438212.0,783676.0,815931.0,377190626.0,306232164.0
1.5,mcf,STREAM,6,0.1913407393411296,23380.299999999996,0.0029838210397485393,7368641.0,8494012.0,72165628.0,377157673.0,38306283.519999996,0.1913407393411296,0.8675100765103699,0.0029838210397485393,0.7975046846998036,0.945337126005164,0.00014134245525107238,7368641.0,8494012.0,377157673.0,72165628.0,921906.0,975214.0,377154903.0,300782802.0
1.6,mcf,STREAM,6,0.19054134874368123,23985.299999999996,0.0028219843331608683,7394587.0,8458836.0,71858457.0,377127891.0,39297515.519999996,0.19054134874368123,0.8741849351376478,0.0028219843331608683,0.8017048913667802,0.9340713441090268,0.00015190256599016412,7394587.0,8458836.0,377127891.0,71858457.0,812048.0,869364.0,377320815.0,302499943.0
1.7,mcf,STREAM,6,0.18892840799537516,23371.6,0.0027991598309044376,7333644.0,8389777.0,71283363.0,377303571.0,38292029.44,0.18892840799537516,0.8741166779522268,0.0027991598309044376,0.8609502768359241,0.9410099282694409,0.00016464998805511944,7333644.0,8389777.0,377303571.0,71283363.0,990460.0,1052550.0,377102973.0,324666909.0
1.8,mcf,STREAM,6,0.1912434651564139,23966.9,0.0028070288911857685,7436118.0,8494877.0,72133472.0,377181369.0,39267368.96,0.1912434651564139,0.8753649993990495,0.0028070288911857685,0.790098832478772,0.9315223242195515,0.00015042977490805522,7436118.0,8494877.0,377181369.0,72133472.0,771824.0,828562.0,377172671.0,298003687.0
1.9,mcf,STREAM,6,0.18809640451822324,23401.100000000002,0.00275486996197725,7322613.0,8362102.0,70974001.0,377327792.0,38340362.24,0.18809640451822324,0.875690466344467,0.00275486996197725,0.8860060944751182,0.9404002370742252,0.00016308955720832762,7322613.0,8362102.0,377327792.0,70974001.0,971046.0,1032588.0,377350954.0,334335245.0
2.0,mcf,STREAM,6,0.19420023223371016,17731.600000000002,0.002828862741604068,7557605.0,8624426.0,73236811.0,377120100.0,29051453.44,0.19420023223371016,0.8763023765291742,0.002828862741604068,1.2520352155396768,0.9143003355077609,0.00015809718641211732,7557605.0,8624426.0,377120100.0,73236811.0,636044.0,695662.0,377097160.0,472138924.0
2.1,mcf,STREAM,6,0.21393585814977836,12185.8,0.0030777284523730787,8314040.0,9475030.0,80701529.0,377223013.0,19965214.72,0.21393585814977836,0.8774684618412818,0.0030777284523730787,0.6833476773738337,0.2330575976776843,0.00017457385766030413,8314040.0,9475030.0,377223013.0,80701529.0,19750.0,84743.0,372295147.0,254407024.0
2.2,mcf,STREAM,6,0.3451029775598454,18719.8,0.0027355186747698083,7160151.0,8192411.0,130226126.0,377354397.0,30670520.32,0.3451029775598454,0.8739980208512488,0.0027355186747698083,0.707962131598154,0.9648115162899151,5.758870945618114e-05,7160151.0,8192411.0,377354397.0,130226126.0,595829.0,617560.0,377348272.0,267148287.0
2.3,mcf,STREAM,6,1.0313866701810144,17998.800000000003,6.438410594188176e-05,30148.0,53899.0,380473790.0,368895392.0,29489233.92,1.0313866701810144,0.559342473886343,6.438410594188176e-05,0.8541207775604711,0.9522687598545548,0.00012705889031673878,30148.0,53899.0,368895392.0,380473790.0,946997.0,994464.0,373582674.0,319084724.0
2.4,mcf,STREAM,6,0.8089334140672094,20557.3,0.0008467636159197653,1728281.0,2047722.0,305169582.0,377249322.0,33681080.32,0.8089334140672094,0.844001773678263,0.0008467636159197653,0.9481802430542433,0.9553993926427062,0.0001380994838842617,1728281.0,2047722.0,377249322.0,305169582.0,1115917.0,1168011.0,377220816.0,357673325.0
2.5,mcf,STREAM,6,0.19302908567025998,24100.299999999996,0.0031770315795556204,7358768.0,8556699.0,72783515.0,377059834.0,39485931.519999996,0.19302908567025998,0.8600008017110337,0.0031770315795556204,0.7869852786048895,0.9469705302840178,0.00013169698747835516,7358768.0,8556699.0,377059834.0,72783515.0,886729.0,936385.0,377047349.0,296730713.0
2.6,mcf,STREAM,6,0.1901625197895833,23386.6,0.0029815291146500326,7319587.0,8444895.0,71772368.0,377426467.0,38316605.44,0.1901625197895833,0.8667469518567135,0.0029815291146500326,0.8375262505991632,0.9400517147523135,0.00014939401997655382,7319587.0,8444895.0,377426467.0,71772368.0,884160.0,940544.0,377418052.0,316097526.0
2.8,mcf,STREAM,6,0.19059810018063586,23993.2,0.002827311017064662,7412856.0,8481502.0,72040853.0,377972566.0,39310458.88,0.19059810018063586,0.8740027414955511,0.002827311017064662,1.091342054079749,0.9318772809084852,0.00014508040538459266,7412856.0,8481502.0,377972566.0,72040853.0,749699.0,804504.0,377756044.0,412261057.0
2.9,mcf,STREAM,6,0.2135368164191278,22157.7,0.0030923236899548403,8301336.0,9467483.0,80526925.0,377110263.0,36303175.68,0.2135368164191278,0.8768260793285818,0.0030923236899548403,0.8984775821734341,0.3187798102625924,0.00020949443377383603,8301336.0,9467483.0,377110263.0,80526925.0,36492.0,114474.0,372239007.0,334448403.0
3.0,mcf,STREAM,6,0.20530346877981104,12104.9,0.002994839631089467,7969610.0,9099329.0,77444958.0,377221868.0,19832668.16,0.20530346877981104,0.8758459002856145,0.002994839631089467,0.6425083953412034,0.9590183249354491,4.333835289970624e-05,7969610.0,9099329.0,377221868.0,77444958.0,382562.0,398910.0,377217843.0,242365631.0
3.1,mcf,STREAM,6,0.18857443863590442,16932.1,0.0028685735980492335,7292854.0,8374780.0,71123707.0,377165153.0,27741552.64,0.18857443863590442,0.8708114123594889,0.0028685735980492335,0.8688766610910904,0.9494226897799641,0.000136956939875328,7292854.0,8374780.0,377165153.0,71123707.0,969634.0,1021288.0,377155039.0,327701211.0
3.3,mcf,STREAM,6,0.19099478749062243,23375.4,0.0029058505596119386,7380694.0,8476465.0,72022475.0,377091312.0,38298255.36,0.19099478749062243,0.8707278328878842,0.0029058505596119386,0.7961593710280633,0.9407205327060655,0.00014221681788178063,7380694.0,8476465.0,377091312.0,72022475.0,851036.0,904664.0,377086204.0,300220715.0
3.4,mcf,STREAM,6,0.18837331722664732,23711.8,0.0027725397943040497,7314313.0,8360716.0,71095248.0,377416765.0,38849413.12,0.18837331722664732,0.8748428962304186,0.0027725397943040497,0.8516716368224155,0.938165999659311,0.00015581085873311314,7314313.0,8360716.0,377416765.0,71095248.0,892209.0,951014.0,377412720.0,321431709.0
3.5,mcf,STREAM,6,0.1898966951350157,23470.300000000003,0.002814485440361998,7370591.0,8431993.0,71614061.0,377121155.0,38453739.52,0.1898966951350157,0.8741220491999934,0.002814485440361998,0.8044022731762657,0.9400609241938875,0.00015569660492064337,7370591.0,8431993.0,377121155.0,71614061.0,920863.0,979578.0,377111627.0,303349450.0
3.6,mcf,STREAM,6,0.18976127992857644,23666.9,0.0027673785100197387,7406843.0,8454833.0,71861483.0,378694131.0,38775848.96,0.18976127992857644,0.8760484092352859,0.0027673785100197387,0.7926434511635965,0.9312767558131043,0.00015655161015423765,7406843.0,8454833.0,378694131.0,71861483.0,803378.0,862663.0,378693007.0,300168532.0
3.7,mcf,STREAM,6,0.18761493329206264,23640.9,0.0027507587172005458,7327201.0,8368957.0,71052754.0,378715877.0,38733250.56,0.18761493329206264,0.8755214060724652,0.0027507587172005458,0.8680586203386753,0.940859418148517,0.00016540752055412626,7327201.0,8368957.0,378715877.0,71052754.0,996563.0,1059205.0,378713131.0,328745198.0
3.8,mcf,STREAM,6,0.20757747948259103,16786.7,0.003010354427425155,8086750.0,9223193.0,78362857.0,377511362.0,27503329.28,0.20757747948259103,0.8767842112812775,0.003010354427425155,1.2210178186573333,0.5933009439944271,0.0002442221486087417,8086750.0,9223193.0,377511362.0,78362857.0,132865.0,223942.0,372926864.0,455350346.0
3.9,mcf,STREAM,6,0.21235450987159527,12166.800000000001,0.003043871112532402,8270312.0,9418661.0,80114131.0,377265974.0,19934085.12,0.21235450987159527,0.8780772553550871,0.003043871112532402,0.5840487323681206,0.8732828615317094,3.0612795321429724e-05,8270312.0,9418661.0,377265974.0,80114131.0,79591.0,91140.0,377260550.0,220338546.0
4.0,mcf,STREAM,6,0.1914042034878593,22274.8,0.0029574323585599615,7387405.0,8502820.0,72189350.0,377156555.0,36495032.32,0.1914042034878593,0.8688182273645685,0.0029574323585599615,0.8396091450097667,0.9568072755807285,0.00011384173296655873,7387405.0,8502820.0,377156555.0,72189350.0,951076.0,994010.0,377137618.0,316648193.0
4.1,mcf,STREAM,6,0.18957816711428113,24012.7,0.002859293192714613,7339769.0,8418487.0,71521655.0,377267362.0,39342407.68,0.18957816711428113,0.871863198220773,0.002859293192714613,0.8573013198594073,0.9434997997213604,0.0001454384251796911,7339769.0,8418487.0,377267362.0,71521655.0,916277.0,971147.0,377273062.0,323436694.0
4.2,mcf,STREAM,6,0.19112874034541125,23371.199999999997,0.0028861608843540475,7393322.0,8482016.0,72096020.0,377211820.0,38291374.08,0.19112874034541125,0.8716467877448003,0.0028861608843540475,0.8013525327899175,0.9417816331825514,0.0001505043473026029,7393322.0,8482016.0,377211820.0,72096020.0,918368.0,975139.0,377205051.0,302274223.0
4.3,mcf,STREAM,6,0.19062348979403065,24086.399999999998,0.0028020107549787433,7410165.0,8467171.0,71909136.0,377231243.0,39463157.76,0.19062348979403065,0.8751642077383344,0.0028020107549787433,0.7993184650823888,0.9327186311125747,0.0001538972914275628,7410165.0,8467171.0,377231243.0,71909136.0,804398.0,862423.0,377037175.0,301372776.0
4.4,mcf,STREAM,6,0.1888997199980782,23334.899999999998,0.0027864041917230243,7340619.0,8391735.0,71258692.0,377230268.0,38231900.16,0.1888997199980782,0.8747438998014118,0.0027864041917230243,0.8677882753024119,0.9405448667679939,0.0001658146630217468,7340619.0,8391735.0,377230268.0,71258692.0,989488.0,1052037.0,377222369.0,327349149.0
4.5,mcf,STREAM,6,0.1915498698864431,24041.6,0.0028108580292609607,7437752.0,8497442.0,72214064.0,376998763.0,39389757.44,0.1915498698864431,0.8752930587816898,0.0028108580292609607,0.7944901450079138,0.9312146797307462,0.0001513571086161434,7437752.0,8497442.0,376998763.0,72214064.0,772491.0,829552.0,376995838.0,299519478.0
4.6,mcf,STREAM,6,0.20020842358288266,22841.199999999997,0.0029132211077010457,7778917.0,8877379.0,75490784.0,377060978.0,37423022.08,0.20020842358288266,0.8762628023428988,0.0029132211077010457,1.3218029594256073,0.823292834323169,0.0002760897996654437,7778917.0,8877379.0,377060978.0,75490784.0,478809.0,581578.0,372230340.0,492015165.0
4.7,mcf,STREAM,6,0.2127942885746344,11984.300000000001,0.0030533614741255575,8280261.0,9431607.0,80239387.0,377074909.0,19635077.12,0.2127942885746344,0.8779268474608833,0.0030533614741255575,0.5813864340153682,0.5390464062324432,3.263737553218255e-05,8280261.0,9431607.0,377074909.0,80239387.0,14392.0,26699.0,377083016.0,219230950.0
4.8,mcf,STREAM,6,0.19436093545364344,16308.4,0.0028453161296674296,7552823.0,8625616.0,73281506.0,377038245.0,26719682.56,0.19436093545364344,0.8756270856481438,0.0028453161296674296,0.8111011942636182,0.9604373092469366,8.563755805402288e-05,7552823.0,8625616.0,377038245.0,73281506.0,783883.0,816173.0,377054189.0,305829103.0
4.9,mcf,STREAM,6,0.19171750431808304,24046.7,0.002992424271851352,7385732.0,8514330.0,72306589.0,377151733.0,39398113.28,0.19171750431808304,0.8674472330764722,0.002992424271851352,0.8005429925787313,0.9464949727944844,0.00013967554154950163,7385732.0,8514330.0,377151733.0,72306589.0,931865.0,984543.0,377145486.0,301921176.0
5.0,mcf,STREAM,6,0.1912258005337714,23487.200000000004,0.002846242512304667,7422571.0,8496321.0,72140270.0,377251761.0,38481428.480000004,0.1912258005337714,0.8736217711171694,0.002846242512304667,0.7994057286895283,0.9343054963980815,0.00015045235878438857,7422571.0,8496321.0,377251761.0,72140270.0,807225.0,863984.0,377255634.0,301580315.0
5.1,mcf,STREAM,6,0.18957884672269149,24002.000000000004,0.00281684090166244,7355886.0,8418107.0,71489530.0,377096555.0,39324876.800000004,0.18957884672269149,0.8738171182666127,0.00281684090166244,0.8695738324282111,0.941306044476684,0.00016393613432416312,7355886.0,8418107.0,377096555.0,71489530.0,991408.0,1053226.0,377085871.0,327904006.0
5.2,mcf,STREAM,6,0.1918617429268641,23491.0,0.002822267862168259,7458097.0,8522370.0,72350777.0,377098508.0,38487654.4,0.1918617429268641,0.8751200663665154,0.002822267862168259,0.7951452906989014,0.9325140974107926,0.00014875033147486417,7458097.0,8522370.0,377098508.0,72350777.0,775088.0,831181.0,377094958.0,299845280.0
5.4,mcf,STREAM,6,0.1886370578646637,23534.0,0.0027616415516924253,7338389.0,8379848.0,71138038.0,377115922.0,38558105.6,0.1886370578646637,0.8757186287865842,0.0027616415516924253,0.8857794964620352,0.9406519005518859,0.00016219594326379687,7338389.0,8379848.0,377115922.0,71138038.0,969481.0,1030648.0,377117940.0,334043339.0
5.5,mcf,STREAM,6,0.19499747630501363,17188.1,0.002850282699249793,7587372.0,8662552.0,73556699.0,377218723.0,28160983.04,0.19499747630501363,0.8758818417482516,0.002850282699249793,1.2559235291550097,0.9058384642619667,0.0001733322903652333,7587372.0,8662552.0,377218723.0,73556699.0,629382.0,694806.0,377448425.0,474046358.0
5.6,mcf,STREAM,6,0.21445384237098164,12259.300000000001,0.003088741244897625,8342577.0,9507182.0,80859482.0,377048418.0,20085637.12,0.21445384237098164,0.8775026080283306,0.003088741244897625,0.6710552216655464,0.2538858625901948,0.00014041837321785518,8342577.0,9507182.0,377048418.0,80859482.0,17804.0,70126.0,372615056.0,250045279.0
5.7,mcf,STREAM,6,0.20169726700595464,22034.5,0.002951717874018066,7832866.0,8946259.0,76080552.0,377201700.0,36101324.8,0.20169726700595464,0.8755465273249969,0.002951717874018066,0.699811156465763,0.9656258394829575,5.7712353770398303e-05,7832866.0,8946259.0,377201700.0,76080552.0,611077.0,632830.0,376921033.0,263773544.0
5.8,mcf,STREAM,6,0.1910201469002337,23909.699999999997,0.0029200204166349164,7384118.0,8485150.0,72026652.0,377063117.0,39173652.48,0.1910201469002337,0.870240125395544,0.0029200204166349164,0.7879620410828703,0.9392128013922286,0.00013777468262399055,7384118.0,8485150.0,377063117.0,72026652.0,803057.0,855032.0,377246378.0,297255826.0
5.9,mcf,STREAM,6,0.1891904578270872,23407.9,0.002851639824597801,7330674.0,8406275.0,71360150.0,377186835.0,38351503.36,0.1891904578270872,0.8720478452108693,0.002851639824597801,0.8718312481785453,0.944169791298196,0.00015691635124611848,7330674.0,8406275.0,377186835.0,71360150.0,1000938.0,1060125.0,377188225.0,328844481.0
6.0,mcf,STREAM,6,0.190645083609068,23954.4,0.0028159545215969656,7426895.0,8491596.0,72082134.0,378095950.0,39246888.96,0.190645083609068,0.874617092004848,0.0028159545215969656,0.7885425495253156,0.9339434514914221,0.00014612987845235502,7426895.0,8491596.0,378095950.0,72082134.0,781197.0,836450.0,378108848.0,298154915.0
6.1,mcf,STREAM,6,0.18854622541460034,23309.1,0.0027681920506171824,7319809.0,8364048.0,71124878.0,377227801.0,38189629.44,0.18854622541460034,0.8751514816749019,0.0027681920506171824,0.883213034496418,0.9412271939818644,0.00015981667394637306,7319809.0,8364048.0,377227801.0,71124878.0,964916.0,1025168.0,377006970.0,332977470.0
6.2,mcf,STREAM,6,0.19116824213797867,24047.200000000004,0.002810536927187617,7434244.0,8494326.0,72105088.0,377181310.0,39398932.480000004,0.19116824213797867,0.8752011636944473,0.002810536927187617,0.8048102783037289,0.9358134179492148,0.00015193532924820917,7434244.0,8494326.0,377181310.0,72105088.0,835512.0,892819.0,377180214.0,303558513.0
6.3,mcf,STREAM,6,0.18922512820513773,23182.600000000002,0.002754997521621953,7369728.0,8409014.0,71382651.0,377236637.0,37982371.84,0.18922512820513773,0.8764081020676145,0.002754997521621953,0.9049794070924443,0.9363509021345989,0.00016140623790415805,7369728.0,8409014.0,377236637.0,71382651.0,895732.0,956620.0,377234491.0,341389446.0
6.4,mcf,STREAM,6,0.2125057874775596,12072.5,0.003074574993061022,8261173.0,9420445.0,80125549.0,377051138.0,19779584.0,0.2125057874775596,0.8769408451511579,0.003074574993061022,1.1182131799257728,0.32738029618197184,0.00019668150252375336,8261173.0,9420445.0,377051138.0,80125549.0,35636.0,108852.0,372256664.0,416262308.0
6.5,mcf,STREAM,6,0.20899163815424415,16049.9,0.002990461055050872,8140948.0,9268864.0,78825642.0,377171272.0,26296156.16,0.20899163815424415,0.878311301147584,0.002990461055050872,0.5990807861225188,0.9516921240363595,3.562127175401138e-05,8140948.0,9268864.0,377171272.0,78825642.0,264677.0,278112.0,377162278.0,225950674.0
6.6,mcf,STREAM,6,0.189064987994977,24084.6,0.0028981157874218384,7296539.0,8389339.0,71291223.0,377072581.0,39460208.64,0.189064987994977,0.8697394395434491,0.0028981157874218384,0.8760172659018308,0.9533398862481203,0.00013256721017127678,7296539.0,8389339.0,377072581.0,71291223.0,1021293.0,1071279.0,377061567.0,330312443.0
6.7,mcf,STREAM,6,0.19144535845684715,23363.0,0.0028948709907990994,7414814.0,8506496.0,72195774.0,377109033.0,38277939.2,0.19144535845684715,0.8716649017409753,0.0028948709907990994,0.7889621295219632,0.9360138883108698,0.0001426197880063342,7414814.0,8506496.0,377109033.0,72195774.0,787183.0,840995.0,377310896.0,297684008.0
6.8,mcf,STREAM,6,0.8455896361720355,19414.1,0.0009612004799612839,2289934.0,2648115.0,315099865.0,372639223.0,31808061.439999998,0.8455896361720355,0.8647411460604997,0.0009612004799612839,0.9462003112448701,0.9507321260913105,0.0001462790469345198,2289934.0,2648115.0,372639223.0,315099865.0,1064260.0,1119411.0,377025973.0,356742093.0
6.9,mcf,STREAM,6,1.0023635997675076,17639.699999999997,2.168795113551966e-05,21961.0,30145.0,378244291.0,377352381.0,28900884.479999997,1.0023635997675076,0.7285121910764638,2.168795113551966e-05,0.8579895034436886,0.9564057618220341,0.00013334331872478828,21961.0,30145.0,377352381.0,378244291.0,1103237.0,1153524.0,377124257.0,323568654.0
7.0,mcf,STREAM,6,0.32016739463079485,22858.5,0.0028395453757903456,6225169.0,7295391.0,120670792.0,376899066.0,37451366.4,0.32016739463079485,0.8533016256428202,0.0028395453757903456,0.7794928030853767,0.9451153842132229,0.00012534129142060914,6225169.0,7295391.0,376899066.0,120670792.0,813492.0,860733.0,376898941.0,293790012.0
7.1,mcf,STREAM,6,0.1904243055257669,24129.8,0.003025233443143756,7321116.0,8461934.0,71809161.0,377100816.0,39534264.32,0.1904243055257669,0.8651823566574733,0.003025233443143756,0.8878204151642642,0.9487891248963509,0.00014461120865265386,7321116.0,8461934.0,377100816.0,71809161.0,1010357.0,1064891.0,377107698.0,334803913.0
7.2,mcf,STREAM,6,0.2097905771090762,16067.0,0.0031297988337355962,8121932.0,9302371.0,79124887.0,377161301.0,26324172.8,0.2097905771090762,0.8731034270725173,0.0031297988337355962,1.2028459912627674,0.5702827496757458,0.0002226760948974822,8121932.0,9302371.0,377161301.0,79124887.0,109922.0,192750.0,371966286.0,447418156.0
7.3,mcf,STREAM,6,0.2111278192840133,12172.6,0.003025235433758063,8221850.0,9362339.0,79593460.0,376991816.0,19943587.84,0.2111278192840133,0.8781833257693403,0.003025235433758063,0.6299184302745654,0.9325663656808345,3.1637864152339965e-05,8221850.0,9362339.0,376991816.0,79593460.0,165040.0,176974.0,377206247.0,237609167.0
7.5,mcf,STREAM,6,0.19125252702344284,24078.600000000002,0.002957852621465962,7378842.0,8494628.0,72145884.0,377228396.0,39450378.24,0.19125252702344284,0.8686480443875824,0.002957852621465962,0.8043015064163959,0.9536192229648959,0.00012034637763288758,7378842.0,8494628.0,377228396.0,72145884.0,933351.0,978746.0,377202878.0,303384843.0
7.6,mcf,STREAM,6,0.18989349995555568,23370.6,0.0028252667394743354,7364611.0,8430372.0,71632559.0,377224913.0,38290391.04,0.18989349995555568,0.8735807862333952,0.0028252667394743354,0.8315750226142067,0.9397453810003029,0.00014713705340542186,7364611.0,8430372.0,377224913.0,71632559.0,865638.0,921141.0,377219733.0,313686508.0
7.7,mcf,STREAM,6,0.19035342923880288,24028.699999999997,0.0028455686645004062,7377739.0,8450926.0,71790510.0,377143245.0,39368622.08,0.19035342923880288,0.8730095376530336,0.0028455686645004062,0.8278703674355261,0.9420169478046496,0.00015659370628846625,7377739.0,8450926.0,377143245.0,71790510.0,959481.0,1018539.0,377141594.0,312224350.0
7.9,mcf,STREAM,6,0.18844961542480254,23380.7,0.0027660306143761156,7328713.0,8371759.0,71062705.0,377091271.0,38306938.88,0.18844961542480254,0.8754089791643548,0.0027660306143761156,0.8959095181393636,0.9435050160549531,0.00015915095503355153,7328713.0,8371759.0,377091271.0,71062705.0,1002275.0,1062289.0,377088532.0,337837205.0
8.0,mcf,STREAM,6,0.1915039857733856,24031.9,0.0028194130395323824,7442085.0,8505525.0,72232410.0,377184891.0,39373864.96,0.1915039857733856,0.8749706808221714,0.0028194130395323824,0.8012541367972652,0.9336084263604816,0.00014968327212627798,7442085.0,8505525.0,377184891.0,72232410.0,793921.0,850379.0,377183096.0,302219516.0
8.1,mcf,STREAM,6,0.2019548688574498,21943.3,0.0029345833249436225,7855428.0,8962056.0,76156949.0,377098851.0,35951902.72,0.2019548688574498,0.8765207447933823,0.0029345833249436225,1.2997408873275733,0.8158876297509756,0.00026387367037017037,7855428.0,8962056.0,377098851.0,76156949.0,435294.0,533522.0,372253889.0,483833600.0
8.2,mcf,STREAM,6,0.21367867140835456,12080.599999999999,0.003056231165986075,8309686.0,9462783.0,80619633.0,377293777.0,19792855.04,0.21367867140835456,0.8781439878733349,0.003056231165986075,0.5793455401269885,0.5523930088206469,2.9052481273136604e-05,8309686.0,9462783.0,377293777.0,80619633.0,13527.0,24488.0,377282749.0,218577078.0
8.3,mcf,STREAM,6,0.19439405182289646,17331.100000000002,0.002858936720235195,7554218.0,8632200.0,73297631.0,377056964.0,28395274.240000002,0.19439405182289646,0.8751208266722272,0.002858936720235195,0.7960610737021963,0.9598045111692377,8.827424050756933e-05,7554218.0,8632200.0,377056964.0,73297631.0,794793.0,828078.0,377063567.0,300165628.0
8.4,mcf,STREAM,6,0.19057289351627935,23862.600000000002,0.0029612301133339555,7348774.0,8465639.0,71876952.0,377162516.0,39096483.84,0.19057289351627935,0.8680707977271415,0.0029612301133339555,0.832163765876673,0.946500829733623,0.00014642384243938682,7348774.0,8465639.0,377162516.0,71876952.0,977034.0,1032259.0,377158522.0,313857656.0
8.5,mcf,STREAM,6,0.19187362895817442,23568.600000000002,0.00285751712932491,7442325.0,8520106.0,72369733.0,377173942.0,38614794.24,0.19187362895817442,0.8735014564372791,0.00285751712932491,0.7788160165416645,0.9304480442762311,0.00015186891939038494,7442325.0,8520106.0,377173942.0,72369733.0,766277.0,823557.0,377167364.0,293743984.0
8.6,mcf,STREAM,6,0.18915532774624472,23728.3,0.0027881295809688853,7355936.0,8406880.0,71299289.0,376935135.0,38876446.72,0.18915532774624472,0.8749900081837733,0.0027881295809688853,0.8959283756178595,0.9436585243212525,0.00015746479150792947,7355936.0,8406880.0,376935135.0,71299289.0,994651.0,1054037.0,377138276.0,337888883.0
8.7,mcf,STREAM,6,0.1921214732778957,23786.100000000002,0.0028368741403534247,7459901.0,8529702.0,72450075.0,377105556.0,38971146.24,0.1921214732778957,0.8745793229353147,0.0028368741403534247,0.8064033477152125,0.9352025818700455,0.00014806600554259977,7459901.0,8529702.0,377105556.0,72450075.0,805865.0,861701.0,377102089.0,304096387.0
8.8,mcf,STREAM,6,0.1893526770887155,23573.1,0.002754244439910006,7375982.0,8414646.0,71407536.0,377113950.0,38622167.04,0.1893526770887155,0.8765647419986533,0.002754244439910006,0.8820060886033939,0.9382545719250364,0.00016329598822506017,7375982.0,8414646.0,377113950.0,71407536.0,935756.0,997337.0,377112755.0,332615746.0
8.9,mcf,STREAM,6,0.1971889806362528,23941.0,0.0028821795707583576,7666873.0,8753795.0,74363528.0,377118071.0,39224934.4,0.1971889806362528,0.875834195340421,0.0028821795707583576,1.293512841590034,0.852555933462178,0.00027842177978177756,7666873.0,8753795.0,377118071.0,74363528.0,606111.0,710934.0,376489943.0,486994576.0
9.0,mcf,STREAM,6,0.2137245585177998,16258.099999999999,0.0030762545264834454,8314681.0,9475149.0,80624184.0,377234065.0,26637271.04,0.2137245585177998,0.8775250922175472,0.0030762545264834454,0.61169677423717,0.4653151344841429,3.563680491404008e-05,8314681.0,9475149.0,377234065.0,80624184.0,11591.0,24910.0,373742821.0,228617278.0
9.1,mcf,STREAM,6,0.2003195692662024,12151.8,0.0029302773893782937,7774407.0,8879822.0,75568360.0,377239030.0,19909509.119999997,0.2003195692662024,0.8755138334980138,0.0029302773893782937,0.7167446209716327,0.9639098408159836,6.718819907902884e-05,7774407.0,8879822.0,377239030.0,75568360.0,676924.0,702269.0,377223982.0,270373260.0
9.2,mcf,STREAM,6,0.19216488078207106,22829.1,0.002945265061249501,7422470.0,8533427.0,72484790.0,377201025.0,37403197.44,0.19216488078207106,0.8698111555884875,0.002945265061249501,0.7788865175100395,0.937182735724094,0.00013724467017635358,7422470.0,8533427.0,377201025.0,72484790.0,771904.0,823643.0,376983674.0,293627501.0
9.3,mcf,STREAM,6,0.1888644176831973,24119.3,0.0028346460575662817,7317968.0,8387192.0,71239359.0,377198415.0,39517061.12,0.1888644176831973,0.8725170474218308,0.0028346460575662817,0.8883623520255396,0.9452572932894319,0.00015259726219000246,7317968.0,8387192.0,377198415.0,71239359.0,993887.0,1051446.0,377195496.0,335086278.0
9.4,mcf,STREAM,6,0.19148943378155206,23363.5,0.002850689797697232,7426657.0,8502061.0,72238131.0,377243431.0,38278758.4,0.19148943378155206,0.8735125518389012,0.002850689797697232,0.8044106298727809,0.9362965618597511,0.00014695647582535227,7426657.0,8502061.0,377243431.0,72238131.0,814828.0,870267.0,377247751.0,303462101.0
9.6,mcf,STREAM,6,0.18880230178290083,23338.4,0.002754090183251574,7347508.0,8386243.0,71208837.0,377160852.0,38237634.56,0.18880230178290083,0.8761382182700883,0.002754090183251574,0.8740352229769089,0.9381090879712384,0.00016249431588068828,7347508.0,8386243.0,377160852.0,71208837.0,928925.0,990210.0,377151654.0,329643830.0
9.7,mcf,STREAM,6,0.19153912739027718,24039.5,0.002811470547283482,7442685.0,8503376.0,72262478.0,377272670.0,39386316.8,0.19153912739027718,0.8752623663824814,0.002811470547283482,0.7938702620150632,0.9377282744501975,0.00015495515771925305,7442685.0,8503376.0,377272670.0,72262478.0,880374.0,938837.0,377289797.0,299519150.0
9.8,mcf,STREAM,6,0.1899899066837261,22112.1,0.002766968337404823,7392207.0,8435831.0,71658943.0,377172368.0,36228464.64,0.1899899066837261,0.8762867582340139,0.002766968337404823,1.0008240236046113,0.9318154425526399,0.00015899544532111735,7392207.0,8435831.0,377172368.0,71658943.0,819500.0,879466.0,377155458.0,377466243.0
9.9,mcf,STREAM,6,0.2130424200309879,12044.6,0.0030817222235102683,8286450.0,9448701.0,80347529.0,377143336.0,19733872.64,0.2130424200309879,0.8769935676872408,0.0030817222235102683,1.0096926673326232,0.30922971206382194,0.00022138359182841854,8286450.0,9448701.0,377143336.0,80347529.0,36901.0,119332.0,372344668.0,375953681.0
10.0,mcf,STREAM,6,0.2074952390369453,17102.5,0.002974576113765727,8084519.0,9206732.0,78281357.0,377268208.0,28020736.0,0.2074952390369453,0.8781095181221741,0.002974576113765727,0.6137423694343008,0.9522418359740528,3.990888157686691e-05,8084519.0,9206732.0,377268208.0,78281357.0,300199.0,315255.0,377259382.0,231540067.0
10.1,mcf,STREAM,6,0.18929681768357187,23958.2,0.002938746381064748,7299778.0,8407853.0,71375697.0,377057036.0,39253114.88,0.18929681768357187,0.868209517935197,0.002938746381064748,0.8798340164450132,0.9519253020732563,0.00013436528687008628,7299778.0,8407853.0,377057036.0,71375697.0,1003691.0,1054380.0,377247734.0,331915389.0
10.2,mcf,STREAM,6,0.1917497899119713,23490.5,0.0029266419149694117,7404539.0,8508462.0,72327606.0,377197837.0,38486835.2,0.1917497899119713,0.8702558699797919,0.0029266419149694117,0.8009527232722696,0.939150079922043,0.00014038152790011077,7404539.0,8508462.0,377197837.0,72327606.0,817270.0,870223.0,377207748.0,302125573.0
10.3,mcf,STREAM,6,0.18909140052830228,23801.9,0.002782274387400723,7351976.0,8401454.0,71325555.0,377201474.0,38997032.96,0.18909140052830228,0.8750837652625367,0.002782274387400723,0.8745270633545879,0.9403794147001062,0.00015710714410829629,7351976.0,8401454.0,377201474.0,71325555.0,934692.0,993952.0,377194814.0,329867073.0
10.4,mcf,STREAM,6,0.19107510732754882,23796.800000000003,0.0028211892382454134,7424581.0,8488472.0,72055814.0,377107280.0,38988677.120000005,0.19107510732754882,0.8746663710500547,0.0028211892382454134,0.7934596114768561,0.9399083197733183,0.00014992505378112837,7424581.0,8488472.0,377107280.0,72055814.0,884340.0,940879.0,377115089.0,299225592.0
10.5,mcf,STREAM,6,0.19029408444403928,23619.2,0.002778860158109973,7393655.0,8442279.0,71808919.0,377357600.0,38697697.28,0.19029408444403928,0.8757889901530144,0.002778860158109973,0.8231329369733221,0.934021384680228,0.00015764784423403944,7393655.0,8442279.0,377357600.0,71808919.0,842095.0,901580.0,377328344.0,310591388.0
10.6,mcf,STREAM,6,0.1896404764868337,23792.3,0.002779826228130566,7357298.0,8405354.0,71498656.0,377022128.0,38981304.32,0.1896404764868337,0.8753109030268089,0.002779826228130566,0.8433278281653839,0.9403388884343855,0.0001644144876422355,7357298.0,8405354.0,377022128.0,71498656.0,976998.0,1038985.0,377016654.0,317948636.0
10.7,mcf,STREAM,6,0.20712315347605514,16534.7,0.0030024808479854493,8058694.0,9190977.0,78109416.0,377115811.0,27090452.48,0.20712315347605514,0.8768049359714424,0.0030024808479854493,1.234604612259727,0.6621186818739908,0.0002298682545626022,8058694.0,9190977.0,377115811.0,78109416.0,167714.0,253299.0,372321964.0,459670414.0
10.8,mcf,STREAM,6,0.21346354766456543,12183.099999999999,0.0030575288348648633,8314404.0,9467844.0,80528233.0,377245829.0,19960791.04,0.21346354766456543,0.8781728976523061,0.0030575288348648633,0.5525120547056425,0.6210664335664335,2.7579394260753505e-05,8314404.0,9467844.0,377245829.0,80528233.0,17052.0,27456.0,377238162.0,208428632.0
10.9,mcf,STREAM,6,0.19072678554291156,22457.0,0.0029378779767708996,7356299.0,8464445.0,71940743.0,377192657.0,36793548.8,0.19072678554291156,0.8690822611523851,0.0029378779767708996,0.8595772700815789,0.9590770591231965,0.00011293507318476583,7356299.0,8464445.0,377192657.0,71940743.0,997795.0,1040370.0,376986518.0,324049042.0
11.0,mcf,STREAM,6,0.1891169753934225,24138.3,0.0028227826895971244,7338781.0,8403497.0,71332402.0,377186669.0,39548190.72,0.1891169753934225,0.8733008413045188,0.0028227826895971244,0.8696597941582751,0.9444663122405855,0.0001462533670168912,7338781.0,8403497.0,377186669.0,71332402.0,938179.0,993343.0,377181060.0,328019203.0
11.1,mcf,STREAM,6,0.1924049219413752,23427.600000000002,0.002905472092212243,7449103.0,8544773.0,72556987.0,377105670.0,38383779.84,0.1924049219413752,0.871773071092702,0.002905472092212243,0.7955407484960669,0.939827771228597,0.00015092054732059228,7449103.0,8544773.0,377105670.0,72556987.0,888922.0,945835.0,377105709.0,300002958.0
11.2,mcf,STREAM,6,0.1898517183431926,24068.0,0.0027800270104158093,7312300.0,8351166.0,70945532.0,373689175.0,39433011.2,0.1898517183431926,0.8756022811664862,0.0027800270104158093,0.825158486194525,0.9342514557931458,0.0001564510781300049,7312300.0,8351166.0,373689175.0,70945532.0,830742.0,889206.0,373688700.0,308352402.0
11.3,mcf,STREAM,6,0.5797398533772697,22373.1,0.0018986784805102785,4806680.0,5521526.0,218270086.0,376496604.0,36656087.04,0.5797398533772697,0.8705347036308441,0.0018986784805102785,0.872991259740738,0.9459385177507406,0.00015811293548588214,4806680.0,5521526.0,376496604.0,218270086.0,1053172.0,1113362.0,380677266.0,332327926.0
11.4,mcf,STREAM,6,0.9978279215725201,18254.4,2.087820524499175e-05,19314.0,27188.0,376320520.0,377139697.0,29908008.96,0.9978279215725201,0.710386935412682,2.087820524499175e-05,0.8806607814828612,0.9532278539122659,0.00012426731219028256,19314.0,27188.0,377139697.0,376320520.0,955161.0,1002028.0,377146646.0,332138260.0
11.5,mcf,STREAM,6,0.5930104225064995,15964.399999999998,0.0017975934053239258,4339326.0,5017329.0,223667290.0,377172612.0,26156072.959999997,0.5930104225064995,0.8648677413819186,0.0017975934053239258,1.295599193686529,0.8236324580145656,0.0002474392856942653,4339326.0,5017329.0,377172612.0,223667290.0,430203.0,522324.0,372297389.0,482348197.0
11.7,mcf,STREAM,6,0.2147078478571304,18753.399999999998,0.0030753999822856074,8359760.0,9519893.0,80994232.0,377229956.0,30725570.56,0.2147078478571304,0.8781359202251537,0.0030753999822856074,0.5688212642932913,0.49298955490731156,2.856591223595853e-05,8359760.0,9519893.0,377229956.0,80994232.0,10478.0,21254.0,377232833.0,214578057.0
11.8,mcf,STREAM,6,0.19483978457317852,23465.100000000002,0.0029277814639232427,7545327.0,8649397.0,73474323.0,377101233.0,38445219.84,0.19483978457317852,0.872352951309785,0.0029277814639232427,0.7794415819353357,0.9538094552159257,0.00010629210040811688,7545327.0,8649397.0,377101233.0,73474323.0,827692.0,867775.0,377102342.0,293929246.0
11.9,mcf,STREAM,6,0.18978576576557518,24113.4,0.0028925688372129933,7345067.0,8436273.0,71595657.0,377244609.0,39507394.56,0.18978576576557518,0.8706530715637106,0.0028925688372129933,0.8898521289214665,0.947906459884295,0.0001471350850014739,7345067.0,8436273.0,377244609.0,71595657.0,1009964.0,1065468.0,377231576.0,335680321.0
12.0,mcf,STREAM,6,0.19238919542266972,23375.8,0.002880797969547081,7460379.0,8547214.0,72582428.0,377268733.0,38298910.72,0.19238919542266972,0.8728433615912741,0.002880797969547081,0.7955351285373062,0.9363771936112779,0.0001435017334396577,7460379.0,8547214.0,377268733.0,72582428.0,796798.0,850937.0,377270704.0,300132098.0
12.1,mcf,STREAM,6,0.18938706201759975,24145.5,0.002770376928544483,7364878.0,8409497.0,71411699.0,377067463.0,39559987.2,0.18938706201759975,0.8757810366065889,0.002770376928544483,0.879743281312361,0.9399991931937034,0.00016164170549180773,7364878.0,8409497.0,377067463.0,71411699.0,955371.0,1016353.0,377266497.0,331897666.0
12.2,mcf,STREAM,6,0.19274106471485875,23478.199999999997,0.002847252486590375,7482117.0,8555850.0,72684963.0,377111972.0,38466682.879999995,0.19274106471485875,0.8745030593102965,0.002847252486590375,0.802644449441907,0.9375314317782023,0.0001534949267943171,7482117.0,8555850.0,377111972.0,72684963.0,868726.0,926610.0,377106926.0,302682781.0
12.3,mcf,STREAM,6,0.19142194278337063,24154.9,0.0027822882489012715,7458126.0,8507350.0,72186804.0,377108303.0,39575388.160000004,0.19142194278337063,0.8766685278024297,0.0027822882489012715,0.8370109950300267,0.9343956466832518,0.00016048895349873862,7458126.0,8507350.0,377108303.0,72186804.0,861994.0,922515.0,377103836.0,315640057.0
12.4,mcf,STREAM,6,0.19936828096571235,14865.0,0.002925611945803442,7749107.0,8852117.0,75165542.0,377018559.0,24354816.0,0.19936828096571235,0.8753959081200576,0.002925611945803442,1.3178663770705021,0.8487660768548109,0.00027424077321664406,7749107.0,8852117.0,377018559.0,75165542.0,572884.0,674961.0,372216716.0,490531895.0
12.5,mcf,STREAM,6,0.215432677952387,13032.7,0.003084058280177919,8385104.0,9548160.0,81243688.0,377118684.0,21352775.68,0.215432677952387,0.878190562370132,0.003084058280177919,0.6026048489401634,0.21429475015812777,3.293712026393138e-05,8385104.0,9548160.0,377118684.0,81243688.0,3388.0,15810.0,377142868.0,227268121.0
12.6,mcf,STREAM,6,0.19896588186072248,23737.200000000004,0.002910569156654874,7729546.0,8827182.0,75034161.0,377120742.0,38891028.480000004,0.19896588186072248,0.8756527281299966,0.002910569156654874,0.7622813238219317,0.9623897120744143,7.52061078942836e-05,7729546.0,8827182.0,377120742.0,75034161.0,725689.0,754049.0,377097031.0,287454024.0
12.7,mcf,STREAM,6,0.19341147767606884,24077.600000000002,0.0030014174301132715,7459223.0,8591477.0,72962500.0,377239763.0,39448739.84,0.19341147767606884,0.8682119500523601,0.0030014174301132715,0.7991189012980107,0.941896466812003,0.00013416184544099474,7459223.0,8591477.0,377239763.0,72962500.0,820470.0,871083.0,377253308.0,301470249.0
12.8,mcf,STREAM,6,0.19051252536885036,23562.9,0.0028224040309350468,7402281.0,8466474.0,71833123.0,377051970.0,38605455.36,0.19051252536885036,0.8743050530834914,0.0028224040309350468,0.8768691097411596,0.9408892587828807,0.00015540686941328775,7402281.0,8466474.0,377051970.0,71833123.0,932680.0,991275.0,377042535.0,330616952.0
13.0,mcf,STREAM,6,0.19124119622267252,23968.800000000003,0.0027910814885900156,7446796.0,8499485.0,72128852.0,377161686.0,39270481.92,0.19124119622267252,0.8761467312431283,0.0027910814885900156,0.819274217239602,0.934606212191717,0.00015500275467212308,7446796.0,8499485.0,377161686.0,72128852.0,835523.0,893984.0,377161039.0,308998315.0
13.1,mcf,STREAM,6,0.19090482023193028,23633.3,0.0028093338537622365,7422293.0,8481705.0,71991037.0,377104344.0,38720798.72,0.19090482023193028,0.8750944532968312,0.0028093338537622365,0.84737298153807,0.9400812395817403,0.00016518428001660262,7422293.0,8481705.0,377104344.0,71991037.0,977347.0,1039641.0,377118210.0,319559782.0
13.2,mcf,STREAM,6,0.19255457815591906,23729.8,0.002811012510548526,7497279.0,8558478.0,72692215.0,377514862.0,38878904.32,0.19255457815591906,0.8760061076280151,0.002811012510548526,1.1717047188970857,0.9272238441797688,0.00014190220218580934,7497279.0,8558478.0,377514862.0,72692215.0,682510.0,736079.0,377506474.0,442326117.0
13.3,mcf,STREAM,6,0.21545314211574704,20778.4,0.0031053443926556197,8376501.0,9547106.0,81218214.0,376964630.0,34043330.56,0.21545314211574704,0.8773864037960822,0.0031053443926556197,0.8094410900889006,0.3164052525989422,0.0002013823112013565,8376501.0,9547106.0,376964630.0,81218214.0,34697.0,109660.0,372242227.0,301308154.0
13.4,mcf,STREAM,6,0.20602337587906439,12201.199999999999,0.0030141853574112624,8003256.0,9140296.0,77718120.0,377229621.0,19990446.08,0.20602337587906439,0.8756014028429714,0.0030141853574112624,0.6711755880920189,0.9605590510014603,4.639789177226486e-05,8003256.0,9140296.0,377229621.0,77718120.0,426250.0,443752.0,377215415.0,253177778.0
13.5,mcf,STREAM,6,0.19113859730786997,18828.2,0.0028926626509546203,7390908.0,8481739.0,72078888.0,377102736.0,30848122.88,0.19113859730786997,0.8713906428858516,0.0028926626509546203,0.8690419305351621,0.9480293768590199,0.000138777717835834,7390908.0,8481739.0,377102736.0,72078888.0,954585.0,1006915.0,377077825.0,327696441.0
13.6,mcf,STREAM,6,0.19290857116234122,23484.699999999997,0.0029251010355586253,7463459.0,8566565.0,72749146.0,377117230.0,38477332.48,0.19290857116234122,0.8712312344562844,0.0029251010355586253,0.7925804702747908,0.9423768747729514,0.0001472137437013733,7463459.0,8566565.0,377117230.0,72749146.0,907933.0,963450.0,377118322.0,298896617.0
13.8,mcf,STREAM,6,0.19243191171540222,23483.699999999997,0.002835859723243161,7480425.0,8549850.0,72567587.0,377107863.0,38475694.08,0.19243191171540222,0.8749188582255829,0.002835859723243161,0.8092077984126729,0.9336410848240047,0.00015430942318058318,7480425.0,8549850.0,377107863.0,72567587.0,818708.0,876898.0,377099459.0,305151823.0
13.9,mcf,STREAM,6,0.19086366852635964,24171.4,0.002813012124159924,7418036.0,8478877.0,71978362.0,377119242.0,39602421.760000005,0.19086366852635964,0.8748842564882118,0.002813012124159924,0.863559908913375,0.9400538080844987,0.00016749612621456752,7418036.0,8478877.0,377119242.0,71978362.0,990577.0,1053745.0,377131110.0,325675307.0
14.0,mcf,STREAM,6,0.19291013362726042,23487.0,0.0028302684365063167,7507418.0,8574744.0,72748577.0,377111226.0,38481100.8,0.19291013362726042,0.8755267795749937,0.0028302684365063167,0.7943085085207551,0.9309069102761885,0.00015153871096650802,7507418.0,8574744.0,377111226.0,72748577.0,769968.0,827116.0,377118161.0,299548164.0
14.1,mcf,STREAM,6,0.1904757017609535,24155.0,0.0027854625882819135,7400741.0,8451903.0,71880635.0,377374302.0,39575552.0,0.1904757017609535,0.875630139153277,0.0027854625882819135,0.8917580075754591,0.940810902856411,0.00016173370342907077,7400741.0,8451903.0,377374302.0,71880635.0,969627.0,1030629.0,377175559.0,336349325.0
14.2,mcf,STREAM,6,0.21188189252038575,14661.400000000001,0.0030668057572828923,8227980.0,9384196.0,79881562.0,377009857.0,24021237.76,0.21188189252038575,0.8767911497159693,0.0030668057572828923,1.1865026948516775,0.48477527807136744,0.0002199964443184825,8227980.0,9384196.0,377009857.0,79881562.0,77056.0,158952.0,372260562.0,441688160.0
14.3,mcf,STREAM,6,0.21116214528960514,13178.5,0.0030231977661264262,8227418.0,9367535.0,79634073.0,377122864.0,21591654.4,0.21116214528960514,0.8782906068672282,0.0030231977661264262,0.6402758071745682,0.9507807668521954,3.37673109873906e-05,8227418.0,9367535.0,377122864.0,79634073.0,245986.0,258720.0,377110277.0,241454587.0
14.4,mcf,STREAM,6,0.1926861363394565,23736.6,0.0029846596323765155,7430208.0,8555774.0,72665225.0,377117038.0,38890045.44,0.1926861363394565,0.8684436966193824,0.0029846596323765155,0.8091238829921718,0.9532946583409666,0.00012412317720203223,7430208.0,8555774.0,377117038.0,72665225.0,955390.0,1002198.0,377109264.0,305128112.0
14.5,mcf,STREAM,6,0.1925901999481613,24049.3,0.0028932424754595037,7468274.0,8559585.0,72643688.0,377193066.0,39402373.12,0.1925901999481613,0.8725042160338381,0.0028932424754595037,0.7904958740229937,0.9355981463309279,0.00014546019991294173,7468274.0,8559585.0,377193066.0,72643688.0,797066.0,851932.0,377189087.0,298166417.0
14.6,mcf,STREAM,6,0.19080974670305942,23598.899999999998,0.0028428423540206153,7394934.0,8467025.0,71958057.0,377119399.0,38664437.76,0.19080974670305942,0.8733804376389582,0.0028428423540206153,0.878272637748689,0.9429067740964938,0.00016001115899112766,7394934.0,8467025.0,377119399.0,71958057.0,996594.0,1056938.0,377123698.0,331217425.0
14.7,mcf,STREAM,6,0.1930650666269371,23914.8,0.0028517091512347353,7502904.0,8578311.0,72806697.0,377109636.0,39182008.32,0.1930650666269371,0.8746365106138027,0.0028517091512347353,0.7993961656087095,0.9337296300821737,0.00014813896160124822,7502904.0,8578311.0,377109636.0,72806697.0,787107.0,842971.0,377105384.0,301456598.0
14.8,mcf,STREAM,6,0.19024585275803266,23756.9,0.0027859713561239506,7411298.0,8461690.0,71728204.0,377029002.0,38923304.96,0.19024585275803266,0.8758649867816004,0.0027859713561239506,0.8870455992542279,0.9393845233952666,0.00016392941253945664,7411298.0,8461690.0,377029002.0,71728204.0,958346.0,1020185.0,377229437.0,334619712.0
14.9,mcf,STREAM,6,0.19277964177634976,23711.6,0.0028337217333259945,7487413.0,8556034.0,72698872.0,377108658.0,38849085.44,0.19277964177634976,0.8751032312400816,0.0028337217333259945,0.8053499837724503,0.9363648687521285,0.0001531095547392075,7487413.0,8556034.0,377108658.0,72698872.0,849591.0,907329.0,377102527.0,303699514.0
15.0,mcf,STREAM,6,0.2049004579888527,20667.399999999998,0.002966607485677408,7969418.0,9087682.0,77237318.0,376950441.0,33861468.16,0.2049004579888527,0.8769472787450089,0.002966607485677408,1.2667035807051676,0.7804857729973897,0.00025484946959836976,7969418.0,9087682.0,376950441.0,77237318.0,337276.0,432136.0,372219727.0,471492061.0
15.1,mcf,STREAM,6,0.21521672245852042,12212.3,0.003082166373935575,8381487.0,9543301.0,81125342.0,376947205.0,20008632.32,0.21521672245852042,0.8782586863811589,0.003082166373935575,0.5700423547733927,0.5925554484088718,2.8018075576449885e-05,8381487.0,9543301.0,376947205.0,81125342.0,15362.0,25925.0,377006621.0,214909742.0
15.2,mcf,STREAM,6,0.19580124588775044,19113.3,0.0029393395041680762,7578229.0,8686876.0,73851443.0,377175552.0,31315230.72,0.19580124588775044,0.8723767899990744,0.0029393395041680762,0.7792260233315308,0.9559612916415843,0.000102870001677471,7578229.0,8686876.0,377175552.0,73851443.0,841657.0,880430.0,376912602.0,293700108.0
15.3,mcf,STREAM,6,0.19039269499651862,23505.300000000003,0.0029020876983018593,7360197.0,8454887.0,71817602.0,377207760.0,38511083.52,0.19039269499651862,0.8705257681149375,0.0029020876983018593,0.891987173993733,0.9483842943387073,0.00014554171652613086,7360197.0,8454887.0,377207760.0,71817602.0,1008693.0,1063591.0,377197695.0,336455506.0
15.4,mcf,STREAM,6,0.19331528320931934,24186.5,0.0029134258341196005,7489753.0,8588383.0,72897675.0,377092146.0,39627161.6,0.19331528320931934,0.872079528823994,0.0029134258341196005,0.8023102931143855,0.9361354659174433,0.00014539587147962825,7489753.0,8588383.0,377092146.0,72897675.0,803662.0,858489.0,377087736.0,302541372.0
15.5,mcf,STREAM,6,0.1898733365095049,23451.0,0.002775847188663827,7382215.0,8428823.0,71590019.0,377040928.0,38422118.4,0.1898733365095049,0.8758298756540503,0.002775847188663827,0.8805003074635183,0.9396036674361122,0.00016068345283191629,7382215.0,8428823.0,377040928.0,71590019.0,943130.0,1003753.0,377282159.0,332197057.0
15.6,mcf,STREAM,6,0.19282593371672976,24124.700000000004,0.002839232815868258,7481902.0,8552440.0,72705376.0,377051855.0,39525908.480000004,0.19282593371672976,0.874826599192745,0.002839232815868258,0.79973456123559,0.9376758708208873,0.00015279569952991991,7481902.0,8552440.0,377051855.0,72705376.0,866721.0,924329.0,377026318.0,301520977.0
15.7,mcf,STREAM,6,0.19157285547217737,23502.799999999996,0.0027904025517464476,7458669.0,8510960.0,72244197.0,377110822.0,38506987.519999996,0.19157285547217737,0.8763604810738154,0.0027904025517464476,0.833998133751982,0.9343690880489757,0.00015942354550344174,7458669.0,8510960.0,377110822.0,72244197.0,855926.0,916047.0,377114935.0,314513152.0
15.9,mcf,STREAM,6,0.5206729736000708,7175.799999999999,0.0021405881908661403,5342874.0,6140356.0,193978144.0,372552742.0,11756830.719999999,0.5206729736000708,0.8701244683533007,0.0021405881908661403,1.3248939267478663,0.8174754875159468,0.0003358312539385174,5342874.0,6140356.0,372552742.0,193978144.0,560686.0,685875.0,372773524.0,493885378.0
16.0,mcf,STREAM,6,0.9922273806369635,4861.8,4.711052836333548e-05,18997.0,36764.0,374203060.0,377134382.0,7965573.12,0.9922273806369635,0.5167283211837668,4.711052836333548e-05,0.5995343016604414,0.2566246228781215,5.4227619098744175e-05,18997.0,36764.0,377134382.0,374203060.0,7060.0,27511.0,377132545.0,226103897.0
16.1,mcf,STREAM,6,0.6495534512167697,22827.3,0.0015834031330258893,3124935.0,3722281.0,245046980.0,377254527.0,37400248.32,0.6495534512167697,0.8395215191975028,0.0015834031330258893,0.7706774604735567,0.9659394253404368,7.213970980794497e-05,3124935.0,3722281.0,377254527.0,245046980.0,771831.0,799047.0,377267944.0,290751901.0
16.2,mcf,STREAM,6,0.19502454449442122,24069.5,0.003346076074564526,7376425.0,8638195.0,73541699.0,377089454.0,39435468.8,0.19502454449442122,0.8539312900438112,0.003346076074564526,0.7901792596891118,0.9518952992056986,0.0001128305439339477,7376425.0,8638195.0,377089454.0,73541699.0,841880.0,884425.0,377069883.0,297952801.0
16.3,mcf,STREAM,6,0.19104820288323088,23636.7,0.003025973472080328,7345972.0,8487333.0,72061097.0,377188039.0,38726369.28,0.19104820288323088,0.8655218311806547,0.003025973472080328,0.8699097304025833,0.9464585364294504,0.00014211989523777363,7345972.0,8487333.0,377188039.0,72061097.0,947564.0,1001168.0,377174497.0,328107765.0
16.4,mcf,STREAM,6,0.19247659752272772,23823.899999999998,0.0029428468521207345,7435637.0,8545611.0,72597736.0,377176950.0,39033077.76,0.19247659752272772,0.8701118035913407,0.0029428468521207345,0.7948660002166806,0.9434236090228771,0.00014066344805939798,7435637.0,8545611.0,377176950.0,72597736.0,884737.0,937794.0,377191095.0,299816377.0
16.5,mcf,STREAM,6,0.19129054501615236,23727.799999999996,0.002842768176388411,7416644.0,8488667.0,72136682.0,377105319.0,38875627.519999996,0.19129054501615236,0.8737112670340349,0.002842768176388411,0.825325060182248,0.9370095880787231,0.00015201607075247264,7416644.0,8488667.0,377105319.0,72136682.0,852273.0,909567.0,376894362.0,311060362.0
16.6,mcf,STREAM,6,0.19055710896703637,23638.4,0.0028190807342089227,7388804.0,8452162.0,71878192.0,377200265.0,38729154.56,0.19055710896703637,0.8741910058041954,0.0028190807342089227,0.842431150844996,0.9429084282584511,0.00015523713724712417,7388804.0,8452162.0,377200265.0,71878192.0,967078.0,1025633.0,377197113.0,317762598.0
16.7,mcf,STREAM,6,0.1927924411673636,20619.6,0.002822903435718138,7495522.0,8560200.0,72713033.0,377157074.0,33783152.64,0.1927924411673636,0.875624634938436,0.002822903435718138,1.1637692377643292,0.9300917018765837,0.00013854014891049598,7495522.0,8560200.0,377157074.0,72713033.0,695171.0,747422.0,377154207.0,438920464.0
16.8,mcf,STREAM,6,0.21462484290709416,12178.3,0.003102461357205873,8349785.0,9519958.0,80951273.0,377175689.0,19952926.72,0.21462484290709416,0.8770821257824877,0.003102461357205873,0.8137825656461183,0.3509203263837897,0.00021123869891890188,8349785.0,9519958.0,377175689.0,80951273.0,42534.0,121207.0,372436492.0,303082324.0
16.9,mcf,STREAM,6,0.20627144622349697,18933.800000000003,0.003013734647575826,8017348.0,9153416.0,77756809.0,376963513.0,31021137.92,0.20627144622349697,0.8758858987726549,0.003013734647575826,0.6632548932014753,0.9606827722589076,4.5070712259473386e-05,8017348.0,9153416.0,376963513.0,77756809.0,415356.0,432355.0,377162888.0,250155131.0
17.0,mcf,STREAM,6,0.18951820956239315,23388.100000000006,0.0028719955649090813,7333852.0,8417311.0,71495657.0,377249538.0,38319063.04000001,0.18951820956239315,0.8712820519522209,0.0028719955649090813,0.8632322431875726,0.9494639403481291,0.00013410268498165377,7333852.0,8417311.0,377249538.0,71495657.0,950421.0,1001008.0,377225855.0,325633521.0
17.1,mcf,STREAM,6,0.19208232601887237,24098.1,0.0029543558048425386,7415998.0,8530456.0,72458329.0,377225383.0,39482327.04,0.19208232601887237,0.8693554013994094,0.0029543558048425386,0.7909737197195003,0.9417352023789927,0.00014448941358316227,7415998.0,8530456.0,377225383.0,72458329.0,881014.0,935522.0,377245631.0,298391380.0
17.2,mcf,STREAM,6,0.19005019266059422,23336.9,0.002810293403324234,7402939.0,8465383.0,71849326.0,378054476.0,38235176.96,0.19005019266059422,0.874495459921896,0.002810293403324234,0.828496744763186,0.9364005235172751,0.00015386301065136639,7402939.0,8465383.0,378054476.0,71849326.0,856416.0,914583.0,378044078.0,313208288.0
17.3,mcf,STREAM,6,0.18955953894749897,24046.9,0.002803118373241134,7387728.0,8449315.0,71789313.0,378716436.0,39398440.96,0.18955953894749897,0.87435821720459,0.002803118373241134,0.8269450695275444,0.9409458357897545,0.0001589592102275267,7387728.0,8449315.0,378716436.0,71789313.0,959235.0,1019437.0,378726089.0,313185672.0
17.4,mcf,STREAM,6,0.19106926831834342,23321.8,0.0028037374460266177,7443599.0,8504674.0,72310203.0,378450201.0,38210437.12,0.19106926831834342,0.8752362524418925,0.0028037374460266177,0.7746043076580236,0.9277626343100568,0.00015785772429013564,7443599.0,8504674.0,378450201.0,72310203.0,766832.0,826539.0,378232996.0,292980908.0
17.5,mcf,STREAM,6,0.18782830416529012,23983.4,0.0027543947819381547,7325222.0,8368139.0,71118829.0,378637444.0,39294402.56,0.18782830416529012,0.8753704975502916,0.0027543947819381547,0.8903143848022812,0.9425982300617809,0.00016070595552770625,7325222.0,8368139.0,378637444.0,71118829.0,999189.0,1060037.0,378629403.0,337099204.0
17.6,mcf,STREAM,6,0.21006566670642168,14963.099999999999,0.0030449523433071497,8160325.0,9308529.0,79212484.0,377084391.0,24515543.04,0.21006566670642168,0.8766503278874676,0.0030449523433071497,1.2069559021671001,0.5644708246196745,0.0002281049490226378,8160325.0,9308529.0,377084391.0,79212484.0,110126.0,195096.0,372503974.0,449595870.0
17.7,mcf,STREAM,6,0.21266892591542597,12818.5,0.003046953466934804,8280458.0,9428859.0,80155214.0,376901391.0,21001830.4,0.21266892591542597,0.8782036087293277,0.003046953466934804,0.6338765684262861,0.9293058286162308,3.1578226958437424e-05,8280458.0,9428859.0,376901391.0,80155214.0,156457.0,168359.0,376905265.0,238911416.0
17.8,mcf,STREAM,6,0.19258060345550412,23754.0,0.002979931030947357,7428704.0,8552471.0,72624408.0,377111748.0,38918553.6,0.19258060345550412,0.8686032375906332,0.002979931030947357,0.8034983602057181,0.9537212195752705,0.00012052688103040937,7428704.0,8552471.0,377111748.0,72624408.0,936724.0,982178.0,377127489.0,303021319.0
18.1,mcf,STREAM,6,0.19062971195234185,23406.6,0.0028591086005238385,7386243.0,8464859.0,71916211.0,377256044.0,38349373.44,0.19062971195234185,0.8725772041802469,0.0028591086005238385,0.8296830412237386,0.9418217729732062,0.00015724501621128175,7386243.0,8464859.0,377256044.0,71916211.0,960354.0,1019677.0,377264739.0,313010156.0
18.2,mcf,STREAM,6,0.19180704461444134,23907.399999999998,0.0028192571417440327,7439254.0,8502584.0,72343236.0,377166731.0,39169884.16,0.19180704461444134,0.8749403710683716,0.0028192571417440327,0.7769894110632323,0.9281540514295816,0.00015732748534023764,7439254.0,8502584.0,377166731.0,72343236.0,766568.0,825906.0,377162324.0,293051132.0
18.3,mcf,STREAM,6,0.18865774799612198,23448.1,0.0027698756779220442,7342089.0,8387299.0,71189825.0,377349066.0,38417367.04,0.18865774799612198,0.8753818124285303,0.0027698756779220442,0.8929742684174129,0.9422881622475776,0.0001614315788130305,7342089.0,8387299.0,377349066.0,71189825.0,994653.0,1055572.0,377367306.0,336979294.0
18.4,mcf,STREAM,6,0.19259517567654444,23838.600000000002,0.0028354110887789325,7476964.0,8546068.0,72618843.0,377054320.0,39057162.24,0.19259517567654444,0.8749010656128643,0.0028354110887789325,0.8045990190634705,0.9331914338069016,0.00015200986620787205,7476964.0,8546068.0,377054320.0,72618843.0,800570.0,857884.0,377041316.0,303367073.0
18.5,mcf,STREAM,6,0.2017730666149859,20956.300000000003,0.0029233327776668695,7845535.0,8948300.0,76114590.0,377228692.0,34334801.92,0.2017730666149859,0.8767626253031302,0.0029233327776668695,1.2921187427141567,0.8171132303966091,0.00025954152794148015,7845535.0,8948300.0,377228692.0,76114590.0,431828.0,528480.0,372395126.0,481178722.0
18.6,mcf,STREAM,6,0.21404018966901878,12124.0,0.003063813563060679,8328561.0,9484470.0,80752623.0,377277852.0,19863961.6,0.21404018966901878,0.8781261367266701,0.003063813563060679,0.579075121030289,0.4389247528747226,2.9486629406504758e-05,8328561.0,9484470.0,377277852.0,80752623.0,8703.0,19828.0,377289647.0,218479048.0
18.7,mcf,STREAM,6,0.19488577886916372,18487.8,0.0028742563725007867,7559028.0,8642777.0,73482404.0,377053700.0,30290411.52,0.19488577886916372,0.8746063909782701,0.0028742563725007867,0.7954830213453341,0.9604441026062552,8.939273089233365e-05,7559028.0,8642777.0,377053700.0,73482404.0,817919.0,851605.0,376831535.0,299763088.0
18.8,mcf,STREAM,6,0.1908980207257836,23499.2,0.0029700084354900447,7351604.0,8471674.0,71992774.0,377126875.0,38501089.28,0.1908980207257836,0.8677864610937579,0.0029700084354900447,0.8331760942712169,0.9464263466090784,0.00014708720752804584,7351604.0,8471674.0,377126875.0,71992774.0,979927.0,1035397.0,377123211.0,314210044.0
18.9,mcf,STREAM,6,0.19212433532365475,23952.9,0.002866915355632174,7451100.0,8532455.0,72466252.0,377184139.0,39244431.36,0.19212433532365475,0.8732656662121276,0.002866915355632174,0.7770349361249019,0.930403892472858,0.00015245000852140948,7451100.0,8532455.0,377184139.0,72466252.0,768709.0,826210.0,377179382.0,293081557.0
19.0,mcf,STREAM,6,0.18868109917163253,23358.2,0.0027820889886650646,7329689.0,8379059.0,71168207.0,377187791.0,38270074.88,0.18868109917163253,0.8747627866088543,0.0027820889886650646,0.8904137071296867,0.9447884548412031,0.00015509636885040708,7329689.0,8379059.0,377187791.0,71168207.0,1001061.0,1059561.0,377184846.0,335850557.0
19.1,mcf,STREAM,6,0.1916571720993712,24032.9,0.0028375142435076318,7439790.0,8510267.0,72304340.0,377258723.0,39375503.36,0.1916571720993712,0.8742134647479333,0.0028375142435076318,0.7969513616675532,0.9338095221389203,0.0001500342473626653,7439790.0,8510267.0,377258723.0,72304340.0,798522.0,855123.0,377253867.0,300652983.0
19.2,mcf,STREAM,6,0.18843877907731246,23286.7,0.0027466219422493123,7333599.0,8369756.0,71088109.0,377247769.0,38152929.28,0.18843877907731246,0.8762022453223248,0.0027466219422493123,0.8749121995429724,0.9393767643628674,0.00016218613614712578,7333599.0,8369756.0,377247769.0,71088109.0,948035.0,1009217.0,377233230.0,330045955.0
19.3,mcf,STREAM,6,0.19608375016700758,23999.4,0.0028622124942249056,7617446.0,8696854.0,73947818.0,377123642.0,39320616.96,0.19608375016700758,0.8758852339018224,0.0028622124942249056,1.269407803568979,0.8773777499039257,0.00022760548074676477,7617446.0,8696854.0,377123642.0,73947818.0,614146.0,699979.0,377113063.0,478710265.0
19.4,mcf,STREAM,6,0.2139559642517742,15400.2,0.003080970071611455,8325681.0,9487893.0,80709057.0,377222749.0,25231687.68,0.2139559642517742,0.8775057855310974,0.003080970071611455,0.6433889025923021,0.2166740855175303,8.023664542826408e-05,8325681.0,9487893.0,377222749.0,80709057.0,8275.0,38191.0,372847093.0,239885682.0
19.5,mcf,STREAM,6,0.20059014831997043,12253.5,0.0029379431028830894,7790337.0,8898393.0,75653309.0,377153662.0,20076134.4,0.20059014831997043,0.8754768417173753,0.0029379431028830894,0.706736747163222,0.9631451502368152,6.41270345318596e-05,7790337.0,8898393.0,377153662.0,75653309.0,632430.0,656630.0,377375941.0,266705445.0
19.6,mcf,STREAM,6,0.1928628694713715,23621.300000000003,0.0029451552430597686,7446709.0,8557052.0,72710577.0,377006612.0,38701137.92,0.1928628694713715,0.8702423451440987,0.0029451552430597686,0.7753335850859021,0.9346618181467782,0.0001438991601374395,7446709.0,8557052.0,377006612.0,72710577.0,775974.0,830219.0,376965369.0,292273911.0
19.7,mcf,STREAM,6,0.18952933056604432,24116.9,0.002829197341171461,7344789.0,8411605.0,71466532.0,377073732.0,39513128.96,0.18952933056604432,0.8731733123464547,0.002829197341171461,0.8928557487577656,0.945274288618557,0.00015391410256469069,7344789.0,8411605.0,377073732.0,71466532.0,1002470.0,1060507.0,377073959.0,336672652.0
19.8,mcf,STREAM,6,0.19281648019793377,23475.9,0.0028695621833616796,7484525.0,8566676.0,72713722.0,377113626.0,38462914.56,0.19281648019793377,0.8736790092213129,0.0028695621833616796,0.8039796135252089,0.9337179090447303,0.00015050941195324954,7484525.0,8566676.0,377113626.0,72713722.0,799594.0,856355.0,377125917.0,303201549.0
19.9,mcf,STREAM,6,0.1895928076148058,24090.100000000002,0.0027571104431404797,7379662.0,8419397.0,71497418.0,377110392.0,39469219.84,0.1895928076148058,0.8765071892915847,0.0027571104431404797,0.8857179485077216,0.9379450710989008,0.00016363675391980337,7379662.0,8419397.0,377110392.0,71497418.0,959001.0,1022449.0,387736853.0,343425490.0
20.1,mcf,STREAM,6,0.19198062502305413,23933.4,0.0028261798854919773,7464159.0,8530069.0,72406597.0,377155752.0,39212482.56,0.19198062502305413,0.8750408701266074,0.0028261798854919773,0.7912104594328516,0.9377377693586229,0.0001578245144811483,7464159.0,8530069.0,377155752.0,72406597.0,896497.0,956021.0,377153069.0,298407453.0
20.2,mcf,STREAM,6,0.19088500080787757,21198.1,0.0027738911520513586,7415921.0,8461936.0,71981402.0,377093023.0,34730967.04,0.19088500080787757,0.8763858530719212,0.0027738911520513586,1.0315853618197295,0.9309174773388924,0.00015628005969166225,7415921.0,8461936.0,377093023.0,71981402.0,793973.0,852893.0,377015469.0,388923639.0
20.3,mcf,STREAM,6,0.2138165984793445,12200.5,0.0030948038358137434,8313483.0,9480444.0,80624054.0,377071072.0,19989299.2,0.2138165984793445,0.8769086131409035,0.0030948038358137434,0.9744371300057466,0.3199255028966517,0.00022166372067232854,8313483.0,9480444.0,377071072.0,80624054.0,38822.0,121347.0,372298181.0,362781171.0
20.4,mcf,STREAM,6,0.3044201473403396,16163.0,0.002844040351123516,7693696.0,8766194.0,114797949.0,377103651.0,26481459.2,0.3044201473403396,0.8776552287115709,0.002844040351123516,0.6366641930953157,0.9558425439187671,4.1698790203673145e-05,7693696.0,8766194.0,377103651.0,114797949.0,340387.0,356112.0,377109262.0,240091964.0
20.5,mcf,STREAM,6,1.0514767345732714,17387.0,9.086437856573803e-05,46298.0,79886.0,388678172.0,369649807.0,28486860.8,1.0514767345732714,0.5795508599754651,9.086437856573803e-05,0.9667570113288415,0.9609817468549492,0.00012295670279053095,46298.0,79886.0,369649807.0,388678172.0,1131236.0,1177167.0,373554259.0,361136199.0
20.6,mcf,STREAM,6,0.8406902436381831,20556.199999999997,0.0007219711506799609,1416150.0,1685954.0,314169881.0,373704683.0,33679278.08,0.8406902436381831,0.8399695365353977,0.0007219711506799609,0.8372017963216863,0.9569202871202074,0.0001271089130100254,1416150.0,1685954.0,373704683.0,314169881.0,1064903.0,1112844.0,377164739.0,315762997.0
20.7,mcf,STREAM,6,0.19277239172541163,23572.999999999996,0.0032063950563383167,7412664.0,8632896.0,73361840.0,380561964.0,38622003.199999996,0.19277239172541163,0.8586532259858105,0.0032063950563383167,0.7692254960739979,0.9427372908311356,0.00012937480342225475,7412664.0,8632896.0,380561964.0,73361840.0,803215.0,852003.0,377105887.0,290079463.0
20.8,mcf,STREAM,6,0.1904608693815049,24069.4,0.003018078888193684,7323123.0,8461388.0,71832099.0,377148856.0,39435304.96,0.1904608693815049,0.8654753806349502,0.003018078888193684,0.8851894505267549,0.9474919706285078,0.00014915492701535443,7323123.0,8461388.0,377148856.0,71832099.0,1015123.0,1071379.0,377164879.0,333862372.0
20.9,mcf,STREAM,6,0.1921887268499244,23509.5,0.00291746861474622,7439943.0,8540381.0,72491535.0,377189319.0,38517964.8,0.1921887268499244,0.8711488398468406,0.00291746861474622,0.7943344363733824,0.9364315382073913,0.00014283569388718668,7439943.0,8540381.0,377189319.0,72491535.0,793607.0,847480.0,377167629.0,299597236.0
21.0,mcf,STREAM,6,0.18881426321815042,23995.299999999996,0.0027896585879231897,7344045.0,8396074.0,71205158.0,377117474.0,39313899.519999996,0.18881426321815042,0.8746998894959715,0.0027896585879231897,0.8816945179906476,0.9414538321955939,0.00015853464706881167,7344045.0,8396074.0,377117474.0,71205158.0,961391.0,1021177.0,377116303.0,332501377.0
21.1,mcf,STREAM,6,0.21023738536531747,14113.5,0.0030612864408613803,8176350.0,9330937.0,79292597.0,377157454.0,23123558.4,0.21023738536531747,0.8762624803918406,0.0030612864408613803,1.177095592063388,0.4633966883895779,0.00023317309729958678,8176350.0,9330937.0,377157454.0,79292597.0,74947.0,161734.0,372199885.0,438114844.0
21.2,mcf,STREAM,6,0.21043286937653066,13501.800000000001,0.003015702211097883,8198188.0,9336051.0,79399012.0,377312785.0,22121349.12,0.21043286937653066,0.8781215955225609,0.003015702211097883,0.6359355726542815,0.9501389069591238,3.454391012683066e-05,8198188.0,9336051.0,377312785.0,79399012.0,248296.0,261326.0,377201074.0,239875581.0
21.3,mcf,STREAM,6,0.19216119519490596,23777.1,0.0029744689414860893,7404058.0,8525123.0,72424757.0,376895850.0,38956400.64,0.19216119519490596,0.8684986715147688,0.0029744689414860893,0.8142231779231598,0.9537995302824857,0.0001234262886326531,7404058.0,8525123.0,376895850.0,72424757.0,960871.0,1007414.0,377091465.0,307036611.0
21.4,mcf,STREAM,6,0.19101349192649006,23857.200000000004,0.0028604213264402808,7407765.0,8486762.0,72053366.0,377216108.0,39087636.480000004,0.19101349192649006,0.8728611689593746,0.0028604213264402808,0.7854513364997522,0.9353774980181502,0.00014478493822039652,7407765.0,8486762.0,377216108.0,72053366.0,790553.0,845170.0,377228465.0,296294602.0
21.5,mcf,STREAM,6,0.18950776081881887,23614.2,0.0028383697486813616,7346620.0,8417359.0,71489400.0,377237321.0,38689505.28,0.18950776081881887,0.8727939487908262,0.0028383697486813616,0.8808974540569339,0.9435105977868008,0.00015848337386612809,7346620.0,8417359.0,377237321.0,71489400.0,998505.0,1058287.0,377213070.0,332286033.0
21.6,mcf,STREAM,6,0.19103254717756507,23633.800000000003,0.0028116381520653815,7434390.0,8497610.0,72238892.0,378149656.0,38721617.92,0.19103254717756507,0.8748801133495183,0.0028116381520653815,0.7925629972369495,0.9331645840389312,0.00014876236921963025,7434390.0,8497610.0,378149656.0,72238892.0,785244.0,841485.0,378059319.0,299635827.0
21.7,mcf,STREAM,6,0.1876934177374256,23738.0,0.002748863036701092,7318199.0,8357307.0,70950691.0,378013741.0,38892339.2,0.1876934177374256,0.8756647326704643,0.002748863036701092,0.878933356539371,0.9410082594101314,0.0001597601545764595,7318199.0,8357307.0,378013741.0,70950691.0,963520.0,1023923.0,378085513.0,332311969.0
21.8,mcf,STREAM,6,0.190432683623337,23467.0,0.002804800875042422,7423569.0,8485385.0,72092273.0,378570903.0,38448332.8,0.190432683623337,0.8748653125344342,0.002804800875042422,0.8006045817817493,0.9377763572055821,0.00014864084157648763,7423569.0,8485385.0,378570903.0,72092273.0,847913.0,904174.0,378502970.0,303031212.0
21.9,mcf,STREAM,6,0.20238510664421105,20404.9,0.0029337705651847515,7874958.0,8981282.0,76319363.0,377099700.0,33431388.16,0.20238510664421105,0.8768189218421156,0.0029337705651847515,1.2682771878923056,0.782950050284948,0.00026078927656105714,7874958.0,8981282.0,377099700.0,76319363.0,350331.0,447450.0,372404116.0,472311645.0
22.0,mcf,STREAM,6,0.21353316249513496,12166.300000000001,0.0030582037849329687,8317785.0,9471346.0,80545165.0,377202136.0,19933265.92,0.21353316249513496,0.8782051674598309,0.0030582037849329687,0.5679729539296755,0.5783268922980833,2.8636883395965975e-05,8317785.0,9471346.0,377202136.0,80545165.0,14815.0,25617.0,377205852.0,214242722.0
22.3,mcf,STREAM,6,0.1898589511671217,24163.800000000003,0.0029214287862714024,7331752.0,8433577.0,71605832.0,377152784.0,39589969.92,0.1898589511671217,0.8693525890615571,0.0029214287862714024,0.8813720027684748,0.9475902418288041,0.000149034852995939,7331752.0,8433577.0,377152784.0,71605832.0,1016481.0,1072701.0,377227198.0,332477491.0
22.4,mcf,STREAM,6,0.19246668731762837,23455.5,0.0028794512188966446,7465961.0,8551847.0,72582192.0,377115609.0,38429491.2,0.19246668731762837,0.8730232194285047,0.0028794512188966446,0.7993920156494785,0.9354532155937343,0.0001442668527721885,7465961.0,8551847.0,377115609.0,72582192.0,788472.0,842877.0,377113654.0,301461644.0
22.5,mcf,STREAM,6,0.18935025217484233,24117.800000000003,0.0027916869163958835,7358715.0,8411488.0,71405870.0,377109981.0,39514603.52,0.18935025217484233,0.8748410507154025,0.0027916869163958835,0.88538899169284,0.9404919757880738,0.00016030638386575497,7358715.0,8411488.0,377109981.0,71405870.0,955411.0,1015863.0,377102886.0,333882744.0
22.6,mcf,STREAM,6,0.19211128079274092,23393.0,0.0028330529822527266,7453970.0,8522536.0,72460199.0,377178262.0,38327091.2,0.19211128079274092,0.8746187754443043,0.0028330529822527266,0.8047730035981793,0.9373214063858865,0.00015249205149797605,7453970.0,8522536.0,377178262.0,72460199.0,860073.0,917586.0,377154084.0,303523425.0
22.7,mcf,STREAM,6,0.188794816392448,24001.0,0.0027427696081137637,7355928.0,8390535.0,71215766.0,377212507.0,39323238.4,0.188794816392448,0.8766935600650018,0.0027427696081137637,0.8433703341006636,0.9352005432661202,0.00016060987401716198,7355928.0,8390535.0,377212507.0,71215766.0,874492.0,935085.0,377268212.0,318176818.0
22.8,mcf,STREAM,6,0.19686907444178706,14326.900000000001,0.0028759210824485606,7650725.0,8735244.0,74239955.0,377103185.0,23473192.96,0.19686907444178706,0.8758455974441012,0.0028759210824485606,1.3071552131286808,0.8462008035374118,0.0002862826873875093,7650725.0,8735244.0,377103185.0,74239955.0,586363.0,692936.0,372264914.0,486608023.0
22.9,mcf,STREAM,6,0.21375445263951753,13378.0,0.0030736477471457356,8325435.0,9484761.0,80624429.0,377182454.0,21918515.2,0.21375445263951753,0.8777696138047126,0.0030736477471457356,0.6053686407057104,0.42051507599081267,3.144764472098429e-05,8325435.0,9484761.0,377182454.0,80624429.0,8605.0,20463.0,377071164.0,228267058.0
23.0,mcf,STREAM,6,0.19885601678888137,24196.9,0.002894597595057517,7731729.0,8823275.0,74988140.0,377097667.0,39644200.96,0.19885601678888137,0.8762878863007216,0.002894597595057517,0.7421935313133129,0.9631069616276656,7.1145184680611e-05,7731729.0,8823275.0,377097667.0,74988140.0,700538.0,727373.0,377186455.0,279945347.0
23.2,mcf,STREAM,6,0.18988823274079888,24036.7,0.0028583131565382614,7351907.0,8429819.0,71609650.0,377114732.0,39381729.28,0.18988823274079888,0.8721310623632607,0.0028583131565382614,0.8820703726017951,0.9442403863240052,0.00015143122607550374,7351907.0,8429819.0,377114732.0,71609650.0,967108.0,1024218.0,377134898.0,332659520.0
23.3,mcf,STREAM,6,0.19206219356913992,23620.4,0.0028805835344165877,7450101.0,8536393.0,72428250.0,377108314.0,38699663.36,0.19206219356913992,0.8727457838457062,0.0028805835344165877,0.8037324251253904,0.9382138182482872,0.00015058865134838316,7450101.0,8536393.0,377108314.0,72428250.0,862302.0,919089.0,377100130.0,303087602.0
23.4,mcf,STREAM,6,0.1904542319414002,23823.800000000003,0.0027932289667350796,7406329.0,8459693.0,71822838.0,377113374.0,39032913.92,0.1904542319414002,0.8754843704139146,0.0027932289667350796,0.8438485702696877,0.9354476162136647,0.00015992079587670154,7406329.0,8459693.0,377113374.0,71822838.0,873941.0,934249.0,377111680.0,318225152.0
23.5,mcf,STREAM,6,0.19112810519300638,23769.0,0.002821117272870837,7429005.0,8493169.0,72096134.0,377213670.0,38943129.6,0.19112810519300638,0.8747035411634927,0.002821117272870837,0.8287387715759372,0.9394774993342998,0.00016268965381763576,7429005.0,8493169.0,377213670.0,72096134.0,952602.0,1013970.0,377208990.0,312607715.0
23.6,mcf,STREAM,6,0.19235216461110763,23602.6,0.0028085482352064096,7479740.0,8538576.0,72517678.0,377004741.0,38670499.839999996,0.19235216461110763,0.8759938425329938,0.0028085482352064096,1.1394150713630142,0.9269640019525773,0.00014920546069866706,7479740.0,8538576.0,377004741.0,72517678.0,714007.0,770264.0,377043841.0,429609435.0
23.7,mcf,STREAM,6,0.21414309305857773,20482.3,0.0030896414063503884,8332569.0,9497460.0,80738613.0,377031133.0,33558200.32,0.21414309305857773,0.8773471012249591,0.0030896414063503884,0.8510500897624641,0.3330248937680235,0.00019948378562752248,8332569.0,9497460.0,377031133.0,80738613.0,37070.0,111313.0,372175612.0,316740088.0
23.8,mcf,STREAM,6,0.2061927546769793,12175.1,0.0030141207497669867,8012405.0,9148643.0,77728818.0,376971626.0,19947683.84,0.2061927546769793,0.875802564380313,0.0030141207497669867,0.6591065163802754,0.9606894022735607,4.407643544656541e-05,8012405.0,9148643.0,376971626.0,77728818.0,406069.0,422685.0,376981483.0,248470952.0
23.9,mcf,STREAM,6,0.1893318534575692,19182.5,0.00286351453394021,7328821.0,8408921.0,71414806.0,377193825.0,31428608.0,0.1893318534575692,0.8715530803535911,0.00286351453394021,0.8682622771660521,0.949600095262667,0.00013473204776040195,7328821.0,8408921.0,377193825.0,71414806.0,956950.0,1007740.0,376970445.0,327309217.0
24.0,mcf,STREAM,6,0.19204289636710373,23468.6,0.002906473751419916,7435053.0,8531413.0,72441098.0,377213109.0,38450954.239999995,0.19204289636710373,0.8714913930435674,0.002906473751419916,0.7953948381542626,0.9411644522196613,0.00014657682743420222,7435053.0,8531413.0,377213109.0,72441098.0,884448.0,939738.0,377208328.0,300029557.0
24.1,mcf,STREAM,6,0.19054213640805717,24117.000000000004,0.002801193210511361,7406276.0,8462864.0,71870992.0,377192118.0,39513292.800000004,0.19054213640805717,0.8751500674003505,0.002801193210511361,0.829863694153204,0.9357013457274842,0.00015639108103539243,7406276.0,8462864.0,377192118.0,71870992.0,858433.0,917422.0,377189029.0,313015481.0
24.3,mcf,STREAM,6,0.1907236921987848,24134.0,0.002817785583687395,7405667.0,8468299.0,71924954.0,377115990.0,39541145.6,0.1907236921987848,0.8745164760951403,0.002817785583687395,0.8404065110948715,0.9395477784280969,0.00016542685314854726,7405667.0,8468299.0,377115990.0,71924954.0,969587.0,1031972.0,377115316.0,316930167.0
24.4,mcf,STREAM,6,0.1922722150177134,23479.1,0.0028164134696040456,7477059.0,8539151.0,72507387.0,377107982.0,38468157.44,0.1922722150177134,0.8756208901798317,0.0028164134696040456,0.7886056395480731,0.9277626595899883,0.0001588752469413851,7477059.0,8539151.0,377107982.0,72507387.0,769478.0,829391.0,377107203.0,297388867.0
24.5,mcf,STREAM,6,0.1891637120182239,24077.3,0.002769008420986714,7358882.0,8403127.0,71337183.0,377118752.0,39448248.32,0.1891637120182239,0.8757313795209807,0.002769008420986714,0.8964230534242551,0.9412392856802342,0.00016342332748117122,7358882.0,8403127.0,377118752.0,71337183.0,987200.0,1048830.0,377118744.0,338057936.0
24.6,mcf,STREAM,6,0.21051865085085902,14256.3,0.0030460512670394137,8174334.0,9323010.0,79387279.0,377103305.0,23357521.919999998,0.21051865085085902,0.8767912937988911,0.0030460512670394137,1.1958755665348106,0.5591869223970923,0.0002026113306703862,8174334.0,9323010.0,377103305.0,79387279.0,95541.0,170857.0,371726496.0,444538634.0
24.7,mcf,STREAM,6,0.2110517123367437,13519.0,0.0030178753330759368,8225560.0,9363957.0,79612512.0,377218034.0,22149529.6,0.2110517123367437,0.8784277843223757,0.0030178753330759368,0.6539806980398006,0.9430472469783909,3.2138763825388576e-05,8225560.0,9363957.0,377218034.0,79612512.0,200837.0,212966.0,377394727.0,246808867.0
24.8,mcf,STREAM,6,0.19202479259493208,23797.1,0.002948845973486339,7412605.0,8524259.0,72389379.0,376979337.0,38989168.64,0.19202479259493208,0.8695893684131372,0.002948845973486339,0.7920089092308676,0.9536235383924286,0.00012028096489028043,7412605.0,8524259.0,376979337.0,72389379.0,931941.0,977263.0,376801101.0,298429829.0
24.9,mcf,STREAM,6,0.19172301612853532,23907.600000000002,0.002876578166847739,7437934.0,8522727.0,72301107.0,377112297.0,39170211.84,0.19172301612853532,0.8727176172602971,0.002876578166847739,0.8085368778235162,0.9377536597448518,0.0001452744535774985,7437934.0,8522727.0,377112297.0,72301107.0,825332.0,880116.0,377106908.0,304904842.0
25.0,mcf,STREAM,6,0.934246890831866,19425.8,0.0007246514931446385,1547619.0,1818082.0,348690673.0,373231826.0,31827230.72,0.934246890831866,0.8512371829213424,0.0007246514931446385,0.9337408933831531,0.9541930015575875,0.00014303088231289792,1547619.0,1818082.0,373231826.0,348690673.0,1123526.0,1177462.0,377093388.0,352107517.0
25.1,mcf,STREAM,6,1.0051072283943554,17411.5,2.059104318207729e-05,21655.0,29420.0,379031677.0,377105712.0,28527001.6,1.0051072283943554,0.7360639021074099,2.059104318207729e-05,0.8747370920504449,0.9557166088832172,0.00012477929041498,21655.0,29420.0,377105712.0,379031677.0,1015533.0,1062588.0,377105847.0,329868472.0
25.2,mcf,STREAM,6,0.22989709916982923,23394.1,0.0031725944048667954,7018536.0,8215023.0,86701562.0,377132040.0,38328893.44,0.22989709916982923,0.8543537857410746,0.0031725944048667954,0.8279989017978552,0.947786729792651,0.0001308927768787402,7018536.0,8215023.0,377132040.0,86701562.0,896048.0,945411.0,377125470.0,312259475.0
25.3,mcf,STREAM,6,0.1927058690372816,23594.8,0.003025070694496092,7418391.0,8559216.0,72673896.0,377123418.0,38657720.32,0.1927058690372816,0.866713843884767,0.003025070694496092,0.8272391699999858,0.9471634204990067,0.00014344851160581537,7418391.0,8559216.0,377123418.0,72673896.0,969776.0,1023874.0,377124861.0,311972457.0
25.4,mcf,STREAM,6,0.208341105658794,18843.600000000002,0.003100424966620359,8077519.0,9246695.0,78565817.0,377101853.0,30873354.240000002,0.208341105658794,0.8735574170014259,0.003100424966620359,1.2360037036458038,0.699097230253267,0.00022368355434024856,8077519.0,9246695.0,377101853.0,78565817.0,193443.0,276704.0,372226739.0,460073628.0
25.5,mcf,STREAM,6,0.21538058817676783,12251.999999999998,0.003081675400031071,8379855.0,9542003.0,81223389.0,377115643.0,20073676.799999997,0.21538058817676783,0.8782071227602842,0.003081675400031071,0.5565338427961783,0.5104298771154939,2.9686102729571252e-05,8379855.0,9542003.0,377115643.0,81223389.0,11672.0,22867.0,377112486.0,209875861.0
25.6,mcf,STREAM,6,0.1931024547288137,21190.7,0.0029690371439147784,7450412.0,8570043.0,72819397.0,377102389.0,34718842.88,0.1931024547288137,0.8693552646118579,0.0029690371439147784,0.8541422503941766,0.9573840036776863,0.00011209608153127322,7450412.0,8570043.0,377102389.0,72819397.0,949656.0,991928.0,377105064.0,322101368.0
25.7,mcf,STREAM,6,0.19046665590425674,23612.0,0.002832497854392687,7394547.0,8462707.0,71826661.0,377108847.0,38685900.8,0.19046665590425674,0.8737803400259515,0.002832497854392687,0.8760173481031442,0.9445791358038246,0.0001472399883410857,7394547.0,8462707.0,377108847.0,71826661.0,946354.0,1001879.0,377105436.0,330350904.0
25.8,mcf,STREAM,6,0.19301999356165647,23989.2,0.0028889151760795834,7487398.0,8576880.0,72792656.0,377124953.0,39303905.28,0.19301999356165647,0.8729745548497823,0.0028889151760795834,0.7974413427251763,0.9412127273694343,0.00014946830656585022,7487398.0,8576880.0,377124953.0,72792656.0,902479.0,958847.0,377123427.0,300733812.0
25.9,mcf,STREAM,6,0.19164345544981057,23705.2,0.002803619150625186,7460136.0,8517412.0,72270881.0,377111135.0,38838599.68,0.19164345544981057,0.875868867209899,0.002803619150625186,0.8254894925486547,0.9360346222557682,0.00015618304888801482,7460136.0,8517412.0,377111135.0,72270881.0,861896.0,920795.0,377115189.0,311304626.0
26.0,mcf,STREAM,6,0.19081591033803177,23773.5,0.0027971803756697217,7421887.0,8476976.0,71975254.0,377197341.0,38950502.4,0.19081591033803177,0.8755347425780137,0.0027971803756697217,0.8438734312718501,0.9414577097701177,0.00016111279635455493,7421887.0,8476976.0,377197341.0,71975254.0,977283.0,1038053.0,377189158.0,318299909.0
26.1,mcf,STREAM,6,0.19283782316000722,23829.300000000003,0.0028183006586605473,7423239.0,8476288.0,72053234.0,373646792.0,39041925.120000005,0.19283782316000722,0.8757653114193382,0.0028183006586605473,0.784247948764318,0.9289815873187369,0.00015481034114023262,7423239.0,8476288.0,373646792.0,72053234.0,756649.0,814493.0,373644290.0,293029768.0
26.2,mcf,STREAM,6,0.20035119177423186,23612.7,0.002922561860532632,7859977.0,8971918.0,76227199.0,380467909.0,38687047.68,0.20035119177423186,0.8760642930530573,0.002922561860532632,1.3374585885601673,0.8372244680884741,0.0002737385028557772,7859977.0,8971918.0,380467909.0,76227199.0,528940.0,631778.0,375679705.0,502456048.0
26.4,mcf,STREAM,6,0.21487634340515424,14969.2,0.0030750133673035107,8372133.0,9531977.0,81047790.0,377183401.0,24525537.28,0.21487634340515424,0.8783207303164915,0.0030750133673035107,0.5875785884717255,0.5241959468071546,2.969116842120819e-05,8372133.0,9531977.0,377183401.0,81047790.0,12338.0,23537.0,377182866.0,221624576.0
26.5,mcf,STREAM,6,0.19634983865699976,24222.9,0.0028728119471578403,7628284.0,8711820.0,74057099.0,377169136.0,39686799.36,0.19634983865699976,0.8756246111604693,0.0028728119471578403,0.8183254978542541,0.9604029796219125,8.477490666156577e-05,7628284.0,8711820.0,377169136.0,74057099.0,775511.0,807485.0,377163494.0,308642504.0
26.6,mcf,STREAM,6,0.1932614531172552,23445.0,0.0030109700117308103,7437393.0,8573038.0,72892258.0,377169150.0,38412288.0,0.1932614531172552,0.8675329562285855,0.0030109700117308103,0.7887542302231175,0.9449177152914797,0.00014055825569129574,7437393.0,8573038.0,377169150.0,72892258.0,909437.0,962451.0,377167458.0,297492428.0
26.7,mcf,STREAM,6,0.19169548941612827,24176.5,0.002838567576240514,7442196.0,8512779.0,72299118.0,377156073.0,39610777.6,0.19169548941612827,0.8742381306973903,0.002838567576240514,0.8116834354962325,0.9353191498991289,0.000151569173259402,7442196.0,8512779.0,377156073.0,72299118.0,826636.0,883801.0,377154528.0,306130083.0
26.8,mcf,STREAM,6,0.19087632887964986,23532.600000000002,0.002819025337122761,7423485.0,8486366.0,71967719.0,377038470.0,38555811.84,0.19087632887964986,0.8747542823394607,0.002819025337122761,0.8575933553004325,0.9401260633692697,0.00016737291861908002,7423485.0,8486366.0,377038470.0,71967719.0,991409.0,1054549.0,377241435.0,323519748.0
26.9,mcf,STREAM,6,0.19288045141681698,24138.800000000003,0.0028311084426390003,7505169.0,8572930.0,72745438.0,377152985.0,39549009.92,0.19288045141681698,0.8754497003941476,0.0028311084426390003,0.7926697272450267,0.9316710684273709,0.00015090916888269278,7505169.0,8572930.0,377152985.0,72745438.0,776082.0,833000.0,377167275.0,298969081.0
27.0,mcf,STREAM,6,0.1897048925638484,23513.4,0.002759679157579497,7387452.0,8428190.0,71542045.0,377122825.0,38524354.56,0.1897048925638484,0.8765170220415059,0.002759679157579497,0.889476451987374,0.9414069105734266,0.00016077784840112303,7387452.0,8428190.0,377122825.0,71542045.0,974214.0,1034849.0,377135287.0,335452957.0
27.1,mcf,STREAM,6,0.19572067287963102,18550.4,0.0028572730988639366,7611946.0,8689740.0,73827933.0,377210705.0,30392975.36,0.19572067287963102,0.8759693615689307,0.0028572730988639366,1.251991892917254,0.9128130472696873,0.00016031012977710458,7611946.0,8689740.0,377210705.0,73827933.0,633296.0,693785.0,377324877.0,472407687.0
27.2,mcf,STREAM,6,0.21549504847004602,12246.099999999999,0.0031071466068539537,8381638.0,9553744.0,81290995.0,377229062.0,20064010.24,0.21549504847004602,0.8773144852949797,0.0031071466068539537,0.6832405676232765,0.23831171629249795,0.0001900168159749163,8381638.0,9553744.0,377229062.0,81290995.0,22122.0,92828.0,372103909.0,254236486.0
27.3,mcf,STREAM,6,0.20307396391024674,21196.5,0.002975505145453764,7881182.0,9003384.0,76588679.0,377146718.0,34728345.6,0.20307396391024674,0.8753577543732446,0.002975505145453764,0.6971926360775612,0.9645196451289596,5.57583804503758e-05,7881182.0,9003384.0,377146718.0,76588679.0,571638.0,592666.0,377127166.0,262930283.0
27.4,mcf,STREAM,6,0.1919458394416928,23562.800000000003,0.0029152794206554786,7424887.0,8524054.0,72370604.0,377036586.0,38605291.52,0.1919458394416928,0.8710511453822325,0.0029152794206554786,0.7980680326240929,0.941734482372487,0.00013517735943164414,7424887.0,8524054.0,377036586.0,72370604.0,824174.0,875166.0,377222933.0,301049564.0
27.5,mcf,STREAM,6,0.1914553442051044,23979.1,0.0029054440936165443,7410229.0,8505943.0,72202491.0,377124448.0,39287357.44,0.1914553442051044,0.8711825367275563,0.0029054440936165443,0.8657067964884997,0.9435340693812567,0.0001584616537037075,7410229.0,8505943.0,377124448.0,72202491.0,998594.0,1058355.0,377132250.0,326485952.0
27.6,mcf,STREAM,6,0.19329699435696593,23694.3,0.002863699591064959,7493398.0,8573568.0,72910446.0,377193894.0,38820741.12,0.19329699435696593,0.8740116133679701,0.002863699591064959,0.795309662284082,0.9329556275680434,0.00014828530297071813,7493398.0,8573568.0,377193894.0,72910446.0,777904.0,833806.0,376989485.0,299823380.0
27.7,mcf,STREAM,6,0.19009900516349776,23777.5,0.002790726095439662,7392305.0,8444470.0,71671498.0,377021952.0,38957056.0,0.19009900516349776,0.8754018902311217,0.002790726095439662,0.8890906172482463,0.940789301826534,0.0001622392447184186,7392305.0,8444470.0,377021952.0,71671498.0,972397.0,1033597.0,377220691.0,335383377.0
27.8,mcf,STREAM,6,0.19286627528192532,23869.0,0.002841024690233784,7499600.0,8570981.0,72731949.0,377110767.0,39106969.6,0.19286627528192532,0.874999022865644,0.002841024690233784,0.8073277620422757,0.936289595989331,0.00015150970580944423,7499600.0,8570981.0,377110767.0,72731949.0,839672.0,896808.0,377111154.0,304452304.0
27.9,mcf,STREAM,6,0.1908955034108552,23660.2,0.0027797143684890396,7433020.0,8481267.0,71987842.0,377106012.0,38764871.68,0.1908955034108552,0.8764044334413714,0.0027797143684890396,0.9249725039412843,0.9355675172639883,0.00016156697307166372,7433020.0,8481267.0,377106012.0,71987842.0,884682.0,945610.0,377106774.0,348813397.0
28.0,mcf,STREAM,6,0.21370683216933367,12772.6,0.003085966394528675,8308780.0,9472970.0,80621538.0,377252974.0,20926627.84,0.21370683216933367,0.8771040127858528,0.003085966394528675,1.1005367249028428,0.31717334374339207,0.00022549493928781278,8308780.0,9472970.0,377252974.0,80621538.0,38999.0,122958.0,372332081.0,409765129.0
28.1,mcf,STREAM,6,0.21008795427610222,14937.2,0.003003683992035087,8173256.0,9305737.0,79209603.0,377030674.0,24473108.48,0.21008795427610222,0.8783029221651117,0.003003683992035087,0.5964593015681487,0.9467041929668049,3.787033871843117e-05,8173256.0,9305737.0,377030674.0,79209603.0,253623.0,267901.0,377023298.0,224879053.0
28.2,mcf,STREAM,6,0.19055303238183982,24219.2,0.002940188835689711,7353169.0,8462618.0,71903161.0,377339369.0,39680737.28,0.19055303238183982,0.8689000259730499,0.002940188835689711,0.8792843082464148,0.9526257060060336,0.0001351270741084297,7353169.0,8462618.0,377339369.0,71903161.0,1025312.0,1076301.0,377341109.0,331790116.0
28.5,mcf,STREAM,6,0.18992959751092853,23901.100000000002,0.0028074288257000117,7372929.0,8432020.0,71650161.0,377245895.0,39159562.24,0.18992959751092853,0.8743965265737036,0.0028074288257000117,0.8812766634725698,0.9422899934902886,0.0001567456420544419,7372929.0,8432020.0,377245895.0,71650161.0,965492.0,1024623.0,377241748.0,332454349.0
28.6,mcf,STREAM,6,0.1923837263323081,23642.5,0.002851732983846148,7466562.0,8542119.0,72559270.0,377159084.0,38735872.0,0.1923837263323081,0.8740877995260895,0.002851732983846148,0.8034452439136424,0.9370675394241184,0.0001495871609655533,7466562.0,8542119.0,377159084.0,72559270.0,840052.0,896469.0,377151352.0,303020460.0
28.7,mcf,STREAM,6,0.19045280366959189,24076.399999999998,0.0027728532630731796,7407785.0,8453798.0,71845168.0,377233449.0,39446773.76,0.19045280366959189,0.8762670932047347,0.0027728532630731796,0.8559491036426379,0.9357489770363656,0.00016254784248748502,7407785.0,8453798.0,377233449.0,71845168.0,893018.0,954335.0,377224324.0,322884822.0
28.8,mcf,STREAM,6,0.19147190521311874,23451.399999999998,0.002811890012916364,7445955.0,8506423.0,72211156.0,377137084.0,38422773.76,0.19147190521311874,0.8753332628767697,0.002811890012916364,0.8087781709967669,0.9397384854792749,0.00015812819784125317,7445955.0,8506423.0,377137084.0,72211156.0,929984.0,989620.0,377137037.0,305020203.0
28.9,mcf,STREAM,6,0.20660333010121007,18701.0,0.002994542863458108,8039673.0,9169202.0,77929909.0,377195803.0,30639718.4,0.20660333010121007,0.8768127259057004,0.002994542863458108,1.2463389300450227,0.7080097958165,0.00025125785365687166,8039673.0,9169202.0,377195803.0,77929909.0,226949.0,320545.0,372509749.0,464273402.0
29.0,mcf,STREAM,6,0.21441522347321668,12251.0,0.0030676435481749513,8348876.0,9505771.0,80862035.0,377128236.0,20072038.4,0.21441522347321668,0.8782955112215516,0.0030676435481749513,0.5592793891763067,0.5951182592242195,2.836981586295112e-05,8348876.0,9505771.0,377128236.0,80862035.0,15726.0,26425.0,377126170.0,210918894.0
29.1,mcf,STREAM,6,0.19267843827459866,21092.1,0.002968412957334375,7436248.0,8556177.0,72694121.0,377282075.0,34557296.64,0.19267843827459866,0.8691087152591631,0.002968412957334375,0.826227247542954,0.9576490356666728,0.00010929381321634845,7436248.0,8556177.0,377282075.0,72694121.0,932392.0,973626.0,377276616.0,311716220.0
29.2,mcf,STREAM,6,0.18929275828801184,23486.100000000002,0.002840043822087603,7334884.0,8405873.0,71382864.0,377102984.0,38479626.24,0.18929275828801184,0.8725903900760813,0.002840043822087603,0.8743793959451126,0.9465515465220019,0.00014584212858480115,7334884.0,8405873.0,377102984.0,71382864.0,973958.0,1028954.0,377092686.0,329722075.0
29.3,mcf,STREAM,6,0.19225285131461475,23930.4,0.0028980804539403423,7441083.0,8533878.0,72493831.0,377075453.0,39207567.36,0.19225285131461475,0.8719462593676638,0.0028980804539403423,0.8009897926090714,0.9382438655424796,0.00014724170915470888,7441083.0,8533878.0,377075453.0,72493831.0,843500.0,899020.0,377067071.0,302026875.0
29.4,mcf,STREAM,6,0.18966359710351546,23514.5,0.002775382671525049,7373575.0,8419853.0,71500356.0,376985131.0,38526156.8,0.18966359710351546,0.8757367854284391,0.002775382671525049,0.8562107090146653,0.9374762302390125,0.0001583026610266952,7373575.0,8419853.0,376985131.0,71500356.0,894792.0,954469.0,376980397.0,322774653.0
29.5,mcf,STREAM,6,0.8653392430401999,21280.7,0.0009582627667866118,2227691.0,2584924.0,322591824.0,372792320.0,34866298.88,0.8653392430401999,0.8618013527670446,0.0009582627667866118,0.8672936210246855,0.9495900219928621,0.00015319719895051648,2227691.0,2584924.0,372792320.0,322591824.0,1088497.0,1146281.0,377187053.0,327131925.0
29.6,mcf,STREAM,6,0.9990703755143556,18015.2,2.1049602553114725e-05,26069.0,34007.0,376758688.0,377109258.0,29516103.68,0.9990703755143556,0.7665774693445467,2.1049602553114725e-05,0.8815701349794586,0.9528469211718172,0.00012372271613839597,26069.0,34007.0,377109258.0,376758688.0,943368.0,990052.0,377327636.0,332640775.0
29.7,mcf,STREAM,6,0.3143224823552026,19734.3,0.002878912349896482,6835125.0,7920941.0,118550459.0,377161882.0,32332677.119999997,0.3143224823552026,0.8629183073071748,0.002878912349896482,1.2858976849114139,0.8215834111876679,0.00026276733606209727,6835125.0,7920941.0,377161882.0,118550459.0,450254.0,548032.0,372108655.0,478493658.0
29.8,mcf,STREAM,6,0.2140963398272712,12064.8,0.0030664627909469063,8338543.0,9495234.0,80758622.0,377206925.0,19766968.32,0.2140963398272712,0.8781819384335341,0.0030664627909469063,0.5740115392155152,0.5418025876919693,3.314157016206936e-05,8338543.0,9495234.0,377206925.0,80758622.0,14782.0,27283.0,377199992.0,216517148.0
29.9,mcf,STREAM,6,0.1949163824574247,16508.5,0.002896076860988115,7562061.0,8654143.0,73501044.0,377090130.0,27047526.4,0.1949163824574247,0.8738081864374092,0.002896076860988115,0.7900277589913136,0.9588876999826357,9.292394956894933e-05,7562061.0,8654143.0,377090130.0,73501044.0,817283.0,852324.0,377093313.0,297914185.0
30.0,mcf,STREAM,6,0.19082824309970225,24158.800000000003,0.002921691290851742,7586266.0,8719316.0,74004376.0,387806201.0,39581777.92,0.19082824309970225,0.8700528802947387,0.002921691290851742,0.8532926725497604,0.9452557780735721,0.00015355746530550752,7586266.0,8719316.0,387806201.0,74004376.0,999884.0,1057792.0,377109637.0,321784890.0
30.1,mcf,STREAM,6,0.19314960047546692,23544.899999999998,0.0028924590181253164,7478686.0,8569475.0,72839566.0,377114764.0,38575964.16,0.19314960047546692,0.8727122723387372,0.0028924590181253164,0.7910741015242421,0.9326534773643436,0.00014800922605780255,7478686.0,8569475.0,377114764.0,72839566.0,772986.0,828803.0,377118383.0,298328586.0
30.2,mcf,STREAM,6,0.18923781270898613,24042.800000000003,0.002777984282016754,7361863.0,8409658.0,71376370.0,377178160.0,39391723.52,0.18923781270898613,0.8754057537179276,0.002777984282016754,0.8887403480031084,0.9419748511811668,0.0001598499704794975,7361863.0,8409658.0,377178160.0,71376370.0,978726.0,1039015.0,377159907.0,335197227.0
30.3,mcf,STREAM,6,0.19227013902029955,23535.4,0.0028386454674506306,7476193.0,8546719.0,72510000.0,377125644.0,38560399.36,0.19227013902029955,0.8747442147097617,0.0028386454674506306,0.8107440099089036,0.9355265430807975,0.00015043864777452973,7476193.0,8546719.0,377125644.0,72510000.0,823196.0,879928.0,377110542.0,305740113.0
30.6,mcf,STREAM,6,0.1986320098707202,16936.199999999997,0.0029118687122756705,7719628.0,8817559.0,74894943.0,377053744.0,27748270.08,0.1986320098707202,0.8754835663702392,0.0029118687122756705,1.2930003035356064,0.8504669160122417,0.0002813018326862219,7719628.0,8817559.0,377053744.0,74894943.0,595525.0,700233.0,372226512.0,481288993.0
30.7,mcf,STREAM,6,0.21474868315816711,12241.900000000001,0.003074499449288226,8365201.0,9524545.0,80978254.0,377083821.0,20057128.96,0.21474868315816711,0.8782782799598301,0.003074499449288226,0.6122849501682059,0.3701956890488602,4.036465990050884e-05,8365201.0,9524545.0,377083821.0,80978254.0,8948.0,24171.0,377136833.0,230915207.0
30.8,mcf,STREAM,6,0.1995174691498582,22340.0,0.002919221858188351,7753353.0,8854257.0,75242510.0,377122416.0,36601856.0,0.1995174691498582,0.8756638755798481,0.002919221858188351,0.7368744967563982,0.9637628161594277,6.98994749077405e-05,7753353.0,8854257.0,377122416.0,75242510.0,701043.0,727402.0,377098684.0,277874403.0
30.9,mcf,STREAM,6,0.19331656351273566,23954.699999999997,0.003004602800575049,7456733.0,8589862.0,72905678.0,377131047.0,39247380.48,0.19331656351273566,0.8680853080061123,0.003004602800575049,0.7935667406411718,0.9410444827622194,0.00013481923637946445,7456733.0,8589862.0,377131047.0,72905678.0,811537.0,862379.0,377112357.0,299263824.0
31.0,mcf,STREAM,6,0.1895597532178325,23677.9,0.0027856113263943585,7373177.0,8423292.0,71459912.0,376978292.0,38793871.36,0.1895597532178325,0.8753319960889401,0.0027856113263943585,0.8815798890634704,0.9441549759727174,0.00015285110859720847,7373177.0,8423292.0,376978292.0,71459912.0,974519.0,1032160.0,377105541.0,332448661.0
31.1,mcf,STREAM,6,0.19196429814590288,24144.8,0.0028508728135636405,7458687.0,8533645.0,72382590.0,377062770.0,39558840.32,0.19196429814590288,0.874032960124308,0.0028508728135636405,0.8046733798572103,0.9387768339904174,0.00014768933266818909,7458687.0,8533645.0,377062770.0,72382590.0,853887.0,909574.0,377054991.0,303406114.0
31.2,mcf,STREAM,6,0.19036727904597525,23393.800000000003,0.0027809035380341766,7411928.0,8460904.0,71807851.0,377206899.0,38328401.92,0.19036727904597525,0.876020812906044,0.0027809035380341766,0.8551204065547167,0.9361737776124546,0.00016061350977162708,7411928.0,8460904.0,377206899.0,71807851.0,888413.0,948983.0,377116471.0,322479990.0
31.3,mcf,STREAM,6,0.1906934727969073,24099.6,0.0028028409726994167,7416999.0,8474283.0,71933142.0,377218690.0,39484784.64,0.1906934727969073,0.8752361704229137,0.0028028409726994167,0.8096241954823329,0.9399044060313313,0.00015732938985032736,7416999.0,8474283.0,377218690.0,71933142.0,928165.0,987510.0,377202251.0,305392069.0
31.4,mcf,STREAM,6,0.19253789549229788,22702.3,0.0028084525781990484,7500237.0,8559280.0,72604363.0,377091288.0,37195448.32,0.19253789549229788,0.8762696161359367,0.0028084525781990484,1.088912467003596,0.9306181123549746,0.00015179596930918972,7500237.0,8559280.0,377091288.0,72604363.0,767786.0,825028.0,377098287.0,410627026.0
31.5,mcf,STREAM,6,0.21479379835121773,12066.199999999999,0.003104063927299609,8355146.0,9525469.0,80983552.0,377029284.0,19769262.08,0.21479379835121773,0.8771374931775013,0.003104063927299609,0.9038085122143802,0.3152603066752364,0.00020029760342809582,8355146.0,9525469.0,377029284.0,80983552.0,34335.0,108910.0,372320980.0,336506871.0
31.6,mcf,STREAM,6,0.20693457379801322,16688.399999999998,0.003023162236773954,8031731.0,9171794.0,78036980.0,377109434.0,27342274.56,0.20693457379801322,0.8756990180983132,0.003023162236773954,0.6457782831331655,0.957579948681019,4.326932772546012e-05,8031731.0,9171794.0,377109434.0,78036980.0,368336.0,384653.0,377103155.0,243525028.0
31.7,mcf,STREAM,6,0.19059413236865524,23934.4,0.00288638260694098,7308065.0,8386850.0,71234524.0,373749827.0,39214120.96,0.19059413236865524,0.8713718499794321,0.00288638260694098,0.875582886976172,0.9491901412920051,0.0001379989324765992,7308065.0,8386850.0,373749827.0,71234524.0,972152.0,1024191.0,377097120.0,330179785.0
31.8,mcf,STREAM,6,0.19261502567524336,23804.700000000004,0.0029168354649849134,7525912.0,8635677.0,73284015.0,380468838.0,39001620.480000004,0.19261502567524336,0.8714906775693441,0.0029168354649849134,0.8019390708983737,0.9417322734174631,0.00014523170312509022,7525912.0,8635677.0,380468838.0,73284015.0,885654.0,940452.0,377314311.0,302583088.0
31.9,mcf,STREAM,6,0.19093475208944147,23956.0,0.002808415757764301,7422101.0,8481186.0,72003631.0,377111187.0,39249510.4,0.19093475208944147,0.8751253657212564,0.002808415757764301,0.8436742732400981,0.9368185618506467,0.0001573651239073282,7422101.0,8481186.0,377111187.0,72003631.0,879593.0,938915.0,376970440.0,318040262.0
32.0,mcf,STREAM,6,0.19036551325887824,23628.699999999997,0.0027964899794625437,7405460.0,8460156.0,71796340.0,377149930.0,38713262.08,0.19036551325887824,0.8753337408908299,0.0027964899794625437,0.8227623271469715,0.9408900158666608,0.00015857597296416103,7405460.0,8460156.0,377149930.0,71796340.0,951762.0,1011555.0,377062167.0,310232546.0
32.1,mcf,STREAM,6,0.19255422602297453,23792.0,0.0028193731696447557,7476482.0,8539835.0,72623630.0,377159367.0,38980812.8,0.19255422602297453,0.8754831914199748,0.0028193731696447557,0.7790202708852719,0.9274686146785817,0.00016116125143386044,7476482.0,8539835.0,377159367.0,72623630.0,777266.0,838051.0,377168826.0,293822161.0
32.2,mcf,STREAM,6,0.18954983542351075,23775.8,0.0027726569353314127,7373237.0,8418881.0,71484375.0,377127075.0,38954270.72,0.18954983542351075,0.8757977455673741,0.0027726569353314127,0.8999921645543713,0.9421447710058245,0.00016272842711925284,7373237.0,8418881.0,377127075.0,71484375.0,999316.0,1060682.0,377106822.0,339393185.0
32.3,mcf,STREAM,6,0.21048135469500023,16794.4,0.0030454256401592165,8189888.0,9338351.0,79374799.0,377110833.0,27515944.96,0.21048135469500023,0.8770165096600031,0.0030454256401592165,1.2069350049885699,0.5803966579807255,0.00021793331457009072,8189888.0,9338351.0,377110833.0,79374799.0,112258.0,193416.0,372398319.0,449460567.0
32.4,mcf,STREAM,6,0.21101844847361814,12229.6,0.003021783010736785,8214528.0,9353689.0,79550380.0,376983058.0,20036976.64,0.21101844847361814,0.8782126495760122,0.003021783010736785,0.6348870125383196,0.9393583441138422,3.1079439838539856e-05,8214528.0,9353689.0,376983058.0,79550380.0,181531.0,193250.0,377065998.0,239394305.0
32.7,mcf,STREAM,6,0.19207408904359546,23472.3,0.0028761970406026983,7444523.0,8529157.0,72432481.0,377106987.0,38457016.32,0.19207408904359546,0.872832215422931,0.0028761970406026983,0.8282275597083597,0.9404131118096093,0.00014779090856008328,7444523.0,8529157.0,377106987.0,72432481.0,879606.0,935340.0,377113860.0,312336092.0
32.8,mcf,STREAM,6,0.19052783865160156,24199.0,0.002835912620893841,7392436.0,8461916.0,71851901.0,377120223.0,39647641.6,0.19052783865160156,0.87361254826921,0.002835912620893841,0.8406843238596058,0.9410108908774513,0.00016170968913926194,7392436.0,8461916.0,377120223.0,71851901.0,972818.0,1033801.0,377114076.0,317033892.0
32.9,mcf,STREAM,6,0.19251027044156752,23506.499999999996,0.002831271894249011,7487587.0,8555269.0,72596260.0,377103309.0,38513049.599999994,0.19251027044156752,0.8752018200713502,0.002831271894249011,0.7891286957065501,0.928989534677467,0.00015605031774598756,7487587.0,8555269.0,377103309.0,72596260.0,769888.0,828737.0,377115541.0,297592695.0
33.0,mcf,STREAM,6,0.1894947995229055,24168.699999999997,0.002765069905838337,7378122.0,8420865.0,71460897.0,377112708.0,39597998.08,0.1894947995229055,0.8761715096964504,0.002765069905838337,0.895442555029101,0.9423641010686656,0.00016037632772003101,7378122.0,8420865.0,377112708.0,71460897.0,988866.0,1049346.0,377113012.0,337683039.0
33.1,mcf,STREAM,6,0.19228138605566708,22377.0,0.002825859170231099,7478932.0,8544583.0,72510638.0,377106903.0,36662476.8,0.19228138605566708,0.8752834398121009,0.002825859170231099,0.8114605183242638,0.9360676187886833,0.000148403033406264,7478932.0,8544583.0,377106903.0,72510638.0,819413.0,875378.0,377114933.0,306013879.0
33.2,mcf,STREAM,6,0.20409880896644594,12091.0,0.0029625059212786548,7941612.0,9058547.0,76950092.0,377023719.0,19809894.4,0.20409880896644594,0.8766982166124435,0.0029625059212786548,1.2836309347574741,0.7923535642145108,0.00028919585512129746,7941612.0,9058547.0,377023719.0,76950092.0,410703.0,518333.0,372169926.0,477728830.0
33.4,mcf,STREAM,6,0.19460542211467546,16929.6,0.002900261537725348,7550330.0,8644132.0,73393312.0,377139091.0,27737456.64,0.19460542211467546,0.873463061415536,0.002900261537725348,0.7886134569927834,0.9610012476322308,9.084604597245337e-05,7550330.0,8644132.0,377139091.0,73393312.0,844205.0,878464.0,377110524.0,297394434.0
33.5,mcf,STREAM,6,0.18993514520447843,24078.699999999997,0.0029177039086706953,7335733.0,8436349.0,71647318.0,377219908.0,39450542.08,0.18993514520447843,0.8695388253852466,0.0029177039086706953,0.8514879250931333,0.9457129757862653,0.0001516067279222599,7335733.0,8436349.0,377219908.0,71647318.0,996302.0,1053493.0,377232599.0,321209003.0
33.6,mcf,STREAM,6,0.192373081461674,23516.800000000003,0.0028791112025139077,7448716.0,8534555.0,72552319.0,377143821.0,38529925.120000005,0.192373081461674,0.8727714567426187,0.0028791112025139077,0.7872650356547547,0.9321418368285727,0.00014862842656850536,7448716.0,8534555.0,377143821.0,72552319.0,770020.0,826076.0,377155308.0,296921187.0
33.7,mcf,STREAM,6,0.18921995272056905,23889.1,0.002782219888975667,7358740.0,8407819.0,71348307.0,377065452.0,39139901.44,0.18921995272056905,0.8752257868538798,0.002782219888975667,0.8900101090208871,0.9420632304796241,0.00015990408332857903,7358740.0,8407819.0,377065452.0,71348307.0,980376.0,1040669.0,377057288.0,335584798.0
33.8,mcf,STREAM,6,0.19188947523099176,23632.399999999998,0.002823527592514626,7458536.0,8523410.0,72369795.0,377143118.0,38719324.16,0.19188947523099176,0.8750647921430508,0.002823527592514626,0.8081404347899545,0.9362773251731284,0.00014797482421334356,7458536.0,8523410.0,377143118.0,72369795.0,819987.0,875795.0,377145236.0,304786315.0
33.9,mcf,STREAM,6,0.18984386343604273,23743.699999999997,0.002764608241941419,7389429.0,8431654.0,71568918.0,376988314.0,38901678.08,0.18984386343604273,0.8763913936696169,0.002764608241941419,0.8769198252334348,0.9365150054702148,0.0001656235549916463,7389429.0,8431654.0,376988314.0,71568918.0,921070.0,983508.0,376987440.0,330587760.0
34.0,mcf,STREAM,6,0.7301716089286416,23762.1,0.0013822674711370174,3394363.0,3909807.0,272279123.0,372897439.0,38931824.64,0.7301716089286416,0.8681663826373015,0.0013822674711370174,1.3079330559431668,0.8272879319878729,0.0003405262747389852,3394363.0,3909807.0,372897439.0,272279123.0,607413.0,734222.0,372391235.0,487062806.0
34.1,mcf,STREAM,6,0.9893279279665735,8918.6,5.1898894617486337e-05,24400.0,43961.0,372883541.0,376905908.0,14612234.24,0.9893279279665735,0.5550374195309479,5.1898894617486337e-05,0.6043375132792529,0.3035881111380229,5.338956988715786e-05,24400.0,43961.0,376905908.0,372883541.0,8774.0,28901.0,376983745.0,227825419.0
34.2,mcf,STREAM,6,0.4431833839874675,3406.9,0.0020945817844761155,5182344.0,5972318.0,167147138.0,377151184.0,5581864.96,0.4431833839874675,0.8677274050042212,0.0020945817844761155,0.7263001325944836,0.961313571506962,7.384908509328987e-05,5182344.0,5972318.0,377151184.0,167147138.0,691991.0,719839.0,377093365.0,273882961.0
34.3,mcf,STREAM,6,0.19494855091944063,22506.100000000002,0.003191371404420595,7456505.0,8660006.0,73517227.0,377110918.0,36873994.24,0.19494855091944063,0.861027694438087,0.003191371404420595,0.7820070335462583,0.9415089545786778,0.00012879354834339094,7456505.0,8660006.0,377110918.0,73517227.0,781894.0,830469.0,377153985.0,294937069.0
34.4,mcf,STREAM,6,0.190540540422293,24172.6,0.0029025497164415406,7371374.0,8466010.0,71858385.0,377129113.0,39604387.839999996,0.190540540422293,0.8707022552536555,0.0029025497164415406,0.879244789782587,0.9456491785080791,0.00014854813636428252,7371374.0,8466010.0,377129113.0,71858385.0,974552.0,1030564.0,377062960.0,331530643.0
34.5,mcf,STREAM,6,0.19374557577416562,23473.899999999998,0.0029320861548199173,7485509.0,8591364.0,73072380.0,377156380.0,38459637.76,0.19374557577416562,0.8712829534402221,0.0029320861548199173,0.8049780121725341,0.9392626292561415,0.0001407410376626367,7485509.0,8591364.0,377156380.0,73072380.0,820862.0,873943.0,377153678.0,303600418.0
34.8,mcf,STREAM,6,0.19222735300170524,24066.199999999997,0.0028417159474054274,7469752.0,8540958.0,72461533.0,376957451.0,39430062.08,0.19222735300170524,0.874580111505056,0.0028417159474054274,0.7901657664244048,0.9375569065669518,0.0001566173034731936,7469752.0,8540958.0,376957451.0,72461533.0,886581.0,945629.0,377020921.0,297909025.0
34.9,mcf,STREAM,6,0.19231176130905625,22821.6,0.0028075880976099585,7485123.0,8543999.0,72529980.0,377147916.0,37390909.44,0.19231176130905625,0.876067869389966,0.0028075880976099585,1.0225113353251143,0.9325685061111118,0.0001516471711522835,7485123.0,8543999.0,377147916.0,72529980.0,791013.0,848209.0,377164965.0,385655452.0
35.0,mcf,STREAM,6,0.2160436018343377,12211.800000000001,0.003133255045609117,8398456.0,9579805.0,81456150.0,377035697.0,20007813.12,0.2160436018343377,0.8766833980441147,0.003133255045609117,0.9761300655998694,0.37211081653351363,0.00018948315186805335,8398456.0,9579805.0,377035697.0,81456150.0,41826.0,112402.0,372465833.0,363575098.0
35.1,mcf,STREAM,6,0.20936137506345393,16585.4,0.003035235846690783,8144176.0,9288908.0,78960146.0,377147628.0,27173519.36,0.20936137506345393,0.8767635549840734,0.003035235846690783,0.6200686748788221,0.956475693471354,3.9120847280233175e-05,8144176.0,9288908.0,377147628.0,78960146.0,324229.0,338983.0,377139071.0,233852124.0
35.2,mcf,STREAM,6,0.19061736012612954,24078.199999999997,0.0029319717219568886,7366646.0,8472469.0,71893279.0,377160186.0,39449722.879999995,0.19061736012612954,0.8694804312650775,0.0029319717219568886,0.8734703631676796,0.9516159780017485,0.00013324381474392804,7366646.0,8472469.0,377160186.0,71893279.0,988375.0,1038628.0,377150715.0,329429972.0
35.3,mcf,STREAM,6,0.19392153799913942,23470.2,0.0029889537063736075,7482244.0,8610284.0,73186564.0,377402968.0,38453575.68,0.19392153799913942,0.8689892226551412,0.0029889537063736075,0.7975829533560157,0.9394725938783589,0.00013905545943492933,7482244.0,8610284.0,377402968.0,73186564.0,814022.0,866467.0,377151679.0,300809750.0
35.4,mcf,STREAM,6,0.19079322990840497,23999.700000000004,0.0028260465764549884,7403356.0,8468500.0,71910444.0,376902493.0,39321108.480000004,0.19079322990840497,0.8742228257660742,0.0028260465764549884,0.8700632889934741,0.939677661618887,0.00015730374996350454,7403356.0,8468500.0,376902493.0,71910444.0,924640.0,983997.0,377340019.0,328309698.0
35.5,mcf,STREAM,6,0.19271375252760703,23529.2,0.002859043249341235,7477610.0,8555681.0,72667354.0,377074044.0,38550241.28,0.19271375252760703,0.8739935488478358,0.002859043249341235,0.7896735411533589,0.940764329152393,0.00014595602348329334,7477610.0,8555681.0,377074044.0,72667354.0,873574.0,928579.0,376860089.0,297596441.0
35.6,mcf,STREAM,6,0.19236505057697548,23972.9,0.002826017929287468,7475361.0,8541081.0,72542810.0,377110134.0,39277199.36,0.19236505057697548,0.8752242251302851,0.002826017929287468,0.8293196150507524,0.9338199383752009,0.00015811016538977223,7475361.0,8541081.0,377110134.0,72542810.0,841312.0,900936.0,377104153.0,312739871.0
35.7,mcf,STREAM,6,0.19117795667431906,23573.899999999998,0.002821340435508909,7434276.0,8498220.0,72094327.0,377105856.0,38623477.76,0.19117795667431906,0.8748039001108467,0.002821340435508909,0.8279491866968243,0.9395541172597813,0.0001611652053159704,7434276.0,8498220.0,377105856.0,72094327.0,944732.0,1005511.0,377122344.0,312238138.0
35.8,mcf,STREAM,6,0.20971919387878452,17628.1,0.003046232979502921,8158327.0,9306696.0,79059948.0,376980030.0,28881879.04,0.20971919387878452,0.8766083043864331,0.003046232979502921,1.241590399600742,0.6784604393641722,0.00024191184417965097,8158327.0,9306696.0,376980030.0,79059948.0,189935.0,279950.0,372098358.0,461993749.0
35.9,mcf,STREAM,6,0.21641724006608642,12344.3,0.0031036842058769446,8423085.0,9593404.0,81605341.0,377074123.0,20224901.119999997,0.21641724006608642,0.8780079521304429,0.0031036842058769446,0.5556962620516539,0.6528373266078185,2.9201055824474096e-05,8423085.0,9593404.0,377074123.0,81605341.0,20708.0,31720.0,377109652.0,209558424.0
36.0,mcf,STREAM,6,0.19284155831832592,21882.0,0.0029939184752346983,7438787.0,8567836.0,72723279.0,377114143.0,35851468.8,0.19284155831832592,0.8682223842753293,0.0029939184752346983,0.839183212855722,0.9581730251450081,0.0001081380850076089,7438787.0,8567836.0,377114143.0,72723279.0,934166.0,974945.0,377101185.0,316456984.0
36.1,mcf,STREAM,6,0.19032937438496786,23788.699999999997,0.002875514051996663,7368181.0,8453175.0,71815413.0,377321752.0,38975406.08,0.19032937438496786,0.8716465706672345,0.002875514051996663,0.8646273968893606,0.9451754865895657,0.00014607824636088157,7368181.0,8453175.0,377321752.0,71815413.0,950149.0,1005262.0,377284102.0,326210171.0
36.2,mcf,STREAM,6,0.19298498083456564,23585.699999999997,0.0029425828813569098,7456570.0,8566350.0,72783293.0,377144857.0,38642810.879999995,0.19298498083456564,0.870448907644446,0.0029425828813569098,0.7946357542988323,0.9388693098711643,0.00014556334870046225,7456570.0,8566350.0,377144857.0,72783293.0,843437.0,898354.0,377272167.0,299793953.0
36.3,mcf,STREAM,6,0.19081810385360465,23753.3,0.002814992697092422,7424244.0,8486392.0,71999145.0,377318208.0,38917406.72,0.19081810385360465,0.8748410396314477,0.002814992697092422,0.8486231763853256,0.9360273953622713,0.0001590766358073505,7424244.0,8486392.0,377318208.0,71999145.0,878238.0,938261.0,377321281.0,320203584.0
36.4,mcf,STREAM,6,0.1914687400216591,23477.6,0.0028374497731684565,7436701.0,8507062.0,72227066.0,377226413.0,38465699.839999996,0.1914687400216591,0.8741797109272272,0.0028374497731684565,0.8037415960670325,0.9394395337641985,0.0001567925622256544,7436701.0,8507062.0,377226413.0,72227066.0,917203.0,976330.0,377103347.0,303093646.0
36.5,mcf,STREAM,6,0.19292843624919603,23853.399999999998,0.0028270416682171684,7497168.0,8563347.0,72760246.0,377135934.0,39081410.559999995,0.19292843624919603,0.8754950605178092,0.0028270416682171684,0.7955505226187989,0.9298685662686866,0.00015752894082248964,7497168.0,8563347.0,377135934.0,72760246.0,787780.0,847195.0,377168790.0,300056828.0
36.6,mcf,STREAM,6,0.19986937452827944,23447.6,0.0029283634147941246,7767976.0,8873184.0,75433681.0,377414905.0,38416547.839999996,0.19986937452827944,0.8754440345201903,0.0029283634147941246,1.3383274206656144,0.8388275536859754,0.0002889178912388049,7767976.0,8873184.0,377414905.0,75433681.0,560341.0,668005.0,372645666.0,498721913.0
36.9,mcf,STREAM,6,0.19753748458912682,24084.1,0.00289679604446477,7678788.0,8771275.0,74498560.0,377136320.0,39459389.44,0.19753748458912682,0.8754471841322955,0.00289679604446477,0.7714858387805573,0.961155364010744,7.797370565717235e-05,7678788.0,8771275.0,377136320.0,74498560.0,727486.0,756887.0,377063008.0,290898771.0
37.0,mcf,STREAM,6,0.19382507670528787,23499.2,0.0030297595055675157,7468462.0,8611122.0,73100245.0,377145446.0,38501089.28,0.19382507670528787,0.86730416779602,0.0030297595055675157,0.7984345433465175,0.9423655531053249,0.00013388873444188798,7468462.0,8611122.0,377145446.0,73100245.0,825614.0,876108.0,377134045.0,301116849.0
37.1,mcf,STREAM,6,0.1908939405422807,24077.6,0.0028329443715598276,7418653.0,8486971.0,71987094.0,377105181.0,39448739.839999996,0.1908939405422807,0.8741225815429321,0.0028329443715598276,0.866483799627489,0.9400563487757423,0.00015497978255656354,7418653.0,8486971.0,377105181.0,71987094.0,916554.0,974999.0,377113705.0,326762916.0
37.2,mcf,STREAM,6,0.19260043289265916,23387.1,0.0028833258684171407,7465326.0,8552672.0,72632550.0,377115196.0,38317424.64,0.19260043289265916,0.8728647608606994,0.0028833258684171407,0.7877193385464059,0.9386146205049514,0.00015413119941181213,7465326.0,8552672.0,377115196.0,72632550.0,888777.0,946903.0,377120273.0,297064932.0
37.3,mcf,STREAM,6,0.19200822119504435,23993.4,0.002823224387982225,7466126.0,8530581.0,72393860.0,377035210.0,39310786.56,0.19200822119504435,0.875218932919106,0.002823224387982225,0.8153585263065832,0.9325283745152981,0.0001580330681835127,7466126.0,8530581.0,377035210.0,72393860.0,823679.0,883275.0,377110947.0,307480626.0
37.4,mcf,STREAM,6,0.1902053775269142,23405.2,0.0028011759134018584,7393119.0,8449444.0,71726554.0,377100558.0,38347079.68,0.1902053775269142,0.8749828982830112,0.0028011759134018584,0.8408069491545322,0.9388881601640117,0.00016679887091357787,7393119.0,8449444.0,377100558.0,71726554.0,966299.0,1029195.0,377076893.0,317048872.0
37.5,mcf,STREAM,6,0.19411082225594709,19008.8,0.002838677276142759,7557831.0,8628324.0,73201092.0,377109793.0,31144017.919999998,0.19411082225594709,0.8759326840299461,0.002838677276142759,1.154033428290655,0.9251368684919385,0.00014764086119167872,7557831.0,8628324.0,377109793.0,73201092.0,687929.0,743597.0,377050090.0,435128408.0
37.6,mcf,STREAM,6,0.21687626224635673,12309.0,0.0031273886542600472,8434728.0,9614088.0,81785546.0,377106951.0,20167065.6,0.21687626224635673,0.877330018198294,0.0031273886542600472,0.8278227086664427,0.3258741258741259,0.0001876797984351726,8434728.0,9614088.0,377106951.0,81785546.0,33785.0,103675.0,372389573.0,308272545.0
37.7,mcf,STREAM,6,0.20704297684299006,20952.399999999998,0.003031196503408805,8046054.0,9188918.0,78062232.0,377033953.0,34328412.16,0.20704297684299006,0.8756258353812713,0.003031196503408805,0.6719123482739209,0.960667790770468,4.565974291678938e-05,8046054.0,9188918.0,377033953.0,78062232.0,420467.0,437682.0,377027966.0,253329746.0
37.8,mcf,STREAM,6,0.19101849130384,23557.800000000003,0.002897448463813679,7389239.0,8481870.0,72033283.0,377101099.0,38597099.52,0.19101849130384,0.8711804118667228,0.002897448463813679,0.8599081477778571,0.9477892435602934,0.0001360395913583783,7389239.0,8481870.0,377101099.0,72033283.0,931238.0,982537.0,377088754.0,324261692.0
37.9,mcf,STREAM,6,0.193330118974486,23971.0,0.0029553617194804037,7263240.0,8346200.0,70843709.0,366439070.0,39274086.4,0.193330118974486,0.8702451415015217,0.0029553617194804037,0.7894113138581829,0.9414055138356965,0.00014592312009977128,7263240.0,8346200.0,366439070.0,70843709.0,884169.0,939201.0,377130094.0,297710763.0
38.0,mcf,STREAM,6,0.1915480507445761,23534.699999999997,0.002818040544633316,7449726.0,8512404.0,72232424.0,377098194.0,38559252.48,0.1915480507445761,0.8751612352985126,0.002818040544633316,0.8214002883236174,0.9350165888770173,0.00015322228981451975,7449726.0,8512404.0,377098194.0,72232424.0,831370.0,889150.0,377099181.0,309749376.0
38.1,mcf,STREAM,6,0.19145272503448296,23853.0,0.0028310210690800568,7424021.0,8491638.0,72199457.0,377113760.0,39080755.2,0.19145272503448296,0.8742743155089748,0.0028310210690800568,0.8359989240846868,0.9404161723759888,0.0001615570080851295,7424021.0,8491638.0,377113760.0,72199457.0,961584.0,1022509.0,377111465.0,315264779.0
38.2,mcf,STREAM,6,0.19331321232328794,23603.800000000003,0.002837805755921455,7520009.0,8590171.0,72900146.0,377108968.0,38672465.92,0.19331321232328794,0.8754201749883675,0.002837805755921455,0.7809130133285397,0.9270067549892307,0.00015834342331915496,7520009.0,8590171.0,377108968.0,72900146.0,758349.0,818062.0,377110705.0,294490657.0
38.3,mcf,STREAM,6,0.18983586053949142,23732.4,0.0027831340262642556,7387499.0,8437058.0,71589774.0,377114070.0,38883164.160000004,0.18983586053949142,0.8756013055735778,0.0027831340262642556,0.8895488627955809,0.9415463124727921,0.00016165106629973918,7387499.0,8437058.0,377114070.0,71589774.0,981933.0,1042894.0,377114741.0,335461989.0
38.5,mcf,STREAM,6,0.6948620887103866,13384.2,0.001755934251408335,4357095.0,5010920.0,258733039.0,372351641.0,21928673.28,0.6948620887103866,0.8695199683890383,0.001755934251408335,0.6607280392746797,0.8984563968668408,6.445241914639308e-05,4357095.0,5010920.0,372351641.0,258733039.0,215068.0,239375.0,377130918.0,249180972.0
38.6,mcf,STREAM,6,1.0035133534122904,9135.599999999999,2.156726541298935e-05,18240.0,26373.0,378424151.0,377099268.0,14967767.04,1.0035133534122904,0.6916164258901148,2.156726541298935e-05,0.8521369801372324,0.9664970938273727,0.00010432579903595429,18240.0,26373.0,377099268.0,378424151.0,1135550.0,1174913.0,377308397.0,321518438.0
38.7,mcf,STREAM,6,0.4811998999560717,18381.199999999997,0.002254602062061299,4708011.0,5558398.0,181498166.0,377178312.0,30115758.08,0.4811998999560717,0.8470086165114481,0.002254602062061299,0.7850816098371243,0.9544557311148566,0.00010723584587242092,4708011.0,5558398.0,377178312.0,181498166.0,847152.0,887576.0,376963502.0,295947113.0
38.8,mcf,STREAM,6,0.1918268386340105,21740.2,0.003269804409812633,7272191.0,8505098.0,72329908.0,377058333.0,35619143.68,0.1918268386340105,0.8550390601025408,0.003269804409812633,0.8819200356836561,0.9529833128022313,0.00013452660265158715,7272191.0,8505098.0,377058333.0,72329908.0,1028127.0,1078851.0,377055534.0,332532830.0
39.0,mcf,STREAM,6,0.19291397500271865,23589.4,0.003012390348336424,7421202.0,8557813.0,72788756.0,377311991.0,38648872.96,0.19291397500271865,0.8671844079790012,0.003012390348336424,0.7967923217334326,0.9423861614920501,0.00013321938684230758,7421202.0,8557813.0,377311991.0,72788756.0,822198.0,872464.0,377317455.0,300643651.0
39.1,mcf,STREAM,6,0.1896797457550209,24097.5,0.002867610235423071,7340967.0,8422274.0,71523680.0,377076001.0,39481344.0,0.1896797457550209,0.8716134146193771,0.002867610235423071,0.8798361947615567,0.9425242948098795,0.00015465683926537188,7340967.0,8422274.0,377076001.0,71523680.0,956304.0,1014620.0,377067062.0,331757249.0
39.2,mcf,STREAM,6,0.19220535176317768,23567.399999999998,0.0028772086461446938,7446418.0,8531290.0,72472396.0,377057118.0,38612828.16,0.19220535176317768,0.8728361127098012,0.0028772086461446938,0.8003628574239775,0.9410752187883167,0.00014644248821217256,7446418.0,8531290.0,377057118.0,72472396.0,881875.0,937093.0,377062700.0,301786980.0
39.3,mcf,STREAM,6,0.20518467599529427,18276.300000000003,0.003007216134183468,7963696.0,9097490.0,77359639.0,377024447.0,29943889.92,0.20518467599529427,0.8753728775739242,0.003007216134183468,1.2556339004855226,0.7323064599187503,0.0003143315610972949,7963696.0,9097490.0,377024447.0,77359639.0,319963.0,436925.0,372097538.0,467218283.0
39.4,mcf,STREAM,6,0.21435083665673363,12200.2,0.0030759453756252437,8343285.0,9502792.0,80801596.0,376959555.0,19988807.68,0.21435083665673363,0.8779824918823858,0.0030759453756252437,0.5629307404950176,0.6330996055844237,3.109398730810874e-05,8343285.0,9502792.0,376959555.0,80801596.0,20225.0,31946.0,376953907.0,212198942.0
39.5,mcf,STREAM,6,0.1948548368237535,21369.0,0.0029322961973038395,7544908.0,8650695.0,73480962.0,377106174.0,35010969.6,0.1948548368237535,0.87217362304416,0.0029322961973038395,0.7865394064077456,0.956188471329156,0.00010629329410208109,7544908.0,8650695.0,377106174.0,73480962.0,874835.0,914919.0,377107515.0,296609921.0
39.6,mcf,STREAM,6,0.1903320008770284,23658.800000000003,0.0029032484627863355,7280217.0,8365050.0,71119795.0,373661784.0,38762577.92,0.1903320008770284,0.870313626338157,0.0029032484627863355,0.8939864201037928,0.9479844846040545,0.00014800411646434652,7280217.0,8365050.0,373661784.0,71119795.0,1007899.0,1063202.0,373658526.0,334045648.0
39.7,mcf,STREAM,6,0.19246746000095713,23875.4,0.0028943236798008743,7524904.0,8626411.0,73248288.0,380574919.0,39117455.36,0.19246746000095713,0.8723099328330172,0.0028943236798008743,0.8086552426674333,0.9371235051231772,0.000145085275318373,7524904.0,8626411.0,380574919.0,73248288.0,822950.0,878166.0,380576181.0,307754924.0
39.8,mcf,STREAM,6,0.18969652708114268,23789.4,0.0027749101017230785,7373979.0,8420526.0,71543338.0,377146272.0,38976552.96,0.18969652708114268,0.8757147712625079,0.0027749101017230785,0.8823261852863906,0.9391285394810569,0.00016217242169116626,7373979.0,8420526.0,377146272.0,71543338.0,943611.0,1004773.0,377141806.0,332762091.0
39.9,mcf,STREAM,6,0.19176788967678352,23669.9,0.0028247985226635226,7454442.0,8519555.0,72307625.0,377058042.0,38780764.160000004,0.19176788967678352,0.8749802072995596,0.0028247985226635226,0.7976446749608372,0.9387177416493989,0.00015568749534392072,7454442.0,8519555.0,377058042.0,72307625.0,899699.0,958434.0,377262155.0,300921149.0
40.0,mcf,STREAM,6,0.19139902990074373,24002.5,0.0027858261037750735,7449874.0,8500421.0,72177397.0,377104299.0,39325696.0,0.19139902990074373,0.8764123565174007,0.0027858261037750735,0.8190470377942981,0.9331458180447405,0.00015896059753316182,7449874.0,8500421.0,377104299.0,72177397.0,836694.0,896638.0,377099740.0,308862425.0
40.1,mcf,STREAM,6,0.19917298757732532,23538.0,0.0029173692865545205,7728311.0,8828475.0,75109775.0,377108241.0,38564659.2,0.19917298757732532,0.8753845936019528,0.0029173692865545205,1.3297383914581753,0.8217363977259668,0.00033750746984925647,7728311.0,8828475.0,377108241.0,75109775.0,579182.0,704827.0,372273242.0,495026022.0
40.2,mcf,STREAM,6,0.21450789888442146,12467.9,0.0030721082836941953,8351029.0,9509574.0,80894627.0,377117241.0,20427407.36,0.21450789888442146,0.8781706730501282,0.0030721082836941953,0.5958862020490823,0.48616771159874606,3.476955826298393e-05,8351029.0,9509574.0,377117241.0,80894627.0,12407.0,25520.0,377140253.0,224732673.0
40.3,mcf,STREAM,6,0.19830834458320457,15229.400000000001,0.002904778354267108,7698719.0,8794117.0,74782492.0,377102094.0,24951848.96,0.19830834458320457,0.8754396831427191,0.002904778354267108,0.7700720996052276,0.9629163021883997,7.712384645226136e-05,7698719.0,8794117.0,377102094.0,74782492.0,755144.0,784226.0,377081815.0,290380185.0
40.4,mcf,STREAM,6,0.19300649702034903,24289.0,0.0029983877570255364,7437059.0,8567809.0,72786482.0,377119336.0,39795097.6,0.19300649702034903,0.8680234351629454,0.0029983877570255364,0.8093717193933935,0.9428006037083067,0.00013888219497592232,7437059.0,8567809.0,377119336.0,72786482.0,863298.0,915674.0,377125376.0,305234614.0
40.5,mcf,STREAM,6,0.19051896680643965,23534.6,0.002808473835009444,7396737.0,8455828.0,71845755.0,377105525.0,38559088.64,0.19051896680643965,0.8747501723071945,0.002808473835009444,0.8709354341894048,0.9401211365332032,0.0001568497116865285,7396737.0,8455828.0,377105525.0,71845755.0,928662.0,987811.0,377106208.0,328435159.0
40.6,mcf,STREAM,6,0.192031288176872,24197.3,0.0028506767874949624,7444819.0,8519814.0,72415321.0,377101678.0,39644856.32,0.192031288176872,0.8738241233904872,0.0028506767874949624,0.8023301448829008,0.9399217786230956,0.00015612959323172245,7444819.0,8519814.0,377101678.0,72415321.0,921160.0,980039.0,377116207.0,302571701.0
40.7,mcf,STREAM,6,0.1920648806983857,23525.100000000002,0.002810753329497449,7469538.0,8529479.0,72428071.0,377102106.0,38543523.84,0.1920648806983857,0.8757320347467882,0.002810753329497449,0.8009986781152366,0.931003513548233,0.00016237157188049922,7469538.0,8529479.0,377102106.0,72428071.0,826193.0,887422.0,377091872.0,302050091.0
40.8,mcf,STREAM,6,0.19002058459743346,24143.699999999997,0.0027844669154497665,7394690.0,8444765.0,71660347.0,377118864.0,39557038.08,0.19002058459743346,0.87565373340762,0.0027844669154497665,0.8833708988446752,0.9406269889099788,0.00016771117778971036,7394690.0,8444765.0,377118864.0,71660347.0,1002033.0,1065282.0,377130498.0,333146107.0
40.9,mcf,STREAM,6,0.19390228489357594,23552.0,0.0028205620154155343,7537204.0,8600846.0,73121106.0,377102859.0,38587596.8,0.19390228489357594,0.8763328630695166,0.0028205620154155343,1.2364908744646814,0.9210887829721648,0.0001498926470786892,7537204.0,8600846.0,377102859.0,73121106.0,659763.0,716286.0,377089878.0,466268193.0
41.1,mcf,STREAM,6,0.21478226190831118,12213.899999999998,0.0031029121399700813,8347255.0,9516651.0,80945095.0,376870484.0,20011253.759999998,0.21478226190831118,0.877121058658135,0.0031029121399700813,0.7290114693506891,0.29712215234684103,0.00022673245139217524,8347255.0,9516651.0,376870484.0,80945095.0,35671.0,120055.0,372174338.0,271319361.0
41.2,mcf,STREAM,6,0.20471692460290244,21714.8,0.002995181710206902,7955356.0,9084880.0,77201553.0,377113681.0,35577528.32,0.20471692460290244,0.8756699042805188,0.002995181710206902,0.6797678556911707,0.9658313535388552,4.8093552078167526e-05,7955356.0,9084880.0,377113681.0,77201553.0,512643.0,530779.0,377098368.0,256339349.0
41.3,mcf,STREAM,6,0.19147884070798285,23858.3,0.002910296735577231,7402715.0,8500200.0,72207467.0,377104158.0,39089438.72,0.19147884070798285,0.8708871555963389,0.002910296735577231,0.8416475177029961,0.9460592695653642,0.00013550484986596726,7402715.0,8500200.0,377104158.0,72207467.0,896201.0,947299.0,377093514.0,317379820.0
41.4,mcf,STREAM,6,0.19185152980443887,23699.1,0.0029244771303594155,7416520.0,8519384.0,72350077.0,377114934.0,38828605.44,0.19185152980443887,0.870546508996425,0.0029244771303594155,0.8258148180712865,0.944045237314915,0.0001516634107183632,7416520.0,8519384.0,377114934.0,72350077.0,964970.0,1022165.0,377117986.0,311429621.0
41.5,mcf,STREAM,6,0.19277710345251284,23750.5,0.00284821722500247,7485628.0,8559713.0,72697754.0,377107824.0,38912819.2,0.19277710345251284,0.8745185732278641,0.00284821722500247,0.7835338819227974,0.9284887360131627,0.0001590493191628969,7485628.0,8559713.0,377107824.0,72697754.0,778756.0,838735.0,377109442.0,295478025.0
41.6,mcf,STREAM,6,0.18988252971640904,23670.8,0.0027912169370451767,7369196.0,8421789.0,71606409.0,377108990.0,38782238.72,0.18988252971640904,0.8750155103624657,0.0027912169370451767,0.9020265237167239,0.9431234976328041,0.0001607482554982519,7369196.0,8421789.0,377108990.0,71606409.0,1005198.0,1065818.0,377111402.0,340164487.0
41.7,mcf,STREAM,6,0.1923173851591373,24207.7,0.002836046047897632,7475906.0,8545418.0,72525533.0,377113764.0,39661895.68,0.1923173851591373,0.8748438051830817,0.002836046047897632,0.8102961259032565,0.9347353529182777,0.000150708416666125,7475906.0,8545418.0,377113764.0,72525533.0,814004.0,870839.0,377118951.0,305578025.0
41.8,mcf,STREAM,6,0.19003845364108127,23323.899999999998,0.0027656613083720688,7401054.0,8444003.0,71664746.0,377106552.0,38213877.76,0.19003845364108127,0.8764864247442831,0.0027656613083720688,0.885529811772394,0.9375955495582048,0.0001660487471887603,7401054.0,8444003.0,377106552.0,71664746.0,940789.0,1003406.0,377100105.0,333933385.0
41.9,mcf,STREAM,6,0.21256333516853104,12090.1,0.0030815259160833206,8261192.0,9423012.0,80142222.0,377027496.0,19808419.84,0.21256333516853104,0.8767039668420246,0.0030815259160833206,1.160884540341756,0.3336903543320431,0.00026403429144957266,8261192.0,9423012.0,377027496.0,80142222.0,49225.0,147517.0,372269827.0,432162287.0
42.0,mcf,STREAM,6,0.20968776086785387,15925.4,0.002998730445265404,8167562.0,9298572.0,79086453.0,377162943.0,26092175.36,0.20968776086785387,0.8783673450073839,0.002998730445265404,0.6147372040935412,0.9424506951180084,3.7757933485391055e-05,8167562.0,9298572.0,377162943.0,79086453.0,233200.0,247440.0,377139284.0,231841549.0
42.1,mcf,STREAM,6,0.1906470208166043,24201.6,0.0029439651202997747,7343878.0,8454389.0,71915123.0,377216086.0,39651901.44,0.1906470208166043,0.8686468058188475,0.0029439651202997747,0.8489935838454217,0.9530335737959148,0.00013231824902113135,7343878.0,8454389.0,377216086.0,71915123.0,1012764.0,1062674.0,377196648.0,320237534.0
42.2,mcf,STREAM,6,0.19270178700809865,23503.5,0.002916591488016075,7454194.0,8554563.0,72702356.0,377279096.0,38508134.4,0.19270178700809865,0.8713705188681176,0.002916591488016075,0.7876001300308569,0.9342271219694492,0.00014554363734435577,7454194.0,8554563.0,377279096.0,72702356.0,779961.0,834873.0,377288908.0,297152793.0
42.3,mcf,STREAM,6,0.18940643989387443,24103.1,0.00281898989220338,7349017.0,8412224.0,71436316.0,377158855.0,39490519.04,0.18940643989387443,0.8736116632177174,0.00281898989220338,0.8924158107713035,0.9431591052734124,0.0001585710652922474,7349017.0,8412224.0,377158855.0,71436316.0,992359.0,1052165.0,377155819.0,336579816.0
42.4,mcf,STREAM,6,0.1918297265533834,23432.200000000004,0.0028463024785975767,7443882.0,8517656.0,72368195.0,377252245.0,38391316.480000004,0.1918297265533834,0.8739355052610718,0.0028463024785975767,0.8082281395976614,0.9355431463203286,0.00015044568713081527,7443882.0,8517656.0,377252245.0,72368195.0,823771.0,880527.0,377252423.0,304906024.0
42.5,mcf,STREAM,6,0.19000301306862857,24059.6,0.002762279964222725,7378715.0,8420895.0,71686195.0,377289780.0,39419248.64,0.19000301306862857,0.8762388083451937,0.002762279964222725,0.8770176222715218,0.9361650391990387,0.00016708924064071456,7378715.0,8420895.0,377289780.0,71686195.0,924008.0,987014.0,377079935.0,330705748.0
42.6,mcf,STREAM,6,0.19154509074444323,23494.6,0.002822608462093139,7431078.0,8494681.0,72177185.0,376815635.0,38493552.64,0.19154509074444323,0.8747918844745318,0.002822608462093139,0.7951528565107756,0.9382006938198638,0.00015947487871727648,7431078.0,8494681.0,376815635.0,72177185.0,912752.0,972875.0,377006087.0,299777467.0
42.7,mcf,STREAM,6,0.2061853126074178,17450.8,0.0029946960373034522,8013994.0,9143327.0,77754762.0,377111061.0,28591390.72,0.2061853126074178,0.8764855506097506,0.0029946960373034522,1.2551433725337289,0.7009452367955986,0.00029725322548623535,8013994.0,9143327.0,377111061.0,77754762.0,259396.0,370066.0,372308828.0,467300958.0
42.8,mcf,STREAM,6,0.21430361912507354,12206.900000000001,0.0030679108549223465,8343709.0,9500645.0,80815768.0,377108741.0,19999784.96,0.21430361912507354,0.8782255310034214,0.0030679108549223465,0.560571357760864,0.636163912503582,3.030273626866723e-05,8343709.0,9500645.0,377108741.0,80815768.0,19980.0,31407.0,377094659.0,211388465.0
42.9,mcf,STREAM,6,0.1938258938011139,21997.0,0.0029818806931798726,7478110.0,8602625.0,73094851.0,377116027.0,36039884.8,0.1938258938011139,0.8692823411458712,0.0029818806931798726,0.817991359183189,0.9583724905892207,0.00010583198320653519,7478110.0,8602625.0,377116027.0,73094851.0,918831.0,958741.0,377107173.0,308470409.0
43.0,mcf,STREAM,6,0.5669474015900267,22812.000000000004,0.002028835857544962,4922061.0,5678197.0,211298188.0,372694517.0,37375180.800000004,0.5669474015900267,0.8668351943407387,0.002028835857544962,0.9264746476316196,0.95170464828395,0.00014152913019457243,4922061.0,5678197.0,372694517.0,211298188.0,1051725.0,1105096.0,377102579.0,349375979.0
43.2,mcf,STREAM,6,1.0028215612392772,20208.4,2.0731565117336893e-05,17589.0,25407.0,378170144.0,377106116.0,33109442.560000002,1.0028215612392772,0.6922895265084426,2.0731565117336893e-05,0.8679892819365795,0.9557844649072564,0.00013313141726204657,17589.0,25407.0,377106116.0,378170144.0,1084672.0,1134850.0,376905775.0,327150173.0
43.3,mcf,STREAM,6,0.5970059398872768,23662.799999999996,0.0016953151454372744,3749131.0,4388489.0,225150188.0,377132241.0,38769131.519999996,0.5970059398872768,0.8543102193032727,0.0016953151454372744,0.813603992485434,0.9474873440100731,0.00012916429154839152,3749131.0,4388489.0,377132241.0,225150188.0,878912.0,927624.0,377132096.0,306836179.0
43.4,mcf,STREAM,6,0.191877279219265,24104.8,0.0031396549744574904,7332912.0,8516914.0,72359251.0,377112138.0,39493304.32,0.191877279219265,0.8609822759746077,0.0031396549744574904,0.8890367272963686,0.9489347811243422,0.00014477383570339584,7332912.0,8516914.0,377112138.0,72359251.0,1014528.0,1069123.0,377105433.0,335260580.0
43.6,mcf,STREAM,6,0.20270472904970033,21350.9,0.002986178160755836,7855509.0,8981437.0,76429107.0,377046492.0,34981314.56,0.20270472904970033,0.8746383234665009,0.002986178160755836,1.2832870614612195,0.7993799118702585,0.00028462232389962457,7855509.0,8981437.0,377046492.0,76429107.0,422322.0,528312.0,372388218.0,477880982.0
43.7,mcf,STREAM,6,0.21405361902308356,12134.300000000001,0.003067492130228292,8331209.0,9487919.0,80716739.0,377086542.0,19880837.12,0.21405361902308356,0.8780860165437753,0.003067492130228292,0.5749849807072257,0.4602216458382457,3.0353631099395893e-05,8331209.0,9487919.0,377086542.0,80716739.0,9759.0,21205.0,377088328.0,216820125.0
43.8,mcf,STREAM,6,0.19571471665035292,17947.1,0.0029056586195514026,7590883.0,8686605.0,73803894.0,377099358.0,29404528.64,0.19571471665035292,0.8738607315516246,0.0029056586195514026,0.7921957865493804,0.9591702486404332,9.119156208024433e-05,7590883.0,8686605.0,377099358.0,73803894.0,807794.0,842180.0,377074361.0,298716720.0
43.9,mcf,STREAM,6,0.19151928850493363,23834.899999999998,0.0029572122922107637,7391350.0,8506568.0,72225372.0,377118005.0,39051100.16,0.19151928850493363,0.8688991847240861,0.0029572122922107637,0.8534149467262794,0.9447805975156277,0.00015494629575813987,7391350.0,8506568.0,377118005.0,72225372.0,999781.0,1058215.0,377124214.0,321843441.0
44.0,mcf,STREAM,6,0.19250698517041254,23952.1,0.002867967257643145,7459725.0,8541416.0,72606503.0,377162953.0,39243120.64,0.19250698517041254,0.873359288436484,0.002867967257643145,0.7909308662101812,0.9330318858657519,0.00014803144020762506,7459725.0,8541416.0,377162953.0,72606503.0,777920.0,833755.0,377183387.0,298325983.0
44.1,mcf,STREAM,6,0.18963610695044075,23513.4,0.002797144441003709,7351989.0,8407035.0,71528239.0,377186814.0,38524354.56,0.18963610695044075,0.8745043882890936,0.002797144441003709,0.8916555724940324,0.9426976487859108,0.00015997902252618278,7351989.0,8407035.0,377186814.0,71528239.0,992128.0,1052435.0,376968174.0,336125773.0
44.2,mcf,STREAM,6,0.192459483609724,24086.399999999998,0.002839704381056435,7471003.0,8541921.0,72580909.0,377123058.0,39463157.76,0.192459483609724,0.8746279671750652,0.002839704381056435,0.8124059842753607,0.9357802684508155,0.00015210180331389958,7471003.0,8541921.0,377123058.0,72580909.0,835838.0,893199.0,377122419.0,306376510.0
44.3,mcf,STREAM,6,0.1903572107160192,23458.1,0.0027693873021791774,7410737.0,8455090.0,71784876.0,377106156.0,38433751.04,0.1903572107160192,0.8764823319444264,0.0027693873021791774,0.8692381488250923,0.9351669033799371,0.00016753096383342279,7410737.0,8455090.0,377106156.0,71784876.0,911279.0,974456.0,377106408.0,327795276.0
44.4,mcf,STREAM,6,0.19853459808554216,24213.6,0.0029094673162656844,7714484.0,8811617.0,74865546.0,377090677.0,39671562.239999995,0.19853459808554216,0.8754901625887734,0.0029094673162656844,1.29835805019055,0.8388464993252515,0.00030500058566364685,7714484.0,8811617.0,377090677.0,74865546.0,591141.0,704707.0,372346826.0,483439499.0
44.5,mcf,STREAM,6,0.21490432641035875,15348.199999999999,0.003079814190813965,8359910.0,9521404.0,81047125.0,377131193.0,25146490.88,0.21490432641035875,0.8780123183513692,0.003079814190813965,0.610772352379949,0.18488419341731005,3.191470278617662e-05,8359910.0,9521404.0,377131193.0,81047125.0,2730.0,14766.0,377130255.0,230340733.0
44.6,mcf,STREAM,6,0.19998652894220878,12523.400000000001,0.0029259764552126226,7757195.0,8860334.0,75398057.0,377015679.0,20518338.560000002,0.19998652894220878,0.8754969056471235,0.0029259764552126226,0.744730666310973,0.9632708485129496,7.353847837687038e-05,7757195.0,8860334.0,377015679.0,75398057.0,727125.0,754850.0,377013512.0,280773524.0
44.7,mcf,STREAM,6,0.19361972738042368,23763.4,0.0030173986614595626,7457182.0,8595103.0,73017847.0,377119873.0,38933954.56,0.19361972738042368,0.8676082183075642,0.0030173986614595626,0.7983107229305978,0.9395856804489685,0.0001375019541757575,7457182.0,8595103.0,377119873.0,73017847.0,806468.0,858323.0,377121913.0,301060467.0
44.8,mcf,STREAM,6,0.1900643075344959,24179.3,0.002814987876191874,7380703.0,8442009.0,71657996.0,377019741.0,39615365.12,0.1900643075344959,0.8742827684737128,0.002814987876191874,0.8816854696735943,0.942459651823676,0.00015595699865514587,7380703.0,8442009.0,377019741.0,71657996.0,963583.0,1022413.0,377219365.0,332588833.0
44.9,mcf,STREAM,6,0.19260938496688873,23523.600000000002,0.002858971419853194,7472272.0,8550431.0,72635753.0,377114298.0,38541066.24,0.19260938496688873,0.8739058884867908,0.002858971419853194,0.8029733005084368,0.9388043757893879,0.0001532757065326464,7472272.0,8550431.0,377114298.0,72635753.0,886758.0,944561.0,377117818.0,302815539.0
45.0,mcf,STREAM,6,0.1911679056893811,24100.699999999997,0.002788039766592649,7433632.0,8485021.0,72090734.0,377106888.0,39486586.879999995,0.1911679056893811,0.87608881580847,0.002788039766592649,0.8392409282847846,0.9357430454077023,0.00015823200025677346,7433632.0,8485021.0,377106888.0,72090734.0,868960.0,928631.0,377110824.0,316486838.0
45.1,mcf,STREAM,6,0.19050114802231136,23645.100000000002,0.002798318221309805,7400544.0,8455927.0,71847323.0,377149029.0,38740131.84,0.19050114802231136,0.8751901476916724,0.002798318221309805,0.8328545771700794,0.9417456580077638,0.0001607154534276694,7400544.0,8455927.0,377149029.0,71847323.0,1007520.0,1069843.0,387784738.0,322968294.0
45.3,mcf,STREAM,6,0.1925269815842797,20960.300000000003,0.0028178604932133458,7480179.0,8542826.0,72604098.0,377111288.0,34341355.52,0.1925269815842797,0.8756094294791911,0.0028178604932133458,1.1885171134530224,0.9284842282048176,0.00013933813824826364,7480179.0,8542826.0,377111288.0,72604098.0,682214.0,734761.0,377118574.0,448211879.0
45.4,mcf,STREAM,6,0.21449276080982066,12162.2,0.0031029210984182647,8342419.0,9512559.0,80887187.0,377109170.0,19926548.48,0.21449276080982066,0.8769899876573696,0.0031029210984182647,0.7886116175537171,0.31601161287174606,0.00022585598803185608,8342419.0,9512559.0,377109170.0,80887187.0,38859.0,122967.0,372396591.0,293676278.0
45.5,mcf,STREAM,6,0.20682357685496697,18510.4,0.003027049788185272,8031343.0,9172888.0,77996213.0,377114709.0,30327439.36,0.20682357685496697,0.8755522797182305,0.003027049788185272,0.6716235651219268,0.9615220393776605,4.6839512698077044e-05,8031343.0,9172888.0,377114709.0,77996213.0,441379.0,459042.0,377096152.0,253266662.0
45.6,mcf,STREAM,6,0.1907119673766698,23643.1,0.0028888040084268716,7366760.0,8456159.0,71919530.0,377110734.0,38736855.04,0.1907119673766698,0.8711709417952052,0.0028888040084268716,0.8678316156634993,0.9486582958722555,0.00013822701333773192,7366760.0,8456159.0,377110734.0,71919530.0,963150.0,1015276.0,377104292.0,327263027.0
45.7,mcf,STREAM,6,0.19309427350479638,24125.100000000002,0.002954406112141397,7460094.0,8574203.0,72816011.0,377100831.0,39526563.84,0.19309427350479638,0.8700626752130781,0.002954406112141397,0.795706436379468,0.9429116690436371,0.0001475435742394795,7460094.0,8574203.0,377100831.0,72816011.0,918990.0,974630.0,377108934.0,300068006.0
45.8,mcf,STREAM,6,0.19177331594412184,23466.9,0.0028301262305700406,7443203.0,8510471.0,72319574.0,377109681.0,38448168.96,0.19177331594412184,0.8745935448226073,0.0028301262305700406,0.8064940932666053,0.9332721401573961,0.00015556009419072752,7443203.0,8510471.0,377109681.0,72319574.0,820517.0,879183.0,377127568.0,304151156.0
45.9,mcf,STREAM,6,0.19084061932736124,24244.699999999997,0.0028151749825229685,7419422.0,8481284.0,71983590.0,377192184.0,39722516.48,0.19084061932736124,0.8747993817917192,0.0028151749825229685,0.8719352961634392,0.9411327846310585,0.00016563207412119765,7419422.0,8481284.0,377192184.0,71983590.0,998588.0,1061049.0,377106912.0,328812827.0
46.0,mcf,STREAM,6,0.19198863346336661,23445.300000000003,0.002808155932326799,7463114.0,8522016.0,72395249.0,377080912.0,38412779.52,0.19198863346336661,0.8757451288521402,0.002808155932326799,0.7948206501136578,0.9323714455089591,0.0001500238261984473,7463114.0,8522016.0,377080912.0,72395249.0,780104.0,836688.0,377166757.0,299779927.0
46.1,mcf,STREAM,6,0.18911878894231285,24098.3,0.0027696499836915474,7345731.0,8391250.0,71390713.0,377491382.0,39482654.72,0.18911878894231285,0.8754036645315061,0.0027696499836915474,0.8878928405488128,0.9408859601129117,0.0001618101321632133,7345731.0,8391250.0,377491382.0,71390713.0,971620.0,1032665.0,377263149.0,334969249.0
46.2,mcf,STREAM,6,0.21009484998650332,14875.8,0.003043162587502904,8155455.0,9302491.0,79189445.0,376922352.0,24372510.72,0.21009484998650332,0.8766958226565336,0.003043162587502904,1.1801720139430674,0.4907679370869555,0.00023082189610117891,8155455.0,9302491.0,376922352.0,79189445.0,82875.0,168868.0,372551311.0,439674631.0
46.3,mcf,STREAM,6,0.2105770065831011,12701.0,0.003020088874617739,8196619.0,9335954.0,79440627.0,377252143.0,20809318.4,0.2105770065831011,0.8779626591990491,0.003020088874617739,0.6393947779609825,0.9423424798344563,3.405566381680368e-05,8196619.0,9335954.0,377252143.0,79440627.0,209936.0,222781.0,377176615.0,241164758.0
46.4,mcf,STREAM,6,0.19174094818824924,23710.6,0.002956924120085345,7393267.0,8508381.0,72309267.0,377119586.0,38847447.04,0.19174094818824924,0.8689393434544128,0.002956924120085345,0.8074653054278074,0.9532933026137763,0.00012474526799934879,7393267.0,8508381.0,377119586.0,72309267.0,960341.0,1007393.0,377184648.0,304563517.0
46.5,mcf,STREAM,6,0.19230009860359748,24167.9,0.002877009347317044,7446106.0,8531052.0,72518090.0,377108959.0,39596687.36,0.19230009860359748,0.8728238908870793,0.002877009347317044,0.7930576164286033,0.9346473801259921,0.00014898797558900997,7446106.0,8531052.0,377108959.0,72518090.0,803550.0,859736.0,377117682.0,299076050.0
46.6,mcf,STREAM,6,0.19093688801757225,23567.799999999996,0.002845459545724609,7397260.0,8470349.0,72006743.0,377123267.0,38613483.519999996,0.19093688801757225,0.8733123038968051,0.002845459545724609,0.8865602834785311,0.9422200047642002,0.000163373636910384,7397260.0,8470349.0,377123267.0,72006743.0,1004676.0,1066286.0,377111027.0,334331659.0
46.7,mcf,STREAM,6,0.19267499058981336,24004.8,0.002837671300433631,7478780.0,8548879.0,72658632.0,377104635.0,39329464.32,0.19267499058981336,0.8748258104951538,0.002837671300433631,0.8041367492561691,0.9330837354480883,0.00015161708601093345,7478780.0,8548879.0,377104635.0,72658632.0,797265.0,854441.0,377107894.0,303246316.0
46.8,mcf,STREAM,6,0.18991062561433555,23712.6,0.002780461311034339,7388068.0,8436621.0,71618100.0,377114760.0,38850723.839999996,0.18991062561433555,0.8757141040233999,0.002780461311034339,0.8888402178037073,0.9390661256596342,0.00016482176966633788,7388068.0,8436621.0,377114760.0,71618100.0,957916.0,1020073.0,377116446.0,335196264.0
46.9,mcf,STREAM,6,0.1923202888797207,23802.0,0.002822042341170559,7472111.0,8536326.0,72525537.0,377108091.0,38997196.8,0.1923202888797207,0.8753310264861018,0.002822042341170559,0.804422491102164,0.9377884299372178,0.0001561105269319245,7472111.0,8536326.0,377108091.0,72525537.0,887417.0,946287.0,377104614.0,303351433.0
47.0,mcf,STREAM,6,0.20412409284660435,20754.5,0.0029544780643775076,7944354.0,9058503.0,76976254.0,377105186.0,34004172.8,0.20412409284660435,0.8770051740337228,0.0029544780643775076,1.2629497837284043,0.7606778310344423,0.0002743092458493124,7944354.0,9058503.0,377105186.0,76976254.0,324547.0,426655.0,372236815.0,470116405.0
47.1,mcf,STREAM,6,0.21466313480344573,12189.7,0.0030710436071407663,8359309.0,9517499.0,80956420.0,377132385.0,19971604.48,0.21466313480344573,0.8783094172113913,0.0030710436071407663,0.5665451576477009,0.5381468516722197,2.903800460950945e-05,8359309.0,9517499.0,377132385.0,80956420.0,12760.0,23711.0,377126464.0,213659172.0
47.4,mcf,STREAM,6,0.18979965472870602,24135.0,0.002911240738084483,7333574.0,8431902.0,71605990.0,377271445.0,39542784.0,0.18979965472870602,0.8697413703337634,0.002911240738084483,0.8893140310930495,0.947646911057261,0.00014695061061468454,7333574.0,8431902.0,377271445.0,71605990.0,1003469.0,1058906.0,377249198.0,335493005.0
47.5,mcf,STREAM,6,0.19209922181157996,23388.3,0.0028771022832825956,7439778.0,8525132.0,72467239.0,377238587.0,38319390.72,0.19209922181157996,0.8726877190875167,0.0028771022832825956,0.8003043962315681,0.9361382835533166,0.0001466493918231928,7439778.0,8525132.0,377238587.0,72467239.0,810956.0,866278.0,377239887.0,301906740.0
47.6,mcf,STREAM,6,0.445683806006282,19167.3,0.0023379900184384446,5903306.0,6763258.0,163929990.0,367816797.0,31403704.32,0.445683806006282,0.8728494462284302,0.0023379900184384446,0.9062626200786833,0.9410091425843753,0.00016211473582282743,5903306.0,6763258.0,367816797.0,163929990.0,965960.0,1026515.0,373531744.0,338517857.0
47.7,mcf,STREAM,6,1.000999506209685,17417.7,2.1199269680141006e-05,13637.0,21663.0,378976359.0,378597948.0,28537159.68,1.000999506209685,0.6295065318746249,2.1199269680141006e-05,0.8551313670335021,0.9550697509188539,0.00013454329559801125,13637.0,21663.0,378597948.0,378976359.0,1048509.0,1097835.0,366618045.0,313506590.0
47.8,mcf,STREAM,6,0.7179547542303406,23420.699999999997,0.001276069105974524,2671012.0,3152505.0,270902404.0,377325176.0,38372474.879999995,0.7179547542303406,0.8472665388318179,0.001276069105974524,0.8239204844360254,0.9489290569813876,0.0001301224586786587,2671012.0,3152505.0,377325176.0,270902404.0,912252.0,961349.0,377313805.0,310876573.0
47.9,mcf,STREAM,6,0.20093025433742784,13349.300000000001,0.003201566910009776,7705430.0,8913159.0,75797040.0,377230598.0,21871493.12,0.20093025433742784,0.8645004537672895,0.003201566910009776,1.3296498146851112,0.837475744380588,0.00028222219136280044,7705430.0,8913159.0,377230598.0,75797040.0,541212.0,646242.0,372153584.0,494833944.0
48.0,mcf,STREAM,6,0.21344222438450045,14135.0,0.0030564679227286784,8305178.0,9457958.0,80502048.0,377160837.0,23158784.0,0.21344222438450045,0.878115339484485,0.0030564679227286784,0.5876471963589908,0.42347885535696844,3.130232487452212e-05,8305178.0,9457958.0,377160837.0,80502048.0,8672.0,20478.0,377160484.0,221637301.0
48.1,mcf,STREAM,6,0.1949559490378859,23960.0,0.0028597966254104543,7568915.0,8647832.0,73551135.0,377270534.0,39256064.0,0.1949559490378859,0.8752384412648164,0.0028597966254104543,0.8088027052000334,0.9603375653547152,8.441245684321692e-05,7568915.0,8647832.0,377270534.0,73551135.0,771080.0,802926.0,377266593.0,305134241.0
48.2,mcf,STREAM,6,0.19171453623994644,23507.1,0.002960218548411923,7378668.0,8494800.0,72284774.0,377043783.0,38514032.64,0.19171453623994644,0.8686099731600508,0.002960218548411923,0.788194149864861,0.9444700434104571,0.00013968039780799048,7378668.0,8494800.0,377043783.0,72284774.0,895725.0,948389.0,377032145.0,297174531.0
48.3,mcf,STREAM,6,0.19114605383859584,24020.1,0.002829616439012568,7426404.0,8493353.0,72074465.0,377064886.0,39354531.839999996,0.19114605383859584,0.8743783521066415,0.002829616439012568,0.8251544812807473,0.9365161540469658,0.00015285215115109347,7426404.0,8493353.0,377064886.0,72074465.0,850219.0,907853.0,377057173.0,311130416.0
48.4,mcf,STREAM,6,0.19057943503656583,23393.699999999997,0.002827797331449229,7403529.0,8469684.0,71853529.0,377026666.0,38328238.08,0.19057943503656583,0.8741210415878562,0.002827797331449229,0.8460678239231856,0.9402358840779681,0.0001657952653606569,7403529.0,8469684.0,377026666.0,71853529.0,983986.0,1046531.0,377242377.0,319172637.0
48.5,mcf,STREAM,6,0.19232738291455315,24206.100000000002,0.0028179482977032204,7470759.0,8533509.0,72533597.0,377136089.0,39659274.24,0.19232738291455315,0.8754615481157868,0.0028179482977032204,0.7902154578977676,0.9289113808546147,0.00015700101309922595,7470759.0,8533509.0,377136089.0,72533597.0,773681.0,832890.0,377124955.0,298009969.0
48.6,mcf,STREAM,6,0.18991872162796047,23453.3,0.0027770855804040923,7388041.0,8435314.0,71620677.0,377112253.0,38425886.72,0.18991872162796047,0.8758465897060856,0.0027770855804040923,0.897014820957768,0.9411362876341807,0.00016382910688452604,7388041.0,8435314.0,377112253.0,71620677.0,987827.0,1049611.0,377124683.0,338286430.0
48.8,mcf,STREAM,6,0.21464488409698187,19385.6,0.003100948282365383,8348351.0,9517684.0,80940191.0,377088843.0,31761367.04,0.21464488409698187,0.8771410145577433,0.003100948282365383,0.6853055180919946,0.2708057876426515,0.00020673423600672125,8348351.0,9517684.0,377088843.0,80940191.0,28879.0,106641.0,376144762.0,257774081.0
48.9,mcf,STREAM,6,0.20292880619155787,12186.300000000001,0.0029689592929872653,7877539.0,8997375.0,76540956.0,377181325.0,19966033.92,0.20292880619155787,0.8755374762083385,0.0029689592929872653,0.6937146666862366,0.9652987679225685,5.509355213911661e-05,7877539.0,8997375.0,377181325.0,76540956.0,578046.0,598826.0,377176624.0,261652956.0
49.0,mcf,STREAM,6,0.19143232819905875,20401.6,0.0028914480928697505,7408327.0,8498920.0,72204221.0,377178827.0,33425981.439999998,0.19143232819905875,0.8716786368150307,0.0028914480928697505,0.805798614715065,0.9433195300235973,0.0001343105617585777,7408327.0,8498920.0,377178827.0,72204221.0,843089.0,893747.0,377170636.0,303923576.0
49.1,mcf,STREAM,6,0.19067073522477343,23559.4,0.002895812221540369,7375645.0,8467932.0,71920121.0,377195383.0,38599720.96,0.19067073522477343,0.871009001961754,0.002895812221540369,0.8605628796647451,0.943073361455005,0.00016049628484106527,7375645.0,8467932.0,377195383.0,71920121.0,1002934.0,1063474.0,377204993.0,324608615.0
49.2,mcf,STREAM,6,0.19145028063677536,24137.0,0.0028365537011348415,7426115.0,8495909.0,72204648.0,377145689.0,39546060.8,0.19145028063677536,0.8740812784129397,0.0028365537011348415,0.7876009369891321,0.9322188541799019,0.00014860790942582703,7426115.0,8495909.0,377145689.0,72204648.0,770381.0,826395.0,376924756.0,296866291.0
49.3,mcf,STREAM,6,0.18919311827796814,23388.699999999997,0.0027812895968218135,7349903.0,8398471.0,71327290.0,377007846.0,38320046.08,0.18919311827796814,0.8751477501083232,0.0027812895968218135,0.8914894164679998,0.9414919216225507,0.0001625246109189144,7349903.0,8398471.0,377007846.0,71327290.0,985968.0,1047240.0,377001364.0,336092726.0
49.5,mcf,STREAM,6,0.1914614888432952,23472.3,0.0028272768566284328,7442693.0,8509545.0,72246576.0,377342600.0,38457016.32,0.1914614888432952,0.8746287845002289,0.0028272768566284328,0.807690469043849,0.9358472360279039,0.00015187052811571028,7442693.0,8509545.0,377342600.0,72246576.0,836041.0,893352.0,377367490.0,304796125.0
49.6,mcf,STREAM,6,0.18922516046063806,23818.699999999997,0.0027507632694354286,7359279.0,8396248.0,71333156.0,376975006.0,39024558.08,0.18922516046063806,0.8764961444683387,0.0027507632694354286,0.8955236929688533,0.936388434037583,0.00016499700372391818,7359279.0,8396248.0,376975006.0,71333156.0,915536.0,977731.0,376946239.0,337564288.0
49.7,mcf,STREAM,6,0.21245282193554663,13304.499999999998,0.003074936087008938,8242735.0,9402929.0,80159874.0,377306704.0,21798092.799999997,0.21245282193554663,0.8766135530747919,0.003074936087008938,1.1266233409995705,0.3115621392843401,0.0002305678026914981,8242735.0,9402929.0,377306704.0,80159874.0,38868.0,124752.0,372489129.0,419654947.0
49.8,mcf,STREAM,6,0.20912148238609896,14139.0,0.0029978307342229116,8138761.0,9268538.0,78810534.0,376864840.0,23165337.6,0.20912148238609896,0.8781062342302529,0.0029978307342229116,0.6038011135486618,0.9508361010412371,3.605865069956673e-05,8138761.0,9268538.0,376864840.0,78810534.0,262813.0,276402.0,376858250.0,227547431.0
49.9,mcf,STREAM,6,0.18969915153094655,24038.1,0.0029289151778504378,7328057.0,8433686.0,71609067.0,377487545.0,39384023.04,0.18969915153094655,0.8689032292641675,0.0029289151778504378,0.8671779518911197,0.953316468697928,0.00013286150117238483,7328057.0,8433686.0,377487545.0,71609067.0,1024656.0,1074833.0,377663955.0,327501855.0
50.0,mcf,STREAM,6,0.19164938866345396,23577.3,0.002882217562414568,7432726.0,8521096.0,72369778.0,377615491.0,38629048.32,0.19164938866345396,0.8722734728020902,0.002882217562414568,0.7886395305661038,0.9365534576139322,0.00014037692045275983,7432726.0,8521096.0,377615491.0,72369778.0,782467.0,835475.0,377611931.0,297799696.0
50.1,mcf,STREAM,6,0.1897255117834429,24045.2,0.002809438988340867,7362384.0,8422042.0,71560250.0,377177794.0,39395655.68,0.1897255117834429,0.874180394730874,0.002809438988340867,0.8898632830945437,0.9435075584883601,0.0001555230821215509,7362384.0,8422042.0,377177794.0,71560250.0,979709.0,1038369.0,377178739.0,335637511.0
50.2,mcf,STREAM,6,0.1917226890411013,23403.3,0.0028305356762874387,7445798.0,8513549.0,72322739.0,377225770.0,38343966.72,0.1917226890411013,0.8745821513448739,0.0028305356762874387,0.8068249874277824,0.9377427382032141,0.00014902556217704342,7445798.0,8513549.0,377225770.0,72322739.0,846762.0,902979.0,377230585.0,304359062.0
50.3,mcf,STREAM,6,0.18953135628209183,24149.2,0.002760040337810628,7386254.0,8428585.0,71576638.0,377650640.0,39566049.28,0.18953135628209183,0.876333809293019,0.002760040337810628,0.8583658716427863,0.9362502877072788,0.00016290449041506659,7386254.0,8428585.0,377650640.0,71576638.0,903034.0,964522.0,377448159.0,323988618.0
50.4,mcf,STREAM,6,0.19091120650641655,23386.8,0.0028115146956165745,7420933.0,8481589.0,72022073.0,377254297.0,38316933.12,0.19091120650641655,0.8749460743735638,0.0028115146956165745,0.8104760254544946,0.939725677330299,0.00015880245712296534,7420933.0,8481589.0,377254297.0,72022073.0,934030.0,993939.0,377254868.0,305756026.0
50.5,mcf,STREAM,6,0.20695636272492113,19404.5,0.0029996796894372854,8032050.0,9162788.0,78012804.0,376952914.0,31792332.8,0.20695636272492113,0.8765945474237754,0.0029996796894372854,1.245758719502954,0.7006610575028608,0.00025516444043019454,8032050.0,9162788.0,376952914.0,78012804.0,222263.0,317219.0,372136493.0,463592281.0
50.6,mcf,STREAM,6,0.21380867779669963,12181.399999999998,0.0030575364632980514,8316158.0,9469272.0,80635434.0,377138266.0,19958005.759999998,0.21380867779669963,0.8782256967589483,0.0030575364632980514,0.5576545438838292,0.5220704985709749,2.7933834046049136e-05,8316158.0,9469272.0,377138266.0,80635434.0,11508.0,22043.0,377141211.0,210314510.0
50.7,mcf,STREAM,6,0.1922558286661911,20496.6,0.0029589985252186936,7421585.0,8537335.0,72493933.0,377070144.0,33581629.44,0.1922558286661911,0.8693093336503721,0.0029589985252186936,0.8359391998548037,0.956167541631152,0.0001121835419123389,7421585.0,8537335.0,377070144.0,72493933.0,923240.0,965563.0,377265678.0,315371169.0
50.8,mcf,STREAM,6,0.18931036847157554,23480.2,0.002828401620294286,7347276.0,8414162.0,71408735.0,377204564.0,38469959.68,0.18931036847157554,0.8732035347073185,0.002828401620294286,0.8783427222968916,0.9453140727334559,0.0001483575127932971,7347276.0,8414162.0,377204564.0,71408735.0,967338.0,1023298.0,377196941.0,331308188.0
50.9,mcf,STREAM,6,0.19206510119589537,24091.7,0.0028747397343189094,7447523.0,8531762.0,72439418.0,377160752.0,39471841.28,0.19206510119589537,0.8729173411072648,0.0028747397343189094,0.8009055034475825,0.9390249204861919,0.00014873114923163037,7447523.0,8531762.0,377160752.0,72439418.0,863871.0,919966.0,377157040.0,302067149.0
51.0,mcf,STREAM,6,0.19003676767689623,23498.3,0.002767313986490255,7394872.0,8438630.0,71676867.0,377173680.0,38499614.72,0.19003676767689623,0.8763119131897003,0.002767313986490255,0.8426678312150399,0.9364889690248176,0.00015838748705976347,7394872.0,8438630.0,377173680.0,71676867.0,880884.0,940624.0,377176260.0,317834301.0
51.1,mcf,STREAM,6,0.19053082269537275,23967.7,0.002813176234091304,7401795.0,8463014.0,71874249.0,377231610.0,39268679.68,0.19053082269537275,0.8746050756858018,0.002813176234091304,0.8250207119454679,0.9404302647237306,0.00016029932267392624,7401795.0,8463014.0,377231610.0,71874249.0,954627.0,1015096.0,377225549.0,311218891.0
51.2,mcf,STREAM,6,0.19189712390912694,23541.300000000003,0.002799035401785548,7458953.0,8514850.0,72390509.0,377236029.0,38570065.92,0.19189712390912694,0.8759934702314193,0.002799035401785548,0.7804463217620119,0.9270037333895298,0.00016159645807197994,7458953.0,8514850.0,377236029.0,72390509.0,774202.0,835166.0,377260744.0,294431760.0
51.3,mcf,STREAM,6,0.1989428691688173,23810.6,0.00290882649248982,7738955.0,8836263.0,75047997.0,377233913.0,39011287.04,0.1989428691688173,0.8758176391988333,0.00290882649248982,1.3507691855881945,0.8402714628355904,0.0002811304879722285,7738955.0,8836263.0,377233913.0,75047997.0,550724.0,655412.0,372382237.0,503002451.0
51.4,mcf,STREAM,6,0.2137143371071585,13219.1,0.0030614074676336388,8321512.0,9476192.0,80607261.0,377172922.0,21658173.44,0.2137143371071585,0.8781493663277401,0.0030614074676336388,0.5905872931459872,0.3403440482169764,2.785539062320531e-05,8321512.0,9476192.0,377172922.0,80607261.0,5421.0,15928.0,377198085.0,222768396.0
51.6,mcf,STREAM,6,0.19645483105682862,24213.2,0.0028756682186236436,7624994.0,8709621.0,74097635.0,377173901.0,39670906.88,0.19645483105682862,0.8754679451608743,0.0028756682186236436,0.8065983543200226,0.9599668116043903,8.456486110395893e-05,7624994.0,8709621.0,377173901.0,74097635.0,764771.0,796664.0,377142463.0,304202490.0
51.7,mcf,STREAM,6,0.19306009192005197,23477.000000000004,0.0030079787035310382,7440739.0,8575122.0,72807725.0,377124678.0,38464716.800000004,0.19306009192005197,0.867712319428225,0.0030079787035310382,0.7963032182098855,0.94479158994001,0.00014309442204732753,7440739.0,8575122.0,377124678.0,72807725.0,923530.0,977496.0,377135595.0,300314288.0
51.8,mcf,STREAM,6,0.1915844201469537,24230.300000000003,0.0028421652030600824,7436978.0,8508750.0,72245912.0,377097010.0,39698923.52,0.1915844201469537,0.8740388423681504,0.0028421652030600824,0.8243218475326053,0.9362102595184307,0.00015350274673549844,7436978.0,8508750.0,377097010.0,72245912.0,849564.0,907450.0,377100744.0,310852382.0
51.9,mcf,STREAM,6,0.19083580536941663,23482.0,0.00283626698462229,7406558.0,8476169.0,71967864.0,377119293.0,38472908.8,0.19083580536941663,0.873809618472685,0.00283626698462229,0.8514743631053414,0.9399121412895969,0.0001674232479728797,7406558.0,8476169.0,377119293.0,71967864.0,987639.0,1050778.0,377122059.0,321109765.0
52.0,mcf,STREAM,6,0.1921384796504912,24187.1,0.0028103850287390137,7473959.0,8533822.0,72459988.0,377123771.0,39628144.64,0.1921384796504912,0.8758044168251927,0.0028103850287390137,0.7944554952286904,0.9303050671373758,0.00015369846782685117,7473959.0,8533822.0,377123771.0,72459988.0,773691.0,831653.0,377115015.0,299601096.0
52.1,mcf,STREAM,6,0.1891320272021529,21350.1,0.002767302229605836,7354666.0,8398387.0,71333397.0,377161912.0,34980003.839999996,0.1891320272021529,0.8757236359791469,0.002767302229605836,0.8918922143509334,0.9414892547021155,0.00016194853276053084,7354666.0,8398387.0,377161912.0,71333397.0,982863.0,1043945.0,377169209.0,336394281.0
52.2,mcf,STREAM,6,1.0642601747882563,11152.7,0.0002672754040100074,476282.0,574919.0,392761284.0,369046304.0,18272583.68,1.0642601747882563,0.8284332227670332,0.0002672754040100074,1.3362136038341468,0.8833298566692889,0.00024868504274778395,476282.0,574919.0,369046304.0,392761284.0,702938.0,795782.0,373339703.0,498861590.0
52.3,mcf,STREAM,6,0.9247266342140956,6554.8,0.0003515910834789526,805203.0,937812.0,348777543.0,377168268.0,10739384.32,0.9247266342140956,0.8585974587657228,0.0003515910834789526,0.6358467513650572,0.1345663508010808,0.00012203544453239244,805203.0,937812.0,377168268.0,348777543.0,7072.0,52554.0,372695000.0,236976905.0
52.4,mcf,STREAM,6,0.20284799285183083,21320.4,0.0029992962823546334,7870806.0,9001858.0,76495153.0,377105792.0,34931343.36,0.20284799285183083,0.8743534945785637,0.0029992962823546334,0.7060999755630247,0.9634066406334543,6.277035374463417e-05,7870806.0,9001858.0,377105792.0,76495153.0,623195.0,646866.0,377104773.0,266273671.0
52.5,mcf,STREAM,6,0.19380437949928309,23599.1,0.003011438108424773,7475131.0,8611029.0,73101953.0,377194536.0,38664765.44,0.19380437949928309,0.8680880066714443,0.003011438108424773,0.7715866306434036,0.9352909740794758,0.0001422128588071043,7475131.0,8611029.0,377194536.0,73101953.0,775316.0,828957.0,377188114.0,291033306.0
52.6,mcf,STREAM,6,0.18997368486556235,23835.4,0.0028633159773246257,7348540.0,8428695.0,71665519.0,377239190.0,39051919.36,0.18997368486556235,0.8718478957893244,0.0028633159773246257,0.8905708300688115,0.9457448167787177,0.0001530844572403412,7348540.0,8428695.0,377239190.0,71665519.0,1006647.0,1064396.0,377236207.0,335955562.0
52.7,mcf,STREAM,6,0.19223788047333462,23579.1,0.0028745798798844677,7452016.0,8536107.0,72498718.0,377130240.0,38631997.44,0.19223788047333462,0.8729993661044783,0.0028745798798844677,0.7933157241112934,0.9340520095011425,0.00014730106065429378,7452016.0,8536107.0,377130240.0,72498718.0,787262.0,842846.0,377349625.0,299357391.0
52.8,mcf,STREAM,6,0.1901634368863937,23728.600000000002,0.0027866115172798345,7393787.0,8444824.0,71724676.0,377173852.0,38876938.24,0.1901634368863937,0.8755406862238929,0.0027866115172798345,0.8810965816914541,0.9393688920101476,0.00016307243125597692,7393787.0,8444824.0,377173852.0,71724676.0,952366.0,1013836.0,376949062.0,332128530.0
52.9,mcf,STREAM,6,0.19274678163748615,23790.2,0.0028379817292134837,7495776.0,8565732.0,72668042.0,377012998.0,38977863.68,0.19274678163748615,0.8750887840058503,0.0028379817292134837,0.800407124680045,0.9351299092320356,0.00015564225523053712,7495776.0,8565732.0,377012998.0,72668042.0,846344.0,905055.0,377217613.0,301927665.0
53.0,mcf,STREAM,6,0.19061481988570597,23804.0,0.00276502776387154,7423696.0,8466479.0,71887124.0,377132922.0,39000473.6,0.19061481988570597,0.8768339235235805,0.00276502776387154,0.9391107845354492,0.9347240139314609,0.00015913006353031523,7423696.0,8466479.0,377132922.0,71887124.0,859346.0,919358.0,377125470.0,354162596.0
53.1,mcf,STREAM,6,0.2142640449905449,13252.5,0.0031115289858118142,8325653.0,9499258.0,80816009.0,377179517.0,21712896.0,0.2142640449905449,0.8764529819065868,0.0031115289858118142,1.0755334179609055,0.33763903150581076,0.00018534564571585853,8325653.0,9499258.0,377179517.0,80816009.0,35183.0,104203.0,372385333.0,400512870.0
53.2,mcf,STREAM,6,0.20947259934179302,14735.8,0.0030006891779801614,8139114.0,9271414.0,79043783.0,377346647.0,24143134.72,0.20947259934179302,0.877871918997469,0.0030006891779801614,0.5939132972224226,0.9531451444154196,3.681181032544364e-05,8139114.0,9271414.0,377346647.0,79043783.0,282415.0,296298.0,377134400.0,223985135.0
53.3,mcf,STREAM,6,0.1897285869036836,24070.6,0.002941578361102129,7317326.0,8425885.0,71500843.0,376858565.0,39437271.04,0.1897285869036836,0.8684341170096672,0.002941578361102129,0.8801865186600483,0.9528809055201409,0.00013290062564452138,7317326.0,8425885.0,376858565.0,71500843.0,1013325.0,1063433.0,377033590.0,331859883.0
53.4,mcf,STREAM,6,0.1927945279934324,23358.999999999996,0.0029373818894983922,7455619.0,8563751.0,72732043.0,377251594.0,38271385.599999994,0.1927945279934324,0.870602029414447,0.0029373818894983922,0.7881559373309295,0.9366517670415208,0.00014090895126763582,7455619.0,8563751.0,377251594.0,72732043.0,786011.0,839171.0,377264890.0,297343563.0
53.5,mcf,STREAM,6,0.18990960478105662,24067.0,0.0028104625297068254,7365655.0,8425617.0,71624141.0,377148597.0,39431372.8,0.18990960478105662,0.8741976997055527,0.0028104625297068254,0.8772535011202998,0.9417620369077424,0.00015703386466858516,7365655.0,8425617.0,377148597.0,71624141.0,957691.0,1016914.0,377135213.0,330843186.0
53.7,mcf,STREAM,6,0.1932533885810423,24109.2,0.0028631632500937037,7505335.0,8585366.0,72898271.0,377216004.0,39500513.28,0.1932533885810423,0.8742009368033932,0.0028631632500937037,0.8030800702107709,0.9377445728848275,0.0001468880092318238,7505335.0,8585366.0,377216004.0,72898271.0,834181.0,889561.0,377021925.0,302778794.0
53.9,mcf,STREAM,6,0.19227546693195782,23439.3,0.0028373033983926316,7467004.0,8537097.0,72516965.0,377151418.0,38402949.12,0.19227546693195782,0.8746537611087235,0.0028373033983926316,0.8078747103444186,0.9392246531999207,0.00015838871589121326,7467004.0,8537097.0,377151418.0,72516965.0,923178.0,982915.0,377154393.0,304693496.0
54.0,mcf,STREAM,6,0.20700365099675092,19142.3,0.0029992325615270693,8055940.0,9187138.0,78074011.0,377162483.0,31362744.32,0.20700365099675092,0.876871556735079,0.0029992325615270693,1.2478968123425453,0.7271485241453802,0.00022798893569912627,8055940.0,9187138.0,377162483.0,78074011.0,226197.0,311074.0,372285610.0,464574026.0
54.1,mcf,STREAM,6,0.2152378507925993,12157.6,0.0030861328458365615,8375470.0,9539402.0,81176746.0,377149027.0,19919011.84,0.2152378507925993,0.8779869010657062,0.0030861328458365615,0.5578705934003629,0.524814781754887,2.822937733223953e-05,8375470.0,9539402.0,377149027.0,81176746.0,11759.0,22406.0,377160285.0,210406632.0
54.2,mcf,STREAM,6,0.19310678629128056,20805.4,0.0029702380335890977,7453223.0,8573404.0,72827346.0,377135094.0,34087567.36,0.19310678629128056,0.8693423289045985,0.0029702380335890977,0.8224732306156085,0.9560365085095737,0.00011037279329250176,7453223.0,8573404.0,377135094.0,72827346.0,905640.0,947286.0,377321247.0,310336625.0
54.3,mcf,STREAM,6,0.18958524114164996,23427.4,0.0028500247099108645,7344108.0,8418863.0,71493305.0,377103748.0,38383452.160000004,0.18958524114164996,0.8723396496652814,0.0028500247099108645,0.8701887434387154,0.9457029721995375,0.0001468669681712438,7344108.0,8418863.0,377103748.0,71493305.0,964635.0,1020019.0,377103175.0,328150938.0
54.4,mcf,STREAM,6,0.19277464032875116,23948.600000000002,0.002915044779750209,7464782.0,8564203.0,72705740.0,377154069.0,39237386.24,0.19277464032875116,0.8716259995238319,0.002915044779750209,0.7997025063010128,0.9379570180634031,0.00014609460924626378,7464782.0,8564203.0,377154069.0,72705740.0,832994.0,888094.0,377152862.0,301610089.0
54.5,mcf,STREAM,6,0.18983944953708923,23364.8,0.002785632150149193,7384401.0,8435242.0,71614293.0,377236097.0,38280888.32,0.18983944953708923,0.8754225427083183,0.002785632150149193,0.8630724751908635,0.9370647300257853,0.00016007275590933999,7384401.0,8435242.0,377236097.0,71614293.0,899078.0,959462.0,377228465.0,325575505.0
54.6,mcf,STREAM,6,0.1919932252599067,23889.899999999998,0.0028335090665977322,7448123.0,8517284.0,72444331.0,377327538.0,39141212.16,0.1919932252599067,0.8744716038586948,0.0028335090665977322,0.7894404339458403,0.9379854474586546,0.00015668194665680813,7448123.0,8517284.0,377327538.0,72444331.0,894250.0,953373.0,377344048.0,297890649.0
54.7,mcf,STREAM,6,0.19117121504980797,23381.399999999998,0.002793587496584131,7437830.0,8491466.0,72102583.0,377162341.0,38308085.76,0.19117121504980797,0.8759182454478414,0.002793587496584131,0.8091779805975686,0.9319901896492331,0.00015756819182777236,7437830.0,8491466.0,377162341.0,72102583.0,814346.0,873771.0,377138300.0,305172008.0
54.8,mcf,STREAM,6,0.1990513175569342,23812.3,0.002922160838108879,7736011.0,8838595.0,75105653.0,377318040.0,39014072.32,0.1990513175569342,0.8752534763726588,0.002922160838108879,1.3291842611800262,0.8474255994246847,0.00027235346582964794,7736011.0,8838595.0,377318040.0,75105653.0,563266.0,664679.0,372358030.0,494932433.0
54.9,mcf,STREAM,6,0.21529208350185303,13597.0,0.003093150919240137,8376547.0,9542989.0,81187674.0,377104781.0,22277324.8,0.21529208350185303,0.8777697427923263,0.003093150919240137,0.5961922096120504,0.37493658041603245,3.266928157041237e-05,8376547.0,9542989.0,377104781.0,81187674.0,7390.0,19710.0,377112670.0,224831636.0
55.0,mcf,STREAM,6,0.1984444442865184,14129.400000000001,0.0029028583398087128,7717157.0,8811855.0,74835459.0,377110376.0,23149608.96,0.1984444442865184,0.8757698577654762,0.0029028583398087128,0.7626089088828878,0.9643661587623241,7.270429393754486e-05,7717157.0,8811855.0,377110376.0,74835459.0,742398.0,769830.0,377309214.0,287739368.0
55.1,mcf,STREAM,6,0.1930628765366259,23863.3,0.003040475687425212,7436862.0,8585293.0,72922600.0,377714252.0,39097630.72,0.1930628765366259,0.8662327540830581,0.003040475687425212,0.7932431708315651,0.9435328324431138,0.00012974057894569853,7436862.0,8585293.0,377714252.0,72922600.0,818410.0,867389.0,377514887.0,299461106.0
55.2,mcf,STREAM,6,0.18974898767273188,23601.5,0.002816698835804233,7575230.0,8667351.0,73571534.0,387730838.0,38668697.6,0.18974898767273188,0.8739959879321837,0.002816698835804233,0.8665668684436498,0.9421356638511518,0.0001519242773465137,7575230.0,8667351.0,387730838.0,73571534.0,932817.0,990109.0,377108919.0,326790095.0
55.3,mcf,STREAM,6,0.191850716664491,23774.5,0.0028627282993820024,7440111.0,8520610.0,72411520.0,377436797.0,38952140.8,0.191850716664491,0.873189947668066,0.0028627282993820024,0.7910101118443617,0.9392283949956197,0.00015037485394300728,7440111.0,8520610.0,377436797.0,72411520.0,876997.0,933742.0,377356975.0,298493183.0
55.4,mcf,STREAM,6,0.19091194040170056,23475.499999999996,0.0028020776977748215,7432109.0,8490294.0,72096556.0,377642990.0,38462259.199999996,0.19091194040170056,0.8753653289273611,0.0028020776977748215,0.8273108861526158,0.9342097702419576,0.00015765505454849786,7432109.0,8490294.0,377642990.0,72096556.0,845415.0,904952.0,377640921.0,312426445.0
55.5,mcf,STREAM,6,0.1901236531176279,23849.2,0.0027968144663252773,7388398.0,8443245.0,71707068.0,377160163.0,39074529.28,0.1901236531176279,0.8750661623581929,0.0027968144663252773,0.8269940465868473,0.940670276887838,0.00015933801422722766,7388398.0,8443245.0,377160163.0,71707068.0,952772.0,1012865.0,377141640.0,311893891.0
55.6,mcf,STREAM,6,0.1926918603197944,23355.9,0.0028116797850417006,7493331.0,8553756.0,72673733.0,377149989.0,38266306.56,0.1926918603197944,0.8760281448290085,0.0028116797850417006,1.1135806824428336,0.9279836327028788,0.00014686962627285296,7493331.0,8553756.0,377149989.0,72673733.0,713934.0,769339.0,377239334.0,420086435.0
55.8,mcf,STREAM,6,0.2155354051286482,12236.0,0.003115587936506332,8381752.0,9556920.0,81297757.0,377189803.0,20047462.4,0.2155354051286482,0.8770348606036255,0.003115587936506332,0.870122681759662,0.30352324268463055,0.0001954512018222864,8381752.0,9556920.0,377189803.0,81297757.0,31720.0,104506.0,372399859.0,324033564.0
55.9,mcf,STREAM,6,0.20638471319179652,19449.3,0.003024547065204587,8014256.0,9155143.0,77850214.0,377209207.0,31865733.119999997,0.20638471319179652,0.8753829404958503,0.003024547065204587,0.6531793681662141,0.9591789464132633,4.5321987348280434e-05,8014256.0,9155143.0,377209207.0,77850214.0,401684.0,418779.0,377189991.0,246372720.0
56.0,mcf,STREAM,6,0.18962236081477837,23432.4,0.0028627693487571562,7339584.0,8419231.0,71512996.0,377133771.0,38391644.160000004,0.18962236081477837,0.8717641789374825,0.0028627693487571562,0.8637484414176014,0.9489506099762933,0.0001360597730323066,7339584.0,8419231.0,377133771.0,71512996.0,953888.0,1005203.0,377150416.0,325763084.0
56.1,mcf,STREAM,6,0.19231775306379176,24039.9,0.0029032455074152926,7439303.0,8534420.0,72543104.0,377204407.0,39386972.160000004,0.19231775306379176,0.8716823170174424,0.0029032455074152926,0.7948221779884673,0.9404543198697466,0.00014503183344301634,7439303.0,8534420.0,377204407.0,72543104.0,864112.0,918824.0,377241318.0,299839766.0
56.2,mcf,STREAM,6,0.19087141639711075,23376.300000000003,0.00280706265041057,7409276.0,8468134.0,71999008.0,377212101.0,38299729.92,0.19087141639711075,0.874959701865842,0.00280706265041057,0.8413858777526622,0.9363472932843703,0.00015612016348545474,7409276.0,8468134.0,377212101.0,71999008.0,866169.0,925051.0,377158201.0,317335584.0
56.3,mcf,STREAM,6,0.19048557376478917,24002.0,0.0028106407722575913,7404989.0,8465378.0,71865750.0,377276602.0,39324876.8,0.19048557376478917,0.8747381392774192,0.0028106407722575913,0.8159246880396888,0.9405221888605465,0.000157049768737463,7404989.0,8465378.0,377276602.0,71865750.0,936904.0,996153.0,377262574.0,307817848.0
56.4,mcf,STREAM,6,0.1922742823931235,23374.6,0.0028199818625831833,7476284.0,8539836.0,72515962.0,377148525.0,38296944.64,0.1922742823931235,0.8754599034454525,0.0028199818625831833,0.7837604318209924,0.9286402097485401,0.00015871772365099376,7476284.0,8539836.0,377148525.0,72515962.0,779222.0,839100.0,377260955.0,295682209.0
56.5,mcf,STREAM,6,0.1890214285718452,23964.1,0.0027674346887401934,7349995.0,8393795.0,71293667.0,377172406.0,39262781.44,0.1890214285718452,0.8756462362971695,0.0027674346887401934,0.881444575128839,0.9414838421715485,0.00016373917798095974,7349995.0,8393795.0,377172406.0,71293667.0,993498.0,1055247.0,377118053.0,332408662.0
56.6,mcf,STREAM,6,0.21077312726478864,14582.7,0.003049397200863227,8197089.0,9347175.0,79493489.0,377151917.0,23892295.68,0.21077312726478864,0.876958974235531,0.003049397200863227,1.2176725454108799,0.6069539414269126,0.00021295817635468017,8197089.0,9347175.0,377151917.0,79493489.0,122317.0,201526.0,371946273.0,452908765.0
56.7,mcf,STREAM,6,0.9562598863904511,6180.2,0.0007439916141991485,1627085.0,1907313.0,360179860.0,376654783.0,10125639.68,0.9562598863904511,0.8530770775431196,0.0007439916141991485,0.6315488541161557,0.8693482430808794,6.513839241689589e-05,1627085.0,1907313.0,376654783.0,360179860.0,164971.0,189764.0,380620385.0,240380368.0
56.8,mcf,STREAM,6,1.0128928146511667,17672.6,2.0819999680549517e-05,16450.0,24297.0,381756486.0,376897220.0,28954787.84,1.0128928146511667,0.6770383174877557,2.0819999680549517e-05,0.8749595925129818,0.9685896906730191,9.883680800415013e-05,16450.0,24297.0,376897220.0,381756486.0,1149869.0,1187158.0,377278473.0,330103419.0
56.9,mcf,STREAM,6,0.20664003509232748,23606.300000000003,0.0035127011038975668,7240219.0,8564943.0,77928923.0,377124031.0,38676561.92,0.20664003509232748,0.8453318370011336,0.0035127011038975668,0.7748248425813496,0.9510554192023796,0.0001138646564655555,7240219.0,8564943.0,377124031.0,77928923.0,833893.0,876808.0,376894827.0,292027475.0
57.0,mcf,STREAM,6,0.19067668385160677,24150.699999999997,0.0030477506614166863,7317035.0,8466396.0,71907570.0,377117792.0,39568506.879999995,0.19067668385160677,0.8642443608827179,0.0030477506614166863,0.8813250575384332,0.9527274465833478,0.00013633666156098699,7317035.0,8466396.0,377117792.0,71907570.0,1036214.0,1087629.0,377117933.0,332363484.0
57.1,mcf,STREAM,6,0.19344801988407867,23570.8,0.003040450314744816,7445378.0,8592063.0,72957595.0,377143147.0,38618398.72,0.19344801988407867,0.8665413649783527,0.003040450314744816,0.796585512814542,0.9413357648533994,0.00013597222243178186,7445378.0,8592063.0,377143147.0,72957595.0,822799.0,874076.0,377113789.0,300403381.0
57.2,mcf,STREAM,6,0.1899956423659517,24199.4,0.002841379481901803,7364988.0,8436398.0,71642395.0,377073885.0,39648296.96,0.1899956423659517,0.8730014871275632,0.002841379481901803,0.8902076565920416,0.9428708765864885,0.00015600085002179947,7364988.0,8436398.0,377073885.0,71642395.0,970959.0,1029790.0,377119740.0,335714880.0
57.3,mcf,STREAM,6,0.19221963494735997,23471.6,0.0028703884867217976,7450415.0,8532837.0,72485924.0,377099478.0,38455869.44,0.19221963494735997,0.8731462935480896,0.0028703884867217976,0.8043653637267265,0.9399754850108808,0.00014972608627890542,7450415.0,8532837.0,377099478.0,72485924.0,884187.0,940649.0,377101956.0,303327752.0
57.4,mcf,STREAM,6,0.20526415524778513,19693.899999999998,0.0030017395907177063,7970511.0,9102509.0,77407985.0,377113992.0,32266485.759999998,0.20526415524778513,0.8756389035155032,0.0030017395907177063,1.2580731180483942,0.7551670266251239,0.0002972791955624592,7970511.0,9102509.0,377113992.0,77407985.0,341263.0,451904.0,372178752.0,468228083.0
57.5,mcf,STREAM,6,0.21441820033211362,12192.8,0.0030756978866874935,8343080.0,9502916.0,80856429.0,377096855.0,19976683.52,0.21441820033211362,0.8779494630911185,0.0030756978866874935,0.566361930132976,0.49472046761572547,2.8423356796263255e-05,8343080.0,9502916.0,377096855.0,80856429.0,10495.0,21214.0,377119426.0,213586086.0
57.6,mcf,STREAM,6,0.19440210136217145,20176.0,0.002957232168429298,7507276.0,8622505.0,73312763.0,377119190.0,33056358.4,0.19440210136217145,0.8706606722756322,0.002957232168429298,0.777941062284782,0.956859777379388,0.0001032500194381056,7507276.0,8622505.0,377119190.0,73312763.0,863587.0,902522.0,377094360.0,293357187.0
57.7,mcf,STREAM,6,0.18988283236885847,23573.3,0.0028753180276964623,7355359.0,8439646.0,71605118.0,377101590.0,38622494.72,0.18988283236885847,0.8715245876426571,0.0028753180276964623,0.8991786523019786,0.9490237414137215,0.00014568373298603663,7355359.0,8439646.0,377101590.0,71605118.0,1022798.0,1077737.0,377111424.0,339090542.0
57.9,mcf,STREAM,6,0.19250457637921303,23560.9,0.002898760627003593,7458817.0,8552052.0,72600938.0,377138764.0,38602178.56,0.19250457637921303,0.8721669372450027,0.002898760627003593,0.8070826079906617,0.9363278224467967,0.00014648696414645983,7458817.0,8552052.0,377138764.0,72600938.0,812373.0,867616.0,377118881.0,304366090.0
58.0,mcf,STREAM,6,0.18984269742299614,24113.699999999997,0.002773780257234977,7383833.0,8429792.0,71587386.0,377087910.0,39507886.08,0.18984269742299614,0.8759211377931982,0.002773780257234977,0.8848251373142961,0.9394421294832058,0.0001624742588107997,7383833.0,8429792.0,377087910.0,71587386.0,950505.0,1011776.0,377112045.0,333678217.0
58.1,mcf,STREAM,6,0.19129975169722174,23534.899999999998,0.002814080477674624,7434750.0,8496110.0,72150710.0,377160500.0,38559580.16,0.19129975169722174,0.8750769469792646,0.002814080477674624,0.7986989297905381,0.9388947748310547,0.00015353454873890442,7434750.0,8496110.0,377160500.0,72150710.0,889738.0,947644.0,377152898.0,301231616.0
58.2,mcf,STREAM,6,0.1917249077943158,23908.4,0.0027987908172438652,7450618.0,8506204.0,72310559.0,377157876.0,39171522.56,0.1917249077943158,0.8759039872544792,0.0027987908172438652,0.8240601236669641,0.9338305263331194,0.00015984526528649393,7450618.0,8506204.0,377157876.0,72310559.0,850827.0,911115.0,377164753.0,310806433.0
58.3,mcf,STREAM,6,0.19891907469781167,13257.6,0.0029181952584895333,7722081.0,8822504.0,75010445.0,377090257.0,21721251.84,0.19891907469781167,0.8752708981486436,0.0029181952584895333,1.3262048488111435,0.8184768681693183,0.00035103219717759097,7722081.0,8822504.0,377090257.0,75010445.0,589607.0,720371.0,372512838.0,494028332.0
58.4,mcf,STREAM,6,0.2141041886658133,14155.599999999999,0.003067903139268256,8334100.0,9490663.0,80714733.0,376988108.0,23192535.04,0.2141041886658133,0.8781367539865234,0.003067903139268256,0.5975153917254993,0.5533199940714392,3.197472501298842e-05,8334100.0,9490663.0,376988108.0,80714733.0,14933.0,26988.0,377016534.0,225273182.0
58.5,mcf,STREAM,6,0.19796996416055035,24147.0,0.002906474734145118,7681447.0,8777530.0,74657973.0,377117677.0,39562444.8,0.19796996416055035,0.8751262598931591,0.002906474734145118,0.7658939414507261,0.9622898833253213,7.530590175112651e-05,7681447.0,8777530.0,377117677.0,74657973.0,724637.0,753034.0,377088639.0,288809904.0
58.6,mcf,STREAM,6,0.19322512772144612,23589.1,0.0030095170966039564,7439840.0,8574757.0,72867000.0,377109338.0,38648381.44,0.19322512772144612,0.867644412547201,0.0030095170966039564,0.809406257674481,0.9425607991305963,0.00013524959447661498,7439840.0,8574757.0,377109338.0,72867000.0,836961.0,887965.0,377110188.0,305235346.0
58.7,mcf,STREAM,6,0.19064836899577198,24160.6,0.002819071146927088,7402317.0,8465473.0,71899199.0,377129893.0,39584727.04,0.19064836899577198,0.8744126878675297,0.002819071146927088,0.877806206060426,0.9411488291985488,0.00015575876245794317,7402317.0,8465473.0,377129893.0,71899199.0,939339.0,998077.0,377108800.0,331028445.0
58.8,mcf,STREAM,6,0.1914034967785739,23458.800000000003,0.0028439600202996803,7428437.0,8500921.0,72180054.0,377109380.0,38434897.92,0.1914034967785739,0.8738390816712683,0.0028439600202996803,0.7978140541523521,0.9407262194292192,0.00015360740108734177,7428437.0,8500921.0,377109380.0,72180054.0,919431.0,977363.0,377143286.0,300890214.0
59.0,mcf,STREAM,6,0.1889620858305937,24208.600000000002,0.002750535249288679,7356780.0,8394125.0,71265720.0,377142958.0,39663370.24,0.1889620858305937,0.8764201152591843,0.002750535249288679,0.8746486448042592,0.9417350449663934,0.00016511946665354193,7356780.0,8394125.0,377142958.0,71265720.0,1006420.0,1068687.0,377102720.0,329832383.0
59.1,mcf,STREAM,6,0.19409296244305452,23486.9,0.0028342622429443996,7551591.0,8620609.0,73207365.0,377176813.0,38480936.96,0.19409296244305452,0.8759927517881857,0.0028342622429443996,1.2230943070702223,0.9274300533569795,0.00013813630243252357,7551591.0,8620609.0,377176813.0,73207365.0,666237.0,718369.0,377395363.0,461590120.0
59.2,mcf,STREAM,6,0.2150192591149608,19119.4,0.0031122857481499216,8354371.0,9528075.0,81087980.0,377119614.0,31325224.96,0.2150192591149608,0.8768162509216185,0.0031122857481499216,0.7428723193617345,0.26772040960669147,0.00025599428537075573,8354371.0,9528075.0,377119614.0,81087980.0,34824.0,130076.0,372086431.0,276412710.0
59.3,mcf,STREAM,6,0.20424115380278896,12224.7,0.0029917318616335593,7931434.0,9059708.0,77025614.0,377130723.0,20028948.48,0.20424115380278896,0.8754624321225364,0.0029917318616335593,0.6778709244013555,0.9612891480748894,5.018520262318649e-05,7931434.0,9059708.0,377130723.0,77025614.0,469956.0,488881.0,377103190.0,255627288.0
59.4,mcf,STREAM,6,0.19183755267875152,20713.600000000002,0.0029186205252721372,7408824.0,8509389.0,72338865.0,377083965.0,33937162.24,0.19183755267875152,0.8706646270372643,0.0029186205252721372,0.848925040690201,0.9458398303499034,0.00013816251466224847,7408824.0,8509389.0,377083965.0,72338865.0,909879.0,961980.0,377099390.0,320129115.0
59.5,mcf,STREAM,6,0.19143609035635575,23604.699999999997,0.0029134632947192705,7402959.0,8501664.0,72193046.0,377113040.0,38673940.48,0.19143609035635575,0.8707658877132759,0.0029134632947192705,0.8209368710737837,0.9432171395529207,0.000152592716920524,7402959.0,8501664.0,377113040.0,72193046.0,955877.0,1013422.0,377114984.0,309587595.0
59.6,mcf,STREAM,6,0.19265917291164666,24152.3,0.00283756599902555,7475752.0,8545901.0,72658758.0,377136250.0,39571128.32,0.19265917291164666,0.8747763401424847,0.00283756599902555,0.7824249230039019,0.9289401538343113,0.00015910715019641807,7475752.0,8545901.0,377136250.0,72658758.0,784411.0,844415.0,377129500.0,295075520.0
59.7,mcf,STREAM,6,0.18971342535432878,23603.0,0.0027907359909450998,7370413.0,8422742.0,71537021.0,377079381.0,38671155.2,0.18971342535432878,0.875060995576025,0.0027907359909450998,0.9046650622176468,0.9430438728859141,0.00016174961236908923,7370413.0,8422742.0,377079381.0,71537021.0,1009917.0,1070912.0,377095185.0,341144839.0
59.8,mcf,STREAM,6,0.19233495017391009,23911.0,0.0028368068334911297,7473803.0,8543625.0,72533723.0,377121906.0,39175782.4,0.19233495017391009,0.8747812550293348,0.0028368068334911297,0.8102430479732584,0.9347920637780484,0.0001506767340214632,7473803.0,8543625.0,377121906.0,72533723.0,814575.0,871397.0,377111970.0,305552352.0
60.0,mcf,STREAM,6,0.19666388598495485,28020.4,0.0028559083846786174,5560119.5,6345045.0,54051628.5,274842675.0,45908623.36,0.19666388598495485,0.8762931547372792,0.0028559083846786174,1.163489223324429,0.8668088938797253,0.0002748685275723052,5560119.5,6345045.0,274842675.0,54051628.5,497111.0,573495.5,277894674.5,323327459.0
