time_step,victim,attacker,run_id,IPC,Total_MB_per_sec,cache_dominance_score,LLC-load-misses,LLC-loads,instructions,cycles,cas_count_total,victim_IPC,victim_miss_rate,victim_cache_dominance,attacker_IPC,attacker_miss_rate,attacker_cache_dominance,victim_LLC-load-misses,victim_LLC-loads,victim_cycles,victim_instructions,attacker_LLC-load-misses,attacker_LLC-loads,attacker_cycles,attacker_instructions
0.1,sysbench,none,2,0.44688348119497034,58.4,2.3538975826811944e-06,953.0,1833.0,167066514.0,373848041.0,95682.56,0.44688348119497034,0.5199127114020731,2.3538975826811944e-06,0.5491736879385442,0.10004601932811781,0.007653023288577209,953.0,1833.0,373848041.0,167066514.0,2174.0,21730.0,2555330.0,1403320.0
0.2,sysbench,none,2,0.44775000019425876,37.7,1.1356666584571222e-06,765.0,1202.0,172292414.0,384796011.0,61767.68,0.44775000019425876,0.6364392678868552,1.1356666584571222e-06,0.5302520999856594,0.1639434093852745,0.0085347037949759,765.0,1202.0,384796011.0,172292414.0,3291.0,20074.0,1966442.0,1042710.0
0.3,sysbench,none,2,0.4478334817546506,19.2,1.1546897899671687e-06,672.0,1117.0,172588258.0,385384892.0,31457.28,0.4478334817546506,0.6016114592658908,1.1546897899671687e-06,0.5483073378385993,0.1897756911841419,0.008840536237831598,672.0,1117.0,385384892.0,172588258.0,3638.0,19170.0,1756907.0,963325.0
0.4,sysbench,none,2,0.44736575010348173,15.600000000000001,1.166502284892831e-06,635.0,1085.0,172579677.0,385768640.0,25559.04,0.44736575010348173,0.5852534562211982,1.166502284892831e-06,0.5519862401405656,0.14664867296446243,0.009136955106098495,635.0,1085.0,385768640.0,172579677.0,3260.0,22230.0,2076184.0,1146025.0
0.5,sysbench,none,2,0.4478955197295164,23.2,1.3351841687452093e-06,578.0,1092.0,172424376.0,384965619.0,38010.88,0.4478955197295164,0.5293040293040293,1.3351841687452093e-06,0.5995292416184586,0.14156667731192116,0.009802777453611857,578.0,1092.0,384965619.0,172424376.0,3103.0,21919.0,1919456.0,1150770.0
0.6,sysbench,none,2,0.4479010107723351,28.599999999999998,1.1186133991459169e-06,666.0,1098.0,172975969.0,386192406.0,46858.24,0.4479010107723351,0.6065573770491803,1.1186133991459169e-06,0.5491897262738041,0.18180233571553076,0.008318648789625377,666.0,1098.0,386192406.0,172975969.0,3129.0,17211.0,1692823.0,929681.0
0.7,sysbench,none,2,0.4476790842186651,14.8,1.8798600231920424e-06,975.0,1702.0,173131345.0,386730922.0,24248.32,0.4476790842186651,0.572855464159812,1.8798600231920424e-06,0.5076243834852824,0.17471951288267462,0.008446980167081475,975.0,1702.0,386730922.0,173131345.0,3099.0,17737.0,1732927.0,879676.0
0.8,sysbench,none,2,0.44759872080232865,13.4,1.0942821043743345e-06,643.0,1066.0,173021434.0,386554800.0,21954.56,0.44759872080232865,0.6031894934333959,1.0942821043743345e-06,0.5482559957929947,0.17668192617488557,0.008529271043881204,643.0,1066.0,386554800.0,173021434.0,3049.0,17257.0,1665793.0,913281.0
0.9,sysbench,none,2,0.44817531205024713,13.0,1.2417547291957228e-06,727.0,1207.0,173242062.0,386549766.0,21299.2,0.44817531205024713,0.6023198011599006,1.2417547291957228e-06,0.5869217668948721,0.15478666734310792,0.00944493703753257,727.0,1207.0,386549766.0,173242062.0,3051.0,19711.0,1763908.0,1035276.0
1.0,sysbench,none,2,0.4476093106696074,39.300000000000004,8.97262056807621e-07,712.0,1059.0,173104869.0,386732056.0,64389.12,0.4476093106696074,0.67233238904627,8.97262056807621e-07,0.5950989142454397,0.17824580111970142,0.008559849241793526,712.0,1059.0,386732056.0,173104869.0,3343.0,18755.0,1800499.0,1071475.0
1.3,sysbench,none,2,0.447454300441042,54.0,1.2018956859470351e-06,590.0,1053.0,172370484.0,385224779.0,88473.6,0.447454300441042,0.560303893637227,1.2018956859470351e-06,0.5167021668165115,0.21262299016078715,0.007919047590314192,590.0,1053.0,385224779.0,172370484.0,3544.0,16668.0,1657270.0,856315.0
1.4,sysbench,none,2,0.4474342625569919,15.3,1.0368515254821932e-06,749.0,1149.0,172612665.0,385783297.0,25067.52,0.4474342625569919,0.6518711923411662,1.0368515254821932e-06,0.4908496553510119,0.1868126085354944,0.007816056373932519,749.0,1149.0,385783297.0,172612665.0,3550.0,19003.0,1977084.0,970451.0
1.5,sysbench,none,2,0.4477626462780193,17.5,1.3057176727926545e-06,678.0,1181.0,172491049.0,385228760.0,28672.0,0.4477626462780193,0.5740897544453852,1.3057176727926545e-06,0.5566333565509105,0.14075445090780891,0.009238700384274592,678.0,1181.0,385228760.0,172491049.0,3194.0,22692.0,2110470.0,1174758.0
1.6,sysbench,none,2,0.44766514196898005,12.8,1.0229579579869664e-06,603.0,998.0,172859236.0,386135126.0,20971.52,0.44766514196898005,0.6042084168336673,1.0229579579869664e-06,0.5954943716137279,0.14330666187179716,0.009935236935434515,603.0,998.0,386135126.0,172859236.0,3188.0,22246.0,1918223.0,1142291.0
1.7,sysbench,none,2,0.44821773794843145,14.0,1.064093695360585e-06,591.0,1002.0,173121494.0,386244183.0,22937.6,0.44821773794843145,0.5898203592814372,1.064093695360585e-06,0.5324774912836339,0.17619338027388146,0.008724586317565782,591.0,1002.0,386244183.0,173121494.0,3178.0,18037.0,1703118.0,906872.0
1.8,sysbench,none,2,0.4482145853366878,13.3,9.90337691448372e-07,662.0,1045.0,173341061.0,386736770.0,21790.72,0.4482145853366878,0.6334928229665072,9.90337691448372e-07,0.585481767677682,0.16834818074487495,0.009050024790188575,662.0,1045.0,386736770.0,173341061.0,3137.0,18634.0,1712371.0,1002562.0
1.9,sysbench,none,2,0.44805304684073183,13.4,9.534029144397521e-07,669.0,1037.0,172942120.0,385985814.0,21954.56,0.44805304684073183,0.6451301832208293,9.534029144397521e-07,0.522418005694881,0.1843426883308715,0.008228787104796182,669.0,1037.0,385985814.0,172942120.0,3120.0,16925.0,1677647.0,876433.0
2.0,sysbench,none,2,0.4475019045486879,13.900000000000002,1.228519997071312e-06,696.0,1171.0,173023968.0,386644093.0,22773.760000000002,0.4475019045486879,0.5943637916310845,1.228519997071312e-06,0.5409297563921672,0.17496924969249691,0.008468878528567867,696.0,1171.0,386644093.0,173023968.0,3414.0,19512.0,1900842.0,1028222.0
2.1,sysbench,none,2,0.44821369460267885,13.900000000000002,1.3070798435261332e-06,641.0,1146.0,173170688.0,386357423.0,22773.760000000002,0.44821369460267885,0.5593368237347295,1.3070798435261332e-06,0.5930713488497337,0.16225611123570308,0.009400688788253606,641.0,1146.0,386357423.0,173170688.0,2894.0,17836.0,1589458.0,942662.0
2.2,sysbench,none,2,0.4475699475574555,19.5,1.1983837001308124e-06,625.0,1086.0,172173358.0,384684805.0,31948.8,0.4475699475574555,0.5755064456721916,1.1983837001308124e-06,0.569993706792523,0.15441755768148566,0.008763830912771711,625.0,1086.0,384684805.0,172173358.0,2744.0,17770.0,1714547.0,977281.0
2.3,sysbench,none,2,0.44786863596250104,15.2,1.0185237224826702e-06,627.0,1020.0,172811266.0,385852574.0,24903.68,0.44786863596250104,0.6147058823529412,1.0185237224826702e-06,0.5469135624829132,0.18659367538291305,0.008737779651802577,627.0,1020.0,385852574.0,172811266.0,3204.0,17171.0,1598461.0,874220.0
2.4,sysbench,none,2,0.4473055087254925,14.9,9.763876926916652e-07,697.0,1074.0,172712313.0,386117116.0,24412.16,0.4473055087254925,0.648975791433892,9.763876926916652e-07,0.5301849336092037,0.20371720116618075,0.007762408485289436,697.0,1074.0,386117116.0,172712313.0,2795.0,13720.0,1407424.0,746195.0
2.5,sysbench,none,2,0.4478840942271781,17.6,1.1375114476016804e-06,698.0,1137.0,172851990.0,385930182.0,28835.84,0.4478840942271781,0.613896218117854,1.1375114476016804e-06,0.5773131590827036,0.15512904127457375,0.009209321645308076,698.0,1137.0,385930182.0,172851990.0,3330.0,21466.0,1969309.0,1136908.0
2.6,sysbench,none,2,0.44726043754673106,13.700000000000001,9.830998080205282e-07,747.0,1127.0,172880683.0,386532473.0,22446.08,0.44726043754673106,0.6628216503992902,9.830998080205282e-07,0.518678491514403,0.1763192438960357,0.00849290579517517,747.0,1127.0,386532473.0,172880683.0,3358.0,19045.0,1847071.0,958036.0
2.8,sysbench,none,2,0.4476730205583304,13.0,9.985808794594422e-07,609.0,995.0,173047361.0,386548559.0,21299.2,0.4476730205583304,0.6120603015075377,9.985808794594422e-07,0.5468772458471078,0.19734062383496956,0.008289100839818484,609.0,995.0,386548559.0,173047361.0,3176.0,16094.0,1558432.0,852271.0
2.9,sysbench,none,2,0.44765960005824534,13.200000000000001,1.395100992344395e-06,680.0,1219.0,172954163.0,386351958.0,21626.88,0.44765960005824534,0.5578342904019689,1.395100992344395e-06,0.5162265428192632,0.19762200300516103,0.00821561542197172,680.0,1219.0,386351958.0,172954163.0,3025.0,15307.0,1494958.0,771737.0
3.0,sysbench,none,2,0.4475674623670332,12.6,9.314980307083697e-07,649.0,1009.0,172973298.0,386474247.0,20643.84,0.4475674623670332,0.643211100099108,9.314980307083697e-07,0.5524320577837992,0.1926440329218107,0.008565515001930585,649.0,1009.0,386474247.0,172973298.0,2996.0,15552.0,1465878.0,809798.0
3.1,sysbench,none,2,0.44738595625654454,12.9,9.933139314979464e-07,608.0,992.0,172952580.0,386584732.0,21135.36,0.44738595625654454,0.6129032258064516,9.933139314979464e-07,0.5538800925861967,0.18753427161396455,0.008373826188631188,608.0,992.0,386584732.0,172952580.0,3078.0,16413.0,1592462.0,882033.0
3.4,sysbench,none,2,0.44757144198786225,14.399999999999999,1.1675951352115036e-06,613.0,1064.0,172880748.0,386264028.0,23592.96,0.44757144198786225,0.5761278195488722,1.1675951352115036e-06,0.587323388530603,0.1912896359766414,0.008501331882977888,613.0,1064.0,386264028.0,172880748.0,3505.0,18323.0,1743021.0,1023717.0
3.5,sysbench,none,2,0.4474686664573286,12.1,1.1773970065485058e-06,570.0,1024.0,172542289.0,385596360.0,19824.64,0.4474686664573286,0.556640625,1.1773970065485058e-06,0.5461438880107841,0.17438094243025806,0.00782079666819414,570.0,1024.0,385596360.0,172542289.0,3338.0,19142.0,2020766.0,1103629.0
3.6,sysbench,none,2,0.44760979711292936,11.8,1.3104230059188883e-06,621.0,1127.0,172837745.0,386134857.0,19333.120000000003,0.44760979711292936,0.5510204081632653,1.3104230059188883e-06,0.5348596629567332,0.18451957295373667,0.008391293415132525,621.0,1127.0,386134857.0,172837745.0,3111.0,16860.0,1638484.0,876359.0
3.7,sysbench,none,2,0.44815701458392027,10.1,1.031829552184888e-06,757.0,1156.0,173298631.0,386691774.0,16547.84,0.44815701458392027,0.6548442906574394,1.031829552184888e-06,0.49923568314942535,0.24402119432908492,0.007256886068675794,757.0,1156.0,386691774.0,173298631.0,3408.0,13966.0,1454894.0,726335.0
3.8,sysbench,none,2,0.44735510216594127,11.799999999999999,1.0532527242879874e-06,637.0,1044.0,172867843.0,386421977.0,19333.12,0.44735510216594127,0.6101532567049809,1.0532527242879874e-06,0.5189493205280983,0.21568491728386516,0.0074068941443635105,637.0,1044.0,386421977.0,172867843.0,3116.0,14447.0,1529791.0,793884.0
3.9,sysbench,none,2,0.44750249714967233,13.600000000000001,1.156560967257552e-06,578.0,1025.0,172955531.0,386490650.0,22282.24,0.44750249714967233,0.5639024390243902,1.156560967257552e-06,0.5386699466449479,0.172406485111794,0.008654267019042712,578.0,1025.0,386490650.0,172955531.0,3254.0,18874.0,1804890.0,972240.0
4.0,sysbench,none,2,0.4474041664974503,13.4,1.4597622627555353e-06,662.0,1226.0,172860990.0,386364283.0,21954.56,0.4474041664974503,0.5399673735725938,1.4597622627555353e-06,0.5565922054486511,0.1684655855074036,0.009197268235559492,662.0,1226.0,386364283.0,172860990.0,3106.0,18437.0,1666908.0,927788.0
4.1,sysbench,none,2,0.44756671263418557,12.4,1.17967365482143e-06,640.0,1096.0,173005831.0,386547583.0,20316.16,0.44756671263418557,0.583941605839416,1.17967365482143e-06,0.5500231322098103,0.20593272590258271,0.00839203267325084,640.0,1096.0,386547583.0,173005831.0,3006.0,14597.0,1381191.0,759687.0
4.2,sysbench,none,2,0.4479528563247646,13.399999999999999,1.1171969708830565e-06,632.0,1062.0,172413400.0,384891842.0,21954.559999999998,0.4479528563247646,0.5951035781544256,1.1171969708830565e-06,0.5785944419245176,0.16107593280653096,0.009370426137824933,632.0,1062.0,384891842.0,172413400.0,3078.0,19109.0,1710808.0,989864.0
4.3,sysbench,none,2,0.4474478135307906,14.299999999999999,1.1219754871730543e-06,631.0,1063.0,172283136.0,385035150.0,23429.12,0.4474478135307906,0.5936030103480715,1.1219754871730543e-06,0.5275710736050232,0.16315870333384544,0.008813445236743022,631.0,1063.0,385035150.0,172283136.0,3186.0,19527.0,1854099.0,978169.0
4.4,sysbench,none,2,0.44743982620459966,13.5,1.0097435357830547e-06,640.0,1030.0,172817677.0,386236689.0,22118.4,0.44743982620459966,0.6213592233009708,1.0097435357830547e-06,0.539416414824147,0.18486122792262405,0.008542764652063621,640.0,1030.0,386236689.0,172817677.0,3297.0,17835.0,1701791.0,917974.0
4.5,sysbench,none,2,0.4473580011897729,16.7,1.1358040854748482e-06,615.0,1053.0,172514615.0,385629886.0,27361.28,0.4473580011897729,0.584045584045584,1.1358040854748482e-06,0.5738689042378107,0.1601003764115433,0.009279776242885599,615.0,1053.0,385629886.0,172514615.0,3190.0,19925.0,1803384.0,1034906.0
4.6,sysbench,none,2,0.4479022870169902,14.6,9.606212305909068e-07,675.0,1046.0,172983631.0,386208412.0,23920.64,0.4479022870169902,0.6453154875717018,9.606212305909068e-07,0.52791017840686,0.17891321086789133,0.008451059821434636,675.0,1046.0,386208412.0,172983631.0,3253.0,18182.0,1766524.0,932566.0
4.7,sysbench,none,2,0.4482656164273792,12.6,1.2340266439960364e-06,662.0,1139.0,173272352.0,386539466.0,20643.84,0.4482656164273792,0.5812115891132572,1.2340266439960364e-06,0.5676399153291566,0.14385823600483286,0.009061280650768578,662.0,1139.0,386539466.0,173272352.0,1786.0,12415.0,1173013.0,665849.0
4.8,sysbench,none,2,0.4481501771732819,17.6,1.0015155803294453e-06,645.0,1032.0,173171663.0,386414358.0,28835.84,0.4481501771732819,0.625,1.0015155803294453e-06,0.5253564651975807,0.22192903270606207,0.007974827870404242,645.0,1032.0,386414358.0,173171663.0,3196.0,14401.0,1405046.0,738150.0
4.9,sysbench,none,2,0.44772213577428277,12.0,9.980679447268006e-07,577.0,963.0,173155290.0,386747217.0,19660.8,0.44772213577428277,0.5991692627206646,9.980679447268006e-07,0.5658243517708627,0.18734449599892408,0.008958089336278594,577.0,963.0,386747217.0,173155290.0,2786.0,14871.0,1349060.0,763331.0
5.0,sysbench,none,2,0.44829307623513315,13.5,1.4169931355500004e-06,704.0,1252.0,173370357.0,386734407.0,22118.4,0.44829307623513315,0.5623003194888179,1.4169931355500004e-06,0.5584243764715782,0.20438116100766704,0.008185993956668925,704.0,1252.0,386734407.0,173370357.0,2799.0,13695.0,1331054.0,743293.0
5.1,sysbench,none,2,0.44759277383714063,14.100000000000001,1.020263946477948e-06,635.0,1029.0,172848951.0,386174579.0,23101.440000000002,0.44759277383714063,0.6171039844509232,1.020263946477948e-06,0.5173030976383537,0.1785375118708452,0.008262597775068686,635.0,1029.0,386174579.0,172848951.0,3008.0,16848.0,1675018.0,866492.0
5.2,sysbench,none,2,0.44775491160824965,13.900000000000002,1.1165941771130154e-06,653.0,1083.0,172430249.0,385099626.0,22773.760000000002,0.44775491160824965,0.602954755309326,1.1165941771130154e-06,0.566288927751838,0.1602787456445993,0.009303051562033211,653.0,1083.0,385099626.0,172430249.0,3174.0,19803.0,1787478.0,1012229.0
5.5,sysbench,none,2,0.4474711679507855,15.700000000000001,1.1259717064480514e-06,560.0,994.0,172475459.0,385444854.0,25722.88,0.4474711679507855,0.5633802816901409,1.1259717064480514e-06,0.6077257060156532,0.13689182805857344,0.009665331547532146,560.0,994.0,385444854.0,172475459.0,2898.0,21170.0,1890468.0,1148886.0
5.6,sysbench,none,2,0.44748858700646504,12.8,1.16841844933146e-06,633.0,1084.0,172726948.0,385991851.0,20971.52,0.44748858700646504,0.5839483394833949,1.16841844933146e-06,0.5885292185556348,0.1376243263374666,0.00982471062977583,633.0,1084.0,385991851.0,172726948.0,3141.0,22823.0,2003316.0,1179010.0
5.7,sysbench,none,2,0.44813130307888155,13.200000000000001,9.985667127015407e-07,795.0,1181.0,173226967.0,386554043.0,21626.88,0.44813130307888155,0.6731583403895004,9.985667127015407e-07,0.5768375210524198,0.16503170559861255,0.009394165933922536,795.0,1181.0,386554043.0,173226967.0,3045.0,18451.0,1639954.0,945987.0
5.8,sysbench,none,2,0.44820633647787833,14.1,1.0533558458856752e-06,641.0,1048.0,173179823.0,386384147.0,23101.44,0.44820633647787833,0.6116412213740458,1.0533558458856752e-06,0.5451272401002786,0.180816008627404,0.00865161813669721,641.0,1048.0,386384147.0,173179823.0,3018.0,16691.0,1580398.0,861518.0
5.9,sysbench,none,2,0.447613047989863,14.299999999999999,9.705964006361666e-07,600.0,975.0,172939950.0,386360386.0,23429.12,0.447613047989863,0.6153846153846154,9.705964006361666e-07,0.5087627372074761,0.2131043704694208,0.007588874537530686,600.0,975.0,386360386.0,172939950.0,3028.0,14209.0,1473341.0,749581.0
6.0,sysbench,none,2,0.44781457591967344,13.200000000000001,1.4597826766657984e-06,686.0,1250.0,173017138.0,386358880.0,21626.88,0.44781457591967344,0.5488,1.4597826766657984e-06,0.47347615095430673,0.23965014577259475,0.006698382716293991,686.0,1250.0,386358880.0,173017138.0,2877.0,12005.0,1362717.0,645214.0
6.1,sysbench,none,2,0.44745956079155164,11.799999999999999,1.0141040137512505e-06,638.0,1030.0,172964652.0,386548120.0,19333.12,0.44745956079155164,0.6194174757281553,1.0141040137512505e-06,0.5350562725055136,0.19468739876903143,0.008259635632453523,638.0,1030.0,386548120.0,172964652.0,3005.0,15435.0,1504909.0,805211.0
6.2,sysbench,none,2,0.44747238538423506,14.8,9.861838158160864e-07,759.0,1140.0,172875458.0,386337713.0,24248.32,0.44747238538423506,0.6657894736842105,9.861838158160864e-07,0.4840874558142437,0.21799492724602856,0.007383566711432744,759.0,1140.0,386337713.0,172875458.0,3266.0,14982.0,1586767.0,768134.0
6.3,sysbench,none,2,0.4476742027508635,15.5,1.1484142176961333e-06,621.0,1062.0,171910379.0,384007785.0,25395.2,0.4476742027508635,0.5847457627118644,1.1484142176961333e-06,0.5351004223039524,0.17305446977003908,0.008672883741830239,621.0,1062.0,384007785.0,171910379.0,3409.0,19699.0,1878268.0,1005062.0
6.4,sysbench,none,2,0.4476303236850559,11.899999999999999,9.779307192432852e-07,634.0,1012.0,173022750.0,386530449.0,19496.96,0.4476303236850559,0.6264822134387352,9.779307192432852e-07,0.551984217664263,0.18268268268268267,0.008832266709575006,634.0,1012.0,386530449.0,173022750.0,2920.0,15984.0,1479122.0,816452.0
6.5,sysbench,none,2,0.4476351561779235,17.200000000000003,1.1213933856900657e-06,622.0,1054.0,172444737.0,385235017.0,28180.480000000003,0.4476351561779235,0.5901328273244781,1.1213933856900657e-06,0.5792852108836825,0.15816943193055708,0.009333691501485972,622.0,1054.0,385235017.0,172444737.0,2879.0,18202.0,1641687.0,951005.0
6.6,sysbench,none,2,0.44730013654373996,13.900000000000002,1.0345261168588134e-06,652.0,1052.0,172948804.0,386650461.0,22773.760000000002,0.44730013654373996,0.6197718631178707,1.0345261168588134e-06,0.5572009255140759,0.16316493171616847,0.009149161879344872,652.0,1052.0,386650461.0,172948804.0,3417.0,20942.0,1915476.0,1067305.0
6.7,sysbench,none,2,0.44744194972769286,15.0,1.3458968629760858e-06,697.0,1217.0,172873435.0,386359471.0,24576.0,0.44744194972769286,0.5727198027937551,1.3458968629760858e-06,0.538561318268681,0.19848098261437133,0.00837558950930752,697.0,1217.0,386359471.0,172873435.0,3345.0,16853.0,1612782.0,868582.0
6.8,sysbench,none,2,0.4480135956030133,14.9,7.583146300507986e-07,724.0,1017.0,173104907.0,386383156.0,24412.16,0.4480135956030133,0.711897738446411,7.583146300507986e-07,0.5672296291152106,0.20013695219123506,0.008579991105496029,724.0,1017.0,386383156.0,173104907.0,3215.0,16064.0,1497554.0,849457.0
6.9,sysbench,none,2,0.4482178624270731,11.400000000000002,9.884345728776392e-07,619.0,1001.0,173222617.0,386469687.0,18677.760000000002,0.4482178624270731,0.6183816183816184,9.884345728776392e-07,0.542032763863637,0.18698979591836734,0.008508672865957032,619.0,1001.0,386469687.0,173222617.0,2932.0,15680.0,1498236.0,812093.0
7.0,sysbench,none,2,0.4475304869256767,9.0,1.4302516324718848e-06,702.0,1255.0,173035537.0,386645250.0,14745.599999999999,0.4475304869256767,0.5593625498007968,1.4302516324718848e-06,0.521547268570895,0.2209572000843348,0.00784289586459702,702.0,1255.0,386645250.0,173035537.0,3144.0,14229.0,1413381.0,737145.0
7.1,sysbench,none,2,0.44723260080156707,10.2,9.494101596655401e-07,580.0,947.0,172880354.0,386555796.0,16711.68,0.44723260080156707,0.6124604012671595,9.494101596655401e-07,0.4914197879825639,0.21760513186029937,0.0073264351690246025,580.0,947.0,386555796.0,172880354.0,3053.0,14030.0,1498273.0,736281.0
7.2,sysbench,none,2,0.44791518332735036,10.3,1.0286400411941057e-06,777.0,1174.0,172871287.0,385946477.0,16875.52,0.44791518332735036,0.661839863713799,1.0286400411941057e-06,0.49659253363804884,0.20291298394124238,0.007987555231767592,777.0,1174.0,385946477.0,172871287.0,3260.0,16066.0,1603244.0,796159.0
7.3,sysbench,none,2,0.4472095058459808,12.7,9.633830906456083e-07,641.0,1013.0,172685132.0,386139225.0,20807.68,0.4472095058459808,0.6327739387956565,9.633830906456083e-07,0.5350047579158345,0.19601000790097445,0.007814244822446869,641.0,1013.0,386139225.0,172685132.0,2977.0,15188.0,1562659.0,836030.0
7.6,sysbench,none,2,0.4474131496422154,12.8,1.229866878119357e-06,601.0,1075.0,172436413.0,385407566.0,20971.52,0.4474131496422154,0.5590697674418604,1.229866878119357e-06,0.5686583646379638,0.15026299578259014,0.009515829379459882,601.0,1075.0,385407566.0,172436413.0,3171.0,21103.0,1884439.0,1071602.0
7.7,sysbench,none,2,0.4473105421861397,90.9,9.76628965757671e-07,639.0,1016.0,172671588.0,386021727.0,148930.56,0.4473105421861397,0.6289370078740157,9.76628965757671e-07,0.51584306901506,0.18290522586359612,0.008448720957521708,639.0,1016.0,386021727.0,172671588.0,3304.0,18064.0,1747010.0,901183.0
7.9,sysbench,none,2,0.44811631446420924,13.200000000000001,1.3607901496819751e-06,719.0,1245.0,173214938.0,386540129.0,21626.88,0.44811631446420924,0.5775100401606426,1.3607901496819751e-06,0.515952901381155,0.18173231846213678,0.008183140552439775,719.0,1245.0,386540129.0,173214938.0,3271.0,17999.0,1799798.0,928611.0
8.0,sysbench,none,2,0.4475703726017663,14.0,2.0483075069421372e-06,756.0,1547.0,172839363.0,386172485.0,22937.6,0.4475703726017663,0.48868778280542985,2.0483075069421372e-06,0.49512162326961623,0.21088917525773196,0.007659185926159869,756.0,1547.0,386172485.0,172839363.0,3273.0,15520.0,1598995.0,791697.0
8.1,sysbench,none,2,0.4476435478754496,14.0,1.0006653079734819e-06,683.0,1070.0,173122873.0,386742697.0,22937.6,0.4476435478754496,0.6383177570093458,1.0006653079734819e-06,0.534102045170459,0.18852073786864057,0.008324965978112686,683.0,1070.0,386742697.0,173122873.0,3209.0,17022.0,1659226.0,886196.0
8.2,sysbench,none,2,0.44736991310144986,14.100000000000001,1.444630280510075e-06,745.0,1303.0,172800207.0,386257998.0,23101.440000000002,0.44736991310144986,0.5717574827321565,1.444630280510075e-06,0.5064898117774145,0.20804306523115895,0.007521324956123099,745.0,1303.0,386257998.0,172800207.0,3285.0,15790.0,1662606.0,842093.0
8.3,sysbench,none,2,0.44759832138220873,15.600000000000001,1.2067499073891122e-06,678.0,1141.0,171732371.0,383675190.0,25559.04,0.44759832138220873,0.5942156003505696,1.2067499073891122e-06,0.5300519622413449,0.18333068404599162,0.008287396790643355,678.0,1141.0,383675190.0,171732371.0,3460.0,18873.0,1859812.0,985797.0
8.4,sysbench,none,2,0.44813746657148623,16.6,1.047817454841726e-06,646.0,1051.0,173213066.0,386517707.0,27197.440000000002,0.44813746657148623,0.6146527117031398,1.047817454841726e-06,0.5076311399443929,0.2156886815615026,0.007894964473277727,646.0,1051.0,386517707.0,173213066.0,3514.0,16292.0,1618500.0,821601.0
8.5,sysbench,none,2,0.44741393967481946,17.799999999999997,1.2021970503463179e-06,620.0,1084.0,172683894.0,385960022.0,29163.519999999997,0.44741393967481946,0.5719557195571956,1.2021970503463179e-06,0.49576581138870135,0.18422489082969432,0.00808586107792725,620.0,1084.0,385960022.0,172683894.0,3375.0,18320.0,1848288.0,916318.0
8.6,sysbench,none,2,0.4476242749415861,14.5,1.0192310717465906e-06,645.0,1039.0,173036291.0,386565923.0,23756.8,0.4476242749415861,0.6207892204042348,1.0192310717465906e-06,0.5198568537787727,0.19012659691311637,0.008360340834566101,645.0,1039.0,386565923.0,173036291.0,3289.0,17299.0,1675769.0,871160.0
8.7,sysbench,none,2,0.4478589287992907,14.7,2.6576900018005203e-06,834.0,1860.0,172895733.0,386049539.0,24084.48,0.4478589287992907,0.4483870967741935,2.6576900018005203e-06,0.5782322888531914,0.15623837857939754,0.009460573732639633,834.0,1860.0,386049539.0,172895733.0,3361.0,21512.0,1918594.0,1109393.0
8.8,sysbench,none,2,0.44721197112721167,12.4,9.237849806773422e-07,604.0,961.0,172826661.0,386453566.0,20316.16,0.44721197112721167,0.6285119667013528,9.237849806773422e-07,0.591583183147091,0.17158092848180678,0.008983395514878501,604.0,961.0,386453566.0,172826661.0,3282.0,19128.0,1763921.0,1043506.0
8.9,sysbench,none,2,0.44772789198460566,13.0,1.5178342485955737e-06,688.0,1275.0,173152156.0,386735245.0,21299.2,0.44772789198460566,0.5396078431372549,1.5178342485955737e-06,0.5477390118371278,0.17347870454911649,0.008863446820470997,688.0,1275.0,386735245.0,173152156.0,3230.0,18619.0,1736232.0,951002.0
9.0,sysbench,none,2,0.4476290529282883,13.5,1.1093040401768513e-06,648.0,1077.0,173111119.0,386728962.0,22118.4,0.4476290529282883,0.6016713091922006,1.1093040401768513e-06,0.5699029415251807,0.14838946499036432,0.009693834648042247,648.0,1077.0,386728962.0,173111119.0,3234.0,21794.0,1914619.0,1091147.0
9.1,sysbench,none,2,0.4481218104013171,12.9,1.047233558791255e-06,642.0,1047.0,173303588.0,386733214.0,21135.36,0.4481218104013171,0.6131805157593123,1.047233558791255e-06,0.49658023146938146,0.1790345258553351,0.008000690195919216,642.0,1047.0,386733214.0,173303588.0,3438.0,19203.0,1970455.0,978489.0
9.2,sysbench,none,2,0.4477438934884525,13.0,1.0966039254884438e-06,597.0,1020.0,172711097.0,385736354.0,21299.2,0.4477438934884525,0.5852941176470589,1.0966039254884438e-06,0.5802844428068055,0.1506353770522215,0.009865697442966798,597.0,1020.0,385736354.0,172711097.0,3248.0,21562.0,1856331.0,1077200.0
9.3,sysbench,none,2,0.4473409450305663,13.4,1.0249817295712532e-06,631.0,1027.0,172829436.0,386348350.0,21954.56,0.4473409450305663,0.6144109055501461,1.0249817295712532e-06,0.5655396842654481,0.1713622454363195,0.009034957681353506,631.0,1027.0,386348350.0,172829436.0,3248.0,18954.0,1738359.0,983111.0
9.4,sysbench,none,2,0.4473141924148777,13.200000000000001,1.071181282689736e-06,602.0,1015.0,172464516.0,385555654.0,21626.88,0.4473141924148777,0.593103448275862,1.071181282689736e-06,0.5257640427588576,0.208885754583921,0.007961573237531388,602.0,1015.0,385555654.0,172464516.0,2962.0,14180.0,1409018.0,740811.0
9.7,sysbench,none,2,0.4472570536068367,15.9,1.004514573277368e-06,624.0,1012.0,172755818.0,386256218.0,26050.56,0.4472570536068367,0.616600790513834,1.004514573277368e-06,0.5445851653660885,0.17714125245717496,0.008793157050070161,624.0,1012.0,386256218.0,172755818.0,3154.0,17805.0,1666182.0,907378.0
9.8,sysbench,none,2,0.4474032481027842,14.6,1.0453760021730573e-06,663.0,1067.0,172905167.0,386463817.0,23920.64,0.4474032481027842,0.6213683223992502,1.0453760021730573e-06,0.5244086869530199,0.2175162001469704,0.007848437314685952,663.0,1067.0,386463817.0,172905167.0,3256.0,14969.0,1492399.0,782627.0
9.9,sysbench,none,2,0.44736795683120617,12.5,9.932432609647499e-07,624.0,1008.0,172957927.0,386612238.0,20480.0,0.44736795683120617,0.6190476190476191,9.932432609647499e-07,0.5441765630630929,0.18196842765145038,0.008635870569032516,624.0,1008.0,386612238.0,172957927.0,3193.0,17547.0,1662137.0,904496.0
10.0,sysbench,none,2,0.4472882205373152,12.6,1.6150415194045583e-06,721.0,1345.0,172817755.0,386367776.0,20643.84,0.4472882205373152,0.5360594795539033,1.6150415194045583e-06,0.5305109833815003,0.19300885467909024,0.008315809938657185,721.0,1345.0,386367776.0,172817755.0,3335.0,17279.0,1676806.0,889564.0
10.1,sysbench,none,2,0.4482748557238743,13.5,1.487528091062548e-06,673.0,1248.0,173279445.0,386547322.0,22118.4,0.4482748557238743,0.5392628205128205,1.487528091062548e-06,0.5631876980499334,0.17761282340917647,0.009052273340880348,673.0,1248.0,386547322.0,173279445.0,3302.0,18591.0,1688968.0,951206.0
10.2,sysbench,none,2,0.4476755996224224,18.799999999999997,1.0828343261020078e-06,680.0,1098.0,172813510.0,386023965.0,30801.92,0.4476755996224224,0.6193078324225865,1.0828343261020078e-06,0.5176654242752832,0.19950576606260295,0.007512585397228533,680.0,1098.0,386023965.0,172813510.0,3633.0,18210.0,1940344.0,1004449.0
10.3,sysbench,none,2,0.44739917026499776,12.5,1.2236975404404305e-06,570.0,1041.0,172203508.0,384899033.0,20480.0,0.44739917026499776,0.547550432276657,1.2236975404404305e-06,0.6165587273496355,0.12785986166250563,0.009861707474423612,570.0,1041.0,384899033.0,172203508.0,3124.0,24433.0,2160782.0,1332249.0
10.4,sysbench,none,2,0.44773934416806377,13.100000000000001,1.2007716252030176e-06,605.0,1067.0,172268875.0,384752596.0,21463.04,0.44773934416806377,0.5670103092783505,1.2007716252030176e-06,0.581126633162278,0.166800406569304,0.009172091401731126,605.0,1067.0,384752596.0,172268875.0,3118.0,18693.0,1698086.0,986803.0
10.5,sysbench,none,2,0.44748993102303297,13.700000000000001,1.0921136939643209e-06,579.0,1000.0,172503341.0,385491000.0,22446.08,0.44748993102303297,0.579,1.0921136939643209e-06,0.5464618770179838,0.17618336397058823,0.008622690404468576,579.0,1000.0,385491000.0,172503341.0,3067.0,17408.0,1663170.0,908859.0
10.6,sysbench,none,2,0.44797869540130425,9.1,1.0457357635442138e-06,624.0,1028.0,173067996.0,386330863.0,14909.439999999999,0.44797869540130425,0.6070038910505836,1.0457357635442138e-06,0.5144023930225441,0.18224412802726056,0.008341935559959952,624.0,1028.0,386330863.0,173067996.0,2995.0,16434.0,1611017.0,828711.0
10.7,sysbench,none,2,0.44832221457519744,10.2,1.3109776325573119e-06,680.0,1187.0,173381572.0,386734287.0,16711.68,0.44832221457519744,0.5728727885425442,1.3109776325573119e-06,0.5218375852639234,0.18543765458164926,0.008510163604633794,680.0,1187.0,386734287.0,173381572.0,3074.0,16577.0,1586691.0,827995.0
10.8,sysbench,none,2,0.44759529212654364,9.0,1.2290217024248717e-06,749.0,1224.0,172989430.0,386486259.0,14745.599999999999,0.44759529212654364,0.6119281045751634,1.2290217024248717e-06,0.5157888653695553,0.21270480022995114,0.008117257173170375,749.0,1224.0,386486259.0,172989430.0,2960.0,13916.0,1349717.0,696169.0
10.9,sysbench,none,2,0.4481929992734375,13.0,1.666552410352219e-06,659.0,1303.0,173193648.0,386426491.0,21299.2,0.4481929992734375,0.5057559478127398,1.666552410352219e-06,0.5002538209694676,0.18478626725008415,0.007781701114563219,659.0,1303.0,386426491.0,173193648.0,3294.0,17826.0,1867458.0,934203.0
11.0,sysbench,none,2,0.44732811473425815,12.7,1.0601607535196503e-06,614.0,1024.0,172996903.0,386733803.0,20807.68,0.44732811473425815,0.599609375,1.0601607535196503e-06,0.5290251683886206,0.2019607843137255,0.007911592329448814,614.0,1024.0,386733803.0,172996903.0,3296.0,16320.0,1646192.0,870877.0
11.1,sysbench,none,2,0.44808108134838776,12.2,8.953585137371622e-07,644.0,990.0,173155280.0,386437382.0,19988.48,0.44808108134838776,0.6505050505050505,8.953585137371622e-07,0.5429788143136905,0.20818505338078291,0.008239273633612248,644.0,990.0,386437382.0,173155280.0,3042.0,14612.0,1404250.0,762478.0
11.2,sysbench,none,2,0.4479581129749997,13.100000000000001,1.0818726794720723e-06,653.0,1071.0,173076273.0,386367091.0,21463.04,0.4479581129749997,0.6097105508870215,1.0818726794720723e-06,0.5475808596053616,0.1712162731871838,0.008841388514571398,653.0,1071.0,386367091.0,173076273.0,3249.0,18976.0,1778793.0,974033.0
11.3,sysbench,none,2,0.4475199792791764,14.399999999999999,1.199769558213831e-06,596.0,1059.0,172701290.0,385907441.0,23592.96,0.4475199792791764,0.562795089707271,1.199769558213831e-06,0.5574878770667168,0.20062854256692295,0.00820522982592977,596.0,1059.0,385907441.0,172701290.0,3575.0,17819.0,1735966.0,967780.0
11.4,sysbench,none,2,0.44773306504690946,13.100000000000001,1.0581974277957872e-06,593.0,1002.0,173051662.0,386506326.0,21463.04,0.44773306504690946,0.591816367265469,1.0581974277957872e-06,0.5468808781874152,0.17715604268820306,0.00898856579316342,593.0,1002.0,386506326.0,173051662.0,3071.0,17335.0,1586905.0,867848.0
11.5,sysbench,none,2,0.4476506711056192,14.0,1.1243731574205048e-06,558.0,991.0,172391825.0,385103466.0,22937.6,0.4476506711056192,0.5630676084762866,1.1243731574205048e-06,0.597220732209537,0.14078685258964144,0.009951169881056614,558.0,991.0,385103466.0,172391825.0,2827.0,20080.0,1733766.0,1035441.0
11.7,sysbench,none,2,0.44725442918819697,13.599999999999998,1.098153111593014e-06,631.0,1055.0,172686191.0,386102808.0,22282.239999999998,0.44725442918819697,0.5981042654028436,1.098153111593014e-06,0.538211777868174,0.1793729283269032,0.008567971038419707,631.0,1055.0,386102808.0,172686191.0,3301.0,18403.0,1762611.0,948658.0
11.8,sysbench,none,2,0.4480960748967956,13.3,1.1234204572473466e-06,618.0,1052.0,173108559.0,386320186.0,21790.72,0.4480960748967956,0.5874524714828897,1.1234204572473466e-06,0.557872255694924,0.18116736908954448,0.008506251192002698,618.0,1052.0,386320186.0,173108559.0,3138.0,17321.0,1667362.0,930175.0
11.9,sysbench,none,2,0.44735924964129753,12.5,9.414254450610776e-07,652.0,1016.0,172970433.0,386647718.0,20480.0,0.44735924964129753,0.6417322834645669,9.414254450610776e-07,0.5558710324366641,0.19861881714083343,0.008530441808652206,652.0,1016.0,386647718.0,172970433.0,3365.0,16942.0,1591594.0,884721.0
12.0,sysbench,none,2,0.4478251991537954,12.4,1.7256831414246907e-06,644.0,1311.0,173090529.0,386513598.0,20316.16,0.4478251991537954,0.49122807017543857,1.7256831414246907e-06,0.5155878879246811,0.20301123040849067,0.008032922793511716,644.0,1311.0,386513598.0,173090529.0,3290.0,16206.0,1607883.0,829005.0
12.1,sysbench,none,2,0.4481859460342888,12.6,1.1693093415649882e-06,614.0,1066.0,173247609.0,386552971.0,20643.84,0.4481859460342888,0.575984990619137,1.1693093415649882e-06,0.5996334897912031,0.16168599464763603,0.009517871328963486,614.0,1066.0,386552971.0,173247609.0,2900.0,17936.0,1579765.0,947280.0
12.2,sysbench,none,2,0.44726628525115614,21.5,1.0394573376959958e-06,808.0,1210.0,172975879.0,386740259.0,35225.6,0.44726628525115614,0.6677685950413224,1.0394573376959958e-06,0.5564354190549375,0.18631331383009236,0.008934757687607866,808.0,1210.0,386740259.0,172975879.0,3248.0,17433.0,1587620.0,883408.0
12.3,sysbench,none,2,0.44794994867281585,14.8,9.741027579652212e-07,676.0,1052.0,172906995.0,385996238.0,24248.32,0.44794994867281585,0.6425855513307985,9.741027579652212e-07,0.5951893044298827,0.1432027417512264,0.009094144726002335,676.0,1052.0,385996238.0,172906995.0,2131.0,14881.0,1402001.0,834456.0
12.4,sysbench,none,2,0.44766824834004054,15.700000000000001,1.2296515928573975e-06,619.0,1092.0,172200876.0,384661804.0,25722.88,0.44766824834004054,0.5668498168498168,1.2296515928573975e-06,0.5980951275004408,0.13979611713525095,0.009496406590712617,619.0,1092.0,384661804.0,172200876.0,2153.0,15401.0,1395054.0,834375.0
12.5,sysbench,none,2,0.4477383830061403,16.7,1.2306611000021998e-06,608.0,1083.0,172814215.0,385971410.0,27361.28,0.4477383830061403,0.5614035087719298,1.2306611000021998e-06,0.5790261688937767,0.14316675697078315,0.009612624062140251,608.0,1083.0,385971410.0,172814215.0,3435.0,23993.0,2138646.0,1238332.0
12.6,sysbench,none,2,0.447616185757513,30.4,1.0159929339764898e-06,659.0,1051.0,172703509.0,385829455.0,49807.36,0.447616185757513,0.6270218839200761,1.0159929339764898e-06,0.5571463205142414,0.17716768714201067,0.00865704311204699,659.0,1051.0,385829455.0,172703509.0,2691.0,15189.0,1443680.0,804341.0
12.7,sysbench,none,2,0.44814726754266293,13.900000000000002,1.5616436372313952e-06,803.0,1406.0,173043834.0,386131628.0,22773.760000000002,0.44814726754266293,0.5711237553342816,1.5616436372313952e-06,0.5673855952697755,0.1628064778793088,0.008987174083217921,803.0,1406.0,386131628.0,173043834.0,3599.0,22106.0,2059268.0,1168399.0
12.9,sysbench,none,2,0.44719293717042224,12.9,9.777990164231745e-07,656.0,1034.0,172876969.0,386582512.0,21135.36,0.44719293717042224,0.6344294003868471,9.777990164231745e-07,0.5186585230082515,0.19666876178504086,0.008272898861044296,656.0,1034.0,386582512.0,172876969.0,3129.0,15910.0,1544924.0,801288.0
13.0,sysbench,none,2,0.44775465395925257,14.7,1.5517738602436306e-06,656.0,1256.0,173126252.0,386654277.0,24084.48,0.44775465395925257,0.5222929936305732,1.5517738602436306e-06,0.5215392372293622,0.20981478977964038,0.00784831865382201,656.0,1256.0,386654277.0,173126252.0,3104.0,14794.0,1489491.0,776828.0
13.1,sysbench,none,2,0.44808642342149296,12.9,9.472070697630921e-07,650.0,1016.0,173140210.0,386399143.0,21135.36,0.44808642342149296,0.639763779527559,9.472070697630921e-07,0.5280784465726316,0.2168819655521783,0.007910025142968251,650.0,1016.0,386399143.0,173140210.0,3425.0,15792.0,1563459.0,825629.0
13.2,sysbench,none,2,0.44726764686334924,13.200000000000001,1.0197732004731394e-06,577.0,971.0,172806515.0,386360418.0,21626.88,0.44726764686334924,0.5942327497425335,1.0197732004731394e-06,0.5722868907907405,0.1827907283893548,0.008683942390550748,577.0,971.0,386360418.0,172806515.0,2768.0,15143.0,1425044.0,815534.0
13.3,sysbench,none,2,0.447213934026892,11.200000000000001,1.1635403878330961e-06,592.0,1041.0,172575923.0,385891203.0,18350.08,0.447213934026892,0.5686839577329491,1.1635403878330961e-06,0.5696699423200171,0.18672022396689186,0.008703450899067844,592.0,1041.0,385891203.0,172575923.0,3068.0,16431.0,1535368.0,874653.0
13.4,sysbench,none,2,0.44751798714005203,13.799999999999999,1.0123651784615463e-06,619.0,1010.0,172842307.0,386224268.0,22609.92,0.44751798714005203,0.6128712871287129,1.0123651784615463e-06,0.5696421856904357,0.16023609137610667,0.009244513965136042,619.0,1010.0,386224268.0,172842307.0,2932.0,18298.0,1662175.0,946845.0
13.5,sysbench,none,2,0.4474375405219744,11.799999999999999,1.1360937610399522e-06,576.0,1014.0,172501293.0,385531560.0,19333.12,0.4474375405219744,0.5680473372781065,1.1360937610399522e-06,0.5621081247722878,0.1738170505293793,0.009229001429332138,576.0,1014.0,385531560.0,172501293.0,3464.0,19929.0,1784050.0,1002829.0
13.6,sysbench,none,2,0.4474047288166507,16.2,1.01299955645646e-06,637.0,1028.0,172690351.0,385982400.0,26542.079999999998,0.4474047288166507,0.6196498054474708,1.01299955645646e-06,0.5795431607775104,0.1806615776081425,0.009222434984697468,637.0,1028.0,385982400.0,172690351.0,2982.0,16506.0,1466424.0,849856.0
13.8,sysbench,none,2,0.4475825631613597,12.9,1.1512840900134646e-06,644.0,1089.0,173001818.0,386524928.0,21135.36,0.4475825631613597,0.5913682277318641,1.1512840900134646e-06,0.51395515692933,0.19230542973116066,0.0081683209549261,644.0,1089.0,386524928.0,173001818.0,3269.0,16999.0,1680884.0,863899.0
13.9,sysbench,none,2,0.4473699195413673,11.7,1.0713608793879158e-06,602.0,1016.0,172874659.0,386424414.0,19169.28,0.4473699195413673,0.59251968503937,1.0713608793879158e-06,0.5388910397869534,0.17329000639249947,0.008797015624211717,602.0,1016.0,386424414.0,172874659.0,3253.0,18772.0,1764121.0,950669.0
14.0,sysbench,none,2,0.44819786354283225,11.6,1.7294715948284253e-06,607.0,1275.0,173114247.0,386245141.0,19005.44,0.44819786354283225,0.476078431372549,1.7294715948284253e-06,0.626157030235985,0.139129568768051,0.010690220439419508,607.0,1275.0,386245141.0,173114247.0,2794.0,20082.0,1617179.0,1012608.0
14.1,sysbench,none,2,0.4471867434101405,10.8,9.519802485207558e-07,612.0,980.0,172865689.0,386562642.0,17694.72,0.4471867434101405,0.6244897959183674,9.519802485207558e-07,0.5528542300049198,0.18860353130016053,0.00872632098227713,612.0,980.0,386562642.0,172865689.0,3055.0,16198.0,1506133.0,832672.0
14.2,sysbench,none,2,0.44800343059943604,9.0,1.2891307084105622e-06,585.0,1083.0,173066786.0,386306832.0,14745.599999999999,0.44800343059943604,0.5401662049861495,1.2891307084105622e-06,0.5395177427287489,0.18362603305785125,0.008518665741408235,585.0,1083.0,386306832.0,173066786.0,2844.0,15488.0,1484270.0,800790.0
14.3,sysbench,none,2,0.4475110379498308,11.600000000000001,8.698362217996832e-07,735.0,1071.0,172864391.0,386279614.0,19005.440000000002,0.4475110379498308,0.6862745098039216,8.698362217996832e-07,0.5015967692753925,0.23152450906910507,0.007625372790218581,735.0,1071.0,386279614.0,172864391.0,3089.0,13342.0,1344590.0,674442.0
14.4,sysbench,none,2,0.44787606317737594,8.100000000000001,1.2769656240360875e-06,692.0,1184.0,172561437.0,385288367.0,13271.04,0.44787606317737594,0.5844594594594594,1.2769656240360875e-06,0.5564802565801087,0.18224751755873092,0.008797143956995214,692.0,1184.0,385288367.0,172561437.0,3010.0,16516.0,1535271.0,854348.0
14.5,sysbench,none,2,0.447560795666519,13.900000000000002,1.20228740644018e-06,548.0,1010.0,171983077.0,384267520.0,22773.760000000002,0.447560795666519,0.5425742574257426,1.20228740644018e-06,0.5566184459681957,0.1480342741935484,0.008963100321712889,548.0,1010.0,384267520.0,171983077.0,2937.0,19840.0,1885843.0,1049695.0
14.6,sysbench,none,2,0.44764305666011417,13.0,9.203004871824502e-07,618.0,973.0,172675433.0,385743575.0,21299.2,0.44764305666011417,0.6351490236382322,9.203004871824502e-07,0.5438837733499724,0.1955008379528168,0.008672251297259289,618.0,973.0,385743575.0,172675433.0,3033.0,15514.0,1439188.0,782751.0
14.7,sysbench,none,2,0.44776425816076204,12.3,1.2781887086915639e-06,674.0,1168.0,173053902.0,386484403.0,20152.32,0.44776425816076204,0.577054794520548,1.2781887086915639e-06,0.5618719894581964,0.19425401969338152,0.008827395034291585,674.0,1168.0,386484403.0,173053902.0,3117.0,16046.0,1464645.0,822943.0
14.8,sysbench,none,2,0.4472386556185214,12.8,9.576106229785858e-07,676.0,1046.0,172803328.0,386378337.0,20971.52,0.4472386556185214,0.6462715105162524,9.576106229785858e-07,0.5431890910139245,0.1900604432505037,0.008498861244846771,676.0,1046.0,386378337.0,172803328.0,3113.0,16379.0,1560915.0,847872.0
14.9,sysbench,none,2,0.4478425615353915,14.0,1.2245171572224785e-06,617.0,1090.0,172990252.0,386274702.0,22937.6,0.4478425615353915,0.5660550458715596,1.2245171572224785e-06,0.5487184340104436,0.16643095262147692,0.008533948079590197,617.0,1090.0,386274702.0,172990252.0,3295.0,19798.0,1933806.0,1061115.0
15.0,sysbench,none,2,0.44732170778229163,13.200000000000001,1.528169196597315e-06,682.0,1273.0,172995981.0,386737281.0,21626.88,0.44732170778229163,0.5357423409269442,1.528169196597315e-06,0.534154930561963,0.19581444948013862,0.008434058329628668,682.0,1273.0,386737281.0,172995981.0,2938.0,15004.0,1430628.0,764177.0
15.1,sysbench,none,2,0.44818050744272203,12.7,9.96383152448685e-07,606.0,991.0,173175846.0,386397541.0,20807.68,0.44818050744272203,0.6115035317860746,9.96383152448685e-07,0.5403926993264816,0.2120822622107969,0.00824518505828334,606.0,991.0,386397541.0,173175846.0,3135.0,14782.0,1412582.0,763349.0
15.2,sysbench,none,2,0.44760938599178285,18.0,1.2485555626823305e-06,605.0,1086.0,172439354.0,385245170.0,29491.2,0.44760938599178285,0.5570902394106814,1.2485555626823305e-06,0.6402181515132567,0.08886240233081712,0.010845570945219884,605.0,1086.0,385245170.0,172439354.0,2013.0,22653.0,1903081.0,1218387.0
15.3,sysbench,none,2,0.4479805900843536,16.8,1.4089312175926287e-06,599.0,1140.0,172015139.0,383979000.0,27525.12,0.4479805900843536,0.525438596491228,1.4089312175926287e-06,0.6521000882857801,0.1354301138364042,0.009536676571128737,599.0,1140.0,383979000.0,172015139.0,3462.0,25563.0,2317474.0,1511225.0
15.4,sysbench,none,2,0.44814243652023544,12.8,9.93519911267081e-07,595.0,979.0,173209106.0,386504584.0,20971.52,0.44814243652023544,0.6077630234933605,9.93519911267081e-07,0.564578485549681,0.1887203046605815,0.008716106645503648,595.0,979.0,386504584.0,173209106.0,3122.0,16543.0,1539793.0,869334.0
15.5,sysbench,none,2,0.4473301389932138,14.8,1.2124404605733664e-06,511.0,978.0,172299739.0,385173553.0,24248.32,0.4473301389932138,0.5224948875255624,1.2124404605733664e-06,0.5568201331090712,0.17151065357912376,0.008949278285677638,511.0,978.0,385173553.0,172299739.0,3582.0,20885.0,1933452.0,1076585.0
15.6,sysbench,none,2,0.4474589325218346,14.6,1.0317076179805164e-06,623.0,1021.0,172615431.0,385768209.0,23920.64,0.4474589325218346,0.6101860920666013,1.0317076179805164e-06,0.5743094553146096,0.16458102328528434,0.009655603386723331,623.0,1021.0,385768209.0,172615431.0,3117.0,18939.0,1638634.0,941083.0
15.7,sysbench,none,2,0.4476797202341927,12.6,1.0600793782267297e-06,589.0,999.0,173146171.0,386763490.0,20643.84,0.4476797202341927,0.5895895895895896,1.0600793782267297e-06,0.552556007765344,0.16879108316661903,0.0092288028512698,589.0,999.0,386763490.0,173146171.0,2953.0,17495.0,1575719.0,870673.0
15.9,sysbench,none,2,0.44764942463344015,13.5,8.787910879032378e-07,646.0,985.0,172683994.0,385757212.0,22118.4,0.44764942463344015,0.6558375634517767,8.787910879032378e-07,0.5556096034891058,0.18208792539663315,0.008914828963590906,646.0,985.0,385757212.0,172683994.0,3007.0,16514.0,1515116.0,841813.0
16.0,sysbench,none,2,0.44756371569688697,13.200000000000001,1.602094435914636e-06,629.0,1248.0,172924850.0,386369234.0,21626.88,0.44756371569688697,0.5040064102564102,1.602094435914636e-06,0.575763556520452,0.1862921038100497,0.0086818583845955,629.0,1248.0,386369234.0,172924850.0,2699.0,14488.0,1357889.0,781823.0
16.1,sysbench,none,2,0.44808214828917103,11.899999999999999,1.0606163975004624e-06,659.0,1069.0,173214068.0,386567661.0,19496.96,0.44808214828917103,0.6164639850327409,1.0606163975004624e-06,0.5545124612979183,0.17584508618759795,0.008920788174594473,659.0,1069.0,386567661.0,173214068.0,3142.0,17868.0,1650751.0,915362.0
16.2,sysbench,none,2,0.4476182720757728,13.599999999999998,1.058937617184943e-06,720.0,1129.0,172886363.0,386236161.0,22282.239999999998,0.4476182720757728,0.6377325066430469,1.058937617184943e-06,0.5700767929695421,0.17347645429362882,0.009189746906593365,720.0,1129.0,386236161.0,172886363.0,3006.0,17328.0,1558476.0,888451.0
16.3,sysbench,none,2,0.4481762237297999,14.299999999999999,8.842515885754311e-07,661.0,1003.0,173340111.0,386767753.0,23429.12,0.4481762237297999,0.6590229312063809,8.842515885754311e-07,0.5851976905024634,0.1707452382420021,0.008711773878536387,661.0,1003.0,386767753.0,173340111.0,2770.0,16223.0,1544232.0,903681.0
16.4,sysbench,none,2,0.447363671783161,11.799999999999999,1.5735758157658267e-06,608.0,1213.0,171999988.0,384474643.0,19333.12,0.447363671783161,0.5012366034624897,1.5735758157658267e-06,0.5628474283555508,0.16328154249344815,0.009103017503413822,608.0,1213.0,384474643.0,171999988.0,3489.0,21368.0,1964074.0,1105474.0
16.5,sysbench,none,2,0.44757628049493386,32.1,1.1600458868375239e-06,613.0,1059.0,172078556.0,384467550.0,52592.64,0.44757628049493386,0.5788479697828139,1.1600458868375239e-06,0.4571854808738678,0.16353922335157675,0.006764346970217483,613.0,1059.0,384467550.0,172078556.0,3765.0,23022.0,2846838.0,1301533.0
16.6,sysbench,none,2,0.4475150142645186,14.7,1.3057456669472531e-06,581.0,1084.0,172391958.0,385220501.0,24084.48,0.4475150142645186,0.5359778597785978,1.3057456669472531e-06,0.6358854948401432,0.11790343363905101,0.010111190513943887,581.0,1084.0,385220501.0,172391958.0,3111.0,26386.0,2301905.0,1463748.0
16.7,sysbench,none,2,0.4473875379611274,13.200000000000001,1.092106790922402e-06,705.0,1127.0,172874615.0,386409098.0,21626.88,0.4473875379611274,0.6255545696539485,1.092106790922402e-06,0.5484942555922786,0.21433671283735542,0.007723313894033943,705.0,1127.0,386409098.0,172874615.0,3002.0,14006.0,1424777.0,781482.0
16.8,sysbench,none,2,0.4473451090769135,13.5,1.071379749341029e-06,630.0,1044.0,172862027.0,386417608.0,22118.4,0.4473451090769135,0.603448275862069,1.071379749341029e-06,0.5423037102407288,0.24855449022908585,0.007544222280843171,630.0,1044.0,386417608.0,172862027.0,3396.0,13663.0,1360909.0,738026.0
16.9,sysbench,none,2,0.4475805968539352,12.8,1.099696593968476e-06,583.0,1008.0,172976578.0,386470234.0,20971.52,0.4475805968539352,0.5783730158730159,1.099696593968476e-06,0.5536269159379986,0.19260038359215492,0.008416390097423747,583.0,1008.0,386470234.0,172976578.0,3113.0,16163.0,1550546.0,858424.0
17.0,sysbench,none,2,0.447120266267344,115.1,2.138517385648654e-06,707.0,1532.0,172490634.0,385781292.0,188579.84,0.447120266267344,0.4614882506527415,2.138517385648654e-06,0.5553887873713134,0.15356879455871508,0.009274865196133452,707.0,1532.0,385781292.0,172490634.0,3748.0,24406.0,2227310.0,1237023.0
17.1,sysbench,none,2,0.44789149039568316,14.299999999999999,1.4769978383632234e-06,667.0,1238.0,173152617.0,386595014.0,23429.12,0.44789149039568316,0.5387722132471728,1.4769978383632234e-06,0.5202760763987074,0.1851512373968836,0.008786345529269973,667.0,1238.0,386595014.0,173152617.0,3636.0,19638.0,1821235.0,947545.0
17.2,sysbench,none,2,0.44747103668879873,14.5,1.3715836403828185e-06,731.0,1261.0,172909360.0,386414641.0,23756.8,0.44747103668879873,0.5796986518636004,1.3715836403828185e-06,0.5561189056894247,0.18112315054177439,0.008754860953073169,731.0,1261.0,386414641.0,172909360.0,3293.0,18181.0,1700541.0,945703.0
17.3,sysbench,none,2,0.4476085187343032,14.5,1.1342650224208975e-06,604.0,1042.0,172845435.0,386153140.0,23756.8,0.4476085187343032,0.5796545105566219,1.1342650224208975e-06,0.5618940113228239,0.18854781582054309,0.008836353888709252,604.0,1042.0,386153140.0,172845435.0,3194.0,16940.0,1555619.0,874093.0
17.4,sysbench,none,2,0.44727456154766515,12.2,1.1077005494303425e-06,593.0,1021.0,172820635.0,386386014.0,19988.48,0.44727456154766515,0.5808031341821743,1.1077005494303425e-06,0.5550010258893552,0.17172774869109947,0.008991451300947058,593.0,1021.0,386386014.0,172820635.0,3280.0,19100.0,1759449.0,976496.0
17.5,sysbench,none,2,0.44734971394491957,28.6,1.1470250835285986e-06,602.0,1044.0,172383827.0,385344668.0,46858.240000000005,0.44734971394491957,0.5766283524904214,1.1470250835285986e-06,0.5506344152195435,0.1674367215749297,0.008871645305434404,602.0,1044.0,385344668.0,172383827.0,3334.0,19912.0,1868650.0,1028943.0
17.6,sysbench,none,2,0.44743467892433225,13.0,1.1017373739937781e-06,645.0,1070.0,172599880.0,385754364.0,21299.2,0.44743467892433225,0.602803738317757,1.1017373739937781e-06,0.5597828111500049,0.1764955227043925,0.009338135184858065,645.0,1070.0,385754364.0,172599880.0,3331.0,18873.0,1664358.0,931679.0
17.7,sysbench,none,2,0.4737638920706458,74.8,7.754205697440598e-05,14333.0,44104.0,181893870.0,383933586.0,122552.31999999999,0.4737638920706458,0.32498186105568655,7.754205697440598e-05,0.5612860949995,0.14076706893701438,0.009408265788260168,14333.0,44104.0,383933586.0,181893870.0,3406.0,24196.0,2209759.0,1240307.0
17.8,sysbench,none,2,0.4473287055701784,11.0,2.6374059610602993e-06,690.0,1710.0,173001535.0,386743647.0,18022.4,0.4473287055701784,0.40350877192982454,2.6374059610602993e-06,0.5204319461391904,0.17463153193389908,0.008653907905722175,690.0,1710.0,386743647.0,173001535.0,2737.0,15673.0,1494816.0,777950.0
18.0,sysbench,none,2,0.4482115464295989,9.7,1.9766533488612388e-06,834.0,1598.0,173239087.0,386511879.0,15892.48,0.4482115464295989,0.5219023779724656,1.9766533488612388e-06,0.5505544161920377,0.1883482486813252,0.008692804110087271,834.0,1598.0,386511879.0,173239087.0,3178.0,16873.0,1575441.0,867366.0
18.1,sysbench,none,2,0.4475723035872469,13.4,1.0091964318695692e-06,655.0,1045.0,172962560.0,386446075.0,21954.56,0.4475723035872469,0.6267942583732058,1.0091964318695692e-06,0.5091984732008863,0.24049151550614395,0.007396100949940277,655.0,1045.0,386446075.0,172962560.0,3288.0,13672.0,1403983.0,714906.0
18.2,sysbench,none,2,0.4475059151254824,14.8,1.5940804876909141e-06,749.0,1365.0,172929564.0,386429672.0,24248.32,0.4475059151254824,0.5487179487179488,1.5940804876909141e-06,0.5204667225415922,0.22960543282042464,0.007356773986473452,749.0,1365.0,386429672.0,172929564.0,2671.0,11633.0,1218197.0,634031.0
18.3,sysbench,none,2,0.447264523088756,12.8,9.928260201622178e-07,666.0,1050.0,172990608.0,386774714.0,20971.52,0.447264523088756,0.6342857142857142,9.928260201622178e-07,0.5573460852650348,0.19305538574397849,0.008558923650510617,666.0,1050.0,386774714.0,172990608.0,3158.0,16358.0,1542250.0,859567.0
18.4,sysbench,none,2,0.447392845341259,13.200000000000001,1.1497205794886548e-06,627.0,1070.0,172385390.0,385311012.0,21626.88,0.447392845341259,0.585981308411215,1.1497205794886548e-06,0.5790061932730352,0.18107121119902617,0.008856466010061683,627.0,1070.0,385311012.0,172385390.0,2975.0,16430.0,1519229.0,879643.0
18.5,sysbench,none,2,0.4474408907179574,11.7,9.78546491686124e-07,633.0,1011.0,172840696.0,386287216.0,19169.28,0.4474408907179574,0.6261127596439169,9.78546491686124e-07,0.5934643321960514,0.15388408020159966,0.009558489975189391,633.0,1011.0,386287216.0,172840696.0,2809.0,18254.0,1615841.0,958944.0
18.6,sysbench,none,2,0.4477315430830975,18.2,1.071445521741307e-06,654.0,1066.0,172164979.0,384527250.0,29818.88,0.4477315430830975,0.6135084427767354,1.071445521741307e-06,0.5317750571815902,0.159131273151672,0.009102364384603047,654.0,1066.0,384527250.0,172164979.0,3136.0,19707.0,1820516.0,968105.0
18.7,sysbench,none,2,0.4472249377153851,317.2,2.7346766066569845e-06,1220.0,2265.0,170897743.0,382129279.0,519700.48,0.4472249377153851,0.5386313465783664,2.7346766066569845e-06,0.7189129571091121,0.227437280527097,0.003846887375006129,1220.0,2265.0,382129279.0,170897743.0,12565.0,55246.0,11094944.0,7976299.0
18.8,sysbench,none,2,0.4474985266820708,320.0,3.64125646491176e-06,960.0,2354.0,171318047.0,382834885.0,524288.0,0.4474985266820708,0.4078164825828377,3.64125646491176e-06,0.5212464005334788,0.17974717771919152,0.004903963707273701,960.0,2354.0,382834885.0,171318047.0,2659.0,14793.0,2474325.0,1289733.0
18.9,sysbench,none,2,0.44727540639305674,16.8,9.747563621681977e-07,659.0,1036.0,172989718.0,386763313.0,27525.12,0.44727540639305674,0.6361003861003861,9.747563621681977e-07,0.5424701871941606,0.1580939881883802,0.009294785524454053,659.0,1036.0,386763313.0,172989718.0,3132.0,19811.0,1794447.0,973434.0
19.0,sysbench,none,2,0.4474107007976972,15.4,1.880594368912224e-06,783.0,1510.0,172959988.0,386579909.0,25231.36,0.4474107007976972,0.5185430463576159,1.880594368912224e-06,0.5591135773842095,0.1889110828642334,0.009074705139804637,783.0,1510.0,386579909.0,172959988.0,3121.0,16521.0,1476632.0,825605.0
19.1,sysbench,none,2,0.44731803716484037,12.7,1.12837918606971e-06,563.0,999.0,172841423.0,386394933.0,20807.68,0.44731803716484037,0.5635635635635635,1.12837918606971e-06,0.5396794612863804,0.20879451395572665,0.008446619586165088,563.0,999.0,386394933.0,172841423.0,3471.0,16624.0,1557191.0,840384.0
19.2,sysbench,none,2,0.44779576640301993,16.3,9.405720024114091e-07,638.0,1001.0,172820223.0,385935366.0,26705.920000000002,0.44779576640301993,0.6373626373626373,9.405720024114091e-07,0.513668556803389,0.199963320699352,0.008020823373955339,638.0,1001.0,385935366.0,172820223.0,3271.0,16358.0,1631628.0,838116.0
19.3,sysbench,none,2,0.44818211683306797,13.600000000000001,1.0511695484570455e-06,606.0,1012.0,173104272.0,386236455.0,22282.24,0.44818211683306797,0.5988142292490118,1.0511695484570455e-06,0.571691076000905,0.17816550961479388,0.009254768693048442,606.0,1012.0,386236455.0,173104272.0,2900.0,16277.0,1445417.0,826332.0
19.4,sysbench,none,2,0.44784377119871943,15.3,1.0843907009574908e-06,634.0,1052.0,172630304.0,385469923.0,25067.52,0.44784377119871943,0.6026615969581749,1.0843907009574908e-06,0.5656356409940829,0.1559383499546691,0.00920355626995978,634.0,1052.0,385469923.0,172630304.0,3440.0,22060.0,2023131.0,1144355.0
19.5,sysbench,none,2,0.44762700784529064,24.2,1.1837355852026863e-06,571.0,1027.0,172435397.0,385221164.0,39649.28,0.44762700784529064,0.5559883154819864,1.1837355852026863e-06,0.5888974149397626,0.1306536777045557,0.009654994967710613,571.0,1027.0,385221164.0,172435397.0,3192.0,24431.0,2199794.0,1295453.0
19.6,sysbench,none,2,0.4476709834330529,14.1,1.2080691574277071e-06,625.0,1091.0,172684384.0,385739506.0,23101.44,0.4476709834330529,0.5728689275893676,1.2080691574277071e-06,0.601019106179568,0.1353793072138739,0.0098143594204452,625.0,1091.0,385739506.0,172684384.0,2982.0,22027.0,1940524.0,1166292.0
19.7,sysbench,none,2,0.4481320249784562,25.0,1.26632296779532e-06,611.0,1100.0,173049503.0,386157412.0,40960.0,0.4481320249784562,0.5554545454545454,1.26632296779532e-06,0.5498883681007628,0.14709056569835416,0.007621750298167276,611.0,1100.0,386157412.0,173049503.0,3271.0,22238.0,2488536.0,1368417.0
19.8,sysbench,none,2,0.44766532313315344,12.9,1.1828087042266198e-06,531.0,988.0,172963770.0,386368479.0,21135.36,0.44766532313315344,0.5374493927125507,1.1828087042266198e-06,0.588900581914621,0.15568243610657967,0.009657319709714417,531.0,988.0,386368479.0,172963770.0,2863.0,18390.0,1607796.0,946832.0
19.9,sysbench,none,2,0.4476837931512782,16.0,1.5563219231129737e-06,731.0,1332.0,172880659.0,386166892.0,26214.4,0.4476837931512782,0.5487987987987988,1.5563219231129737e-06,0.5332214474351948,0.174436570941446,0.00871776060168583,731.0,1332.0,386166892.0,172880659.0,3274.0,18769.0,1777406.0,947751.0
20.1,sysbench,none,2,0.4476288244336904,12.3,9.29402815819219e-07,614.0,973.0,172905381.0,386269542.0,20152.32,0.4476288244336904,0.6310380267214799,9.29402815819219e-07,0.5850116300413969,0.1687425860023725,0.00959923617066161,614.0,973.0,386269542.0,172905381.0,2845.0,16860.0,1460012.0,854124.0
20.2,sysbench,none,2,0.4477097309103541,15.0,1.2163856956758633e-06,631.0,1101.0,172990832.0,386390601.0,24576.0,0.4477097309103541,0.5731153496821072,1.2163856956758633e-06,0.5783501167394932,0.13677054587063336,0.009594258257233847,631.0,1101.0,386390601.0,172990832.0,2032.0,14857.0,1336737.0,773102.0
20.3,sysbench,none,2,0.447677291515491,14.6,1.001872624197897e-06,669.0,1056.0,172927284.0,386276649.0,23920.64,0.447677291515491,0.6335227272727273,1.001872624197897e-06,0.5121712584745909,0.21371168480193442,0.007644677386455174,669.0,1056.0,386276649.0,172927284.0,3005.0,14061.0,1446235.0,740720.0
20.4,sysbench,none,2,0.44757523117993286,31.7,9.712555996358728e-07,704.0,1078.0,172347152.0,385068565.0,51937.28,0.44757523117993286,0.6530612244897959,9.712555996358728e-07,0.5924614768623315,0.18310010187121334,0.008628593855213374,704.0,1078.0,385068565.0,172347152.0,3415.0,18651.0,1765757.0,1046143.0
20.5,sysbench,none,2,0.44783597312104234,17.8,1.1126358227487e-06,586.0,1015.0,172672521.0,385570904.0,29163.52,0.44783597312104234,0.5773399014778325,1.1126358227487e-06,0.5681587473165194,0.16803048985539737,0.008963957571567033,586.0,1015.0,385570904.0,172672521.0,2998.0,17842.0,1655965.0,940851.0
20.6,sysbench,none,2,0.4476757016402707,14.2,1.148939302225507e-06,641.0,1083.0,172222031.0,384702655.0,23265.28,0.4476757016402707,0.5918744228993537,1.148939302225507e-06,0.5686779008331592,0.1363266006260989,0.009589019572741093,641.0,1083.0,384702655.0,172222031.0,3179.0,23319.0,2100319.0,1194405.0
20.7,sysbench,none,2,0.44784454988780575,17.4,1.0986862536858787e-06,601.0,1025.0,172830131.0,385915450.0,28508.16,0.44784454988780575,0.5863414634146341,1.0986862536858787e-06,0.531520084477922,0.173180121325245,0.008743242876492982,601.0,1025.0,385915450.0,172830131.0,2969.0,17144.0,1621252.0,861728.0
20.8,sysbench,none,2,0.44815490666915225,12.7,1.4701168608057355e-06,656.0,1224.0,173150852.0,386363843.0,20807.68,0.44815490666915225,0.5359477124183006,1.4701168608057355e-06,0.5437394059533435,0.1797144830762146,0.008821923439324357,656.0,1224.0,386363843.0,173150852.0,3122.0,17372.0,1615294.0,878299.0
20.9,sysbench,none,2,0.44756351946730627,11.8,1.0515546147163463e-06,568.0,974.0,172802046.0,386095020.0,19333.120000000003,0.44756351946730627,0.5831622176591376,1.0515546147163463e-06,0.5784913551365358,0.153285764183424,0.00982122238305719,568.0,974.0,386095020.0,172802046.0,3072.0,20041.0,1727789.0,999511.0
21.0,sysbench,none,2,0.4482360265034521,12.5,1.4728293096076632e-06,620.0,1189.0,173167588.0,386331258.0,20480.0,0.4482360265034521,0.5214465937762826,1.4728293096076632e-06,0.5612916050961607,0.16451987395654818,0.009301275024910283,620.0,1189.0,386331258.0,173167588.0,2976.0,18089.0,1624831.0,912004.0
21.1,sysbench,none,2,0.4473395771038102,12.7,1.1361510844705736e-06,584.0,1023.0,172848556.0,386392273.0,20807.68,0.4473395771038102,0.570869990224829,1.1361510844705736e-06,0.5903597793359503,0.14377522044537439,0.009823230995388734,584.0,1023.0,386392273.0,172848556.0,2886.0,20073.0,1749628.0,1032910.0
21.2,sysbench,none,2,0.44730956204832,11.7,1.0039543770528426e-06,614.0,1002.0,172872507.0,386471745.0,19169.28,0.44730956204832,0.6127744510978044,1.0039543770528426e-06,0.5509131894148906,0.1792678184545303,0.008909370940760584,614.0,1002.0,386471745.0,172872507.0,3227.0,18001.0,1658254.0,913554.0
21.3,sysbench,none,2,0.44729830242741675,8.0,9.049056990790288e-07,597.0,947.0,173006321.0,386780634.0,13107.2,0.44729830242741675,0.6304118268215417,9.049056990790288e-07,0.4992079386901732,0.22186791383219956,0.007462569921242399,597.0,947.0,386780634.0,173006321.0,3131.0,14112.0,1471477.0,734573.0
21.4,sysbench,none,2,0.4476408934396923,132.20000000000002,1.2034917424670638e-06,527.0,991.0,172585625.0,385544814.0,216596.48,0.4476408934396923,0.5317860746720484,1.2034917424670638e-06,1.264947959340169,0.13439626523184048,0.00604591847308711,527.0,991.0,385544814.0,172585625.0,3397.0,25276.0,3618805.0,4577600.0
21.5,sysbench,none,2,0.44771658472063514,30.6,1.281359845885923e-06,744.0,1238.0,172607245.0,385527923.0,50135.04,0.44771658472063514,0.6009693053311793,1.281359845885923e-06,0.5437852907425086,0.19333400463196052,0.008399268799143612,744.0,1238.0,385527923.0,172607245.0,3840.0,19862.0,1907547.0,1037296.0
21.6,sysbench,none,2,0.4475226760339666,15.2,1.1476997055976283e-06,598.0,1040.0,172349110.0,385118161.0,24903.68,0.4475226760339666,0.575,1.1476997055976283e-06,0.6073602824241324,0.1782877772047447,0.00957254872038581,598.0,1040.0,385118161.0,172349110.0,3457.0,19390.0,1664447.0,1010919.0
21.7,sysbench,none,2,0.4476601196910387,13.399999999999999,1.1455959807060489e-06,631.0,1073.0,172718634.0,385825376.0,21954.559999999998,0.4476601196910387,0.5880708294501398,1.1455959807060489e-06,0.5436554190922456,0.1544207991350076,0.009558790031079262,631.0,1073.0,385825376.0,172718634.0,3142.0,20347.0,1799914.0,978533.0
21.8,sysbench,none,2,0.44730855317057033,13.700000000000001,1.0220266246681169e-06,576.0,971.0,172878939.0,386486996.0,22446.08,0.44730855317057033,0.5932028836251287,1.0220266246681169e-06,0.5305851496269021,0.20023682652457075,0.008447547409577223,576.0,971.0,386486996.0,172878939.0,3382.0,16890.0,1599044.0,848429.0
21.9,sysbench,none,2,0.44748547914704767,13.100000000000001,1.60465141028982e-06,732.0,1352.0,172897986.0,386376752.0,21463.04,0.44748547914704767,0.5414201183431953,1.60465141028982e-06,0.5870030217846547,0.15560519038502446,0.009898885237643694,732.0,1352.0,386376752.0,172897986.0,2926.0,18804.0,1604019.0,941564.0
22.0,sysbench,none,2,0.44767813580773463,12.4,1.0868334029235267e-06,585.0,1004.0,172590517.0,385523668.0,20316.16,0.44767813580773463,0.5826693227091634,1.0868334029235267e-06,0.5634600035951824,0.18592471358428805,0.008941218766852417,585.0,1004.0,385523668.0,172590517.0,2840.0,15275.0,1390750.0,783632.0
22.2,sysbench,none,2,0.4475317105276,16.8,1.2235439437113705e-06,626.0,1099.0,173007680.0,386581947.0,27525.12,0.4475317105276,0.5696087352138307,1.2235439437113705e-06,0.5911711754708326,0.15199643758349413,0.009088667403771964,626.0,1099.0,386581947.0,173007680.0,3072.0,20211.0,1885755.0,1114804.0
22.3,sysbench,none,2,0.44722252083392533,12.7,1.0105838865031997e-06,663.0,1053.0,172590109.0,385915514.0,20807.68,0.44722252083392533,0.6296296296296297,1.0105838865031997e-06,0.502501386155928,0.19420439844760673,0.006545934832385479,663.0,1053.0,385915514.0,172590109.0,3753.0,19325.0,2378881.0,1195391.0
22.4,sysbench,none,2,0.4476820538378346,20.8,1.0696135388128449e-06,595.0,1008.0,172859338.0,386120767.0,34078.72,0.4476820538378346,0.5902777777777778,1.0696135388128449e-06,0.5267862531477835,0.1923028231421699,0.008462621542412258,595.0,1008.0,386120767.0,172859338.0,3038.0,15798.0,1507807.0,794292.0
22.5,sysbench,none,2,0.44775126267094906,17.6,1.140911755029e-06,678.0,1117.0,172285721.0,384779978.0,28835.84,0.44775126267094906,0.6069829901521934,1.140911755029e-06,0.5454872932963797,0.1440939546789129,0.009020732052758072,678.0,1117.0,384779978.0,172285721.0,1914.0,13283.0,1260319.0,687488.0
22.6,sysbench,none,2,0.4478303137741697,14.9,1.0735254578108954e-06,643.0,1057.0,172703636.0,385645256.0,24412.16,0.4478303137741697,0.6083254493850521,1.0735254578108954e-06,0.5390855972180646,0.1859075733614479,0.008439436010810542,643.0,1057.0,385645256.0,172703636.0,3174.0,17073.0,1646911.0,887826.0
22.7,sysbench,none,2,0.44762028864210657,13.599999999999998,1.060953240691035e-06,630.0,1038.0,172136783.0,384559832.0,22282.239999999998,0.44762028864210657,0.6069364161849711,1.060953240691035e-06,0.5725271262466427,0.16621412979822178,0.009258958179495258,630.0,1038.0,384559832.0,172136783.0,3122.0,18783.0,1691443.0,968397.0
22.8,sysbench,none,2,0.44727651918314215,12.3,1.2707430426404325e-06,748.0,1239.0,172822328.0,386388108.0,20152.32,0.44727651918314215,0.6037126715092817,1.2707430426404325e-06,0.556183452544908,0.15895923311914043,0.009458735024508716,748.0,1239.0,386388108.0,172822328.0,3018.0,18986.0,1688175.0,938935.0
22.9,sysbench,none,2,0.44816290566806005,12.5,1.161517561445773e-06,642.0,1091.0,173243308.0,386563247.0,20480.0,0.44816290566806005,0.5884509624197983,1.161517561445773e-06,0.5534903779060812,0.18340043357076494,0.008828567487246657,642.0,1091.0,386563247.0,173243308.0,2961.0,16145.0,1493334.0,826546.0
23.1,sysbench,none,2,0.4474301773573088,36.7,1.214589263166387e-06,602.0,1070.0,172401757.0,385315443.0,60129.28,0.4474301773573088,0.5626168224299065,1.214589263166387e-06,0.608941922194798,0.14214653820300246,0.009833135143326047,602.0,1070.0,385315443.0,172401757.0,3172.0,22315.0,1946785.0,1185479.0
23.2,sysbench,none,2,0.448185151900295,12.9,1.1185845187068851e-06,580.0,1012.0,173090171.0,386202377.0,21135.36,0.448185151900295,0.5731225296442688,1.1185845187068851e-06,0.6019359090534641,0.16308964900514197,0.009488805946504274,580.0,1012.0,386202377.0,173090171.0,2918.0,17892.0,1578070.0,949897.0
23.3,sysbench,none,2,0.4482075723505617,12.5,1.0088504222903006e-06,575.0,965.0,173267463.0,386578616.0,20480.0,0.4482075723505617,0.5958549222797928,1.0088504222903006e-06,0.6092252777084831,0.1542075163398693,0.010127616280491683,575.0,965.0,386578616.0,173267463.0,3020.0,19584.0,1635528.0,996405.0
23.4,sysbench,none,2,0.4476407401507789,12.2,1.1693984016439657e-06,566.0,1017.0,172640884.0,385668391.0,19988.48,0.4476407401507789,0.5565388397246804,1.1693984016439657e-06,0.5958008922007619,0.15237333004986764,0.009584753503085387,566.0,1017.0,385668391.0,172640884.0,2475.0,16243.0,1436448.0,855837.0
23.5,sysbench,none,2,0.4477158748696267,12.2,1.12582788070982e-06,585.0,1019.0,172591826.0,385494095.0,19988.48,0.4477158748696267,0.5740922473012757,1.12582788070982e-06,0.5962791039932169,0.15026678844397443,0.009707234379985205,585.0,1019.0,385494095.0,172591826.0,3126.0,20803.0,1821013.0,1085832.0
23.6,sysbench,none,2,0.44765398726703826,21.8,1.1457419210464524e-06,602.0,1044.0,172694268.0,385776231.0,35717.12,0.44765398726703826,0.5766283524904214,1.1457419210464524e-06,0.5253161089051428,0.17985335959728604,0.008737149878639362,602.0,1044.0,385776231.0,172694268.0,3287.0,18276.0,1715548.0,901205.0
23.7,sysbench,none,2,0.44782095411900263,15.5,1.0741731616953378e-06,633.0,1047.0,172595892.0,385412720.0,25395.2,0.44782095411900263,0.6045845272206304,1.0741731616953378e-06,0.5282159467855451,0.2180639059650071,0.008126085964511996,633.0,1047.0,385412720.0,172595892.0,3228.0,14803.0,1424425.0,752404.0
23.8,sysbench,none,2,0.44818524711216473,14.1,8.902743766622315e-07,633.0,977.0,173177763.0,386397732.0,23101.44,0.44818524711216473,0.6479017400204709,8.902743766622315e-07,0.4831830204960215,0.22109224855861628,0.007035494274755327,633.0,977.0,386397732.0,173177763.0,2761.0,12488.0,1382561.0,668030.0
23.9,sysbench,none,2,0.4476334495557812,12.8,1.499957589282048e-06,670.0,1249.0,172791397.0,386010914.0,20971.52,0.4476334495557812,0.5364291433146517,1.499957589282048e-06,0.5545445061454808,0.1885390428211587,0.008562541571783882,670.0,1249.0,386010914.0,172791397.0,2994.0,15880.0,1504927.0,834549.0
24.0,sysbench,none,2,0.44806420966228516,12.9,1.0290679585154884e-06,616.0,1014.0,173292302.0,386757742.0,21135.36,0.44806420966228516,0.6074950690335306,1.0290679585154884e-06,0.5493404457393225,0.17613636363636365,0.008861405988963464,616.0,1014.0,386757742.0,173292302.0,3038.0,17248.0,1603583.0,880913.0
24.1,sysbench,none,2,0.44771888059610787,12.5,1.0898818155199507e-06,633.0,1054.0,172945035.0,386280415.0,20480.0,0.44771888059610787,0.6005692599620494,1.0898818155199507e-06,0.5596033127604578,0.17879901960784314,0.008837105027166746,633.0,1054.0,386280415.0,172945035.0,2918.0,16320.0,1516560.0,848672.0
24.3,sysbench,none,2,0.44776860557727455,13.3,1.021207226446972e-06,602.0,996.0,172757131.0,385817873.0,21790.72,0.44776860557727455,0.6044176706827309,1.021207226446972e-06,0.526427024328868,0.1970109556076246,0.007921578868126328,602.0,996.0,385817873.0,172757131.0,3111.0,15791.0,1600691.0,842647.0
24.4,sysbench,none,2,0.447402268510564,14.2,1.0948354964783476e-06,665.0,1087.0,172449430.0,385446034.0,23265.28,0.447402268510564,0.6117755289788408,1.0948354964783476e-06,0.5466402765848299,0.16878995753418266,0.008752361054057082,665.0,1087.0,385446034.0,172449430.0,3617.0,21429.0,2035108.0,1112472.0
24.5,sysbench,none,2,0.4477896476365501,14.5,1.1598771016019492e-06,572.0,1019.0,172571708.0,385385658.0,23756.8,0.4477896476365501,0.5613346418056918,1.1598771016019492e-06,0.5648139348515127,0.1708649643432252,0.009257665812198519,572.0,1019.0,385385658.0,172571708.0,2971.0,17388.0,1557304.0,879587.0
24.6,sysbench,none,2,0.4476836936138587,14.100000000000001,1.2662526913069906e-06,589.0,1076.0,172178871.0,384599380.0,23101.440000000002,0.4476836936138587,0.5473977695167286,1.2662526913069906e-06,0.5493684857803217,0.13641462867399595,0.009551252432479916,589.0,1076.0,384599380.0,172178871.0,3040.0,22285.0,2014919.0,1106933.0
24.7,sysbench,none,2,0.4475744385491396,18.0,1.0942216767944463e-06,633.0,1054.0,172203533.0,384748364.0,29491.2,0.4475744385491396,0.6005692599620494,1.0942216767944463e-06,0.5852977021185866,0.15788652556035154,0.009808517958558664,633.0,1054.0,384748364.0,172203533.0,3036.0,19229.0,1650912.0,966275.0
24.8,sysbench,none,2,0.44773250210520565,13.3,1.215013995151629e-06,682.0,1152.0,173194940.0,386826820.0,21790.72,0.44773250210520565,0.5920138888888888,1.215013995151629e-06,0.5352115673749382,0.18338755378318816,0.008493256093800736,682.0,1152.0,386826820.0,173194940.0,3495.0,19058.0,1832395.0,980719.0
24.9,sysbench,none,2,0.4471813377612153,8.299999999999999,1.0347323860247969e-06,580.0,980.0,172868403.0,386573384.0,13598.72,0.4471813377612153,0.5918367346938775,1.0347323860247969e-06,0.5373751287648203,0.1760450160771704,0.008579339157718148,580.0,980.0,386573384.0,172868403.0,3066.0,17416.0,1672623.0,898826.0
25.0,sysbench,none,2,0.44743728597899474,10.8,1.8769074444049206e-06,644.0,1369.0,172833260.0,386273709.0,17694.72,0.44743728597899474,0.4704163623082542,1.8769074444049206e-06,0.5472320013213005,0.16912246234446626,0.00911086895249243,644.0,1369.0,386273709.0,172833260.0,3099.0,18324.0,1671081.0,914469.0
25.1,sysbench,none,2,0.44717444202305995,12.4,1.0780373419674492e-06,693.0,1110.0,172973361.0,386814059.0,20316.16,0.44717444202305995,0.6243243243243243,1.0780373419674492e-06,0.5847202036050422,0.1802336596147774,0.00926197453224567,693.0,1110.0,386814059.0,172973361.0,2854.0,15835.0,1401537.0,819507.0
25.2,sysbench,none,2,0.4474804599315769,11.8,1.0879659057596317e-06,616.0,1036.0,172746032.0,386041509.0,19333.120000000003,0.4474804599315769,0.5945945945945946,1.0879659057596317e-06,0.549659886202976,0.19082768635043562,0.008414914293588267,616.0,1036.0,386041509.0,172746032.0,3154.0,16528.0,1589321.0,873586.0
25.3,sysbench,none,2,0.4481634002395708,12.9,1.0393864641321306e-06,624.0,1026.0,173334648.0,386766630.0,21135.36,0.4481634002395708,0.6081871345029239,1.0393864641321306e-06,0.5700261801210387,0.17519840067850004,0.008781531114612688,624.0,1026.0,386766630.0,173334648.0,2892.0,16507.0,1550413.0,883776.0
25.4,sysbench,none,2,0.4473806536046604,13.5,1.1554453861315687e-06,688.0,1133.0,172300996.0,385132872.0,22118.4,0.4473806536046604,0.6072374227714034,1.1554453861315687e-06,0.519236795870224,0.192074087437609,0.008288052865871112,688.0,1133.0,385132872.0,172300996.0,3194.0,16629.0,1621008.0,841687.0
25.5,sysbench,none,2,0.44760721883728444,15.0,1.3723857879508332e-06,590.0,1120.0,172860888.0,386188785.0,24576.0,0.44760721883728444,0.5267857142857143,1.3723857879508332e-06,0.5255676764947594,0.16573952879581152,0.008610557600729507,590.0,1120.0,386188785.0,172860888.0,3039.0,18336.0,1776540.0,933692.0
25.6,sysbench,none,2,0.4473260676652275,14.2,1.1256741471829115e-06,644.0,1078.0,172465108.0,385546742.0,23265.28,0.4473260676652275,0.5974025974025974,1.1256741471829115e-06,0.516009355641949,0.18896893823077832,0.008302557930200237,644.0,1078.0,385546742.0,172465108.0,3200.0,16934.0,1654189.0,853577.0
25.7,sysbench,none,2,0.44748305445707526,12.3,1.2932012504742955e-06,535.0,1034.0,172667668.0,385864149.0,20152.32,0.44748305445707526,0.5174081237911026,1.2932012504742955e-06,0.5711797890759875,0.17151956323930848,0.009148874571617513,535.0,1034.0,385864149.0,172667668.0,3016.0,17584.0,1592327.0,909505.0
25.8,sysbench,none,2,0.44818626148416824,12.4,1.0088388040833698e-06,621.0,1011.0,173261220.0,386583068.0,20316.16,0.44818626148416824,0.6142433234421365,1.0088388040833698e-06,0.5574603953439072,0.16234077706123753,0.009358989322046414,621.0,1011.0,386583068.0,173261220.0,3046.0,18763.0,1679348.0,936170.0
25.9,sysbench,none,2,0.4480721469921825,12.2,1.0557302725904879e-06,605.0,1013.0,173163014.0,386462348.0,19988.48,0.4480721469921825,0.5972359328726555,1.0557302725904879e-06,0.5448691512331357,0.1643330876934414,0.009060675549513193,605.0,1013.0,386462348.0,173163014.0,2899.0,17641.0,1627031.0,886519.0
26.0,sysbench,none,2,0.44761506702920234,13.100000000000001,1.5203504964321872e-06,682.0,1270.0,173116436.0,386752924.0,21463.04,0.44761506702920234,0.537007874015748,1.5203504964321872e-06,0.5351142418608134,0.17923797030588515,0.008588417335313276,682.0,1270.0,386752924.0,173116436.0,3006.0,16771.0,1602740.0,857649.0
26.1,sysbench,none,2,0.4480822322727825,11.600000000000001,1.1417090163044434e-06,629.0,1070.0,173077607.0,386263044.0,19005.440000000002,0.4480822322727825,0.5878504672897197,1.1417090163044434e-06,0.6024585135165367,0.18208614051973052,0.00921756143063712,629.0,1070.0,386263044.0,173077607.0,3027.0,16624.0,1475119.0,888698.0
26.2,sysbench,none,2,0.4473715737066386,14.2,9.510472157108026e-07,653.0,1020.0,172636400.0,385890410.0,23265.28,0.4473715737066386,0.6401960784313725,9.510472157108026e-07,0.4845618069018742,0.24603960396039604,0.007080667539380028,653.0,1020.0,385890410.0,172636400.0,3479.0,14140.0,1505649.0,729580.0
26.4,sysbench,none,2,0.4472572140210173,13.200000000000001,9.82744778390574e-07,580.0,960.0,172941892.0,386672113.0,21626.88,0.4472572140210173,0.6041666666666666,9.82744778390574e-07,0.5527477120108804,0.18936789209203914,0.008684441673986342,580.0,960.0,386672113.0,172941892.0,2864.0,15124.0,1411720.0,780325.0
26.5,sysbench,none,2,0.44766853827582226,15.4,1.2062492017210464e-06,609.0,1073.0,172201732.0,384663467.0,25231.36,0.44766853827582226,0.5675675675675675,1.2062492017210464e-06,0.5728789139048238,0.1464506398092736,0.009530877424212873,609.0,1073.0,384663467.0,172201732.0,3010.0,20553.0,1840649.0,1054469.0
26.6,sysbench,none,2,0.4473666168714713,14.399999999999999,1.1274853343900281e-06,597.0,1032.0,172600452.0,385814331.0,23592.96,0.4473666168714713,0.5784883720930233,1.1274853343900281e-06,0.611700701298785,0.12082321655682737,0.010492574199361669,597.0,1032.0,385814331.0,172600452.0,3135.0,25947.0,2174109.0,1329904.0
26.7,sysbench,none,2,0.4476578800908398,12.5,1.0301016378452574e-06,599.0,996.0,172526838.0,385398863.0,20480.0,0.4476578800908398,0.6014056224899599,1.0301016378452574e-06,0.6057724714255764,0.11241245365193338,0.01000536060696932,599.0,996.0,385398863.0,172526838.0,1910.0,16991.0,1507292.0,913076.0
26.8,sysbench,none,2,0.44755383032706797,11.6,1.05145990417711e-06,604.0,1009.0,172388220.0,385178739.0,19005.44,0.44755383032706797,0.5986124876114965,1.05145990417711e-06,0.6167402022882981,0.15223637842233667,0.01013255851476404,604.0,1009.0,385178739.0,172388220.0,2808.0,18445.0,1543243.0,951780.0
26.9,sysbench,none,2,0.4472363988884891,12.5,1.0816883792361986e-06,594.0,1012.0,172826868.0,386432921.0,20480.0,0.4472363988884891,0.5869565217391305,1.0816883792361986e-06,0.5927861692403051,0.1640625,0.009380849236307767,594.0,1012.0,386432921.0,172826868.0,3003.0,18304.0,1631089.0,966887.0
27.0,sysbench,none,2,0.4477376933864505,13.900000000000002,1.6167572872922523e-06,625.0,1250.0,173084767.0,386576269.0,22773.760000000002,0.4477376933864505,0.5,1.6167572872922523e-06,0.6004948573880304,0.15826842579346156,0.009572947474732866,625.0,1250.0,386576269.0,173084767.0,2987.0,18873.0,1659468.0,996502.0
27.1,sysbench,none,2,0.44748266639880063,15.600000000000001,1.1982953604058606e-06,723.0,1186.0,172899338.0,386382202.0,25559.04,0.44748266639880063,0.6096121416526138,1.1982953604058606e-06,0.5927036267681747,0.17795266341692606,0.009224428358279775,723.0,1186.0,386382202.0,172899338.0,3030.0,17027.0,1517384.0,899359.0
27.2,sysbench,none,2,0.44774203505072024,13.600000000000001,9.99142026905383e-07,631.0,1017.0,172976835.0,386331462.0,22282.24,0.44774203505072024,0.6204523107177975,9.99142026905383e-07,0.5454831263536758,0.1924936845904006,0.008475648419679443,631.0,1017.0,386331462.0,172976835.0,2667.0,13855.0,1320017.0,720047.0
27.3,sysbench,none,2,0.44760963431181156,13.100000000000001,9.954741762053002e-07,577.0,962.0,173113189.0,386750364.0,21463.04,0.44760963431181156,0.5997920997920998,9.954741762053002e-07,0.5488415396880802,0.2088633016468068,0.00802549033722271,577.0,962.0,386750364.0,173113189.0,3120.0,14938.0,1472558.0,808201.0
27.4,sysbench,none,2,0.4474725433574864,12.4,1.1337805325248853e-06,572.0,1009.0,172472093.0,385436147.0,20316.16,0.4474725433574864,0.5668979187314173,1.1337805325248853e-06,0.5945346627202477,0.16768495889802265,0.009515729688505113,572.0,1009.0,385436147.0,172472093.0,3019.0,18004.0,1574761.0,936250.0
27.5,sysbench,none,2,0.4476106473387185,13.700000000000001,1.1541221636079741e-06,559.0,1004.0,172587222.0,385574434.0,22446.08,0.4476106473387185,0.5567729083665338,1.1541221636079741e-06,0.5808458511776664,0.15307688237472883,0.00953644057092333,559.0,1004.0,385574434.0,172587222.0,2893.0,18899.0,1678404.0,974894.0
27.6,sysbench,none,2,0.44759282725414185,14.8,8.718736676437247e-07,682.0,1018.0,172491951.0,385376933.0,24248.32,0.44759282725414185,0.6699410609037328,8.718736676437247e-07,0.5641507528560387,0.17607340720221606,0.009067807536626588,682.0,1018.0,385376933.0,172491951.0,3051.0,17328.0,1574471.0,888239.0
27.7,sysbench,none,2,0.47158199887679003,99.9,5.83351175465864e-05,21558.0,43579.0,178018107.0,377491311.0,163676.16,0.47158199887679003,0.49468780834805753,5.83351175465864e-05,0.5063078455034569,0.16743047599208416,0.008227087584235402,21558.0,43579.0,377491311.0,178018107.0,3215.0,19202.0,1943215.0,983865.0
27.8,sysbench,none,2,0.4472813971961644,12.7,2.5814373049231687e-06,622.0,1620.0,172921819.0,386606329.0,20807.68,0.4472813971961644,0.38395061728395063,2.5814373049231687e-06,0.6023490039840638,0.16083994820694703,0.00950183266932271,622.0,1620.0,386606329.0,172921819.0,2857.0,17763.0,1568750.0,944935.0
27.9,sysbench,none,2,0.4481460883579511,13.200000000000001,1.0788099655031757e-06,594.0,1011.0,173225058.0,386537030.0,21626.88,0.4481460883579511,0.5875370919881305,1.0788099655031757e-06,0.535619241283114,0.18147148556676837,0.008413101305173476,594.0,1011.0,386537030.0,173225058.0,3093.0,17044.0,1658247.0,888189.0
28.0,sysbench,none,2,0.44833546931402757,11.899999999999999,1.6478178806637668e-06,666.0,1303.0,173313870.0,386571846.0,19496.96,0.44833546931402757,0.511128165771297,1.6478178806637668e-06,0.5868304070465962,0.16360932077342588,0.009199036170273353,666.0,1303.0,386571846.0,173313870.0,2970.0,18153.0,1650499.0,968563.0
28.2,sysbench,none,2,0.44748875690388096,12.6,1.2354218185796113e-06,592.0,1069.0,172776726.0,386102943.0,20643.84,0.44748875690388096,0.5537885874649204,1.2354218185796113e-06,0.5971726685557608,0.15458813922629377,0.009501875709844322,592.0,1069.0,386102943.0,172776726.0,3029.0,19594.0,1743340.0,1041075.0
28.3,sysbench,none,2,0.4478408566349192,12.4,1.0971326127921382e-06,650.0,1073.0,172665255.0,385550475.0,20316.16,0.4478408566349192,0.6057781919850885,1.0971326127921382e-06,0.5607226003886092,0.15493550196298372,0.009160943504728417,650.0,1073.0,385550475.0,172665255.0,3315.0,21396.0,1973705.0,1106701.0
28.5,sysbench,none,2,0.4479141303911107,8.9,1.422143894273546e-06,601.0,1149.0,172596419.0,385333722.0,14581.76,0.4479141303911107,0.5230635335073978,1.422143894273546e-06,0.5743247446961685,0.16253546763745383,0.009268854858253416,601.0,1149.0,385333722.0,172596419.0,3036.0,18679.0,1687695.0,969285.0
28.6,sysbench,none,2,0.44750024414884904,14.1,1.2248876283428452e-06,486.0,959.0,172805742.0,386157872.0,23101.44,0.44750024414884904,0.5067778936392076,1.2248876283428452e-06,0.5501021112090104,0.1763888888888889,0.008910654399661223,486.0,959.0,386157872.0,172805742.0,2794.0,15840.0,1464090.0,805399.0
28.7,sysbench,none,2,0.44791118087764503,14.6,1.3225407987888143e-06,706.0,1216.0,172724125.0,385621374.0,23920.64,0.44791118087764503,0.5805921052631579,1.3225407987888143e-06,0.5391321682876974,0.15936765648365733,0.008838922707158742,706.0,1216.0,385621374.0,172724125.0,2984.0,18724.0,1780760.0,960065.0
28.8,sysbench,none,2,0.44810550522393683,12.4,2.6914640358392026e-06,647.0,1683.0,172485048.0,384920618.0,20316.16,0.44810550522393683,0.38443256090314915,2.6914640358392026e-06,0.6235702214978273,0.13666303162486368,0.00989836075904103,647.0,1683.0,384920618.0,172485048.0,3133.0,22925.0,1999523.0,1246843.0
28.9,sysbench,none,2,0.4478514162060017,12.1,1.128361912911744e-06,539.0,975.0,173050167.0,386400848.0,19824.64,0.4478514162060017,0.5528205128205128,1.128361912911744e-06,0.5465917233725022,0.1774782718226477,0.008795465688255292,539.0,975.0,386400848.0,173050167.0,2818.0,15878.0,1484856.0,811610.0
29.0,sysbench,none,2,0.44754116359754215,12.9,1.6469821488982781e-06,636.0,1273.0,173094603.0,386768005.0,21135.36,0.44754116359754215,0.4996072270227808,1.6469821488982781e-06,0.578453303951103,0.160976652241278,0.009184286355100395,636.0,1273.0,386768005.0,173094603.0,3013.0,18717.0,1709877.0,989084.0
29.1,sysbench,none,2,0.4480854058871289,11.899999999999999,1.0719242032142719e-06,597.0,1011.0,173060145.0,386221338.0,19496.96,0.4480854058871289,0.5905044510385756,1.0719242032142719e-06,0.5717914857636877,0.1650202065559048,0.009421838829300425,597.0,1011.0,386221338.0,173060145.0,2940.0,17816.0,1578885.0,902793.0
29.2,sysbench,none,2,0.44779353028355273,16.8,1.1733747590744964e-06,587.0,1040.0,172877819.0,386065915.0,27525.12,0.44779353028355273,0.5644230769230769,1.1733747590744964e-06,0.5140585003133177,0.1764109496451504,0.008284503751313043,587.0,1040.0,386065915.0,172877819.0,3132.0,17754.0,1764982.0,907304.0
29.3,sysbench,none,2,0.44815825774760015,12.6,1.0608536056592494e-06,591.0,1001.0,173204752.0,386481224.0,20643.84,0.44815825774760015,0.5904095904095904,1.0608536056592494e-06,0.5523555200903429,0.1720738088680804,0.00876772385665521,591.0,1001.0,386481224.0,173204752.0,3124.0,18155.0,1714356.0,946934.0
29.4,sysbench,none,2,0.44788086396741217,13.599999999999998,1.0449770382113124e-06,632.0,1035.0,172727229.0,385654407.0,22282.239999999998,0.44788086396741217,0.6106280193236715,1.0449770382113124e-06,0.5073376434360302,0.2272210492122787,0.007289384584744075,632.0,1035.0,385654407.0,172727229.0,2798.0,12314.0,1305460.0,662309.0
29.5,sysbench,none,2,0.44787697770756424,16.7,1.459881406183908e-06,598.0,1161.0,172722755.0,385647764.0,27361.28,0.44787697770756424,0.5150732127476314,1.459881406183908e-06,0.5579953420206285,0.15133222314737718,0.0092030927538342,598.0,1161.0,385647764.0,172722755.0,2908.0,19216.0,1772013.0,988775.0
29.6,sysbench,none,2,0.44753580144537936,34.8,1.0890617169330232e-06,600.0,1020.0,172593558.0,385653075.0,57016.32,0.44753580144537936,0.5882352941176471,1.0890617169330232e-06,0.5521248824631817,0.16106287818995002,0.00942303975773379,600.0,1020.0,385653075.0,172593558.0,3061.0,19005.0,1692023.0,934208.0
29.7,sysbench,none,2,0.4478731920902226,12.9,1.1488506980603564e-06,603.0,1046.0,172701139.0,385602760.0,21135.36,0.4478731920902226,0.5764818355640535,1.1488506980603564e-06,0.6002475590790906,0.16718371030514975,0.009523735807118065,603.0,1046.0,385602760.0,172701139.0,2964.0,17729.0,1550337.0,930586.0
29.8,sysbench,none,2,0.4475481922881872,12.3,1.0389312138929302e-06,580.0,981.0,172741778.0,385973580.0,20152.32,0.4475481922881872,0.5912334352701325,1.0389312138929302e-06,0.5551723009847045,0.18064091308165056,0.00888167188610618,580.0,981.0,385973580.0,172741778.0,3292.0,18224.0,1681215.0,933364.0
29.9,sysbench,none,2,0.4474747510034481,13.2,1.719515674482082e-06,663.0,1327.0,172794723.0,386155247.0,21626.879999999997,0.4474747510034481,0.4996232102486812,1.719515674482082e-06,0.5444891701256699,0.19005659891947518,0.008588740313540514,663.0,1327.0,386155247.0,172794723.0,2955.0,15548.0,1466222.0,798342.0
30.0,sysbench,none,2,0.4476903485627593,13.700000000000001,9.85295922083357e-07,594.0,975.0,173115527.0,386685859.0,22446.08,0.4476903485627593,0.6092307692307692,9.85295922083357e-07,0.5554635479178879,0.16707587980825442,0.008837695425773097,594.0,975.0,386685859.0,173115527.0,2858.0,17106.0,1612185.0,895510.0
30.1,sysbench,none,2,0.44826879927297064,12.9,1.2314463113144654e-06,637.0,1113.0,173272636.0,386537355.0,21135.36,0.44826879927297064,0.5723270440251572,1.2314463113144654e-06,0.5967045349048673,0.16547119841094682,0.009617549022475497,637.0,1113.0,386537355.0,173272636.0,2999.0,18124.0,1572646.0,938405.0
30.2,sysbench,none,2,0.44753497204140597,18.9,9.994676954161762e-07,658.0,1044.0,172840503.0,386205579.0,30965.76,0.44753497204140597,0.6302681992337165,9.994676954161762e-07,0.557204606040907,0.17781875658587987,0.00818088645055426,658.0,1044.0,386205579.0,172840503.0,2700.0,15184.0,1525996.0,850292.0
30.3,sysbench,none,2,0.4478076625609246,12.5,1.1089403833416727e-06,596.0,1024.0,172833168.0,385954021.0,20480.0,0.4478076625609246,0.58203125,1.1089403833416727e-06,0.5462765428088049,0.15972296789434123,0.00895160266346069,596.0,1024.0,385954021.0,172833168.0,2975.0,18626.0,1748402.0,955111.0
30.4,sysbench,none,2,0.4475801693630631,11.5,1.0894274328146018e-06,559.0,979.0,172552724.0,385523613.0,18841.6,0.4475801693630631,0.5709908069458631,1.0894274328146018e-06,0.6074704357719971,0.17394468704512372,0.009324181669562502,559.0,979.0,385523613.0,172552724.0,2868.0,16488.0,1460718.0,887343.0
30.7,sysbench,none,2,0.44767329117590227,12.5,1.0387525469901605e-06,586.0,987.0,172819783.0,386039968.0,20480.0,0.44767329117590227,0.5937183383991894,1.0387525469901605e-06,0.5856867319340946,0.15144442715626782,0.00980929991900028,586.0,987.0,386039968.0,172819783.0,2920.0,19281.0,1667907.0,976871.0
30.8,sysbench,none,2,0.4476056912358363,11.6,1.2135835284104026e-06,623.0,1091.0,172612316.0,385634766.0,19005.44,0.4476056912358363,0.5710357470210816,1.2135835284104026e-06,0.5535931406192569,0.1731803937799326,0.00909726672152957,623.0,1091.0,385634766.0,172612316.0,2929.0,16913.0,1537165.0,850964.0
30.9,sysbench,none,2,0.4476295436920535,13.0,1.0919739072834854e-06,600.0,1020.0,172169323.0,384624575.0,21299.2,0.4476295436920535,0.5882352941176471,1.0919739072834854e-06,0.6149012986588388,0.1455036855036855,0.010152121267319148,600.0,1020.0,384624575.0,172169323.0,2961.0,20350.0,1712844.0,1053230.0
31.0,sysbench,none,2,0.44754567175833954,13.799999999999999,1.5779325848635168e-06,720.0,1330.0,173013006.0,386581788.0,22609.92,0.44754567175833954,0.5413533834586466,1.5779325848635168e-06,0.538289553719089,0.21279146436492238,0.008020426958112767,720.0,1330.0,386581788.0,173013006.0,3550.0,16683.0,1637444.0,881419.0
31.1,sysbench,none,2,0.4477937578666035,12.6,1.1034303380183226e-06,558.0,984.0,172879188.0,386068776.0,20643.84,0.4477937578666035,0.5670731707317073,1.1034303380183226e-06,0.5924569223923626,0.14878155128143017,0.009362901700189975,558.0,984.0,386068776.0,172879188.0,3071.0,20641.0,1876555.0,1111778.0
31.2,sysbench,none,2,0.4473907902220064,12.2,1.1257317994244678e-06,630.0,1065.0,172878650.0,386415308.0,19988.48,0.4473907902220064,0.5915492957746479,1.1257317994244678e-06,0.5405957894644744,0.19324487334137516,0.008359326029338884,630.0,1065.0,386415308.0,172878650.0,3204.0,16580.0,1600129.0,865023.0
31.3,sysbench,none,2,0.44752996765138126,11.6,1.0403989958099948e-06,591.0,993.0,172921204.0,386390223.0,19005.44,0.44752996765138126,0.595166163141994,1.0403989958099948e-06,0.5620435070187418,0.17480019375151368,0.009133377875499508,591.0,993.0,386390223.0,172921204.0,2887.0,16516.0,1492219.0,838692.0
31.4,sysbench,none,2,0.44749975705829875,14.3,1.0321707843749054e-06,579.0,978.0,172987267.0,386563935.0,23429.120000000003,0.44749975705829875,0.5920245398773006,1.0321707843749054e-06,0.5782344657069848,0.16802152828390424,0.009456626329439803,579.0,978.0,386563935.0,172987267.0,2997.0,17837.0,1569270.0,907406.0
31.5,sysbench,none,2,0.4475325218337082,14.5,1.3953081689704266e-06,622.0,1159.0,172237911.0,384861217.0,23756.8,0.4475325218337082,0.5366695427092321,1.3953081689704266e-06,0.5660653032219931,0.15898653998416468,0.008817894132140569,622.0,1159.0,384861217.0,172237911.0,3012.0,18945.0,1806894.0,1022820.0
31.6,sysbench,none,2,0.44770764965750626,13.900000000000002,1.405687709141188e-06,606.0,1149.0,172943999.0,386287791.0,22773.760000000002,0.44770764965750626,0.5274151436031331,1.405687709141188e-06,0.5809921042931694,0.16830562012038858,0.009024126848636519,606.0,1149.0,386287791.0,172943999.0,2824.0,16779.0,1546410.0,898452.0
31.7,sysbench,none,2,0.4475435334697512,17.1,1.2474869686240431e-06,654.0,1135.0,172561674.0,385575170.0,28016.64,0.4475435334697512,0.5762114537444933,1.2474869686240431e-06,0.5552426090672468,0.16963407436553216,0.009109440624339035,654.0,1135.0,385575170.0,172561674.0,3449.0,20332.0,1853352.0,1029060.0
31.8,sysbench,none,2,0.4478925321379598,13.100000000000001,1.2501827421621638e-06,621.0,1104.0,173040377.0,386343519.0,21463.04,0.4478925321379598,0.5625,1.2501827421621638e-06,0.5587913186849083,0.16399416909620992,0.0092025928640649,621.0,1104.0,386343519.0,173040377.0,3150.0,19208.0,1744943.0,975059.0
31.9,sysbench,none,2,0.4474231497158853,10.5,1.4822679582396017e-06,664.0,1237.0,172960269.0,386569781.0,17203.2,0.4474231497158853,0.5367825383993533,1.4822679582396017e-06,0.5845205256946711,0.18746013522132926,0.009155671571636177,664.0,1237.0,386569781.0,172960269.0,2939.0,15678.0,1391378.0,813289.0
32.0,sysbench,none,2,0.44770992544843996,8.3,1.0296708689923597e-06,603.0,1001.0,173053891.0,386531281.0,13598.720000000001,0.44770992544843996,0.6023976023976024,1.0296708689923597e-06,0.5467100507098189,0.18396344516775162,0.00858353557127225,603.0,1001.0,386531281.0,173053891.0,2939.0,15976.0,1518838.0,830364.0
32.1,sysbench,none,2,0.44741683155676465,10.3,1.1610855731186916e-06,521.0,970.0,173019252.0,386707070.0,16875.52,0.44741683155676465,0.5371134020618556,1.1610855731186916e-06,0.5813116768705721,0.17988502194473635,0.008928781743208858,521.0,970.0,386707070.0,173019252.0,2910.0,16177.0,1485869.0,863753.0
32.2,sysbench,none,2,0.4475640205634569,13.3,9.357620649773064e-07,837.0,1198.0,172662066.0,385781828.0,21790.72,0.4475640205634569,0.6986644407345576,9.357620649773064e-07,0.49891632111876394,0.20557555053986457,0.007492832530043538,837.0,1198.0,385781828.0,172662066.0,3370.0,16393.0,1738061.0,867147.0
32.3,sysbench,none,2,0.4476688116438516,14.2,9.055251496585285e-07,719.0,1068.0,172536804.0,385411714.0,23265.28,0.4476688116438516,0.6732209737827716,9.055251496585285e-07,0.4704548825837208,0.19487827285254938,0.007172341829453558,719.0,1068.0,385411714.0,172536804.0,3394.0,17416.0,1955010.0,919744.0
32.4,sysbench,none,2,0.448001356941457,14.5,1.0062329622618472e-06,638.0,1026.0,172747796.0,385596591.0,23756.8,0.448001356941457,0.621832358674464,1.0062329622618472e-06,0.507819872354821,0.18038379530916845,0.008296019410613574,638.0,1026.0,385596591.0,172747796.0,3384.0,18760.0,1853419.0,941203.0
32.5,sysbench,none,2,0.44757654790308643,17.5,1.1966385390331965e-06,581.0,1042.0,172426996.0,385245824.0,28672.0,0.44757654790308643,0.5575815738963532,1.1966385390331965e-06,0.5823558267723956,0.14707123763072738,0.009020886375123445,581.0,1042.0,385245824.0,172426996.0,3136.0,21323.0,2016099.0,1174087.0
32.7,sysbench,none,2,0.44790171822619057,12.5,1.0187423790196183e-06,607.0,1000.0,172786937.0,385769757.0,20480.0,0.44790171822619057,0.607,1.0187423790196183e-06,0.53646963764879,0.18260498567684524,0.008809811598391885,607.0,1000.0,385769757.0,172786937.0,2996.0,16407.0,1522280.0,816657.0
32.8,sysbench,none,2,0.4479522332309369,12.2,1.259031634936617e-06,589.0,1075.0,172914468.0,386010952.0,19988.48,0.4479522332309369,0.5479069767441861,1.259031634936617e-06,0.5657888221936261,0.1483940251879332,0.009092723788318722,589.0,1075.0,386010952.0,172914468.0,3040.0,20486.0,1918677.0,1085566.0
32.9,sysbench,none,2,0.4475585787568784,12.8,1.0051374570159638e-06,643.0,1031.0,172765155.0,386016855.0,20971.52,0.4475585787568784,0.623666343355965,1.0051374570159638e-06,0.5579906185546076,0.16722679965307893,0.008913243386719191,643.0,1031.0,386016855.0,172765155.0,3085.0,18448.0,1723615.0,961761.0
33.0,sysbench,none,2,0.4483225397415599,13.200000000000001,1.5579064645898084e-06,633.0,1235.0,173239007.0,386416010.0,21626.88,0.4483225397415599,0.5125506072874494,1.5579064645898084e-06,0.5722864962288979,0.16833479660520925,0.009094295472117398,633.0,1235.0,386416010.0,173239007.0,2876.0,17085.0,1562408.0,894145.0
33.1,sysbench,none,2,0.44794233677373024,11.5,9.294377007540126e-07,628.0,987.0,173019987.0,386255044.0,18841.6,0.44794233677373024,0.6362715298885512,9.294377007540126e-07,0.5399852243072101,0.19321261394432127,0.007829563100934956,628.0,987.0,386255044.0,173019987.0,3137.0,16236.0,1673018.0,903405.0
33.3,sysbench,none,2,0.44800788188125235,19.9,1.2106881535096877e-06,581.0,1047.0,172440502.0,384905063.0,32604.16,0.44800788188125235,0.5549188156638013,1.2106881535096877e-06,0.5283506588211077,0.1627141568981064,0.008133599329025137,581.0,1047.0,384905063.0,172440502.0,3609.0,22180.0,2283245.0,1206354.0
33.4,sysbench,none,2,0.447274951061,19.099999999999998,9.886535953720868e-07,653.0,1035.0,172819916.0,386384070.0,31293.44,0.447274951061,0.6309178743961352,9.886535953720868e-07,0.5613806124282388,0.17998394434037998,0.00885197580698741,653.0,1035.0,386384070.0,172819916.0,3363.0,18685.0,1730913.0,971701.0
33.5,sysbench,none,2,0.44772531466011867,16.0,1.236619298570621e-06,585.0,1061.0,172338609.0,384920404.0,26214.4,0.44772531466011867,0.5513666352497644,1.236619298570621e-06,0.5630613721012463,0.15163895933126703,0.008562479796529127,585.0,1061.0,384920404.0,172338609.0,3229.0,21294.0,2109786.0,1187939.0
33.6,sysbench,none,2,0.44778828099001544,15.2,9.634018327834162e-07,635.0,1007.0,172905256.0,386131713.0,24903.68,0.44778828099001544,0.6305858987090367,9.634018327834162e-07,0.5464578776959931,0.22035040431266847,0.008258575499226248,635.0,1007.0,386131713.0,172905256.0,3270.0,14840.0,1400968.0,765570.0
33.7,sysbench,none,2,0.44772108077467593,14.7,1.4442456087297404e-06,667.0,1224.0,172671906.0,385668474.0,24084.48,0.44772108077467593,0.5449346405228758,1.4442456087297404e-06,0.5816713733844542,0.17182367277736568,0.009073468333415567,667.0,1224.0,385668474.0,172671906.0,3243.0,18874.0,1722715.0,1002054.0
33.8,sysbench,none,2,0.44757709815707797,12.7,1.2390560246740577e-06,553.0,1030.0,172303973.0,384970486.0,20807.68,0.44757709815707797,0.5368932038834952,1.2390560246740577e-06,0.5472196360182024,0.1362062536621744,0.009018899867742082,553.0,1030.0,384970486.0,172303973.0,2557.0,18773.0,1798002.0,983902.0
33.9,sysbench,none,2,0.44778915687311427,16.2,1.0839604402350883e-06,657.0,1076.0,173090871.0,386545472.0,26542.079999999998,0.44778915687311427,0.6105947955390335,1.0839604402350883e-06,0.6212861595119292,0.15944025122582778,0.010091195783881603,657.0,1076.0,386545472.0,173090871.0,2894.0,18151.0,1511912.0,939330.0
34.0,sysbench,none,2,0.4482031563459931,12.1,1.7395430540348716e-06,638.0,1310.0,173144620.0,386308346.0,19824.64,0.4482031563459931,0.4870229007633588,1.7395430540348716e-06,0.5762536572710145,0.13876157971721112,0.008950749594875209,638.0,1310.0,386308346.0,173144620.0,2846.0,20510.0,1973466.0,1137217.0
34.1,sysbench,none,2,0.4476915171610333,13.4,1.1284316512365198e-06,689.0,1125.0,172977691.0,386376968.0,21954.56,0.4476915171610333,0.6124444444444445,1.1284316512365198e-06,0.5203843450275072,0.1777652687869406,0.008485682915352306,689.0,1125.0,386376968.0,172977691.0,3158.0,17765.0,1721370.0,895774.0
34.2,sysbench,none,2,0.4477075257935907,12.5,1.0154005990174512e-06,654.0,1046.0,172839518.0,386054529.0,20480.0,0.4477075257935907,0.6252390057361377,1.0154005990174512e-06,0.5468332782119794,0.1381372338137234,0.008718167418057756,654.0,1046.0,386054529.0,172839518.0,3211.0,23245.0,2297960.0,1256601.0
34.3,sysbench,none,2,0.44829844690293313,12.5,1.0161677380897105e-06,590.0,983.0,173378157.0,386747173.0,20480.0,0.44829844690293313,0.6002034587995931,1.0161677380897105e-06,0.5537670780318376,0.1851963746223565,0.00886568535988371,590.0,983.0,386747173.0,173378157.0,3065.0,16550.0,1521033.0,842298.0
34.4,sysbench,none,2,0.44759777038068427,13.3,9.550852400635224e-07,588.0,957.0,172930719.0,386352950.0,21790.72,0.44759777038068427,0.6144200626959248,9.550852400635224e-07,0.5123075804027005,0.21268373473190255,0.007683987348933442,588.0,957.0,386352950.0,172930719.0,3082.0,14491.0,1484776.0,760662.0
34.5,sysbench,none,2,0.4477049027846164,15.0,1.4570341548258984e-06,623.0,1184.0,172379247.0,385028723.0,24576.0,0.4477049027846164,0.5261824324324325,1.4570341548258984e-06,0.5261463581382294,0.16735503942498525,0.008113584962662249,623.0,1184.0,385028723.0,172379247.0,3120.0,18643.0,1913211.0,1006629.0
34.6,sysbench,none,2,0.4481261017435119,15.700000000000001,1.035614661340711e-06,606.0,1006.0,173086040.0,386244049.0,25722.88,0.4481261017435119,0.6023856858846919,1.035614661340711e-06,0.5938135059297642,0.15205219338818832,0.009667472474403346,606.0,1006.0,386244049.0,173086040.0,3123.0,20539.0,1801505.0,1069758.0
34.8,sysbench,none,2,0.44772640913263306,13.0,1.1717347091932158e-06,662.0,1114.0,172711737.0,385752847.0,21299.2,0.44772640913263306,0.5942549371633752,1.1717347091932158e-06,0.6041935255108256,0.1611737654658929,0.009287023079361557,662.0,1114.0,385752847.0,172711737.0,2944.0,18266.0,1649829.0,996816.0
34.9,sysbench,none,2,0.44736702211128265,11.600000000000001,1.0175729435836663e-06,592.0,985.0,172779004.0,386213099.0,19005.440000000002,0.44736702211128265,0.601015228426396,1.0175729435836663e-06,0.5754643798929466,0.16294458229942102,0.00918533686224536,592.0,985.0,386213099.0,172779004.0,2955.0,18135.0,1652634.0,951032.0
35.0,sysbench,none,2,0.4480506031574249,13.700000000000001,1.6171621820155087e-06,643.0,1265.0,172331185.0,384624379.0,22446.08,0.4480506031574249,0.508300395256917,1.6171621820155087e-06,0.5732187791405584,0.15376344086021507,0.00851094787892373,643.0,1265.0,384624379.0,172331185.0,3146.0,20460.0,2034321.0,1166111.0
35.1,sysbench,none,2,0.44716968310717375,12.2,9.748974659994425e-07,644.0,1021.0,172923796.0,386707334.0,19988.48,0.44716968310717375,0.6307541625857003,9.748974659994425e-07,0.5364824989696352,0.18796397712060361,0.008435716615548774,644.0,1021.0,386707334.0,172923796.0,3089.0,16434.0,1581964.0,848696.0
35.2,sysbench,none,2,0.4480481089966234,11.400000000000002,1.1046676791096856e-06,588.0,1015.0,173189228.0,386541589.0,18677.760000000002,0.4480481089966234,0.5793103448275863,1.1046676791096856e-06,0.5642927069007202,0.1730625824585556,0.008162391734785683,588.0,1015.0,386541589.0,173189228.0,3017.0,17433.0,1766149.0,996625.0
35.3,sysbench,none,2,0.4476395795181657,13.200000000000001,1.1311006710605451e-06,627.0,1064.0,172945257.0,386349342.0,21626.88,0.4476395795181657,0.5892857142857143,1.1311006710605451e-06,0.5450928862306497,0.17536015896671633,0.008438137586120789,627.0,1064.0,386349342.0,172945257.0,2824.0,16104.0,1573807.0,857871.0
35.4,sysbench,none,2,0.4477026578191623,12.0,9.964637726575512e-07,632.0,1017.0,172977210.0,386366279.0,19660.8,0.4477026578191623,0.6214355948869223,9.964637726575512e-07,0.5585494399945518,0.1679633379516146,0.009166981254480308,632.0,1017.0,386366279.0,172977210.0,3152.0,18766.0,1703287.0,951370.0
35.5,sysbench,none,2,0.4475943173629871,16.200000000000003,1.2648118394096508e-06,572.0,1059.0,172340601.0,385037509.0,26542.08,0.4475943173629871,0.5401322001888574,1.2648118394096508e-06,0.5791865482116184,0.12489355662787398,0.009500440002306767,572.0,1059.0,385037509.0,172340601.0,3080.0,24661.0,2271579.0,1315668.0
35.6,sysbench,none,2,0.4482487141147584,9.299999999999999,1.0091148061997343e-06,575.0,965.0,173237968.0,386477334.0,15237.119999999999,0.4482487141147584,0.5958549222797928,1.0091148061997343e-06,0.5204024171739542,0.2373138643920775,0.007827993367239059,575.0,965.0,386477334.0,173237968.0,3283.0,13834.0,1347855.0,701427.0
35.7,sysbench,none,2,0.4472798493442036,12.0,1.151671048883085e-06,495.0,939.0,172438348.0,385526753.0,19660.8,0.4472798493442036,0.5271565495207667,1.151671048883085e-06,0.5914135261633499,0.1659961888630108,0.00878439593339782,495.0,939.0,385526753.0,172438348.0,3136.0,18892.0,1793635.0,1060780.0
35.8,sysbench,none,2,0.4475859891206256,8.299999999999999,1.6418655185200526e-06,708.0,1341.0,172560985.0,385537057.0,13598.72,0.4475859891206256,0.5279642058165548,1.6418655185200526e-06,0.5515530226563349,0.1623508874018039,0.00894141031414507,708.0,1341.0,385537057.0,172560985.0,2790.0,17185.0,1609925.0,887959.0
35.9,sysbench,none,2,0.44741299776114674,11.100000000000001,9.984060963979866e-07,598.0,984.0,172977126.0,386616229.0,18186.24,0.44741299776114674,0.6077235772357723,9.984060963979866e-07,0.5238329524293212,0.20140736798533498,0.007938439328104133,598.0,984.0,386616229.0,172977126.0,3406.0,16911.0,1701216.0,891153.0
36.0,sysbench,none,2,0.4480648542675841,13.200000000000001,1.6532076261203272e-06,575.0,1213.0,172915593.0,385916439.0,21626.88,0.4480648542675841,0.4740313272877164,1.6532076261203272e-06,0.5455362862964916,0.14100941937297906,0.008037749798398502,575.0,1213.0,385916439.0,172915593.0,2006.0,14226.0,1520326.0,829393.0
36.1,sysbench,none,2,0.4474311738179096,11.799999999999999,8.567297714058872e-07,627.0,958.0,172866315.0,386352863.0,19333.12,0.4474311738179096,0.6544885177453027,8.567297714058872e-07,0.5369972353769199,0.18350713172719646,0.008519616567227366,627.0,958.0,386352863.0,172866315.0,3062.0,16686.0,1599133.0,858730.0
36.2,sysbench,none,2,0.44812185984499714,13.3,1.2654458787533e-06,664.0,1152.0,172811395.0,385634825.0,21790.72,0.44812185984499714,0.5763888888888888,1.2654458787533e-06,0.5414811642386304,0.15013569114943534,0.008216840629856214,664.0,1152.0,385634825.0,172811395.0,3430.0,22846.0,2362952.0,1279494.0
36.3,sysbench,none,2,0.44805729990325993,14.0,9.974671717684975e-07,690.0,1075.0,172940088.0,385977615.0,22937.6,0.44805729990325993,0.641860465116279,9.974671717684975e-07,0.5340023341968883,0.18298845683281026,0.008676410940672306,690.0,1075.0,385977615.0,172940088.0,3440.0,18799.0,1770202.0,945292.0
36.4,sysbench,none,2,0.44815827840241457,11.600000000000001,9.597119295560888e-07,607.0,978.0,173246488.0,386574334.0,19005.440000000002,0.44815827840241457,0.6206543967280164,9.597119295560888e-07,0.5634574499320893,0.17291327177258736,0.008653159470328641,607.0,978.0,386574334.0,173246488.0,2865.0,16569.0,1583699.0,892347.0
36.5,sysbench,none,2,0.4476150466408531,15.4,1.2379778144720977e-06,541.0,1018.0,172468662.0,385305774.0,25231.36,0.4476150466408531,0.5314341846758349,1.2379778144720977e-06,0.632623854568476,0.14520195523540005,0.010074279085364856,541.0,1018.0,385305774.0,172468662.0,2822.0,19435.0,1649051.0,1043229.0
36.6,sysbench,none,2,0.4481775139237205,12.3,9.34277706760451e-07,616.0,977.0,173173438.0,386394749.0,20152.32,0.4481775139237205,0.6305015353121801,9.34277706760451e-07,0.5508999221024148,0.1796277332690802,0.009005833722380412,616.0,977.0,386394749.0,173173438.0,2982.0,16601.0,1512242.0,833094.0
36.7,sysbench,none,2,0.44766595349224314,12.9,1.1448531213796126e-06,598.0,1040.0,172832958.0,386075726.0,21135.36,0.44766595349224314,0.575,1.1448531213796126e-06,0.533802674982234,0.15908271064158722,0.008653917544362066,598.0,1040.0,386075726.0,172832958.0,3087.0,19405.0,1885620.0,1006549.0
36.9,sysbench,none,2,0.44768496414843106,13.200000000000001,1.030800609702503e-06,627.0,1025.0,172854589.0,386107649.0,21626.88,0.44768496414843106,0.6117073170731707,1.030800609702503e-06,0.513270413869372,0.18134107186959744,0.008288890236438733,627.0,1025.0,386107649.0,172854589.0,2937.0,16196.0,1599611.0,821033.0
37.0,sysbench,none,2,0.4482540279901284,12.8,1.60905634328177e-06,655.0,1276.0,172999381.0,385940494.0,20971.52,0.4482540279901284,0.5133228840125392,1.60905634328177e-06,0.5261493978875391,0.2032758298561375,0.007304371260527904,655.0,1276.0,385940494.0,172999381.0,3264.0,16057.0,1751417.0,921507.0
37.1,sysbench,none,2,0.4472975493791992,11.799999999999999,1.0477338676710522e-06,609.0,1014.0,172902216.0,386548543.0,19333.12,0.4472975493791992,0.6005917159763313,1.0477338676710522e-06,0.5630523188302471,0.19114998713660922,0.008877337307052386,609.0,1014.0,386548543.0,172902216.0,2972.0,15548.0,1416641.0,797643.0
37.2,sysbench,none,2,0.44728090777837703,12.5,9.966869994697756e-07,630.0,1015.0,172775555.0,386279745.0,20480.0,0.44728090777837703,0.6206896551724138,9.966869994697756e-07,0.5468823078311529,0.15830242199432687,0.0076936347762264195,630.0,1015.0,386279745.0,172775555.0,2902.0,18332.0,2005554.0,1096802.0
37.3,sysbench,none,2,0.44770923239423,12.3,9.488974019034001e-07,644.0,1011.0,173158118.0,386764680.0,20152.32,0.44770923239423,0.6369930761622157,9.488974019034001e-07,0.6221468476228432,0.16925400181214134,0.009822743511618307,644.0,1011.0,386764680.0,173158118.0,2802.0,16555.0,1400118.0,871079.0
37.4,sysbench,none,2,0.44762153234059116,13.100000000000001,9.805485251577397e-07,593.0,972.0,173013937.0,386518352.0,21463.04,0.44762153234059116,0.6100823045267489,9.805485251577397e-07,0.5734326013770521,0.14876262860320696,0.009840372528388574,593.0,972.0,386518352.0,173013937.0,3210.0,21578.0,1866596.0,1070367.0
37.5,sysbench,none,2,0.44754164712924727,15.5,1.169224883181601e-06,619.0,1070.0,172628282.0,385725626.0,25395.2,0.44754164712924727,0.5785046728971963,1.169224883181601e-06,0.565921733556386,0.12640770852152966,0.009071778114788698,619.0,1070.0,385725626.0,172628282.0,2099.0,16605.0,1599025.0,904923.0
37.6,sysbench,none,2,0.44763106640153344,12.5,1.0778911535304293e-06,632.0,1048.0,172758189.0,385938783.0,20480.0,0.44763106640153344,0.6030534351145038,1.0778911535304293e-06,0.5907462657588858,0.1469592177438588,0.009645171589565698,632.0,1048.0,385938783.0,172758189.0,3081.0,20965.0,1854192.0,1095357.0
37.7,sysbench,none,2,0.44738444376288977,74.7,1.1366549720267652e-06,614.0,1052.0,172395662.0,385341208.0,122388.48000000001,0.44738444376288977,0.5836501901140685,1.1366549720267652e-06,0.5656238312229559,0.14523336643495532,0.009030236999789653,614.0,1052.0,385341208.0,172395662.0,2925.0,20140.0,1906373.0,1078290.0
37.8,sysbench,none,2,0.4727299024282218,15.2,7.610022358933115e-05,16489.0,45604.0,180860587.0,382587575.0,24903.68,0.4727299024282218,0.36156916059994737,7.610022358933115e-05,0.5394833177286554,0.1571028000473915,0.008576411352704566,16489.0,45604.0,382587575.0,180860587.0,3978.0,25321.0,2488570.0,1342542.0
37.9,sysbench,none,2,0.4472651069405583,12.0,1.5640902216773697e-06,642.0,1247.0,173004975.0,386806331.0,19660.8,0.4472651069405583,0.5148356054530874,1.5640902216773697e-06,0.5772185298896259,0.1635994008131821,0.008925156335810577,642.0,1247.0,386806331.0,173004975.0,3058.0,18692.0,1751678.0,1011101.0
38.0,sysbench,none,2,0.44817422587926636,13.100000000000001,1.7708603622546518e-06,663.0,1347.0,173108607.0,386252928.0,21463.04,0.44817422587926636,0.4922048997772829,1.7708603622546518e-06,0.5369469304743837,0.19716118996694537,0.00846518252046077,663.0,1347.0,386252928.0,173108607.0,3042.0,15429.0,1463288.0,785708.0
38.1,sysbench,none,2,0.4473731189833619,13.100000000000001,1.6511783677124067e-06,663.0,1301.0,172860822.0,386390721.0,21463.04,0.4473731189833619,0.509607993850884,1.6511783677124067e-06,0.5326211814776123,0.2069692180326635,0.00782911327509113,663.0,1301.0,386390721.0,172860822.0,2750.0,13287.0,1345874.0,716841.0
38.2,sysbench,none,2,0.4476328345570064,13.3,1.192895932331972e-06,643.0,1103.0,172614474.0,385616203.0,21790.72,0.4476328345570064,0.5829555757026292,1.192895932331972e-06,0.5012338440047196,0.1646273637374861,0.007307453280823573,643.0,1103.0,385616203.0,172614474.0,3404.0,20677.0,2363751.0,1184792.0
38.4,sysbench,none,2,0.4478818984520661,11.7,1.0276654316268071e-06,591.0,988.0,173022375.0,386312498.0,19169.28,0.4478818984520661,0.5981781376518218,1.0276654316268071e-06,0.537497005031547,0.16461985039633806,0.008416845614859992,591.0,988.0,386312498.0,173022375.0,2949.0,17914.0,1777982.0,955660.0
38.5,sysbench,none,2,0.4475516337223574,12.1,1.263114359404355e-06,571.0,1058.0,172555750.0,385554955.0,19824.64,0.4475516337223574,0.5396975425330813,1.263114359404355e-06,0.6035935976337288,0.13027815013404825,0.010194331594178988,571.0,1058.0,385554955.0,172555750.0,3110.0,23872.0,2036622.0,1229292.0
38.6,sysbench,none,2,0.44733548394034967,24.2,1.0378902812018774e-06,630.0,1031.0,172832844.0,386360685.0,39649.28,0.44733548394034967,0.6110572259941804,1.0378902812018774e-06,0.5563499043781511,0.15912572770912062,0.008419836164490034,630.0,1031.0,386360685.0,172832844.0,3116.0,19582.0,1955620.0,1088009.0
38.7,sysbench,none,2,0.44783204016146677,11.899999999999999,2.666954241125539e-06,642.0,1670.0,172620636.0,385458432.0,19496.96,0.44783204016146677,0.3844311377245509,2.666954241125539e-06,0.5920215981347066,0.14055089820359282,0.010192869706707148,642.0,1670.0,385458432.0,172620636.0,2934.0,20875.0,1760152.0,1042048.0
38.8,sysbench,none,2,0.4481258446358616,12.5,1.026592614602225e-06,590.0,987.0,173297526.0,386716205.0,20480.0,0.4481258446358616,0.5977710233029382,1.026592614602225e-06,0.5663400617652269,0.1707789617642031,0.009306353095264133,590.0,987.0,386716205.0,173297526.0,2997.0,17549.0,1563663.0,885565.0
39.1,sysbench,none,2,0.44734837711879166,16.2,1.1528094102938993e-06,607.0,1051.0,172294464.0,385146058.0,26542.079999999998,0.44734837711879166,0.5775451950523312,1.1528094102938993e-06,0.5588630839355935,0.1881686595342983,0.008910433565119728,607.0,1051.0,385146058.0,172294464.0,2990.0,15890.0,1447741.0,809089.0
39.2,sysbench,none,2,0.44803913300920145,7.6,1.0641332031921729e-06,571.0,982.0,173046084.0,386229843.0,12451.84,0.44803913300920145,0.5814663951120163,1.0641332031921729e-06,0.5481031385819447,0.16307623618707445,0.0075156768720029505,571.0,982.0,386229843.0,173046084.0,2922.0,17918.0,1995296.0,1093628.0
39.3,sysbench,none,2,0.4476194772183722,11.799999999999999,1.0863770981278493e-06,561.0,981.0,173052415.0,386606088.0,19333.12,0.4476194772183722,0.5718654434250765,1.0863770981278493e-06,0.49126129864433193,0.2430540675666024,0.007174000307321771,561.0,981.0,386606088.0,173052415.0,3403.0,14001.0,1477279.0,725730.0
39.4,sysbench,none,2,0.44766752029823687,8.4,1.1482267209348612e-06,723.0,1167.0,173105516.0,386683215.0,13762.56,0.44766752029823687,0.6195372750642674,1.1482267209348612e-06,0.5079184112682621,0.1491686079203149,0.007618822923507507,723.0,1167.0,386683215.0,173105516.0,1857.0,12449.0,1390241.0,706129.0
39.5,sysbench,none,2,0.4477413467902939,10.5,1.0233665226295989e-06,620.0,1015.0,172819638.0,385980967.0,17203.2,0.4477413467902939,0.6108374384236454,1.0233665226295989e-06,0.6055129318566437,0.16812763786466306,0.009098767486313294,620.0,1015.0,385980967.0,172819638.0,3625.0,21561.0,1971256.0,1193621.0
39.6,sysbench,none,2,0.44788299051675984,16.4,1.1649987283870226e-06,571.0,1020.0,172617753.0,385408146.0,26869.76,0.44788299051675984,0.5598039215686275,1.1649987283870226e-06,0.5546698458198182,0.1680571514212919,0.00910289501907164,571.0,1020.0,385408146.0,172617753.0,3364.0,20017.0,1829418.0,1014723.0
39.7,sysbench,none,2,0.4476844542654018,12.8,1.0702159544095485e-06,586.0,998.0,172344651.0,384969032.0,20971.52,0.4476844542654018,0.5871743486973948,1.0702159544095485e-06,0.5660048420650139,0.13405651533413687,0.00917966938425515,586.0,998.0,384969032.0,172344651.0,3003.0,22401.0,2113148.0,1196052.0
39.8,sysbench,none,2,0.4478136252882477,20.299999999999997,1.3381990180471956e-06,619.0,1135.0,172673741.0,385592870.0,33259.52,0.4478136252882477,0.5453744493392071,1.3381990180471956e-06,0.5633098892306694,0.15636630754162587,0.009312949037458306,619.0,1135.0,385592870.0,172673741.0,3193.0,20420.0,1849790.0,1042005.0
39.9,sysbench,none,2,0.4473959044314877,11.399999999999999,1.5531935612878646e-06,703.0,1297.0,171101126.0,382437846.0,18677.76,0.4473959044314877,0.5420200462606014,1.5531935612878646e-06,0.5208223257057198,0.16388825017245343,0.008236961730549133,703.0,1297.0,382437846.0,171101126.0,2851.0,17396.0,1765821.0,919679.0
40.0,sysbench,none,2,0.44720935565557024,13.4,8.713602484742182e-07,735.0,1075.0,174498643.0,390194527.0,21954.56,0.44720935565557024,0.6837209302325581,8.713602484742182e-07,0.5134785373138743,0.17685501127754322,0.008418282097916575,735.0,1075.0,390194527.0,174498643.0,3058.0,17291.0,1690725.0,868151.0
40.1,sysbench,none,2,0.44753419277117634,13.0,1.1356381472556684e-06,664.0,1103.0,173001859.0,386566796.0,21299.2,0.44753419277117634,0.6019945602901179,1.1356381472556684e-06,0.5627718745639042,0.17337795530605635,0.008722769824023785,664.0,1103.0,386566796.0,173001859.0,3212.0,18526.0,1755635.0,988022.0
40.2,sysbench,none,2,0.44780937400089244,13.0,1.4891035970822747e-06,602.0,1177.0,172916371.0,386138346.0,21299.2,0.44780937400089244,0.5114698385726423,1.4891035970822747e-06,0.570578878673651,0.17483805788316395,0.007801425213914124,602.0,1177.0,386138346.0,172916371.0,2942.0,16827.0,1779803.0,1015518.0
40.3,sysbench,none,2,0.4479190184653966,12.8,9.230132798354145e-07,701.0,1057.0,172759346.0,385693259.0,20971.52,0.4479190184653966,0.663197729422895,9.230132798354145e-07,0.4999730296432912,0.1996560619088564,0.008011917454641023,701.0,1057.0,385693259.0,172759346.0,3483.0,17445.0,1742654.0,871280.0
40.4,sysbench,none,2,0.4475343529775153,14.0,9.861849874824654e-07,551.0,932.0,172899193.0,386337254.0,22937.6,0.4475343529775153,0.5912017167381974,9.861849874824654e-07,0.5359122719256162,0.18302224209232146,0.008319689134209407,551.0,932.0,386337254.0,172899193.0,3275.0,17894.0,1757157.0,941682.0
40.5,sysbench,none,2,0.4476473546919475,14.5,1.2816467776706994e-06,563.0,1057.0,172541918.0,385441612.0,23756.8,0.4476473546919475,0.532639545884579,1.2816467776706994e-06,0.5807991511307617,0.16126526082130965,0.009101737845380058,563.0,1057.0,385441612.0,172541918.0,2906.0,18020.0,1660562.0,964453.0
40.6,sysbench,none,2,0.44779527410119996,12.6,1.1228532051580236e-06,604.0,1037.0,172680946.0,385624762.0,20643.84,0.44779527410119996,0.5824493731918997,1.1228532051580236e-06,0.5331364565348548,0.17077732320280536,0.008334855828965093,604.0,1037.0,385624762.0,172680946.0,2922.0,17110.0,1702249.0,907531.0
40.7,sysbench,none,2,0.448000507781399,12.0,1.1837181153254599e-06,629.0,1086.0,172960293.0,386071645.0,19660.8,0.448000507781399,0.5791896869244936,1.1837181153254599e-06,0.6000515707053238,0.16303360581289736,0.009272664381623219,629.0,1086.0,386071645.0,172960293.0,2872.0,17616.0,1590050.0,954112.0
40.8,sysbench,none,2,0.4480305860599087,12.5,1.0819040808844743e-06,577.0,995.0,173099250.0,386355877.0,20480.0,0.4480305860599087,0.5798994974874372,1.0819040808844743e-06,0.5927319326311046,0.14428194677535364,0.010052385512307778,577.0,995.0,386355877.0,173099250.0,3009.0,20855.0,1775300.0,1052277.0
40.9,sysbench,none,2,0.4476596260121955,11.7,1.65206047118251e-06,615.0,1253.0,172879169.0,386184411.0,19169.28,0.4476596260121955,0.49082202713487627,1.65206047118251e-06,0.5975507808472331,0.1566416670861227,0.00885938404676359,615.0,1253.0,386184411.0,172879169.0,3112.0,19867.0,1891215.0,1130097.0
41.1,sysbench,none,2,0.44809085862349357,12.1,1.1029045548081106e-06,634.0,1060.0,173076360.0,386252825.0,19824.64,0.44809085862349357,0.5981132075471698,1.1029045548081106e-06,0.560388716391154,0.14855249049614971,0.009387960840327284,634.0,1060.0,386252825.0,173076360.0,3048.0,20518.0,1860894.0,1042824.0
41.2,sysbench,none,2,0.44719482734608546,11.5,1.0499920585600638e-06,578.0,983.0,172490738.0,385717203.0,18841.6,0.44719482734608546,0.5879959308240081,1.0499920585600638e-06,0.57101519240192,0.1485162987867271,0.0084193455602948,578.0,983.0,385717203.0,172490738.0,3048.0,20523.0,2075577.0,1185186.0
41.3,sysbench,none,2,0.44741136627462863,12.2,1.0303038348405763e-06,569.0,967.0,172832244.0,386293816.0,19988.48,0.44741136627462863,0.5884177869700103,1.0303038348405763e-06,0.5960315971570895,0.16131334760885083,0.009647528874690758,569.0,967.0,386293816.0,172832244.0,2938.0,18213.0,1583307.0,943701.0
41.4,sysbench,none,2,0.4473703622644545,13.200000000000001,1.0561304032786575e-06,628.0,1036.0,172826298.0,386315931.0,21626.88,0.4473703622644545,0.6061776061776062,1.0561304032786575e-06,0.5317848372628808,0.16928953399541635,0.00847890229119059,628.0,1036.0,386315931.0,172826298.0,3324.0,19635.0,1923716.0,1023003.0
41.5,sysbench,none,2,0.44808195027486125,15.2,1.0510574317326226e-06,554.0,960.0,173084045.0,386277655.0,24903.68,0.44808195027486125,0.5770833333333333,1.0510574317326226e-06,0.5390035699213589,0.17317677602076942,0.008787161075378453,554.0,960.0,386277655.0,173084045.0,2935.0,16948.0,1594713.0,859556.0
41.6,sysbench,none,2,0.44762847431650143,13.3,1.1401108802760268e-06,617.0,1056.0,172359464.0,385050268.0,21790.72,0.44762847431650143,0.584280303030303,1.1401108802760268e-06,0.565655705362206,0.1532192339038305,0.008961087405101091,617.0,1056.0,385050268.0,172359464.0,3008.0,19632.0,1855132.0,1049366.0
41.7,sysbench,none,2,0.447351293342787,13.799999999999999,9.630683382108774e-07,601.0,973.0,172796337.0,386265424.0,22609.92,0.447351293342787,0.6176772867420349,9.630683382108774e-07,0.48577713671457,0.22117962466487937,0.006362099456319728,601.0,973.0,386265424.0,172796337.0,2970.0,13428.0,1643797.0,798519.0
41.8,sysbench,none,2,0.4477124226582993,13.0,1.2789605306138998e-06,612.0,1105.0,172579387.0,385469284.0,21299.2,0.4477124226582993,0.5538461538461539,1.2789605306138998e-06,0.5529454867818244,0.16330163250775567,0.008969680712733054,612.0,1105.0,385469284.0,172579387.0,3211.0,19663.0,1834179.0,1014201.0
41.9,sysbench,none,2,0.44725847040348904,12.1,9.635119825276946e-07,615.0,987.0,172680936.0,386087570.0,19824.64,0.44725847040348904,0.6231003039513677,9.635119825276946e-07,0.49176670087911106,0.1847041847041847,0.0075943024182947155,615.0,987.0,386087570.0,172680936.0,3200.0,17325.0,1859947.0,914660.0
42.0,sysbench,none,2,0.44813990804841286,11.600000000000001,1.5624202420358134e-06,627.0,1231.0,173241806.0,386579733.0,19005.440000000002,0.44813990804841286,0.5093419983753046,1.5624202420358134e-06,0.6401590912426435,0.13846004466453055,0.010417834656647636,627.0,1231.0,386579733.0,173241806.0,2852.0,20598.0,1703425.0,1090463.0
42.1,sysbench,none,2,0.44810988559919307,11.8,1.2217087456289746e-06,616.0,1088.0,173124623.0,386344128.0,19333.120000000003,0.44810988559919307,0.5661764705882353,1.2217087456289746e-06,0.5496712033020246,0.14171626227173306,0.00875252297063939,616.0,1088.0,386344128.0,173124623.0,2786.0,19659.0,1927787.0,1059649.0
42.2,sysbench,none,2,0.4478465663415183,15.8,9.567488237512164e-07,689.0,1058.0,172725985.0,385681164.0,25886.72,0.4478465663415183,0.6512287334593573,9.567488237512164e-07,0.5204140644927385,0.16790370158911408,0.007014038504420421,689.0,1058.0,385681164.0,172725985.0,3529.0,21018.0,2493428.0,1297615.0
42.3,sysbench,none,2,0.44764981013376165,11.799999999999999,1.3086553690224517e-06,619.0,1125.0,173086673.0,386656420.0,19333.12,0.44764981013376165,0.5502222222222222,1.3086553690224517e-06,0.5568119619172933,0.17776664997496244,0.00885468767273247,619.0,1125.0,386656420.0,173086673.0,2840.0,15976.0,1483508.0,826035.0
42.4,sysbench,none,2,0.44812285785649214,13.5,9.557214807763176e-07,624.0,993.0,173018330.0,386095748.0,22118.4,0.44812285785649214,0.6283987915407855,9.557214807763176e-07,0.5540422611996597,0.20511377844461115,0.00826211066874687,624.0,993.0,386095748.0,173018330.0,3281.0,15996.0,1538953.0,852645.0
42.5,sysbench,none,2,0.4477571081011361,16.599999999999998,1.2727699154782851e-06,589.0,1079.0,172380711.0,384987101.0,27197.44,0.4477571081011361,0.5458758109360519,1.2727699154782851e-06,0.6133630331062623,0.1261824839792493,0.009708367555032306,589.0,1079.0,384987101.0,172380711.0,3308.0,26216.0,2359614.0,1447300.0
42.6,sysbench,none,2,0.4474073354506376,11.500000000000002,1.0625516271168712e-06,607.0,1016.0,172217138.0,384922473.0,18841.600000000002,0.4474073354506376,0.5974409448818898,1.0625516271168712e-06,0.5507126852278839,0.16325150821718326,0.009344301712512153,607.0,1016.0,384922473.0,172217138.0,3139.0,19228.0,1721798.0,948216.0
42.7,sysbench,none,2,0.44823580221238946,8.100000000000001,1.234011037590986e-06,537.0,1013.0,172899784.0,385733989.0,13271.04,0.44823580221238946,0.5301085883514314,1.234011037590986e-06,0.5672899274767204,0.15603806319331265,0.00929736629642457,537.0,1013.0,385733989.0,172899784.0,2968.0,19021.0,1726618.0,979493.0
42.8,sysbench,none,2,0.44794548363071973,11.0,1.0524239482812536e-06,524.0,930.0,172806659.0,385776094.0,18022.4,0.44794548363071973,0.5634408602150538,1.0524239482812536e-06,0.5533173861259295,0.1883061049011178,0.00881833862126717,524.0,930.0,385776094.0,172806659.0,3066.0,16282.0,1498695.0,829254.0
42.9,sysbench,none,2,0.44740644011581243,9.6,1.546423742908842e-06,795.0,1393.0,173011474.0,386698667.0,15728.64,0.44740644011581243,0.5707106963388371,1.546423742908842e-06,0.510105152694937,0.1939594749585829,0.007920576342459424,795.0,1393.0,386698667.0,173011474.0,3044.0,15694.0,1597106.0,814692.0
43.0,sysbench,none,2,0.44749131557211125,12.0,1.131965361051775e-06,584.0,1021.0,172755909.0,386054216.0,19660.8,0.44749131557211125,0.5719882468168462,1.131965361051775e-06,0.5362631696295767,0.19113393542293844,0.008235168973311273,584.0,1021.0,386054216.0,172755909.0,3238.0,16941.0,1663961.0,892321.0
43.2,sysbench,none,2,0.4472196390236566,11.600000000000001,1.0160535789842864e-06,604.0,995.0,172100057.0,384822226.0,19005.440000000002,0.4472196390236566,0.607035175879397,1.0160535789842864e-06,0.5559163638389273,0.17835224102659475,0.00868604982649527,604.0,995.0,384822226.0,172100057.0,2877.0,16131.0,1525895.0,848270.0
43.3,sysbench,none,2,0.44743575664605906,12.0,1.0580380731715282e-06,619.0,1028.0,172962797.0,386564539.0,19660.8,0.44743575664605906,0.6021400778210116,1.0580380731715282e-06,0.5609080512156893,0.18239942095421918,0.008863549722519562,619.0,1028.0,386564539.0,172962797.0,3024.0,16579.0,1529297.0,857795.0
43.5,sysbench,none,2,0.44752758703339235,11.799999999999999,1.2054810730650303e-06,617.0,1083.0,172999693.0,386567662.0,19333.12,0.44752758703339235,0.569713758079409,1.2054810730650303e-06,0.5663148616665307,0.17806259314456035,0.009002203541989717,617.0,1083.0,386567662.0,172999693.0,2987.0,16775.0,1531625.0,867382.0
43.6,sysbench,none,2,0.4478045299262211,13.5,1.2927993381533295e-06,581.0,1078.0,172152665.0,384437078.0,22118.4,0.4478045299262211,0.538961038961039,1.2927993381533295e-06,0.5852681302748142,0.14771727441587643,0.009133233319644309,581.0,1078.0,384437078.0,172152665.0,3022.0,20458.0,1909072.0,1117319.0
43.7,sysbench,none,2,0.447427560374536,12.3,9.835846605250986e-07,610.0,990.0,172860029.0,386341934.0,20152.32,0.447427560374536,0.6161616161616161,9.835846605250986e-07,0.6134736194701929,0.16220595630552606,0.00998031095118474,610.0,990.0,386341934.0,172860029.0,2903.0,17897.0,1502358.0,921657.0
43.8,sysbench,none,2,0.4479097484124672,14.399999999999999,1.1875282577599467e-06,575.0,1033.0,172747607.0,385675033.0,23592.96,0.4479097484124672,0.5566311713455954,1.1875282577599467e-06,0.5134589960243595,0.21256629946960423,0.007807006484939152,575.0,1033.0,385675033.0,172747607.0,3126.0,14706.0,1483283.0,761605.0
43.9,sysbench,none,2,0.44779495625757093,12.7,1.095887219722828e-06,588.0,1011.0,172843759.0,385988624.0,20807.68,0.44779495625757093,0.5816023738872403,1.095887219722828e-06,0.5502028288934286,0.1897810218978102,0.008646762235460683,588.0,1011.0,385988624.0,172843759.0,3120.0,16440.0,1540461.0,847566.0
44.0,sysbench,none,2,0.4478893955275818,11.899999999999999,1.4415078841203332e-06,651.0,1208.0,173064883.0,386400939.0,19496.96,0.4478893955275818,0.5389072847682119,1.4415078841203332e-06,0.5463062588875738,0.1862370289459312,0.00866583885610927,651.0,1208.0,386400939.0,173064883.0,2728.0,14648.0,1375516.0,751453.0
44.1,sysbench,none,2,0.4475371775001267,11.400000000000002,1.0741919922657348e-06,552.0,967.0,172900124.0,386336896.0,18677.760000000002,0.4475371775001267,0.5708376421923474,1.0741919922657348e-06,0.5621029930135832,0.17550586986018524,0.009045966402545505,552.0,967.0,386336896.0,172900124.0,2975.0,16951.0,1544998.0,868448.0
44.2,sysbench,none,2,0.4475917992856502,13.0,1.2810501067501129e-06,635.0,1129.0,172600859.0,385621138.0,21299.2,0.4475917992856502,0.562444641275465,1.2810501067501129e-06,0.5691832627463848,0.16389524535977626,0.009237919406148199,635.0,1129.0,385621138.0,172600859.0,3223.0,19665.0,1779838.0,1013054.0
44.3,sysbench,none,2,0.4472328414690454,13.0,8.970353781860582e-07,719.0,1065.0,172504415.0,385714999.0,21299.2,0.4472328414690454,0.6751173708920187,8.970353781860582e-07,0.5195949495323472,0.18170069785474283,0.008493997592920202,719.0,1065.0,385714999.0,172504415.0,3515.0,19345.0,1863669.0,968353.0
44.4,sysbench,none,2,0.44762441801499875,13.5,1.2652881448066546e-06,598.0,1087.0,172994856.0,386473233.0,22118.4,0.44762441801499875,0.5501379944802208,1.2652881448066546e-06,0.6168163408311401,0.15436000205539283,0.009873155420156548,598.0,1087.0,386473233.0,172994856.0,3004.0,19461.0,1666843.0,1028136.0
44.5,sysbench,none,2,0.4480940677769322,22.599999999999998,1.313210597297049e-06,548.0,1054.0,172657454.0,385315197.0,37027.84,0.4480940677769322,0.5199240986717267,1.313210597297049e-06,0.6383166516095288,0.1294273969189885,0.01038447212844531,548.0,1054.0,385315197.0,172657454.0,3117.0,24083.0,2018976.0,1288746.0
44.6,sysbench,none,2,0.4473438248046874,15.4,1.2423747015638948e-06,574.0,1053.0,172474288.0,385551959.0,25231.36,0.4473438248046874,0.5451092117758785,1.2423747015638948e-06,0.5860647505479076,0.13397628046396456,0.009911559160100393,574.0,1053.0,385551959.0,172474288.0,3084.0,23019.0,2011288.0,1178745.0
44.7,sysbench,none,2,0.44810053603644895,12.0,1.2636286173594143e-06,618.0,1105.0,172697071.0,385398046.0,19660.8,0.44810053603644895,0.5592760180995475,1.2636286173594143e-06,0.6113805419929875,0.12633832976445397,0.010128482783068752,618.0,1105.0,385398046.0,172697071.0,2950.0,23350.0,2014122.0,1231395.0
44.8,sysbench,none,2,0.44779333854647174,13.0,1.0861605121524187e-06,565.0,984.0,172741880.0,385762505.0,21299.2,0.44779333854647174,0.5741869918699187,1.0861605121524187e-06,0.6180236869120647,0.1572561829211386,0.009735184300083731,565.0,984.0,385762505.0,172741880.0,3033.0,19287.0,1669614.0,1031861.0
44.9,sysbench,none,2,0.4481809794554326,12.2,9.049549874355015e-07,604.0,954.0,173338282.0,386759568.0,19988.48,0.4481809794554326,0.6331236897274634,9.049549874355015e-07,0.5796820146629815,0.1870065690351353,0.009158423067548972,604.0,954.0,386759568.0,173338282.0,3103.0,16593.0,1472961.0,853849.0
45.0,sysbench,none,2,0.44738313167954824,12.6,1.5737108129959855e-06,680.0,1288.0,172845571.0,386347984.0,20643.84,0.44738313167954824,0.5279503105590062,1.5737108129959855e-06,0.5384267298079453,0.18115159438413006,0.008422344996930632,680.0,1288.0,386347984.0,172845571.0,3187.0,17593.0,1710450.0,920952.0
45.1,sysbench,none,2,0.447473178900686,13.599999999999998,9.891404240764008e-07,615.0,997.0,172811413.0,386193902.0,22282.239999999998,0.447473178900686,0.6168505516549649,9.891404240764008e-07,0.5571608755574855,0.19693453834880312,0.00800927665592145,615.0,997.0,386193902.0,172811413.0,3225.0,16376.0,1641971.0,914842.0
45.3,sysbench,none,2,0.44730154742282613,13.0,1.112259739157088e-06,608.0,1038.0,172926933.0,386600346.0,21299.2,0.44730154742282613,0.5857418111753372,1.112259739157088e-06,0.5668965345971713,0.19665671641791044,0.008793886105581529,608.0,1038.0,386600346.0,172926933.0,3294.0,16750.0,1530154.0,867439.0
45.4,sysbench,none,2,0.44801104895203514,12.3,9.966165670020763e-07,632.0,1017.0,173069824.0,386307044.0,20152.32,0.44801104895203514,0.6214355948869223,9.966165670020763e-07,0.562075001492739,0.17731166912850813,0.00875153594986911,632.0,1017.0,386307044.0,173069824.0,3001.0,16925.0,1591035.0,894281.0
45.5,sysbench,none,2,0.44718231380223944,12.0,1.047174784486258e-06,602.0,1007.0,172949960.0,386754920.0,19660.8,0.44718231380223944,0.5978152929493545,1.047174784486258e-06,0.5436497760171716,0.1745664739884393,0.008576149056833803,602.0,1007.0,386754920.0,172949960.0,3020.0,17300.0,1665083.0,905222.0
45.6,sysbench,none,2,0.4477417976980031,15.5,1.309131978688154e-06,569.0,1072.0,172033170.0,384224057.0,25395.2,0.4477417976980031,0.5307835820895522,1.309131978688154e-06,0.5244015390850706,0.19677871148459383,0.008194900546629809,569.0,1072.0,384224057.0,172033170.0,3091.0,15708.0,1539616.0,807377.0
45.7,sysbench,none,2,0.44808446357974663,12.6,9.337307853691113e-07,606.0,967.0,173238897.0,386621075.0,20643.84,0.44808446357974663,0.6266804550155118,9.337307853691113e-07,0.5398836720943718,0.17913209574404584,0.008724592922116893,606.0,967.0,386621075.0,173238897.0,3001.0,16753.0,1576234.0,850983.0
45.8,sysbench,none,2,0.44766167867481504,12.3,1.220276080349229e-06,631.0,1101.0,172420809.0,385158742.0,20152.32,0.44766167867481504,0.5731153496821072,1.220276080349229e-06,0.5364228446268358,0.1765280112804382,0.008719866812993199,631.0,1101.0,385158742.0,172420809.0,3255.0,18439.0,1741311.0,934079.0
45.9,sysbench,none,2,0.44777641550645003,12.7,8.404154263719399e-07,678.0,1002.0,172628386.0,385523623.0,20807.68,0.44777641550645003,0.6766467065868264,8.404154263719399e-07,0.5279213463343564,0.19328842158282442,0.00836367529122405,678.0,1002.0,385523623.0,172628386.0,3070.0,15883.0,1531982.0,808766.0
46.0,sysbench,none,2,0.4482197265142433,11.5,1.5759130187928946e-06,642.0,1251.0,173211218.0,386442648.0,18841.6,0.4482197265142433,0.513189448441247,1.5759130187928946e-06,0.5500642016542749,0.18868040982594741,0.008823112864024723,642.0,1251.0,386442648.0,173211218.0,3057.0,16202.0,1489837.0,819506.0
46.1,sysbench,none,2,0.44754681089951986,11.799999999999999,1.0521312369419759e-06,575.0,981.0,172700894.0,385883420.0,19333.12,0.44754681089951986,0.5861365953109072,1.0521312369419759e-06,0.5861152877465396,0.1682965909718769,0.009489946129283416,575.0,981.0,385883420.0,172700894.0,3046.0,18099.0,1586205.0,929699.0
46.2,sysbench,none,2,0.4474542997774851,11.200000000000001,1.2099637974427224e-06,614.0,1081.0,172700339.0,385961961.0,18350.08,0.4474542997774851,0.5679925994449584,1.2099637974427224e-06,0.6025296958508456,0.1718732378482012,0.009091848971053548,614.0,1081.0,385961961.0,172700339.0,3048.0,17734.0,1615293.0,973262.0
46.3,sysbench,none,2,0.4477759410179117,9.1,1.007374775792429e-06,561.0,950.0,172909671.0,386152214.0,14909.439999999999,0.4477759410179117,0.5905263157894737,1.007374775792429e-06,0.5471869765109721,0.20633154022135658,0.008126385682974727,561.0,950.0,386152214.0,172909671.0,3337.0,16173.0,1579546.0,864307.0
46.4,sysbench,none,2,0.44745856070622686,11.7,1.0109527003388226e-06,543.0,934.0,173060814.0,386763891.0,19169.28,0.44745856070622686,0.5813704496788008,1.0109527003388226e-06,0.5292151795393045,0.2255541069100391,0.007627345445894913,543.0,934.0,386763891.0,173060814.0,3287.0,14573.0,1479676.0,783067.0
46.5,sysbench,none,2,0.4475626168964007,8.8,1.6459133299616953e-06,689.0,1325.0,172943386.0,386411598.0,14417.92,0.4475626168964007,0.52,1.6459133299616953e-06,0.58133234243509,0.17391566992871813,0.008701113106198756,689.0,1325.0,386411598.0,172943386.0,2879.0,16554.0,1571638.0,913644.0
46.6,sysbench,none,2,0.44752654598548935,14.0,1.1807151148228192e-06,579.0,1034.0,172458687.0,385359681.0,22937.6,0.44752654598548935,0.5599613152804642,1.1807151148228192e-06,0.5995838690652805,0.17276458008207618,0.00873777279592856,579.0,1034.0,385359681.0,172458687.0,2989.0,17301.0,1637946.0,982086.0
46.7,sysbench,none,2,0.44757380267651053,12.5,1.0870860999264762e-06,593.0,1013.0,172921903.0,386353942.0,20480.0,0.44757380267651053,0.5853899308983218,1.0870860999264762e-06,0.5466449306791499,0.16667592335462372,0.008975965780775615,593.0,1013.0,386353942.0,172921903.0,3001.0,18005.0,1671575.0,913758.0
46.8,sysbench,none,2,0.44761234973532016,13.0,1.1716544237419906e-06,624.0,1076.0,172679570.0,385779280.0,21299.2,0.44761234973532016,0.5799256505576208,1.1716544237419906e-06,0.554229316306229,0.17125781037761478,0.00931454749973436,624.0,1076.0,385779280.0,172679570.0,3152.0,18405.0,1637546.0,907576.0
46.9,sysbench,none,2,0.4472675357242923,11.7,1.016117290486065e-06,580.0,973.0,172988043.0,386766374.0,19169.28,0.4472675357242923,0.5960945529290853,1.016117290486065e-06,0.5855648606915701,0.16986429574169395,0.009490748325978316,580.0,973.0,386766374.0,172988043.0,2904.0,17096.0,1495351.0,875625.0
47.0,sysbench,none,2,0.44708592714174517,109.4,2.3809117604586567e-06,709.0,1627.0,172381391.0,385566578.0,179240.96000000002,0.44708592714174517,0.43577135832821146,2.3809117604586567e-06,0.6283171336018096,0.1497978711567704,0.009966345541425503,709.0,1627.0,385566578.0,172381391.0,4039.0,26963.0,2300141.0,1445218.0
47.1,sysbench,none,2,0.4473239185192418,13.900000000000002,1.0316749683965508e-06,686.0,1085.0,173002398.0,386749715.0,22773.760000000002,0.4473239185192418,0.632258064516129,1.0316749683965508e-06,0.5604520568073648,0.19970593875855014,0.007997878987280313,686.0,1085.0,386749715.0,173002398.0,3124.0,15643.0,1565290.0,877270.0
47.2,sysbench,none,2,0.4475662741569877,14.399999999999999,1.3472646112069507e-06,570.0,1088.0,172081511.0,384482748.0,23592.96,0.4475662741569877,0.5238970588235294,1.3472646112069507e-06,0.5418874066001146,0.1459936035958164,0.00898804035702898,570.0,1088.0,384482748.0,172081511.0,3378.0,23138.0,2198477.0,1191327.0
47.4,sysbench,none,2,0.448038330393752,12.4,1.0820862332640347e-06,625.0,1043.0,173073103.0,386290840.0,20316.16,0.448038330393752,0.5992329817833174,1.0820862332640347e-06,0.5798561630236176,0.18441544198289098,0.00934513083057497,625.0,1043.0,386290840.0,173073103.0,3363.0,18236.0,1591524.0,922855.0
47.5,sysbench,none,2,0.4479847443405992,16.400000000000002,9.627464410583217e-07,634.0,1006.0,173098874.0,386394573.0,26869.760000000002,0.4479847443405992,0.6302186878727635,9.627464410583217e-07,0.516929935157358,0.18389401062335917,0.008485917325948866,634.0,1006.0,386394573.0,173098874.0,3012.0,16379.0,1575198.0,814267.0
47.6,sysbench,none,2,0.4476039223967407,21.9,1.2478432816152813e-06,649.0,1129.0,172176976.0,384663689.0,35880.96,0.4476039223967407,0.5748449955713021,1.2478432816152813e-06,0.5570569144938462,0.18622881355932203,0.008787754340969903,649.0,1129.0,384663689.0,172176976.0,3516.0,18880.0,1748342.0,973926.0
47.7,sysbench,none,2,0.44760766668393054,71.4,9.810598399287233e-07,651.0,1030.0,172918408.0,386316904.0,116981.76000000001,0.44760766668393054,0.6320388349514563,9.810598399287233e-07,0.4972194942134119,0.2443871147678148,0.007452965918687915,651.0,1030.0,386316904.0,172918408.0,3505.0,14342.0,1454052.0,722983.0
47.8,sysbench,none,2,0.47306799850582965,15.0,7.774375437545417e-05,14403.0,43951.0,179798536.0,380069116.0,24576.0,0.47306799850582965,0.32770585424677484,7.774375437545417e-05,0.572178731019155,0.13242255147200307,0.00980138968958498,14403.0,43951.0,380069116.0,179798536.0,3441.0,25985.0,2300082.0,1316058.0
47.9,sysbench,none,2,0.4474372394672821,12.3,1.7032984371643147e-06,616.0,1273.0,172586471.0,385722188.0,20152.32,0.4474372394672821,0.4838963079340141,1.7032984371643147e-06,0.5361122663964275,0.19157777226494666,0.00848402484481752,616.0,1273.0,385722188.0,172586471.0,3089.0,16124.0,1536417.0,823692.0
48.0,sysbench,none,2,0.44759342418815207,12.5,1.843602125534463e-06,674.0,1386.0,172860789.0,386200466.0,20480.0,0.44759342418815207,0.4862914862914863,1.843602125534463e-06,0.5722709640964555,0.17493943320750466,0.00931822462495482,674.0,1386.0,386200466.0,172860789.0,3105.0,17749.0,1571544.0,899349.0
48.1,sysbench,none,2,0.4473429692678148,12.1,1.1376771922207567e-06,615.0,1055.0,173011209.0,386752941.0,19824.64,0.4473429692678148,0.5829383886255924,1.1376771922207567e-06,0.6089262911737103,0.1556631069493398,0.009877075031923567,615.0,1055.0,386752941.0,173011209.0,2959.0,19009.0,1624975.0,989490.0
48.2,sysbench,none,2,0.4474192402634179,13.100000000000001,1.2462848339785104e-06,699.0,1180.0,172680152.0,385947086.0,21463.04,0.4474192402634179,0.5923728813559322,1.2462848339785104e-06,0.5889896749800043,0.1817603147965974,0.009179815313022614,699.0,1180.0,385947086.0,172680152.0,3141.0,17281.0,1540336.0,907242.0
48.3,sysbench,none,2,0.4473355681707308,13.599999999999998,1.1329262204872233e-06,614.0,1051.0,172549315.0,385726795.0,22282.239999999998,0.4473355681707308,0.5842055185537584,1.1329262204872233e-06,0.5686613386385986,0.16871088861076344,0.009449434570419201,614.0,1051.0,385726795.0,172549315.0,3370.0,19975.0,1757248.0,999279.0
48.4,sysbench,none,2,0.4481669794014953,27.199999999999996,9.467654703178665e-07,618.0,984.0,173252109.0,386579371.0,44564.479999999996,0.4481669794014953,0.6280487804878049,9.467654703178665e-07,0.5743740384940702,0.17526447165101627,0.00920591136665028,618.0,984.0,386579371.0,173252109.0,2949.0,16826.0,1507401.0,865812.0
48.6,sysbench,none,2,0.4475136072502691,16.8,9.301153807610218e-07,714.0,1072.0,172247309.0,384898484.0,27525.12,0.4475136072502691,0.6660447761194029,9.301153807610218e-07,0.5835511051330188,0.16515603487838457,0.009562684437984484,714.0,1072.0,384898484.0,172247309.0,2879.0,17432.0,1521853.0,888079.0
48.7,sysbench,none,2,0.4472262190330079,13.4,1.5257383957821959e-06,715.0,1302.0,172062125.0,384731748.0,21954.56,0.4472262190330079,0.5491551459293394,1.5257383957821959e-06,0.553835708739484,0.14374229889104032,0.006243093568114585,715.0,1302.0,384731748.0,172062125.0,4083.0,28405.0,3895825.0,2157647.0
48.8,sysbench,none,2,0.4469630198063473,417.1,5.819690415344672e-06,1015.0,3147.0,163741555.0,366342511.0,683376.64,0.4469630198063473,0.32252939307276773,5.819690415344672e-06,0.8354864071964146,0.09450246242199657,0.005806566627538573,1015.0,3147.0,366342511.0,163741555.0,5891.0,62337.0,9721063.0,8121816.0
48.9,sysbench,none,2,0.4477063341268095,154.1,1.8971930350922244e-06,849.0,1582.0,172975937.0,386360263.0,252477.44,0.4477063341268095,0.5366624525916561,1.8971930350922244e-06,0.5670414216383699,0.19750298844468056,0.008954401024376363,849.0,1582.0,386360263.0,172975937.0,4461.0,22587.0,2024256.0,1147837.0
49.0,sysbench,none,2,0.4480443737988084,18.2,1.0870541484292412e-06,621.0,1041.0,173108798.0,386365298.0,29818.879999999997,0.4480443737988084,0.5965417867435159,1.0870541484292412e-06,0.5153552553007549,0.18172117590567144,0.008543261646509391,621.0,1041.0,386365298.0,173108798.0,3406.0,18743.0,1795216.0,925174.0
49.1,sysbench,none,2,0.4475981695275057,12.8,1.0600690917353618e-06,596.0,1006.0,173116310.0,386767243.0,20971.52,0.4475981695275057,0.5924453280318092,1.0600690917353618e-06,0.5740191506781048,0.1828942344406262,0.009141067169757591,596.0,1006.0,386767243.0,173116310.0,2874.0,15714.0,1404650.0,806296.0
49.2,sysbench,none,2,0.44779923504556146,13.100000000000001,1.1018042583967212e-06,571.0,996.0,172730023.0,385730947.0,21463.04,0.44779923504556146,0.5732931726907631,1.1018042583967212e-06,0.5542639275858852,0.17802801428179071,0.00906751920576191,571.0,996.0,385730947.0,172730023.0,3241.0,18205.0,1650286.0,914694.0
49.3,sysbench,none,2,0.4481415819431373,15.2,1.0983635572028038e-06,644.0,1068.0,172995571.0,386028831.0,24903.68,0.4481415819431373,0.602996254681648,1.0983635572028038e-06,0.5991702526000059,0.15595687331536387,0.009591963261745362,644.0,1068.0,386028831.0,172995571.0,2893.0,18550.0,1632304.0,978028.0
49.4,sysbench,none,2,0.4475123889449471,13.200000000000001,1.1129819417256372e-06,648.0,1078.0,172896181.0,386349485.0,21626.88,0.4475123889449471,0.601113172541744,1.1129819417256372e-06,0.5398436408168292,0.18635341460527874,0.00814188156875564,648.0,1078.0,386349485.0,172896181.0,3149.0,16898.0,1688676.0,911621.0
49.6,sysbench,none,2,0.447882304881333,25.2,1.090171274478401e-06,604.0,1025.0,172962226.0,386177851.0,41287.68,0.447882304881333,0.5892682926829268,1.090171274478401e-06,0.5873378171752779,0.15316987932070114,0.009530622378894477,604.0,1025.0,386177851.0,172962226.0,2805.0,18313.0,1627176.0,955702.0
49.7,sysbench,none,2,0.4477463267176391,13.900000000000002,1.1329683462410793e-06,602.0,1039.0,172701334.0,385712453.0,22773.760000000002,0.4477463267176391,0.5794032723772858,1.1329683462410793e-06,0.548382886774614,0.16982052811364745,0.00904180276220549,602.0,1039.0,385712453.0,172701334.0,3132.0,18443.0,1693357.0,928608.0
49.8,sysbench,none,2,0.4479710444121625,16.7,1.3901772920333482e-06,647.0,1183.0,172720761.0,385562333.0,27361.28,0.4479710444121625,0.5469146238377007,1.3901772920333482e-06,0.5961202444827641,0.17159915590097277,0.009214476603988761,647.0,1183.0,385562333.0,172720761.0,3334.0,19429.0,1746708.0,1041248.0
49.9,sysbench,none,2,0.44791701806278744,13.599999999999998,9.71154640558342e-07,666.0,1041.0,172957915.0,386138298.0,22282.239999999998,0.44791701806278744,0.6397694524495677,9.71154640558342e-07,0.5210666533437396,0.2288830138797092,0.0078769555671381,666.0,1041.0,386138298.0,172957915.0,3463.0,15130.0,1481156.0,771781.0
50.0,sysbench,none,2,0.4474854244724785,7.9,1.37858227324589e-06,711.0,1243.0,172686281.0,385903700.0,12943.36,0.4474854244724785,0.5720032180209171,1.37858227324589e-06,0.5414201840773636,0.18793976458210035,0.00857412252198208,711.0,1243.0,385903700.0,172686281.0,2858.0,15207.0,1440264.0,779788.0
50.1,sysbench,none,2,0.44816061819850933,11.3,1.0884898164047072e-06,538.0,959.0,173337056.0,386774404.0,18513.920000000002,0.44816061819850933,0.5610010427528676,1.0884898164047072e-06,0.5475948430051638,0.2055846185202799,0.008436501849565766,538.0,959.0,386774404.0,173337056.0,3026.0,14719.0,1386001.0,758967.0
50.2,sysbench,none,2,0.4474796681503234,12.9,1.3709172653698412e-06,832.0,1376.0,177566470.0,396814610.0,21135.36,0.4474796681503234,0.6046511627906976,1.3709172653698412e-06,0.5136799160369214,0.18370399271686824,0.008349085278659784,832.0,1376.0,396814610.0,177566470.0,2825.0,15378.0,1503518.0,772327.0
50.3,sysbench,none,2,0.4473695744076905,12.6,9.956091876346746e-07,609.0,994.0,172996883.0,386697918.0,20643.84,0.4473695744076905,0.6126760563380281,9.956091876346746e-07,0.597999677158162,0.1778727890359611,0.009099861203940745,609.0,994.0,386697918.0,172996883.0,3037.0,17074.0,1542551.0,922445.0
50.4,sysbench,none,2,0.4472228230460387,12.0,9.253495234484849e-07,655.0,1013.0,173021941.0,386880839.0,19660.8,0.4472228230460387,0.646594274432379,9.253495234484849e-07,0.5544953795598285,0.17349498327759197,0.008275977548393399,655.0,1013.0,386880839.0,173021941.0,2490.0,14352.0,1433305.0,794761.0
50.5,sysbench,none,2,0.44761378137397134,11.400000000000002,1.2719486955271099e-06,802.0,1293.0,172788704.0,386021859.0,18677.760000000002,0.44761378137397134,0.6202629543696829,1.2719486955271099e-06,0.5329693463279078,0.23453656702387668,0.006331414522599448,802.0,1293.0,386021859.0,172788704.0,4990.0,21276.0,2572253.0,1370932.0
50.6,sysbench,none,2,0.4481258953767987,29.2,1.1629195120768904e-06,739.0,1188.0,173020166.0,386097228.0,47841.28,0.4481258953767987,0.6220538720538721,1.1629195120768904e-06,0.5751333498978699,0.12397079384806586,0.009098125518314031,739.0,1188.0,386097228.0,173020166.0,1596.0,12874.0,1239596.0,712933.0
50.7,sysbench,none,2,0.44721704847910015,11.400000000000002,9.981775869930564e-07,613.0,998.0,172492917.0,385702910.0,18677.760000000002,0.44721704847910015,0.6142284569138277,9.981775869930564e-07,0.5553065368796194,0.15941844962224622,0.009226699447931171,613.0,998.0,385702910.0,172492917.0,2511.0,15751.0,1434966.0,796846.0
50.8,sysbench,none,2,0.44768550865450624,11.099999999999998,1.1858240319160447e-06,595.0,1053.0,172909266.0,386229312.0,18186.239999999998,0.44768550865450624,0.5650522317188984,1.1858240319160447e-06,0.575053862768318,0.1529183194365741,0.009366348278852944,595.0,1053.0,386229312.0,172909266.0,1889.0,12353.0,1117191.0,642445.0
50.9,sysbench,none,2,0.4481240756699197,11.200000000000001,1.5267810700801724e-06,704.0,1294.0,173170345.0,386433924.0,18350.08,0.4481240756699197,0.5440494590417311,1.5267810700801724e-06,0.5560411683306475,0.1778627076289872,0.008662044741249871,704.0,1294.0,386433924.0,173170345.0,2420.0,13606.0,1291381.0,718061.0
51.0,sysbench,none,2,0.44808912604590806,10.700000000000001,9.486184266952989e-07,579.0,946.0,173356014.0,386878422.0,17530.88,0.44808912604590806,0.6120507399577167,9.486184266952989e-07,0.5601078322027475,0.1509417808219178,0.008905495958088403,579.0,946.0,386878422.0,173356014.0,1763.0,11680.0,1113582.0,623726.0
51.1,sysbench,none,2,0.4476924005492548,9.6,9.641200301108385e-07,620.0,993.0,173203813.0,386881289.0,15728.64,0.4476924005492548,0.6243705941591138,9.641200301108385e-07,0.519814392040006,0.1491072118729226,0.008338117954676632,620.0,993.0,386881289.0,173203813.0,1929.0,12937.0,1320202.0,686260.0
51.2,sysbench,none,2,0.4473429695940694,9.0,9.060683005416644e-07,586.0,936.0,172801586.0,386284345.0,14745.599999999999,0.4473429695940694,0.6260683760683761,9.060683005416644e-07,0.6048019229246221,0.1552958914436487,0.0091484249278046,586.0,936.0,386284345.0,172801586.0,2060.0,13265.0,1224801.0,740762.0
51.3,sysbench,none,2,0.4472598483300328,26.7,1.0979243361472527e-06,581.0,1004.0,172316898.0,385272451.0,43745.28,0.4472598483300328,0.5786852589641435,1.0979243361472527e-06,0.5626827664270913,0.12520708551038615,0.009464216039740195,581.0,1004.0,385272451.0,172316898.0,1965.0,15694.0,1450622.0,816240.0
51.4,sysbench,none,2,0.44770022702472617,10.700000000000001,1.10433543133013e-06,574.0,1001.0,173106822.0,386657883.0,17530.88,0.44770022702472617,0.5734265734265734,1.10433543133013e-06,0.5319148784263104,0.1963721818315341,0.007812901604418578,574.0,1001.0,386657883.0,173106822.0,2674.0,13617.0,1400632.0,745017.0
51.7,sysbench,none,2,0.44754627281738263,13.3,1.426800420887446e-06,586.0,1136.0,172519188.0,385477879.0,21790.72,0.44754627281738263,0.5158450704225352,1.426800420887446e-06,0.6060786237008078,0.14931038846007846,0.009398218583487298,586.0,1136.0,385477879.0,172519188.0,3540.0,23709.0,2146045.0,1300672.0
51.8,sysbench,none,2,0.4479397236607581,11.200000000000001,1.2869772717172535e-06,558.0,1055.0,172983663.0,386176206.0,18350.08,0.4479397236607581,0.5289099526066351,1.2869772717172535e-06,0.5971221632833192,0.13680608813639314,0.009739674061727646,558.0,1055.0,386176206.0,172983663.0,2319.0,16951.0,1502309.0,897062.0
51.9,sysbench,none,2,0.4476608115315154,11.0,1.0182438201150256e-06,620.0,1013.0,172778558.0,385958640.0,18022.4,0.4476608115315154,0.6120434353405726,1.0182438201150256e-06,0.5709515243311936,0.1522209494718086,0.009281566872288928,620.0,1013.0,385958640.0,172778558.0,2392.0,15714.0,1435318.0,819497.0
52.0,sysbench,none,2,0.4474966439094508,10.2,1.4481764137730269e-06,649.0,1208.0,172734911.0,386002696.0,16711.68,0.4474966439094508,0.5372516556291391,1.4481764137730269e-06,0.5603602135578161,0.14049707602339181,0.009037621655857083,649.0,1208.0,386002696.0,172734911.0,1922.0,13680.0,1301006.0,729032.0
52.1,sysbench,none,2,0.44742051440700265,9.399999999999999,9.822440568987306e-07,616.0,996.0,173093229.0,386869228.0,15400.96,0.44742051440700265,0.6184738955823293,9.822440568987306e-07,0.5854864986881448,0.1419130016822879,0.009344595876652905,616.0,996.0,386869228.0,173093229.0,2362.0,16644.0,1528370.0,894840.0
52.2,sysbench,none,2,0.44773976692179923,13.100000000000001,1.427030745944608e-06,601.0,1152.0,172879675.0,386116418.0,21463.04,0.44773976692179923,0.5217013888888888,1.427030745944608e-06,0.6071162113346832,0.1338044758539458,0.009648344055173378,601.0,1152.0,386116418.0,172879675.0,1704.0,12735.0,1143305.0,694119.0
52.3,sysbench,none,2,0.44775957548464035,12.000000000000002,1.0408494304883594e-06,616.0,1018.0,172935051.0,386223010.0,19660.800000000003,0.44775957548464035,0.6051080550098232,1.0408494304883594e-06,0.5771995452830514,0.1445122292494543,0.009422923751069597,616.0,1018.0,386223010.0,172935051.0,2582.0,17867.0,1622108.0,936280.0
52.4,sysbench,none,2,0.4476437017079925,11.8,1.0457563873635312e-06,632.0,1036.0,172935167.0,386323244.0,19333.120000000003,0.4476437017079925,0.61003861003861,1.0457563873635312e-06,0.5296611249240089,0.20732174801942244,0.007527523664952088,632.0,1036.0,386323244.0,172935167.0,3245.0,15652.0,1648218.0,872997.0
52.5,sysbench,none,2,0.44808980225134837,16.099999999999998,1.1094539128189566e-06,638.0,1067.0,173265895.0,386676720.0,26378.239999999998,0.44808980225134837,0.5979381443298969,1.1094539128189566e-06,0.5595666269227358,0.198297692740574,0.008021751707886332,638.0,1067.0,386676720.0,173265895.0,2819.0,14216.0,1420762.0,795011.0
52.6,sysbench,none,2,0.44789999193713226,11.0,9.450999443320598e-07,644.0,1009.0,172980115.0,386202541.0,18022.4,0.44789999193713226,0.6382556987115956,9.450999443320598e-07,0.5398062155806763,0.17735627688697692,0.008718640939272776,644.0,1009.0,386202541.0,172980115.0,2721.0,15342.0,1447588.0,781417.0
52.7,sysbench,none,2,0.44735063161363553,11.5,1.1633703627800902e-06,552.0,1000.0,172269373.0,385088029.0,18841.6,0.44735063161363553,0.552,1.1633703627800902e-06,0.5534495517678489,0.18140865648018506,0.008527095898281073,552.0,1000.0,385088029.0,172269373.0,2980.0,16427.0,1576973.0,872775.0
52.8,sysbench,none,2,0.4474502523683332,10.4,1.0478188455440355e-06,624.0,1029.0,172947216.0,386517194.0,17039.36,0.4474502523683332,0.6064139941690962,1.0478188455440355e-06,0.5618074631698482,0.14761269276393832,0.00873875257100379,624.0,1029.0,386517194.0,172947216.0,1991.0,13488.0,1315634.0,739133.0
52.9,sysbench,none,2,0.44733024770481133,10.3,8.130978146313068e-07,672.0,986.0,172748832.0,386177400.0,16875.52,0.44733024770481133,0.6815415821501014,8.130978146313068e-07,0.5754139630483666,0.13602587037291866,0.009224318350274336,672.0,986.0,386177400.0,172748832.0,1977.0,14534.0,1361293.0,783307.0
53.0,sysbench,none,2,0.4473541214123131,8.799999999999999,1.7111599309807002e-06,665.0,1327.0,173068819.0,386872079.0,14417.919999999998,0.4473541214123131,0.5011303692539563,1.7111599309807002e-06,0.5566558405385864,0.16856950973807924,0.00856101625763265,665.0,1327.0,386872079.0,173068819.0,2259.0,13401.0,1301481.0,724477.0
53.1,sysbench,none,2,0.4473366797949418,11.5,9.491783897633464e-07,586.0,953.0,172962810.0,386650185.0,18841.6,0.4473366797949418,0.614900314795383,9.491783897633464e-07,0.5326671424514986,0.17190375570854066,0.008393480043635871,586.0,953.0,386650185.0,172962810.0,2522.0,14671.0,1447433.0,771000.0
53.2,sysbench,none,2,0.44819324136394173,12.1,1.0915413186011054e-06,590.0,1012.0,173275665.0,386609277.0,19824.64,0.44819324136394173,0.5830039525691699,1.0915413186011054e-06,0.5566737153655591,0.14825984679413717,0.00853642170322197,590.0,1012.0,386609277.0,173275665.0,2458.0,16579.0,1654206.0,920853.0
53.3,sysbench,none,2,0.44724917440113043,12.3,9.877741972284757e-07,595.0,977.0,172963806.0,386728061.0,20152.32,0.44724917440113043,0.609007164790174,9.877741972284757e-07,0.5758533197584333,0.18459754361920827,0.009193963567678662,595.0,977.0,386728061.0,172963806.0,3502.0,18971.0,1682517.0,968883.0
53.4,sysbench,none,2,0.44751588273301535,8.899999999999999,1.0902743200629805e-06,577.0,998.0,172804388.0,386141352.0,14581.759999999998,0.44751588273301535,0.5781563126252505,1.0902743200629805e-06,0.5577235269243066,0.17235529619325507,0.008386535612006698,577.0,998.0,386141352.0,172804388.0,2540.0,14737.0,1454355.0,811128.0
53.5,sysbench,none,2,0.4481575147725636,9.9,1.1053045548404801e-06,529.0,956.0,173131702.0,386318864.0,16220.16,0.4481575147725636,0.553347280334728,1.1053045548404801e-06,0.563859215480961,0.17810771470160117,0.008882724874650128,529.0,956.0,386318864.0,173131702.0,3059.0,17175.0,1589152.0,896058.0
53.8,sysbench,none,2,0.4478409946287458,10.3,1.121410145339054e-06,611.0,1044.0,172920810.0,386120994.0,16875.52,0.4478409946287458,0.5852490421455939,1.121410145339054e-06,0.5484149191305671,0.1767136766152837,0.008961217086215747,611.0,1044.0,386120994.0,172920810.0,2694.0,15245.0,1400591.0,768105.0
53.9,sysbench,none,2,0.44783523010059506,10.600000000000001,9.822335411233273e-07,581.0,960.0,172799589.0,385855282.0,17367.04,0.44783523010059506,0.6052083333333333,9.822335411233273e-07,0.5438981187794454,0.12372197730044086,0.008769204341610352,581.0,960.0,385855282.0,172799589.0,1319.0,10661.0,1065319.0,579425.0
54.0,sysbench,none,2,0.44753516356031886,11.200000000000001,1.6044884062190952e-06,587.0,1207.0,172934750.0,386416005.0,18350.08,0.44753516356031886,0.4863297431648716,1.6044884062190952e-06,0.570738439237128,0.16207407407407406,0.008740791338333224,587.0,1207.0,386416005.0,172934750.0,2188.0,13500.0,1294162.0,738628.0
54.1,sysbench,none,2,0.4473247866895804,10.700000000000001,9.87888262327511e-07,591.0,973.0,172973073.0,386683408.0,17530.88,0.4473247866895804,0.6073997944501541,9.87888262327511e-07,0.5287856949321087,0.1800971215426842,0.008135497585188785,591.0,973.0,386683408.0,172973073.0,2559.0,14209.0,1431996.0,757219.0
54.2,sysbench,none,2,0.447606878670227,8.5,1.082180760339063e-06,621.0,1039.0,172891334.0,386257098.0,13926.4,0.447606878670227,0.5976900866217517,1.082180760339063e-06,0.5612055094043283,0.07366210329807094,0.009168738980806394,621.0,1039.0,386257098.0,172891334.0,947.0,12856.0,1298870.0,728933.0
54.3,sysbench,none,2,0.4475806339161746,12.3,1.0131651271075485e-06,584.0,976.0,173171780.0,386906329.0,20152.32,0.4475806339161746,0.5983606557377049,1.0131651271075485e-06,0.55575841271509,0.18064650968371185,0.00846362927850097,584.0,976.0,386906329.0,173171780.0,2593.0,14354.0,1389593.0,772278.0
54.4,sysbench,none,2,0.448244809273183,10.8,9.5758502894381e-07,604.0,974.0,173196713.0,386388664.0,17694.72,0.448244809273183,0.6201232032854209,9.5758502894381e-07,0.532380626251014,0.18484890490712502,0.007990862926228049,604.0,974.0,386388664.0,173196713.0,2667.0,14428.0,1471806.0,783561.0
54.5,sysbench,none,2,0.44796089362481495,9.299999999999999,9.051424684030089e-07,620.0,970.0,173217276.0,386679459.0,15237.119999999999,0.44796089362481495,0.6391752577319587,9.051424684030089e-07,0.5460594395942155,0.14974116930572473,0.008612433550321317,620.0,970.0,386679459.0,173217276.0,1967.0,13136.0,1296846.0,708155.0
54.6,sysbench,none,2,0.4479822860652372,23.900000000000002,1.1922013341925132e-06,541.0,1001.0,172849875.0,385840870.0,39157.76,0.4479822860652372,0.5404595404595405,1.1922013341925132e-06,0.5852753554929109,0.12987958184464735,0.009108791566523753,541.0,1001.0,385840870.0,172849875.0,1963.0,15114.0,1443770.0,845003.0
54.7,sysbench,none,2,0.44750169279806995,11.400000000000002,1.0666728095947173e-06,612.0,1023.0,172427003.0,385310281.0,18677.760000000002,0.44750169279806995,0.5982404692082112,1.0666728095947173e-06,0.5402099201524068,0.15045279912184412,0.008935858533012452,612.0,1023.0,385310281.0,172427003.0,2193.0,14576.0,1385765.0,748604.0
54.8,sysbench,none,2,0.4474070132920373,12.4,1.1146637068820245e-06,578.0,1007.0,172193288.0,384869443.0,20316.16,0.4474070132920373,0.573982125124131,1.1146637068820245e-06,0.5247450420081792,0.22035653524668986,0.0075147014367766924,578.0,1007.0,384869443.0,172193288.0,2979.0,13519.0,1402584.0,735999.0
54.9,sysbench,none,2,0.448030845513223,10.600000000000001,9.708952579606304e-07,609.0,984.0,173048087.0,386241458.0,17367.04,0.448030845513223,0.6189024390243902,9.708952579606304e-07,0.5983296659880706,0.07137954701441318,0.00989908855952897,609.0,984.0,386241458.0,173048087.0,832.0,11656.0,1093434.0,654234.0
55.0,sysbench,none,2,0.44817772309956766,10.4,1.4921925331595956e-06,694.0,1271.0,173301059.0,386679324.0,17039.36,0.44817772309956766,0.5460267505900865,1.4921925331595956e-06,0.5581013416643485,0.16150473766086834,0.00906211884535553,694.0,1271.0,386679324.0,173301059.0,2284.0,14142.0,1308524.0,730289.0
55.1,sysbench,none,2,0.44741815798213724,9.399999999999999,1.357783301912676e-06,586.0,1111.0,172998543.0,386659638.0,15400.96,0.44741815798213724,0.5274527452745275,1.357783301912676e-06,0.5587269318205232,0.13371247189525196,0.008997190953358837,586.0,1111.0,386659638.0,172998543.0,2022.0,15122.0,1456010.0,813512.0
55.2,sysbench,none,2,0.4479785394172053,10.3,8.694135267812242e-07,647.0,983.0,173129109.0,386467417.0,16875.52,0.4479785394172053,0.6581892166836215,8.694135267812242e-07,0.5913354030352094,0.10417272462925269,0.0097995400426876,647.0,983.0,386467417.0,173129109.0,1433.0,13756.0,1257508.0,743609.0
55.3,sysbench,none,2,0.44724085650322853,9.8,1.0397208756026423e-06,565.0,967.0,172922203.0,386642232.0,16056.32,0.44724085650322853,0.5842812823164426,1.0397208756026423e-06,0.60647497688366,0.1348596518739219,0.009464404267473638,565.0,967.0,386642232.0,172922203.0,1720.0,12754.0,1165842.0,707054.0
55.4,sysbench,none,2,0.4475690762465514,11.0,1.0514711292236806e-06,633.0,1038.0,172392252.0,385174627.0,18022.4,0.4475690762465514,0.6098265895953757,1.0514711292236806e-06,0.57395494688608,0.15482672474537185,0.009210554790375062,633.0,1038.0,385174627.0,172392252.0,2417.0,15611.0,1432487.0,822183.0
55.5,sysbench,none,2,0.4473714013196838,10.5,1.0845880552464099e-06,552.0,971.0,172829321.0,386321791.0,17203.2,0.4473714013196838,0.568486096807415,1.0845880552464099e-06,0.5876507051244886,0.15205239681553837,0.009362591900591194,552.0,971.0,386321791.0,172829321.0,2693.0,17711.0,1604043.0,942617.0
55.6,sysbench,none,2,0.44731784646826167,12.4,1.01624544563252e-06,574.0,966.0,172545517.0,385733586.0,20316.16,0.44731784646826167,0.5942028985507246,1.01624544563252e-06,0.584872741148992,0.13757396449704143,0.009705120062284873,574.0,966.0,385733586.0,172545517.0,2418.0,17576.0,1561856.0,913487.0
55.7,sysbench,none,2,0.4475193528154285,11.8,1.1714501462819278e-06,608.0,1061.0,173055821.0,386700195.0,19333.120000000003,0.4475193528154285,0.5730442978322338,1.1714501462819278e-06,0.5459735865413731,0.15752004036100678,0.008538045117736853,608.0,1061.0,386700195.0,173055821.0,2810.0,17839.0,1760239.0,961044.0
55.9,sysbench,none,2,0.4478351704041418,11.0,1.1028284113115278e-06,607.0,1032.0,172583464.0,385372734.0,18022.4,0.4478351704041418,0.5881782945736435,1.1028284113115278e-06,0.5520161038961039,0.13732622452538742,0.008993766233766232,607.0,1032.0,385372734.0,172583464.0,2756.0,20069.0,1925000.0,1062631.0
56.0,sysbench,none,2,0.44731309745436115,10.9,1.4834734302685446e-06,679.0,1252.0,172777213.0,386255654.0,17858.56,0.44731309745436115,0.542332268370607,1.4834734302685446e-06,0.5198066687638152,0.18214516277782902,0.007478892874220844,679.0,1252.0,386255654.0,172777213.0,1975.0,10843.0,1185737.0,616354.0
56.1,sysbench,none,2,0.4481311732449354,10.2,1.1145054309229041e-06,588.0,1019.0,173300668.0,386718618.0,16711.68,0.4481311732449354,0.577036310107949,1.1145054309229041e-06,0.5753704106214567,0.16141328250989592,0.008633858006242943,588.0,1019.0,386718618.0,173300668.0,2202.0,13642.0,1325016.0,762375.0
56.2,sysbench,none,2,0.4482150740669477,57.300000000000004,1.1832872733367914e-06,650.0,1107.0,173106137.0,386212216.0,93880.32,0.4482150740669477,0.5871725383920506,1.1832872733367914e-06,0.48362165362587006,0.394328428250595,0.0026779144309339205,650.0,1107.0,386212216.0,173106137.0,11764.0,29833.0,6747415.0,3263196.0
56.3,sysbench,none,2,0.4473994303424816,15.2,1.2917721669057106e-06,583.0,1081.0,172480041.0,385516899.0,24903.68,0.4473994303424816,0.5393154486586494,1.2917721669057106e-06,0.46049707312233357,0.0585894835387736,0.007482761186625657,583.0,1081.0,385516899.0,172480041.0,751.0,12818.0,1612640.0,742616.0
56.4,sysbench,none,2,0.44763779497690104,10.4,1.0279608750012288e-06,607.0,1004.0,172878374.0,386201469.0,17039.36,0.44763779497690104,0.6045816733067729,1.0279608750012288e-06,0.4716734970133974,0.1403671030165054,0.007893933959595444,607.0,1004.0,386201469.0,172878374.0,1973.0,14056.0,1530669.0,721976.0
56.5,sysbench,none,2,0.4476078231468841,12.200000000000003,8.741160065472325e-07,634.0,972.0,173079366.0,386676365.0,19988.480000000003,0.4476078231468841,0.6522633744855967,8.741160065472325e-07,0.4801242676942563,0.1567136725935009,0.007687917716810291,634.0,972.0,386676365.0,173079366.0,2556.0,16310.0,1789041.0,858962.0
56.6,sysbench,none,2,0.4474008277435785,11.8,1.108014222864065e-06,546.0,974.0,172820484.0,386276630.0,19333.120000000003,0.4474008277435785,0.5605749486652978,1.108014222864065e-06,0.5439241104974039,0.11467391304347826,0.009195781519119773,546.0,974.0,386276630.0,172820484.0,1899.0,16560.0,1594318.0,867188.0
56.7,sysbench,none,2,0.4477417196549931,11.600000000000001,1.1908198406483805e-06,515.0,974.0,172581479.0,385448734.0,19005.440000000002,0.4477417196549931,0.528747433264887,1.1908198406483805e-06,0.5450928668727972,0.1690207156308851,0.009038602257118503,515.0,974.0,385448734.0,172581479.0,3231.0,19116.0,1757462.0,957980.0
56.8,sysbench,none,2,0.44791328959875487,14.5,1.1725596958747705e-06,561.0,1014.0,173044256.0,386334275.0,23756.8,0.44791328959875487,0.5532544378698225,1.1725596958747705e-06,0.5551088272076364,0.1615107127240927,0.008828991736165026,561.0,1014.0,386334275.0,173044256.0,2955.0,18296.0,1737571.0,964541.0
56.9,sysbench,none,2,0.44737752156277766,20.300000000000004,1.1567608424574583e-06,576.0,1020.0,171717102.0,383830420.0,33259.520000000004,0.44737752156277766,0.5647058823529412,1.1567608424574583e-06,0.5756435094609937,0.1144307752392111,0.00959695944623322,576.0,1020.0,383830420.0,171717102.0,2344.0,20484.0,1890182.0,1088071.0
57.0,sysbench,none,2,0.4481279682238707,9.399999999999999,1.5386390737392776e-06,640.0,1235.0,173293494.0,386705375.0,15400.96,0.4481279682238707,0.5182186234817814,1.5386390737392776e-06,0.5347462164980413,0.1264390500624959,0.009355888735450778,640.0,1235.0,386705375.0,173293494.0,1922.0,15201.0,1419320.0,758976.0
57.1,sysbench,none,2,0.44779875350835857,6.6,9.336570459385905e-07,577.0,938.0,173142109.0,386651610.0,10813.439999999999,0.44779875350835857,0.6151385927505331,9.336570459385905e-07,0.4466662654348851,0.1804531992561471,0.007459776513897666,577.0,938.0,386651610.0,173142109.0,2620.0,14519.0,1595088.0,712472.0
57.2,sysbench,none,2,0.44777021357327657,7.3,1.1919878732893932e-06,738.0,1199.0,173174638.0,386748901.0,11960.32,0.44777021357327657,0.6155129274395329,1.1919878732893932e-06,0.43566085579038305,0.16207307665334175,0.007431055318074418,738.0,1199.0,386748901.0,173174638.0,2311.0,14259.0,1607847.0,700476.0
57.3,sysbench,none,2,0.44761313320025803,11.600000000000001,1.0276931010291667e-06,558.0,955.0,172913892.0,386302097.0,19005.440000000002,0.44761313320025803,0.5842931937172775,1.0276931010291667e-06,0.46851442195510795,0.1899180209981303,0.0073423113974312015,558.0,955.0,386302097.0,172913892.0,2641.0,13906.0,1534258.0,718822.0
57.4,sysbench,none,2,0.44795879420079004,11.0,9.857401051194802e-07,584.0,965.0,173141277.0,386511615.0,18022.4,0.44795879420079004,0.6051813471502591,9.857401051194802e-07,0.5144748382483995,0.15221130221130222,0.0088424421848943,584.0,965.0,386511615.0,173141277.0,2478.0,16280.0,1560881.0,803034.0
57.5,sysbench,none,2,0.4474441065360587,13.100000000000001,1.2703680145434635e-06,521.0,1011.0,172585904.0,385715001.0,21463.04,0.4474441065360587,0.5153313550939663,1.2703680145434635e-06,0.5290656146427155,0.12128895932382462,0.009021532033380861,521.0,1011.0,385715001.0,172585904.0,2296.0,18930.0,1843811.0,975497.0
57.6,sysbench,none,2,0.44747599042567754,10.5,1.1679641228768906e-06,539.0,990.0,172789273.0,386141998.0,17203.2,0.44747599042567754,0.5444444444444444,1.1679641228768906e-06,0.485852876989094,0.1428316265777566,0.008480321848152938,539.0,990.0,386141998.0,172789273.0,2399.0,16796.0,1697695.0,824830.0
57.7,sysbench,none,2,0.4713935539420614,98.5,5.852125972320926e-05,21718.0,44253.0,181521276.0,385073734.0,161382.4,0.4713935539420614,0.49076898741328273,5.852125972320926e-05,0.5057411068760583,0.1456743798207213,0.00855073564452041,21718.0,44253.0,385073734.0,181521276.0,3494.0,23985.0,2396402.0,1211959.0
58.0,sysbench,none,2,0.44789592902749764,10.0,1.940649260973945e-06,627.0,1376.0,172866915.0,385953307.0,16384.0,0.44789592902749764,0.45566860465116277,1.940649260973945e-06,0.5085376591295415,0.1420619704372565,0.008482017291771123,627.0,1376.0,385953307.0,172866915.0,2297.0,16169.0,1635460.0,831693.0
58.1,sysbench,none,2,0.44735905186340835,9.2,1.0968753761293024e-06,542.0,966.0,172927793.0,386552574.0,15073.279999999999,0.44735905186340835,0.5610766045548654,1.0968753761293024e-06,0.5051410279710851,0.1418538510650647,0.008668046362469147,542.0,966.0,386552574.0,172927793.0,2444.0,17229.0,1705690.0,861614.0
58.2,sysbench,none,2,0.4475589422683979,11.8,1.3583354226041394e-06,633.0,1158.0,172982638.0,386502473.0,19333.120000000003,0.4475589422683979,0.5466321243523317,1.3583354226041394e-06,0.47893837880427303,0.14085014409221902,0.008044322361124978,633.0,1158.0,386502473.0,172982638.0,1955.0,13880.0,1482412.0,709984.0
58.3,sysbench,none,2,0.44806779276429265,10.1,1.0841306441490815e-06,624.0,1043.0,173171385.0,386484786.0,16547.84,0.44806779276429265,0.5982742090124641,1.0841306441490815e-06,0.5059671852610137,0.15441729794812623,0.00870984261306647,624.0,1043.0,386484786.0,173171385.0,3078.0,19933.0,1935167.0,979131.0
58.4,sysbench,none,2,0.4481649348318586,11.200000000000001,1.2877758275214499e-06,596.0,1094.0,173311327.0,386713269.0,18350.08,0.4481649348318586,0.5447897623400365,1.2877758275214499e-06,0.48510159850729623,0.1622181499482113,0.00792396012624078,596.0,1094.0,386713269.0,173311327.0,2036.0,12551.0,1326988.0,643724.0
58.5,sysbench,none,2,0.4473474413798303,14.9,1.0546227153408274e-06,560.0,968.0,173064503.0,386868208.0,24412.16,0.4473474413798303,0.5785123966942148,1.0546227153408274e-06,0.48809462425787065,0.16080402010050251,0.008098356389064856,560.0,968.0,386868208.0,173064503.0,2528.0,15721.0,1629096.0,795153.0
58.6,sysbench,none,2,0.44747895595615506,17.5,1.1753473320289962e-06,574.0,1028.0,172847158.0,386268797.0,28672.0,0.44747895595615506,0.5583657587548638,1.1753473320289962e-06,0.5371177128433766,0.11931268151016457,0.00904764296344991,574.0,1028.0,386268797.0,172847158.0,2465.0,20660.0,2011021.0,1080155.0
58.8,sysbench,none,2,0.44764719777755313,10.2,2.1743684960221596e-06,696.0,1536.0,172934646.0,386319063.0,16711.68,0.44764719777755313,0.453125,2.1743684960221596e-06,0.5320028076502176,0.13701211305518168,0.009170055620992391,696.0,1536.0,386319063.0,172934646.0,2545.0,18575.0,1748081.0,929984.0
58.9,sysbench,none,2,0.4473447045408577,12.1,1.1782076895514185e-06,582.0,1035.0,171996120.0,384482298.0,19824.64,0.4473447045408577,0.5623188405797102,1.1782076895514185e-06,0.5325324641094694,0.1433512900481996,0.008751131761678651,582.0,1035.0,384482298.0,171996120.0,2528.0,17635.0,1726291.0,919306.0
59.0,sysbench,none,2,0.4483082997046395,9.5,1.5639329212264103e-06,632.0,1237.0,173425930.0,386845236.0,15564.8,0.4483082997046395,0.5109135004042037,1.5639329212264103e-06,0.576288344741441,0.13718504750103264,0.009916300984153264,632.0,1237.0,386845236.0,173425930.0,2657.0,19368.0,1685205.0,971164.0
59.1,sysbench,none,2,0.44728573821741685,11.100000000000001,1.0881906989011774e-06,547.0,968.0,173046228.0,386880719.0,18186.24,0.44728573821741685,0.5650826446280992,1.0881906989011774e-06,0.5621153576862007,0.13410910766749237,0.008918717498985363,547.0,968.0,386880719.0,173046228.0,2328.0,17359.0,1685332.0,947351.0
59.2,sysbench,none,2,0.44758655231925853,10.3,1.0241326302652482e-06,562.0,958.0,173067696.0,386668668.0,16875.52,0.44758655231925853,0.5866388308977035,1.0241326302652482e-06,0.525851131965136,0.12819938392607114,0.008669209991367548,562.0,958.0,386668668.0,173067696.0,2289.0,17855.0,1795550.0,944192.0
59.3,sysbench,none,2,0.44819605897305453,8.7,8.741835671847225e-07,623.0,961.0,173293429.0,386646481.0,14254.08,0.44819605897305453,0.6482830385015609,8.741835671847225e-07,0.48518997785517715,0.13828380541443386,0.008319089697282421,623.0,961.0,386646481.0,173293429.0,1987.0,14369.0,1488384.0,722149.0
59.4,sysbench,none,2,0.448078891806991,11.200000000000001,1.2852733708187666e-06,645.0,1142.0,173266804.0,386688164.0,18350.08,0.448078891806991,0.5647985989492119,1.2852733708187666e-06,0.5601836598115042,0.15936822545679777,0.009296699096428251,645.0,1142.0,386688164.0,173266804.0,2573.0,16145.0,1459873.0,817797.0
59.5,sysbench,none,2,0.447292176386931,8.5,1.2243957563399725e-06,564.0,1035.0,172064150.0,384679543.0,13926.4,0.447292176386931,0.5449275362318841,1.2243957563399725e-06,0.5233671090301516,0.11345189782764382,0.008889758615076744,564.0,1035.0,384679543.0,172064150.0,1901.0,16756.0,1671024.0,874559.0
59.6,sysbench,none,2,0.4474673126759795,14.100000000000001,1.0634481664069405e-06,607.0,1018.0,172936558.0,386478639.0,23101.440000000002,0.4474673126759795,0.5962671905697446,1.0634481664069405e-06,0.5397430744932181,0.13165145048889848,0.00924186679499718,607.0,1018.0,386478639.0,172936558.0,2437.0,18511.0,1739259.0,938753.0
59.7,sysbench,none,2,0.44797252396190973,10.3,1.3760824177483014e-06,618.0,1149.0,172862764.0,385878050.0,16875.52,0.44797252396190973,0.5378590078328982,1.3760824177483014e-06,0.50412598857009,0.127984527144191,0.00870187927315515,618.0,1149.0,385878050.0,172862764.0,1919.0,14994.0,1502549.0,757474.0
59.8,sysbench,none,2,0.4478369283088459,10.3,7.609435386183777e-07,695.0,989.0,173027367.0,386362437.0,16875.52,0.4478369283088459,0.7027300303336703,7.609435386183777e-07,0.5372441761026564,0.1779157522881764,0.008595929204332272,695.0,989.0,386362437.0,173027367.0,3324.0,18683.0,1786776.0,959935.0
60.0,sysbench,none,2,0.44754801559805746,13.900000000000002,1.7389399317177068e-06,814.0,1312.5,128298098.0,286668901.5,22773.760000000002,0.44754801559805746,0.6201904761904762,1.7389399317177068e-06,0.5184208607995668,0.1729583558680368,0.007962343924104678,814.0,1312.5,286668901.5,128298098.0,3198.0,18490.0,1920540.0,995648.0
