time_step,victim,attacker,run_id,IPC,Total_MB_per_sec,cache_dominance_score,LLC-load-misses,LLC-loads,instructions,cycles,cas_count_total,victim_IPC,victim_miss_rate,victim_cache_dominance,attacker_IPC,attacker_miss_rate,attacker_cache_dominance,victim_LLC-load-misses,victim_LLC-loads,victim_cycles,victim_instructions,attacker_LLC-load-misses,attacker_LLC-loads,attacker_cycles,attacker_instructions
0.1,x264,mcf-attacker,8,1.9033417233430687,13241.7,0.0009007410530152289,594205.0,915110.0,678099298.0,356267763.0,21695201.28,1.9033417233430687,0.6493263104981915,0.0009007410530152289,0.21601612296437134,0.8699470174828777,0.003297923460197434,594205.0,915110.0,356267763.0,678099298.0,8359173.0,9608830.0,378922378.0,81853343.0
0.2,x264,mcf-attacker,8,1.9937822065768545,12600.5,0.0010169361589503422,539523.0,901370.0,709429106.0,355820763.0,20644659.2,1.9937822065768545,0.598558860401389,0.0010169361589503422,0.21712345360238255,0.8686067592570157,0.0033469848999892193,539523.0,901370.0,355820763.0,709429106.0,8352315.0,9615761.0,377487810.0,81961457.0
0.3,x264,mcf-attacker,8,1.9461347061994607,12485.3,0.0009394427766144718,533751.0,869340.0,695200832.0,357221332.0,20455915.52,1.9461347061994607,0.6139726689212506,0.0009394427766144718,0.21652301148253733,0.868271261453399,0.003351354944172199,533751.0,869340.0,357221332.0,695200832.0,8341838.0,9607410.0,377629950.0,81765574.0
0.4,x264,mcf-attacker,8,1.9277097051084335,12446.199999999999,0.0008879119612963375,561132.0,880354.0,693049958.0,359519878.0,20391854.08,1.9277097051084335,0.6373935939406193,0.0008879119612963375,0.2159451432426791,0.8681217799962053,0.0033450587617171695,561132.0,880354.0,359519878.0,693049958.0,8327354.0,9592380.0,378177512.0,81665597.0
0.5,x264,mcf-attacker,8,1.9244129902539815,12635.8,0.0008852737507349026,568936.0,883033.0,682785801.0,354802116.0,20702494.72,1.9244129902539815,0.6442975517336271,0.0008852737507349026,0.21722580183981158,0.8683088227116135,0.0033605858529966387,568936.0,883033.0,354802116.0,682785801.0,8353585.0,9620523.0,376999147.0,81893942.0
0.6,x264,mcf-attacker,8,1.919265336897364,12509.7,0.0008971405859961008,581693.0,900591.0,682222928.0,355460454.0,20495892.48,1.919265336897364,0.6459014136272736,0.0008971405859961008,0.21756182516887843,0.8677600116738601,0.0033772516430114457,581693.0,900591.0,355460454.0,682222928.0,8361043.0,9635202.0,377276891.0,82081049.0
0.7,x264,mcf-attacker,8,1.9609284523861703,12679.1,0.0009393464699874729,540697.0,874403.0,696626443.0,355253371.0,20773437.44,1.9609284523861703,0.6183613276715656,0.0009393464699874729,0.2174736624671338,0.868428825138582,0.003363441362380588,540697.0,874403.0,355253371.0,696626443.0,8370993.0,9639239.0,377067968.0,82002352.0
0.8,x264,mcf-attacker,8,1.999366940578455,12603.3,0.0010910718455725285,527084.0,915233.0,711275139.0,355750175.0,20649246.72,1.999366940578455,0.5759014371203836,0.0010910718455725285,0.21772343046206863,0.8686598717874671,0.003358527820495559,527084.0,915233.0,355750175.0,711275139.0,8377209.0,9643831.0,377136075.0,82111360.0
0.9,x264,mcf-attacker,8,2.197322147036697,12389.7,0.0012976743862085141,477709.0,938824.0,780795408.0,355339525.0,20299284.48,2.197322147036697,0.5088376522117032,0.0012976743862085141,0.21822772490029943,0.8694883832439286,0.0033489729596520193,477709.0,938824.0,355339525.0,780795408.0,8414013.0,9676970.0,377117706.0,82297539.0
1.0,x264,mcf-attacker,8,1.9905721427232923,12100.2,0.0007486440249465288,485947.0,751421.0,705869721.0,354606450.0,19824967.68,1.9905721427232923,0.6467040447365724,0.0007486440249465288,0.2173039802825554,0.8701436318743023,0.0033153810720426904,485947.0,751421.0,354606450.0,705869721.0,8377454.0,9627668.0,377095113.0,81944269.0
1.3,x264,mcf-attacker,8,1.989742766540018,12656.5,0.0010466799499483654,544285.0,913729.0,702314520.0,352967495.0,20736409.6,1.989742766540018,0.5956744286325596,0.0010466799499483654,0.2173590757194897,0.8688575517477315,0.00335150297686436,544285.0,913729.0,352967495.0,702314520.0,8370949.0,9634432.0,376989968.0,81942191.0
1.4,x264,mcf-attacker,8,1.9262567204938585,12549.099999999999,0.0008710725519266255,529476.0,839388.0,685327613.0,355782075.0,20560445.439999998,1.9262567204938585,0.6307881456489728,0.0008710725519266255,0.217505532491069,0.8681688744255448,0.0033701243899970064,529476.0,839388.0,355782075.0,685327613.0,8373685.0,9645226.0,377297943.0,82064390.0
1.5,x264,mcf-attacker,8,1.9198836078724488,12649.7,0.0009116941692793717,562256.0,887051.0,683966858.0,356254335.0,20725268.48,1.9198836078724488,0.6338485611312089,0.0009116941692793717,0.217288537073238,0.8685585317506684,0.003355024693661168,562256.0,887051.0,356254335.0,683966858.0,8362538.0,9628065.0,377203483.0,81961993.0
1.6,x264,mcf-attacker,8,1.9296715207417665,12639.300000000001,0.0009089862369073706,574963.0,897744.0,685226330.0,355099986.0,20708229.12,1.9296715207417665,0.640453180416689,0.0009089862369073706,0.21767559896101701,0.8682824579040507,0.003370266751931628,574963.0,897744.0,355099986.0,685226330.0,8376999.0,9647781.0,377056801.0,82076065.0
1.7,x264,mcf-attacker,8,1.9049001580390668,12597.0,0.0008910741825034566,576746.0,892914.0,675890386.0,354816699.0,20638924.8,1.9049001580390668,0.6459143881717612,0.0008910741825034566,0.21725819039607155,0.8678312395090549,0.0033721560530748022,576746.0,892914.0,354816699.0,675890386.0,8350779.0,9622584.0,377148916.0,81938691.0
1.8,x264,mcf-attacker,8,2.016104132345074,5368.4,0.0010546836164541504,527590.0,900956.0,713716155.0,354007585.0,8795586.559999999,2.016104132345074,0.5855890853715386,0.0010546836164541504,0.5734166669207654,0.8640189126995218,0.0024431964364032997,527590.0,900956.0,354007585.0,713716155.0,5768319.0,6676149.0,371574707.0,213067130.0
1.9,x264,mcf-attacker,8,1.9598526817296484,3788.1,0.000838092542781026,561039.0,859048.0,696884542.0,355580064.0,6206423.04,1.9598526817296484,0.6530938899805366,0.000838092542781026,1.0093854830827147,0.6392566500668043,2.3623344245170798e-05,561039.0,859048.0,355580064.0,696884542.0,15789.0,24699.0,377169291.0,380709207.0
2.0,x264,mcf-attacker,8,1.929488044572855,11883.899999999998,0.0008806290433880119,582542.0,893903.0,682202491.0,353566581.0,19470581.759999998,1.929488044572855,0.6516836838001439,0.0008806290433880119,0.6134111135529872,0.8651009722953831,0.001741937385328007,582542.0,893903.0,353566581.0,682202491.0,4212527.0,4869405.0,377096218.0,231315011.0
2.1,x264,mcf-attacker,8,1.9124673451347567,12719.7,0.0008693069548046308,589985.0,895619.0,672392003.0,351583521.0,20839956.48,1.9124673451347567,0.6587455156712844,0.0008693069548046308,0.21800423289456605,0.866723947166338,0.003413316771509725,589985.0,895619.0,351583521.0,672392003.0,8326207.0,9606527.0,375095570.0,81772422.0
2.2,x264,mcf-attacker,8,1.9230047966750923,12554.8,0.0009030484782506801,569018.0,888918.0,681213965.0,354244548.0,20569784.32,1.9230047966750923,0.6401242859296358,0.0009030484782506801,0.21803484311155016,0.8677760152428691,0.0033890327457836737,569018.0,888918.0,354244548.0,681213965.0,8387378.0,9665372.0,377096976.0,82220280.0
2.3,x264,mcf-attacker,8,1.9630021970715807,12674.7,0.0009800465809909691,556504.0,903439.0,694899794.0,353998480.0,20766228.48,1.9630021970715807,0.6159840343398946,0.0009800465809909691,0.21787104051253509,0.8685878078723503,0.003365557301573493,556504.0,903439.0,353998480.0,694899794.0,8388980.0,9658183.0,377115255.0,82162493.0
2.4,x264,mcf-attacker,8,1.963394001043876,12660.2,0.0010340735548550696,524487.0,891914.0,697633127.0,355319985.0,20742471.68,1.963394001043876,0.5880466053902058,0.0010340735548550696,0.21814690159598832,0.8684568741236256,0.003370575419855887,524487.0,891914.0,355319985.0,697633127.0,8391620.0,9662679.0,377104453.0,82264168.0
2.5,x264,mcf-attacker,8,1.9248601998203623,12621.199999999999,0.0009098781958817804,544284.0,867140.0,683006437.0,354834308.0,20678574.08,1.9248601998203623,0.6276771916876167,0.0009098781958817804,0.21799974458837335,0.868301985663127,0.0033721785991255647,544284.0,867140.0,354834308.0,683006437.0,8384515.0,9656220.0,377116740.0,82211353.0
2.7,x264,mcf-attacker,8,1.9268135790506584,12516.199999999999,0.0009032490322417357,566372.0,886850.0,683644643.0,354805805.0,20506542.08,1.9268135790506584,0.6386333652816147,0.0009032490322417357,0.2180008686737575,0.8681290461745983,0.003378475374215902,566372.0,886850.0,354805805.0,683644643.0,8387243.0,9661286.0,377105901.0,82209414.0
2.8,x264,mcf-attacker,8,1.9765248528664232,12648.5,0.0009900980603453093,538630.0,890669.0,702772645.0,355559731.0,20723302.4,1.9765248528664232,0.6047476672029677,0.0009900980603453093,0.21807116346784894,0.8685319113274194,0.0033695755643671395,538630.0,890669.0,355559731.0,702772645.0,8394552.0,9665220.0,377100313.0,82234704.0
2.9,x264,mcf-attacker,8,1.953575519987057,12662.8,0.0009558223334834426,516097.0,855551.0,693799466.0,355143407.0,20746731.52,1.953575519987057,0.6032334717626419,0.0009558223334834426,0.2180526553070795,0.8683935758053132,0.0033733728048201584,516097.0,855551.0,355143407.0,693799466.0,8394343.0,9666519.0,377122860.0,82232641.0
3.0,x264,mcf-attacker,8,1.9210224696125549,12649.400000000001,0.0009246347242016057,575786.0,902714.0,679226096.0,353575300.0,20724776.96,1.9210224696125549,0.6378387839337819,0.0009246347242016057,0.21772898505593088,0.8683425026944113,0.003367680463243295,575786.0,902714.0,353575300.0,679226096.0,8375938.0,9645892.0,377100504.0,82105710.0
3.1,x264,mcf-attacker,8,1.9239898124286205,12702.6,0.000929341475810283,566043.0,896022.0,683146347.0,355067549.0,20811939.84,1.9239898124286205,0.6317289084419803,0.000929341475810283,0.2180377577577791,0.86818385228827,0.0033774105492733963,566043.0,896022.0,355067549.0,683146347.0,8388823.0,9662496.0,377115243.0,82225362.0
3.4,x264,mcf-attacker,8,1.992430529088348,12509.7,0.001050889946999165,537220.0,910125.0,707007721.0,354846862.0,20495892.48,1.992430529088348,0.5902705672297761,0.001050889946999165,0.21790904931142127,0.8686823896498198,0.0033617652794301982,537220.0,910125.0,354846862.0,707007721.0,8386609.0,9654402.0,377121213.0,82178125.0
3.5,x264,mcf-attacker,8,1.9347110035992063,12631.300000000001,0.0009452729448030295,530141.0,866236.0,687893056.0,355553390.0,20695121.92,1.9347110035992063,0.6120052733896998,0.0009452729448030295,0.21788940615832258,0.8683954384769567,0.0033679495514469726,530141.0,866236.0,355553390.0,687893056.0,8383843.0,9654407.0,377251494.0,82199104.0
3.6,x264,mcf-attacker,8,1.9206979656385283,12666.2,0.0008936885598974209,566576.0,883836.0,681848984.0,355000628.0,20752302.080000002,1.9206979656385283,0.6410420032675745,0.0008936885598974209,0.2178232074506054,0.8679816145354285,0.0033785536554792888,566576.0,883836.0,355000628.0,681848984.0,8371503.0,9644793.0,376874287.0,82091966.0
3.7,x264,mcf-attacker,8,1.9220291325368926,12612.1,0.0009055473939359409,567841.0,889204.0,682094667.0,354882585.0,20663664.64,1.9220291325368926,0.6385947431635485,0.0009055473939359409,0.2177308387336734,0.8683587850762268,0.0033720413868342,567841.0,889204.0,354882585.0,682094667.0,8385713.0,9656968.0,376998635.0,82084229.0
3.8,x264,mcf-attacker,8,1.919525599328968,12711.100000000002,0.0009047663401254504,581575.0,903198.0,682345877.0,355476310.0,20825866.240000002,1.919525599328968,0.6439064302622459,0.0009047663401254504,0.2178451663942952,0.8681029902097187,0.003376153167949297,581575.0,903198.0,355476310.0,682345877.0,8382761.0,9656413.0,377249472.0,82181974.0
3.9,x264,mcf-attacker,8,1.9977509429039086,12644.8,0.0010568141123507278,522170.0,898094.0,710628782.0,355714402.0,20717240.32,1.9977509429039086,0.5814202076842736,0.0010568141123507278,0.2180402355847335,0.8684933590264217,0.003370336866211986,522170.0,898094.0,355714402.0,710628782.0,8394314.0,9665375.0,377131738.0,82229893.0
4.0,x264,mcf-attacker,8,2.193266055072137,12190.3,0.001255839639700664,481528.0,928081.0,779884235.0,355581227.0,19972587.52,2.193266055072137,0.5188426441226573,0.001255839639700664,0.21822831077367166,0.8693416458032894,0.0033504062119956257,481528.0,928081.0,355581227.0,779884235.0,8407623.0,9671253.0,377157252.0,82306390.0
4.1,x264,mcf-attacker,8,1.9690252324979527,12191.000000000002,0.0007241825726268218,500836.0,757980.0,699164884.0,355081729.0,19973734.400000002,1.9690252324979527,0.660750943296657,0.0007241825726268218,0.21730858685062832,0.8703573630872915,0.0033111803764554896,500836.0,757980.0,355081729.0,699164884.0,8383961.0,9632780.0,377152211.0,81958414.0
4.2,x264,mcf-attacker,8,1.9212751623418114,12724.9,0.0008925147050870898,592229.0,909490.0,682953094.0,355468653.0,20848476.16,1.9212751623418114,0.65116603810927,0.0008925147050870898,0.2177137246999751,0.8675443092918926,0.0033853634342710633,592229.0,909490.0,355468653.0,682953094.0,8362460.0,9639231.0,377144441.0,82109521.0
4.3,x264,mcf-attacker,8,1.9895177620531235,12658.600000000002,0.001036249960941378,536613.0,903399.0,704200038.0,353955140.0,20739850.240000002,1.9895177620531235,0.5939933517747972,0.001036249960941378,0.21763136630412472,0.86839193395908,0.003365256944833068,536613.0,903399.0,353955140.0,704200038.0,8374632.0,9643839.0,377150102.0,82079692.0
4.4,x264,mcf-attacker,8,1.9245896968681444,12658.600000000002,0.0008896336522904184,534478.0,851156.0,685085613.0,355964502.0,20739850.240000002,1.9245896968681444,0.627943643703387,0.0008896336522904184,0.21787051800674678,0.8678958006373991,0.0033801027078994186,534478.0,851156.0,355964502.0,685085613.0,8375329.0,9650155.0,377155995.0,82171172.0
4.5,x264,mcf-attacker,8,1.9210473568621762,12635.2,0.0009289754848592422,575965.0,905214.0,680860724.0,354421624.0,20701511.68,1.9210473568621762,0.6362749581866829,0.0009289754848592422,0.2177819302473816,0.8682142105097352,0.003372258541702498,575965.0,905214.0,354421624.0,680860724.0,8378156.0,9649872.0,377111062.0,82127975.0
4.6,x264,mcf-attacker,8,1.9127202135402388,12516.099999999999,0.0009216811745359773,578247.0,905505.0,679142646.0,355066382.0,20506378.24,1.9127202135402388,0.6385906207033645,0.0009216811745359773,0.21723373517346248,0.8683783141884711,0.003357122462612771,578247.0,905505.0,355066382.0,679142646.0,8354620.0,9620945.0,377205483.0,81941756.0
4.7,x264,mcf-attacker,8,1.9233600270132616,12511.6,0.0009075673932094062,573960.0,896890.0,684368630.0,355819306.0,20499005.44,1.9233600270132616,0.6399446977890265,0.0009075673932094062,0.2176487191507641,0.8680473714789677,0.003371712390037894,573960.0,896890.0,355819306.0,684368630.0,8365172.0,9636769.0,377136853.0,82083353.0
4.8,x264,mcf-attacker,8,1.994965219092579,12629.9,0.001055334938374971,528600.0,905075.0,711674089.0,356735086.0,20692828.16,1.994965219092579,0.5840399966853576,0.001055334938374971,0.21773397171487813,0.8685130653569959,0.00336354531381632,528600.0,905075.0,356735086.0,711674089.0,8380141.0,9648837.0,377190102.0,82127099.0
4.9,x264,mcf-attacker,8,1.9249363605174878,12699.300000000001,0.0008972767830477586,524844.0,844125.0,684956546.0,355833346.0,20806533.12,1.9249363605174878,0.621760995113283,0.0008972767830477586,0.21776367944275404,0.8678804224876723,0.0033798129568474865,524844.0,844125.0,355833346.0,684956546.0,8374705.0,9649607.0,377210815.0,82142815.0
5.0,x264,mcf-attacker,8,1.918281135520917,12632.3,0.0009017943263671402,568958.0,888831.0,680428257.0,354707266.0,20696760.32,1.918281135520917,0.6401194377783853,0.0009017943263671402,0.2174783664052948,0.868921863079265,0.0033478296092280184,568958.0,888831.0,354707266.0,680428257.0,8365454.0,9627395.0,376943019.0,81976952.0
5.1,x264,mcf-attacker,8,1.9074984899007292,12650.8,0.0008965242860310799,579946.0,898445.0,677657450.0,355259757.0,20727070.72,1.9074984899007292,0.6454997245240388,0.0008965242860310799,0.2174072941712584,0.8683293179922692,0.0033617878937025228,579946.0,898445.0,355259757.0,677657450.0,8361420.0,9629319.0,377150207.0,81995206.0
5.2,x264,mcf-attacker,8,1.9471549122978817,12626.399999999998,0.0009985546728574581,570109.0,925029.0,692084510.0,355433718.0,20687093.759999998,1.9471549122978817,0.6163147317543558,0.0009985546728574581,0.21760387829632455,0.8682319479193896,0.0033681102252650762,570109.0,925029.0,355433718.0,692084510.0,8370138.0,9640440.0,377155709.0,82070545.0
5.5,x264,mcf-attacker,8,1.9272476744486742,12570.1,0.0009141401350350595,548427.0,873115.0,684527644.0,355184055.0,20594851.84,1.9272476744486742,0.6281268790480062,0.0009141401350350595,0.21822747398315456,0.8679964525889716,0.003381851855526748,548427.0,873115.0,355184055.0,684527644.0,8388763.0,9664513.0,377234147.0,82322855.0
5.6,x264,mcf-attacker,8,1.9208369057687673,12694.3,0.0009530682105606613,584968.0,922563.0,680397193.0,354219138.0,20798341.119999997,1.9208369057687673,0.6340683508876901,0.0009530682105606613,0.2177088557089085,0.8687342162474508,0.003358289411688699,584968.0,922563.0,354219138.0,680397193.0,8381526.0,9647975.0,377111334.0,82100477.0
5.7,x264,mcf-attacker,8,1.9206461139134234,12674.499999999998,0.0009085037130505216,582813.0,905215.0,681582408.0,354871417.0,20765900.799999997,1.9206461139134234,0.6438393088934673,0.0009085037130505216,0.21810386985306024,0.8677119999270717,0.0033863447390207278,582813.0,905215.0,354871417.0,681582408.0,8376299.0,9653317.0,377108091.0,82248734.0
5.8,x264,mcf-attacker,8,1.96172470860474,12668.900000000001,0.0010157458846232978,544701.0,905396.0,696615467.0,355103580.0,20756725.76,1.96172470860474,0.6016163093276312,0.0010157458846232978,0.21804375997317857,0.8682366259736722,0.0033734700957869313,544701.0,905396.0,355103580.0,696615467.0,8382664.0,9654815.0,377104573.0,82225299.0
5.9,x264,mcf-attacker,8,1.9497450185957017,6671.700000000001,0.0009821168434921129,532174.0,879638.0,689802041.0,353790898.0,10930913.280000001,1.9497450185957017,0.604992053549301,0.0009821168434921129,0.5887098823549656,0.8640742277350258,0.0023891898017316844,532174.0,879638.0,353790898.0,689802041.0,5641996.0,6529527.0,371477812.0,218692659.0
6.0,x264,mcf-attacker,8,1.9374950061324616,3656.9,0.0008075608876907449,600750.0,887109.0,687030713.0,354597411.0,5991464.96,1.9374950061324616,0.6771997578651553,0.0008075608876907449,1.0096124641229085,0.6297255918030856,2.5013252687975927e-05,600750.0,887109.0,354597411.0,687030713.0,16041.0,25473.0,377080107.0,380704776.0
6.1,x264,mcf-attacker,8,1.9211955023261946,10856.199999999999,0.0009000932973586315,584381.0,901464.0,676794767.0,352277926.0,17786798.08,1.9211955023261946,0.6482577229928206,0.0009000932973586315,0.5986342965565781,0.8652495760045205,0.0017904304250594175,584381.0,901464.0,352277926.0,676794767.0,4334967.0,5010077.0,377065755.0,225724493.0
6.2,x264,mcf-attacker,8,1.9302366016131953,12687.9,0.0008794683942894472,575104.0,887302.0,685204847.0,354984900.0,20787855.36,1.9302366016131953,0.6481491081954058,0.0008794683942894472,0.21800567410762908,0.866665906881016,0.0034126310046160985,575104.0,887302.0,354984900.0,685204847.0,8364925.0,9651845.0,377104937.0,82211016.0
6.3,x264,mcf-attacker,8,1.9755231546908805,12687.0,0.0010691551929863162,533798.0,912821.0,700336787.0,354507000.0,20786380.8,1.9755231546908805,0.5847783957643393,0.0010691551929863162,0.2178130933839467,0.8684881411182529,0.003366185575841732,533798.0,912821.0,354507000.0,700336787.0,8382836.0,9652217.0,377097748.0,82136827.0
6.4,x264,mcf-attacker,8,1.9267474890481513,12650.8,0.0008827528608425019,550214.0,863997.0,684880938.0,355459624.0,20727070.72,1.9267474890481513,0.6368239704536011,0.0008827528608425019,0.2177857772116307,0.8679080113363934,0.0033829138128989205,550214.0,863997.0,355459624.0,684880938.0,8382647.0,9658451.0,377131689.0,82133918.0
6.5,x264,mcf-attacker,8,1.9152656193924291,12626.800000000001,0.0009338240586608289,583878.0,914722.0,678558378.0,354289437.0,20687749.12,1.9152656193924291,0.6383119680077662,0.0009338240586608289,0.21731978564933765,0.8686078540662953,0.003354341089902704,583878.0,914722.0,354289437.0,678558378.0,8362232.0,9627166.0,377103570.0,81952067.0
6.6,x264,mcf-attacker,8,1.9219997963586748,12506.400000000001,0.0009482984305493184,594313.0,930872.0,682133713.0,354908317.0,20490485.76,1.9219997963586748,0.6384476061155562,0.0009482984305493184,0.21774466880620866,0.8682846274853036,0.003368903803467762,594313.0,930872.0,354908317.0,682133713.0,8374910.0,9645351.0,377108126.0,82113284.0
6.7,x264,mcf-attacker,8,1.9666478903628153,12606.7,0.0010216464113117526,547554.0,910036.0,697770239.0,354801814.0,20654817.28,1.9666478903628153,0.6016838894285501,0.0010216464113117526,0.21769867393328973,0.8683072978913141,0.003370624000898486,547554.0,910036.0,354801814.0,697770239.0,8380599.0,9651651.0,377096941.0,82093504.0
6.8,x264,mcf-attacker,8,1.9444402075679061,12559.2,0.0009809096771649659,525019.0,873671.0,691126801.0,355437415.0,20576993.28,1.9444402075679061,0.6009344478642418,0.0009809096771649659,0.21783011255601473,0.8683667452982798,0.003371521231442442,525019.0,873671.0,355437415.0,691126801.0,8387524.0,9658965.0,377111966.0,82146342.0
6.9,x264,mcf-attacker,8,1.9184362849668606,12671.7,0.0008920130897859027,569246.0,886532.0,682381214.0,355696574.0,20761313.28,1.9184362849668606,0.642104289523672,0.0008920130897859027,0.217801112111618,0.8679318473304691,0.0033837564268996726,569246.0,886532.0,355696574.0,682381214.0,8386020.0,9662072.0,377111068.0,82135210.0
7.0,x264,mcf-attacker,8,2.311676749976903,11962.3,0.0015469471928228275,459438.0,1007561.0,819086263.0,354325605.0,19599032.32,2.311676749976903,0.455990257661819,0.0015469471928228275,0.2184729992848089,0.8704458100657839,0.0033283666901966482,459438.0,1007561.0,354325605.0,819086263.0,8433215.0,9688386.0,377113196.0,82389051.0
7.1,x264,mcf-attacker,8,1.903297189455949,12676.400000000001,0.0006100151661990806,515019.0,731401.0,675129530.0,354715771.0,20769013.76,1.903297189455949,0.7041540823706831,0.0006100151661990806,0.21749664819980052,0.8704926685809266,0.0033102171424854187,515019.0,731401.0,354715771.0,675129530.0,8389367.0,9637493.0,377052606.0,82007678.0
7.2,x264,mcf-attacker,8,1.9079551306415816,12553.699999999999,0.0008546736681525143,547021.0,850217.0,676848235.0,354750604.0,20567982.08,1.9079551306415816,0.643389863999426,0.0008546736681525143,0.2179994968244201,0.8670007818153818,0.0034097623168902,547021.0,850217.0,354750604.0,676848235.0,8382617.0,9668523.0,377124820.0,82213021.0
7.3,x264,mcf-attacker,8,1.9034046765008863,12635.1,0.0008447562599349573,572648.0,871375.0,673091631.0,353625080.0,20701347.84,1.9034046765008863,0.6571774494333668,0.0008447562599349573,0.2174866494802851,0.8673266593732765,0.003392933397656731,572648.0,871375.0,353625080.0,673091631.0,8364801.0,9644349.0,377121461.0,82018883.0
7.6,x264,mcf-attacker,8,1.9198811974426884,12615.0,0.0009318147409184546,569766.0,900715.0,681876702.0,355166092.0,20668416.0,1.9198811974426884,0.6325707909827193,0.0009318147409184546,0.21750282527427905,0.8684900371507687,0.0033588535227579343,569766.0,900715.0,355166092.0,681876702.0,8365151.0,9631833.0,377117368.0,82024093.0
7.8,x264,mcf-attacker,8,1.9330230316016264,12613.099999999999,0.0009778925667069702,537117.0,884358.0,686399379.0,355091154.0,20665303.04,1.9330230316016264,0.6073524522874221,0.0009778925667069702,0.21792122546584783,0.8678483876777316,0.003383658897060129,537117.0,884358.0,355091154.0,686399379.0,8379872.0,9655917.0,377119869.0,82182424.0
7.9,x264,mcf-attacker,8,1.9189926184695192,12599.5,0.0009182156364534093,552545.0,878642.0,681515007.0,355142068.0,20643020.8,1.9189926184695192,0.6288624946223832,0.0009182156364534093,0.21777147674592257,0.8678541153075291,0.003382617475988328,552545.0,878642.0,355142068.0,681515007.0,8377414.0,9653021.0,377106489.0,82123037.0
8.0,x264,mcf-attacker,8,1.9253491741374635,12492.7,0.0009368808124246978,566526.0,899069.0,683396844.0,354946964.0,20468039.68,1.9253491741374635,0.630125162807304,0.0009368808124246978,0.21774227631934595,0.8684141348878476,0.003368879252781268,566526.0,899069.0,354946964.0,683396844.0,8384370.0,9654806.0,377109390.0,82112657.0
8.1,x264,mcf-attacker,8,1.9268911709433887,12598.199999999999,0.0009321729914078982,568546.0,898706.0,682472454.0,354183186.0,20640890.88,1.9268911709433887,0.6326273553308869,0.0009321729914078982,0.21743729972870277,0.8685321617546692,0.0033582108607534116,568546.0,898706.0,354183186.0,682472454.0,8367200.0,9633725.0,377142786.0,82004909.0
8.2,x264,mcf-attacker,8,1.90975455528342,12645.2,0.0009028288338837279,539552.0,860738.0,679405003.0,355755142.0,20717895.68,1.90975455528342,0.6268481233546096,0.0009028288338837279,0.21783745240680874,0.8684354540208155,0.003366349857456158,539552.0,860738.0,355755142.0,679405003.0,8378832.0,9648192.0,377073107.0,82140645.0
8.3,x264,mcf-attacker,8,1.9733392302119037,12627.5,0.00101452845066947,539370.0,898733.0,698989866.0,354216779.0,20688896.0,1.9733392302119037,0.6001448706122953,0.00101452845066947,0.21765349338023599,0.8681395421504815,0.0033682948667365926,539370.0,898733.0,354216779.0,698989866.0,8362704.0,9632903.0,377104455.0,82078102.0
8.4,x264,mcf-attacker,8,1.9176852242775242,12553.099999999999,0.000875167698680509,570408.0,881534.0,681745606.0,355504437.0,20566999.04,1.9176852242775242,0.6470629607025934,0.000875167698680509,0.21865664633574042,0.8666527751691064,0.003424442755279341,570408.0,881534.0,355504437.0,681745606.0,8393169.0,9684581.0,377115955.0,82458910.0
8.5,x264,mcf-attacker,8,1.9184860710530889,12142.2,0.0009923890588426497,516869.0,868705.0,680169193.0,354534340.0,19893780.48,1.9184860710530889,0.5949879418214469,0.0009923890588426497,0.21961223097555807,0.8613080671468015,0.0035787380971839117,516869.0,868705.0,354534340.0,680169193.0,8381164.0,9730739.0,377109183.0,82817789.0
8.6,x264,mcf-attacker,8,1.9516968220296982,12112.0,0.0012390581452558808,531910.0,971292.0,692090566.0,354609670.0,19844300.8,1.9516968220296982,0.5476314022971465,0.0012390581452558808,0.21977754682252215,0.8607355133735537,0.0035977633825061603,531910.0,971292.0,354609670.0,692090566.0,8385436.0,9742175.0,377106234.0,82879483.0
8.7,x264,mcf-attacker,8,1.0570782426333973,11892.4,0.0006434578418490795,364371.0,590889.0,372125777.0,352032387.0,19484508.16,1.0570782426333973,0.6166488122134615,0.0006434578418490795,0.2171829926409897,0.869517816689276,0.0033300462988240832,364371.0,590889.0,352032387.0,372125777.0,8289089.0,9532972.0,373533245.0,81125068.0
8.8,x264,mcf-attacker,8,1.8033128682519426,14219.2,0.0012751824925975159,299072.0,752637.0,641413763.0,355686345.0,23296737.28,1.8033128682519426,0.3973655294650675,0.0012751824925975159,0.2172663237513612,0.8734077764849029,0.003233190768708586,299072.0,752637.0,355686345.0,641413763.0,8412158.0,9631421.0,377108277.0,81932929.0
8.9,x264,mcf-attacker,8,2.1994496558580328,11233.5,0.0013635597493860984,253544.0,738249.0,781839040.0,355470305.0,18404966.4,2.1994496558580328,0.34343967956610844,0.0013635597493860984,0.21892863544278335,0.8702810869898228,0.0033368677724525944,253544.0,738249.0,355470305.0,781839040.0,8442334.0,9700698.0,377109339.0,82560033.0
9.0,x264,mcf-attacker,8,1.904311068060312,12237.9,0.0012362846684344578,444825.0,884192.0,676778951.0,355393067.0,20050575.36,1.904311068060312,0.503086433715754,0.0012362846684344578,0.2175084823090843,0.8708801997939075,0.0033002288285351325,444825.0,884192.0,355393067.0,676778951.0,8395576.0,9640334.0,377173240.0,82038379.0
9.1,x264,mcf-attacker,8,1.9264025169847623,12614.6,0.0009778955339543888,543995.0,891202.0,683979439.0,355055308.0,20667760.64,1.9264025169847623,0.6104059461266919,0.0009778955339543888,0.2174976616688866,0.8699128057795225,0.0033251213643942412,543995.0,891202.0,355055308.0,683979439.0,8383642.0,9637336.0,377037065.0,82004680.0
9.2,x264,mcf-attacker,8,1.9803648409709003,12613.5,0.0010023084131049972,528674.0,885161.0,704348394.0,355665976.0,20665958.4,1.9803648409709003,0.5972630967699661,0.0010023084131049972,0.2179578111694742,0.8689508594313484,0.0033578270236940657,528674.0,885161.0,355665976.0,704348394.0,8396030.0,9662261.0,377098341.0,82191529.0
9.3,x264,mcf-attacker,8,1.9370661507317284,12592.6,0.0009631877304384954,527353.0,868239.0,685555589.0,353914392.0,20631715.84,1.9370661507317284,0.607382299113493,0.0009631877304384954,0.21747521700008574,0.8687254346708609,0.003353462252958326,527353.0,868239.0,353914392.0,685555589.0,8368863.0,9633496.0,377112639.0,82012653.0
9.4,x264,mcf-attacker,8,1.9272107900415996,12572.8,0.0008807225984186329,543568.0,855508.0,682591925.0,354186438.0,20599275.52,1.9272107900415996,0.6353745377015761,0.0008807225984186329,0.2176190264464135,0.8680330968326152,0.003375864382320667,543568.0,855508.0,354186438.0,682591925.0,8374200.0,9647328.0,377126524.0,82069907.0
9.7,x264,mcf-attacker,8,1.9069361021317977,12617.9,0.000929406196445473,590102.0,919862.0,676594638.0,354807189.0,20673167.36,1.9069361021317977,0.6415114441079205,0.000929406196445473,0.21758485537003244,0.8679347300921638,0.00337768711984218,590102.0,919862.0,354807189.0,676594638.0,8371227.0,9644996.0,377112786.0,82054031.0
9.8,x264,mcf-attacker,8,1.9340341386450581,12664.2,0.0009430484088521937,576112.0,910593.0,685964439.0,354680626.0,20749025.28,1.9340341386450581,0.632677826427394,0.0009430484088521937,0.21769989852252794,0.8686034481901064,0.003362580867131146,576112.0,910593.0,354680626.0,685964439.0,8382468.0,9650512.0,377104388.0,82095587.0
9.9,x264,mcf-attacker,8,1.9903239064294358,12556.6,0.0010668595093658803,533937.0,912097.0,705492037.0,354460917.0,20572733.44,1.9903239064294358,0.5853949744380258,0.0010668595093658803,0.21786208216712005,0.8685575298364516,0.0033655391060104546,533937.0,912097.0,354460917.0,705492037.0,8386405.0,9655555.0,377101546.0,82156128.0
10.0,x264,mcf-attacker,8,1.9406764323616654,7816.800000000001,0.0009351829984317774,530737.0,860901.0,685150922.0,353047479.0,12807045.120000001,1.9406764323616654,0.6164901655358747,0.0009351829984317774,0.6026868640908384,0.8636622172434547,0.002333781114879498,530737.0,860901.0,353047479.0,685150922.0,5480081.0,6345167.0,370680007.0,223403971.0
10.1,x264,mcf-attacker,8,1.9347542089244902,3847.8999999999996,0.0008469219182090805,603356.0,903182.0,684938721.0,354018468.0,6304399.359999999,1.9347542089244902,0.6680336853480251,0.0008469219182090805,1.0096200371852992,0.6307924648279151,2.4637582618314356e-05,603356.0,903182.0,354018468.0,684938721.0,15872.0,25162.0,377066214.0,380693605.0
10.2,x264,mcf-attacker,8,1.9251038919053287,9690.3,0.0008783608940816479,584437.0,894821.0,680268726.0,353367280.0,15876587.52,1.9251038919053287,0.6531328612091133,0.0008783608940816479,0.5854391304965506,0.8648307397648269,0.0018558825964316544,584437.0,894821.0,353367280.0,680268726.0,4477483.0,5177294.0,377077193.0,220755744.0
10.3,x264,mcf-attacker,8,1.919026725282016,12530.0,0.0009068162937146473,579054.0,900604.0,680471941.0,354592217.0,20529152.0,1.919026725282016,0.6429618345021786,0.0009068162937146473,0.21780208841691526,0.8672027386043738,0.003401961201300681,579054.0,900604.0,354592217.0,680471941.0,8377521.0,9660395.0,377098363.0,82132811.0
10.4,x264,mcf-attacker,8,1.963773591944445,12513.900000000001,0.0009875068783884856,550966.0,901439.0,696956788.0,354906895.0,20502773.76,1.963773591944445,0.6112071920562567,0.0009875068783884856,0.21761803734478175,0.8684110977138829,0.0033669751698847095,550966.0,901439.0,354906895.0,696956788.0,8379092.0,9648762.0,377095148.0,82062706.0
10.5,x264,mcf-attacker,8,1.9476117508253017,12617.6,0.0009518030657529912,528584.0,865120.0,688631390.0,353577344.0,20672675.84,1.9476117508253017,0.6109950064730905,0.0009518030657529912,0.21758935176639171,0.868324932098007,0.003367490604129531,528584.0,865120.0,353577344.0,688631390.0,8374486.0,9644415.0,377114341.0,82056065.0
10.6,x264,mcf-attacker,8,1.9343570835014685,12539.9,0.0008508002823517607,540788.0,842805.0,686657886.0,354979901.0,20545372.16,1.9343570835014685,0.6416525768119553,0.0008508002823517607,0.21777521203494418,0.8671908869171726,0.0033993839847891727,540788.0,842805.0,354979901.0,686657886.0,8375353.0,9658027.0,377325423.0,82172124.0
10.7,x264,mcf-attacker,8,1.9189252052696284,12648.0,0.0009260591679754688,573972.0,902324.0,680391654.0,354569137.0,20722483.2,1.9189252052696284,0.6361041045123481,0.0009260591679754688,0.2176028178793052,0.8679211490535432,0.003379199023726455,573972.0,902324.0,354569137.0,680391654.0,8369059.0,9642649.0,376891089.0,82012563.0
10.8,x264,mcf-attacker,8,1.910810274667974,12647.6,0.0009167927673762143,580889.0,906700.0,679066228.0,355381294.0,20721827.84,1.910810274667974,0.6406628432778206,0.0009167927673762143,0.21765585214038372,0.8683915822873408,0.0033658124745664653,580889.0,906700.0,355381294.0,679066228.0,8374725.0,9643950.0,377093201.0,82076542.0
10.9,x264,mcf-attacker,8,1.9351058474105642,12605.900000000001,0.0009199027771703347,577812.0,904772.0,687792475.0,355428865.0,20653506.560000002,1.9351058474105642,0.638627190054511,0.0009199027771703347,0.21764281610077446,0.8683458086553781,0.0033704218579629127,577812.0,904772.0,355428865.0,687792475.0,8382888.0,9653859.0,377095525.0,82072132.0
11.0,x264,mcf-attacker,8,2.00039310909003,12546.900000000001,0.001024113120508761,533288.0,895502.0,707510113.0,353685538.0,20556840.96,2.00039310909003,0.5955184913043187,0.001024113120508761,0.2173855991659249,0.8686059836587445,0.003357850783303749,533288.0,895502.0,353685538.0,707510113.0,8371145.0,9637448.0,377117115.0,81979830.0
11.1,x264,mcf-attacker,8,1.9289385799780052,12625.4,0.0009409437654674038,534672.0,867105.0,681489014.0,353297415.0,20685455.36,1.9289385799780052,0.6166173646790181,0.0009409437654674038,0.2175964516994888,0.8680992142778038,0.0033730907232527034,534672.0,867105.0,353297415.0,681489014.0,8371612.0,9643612.0,377102220.0,82056105.0
11.2,x264,mcf-attacker,8,1.918511378873567,12503.899999999998,0.0009167141364997249,564843.0,890530.0,681602029.0,355276511.0,20486389.759999998,1.918511378873567,0.6342773404601754,0.0009167141364997249,0.21775469960342053,0.8680963839100262,0.003377142856627673,564843.0,890530.0,355276511.0,681602029.0,8381843.0,9655429.0,377119374.0,82119516.0
11.3,x264,mcf-attacker,8,1.9247815517246276,12587.3,0.000901185448174837,568245.0,887413.0,681689523.0,354164618.0,20623032.32,1.9247815517246276,0.6403388275808446,0.000901185448174837,0.21743747412924505,0.868778030049592,0.0033564261363656397,568245.0,887413.0,354164618.0,681689523.0,8380338.0,9646121.0,377122257.0,82000511.0
11.4,x264,mcf-attacker,8,1.9288039823715644,12558.699999999999,0.0009161630628148102,579548.0,904613.0,684361433.0,354811292.0,20576174.08,1.9288039823715644,0.6406584915317379,0.0009161630628148102,0.2174249428059023,0.8684297958410037,0.003359271128586115,579548.0,904613.0,354811292.0,684361433.0,8361698.0,9628525.0,377113651.0,81993914.0
11.5,x264,mcf-attacker,8,1.9450994509628226,12617.5,0.0009052995438133934,546958.0,868371.0,690578333.0,355034974.0,20672512.0,1.9450994509628226,0.6298667274701711,0.0009052995438133934,0.2176380828849207,0.8681030515838305,0.0033748276881943717,546958.0,868371.0,355034974.0,690578333.0,8376118.0,9648760.0,377098364.0,82070965.0
11.8,x264,mcf-attacker,8,1.9272477391035463,12623.099999999999,0.0008791281287831836,527448.0,839005.0,683003426.0,354393165.0,20681687.04,1.9272477391035463,0.6286589472053206,0.0008791281287831836,0.2176937096233903,0.8678401031298637,0.0033830260270430903,527448.0,839005.0,354393165.0,683003426.0,8377323.0,9653072.0,377102922.0,82092934.0
11.9,x264,mcf-attacker,8,1.9190959309265476,12281.7,0.0009315115301692368,569871.0,900862.0,681906193.0,355326788.0,20122337.28,1.9190959309265476,0.6325841249825167,0.0009315115301692368,0.2176752024791034,0.867822660482374,0.0033824174474003624,569871.0,900862.0,355326788.0,681906193.0,8375084.0,9650686.0,377127312.0,82091264.0
12.0,x264,mcf-attacker,8,2.3239273249573356,12065.9,0.0015308662342172633,450257.0,993706.0,824981277.0,354994439.0,19768770.56,2.3239273249573356,0.45310886721022114,0.0015308662342172633,0.21855264284438788,0.8701710062620965,0.0033357060771668726,450257.0,993706.0,354994439.0,824981277.0,8430885.0,9688768.0,377096474.0,82415431.0
12.1,x264,mcf-attacker,8,1.8965125274593393,12664.400000000001,0.0005906449450432164,519712.0,728502.0,670407584.0,353494941.0,20749352.96,1.8965125274593393,0.7133981787284043,0.0005906449450432164,0.21708992167217486,0.8703523907812744,0.0033067473538288244,519712.0,728502.0,353494941.0,670407584.0,8370964.0,9617902.0,377088984.0,81862218.0
12.2,x264,mcf-attacker,8,1.9507355096137844,12647.7,0.0009529924841928622,535340.0,873475.0,692148115.0,354813921.0,20721991.68,1.9507355096137844,0.6128853144051061,0.0009529924841928622,0.21774141685747372,0.8674467197461342,0.0033901748591762546,535340.0,873475.0,354813921.0,692148115.0,8366881.0,9645412.0,377128335.0,82116458.0
12.3,x264,mcf-attacker,8,1.9061309263284199,12585.5,0.0009004682890396436,552020.0,871233.0,675717045.0,354496659.0,20620083.2,1.9061309263284199,0.633607771973743,0.0009004682890396436,0.21760971022786835,0.8674609818003677,0.0033913497974948467,552020.0,871233.0,354496659.0,675717045.0,8370262.0,9649151.0,377103241.0,82061327.0
12.4,x264,mcf-attacker,8,1.9151986416601507,12647.2,0.0009117883102483126,565161.0,888277.0,678700656.0,354376116.0,20721172.48,1.9151986416601507,0.6362440995320153,0.0009117883102483126,0.2172214029161195,0.8688231759458752,0.003349342935031986,565161.0,888277.0,354376116.0,678700656.0,8365914.0,9629018.0,377119938.0,81918522.0
12.5,x264,mcf-attacker,8,1.9146990625055802,12634.5,0.0008968736556942531,577591.0,896377.0,680563256.0,355441369.0,20700364.8,1.9146990625055802,0.6443616915650446,0.0008968736556942531,0.2177082094221437,0.8682485192808372,0.0033702871250529056,577591.0,896377.0,355441369.0,680563256.0,8375555.0,9646495.0,377101402.0,82098071.0
12.6,x264,mcf-attacker,8,1.9480751577560262,12610.699999999999,0.000926884741363891,552910.0,882178.0,692037297.0,355241580.0,20661370.88,1.9480751577560262,0.6267555980765787,0.000926884741363891,0.21774819996079284,0.868532562153495,0.003367507123618659,552910.0,882178.0,355241580.0,692037297.0,8389427.0,9659312.0,377099425.0,82112721.0
12.7,x264,mcf-attacker,8,1.9749786744349547,12502.9,0.0010329342683058304,523799.0,890309.0,700770084.0,354824127.0,20484751.36,1.9749786744349547,0.588333937992315,0.0010329342683058304,0.21787441561458606,0.8680073028515212,0.0033819702529874745,523799.0,890309.0,354824127.0,700770084.0,8387144.0,9662527.0,377112424.0,82163149.0
12.9,x264,mcf-attacker,8,1.923478201561388,12504.300000000001,0.0008985183944981857,572146.0,891218.0,683044488.0,355109035.0,20487045.12,1.923478201561388,0.6419820964118768,0.0008985183944981857,0.21754871352649946,0.8682451852713916,0.003368418783809784,572146.0,891218.0,355109035.0,683044488.0,8370698.0,9640938.0,377102754.0,82038219.0
13.0,x264,mcf-attacker,8,1.9250998701654898,12629.300000000001,0.0009264535368375312,568824.0,897076.0,682082649.0,354310267.0,20691845.12,1.9250998701654898,0.6340867440439829,0.0009264535368375312,0.2176945120668419,0.8683649117282698,0.0033699135685777526,568824.0,897076.0,354310267.0,682082649.0,8383438.0,9654280.0,377114123.0,82095675.0
13.1,x264,mcf-attacker,8,1.9154187814058532,12594.400000000001,0.0009203481998840861,582148.0,908227.0,678632110.0,354299601.0,20634664.96,1.9154187814058532,0.6409719156114055,0.0009203481998840861,0.21736669991175023,0.8688528994518392,0.0033526412997196275,582148.0,908227.0,354299601.0,678632110.0,8375947.0,9640236.0,377102376.0,81969499.0
13.2,x264,mcf-attacker,8,1.9925924179514096,12620.2,0.0010364669303189352,523744.0,891572.0,707143916.0,354886383.0,20676935.68,1.9925924179514096,0.587438815934103,0.0010364669303189352,0.2178580246875768,0.8685766206099658,0.0033680105771572042,523744.0,891572.0,354886383.0,707143916.0,8394139.0,9664247.0,377109267.0,82156280.0
13.3,x264,mcf-attacker,8,1.9374894978406814,12626.0,0.000978591261913654,538312.0,884103.0,684623353.0,353355904.0,20686438.4,1.9374894978406814,0.6088792821650871,0.000978591261913654,0.2173898747018527,0.8687953929675681,0.0033529709531138624,538312.0,884103.0,353355904.0,684623353.0,8372662.0,9637093.0,377107651.0,81979385.0
13.4,x264,mcf-attacker,8,1.922225979548365,12656.399999999998,0.0009056288316372648,561251.0,883128.0,683194163.0,355418234.0,20736245.759999998,1.922225979548365,0.6355262204346369,0.0009056288316372648,0.21769874892161903,0.8684094075448051,0.0033694277727510345,561251.0,883128.0,355418234.0,683194163.0,8385541.0,9656207.0,377116260.0,82097738.0
13.5,x264,mcf-attacker,8,1.9202553252417949,12616.7,0.0009363912639413793,572011.0,904262.0,681346331.0,354820696.0,20671201.28,1.9202553252417949,0.6325721969960034,0.0009363912639413793,0.21755455988427636,0.8686859105941502,0.003355337787045585,572011.0,904262.0,354820696.0,681346331.0,8370786.0,9636148.0,377119110.0,82043982.0
13.6,x264,mcf-attacker,8,1.9151969142686378,12511.199999999999,0.00093224000000045,577195.0,908602.0,680843628.0,355495366.0,20498350.08,1.9151969142686378,0.6352561407524967,0.00093224000000045,0.21745557977487742,0.8684205857995293,0.0033634431581866537,577195.0,908602.0,355495366.0,680843628.0,8371089.0,9639441.0,377099282.0,82002343.0
13.9,x264,mcf-attacker,8,1.930106548375545,12682.8,0.0009324431998018473,519168.0,850704.0,686261431.0,355556242.0,20779499.52,1.930106548375545,0.6102804265643514,0.0009324431998018473,0.21775926952464775,0.8681271973416994,0.0033723354700402252,519168.0,850704.0,355556242.0,686261431.0,8372006.0,9643755.0,377112245.0,82119687.0
14.0,x264,mcf-attacker,8,1.923755785422136,12638.3,0.0009132597794154604,559209.0,883287.0,682661102.0,354858505.0,20706590.72,1.923755785422136,0.6331000003396404,0.0009132597794154604,0.21753471515369016,0.868091607870423,0.003370228359334899,559209.0,883287.0,354858505.0,682661102.0,8364159.0,9635111.0,377111538.0,82034851.0
14.1,x264,mcf-attacker,8,1.9200021019185374,9231.5,0.0009600261501458196,588354.0,926669.0,676612310.0,352401859.0,15124889.6,1.9200021019185374,0.6349127897879394,0.0009600261501458196,0.5914040554151501,0.864846352775569,0.002357826509864858,588354.0,926669.0,352401859.0,676612310.0,5587211.0,6460351.0,370315626.0,219006163.0
14.2,x264,mcf-attacker,8,1.971414646681016,3760.3,0.0008927973910742081,585977.0,902409.0,698723681.0,354427559.0,6160875.5200000005,1.971414646681016,0.6493474688306522,0.0008927973910742081,1.0096150273724938,0.6315726242441232,2.4390609244279506e-05,585977.0,902409.0,354427559.0,698723681.0,15771.0,24971.0,377194350.0,380821084.0
14.3,x264,mcf-attacker,8,1.9958810863204464,8155.2,0.0010494003757424656,531026.0,903094.0,707645529.0,354552951.0,13361479.68,1.9958810863204464,0.5880074499443025,0.0010494003757424656,0.5971696359420353,0.8671939139768594,0.0017843221666163044,531026.0,903094.0,354552951.0,707645529.0,4390954.0,5063405.0,376866360.0,225053147.0
14.4,x264,mcf-attacker,8,1.915666055862555,12636.900000000001,0.0009121003481123903,542024.0,864361.0,676997932.0,353400808.0,20704296.96,1.915666055862555,0.6270805832285353,0.0009121003481123903,0.21752395330959454,0.8680625649774054,0.003373535759426546,542024.0,864361.0,353400808.0,676997932.0,8370532.0,9642775.0,377124504.0,82033613.0
14.5,x264,mcf-attacker,8,1.9250126071936442,12578.199999999999,0.0009175352336621296,567582.0,892266.0,681195414.0,353865430.0,20608122.88,1.9250126071936442,0.6361129976935129,0.0009175352336621296,0.21759933345819063,0.8684880269664675,0.0033588203927756135,567582.0,892266.0,353865430.0,681195414.0,8367434.0,9634484.0,377230650.0,82085138.0
14.6,x264,mcf-attacker,8,1.9094219981687413,12611.900000000001,0.0009291333297166926,580279.0,910402.0,678421598.0,355302075.0,20663336.96,1.9094219981687413,0.6373876595174439,0.0009291333297166926,0.21761356448932068,0.8685630253608404,0.0033609620261911763,580279.0,910402.0,355302075.0,678421598.0,8375773.0,9643253.0,377118215.0,82066039.0
14.7,x264,mcf-attacker,8,1.9433677311875517,12655.4,0.0009138511983056341,552428.0,877278.0,690815976.0,355473627.0,20734607.36,1.9433677311875517,0.6297068888083367,0.0009138511983056341,0.21774885623157023,0.8683713681483507,0.003370532485591417,552428.0,877278.0,355473627.0,690815976.0,8385165.0,9656197.0,377101246.0,82113365.0
14.8,x264,mcf-attacker,8,1.9618829264409798,12646.300000000001,0.0010376867295497348,519306.0,887793.0,696673026.0,355104281.0,20719697.92,1.9618829264409798,0.5849404084060136,0.0010376867295497348,0.21787001464217837,0.8685529872697176,0.003365950653917659,519306.0,887793.0,355104281.0,696673026.0,8387525.0,9656895.0,377120799.0,82163314.0
14.9,x264,mcf-attacker,8,1.9192983338619973,12602.1,0.0008844290932294934,547087.0,861429.0,682153133.0,355417978.0,20647280.64,1.9192983338619973,0.6350923871845503,0.0008844290932294934,0.21776727599684673,0.8678390301179844,0.003382877709981906,547087.0,861429.0,355417978.0,682153133.0,8376936.0,9652638.0,377105562.0,82121251.0
15.0,x264,mcf-attacker,8,2.292665510716089,12169.5,0.0014670780866053556,471174.0,991811.0,813621650.0,354880224.0,19938508.8,2.292665510716089,0.47506430156552004,0.0014670780866053556,0.21838749859903528,0.8700715480314295,0.0033346970958831857,471174.0,991811.0,354880224.0,813621650.0,8421138.0,9678673.0,377106215.0,82355283.0
15.1,x264,mcf-attacker,8,1.9048400595834727,12289.3,0.0005899674174787571,526633.0,735539.0,674499143.0,354097521.0,20134789.119999997,1.9048400595834727,0.7159824292117754,0.0005899674174787571,0.21726352781883726,0.8704166320252743,0.003306564413271115,526633.0,735539.0,354097521.0,674499143.0,8375497.0,9622400.0,377099262.0,81929916.0
15.2,x264,mcf-attacker,8,1.961875790821989,12628.099999999999,0.001005011654438087,546551.0,903528.0,696852152.0,355196876.0,20689879.04,1.961875790821989,0.6049076508973712,0.001005011654438087,0.21777450314238117,0.8678894102980692,0.003379378120592716,546551.0,903528.0,355196876.0,696852152.0,8372287.0,9646721.0,377120865.0,82127309.0
15.3,x264,mcf-attacker,8,1.9237390625430213,12687.0,0.0008627637204240654,546479.0,852213.0,681707430.0,354365851.0,20786380.8,1.9237390625430213,0.6412469652539917,0.0008627637204240654,0.21778699861555378,0.8671988297992153,0.003398863590090973,546479.0,852213.0,354365851.0,681707430.0,8369923.0,9651677.0,377112516.0,82130203.0
15.4,x264,mcf-attacker,8,1.9151556710840814,12656.199999999999,0.0009009719482078946,571014.0,889623.0,677252865.0,353628102.0,20735918.08,1.9151556710840814,0.6418606533329286,0.0009009719482078946,0.21720370515176535,0.868980612785636,0.003345674413067265,571014.0,889623.0,353628102.0,677252865.0,8368020.0,9629697.0,377106928.0,81909022.0
15.5,x264,mcf-attacker,8,1.90696717263444,12604.8,0.0009513746330774125,582177.0,918672.0,674481846.0,353693475.0,20651704.32,1.90696717263444,0.6337158419980146,0.0009513746330774125,0.21737602046814603,0.8685125988384356,0.003359019104064003,582177.0,918672.0,353693475.0,674481846.0,8367167.0,9633904.0,377115152.0,81975791.0
15.6,x264,mcf-attacker,8,1.9289888755381865,12500.3,0.0009302597623560455,570337.0,900299.0,684209995.0,354698777.0,20480491.52,1.9289888755381865,0.6334973158917204,0.0009302597623560455,0.21767639252376295,0.8685497583407377,0.0033629088041832473,570337.0,900299.0,354698777.0,684209995.0,8379306.0,9647468.0,377102703.0,82086356.0
15.7,x264,mcf-attacker,8,1.994274067933558,12538.800000000001,0.0010412081617314868,529692.0,899975.0,709220127.0,355628215.0,20543569.92,1.994274067933558,0.5885630156393233,0.0010412081617314868,0.21793278120302878,0.868394217491033,0.0033719789897273932,529692.0,899975.0,355628215.0,709220127.0,8390695.0,9662311.0,377112670.0,82185213.0
16.0,x264,mcf-attacker,8,1.917967708305436,12606.900000000001,0.0008965666602122102,562317.0,880853.0,681423690.0,355284235.0,20655144.96,1.917967708305436,0.6383777997009716,0.0008965666602122102,0.21758732408535086,0.8683052736916879,0.003367584562694225,562317.0,880853.0,355284235.0,681423690.0,8373198.0,9643150.0,377110649.0,82054497.0
16.1,x264,mcf-attacker,8,1.9079075305093707,12647.8,0.0009210096274808235,575533.0,902263.0,676833997.0,354751992.0,20722155.52,1.9079075305093707,0.6378772043184747,0.0009210096274808235,0.21756704883251854,0.8683192258049796,0.003366300757317185,575533.0,902263.0,354751992.0,676833997.0,8372347.0,9642015.0,377170102.0,82059786.0
16.2,x264,mcf-attacker,8,1.9394980029400821,12621.300000000001,0.0009091570819384986,561170.0,882091.0,684618369.0,352987406.0,20678737.92,1.9394980029400821,0.6361815277562065,0.0009091570819384986,0.21734024531890223,0.8687359378780263,0.0033513433405742065,561170.0,882091.0,352987406.0,684618369.0,8362870.0,9626481.0,377046119.0,81947296.0
16.3,x264,mcf-attacker,8,1.975800863188767,12535.900000000001,0.0010856072128263357,533486.0,919443.0,702440224.0,355521772.0,20538818.560000002,1.975800863188767,0.5802273767922536,0.0010856072128263357,0.21794754354516277,0.8683388137713777,0.0033717663551551804,533486.0,919443.0,355521772.0,702440224.0,8386141.0,9657683.0,377114505.0,82191180.0
16.4,x264,mcf-attacker,8,1.920707686378596,12572.3,0.0009035686298294256,548560.0,868122.0,679290061.0,353666550.0,20598456.32,1.920707686378596,0.6318927524011602,0.0009035686298294256,0.21747922961805596,0.868126542044222,0.0033694150698769265,548560.0,868122.0,353666550.0,679290061.0,8364697.0,9635343.0,377111746.0,82013972.0
16.5,x264,mcf-attacker,8,1.9106700964766379,12557.2,0.0009111311016076904,572455.0,895563.0,677567468.0,354622951.0,20573716.48,1.9106700964766379,0.6392124283830395,0.0009111311016076904,0.21746462829417781,0.8686170556662328,0.0033571581783025536,572455.0,895563.0,354622951.0,677567468.0,8370106.0,9636129.0,377111513.0,82008415.0
16.6,x264,mcf-attacker,8,1.9134105703541582,12692.8,0.0009259684952449386,601053.0,929589.0,678882984.0,354802568.0,20795883.52,1.9134105703541582,0.6465792947205701,0.0009259684952449386,0.21752020624277366,0.8684227265279761,0.0033625555711917308,601053.0,929589.0,354802568.0,678882984.0,8369114.0,9637143.0,377102764.0,82027471.0
16.7,x264,mcf-attacker,8,1.9530102639362321,12639.6,0.0009733785184277449,548295.0,894025.0,693681056.0,355185566.0,20708720.64,1.9530102639362321,0.6132882190095356,0.0009733785184277449,0.2178326628855351,0.8685223153142559,0.0033683675703784577,548295.0,894025.0,355185566.0,693681056.0,8390940.0,9661168.0,377104925.0,82145770.0
16.8,x264,mcf-attacker,8,1.9422712078274886,12660.2,0.001015090189208145,530075.0,890573.0,689776035.0,355138887.0,20742471.68,1.9422712078274886,0.5952066815409854,0.001015090189208145,0.21784268390424216,0.8682250631951649,0.003375551849852608,530075.0,890573.0,355138887.0,689776035.0,8386844.0,9659758.0,377098044.0,82148050.0
16.9,x264,mcf-attacker,8,1.9151921796222464,12613.5,0.0009098670065463201,558655.0,882294.0,681232397.0,355699237.0,20665958.4,1.9151921796222464,0.6331846300666217,0.0009098670065463201,0.21769507311676523,0.8681706240883565,0.003372127204216907,558655.0,882294.0,355699237.0,681232397.0,8375005.0,9646727.0,377127529.0,82098805.0
17.0,x264,mcf-attacker,8,1.9124885174756832,12489.300000000001,0.0009124872398181164,564290.0,887817.0,678082548.0,354555095.0,20462469.12,1.9124885174756832,0.6355926953414949,0.0009124872398181164,0.21753591836747682,0.8681917392082604,0.0033703896050446044,564290.0,887817.0,354555095.0,678082548.0,8371551.0,9642514.0,377096760.0,82032090.0
17.1,x264,mcf-attacker,8,1.9234462211601802,12604.9,0.000913404832279056,573605.0,897590.0,682247019.0,354700335.0,20651868.16,1.9234462211601802,0.6390501231074321,0.000913404832279056,0.21762561479415451,0.8685807527625198,0.0033607582551509075,573605.0,897590.0,354700335.0,682247019.0,8376360.0,9643732.0,377108945.0,82068566.0
17.2,x264,mcf-attacker,8,1.9672398076975302,12549.6,0.0009899473556334224,538368.0,889304.0,697385841.0,354499659.0,20561264.64,1.9672398076975302,0.6053812869389995,0.0009899473556334224,0.21781864474602947,0.8684759570666933,0.0033687671985490344,538368.0,889304.0,354499659.0,697385841.0,8388512.0,9658888.0,377104123.0,82140309.0
17.3,x264,mcf-attacker,8,1.9310413599818903,12701.400000000001,0.0009985209628249577,531932.0,886502.0,685703516.0,355095199.0,20809973.76,1.9310413599818903,0.6000347432944314,0.0009985209628249577,0.21788935465701087,0.8682532708667743,0.0033730481481538043,531932.0,886502.0,355095199.0,685703516.0,8383060.0,9655086.0,377114688.0,82169276.0
17.4,x264,mcf-attacker,8,1.9154911723583201,12652.0,0.0009254219341455426,569268.0,897554.0,679505112.0,354741970.0,20729036.8,1.9154911723583201,0.6342437335246681,0.0009254219341455426,0.21740537877819818,0.8687512171100027,0.003352380582700241,569268.0,897554.0,354741970.0,679505112.0,8369094.0,9633476.0,377159445.0,81996492.0
17.5,x264,mcf-attacker,8,1.920298234774848,12650.8,0.0009491278691763433,570846.0,906897.0,679906431.0,354062936.0,20727070.72,1.920298234774848,0.6294496508423779,0.0009491278691763433,0.2176964252382899,0.8686738984721211,0.0033587721265457937,570846.0,906897.0,354062936.0,679906431.0,8377227.0,9643696.0,377063091.0,82085287.0
17.6,x264,mcf-attacker,8,1.9196832131992785,12610.699999999999,0.0009446076161835348,584134.0,918662.0,679846081.0,354144932.0,20661370.88,1.9196832131992785,0.6358530123157374,0.0009446076161835348,0.21739951415396166,0.8687297765295481,0.003351907922484401,584134.0,918662.0,354144932.0,679846081.0,8365244.0,9629282.0,377110001.0,81983531.0
17.7,x264,mcf-attacker,8,1.9934126702929846,12499.099999999999,0.0010951452790502274,530897.0,919567.0,707467509.0,354902685.0,20478525.439999998,1.9934126702929846,0.5773336798732447,0.0010951452790502274,0.21776950828588232,0.868425028484575,0.003368620767725709,530897.0,919567.0,354902685.0,707467509.0,8386364.0,9656981.0,377192058.0,82140929.0
17.8,x264,mcf-attacker,8,1.917836993912098,12632.4,0.0008782334447511086,533548.0,845557.0,681347774.0,355268866.0,20696924.16,1.917836993912098,0.6310018130061013,0.0008782334447511086,0.2176941816328288,0.8677246249706629,0.00338134098286406,533548.0,845557.0,355268866.0,681347774.0,8359410.0,9633713.0,376863205.0,82040927.0
18.1,x264,mcf-attacker,8,2.3011337016452105,11977.8,0.001546640932830191,443600.0,993360.0,817947616.0,355454190.0,19624427.52,2.3011337016452105,0.44656519288072805,0.001546640932830191,0.21854982949157897,0.8702814567230119,0.0033325110229168956,443600.0,993360.0,355454190.0,817947616.0,8434123.0,9691259.0,377233861.0,82444396.0
18.2,x264,mcf-attacker,8,1.925462586260569,10605.8,0.0007074542633726442,521422.0,770929.0,679077671.0,352682870.0,17376542.72,1.925462586260569,0.6763554101609875,0.0007074542633726442,0.5867025141251367,0.865012566872064,0.002370280414169368,521422.0,770929.0,352682870.0,679077671.0,5623637.0,6501220.0,370244379.0,217223308.0
18.3,x264,mcf-attacker,8,1.9320200084410946,3645.2,0.0008150733240196264,571394.0,861227.0,687009547.0,355591321.0,5972295.68,1.9320200084410946,0.6634650330284583,0.0008150733240196264,1.0100876544742623,0.6285352134991682,2.4866006021237862e-05,571394.0,861227.0,355591321.0,687009547.0,15868.0,25246.0,377141387.0,380945859.0
18.4,x264,mcf-attacker,8,1.9168261998654996,6966.599999999999,0.0008615927292823695,597262.0,902165.0,678332162.0,353882977.0,11414077.44,1.9168261998654996,0.6620318899536116,0.0008615927292823695,0.601330824393405,0.8646851387398375,0.0018006327297854087,597262.0,902165.0,353882977.0,678332162.0,4338856.0,5017845.0,377083560.0,226751968.0
18.5,x264,mcf-attacker,8,1.9120723191426354,12697.8,0.0009255828770359753,583114.0,911069.0,677490577.0,354322674.0,20804075.52,1.9120723191426354,0.6400327527333276,0.0009255828770359753,0.21856326539989876,0.8672572166549887,0.0034081513704148393,583114.0,911069.0,354322674.0,677490577.0,8396826.0,9682048.0,377102382.0,82420728.0
18.6,x264,mcf-attacker,8,1.9685455753372478,12597.9,0.0010122520607705892,536883.0,896167.0,698706336.0,354935311.0,20640399.36,1.9685455753372478,0.5990881163890213,0.0010122520607705892,0.21856401001235568,0.868113793997942,0.0033853074421385243,536883.0,896167.0,354935311.0,698706336.0,8403266.0,9679913.0,377114050.0,82423559.0
18.7,x264,mcf-attacker,8,1.9585723714284056,12680.699999999999,0.0009994218885531773,530146.0,885595.0,696575289.0,355654608.0,20776058.88,1.9585723714284056,0.5986325577718935,0.0009994218885531773,0.218313359857607,0.868526362988185,0.003372640525055648,530146.0,885595.0,355654608.0,696575289.0,8402699.0,9674662.0,377141587.0,82335047.0
18.8,x264,mcf-attacker,8,1.9152853947414175,12688.600000000002,0.0009071397395566845,553467.0,876044.0,681071493.0,355597915.0,20789002.240000002,1.9152853947414175,0.6317799105980978,0.0009071397395566845,0.2182747064328065,0.86770702585394,0.0033907895113747815,553467.0,876044.0,355597915.0,681071493.0,8387552.0,9666341.0,377136061.0,82319263.0
18.9,x264,mcf-attacker,8,1.91611785305705,12636.900000000001,0.0009174486731392334,563071.0,888810.0,680315239.0,355048745.0,20704296.96,1.91611785305705,0.633511099110046,0.0009174486731392334,0.21839954808002104,0.8680330530059318,0.003385424997312272,563071.0,888810.0,355048745.0,680315239.0,8397804.0,9674521.0,377121632.0,82363194.0
19.0,x264,mcf-attacker,8,1.9160707316491996,12538.5,0.0009300567582501082,569175.0,899657.0,680847574.0,355335303.0,20543078.4,1.9160707316491996,0.632657779575994,0.0009300567582501082,0.2182330433119176,0.8682764343229376,0.0033775858533125268,569175.0,899657.0,355335303.0,680847574.0,8397427.0,9671375.0,377177089.0,82312504.0
19.1,x264,mcf-attacker,8,1.9460210578639636,12540.4,0.0009657491925524142,550341.0,893543.0,691564978.0,355373841.0,20546191.36,1.9460210578639636,0.6159088034935084,0.0009657491925524142,0.21859202018067644,0.8681163295742846,0.0033863446546083856,550341.0,893543.0,355373841.0,691564978.0,8401767.0,9678158.0,376922945.0,82392348.0
19.2,x264,mcf-attacker,8,1.8850856506308473,12761.5,0.0008709427115697434,545365.0,854316.0,668699662.0,354731713.0,20908441.6,1.8850856506308473,0.6383644927638017,0.0008709427115697434,0.21787831479468928,0.8688976498703951,0.00335363275660766,545365.0,854316.0,354731713.0,668699662.0,8385620.0,9650872.0,377278042.0,82200704.0
19.3,x264,mcf-attacker,8,1.9652360584705089,12586.599999999999,0.001076966683886195,521546.0,904872.0,699488748.0,355931159.0,20621885.439999998,1.9652360584705089,0.5763754431566012,0.001076966683886195,0.21824190632630694,0.8684098946505385,0.003374390371039825,521546.0,904872.0,355931159.0,699488748.0,8399343.0,9672095.0,377179834.0,82316446.0
19.4,x264,mcf-attacker,8,1.904935491125324,12589.300000000001,0.0008203457658699116,590187.0,881161.0,675674481.0,354696778.0,20626309.12,1.904935491125324,0.6697833880528076,0.0008203457658699116,0.21826565264215575,0.866054390990143,0.003435474426754124,590187.0,881161.0,354696778.0,675674481.0,8376388.0,9671896.0,377097262.0,82307380.0
19.5,x264,mcf-attacker,8,1.898470355293388,12136.100000000002,0.0010207065939465893,513540.0,877196.0,676384516.0,356278682.0,19883786.240000002,1.898470355293388,0.5854335861084637,0.0010207065939465893,0.21955503098797227,0.8620909117917759,0.003556187725235189,513540.0,877196.0,356278682.0,676384516.0,8386004.0,9727517.0,377233460.0,82823504.0
19.6,x264,mcf-attacker,8,1.9516361106787823,12086.300000000001,0.0012534692145990789,493871.0,938606.0,692446911.0,354803289.0,19802193.92,1.9516361106787823,0.5261749871618123,0.0012534692145990789,0.21950755977747397,0.8624137173384947,0.003546913618727461,493871.0,938606.0,354803289.0,692446911.0,8383986.0,9721536.0,377102502.0,82776850.0
19.7,x264,mcf-attacker,8,0.9932877449793593,12147.0,0.0006398070678927598,364601.0,593823.0,355862595.0,358267377.0,19901644.8,0.9932877449793593,0.6139893537299835,0.0006398070678927598,0.21712852615451395,0.8712955811965741,0.0032810826313518803,364601.0,593823.0,358267377.0,355862595.0,8456774.0,9705976.0,380728601.0,82667040.0
19.8,x264,mcf-attacker,8,1.9078488361710793,14259.6,0.001333460964208279,297570.0,772861.0,680022442.0,356434131.0,23362928.64,1.9078488361710793,0.38502395644236154,0.001333460964208279,0.21783287695328865,0.8727640132341971,0.0032541206336350347,297570.0,772861.0,356434131.0,680022442.0,8419139.0,9646524.0,377178703.0,82161922.0
19.9,x264,mcf-attacker,8,2.156259442861864,11243.7,0.0013545389223020151,269283.0,751754.0,768034519.0,356188362.0,18421678.080000002,2.156259442861864,0.358206274925042,0.0013545389223020151,0.21930232600255076,0.8704080850821929,0.0033365830093120964,269283.0,751754.0,356188362.0,768034519.0,8451948.0,9710328.0,377146319.0,82709065.0
20.2,x264,mcf-attacker,8,1.9662735670557905,12603.0,0.0010173974481538627,527729.0,892822.0,705597126.0,358849927.0,20648755.2,1.9662735670557905,0.5910797448987593,0.0010173974481538627,0.21792696094459146,0.8702834657294363,0.003322870895866476,527729.0,892822.0,358849927.0,705597126.0,8488362.0,9753560.0,380754486.0,82976668.0
20.3,x264,mcf-attacker,8,1.963791864529844,12662.6,0.0009949480983765925,523139.0,877439.0,699304274.0,356098977.0,20746403.84,1.963791864529844,0.5962112465937803,0.0009949480983765925,0.2178829232951632,0.8688255428000352,0.003357718843732962,523139.0,877439.0,356098977.0,699304274.0,8389336.0,9655950.0,377224556.0,82190789.0
20.4,x264,mcf-attacker,8,1.9293937693148924,12638.199999999999,0.000883404626394215,544235.0,858211.0,685737113.0,355415843.0,20706426.88,1.9293937693148924,0.634150576023845,0.000883404626394215,0.21830415561385338,0.8679541290244697,0.003387547833566931,544235.0,858211.0,355415843.0,685737113.0,8397727.0,9675312.0,377141538.0,82331565.0
20.5,x264,mcf-attacker,8,1.918337289474491,12525.900000000001,0.0009097691444521102,560868.0,884391.0,682179912.0,355609994.0,20522434.560000002,1.918337289474491,0.634185558197675,0.0009097691444521102,0.21775815307717958,0.8687255330116633,0.003357543318090354,560868.0,884391.0,355609994.0,682179912.0,8382529.0,9649226.0,377268997.0,82153400.0
20.6,x264,mcf-attacker,8,1.9194144675802818,12519.7,0.0009160824870778276,558316.0,884330.0,683078213.0,355878433.0,20512276.48,1.9194144675802818,0.6313435029909649,0.0009160824870778276,0.21816756262825548,0.868091960500924,0.0033788705708760343,558316.0,884330.0,355878433.0,683078213.0,8385481.0,9659669.0,377104708.0,82272015.0
20.7,x264,mcf-attacker,8,1.9041833833938138,12657.3,0.0009511373178312872,588297.0,926546.0,677176800.0,355625832.0,20737720.32,1.9041833833938138,0.6349355563566191,0.0009511373178312872,0.2179410595732877,0.868571011452575,0.003365074257961458,588297.0,926546.0,355625832.0,677176800.0,8388737.0,9658090.0,377213964.0,82210411.0
20.8,x264,mcf-attacker,8,1.9821117321032087,12555.5,0.0010369821539128574,541998.0,911278.0,705850354.0,356110275.0,20570931.2,1.9821117321032087,0.594766909768479,0.0010369821539128574,0.21796817798902163,0.8682112680199693,0.0033733888782983383,541998.0,911278.0,356110275.0,705850354.0,8381722.0,9654012.0,377154857.0,82207757.0
20.9,x264,mcf-attacker,8,1.9317407118417866,12667.0,0.0009715136848760527,538293.0,884771.0,688930757.0,356637282.0,20753612.8,1.9317407118417866,0.6083981052724378,0.0009715136848760527,0.2177701778129606,0.8682289053886894,0.0033727718024753267,538293.0,884771.0,356637282.0,688930757.0,8378481.0,9650083.0,377019874.0,82103685.0
21.0,x264,mcf-attacker,8,1.913406742848509,12650.3,0.0009272260417892619,567428.0,898055.0,682275845.0,356576482.0,20726251.52,1.913406742848509,0.631841034235097,0.0009272260417892619,0.2175845151411922,0.8680282621331837,0.0033707492482051037,567428.0,898055.0,356576482.0,682275845.0,8367210.0,9639329.0,377399476.0,82116282.0
21.1,x264,mcf-attacker,8,1.9191559051657492,12635.0,0.0009415248489697328,564801.0,898961.0,681134585.0,354913628.0,20701184.0,1.9191559051657492,0.6282819833118456,0.0009415248489697328,0.2181158142087726,0.8685005854320638,0.0033663267198574907,564801.0,898961.0,354913628.0,681134585.0,8384859.0,9654408.0,377131843.0,82258419.0
21.2,x264,mcf-attacker,8,1.9163355401327888,12587.8,0.0009209334930670344,577835.0,905499.0,681823577.0,355795508.0,20623851.52,1.9163355401327888,0.6381398543786354,0.0009209334930670344,0.21776121750162564,0.8686451987812868,0.0033593233697641143,577835.0,905499.0,355795508.0,681823577.0,8376879.0,9643614.0,377080400.0,82113487.0
21.3,x264,mcf-attacker,8,1.9483504820866662,12615.699999999999,0.0009341814367918532,554855.0,887691.0,694170485.0,356286249.0,20669562.88,1.9483504820866662,0.6250542136847169,0.0009341814367918532,0.2182886630889557,0.8678863886719659,0.003384643253214963,554855.0,887691.0,356286249.0,694170485.0,8390769.0,9668050.0,377375370.0,82376765.0
21.4,x264,mcf-attacker,8,1.9626526032271032,12529.7,0.0010376093584480333,526851.0,893656.0,693816784.0,353509726.0,20528660.48,1.9626526032271032,0.5895456417234372,0.0010376093584480333,0.21789419010808114,0.8687593373428397,0.0033589596977534374,526851.0,893656.0,353509726.0,693816784.0,8379540.0,9645410.0,376863706.0,82116412.0
21.5,x264,mcf-attacker,8,1.9346545283093226,12644.400000000001,0.0008551793667392959,535496.0,839184.0,687027058.0,355116145.0,20716584.96,1.9346545283093226,0.6381151213559839,0.0008551793667392959,0.21843744744332377,0.8679745563779074,0.00338798613409217,535496.0,839184.0,355116145.0,687027058.0,8400552.0,9678339.0,377152370.0,82384201.0
21.6,x264,mcf-attacker,8,1.9211195466566207,12537.3,0.0009025060731242009,563812.0,885086.0,683879898.0,355979876.0,20541112.32,1.9211195466566207,0.6370138043082819,0.0009025060731242009,0.21763167873845896,0.8680024601169926,0.0033723243299878134,563812.0,885086.0,355979876.0,683879898.0,8366299.0,9638566.0,377267094.0,82105271.0
21.7,x264,mcf-attacker,8,1.9149789166841176,12695.699999999999,0.0009253885657421435,584515.0,913819.0,681454516.0,355854840.0,20800634.88,1.9149789166841176,0.6396397973778177,0.0009253885657421435,0.21753396748032244,0.8681013682517678,0.0033700272830233203,584515.0,913819.0,355854840.0,681454516.0,8363582.0,9634338.0,377075879.0,82026812.0
21.8,x264,mcf-attacker,8,1.9258390537279306,12643.899999999998,0.0009185366884645175,576039.0,901789.0,682979874.0,354640162.0,20715765.759999998,1.9258390537279306,0.6387735933793826,0.0009185366884645175,0.2184637353982026,0.8680723302415555,0.003384886158164616,576039.0,901789.0,354640162.0,682979874.0,8400579.0,9677280.0,377176939.0,82399483.0
21.9,x264,mcf-attacker,8,1.9920654480176125,12594.5,0.0010493824098924444,540927.0,913731.0,707701940.0,355260386.0,20634828.8,1.9920654480176125,0.5919980825866694,0.0010493824098924444,0.2187078446934791,0.868533516797813,0.0033787023950486,540927.0,913731.0,355260386.0,707701940.0,8417806.0,9691976.0,377118151.0,82478698.0
22.0,x264,mcf-attacker,8,1.9395015971283902,12683.7,0.0009182318102446042,533039.0,858501.0,687445220.0,354444266.0,20780974.080000002,1.9395015971283902,0.6208950251659578,0.0009182318102446042,0.21849284697893706,0.8682704334723663,0.003381706719548091,533039.0,858501.0,354444266.0,687445220.0,8405654.0,9680917.0,377106327.0,82395035.0
22.2,x264,mcf-attacker,8,1.9248883616008192,10904.0,0.0009010517417465912,557756.0,875779.0,679382485.0,352946435.0,17865113.6,1.9248883616008192,0.6368684337030233,0.0009010517417465912,0.21808646697145315,0.8679267888177333,0.003385179895537745,557756.0,875779.0,352946435.0,679382485.0,8388962.0,9665518.0,377101377.0,82240707.0
22.3,x264,mcf-attacker,8,1.9288318762506926,3666.5,0.0008920379444669473,590745.0,905008.0,679523215.0,352297794.0,6007193.6,1.9288318762506926,0.6527511359015611,0.0008920379444669473,0.6625991497026184,0.8642629284115606,0.0020680684976863784,590745.0,905008.0,352297794.0,679523215.0,4830356.0,5588989.0,366831660.0,243062346.0
22.4,x264,mcf-attacker,8,1.9603215857581129,6377.6,0.0008717355300768009,594709.0,905116.0,698029989.0,356079326.0,10449059.84,1.9603215857581129,0.6570527976524556,0.0008717355300768009,1.0090711857388384,0.6582344796617147,2.4212776824375203e-05,594709.0,905116.0,356079326.0,698029989.0,17590.0,26723.0,377197546.0,380619175.0
22.5,x264,mcf-attacker,8,1.9748593022425123,12611.0,0.0009347064512378819,563041.0,894652.0,700631805.0,354775555.0,20661862.4,1.9748593022425123,0.6293407939623451,0.0009347064512378819,0.5312728681925563,0.8669038544851361,0.0020564986664281474,563041.0,894652.0,354775555.0,700631805.0,5050620.0,5826044.0,377060298.0,200321906.0
22.6,x264,mcf-attacker,8,1.9629962621170498,12517.0,0.0010315012495454511,512058.0,879444.0,699153147.0,356166316.0,20507852.8,1.9629962621170498,0.5822519682890553,0.0010315012495454511,0.21700760751171222,0.8683405886475997,0.0033582794195939594,512058.0,879444.0,356166316.0,699153147.0,8349911.0,9615940.0,376987392.0,81809132.0
22.7,x264,mcf-attacker,8,1.9331086958984118,12608.400000000001,0.0008738587189929206,533736.0,845108.0,688802329.0,356318468.0,20657602.560000002,1.9331086958984118,0.6315595166534929,0.0008738587189929206,0.2172675209433584,0.8676918961678397,0.003376734091737511,533736.0,845108.0,356318468.0,688802329.0,8356076.0,9630234.0,377334420.0,81982514.0
22.8,x264,mcf-attacker,8,1.917519125896299,12588.3,0.0008957253063702681,574435.0,893036.0,682043375.0,355690520.0,20624670.72,1.917519125896299,0.6432383464944302,0.0008957253063702681,0.21657873956956783,0.8679749941491158,0.003360230011322575,574435.0,893036.0,355690520.0,682043375.0,8333526.0,9601113.0,377232212.0,81700477.0
22.9,x264,mcf-attacker,8,1.9216673742075574,12222.0,0.000937646715437433,573727.0,907373.0,683793397.0,355833380.0,20024524.8,1.9216673742075574,0.6322945470054763,0.000937646715437433,0.2168194758980147,0.8680355239017843,0.0033611990482116483,573727.0,907373.0,355833380.0,683793397.0,8340436.0,9608404.0,377236808.0,81792287.0
23.1,x264,mcf-attacker,8,1.8909750462027182,12073.900000000001,0.0007296814366698946,530565.0,790111.0,672615452.0,355697688.0,19781877.76,1.8909750462027182,0.6715069148512045,0.0007296814366698946,0.2162198379165918,0.8697326520960957,0.0033053954902609404,530565.0,790111.0,355697688.0,672615452.0,8325588.0,9572583.0,377260453.0,81571194.0
23.2,x264,mcf-attacker,8,1.9076431407705075,12589.8,0.0008293776122223108,571040.0,865418.0,677095890.0,354938445.0,20627128.32,1.9076431407705075,0.6598429891682401,0.0008293776122223108,0.21709539661967994,0.8675103816080708,0.003378585181515413,571040.0,865418.0,354938445.0,677095890.0,8342018.0,9616044.0,377088613.0,81864202.0
23.3,x264,mcf-attacker,8,1.9035933215522762,12662.5,0.0009012212640719486,585536.0,906113.0,677134751.0,355713977.0,20746240.0,1.9035933215522762,0.6462063782331784,0.0009012212640719486,0.21650537126291802,0.8681895967195118,0.0033544603851906776,585536.0,906113.0,355713977.0,677134751.0,8335497.0,9601010.0,377262765.0,81679415.0
23.4,x264,mcf-attacker,8,1.9217711935546025,12578.0,0.000893998941588268,566875.0,884780.0,683379636.0,355598855.0,20607795.2,1.9217711935546025,0.6406959922240557,0.000893998941588268,0.21694371524125564,0.8681566029494353,0.0033611616941282376,566875.0,884780.0,355598855.0,683379636.0,8347673.0,9615400.0,377169299.0,81824509.0
23.5,x264,mcf-attacker,8,1.9623304826103873,12585.9,0.0009839467745196189,542256.0,893114.0,699732309.0,356582296.0,20620738.56,1.9623304826103873,0.6071520544969623,0.0009839467745196189,0.2168751732114832,0.8687994193422263,0.003344806011714823,542256.0,893114.0,356582296.0,699732309.0,8354966.0,9616680.0,377215897.0,81808763.0
23.6,x264,mcf-attacker,8,1.9429714377476792,12590.0,0.000936970606434152,535735.0,869448.0,692011919.0,356161653.0,20627456.0,1.9429714377476792,0.6161783108363007,0.000936970606434152,0.21703859584206484,0.8683584579635393,0.0033567115144280805,535735.0,869448.0,356161653.0,692011919.0,8351744.0,9617853.0,377187314.0,81864205.0
23.7,x264,mcf-attacker,8,1.9172931498453598,12569.6,0.0008774073352409935,537955.0,848955.0,679591047.0,354453385.0,20594032.64,1.9172931498453598,0.6336672732948154,0.0008774073352409935,0.21684224172751226,0.8676239534089042,0.0033720137949241487,537955.0,848955.0,354453385.0,679591047.0,8335698.0,9607501.0,377164234.0,81785138.0
23.8,x264,mcf-attacker,8,1.9113704127024842,12455.5,0.000923180520751069,581421.0,909943.0,680178163.0,355858895.0,20407091.2,1.9113704127024842,0.6389641988564119,0.000923180520751069,0.2166096269512527,0.8682505374813676,0.0033522686641248444,581421.0,909943.0,355858895.0,680178163.0,8333071.0,9597542.0,377198586.0,81704845.0
23.9,x264,mcf-attacker,8,1.9235669861983065,12558.800000000001,0.0008972366438483995,584947.0,904598.0,685293133.0,356261642.0,20576337.92,1.9235669861983065,0.6466375119113683,0.0008972366438483995,0.21684191993441287,0.8682275077748827,0.0033577184445827,584947.0,904598.0,356261642.0,685293133.0,8344881.0,9611399.0,377196010.0,81791907.0
24.0,x264,mcf-attacker,8,1.9542392543408345,12513.5,0.0009525448288832526,547859.0,886461.0,694675253.0,355470934.0,20502118.4,1.9542392543408345,0.6180294451758171,0.0009525448288832526,0.21721360426269687,0.8685952822979454,0.0033530038017990566,547859.0,886461.0,355470934.0,694675253.0,8358852.0,9623414.0,377143026.0,81920596.0
24.1,x264,mcf-attacker,8,1.9763553818978623,12659.7,0.0010613865468994492,524404.0,901014.0,701266850.0,354828315.0,20741652.48,1.9763553818978623,0.5820153737899744,0.0010613865468994492,0.21746004264655286,0.8689038335351984,0.0033509918899877005,524404.0,901014.0,354828315.0,701266850.0,8375603.0,9639275.0,377103867.0,82005023.0
24.3,x264,mcf-attacker,8,1.9294048454348514,12548.3,0.0008932926324763816,527551.0,843350.0,682087928.0,353522450.0,20559134.72,1.9294048454348514,0.6255421829608111,0.0008932926324763816,0.2173782521644856,0.8683265485660695,0.003365666348157107,527551.0,843350.0,353522450.0,682087928.0,8370008.0,9639240.0,377111653.0,81975872.0
24.4,x264,mcf-attacker,8,1.9140364367002374,12635.4,0.0009333687432893745,576763.0,907413.0,678055862.0,354254417.0,20701839.36,1.9140364367002374,0.6356124498987782,0.0009333687432893745,0.21724279425833828,0.8682784942755736,0.0033642393296533985,576763.0,907413.0,354254417.0,678055862.0,8363156.0,9631882.0,377121208.0,81926865.0
24.5,x264,mcf-attacker,8,1.9232644985987881,12597.9,0.0009147130288876743,569594.0,893547.0,681139641.0,354158069.0,20640399.36,1.9232644985987881,0.6374527585006721,0.0009147130288876743,0.21712746171843825,0.868642553884007,0.003351969138468973,569594.0,893547.0,354158069.0,681139641.0,8358612.0,9622614.0,377092374.0,81877110.0
24.6,x264,mcf-attacker,8,1.9123188028503857,12483.600000000002,0.0009225130978293446,579342.0,907426.0,680100048.0,355641563.0,20453130.240000002,1.9123188028503857,0.63844544899529,0.0009225130978293446,0.21745545064891916,0.8686842056408299,0.003357451198529553,579342.0,907426.0,355641563.0,680100048.0,8375748.0,9641879.0,377110768.0,82004792.0
24.7,x264,mcf-attacker,8,1.9971887349940276,12617.2,0.0010761165463258294,525679.0,908304.0,710122284.0,355560930.0,20672020.48,1.9971887349940276,0.5787478641512093,0.0010761165463258294,0.2177262758829408,0.8685616198387541,0.0033624849139953553,525679.0,908304.0,355560930.0,710122284.0,8379344.0,9647380.0,377112770.0,82107359.0
24.8,x264,mcf-attacker,8,1.9152387554204346,12608.099999999999,0.000895682161912189,529286.0,847730.0,680929370.0,355532368.0,20657111.04,1.9152387554204346,0.624356811720713,0.000895682161912189,0.21771391638078028,0.8681056761120011,0.003375263691564378,529286.0,847730.0,355532368.0,680929370.0,8377758.0,9650620.0,377114832.0,82103147.0
24.9,x264,mcf-attacker,8,1.9185517740831952,12561.7,0.0009144796161942837,562559.0,887526.0,681771363.0,355357292.0,20581089.28,1.9185517740831952,0.6338507266266002,0.0009144796161942837,0.21730609431774886,0.8683553014943037,0.0033644599937232124,562559.0,887526.0,355357292.0,681771363.0,8373393.0,9642819.0,377304531.0,81990574.0
25.0,x264,mcf-attacker,8,1.9117470924270406,12622.8,0.0009487104167735913,569771.0,906157.0,677851688.0,354571842.0,20681195.52,1.9117470924270406,0.6287773531518269,0.0009487104167735913,0.2172581665481084,0.8682927777438806,0.0033620588907957174,569771.0,906157.0,354571842.0,677851688.0,8353481.0,9620581.0,376882155.0,81880726.0
25.1,x264,mcf-attacker,8,1.9455779781852451,12635.2,0.0009793585498949532,567196.0,914884.0,690711401.0,355016046.0,20701511.68,1.9455779781852451,0.6199649354453679,0.0009793585498949532,0.2175291342018558,0.8688223525724339,0.003352794762266824,567196.0,914884.0,355016046.0,690711401.0,8374126.0,9638479.0,377104204.0,82031151.0
25.2,x264,mcf-attacker,8,1.9788110001508938,12595.1,0.0010651541256420439,517229.0,894926.0,701674021.0,354593754.0,20635811.84,1.9788110001508938,0.5779572836189808,0.0010651541256420439,0.21752907921751904,0.8688517346656717,0.003353016679878112,517229.0,894926.0,354593754.0,701674021.0,8376769.0,9641195.0,377101017.0,82030437.0
25.3,x264,mcf-attacker,8,1.9264574985330571,12489.9,0.0008839641292020009,538116.0,851470.0,682904592.0,354487235.0,20463452.16,1.9264574985330571,0.6319846853089363,0.0008839641292020009,0.21744435184062105,0.868335602970045,0.0033677717696986623,538116.0,851470.0,354487235.0,682904592.0,8376125.0,9646184.0,377121458.0,82002931.0
25.4,x264,mcf-attacker,8,1.9074179631954618,12620.4,0.0009478718504324682,580454.0,915807.0,674836304.0,353795716.0,20677263.36,1.9074179631954618,0.6338169505146827,0.0009478718504324682,0.21711623956956497,0.8683037182967592,0.0033596629283198986,580454.0,915807.0,353795716.0,674836304.0,8353522.0,9620507.0,377116701.0,81878160.0
25.5,x264,mcf-attacker,8,1.9199281288743453,12611.300000000001,0.0009307180502903408,579124.0,909060.0,680607201.0,354496187.0,20662353.92,1.9199281288743453,0.6370580599740391,0.0009307180502903408,0.21729810338448727,0.8687307930266835,0.0033522127589362197,579124.0,909060.0,354496187.0,680607201.0,8365848.0,9629966.0,377099573.0,81943022.0
25.6,x264,mcf-attacker,8,1.9474883130723317,12562.6,0.0009563190024776126,550859.0,890679.0,692023767.0,355341679.0,20582563.84,1.9474883130723317,0.6184708520129025,0.0009563190024776126,0.21742253431333966,0.868899976808412,0.003350124809998549,550859.0,890679.0,355341679.0,692023767.0,8373689.0,9637115.0,377128039.0,81996134.0
25.7,x264,mcf-attacker,8,1.9782723516126068,12639.9,0.0010368592536313434,512549.0,881292.0,703542047.0,355634575.0,20709212.16,1.9782723516126068,0.5815881682802068,0.0010368592536313434,0.2175423281497691,0.8689260346279122,0.0033528601873618544,512549.0,881292.0,355634575.0,703542047.0,8381790.0,9646149.0,377098635.0,82034915.0
25.8,x264,mcf-attacker,8,1.916888490468043,12625.9,0.0008863141961604541,546598.0,860705.0,679339331.0,354396896.0,20686274.56,1.916888490468043,0.6350584695104594,0.0008863141961604541,0.2174248395498884,0.8680370362723352,0.0033725827955885758,546598.0,860705.0,354396896.0,679339331.0,8366338.0,9638227.0,377126101.0,81996582.0
25.9,x264,mcf-attacker,8,1.9209462653142457,12582.6,0.0009348538620644396,584047.0,915823.0,681736359.0,354896111.0,20615331.84,1.9209462653142457,0.6377291245142347,0.0009348538620644396,0.21742198671144175,0.8682729607621784,0.0033663044625033174,584047.0,915823.0,354896111.0,681736359.0,8367372.0,9636799.0,377098095.0,81989417.0
26.0,x264,mcf-attacker,8,2.333322284176466,12050.699999999999,0.0014646160771266913,412898.0,933263.0,829008550.0,355291061.0,19743866.88,2.333322284176466,0.4424240540983624,0.0014646160771266913,0.21844596737264027,0.8704039750276029,0.003327519313865745,412898.0,933263.0,355291061.0,829008550.0,8427992.0,9682851.0,377115467.0,82379353.0
26.1,x264,mcf-attacker,8,1.9133760170775607,12421.300000000001,0.0006987829378420941,524810.0,772934.0,679401979.0,355080221.0,20351057.92,1.9133760170775607,0.6789842341001948,0.0006987829378420941,0.21712501233734918,0.870037727612871,0.003315889651884954,524810.0,772934.0,355080221.0,679401979.0,8371155.0,9621600.0,377106940.0,81879349.0
26.2,x264,mcf-attacker,8,1.908765267538578,12606.0,0.000826109809188377,565778.0,858555.0,676474922.0,354404459.0,20653670.4,1.908765267538578,0.6589886495332273,0.000826109809188377,0.21748149704260025,0.867406386562785,0.0033879290824424912,565778.0,858555.0,354404459.0,676474922.0,8357850.0,9635449.0,377103230.0,82012975.0
26.4,x264,mcf-attacker,8,1.9263328781423728,4204.5,0.0009031788507466893,585397.0,904008.0,679545191.0,352766232.0,6888652.8,1.9263328781423728,0.6475573225015708,0.0009031788507466893,0.5908642187689573,0.86422014365072,0.0023690566026403296,585397.0,904008.0,352766232.0,679545191.0,5533147.0,6402474.0,366950709.0,216818044.0
26.5,x264,mcf-attacker,8,1.9376760641098096,4346.9,0.0008883442358886396,617336.0,931269.0,684757592.0,353391160.0,7121960.96,1.9376760641098096,0.6628976160486391,0.0008883442358886396,1.0095502514253698,0.6306569343065693,2.3489021289806962e-05,617336.0,931269.0,353391160.0,684757592.0,15120.0,23975.0,376984630.0,380584928.0
26.6,x264,mcf-attacker,8,1.9803519706480084,12472.1,0.001033403017643855,558485.0,927270.0,706717601.0,356864644.0,20434288.64,1.9803519706480084,0.6022895165377937,0.001033403017643855,0.5989271240899323,0.8689444924635732,0.0017377298774162578,558485.0,927270.0,356864644.0,706717601.0,4347013.0,5002636.0,377287062.0,225967455.0
26.7,x264,mcf-attacker,8,1.9537126422716564,12631.300000000001,0.001013707699664558,524300.0,884805.0,694799079.0,355630129.0,20695121.92,1.9537126422716564,0.5925599425862196,0.001013707699664558,0.21769366076128005,0.8683655890264079,0.0033629085043738525,524300.0,884805.0,355630129.0,694799079.0,8370868.0,9639797.0,377330813.0,82142526.0
26.8,x264,mcf-attacker,8,1.9244478952574213,12637.5,0.0008979946150742285,541979.0,861983.0,685784763.0,356354030.0,20705280.0,1.9244478952574213,0.628758339781643,0.0008979946150742285,0.21774623090665096,0.8679433391095361,0.0033779438562246593,541979.0,861983.0,356354030.0,685784763.0,8374097.0,9648207.0,377185073.0,82130628.0
26.9,x264,mcf-attacker,8,1.8992444742663455,12642.9,0.0009324502448008231,591086.0,922889.0,675826960.0,355839898.0,20714127.36,1.8992444742663455,0.6404735564081921,0.0009324502448008231,0.21792156589036296,0.8685305059616202,0.0033687377413816645,591086.0,922889.0,355839898.0,675826960.0,8393319.0,9663816.0,377143339.0,82187667.0
27.0,x264,mcf-attacker,8,1.9229532080546614,12589.5,0.0009167122316977241,557605.0,884203.0,685092497.0,356271018.0,20626636.8,1.9229532080546614,0.6306300702440503,0.0009167122316977241,0.21772980541440595,0.8681728637232794,0.0033720211950345976,557605.0,884203.0,356271018.0,685092497.0,8376407.0,9648317.0,377195138.0,82126624.0
27.1,x264,mcf-attacker,8,1.9588525791145706,12623.099999999999,0.0009853756861707603,544654.0,895508.0,697471302.0,356061150.0,20681687.04,1.9588525791145706,0.6082067385215989,0.0009853756861707603,0.21726131241940536,0.8689307551595609,0.003346355499898801,544654.0,895508.0,356061150.0,697471302.0,8369349.0,9631779.0,377255196.0,81962959.0
27.2,x264,mcf-attacker,8,1.9522843849647216,12634.7,0.0009613707830735715,517051.0,857809.0,691987456.0,354450131.0,20700692.48,1.9522843849647216,0.6027577234559208,0.0009613707830735715,0.2177478532602942,0.8687091122034278,0.0033597245658324713,517051.0,857809.0,354450131.0,691987456.0,8379357.0,9645757.0,376935661.0,82076931.0
27.3,x264,mcf-attacker,8,1.9005817739767001,12539.5,0.0009452033061365954,574995.0,911719.0,677072851.0,356245051.0,20544716.8,1.9005817739767001,0.6306712923609138,0.0009452033061365954,0.21753425284793948,0.8687159975145844,0.0033569484774369635,574995.0,911719.0,356245051.0,677072851.0,8378824.0,9645067.0,377200606.0,82054052.0
27.4,x264,mcf-attacker,8,1.9164764228568802,12596.100000000002,0.0009467897388642964,572347.0,907587.0,678587367.0,354080728.0,20637450.240000002,1.9164764228568802,0.6306249428429451,0.0009467897388642964,0.21728873754773417,0.8687681120984951,0.0033507342126550864,572347.0,907587.0,354080728.0,678587367.0,8369798.0,9634099.0,377320587.0,81987514.0
27.5,x264,mcf-attacker,8,1.9138157233528155,12684.5,0.0009363126375612934,575230.0,907073.0,678284502.0,354414740.0,20782284.8,1.9138157233528155,0.6341606463867847,0.0009363126375612934,0.21723032226389022,0.8688538384234812,0.0033469831346448218,575230.0,907073.0,354414740.0,678284502.0,8363912.0,9626374.0,377194013.0,81937977.0
27.6,x264,mcf-attacker,8,1.9958200884830017,12633.699999999999,0.001063959677422576,541655.0,919863.0,709458394.0,355472118.0,20699054.08,1.9958200884830017,0.5888431212039185,0.001063959677422576,0.21779472021510504,0.8686205125834346,0.0033605482826847308,541655.0,919863.0,355472118.0,709458394.0,8379900.0,9647366.0,377160479.0,82143561.0
27.7,x264,mcf-attacker,8,1.919874264796187,12624.300000000001,0.0009427226229232725,525619.0,861421.0,683867770.0,356204457.0,20683653.12,1.919874264796187,0.61017667319464,0.0009427226229232725,0.2173704037343444,0.8683402013043766,0.0033637845782450147,525619.0,861421.0,356204457.0,683867770.0,8368409.0,9637247.0,377205487.0,81993309.0
27.8,x264,mcf-attacker,8,1.905913342695967,12631.800000000001,0.0009172641227485046,567837.0,893704.0,677094250.0,355259725.0,20695941.12,1.905913342695967,0.6353747997099711,0.0009172641227485046,0.21719319253487496,0.8687399783912999,0.0033493692550365757,567837.0,893704.0,355259725.0,677094250.0,8361472.0,9624827.0,377191914.0,81923516.0
27.9,x264,mcf-attacker,8,1.905194238651508,12531.900000000001,0.0009322666013925354,592177.0,924045.0,678210504.0,355979716.0,20532264.96,1.905194238651508,0.6408529887613699,0.0009322666013925354,0.21773165412565063,0.8686061856157273,0.0033619196520167033,592177.0,924045.0,355979716.0,678210504.0,8381770.0,9649678.0,377138103.0,82114903.0
28.0,x264,mcf-attacker,8,1.9435937542563866,12593.3,0.0009266908646865123,556301.0,885463.0,690367448.0,355201516.0,20632862.72,1.9435937542563866,0.6282600176404887,0.0009266908646865123,0.2179930264513256,0.8684118481796839,0.0033708213782891153,556301.0,885463.0,355201516.0,690367448.0,8389429.0,9660657.0,377127073.0,82211072.0
28.2,x264,mcf-attacker,8,1.9242578849352063,12602.3,0.0008923703360718522,536271.0,852034.0,680893815.0,353847486.0,20647608.32,1.9242578849352063,0.629400939399132,0.0008923703360718522,0.2173645619359125,0.8683601231887917,0.0033620598997354196,536271.0,852034.0,353847486.0,680893815.0,8363238.0,9631071.0,377100063.0,81968190.0
28.3,x264,mcf-attacker,8,1.9033956403364007,12650.4,0.0009588902745703148,602995.0,944688.0,678260051.0,356342127.0,20726415.36,1.9033956403364007,0.6383006876344359,0.0009588902745703148,0.21731459075071688,0.869089792093406,0.003339472317291844,602995.0,944688.0,356342127.0,678260051.0,8360596.0,9619945.0,377110178.0,81951544.0
28.5,x264,mcf-attacker,8,1.9236419521198636,12671.5,0.0009461434339025005,576306.0,912490.0,683509099.0,355320333.0,20760985.6,1.9236419521198636,0.6315751405494855,0.0009461434339025005,0.21734116977411927,0.8686189157924692,0.0033536991333390875,576306.0,912490.0,355320333.0,683509099.0,8369416.0,9635314.0,377463198.0,82038293.0
28.6,x264,mcf-attacker,8,1.9815586841394495,12557.5,0.0010366562667568297,540161.0,909472.0,705934496.0,356252127.0,20574208.0,1.9815586841394495,0.5939281253298617,0.0010366562667568297,0.217136587054657,0.8690185860445652,0.0033411070748507556,540161.0,909472.0,356252127.0,705934496.0,8356043.0,9615494.0,376956192.0,81850981.0
28.7,x264,mcf-attacker,8,1.9331312999545225,12568.3,0.0009808930443050271,531686.0,880175.0,686797605.0,355277267.0,20591902.72,1.9331312999545225,0.6040685091033033,0.0009808930443050271,0.21782340791001,0.8686209867208705,0.003364171530386025,531686.0,880175.0,355277267.0,686797605.0,8389872.0,9658841.0,377201040.0,82163216.0
28.8,x264,mcf-attacker,8,1.9035686177530058,12571.0,0.0009074486436920976,570020.0,892715.0,676922137.0,355606901.0,20596326.4,1.9035686177530058,0.6385240530292422,0.0009074486436920976,0.21747269481836923,0.8682473756540889,0.0033661481895819793,570020.0,892715.0,355606901.0,676922137.0,8367359.0,9637068.0,377199377.0,82030565.0
28.9,x264,mcf-attacker,8,1.9132275682865112,12695.4,0.0009326859107459726,570556.0,902862.0,681662490.0,356289289.0,20800143.36,1.9132275682865112,0.6319415370233767,0.0009326859107459726,0.21764154041072195,0.8687255996622646,0.0033579594284356153,570556.0,902862.0,356289289.0,681662490.0,8377167.0,9643053.0,376980731.0,82046667.0
29.0,x264,mcf-attacker,8,1.9166583196605147,12649.8,0.0009113435647797531,572964.0,897253.0,682016348.0,355836166.0,20725432.32,1.9166583196605147,0.6385757417361658,0.0009113435647797531,0.21794503660092499,0.8681300332275576,0.003376495169170804,572964.0,897253.0,355836166.0,682016348.0,8386183.0,9660054.0,377276121.0,82225458.0
29.1,x264,mcf-attacker,8,2.3169009456698286,11856.8,0.0014349634962981539,346133.0,857384.0,825469030.0,356281537.0,19426181.119999997,2.3169009456698286,0.4037082567437694,0.0014349634962981539,0.21877738096148988,0.8708764136027815,0.0033176139064568302,346133.0,857384.0,356281537.0,825469030.0,8439679.0,9691018.0,377180418.0,82518544.0
29.2,x264,mcf-attacker,8,1.8880753621927309,12646.199999999999,0.0007191337753418207,587413.0,843048.0,671166008.0,355476281.0,20719534.08,1.8880753621927309,0.6967729002381834,0.0007191337753418207,0.21778500613013316,0.8681176024862296,0.00337618873965656,587413.0,843048.0,355476281.0,671166008.0,8381764.0,9655102.0,377152493.0,82138158.0
29.3,x264,mcf-attacker,8,1.8814458243951193,12650.8,0.0008708584851851757,587464.0,896903.0,668527349.0,355326388.0,20727070.72,1.8814458243951193,0.6549916769148949,0.0008708584851851757,0.2170668579498872,0.8686757374223434,0.0033503362469950062,587464.0,896903.0,355326388.0,668527349.0,8359661.0,9623454.0,377213780.0,81880610.0
29.4,x264,mcf-attacker,8,1.9308147492686145,12577.8,0.0009135243744393909,568558.0,893561.0,686922652.0,355768285.0,20607467.52,1.9308147492686145,0.6362833650976263,0.0009135243744393909,0.21769737290987606,0.8684142177072957,0.0033660818005517975,568558.0,893561.0,355768285.0,686922652.0,8378971.0,9648588.0,377179485.0,82110983.0
29.5,x264,mcf-attacker,8,1.9683416603343578,12661.599999999999,0.0010639375139084163,520848.0,897428.0,696693267.0,353949358.0,20744765.439999998,1.9683416603343578,0.5803785930459046,0.0010639375139084163,0.2172372333495936,0.8686302122936268,0.003354330087975315,520848.0,897428.0,353949358.0,696693267.0,8363282.0,9628127.0,377078274.0,81915441.0
29.6,x264,mcf-attacker,8,1.9300122941996187,12637.7,0.0008967908480807936,535940.0,855292.0,687287663.0,356105329.0,20705607.68,1.9300122941996187,0.626616407028243,0.0008967908480807936,0.21762349919717136,0.8679486216558057,0.003374415928366136,535940.0,855292.0,356105329.0,687287663.0,8366497.0,9639392.0,377219355.0,82091796.0
29.7,x264,mcf-attacker,8,1.9241078951935557,12656.900000000001,0.0009102876414463658,569540.0,893255.0,684248098.0,355618362.0,20737064.96,1.9241078951935557,0.637600685134704,0.0009102876414463658,0.21785789998354121,0.8687147365020018,0.0033624502748443156,569540.0,893255.0,355618362.0,684248098.0,8391436.0,9659599.0,377154425.0,82166071.0
29.8,x264,mcf-attacker,8,1.9087991635226276,12608.0,0.0009601417991392183,578088.0,920517.0,680762143.0,356644196.0,20656947.2,1.9087991635226276,0.6280036110142453,0.0009601417991392183,0.21710765048962624,0.868722819531977,0.003349858429615106,578088.0,920517.0,356644196.0,680762143.0,8362272.0,9625938.0,377229673.0,81899448.0
29.9,x264,mcf-attacker,8,1.9159686862299692,12503.600000000002,0.000920555590342911,561031.0,887062.0,678574106.0,354167639.0,20485898.240000002,1.9159686862299692,0.6324597378762702,0.000920555590342911,0.21769031476737116,0.8684608144181315,0.0033631356006913176,561031.0,887062.0,354167639.0,678574106.0,8372228.0,9640306.0,377052296.0,82080633.0
30.0,x264,mcf-attacker,8,1.9883094376072001,12499.0,0.0010359636828081147,518989.0,888061.0,708354311.0,356259593.0,20478361.6,1.9883094376072001,0.5844069270016361,0.0010359636828081147,0.2179095605083393,0.8680720244699268,0.0033783375267234486,518989.0,888061.0,356259593.0,708354311.0,8619871.0,9929903.0,387774161.0,84499697.0
30.1,x264,mcf-attacker,8,1.9232216730409044,12620.8,0.0009545986372747354,528869.0,868901.0,685059549.0,356204154.0,20677918.72,1.9232216730409044,0.6086642782089099,0.0009545986372747354,0.21749159597064285,0.868236953680964,0.003366378516107358,528869.0,868901.0,356204154.0,685059549.0,8367058.0,9636837.0,377194363.0,82036604.0
30.2,x264,mcf-attacker,8,1.9033947572983108,12652.2,0.0008883194371832897,538100.0,853652.0,676130677.0,355223568.0,20729364.48,1.9033947572983108,0.6303505409698565,0.0008883194371832897,0.21750355462109866,0.868921322163436,0.003347671323593695,538100.0,853652.0,355223568.0,676130677.0,8368689.0,9631124.0,377108407.0,82022419.0
30.3,x264,mcf-attacker,8,1.9050128316000454,12605.0,0.0009346870466905296,562803.0,895277.0,677624921.0,355706224.0,20652032.0,1.9050128316000454,0.6286356066334777,0.0009346870466905296,0.2165730098000104,0.8689064942519525,0.0033348287047094342,562803.0,895277.0,355706224.0,677624921.0,8349929.0,9609698.0,377761232.0,81812887.0
30.4,x264,mcf-attacker,8,1.9431697995767299,12527.7,0.001032816684779825,529390.0,895861.0,689488648.0,354826762.0,20525383.68,1.9431697995767299,0.590928726666302,0.001032816684779825,0.5927553895124203,0.8636832394951115,0.0023668913409975335,529390.0,895861.0,354826762.0,689488648.0,5521609.0,6393095.0,368198567.0,218251685.0
30.7,x264,mcf-attacker,8,2.000489235083611,11074.6,0.001601833272304077,424249.0,994447.0,712105923.0,355965886.0,18144624.64,2.000489235083611,0.4266180098084664,0.001601833272304077,0.597264429838788,0.8642585656134524,0.0018386654971684025,424249.0,994447.0,355965886.0,712105923.0,4421100.0,5115483.0,377655969.0,225560477.0
30.8,x264,mcf-attacker,8,0.6727029447885443,14112.0,0.0003909817303076723,300592.0,438570.0,237397811.0,352901400.0,23121100.8,0.6727029447885443,0.6853911576259206,0.0003909817303076723,0.21516283092204438,0.8744755029162822,0.003173812431171978,300592.0,438570.0,352901400.0,237397811.0,8367585.0,9568690.0,378442339.0,81426725.0
30.9,x264,mcf-attacker,8,2.377162453430555,11239.3,0.0017109174021023058,299897.0,911594.0,849896751.0,357525734.0,18414469.119999997,2.377162453430555,0.3289808840339011,0.0017109174021023058,0.21900017195311366,0.870785713732766,0.0033227794579433947,299897.0,911594.0,357525734.0,849896751.0,8436455.0,9688325.0,376753864.0,82509161.0
31.0,x264,mcf-attacker,8,2.0361448263394344,12517.9,0.0012580215102522727,278671.0,728013.0,727273247.0,357181492.0,20509327.36,2.0361448263394344,0.3827829997541253,0.0012580215102522727,0.21802398189193942,0.8714419255603385,0.0032924336307011805,278671.0,728013.0,357181492.0,727273247.0,8428324.0,9671699.0,377646185.0,82335925.0
31.1,x264,mcf-attacker,8,1.9195862660849803,12597.9,0.0010388579672226557,484160.0,852925.0,681398470.0,354971528.0,20640399.36,1.9195862660849803,0.5676466277808717,0.0010388579672226557,0.21766625519521485,0.8704068582488124,0.0033136529627968993,484160.0,852925.0,354971528.0,681398470.0,8399058.0,9649577.0,377383816.0,82143722.0
31.2,x264,mcf-attacker,8,1.936024386791081,12537.2,0.000992994658449447,536649.0,889956.0,688836503.0,355799497.0,20540948.48,1.936024386791081,0.6030062160376468,0.000992994658449447,0.21799868340533,0.8698540696384089,0.0033320731129879598,536649.0,889956.0,355799497.0,688836503.0,8399230.0,9655907.0,377145686.0,82217263.0
31.3,x264,mcf-attacker,8,1.9227179068448843,12563.400000000001,0.0009445500795329575,576876.0,911911.0,681994325.0,354703268.0,20583874.560000002,1.9227179068448843,0.6326012077933044,0.0009445500795329575,0.21818150514463366,0.8691610412182617,0.00335227244538619,576876.0,911911.0,354703268.0,681994325.0,8398259.0,9662489.0,377126269.0,82281977.0
31.4,x264,mcf-attacker,8,1.930818659203545,12640.5,0.000919828492407907,568369.0,895290.0,686242242.0,355415170.0,20710195.2,1.930818659203545,0.6348434585441589,0.000919828492407907,0.21810039761725825,0.8687938952351353,0.003360416603520587,568369.0,895290.0,355415170.0,686242242.0,8391748.0,9659078.0,377134787.0,82253247.0
31.5,x264,mcf-attacker,8,1.9884389164342795,12608.000000000002,0.0010157491335411463,525144.0,884663.0,703797372.0,353944678.0,20656947.200000003,1.9884389164342795,0.5936090918236662,0.0010157491335411463,0.21854696731150008,0.8689697051759967,0.00336154038135881,525144.0,884663.0,353944678.0,703797372.0,8407069.0,9674755.0,377114613.0,82417255.0
31.6,x264,mcf-attacker,8,1.9527319797346747,12696.0,0.0009578001565744811,525315.0,865250.0,693048483.0,354912241.0,20801126.4,1.9527319797346747,0.6071251083501878,0.0009578001565744811,0.21867836125327472,0.8679084650483258,0.0033908577552238845,525315.0,865250.0,354912241.0,693048483.0,8402280.0,9681067.0,377127881.0,82469707.0
31.7,x264,mcf-attacker,8,1.9211582298875765,12675.9,0.0009359765043182454,567723.0,899756.0,681521307.0,354745016.0,20768194.56,1.9211582298875765,0.6309743975033231,0.0009359765043182454,0.21842181437594682,0.8682882950111993,0.00337923585252328,567723.0,899756.0,354745016.0,681521307.0,8400803.0,9675131.0,377105374.0,82368040.0
31.8,x264,mcf-attacker,8,1.9257669030324585,12678.699999999999,0.0009446458859560285,581597.0,914787.0,679245296.0,352714181.0,20772782.08,1.9257669030324585,0.6357731362601349,0.0009446458859560285,0.2182439052740308,0.8686318665873938,0.003369719471792722,581597.0,914787.0,352714181.0,679245296.0,8402197.0,9672909.0,377097266.0,82299180.0
31.9,x264,mcf-attacker,8,1.9353065272972605,12653.5,0.0009384583222375114,573389.0,905328.0,684530893.0,353706704.0,20731494.4,1.9353065272972605,0.6333494600851846,0.0009384583222375114,0.21818183576925612,0.8689426595243664,0.0033585157015731163,573389.0,905328.0,353706704.0,684530893.0,8402427.0,9669714.0,377335440.0,82327739.0
32.0,x264,mcf-attacker,8,1.968582573746248,12570.599999999999,0.0010076805152975153,552296.0,910555.0,699886932.0,355528359.0,20595671.04,1.968582573746248,0.6065487532329183,0.0010076805152975153,0.21868466599071565,0.8689035679816839,0.003369567778790969,552296.0,910555.0,355528359.0,699886932.0,8416889.0,9686793.0,376874449.0,82416663.0
32.1,x264,mcf-attacker,8,1.9606783200693942,12508.099999999999,0.0010254424960442288,524513.0,888513.0,695979454.0,354968710.0,20493271.04,1.9606783200693942,0.5903267594283933,0.0010254424960442288,0.21798089680328478,0.8688614231907194,0.003358060807556893,524513.0,888513.0,354968710.0,695979454.0,8389659.0,9655923.0,377081915.0,82196654.0
32.2,x264,mcf-attacker,8,1.9386796574080791,12669.6,0.0008924155072469644,544007.0,860758.0,688108527.0,354936683.0,20757872.64,1.9386796574080791,0.6320092290748387,0.0008924155072469644,0.21823246257052376,0.8683579374047274,0.003375508997091369,544007.0,860758.0,354936683.0,688108527.0,8397267.0,9670283.0,377133049.0,82302674.0
32.3,x264,mcf-attacker,8,1.9212446435899904,12668.699999999999,0.00092527973324417,583116.0,911403.0,681652929.0,354797569.0,20756398.08,1.9212446435899904,0.6398003956537338,0.00092527973324417,0.2181062813112043,0.8692610732924012,0.0033502013136983005,583116.0,911403.0,354797569.0,681652929.0,8399083.0,9662325.0,377064505.0,82240137.0
32.4,x264,mcf-attacker,8,1.9267493040343195,12613.0,0.0009232594179133848,581080.0,908838.0,683997895.0,355000982.0,20665139.2,1.9267493040343195,0.6393658715854751,0.0009232594179133848,0.21807150840153272,0.8686666423813015,0.0033648968343416665,581080.0,908838.0,355000982.0,683997895.0,8393825.0,9662884.0,377146481.0,82244902.0
32.5,x264,mcf-attacker,8,1.9623601837114941,12692.3,0.0009334348011947801,546967.0,876890.0,693597194.0,353450503.0,20795064.32,1.9623601837114941,0.6237578259530842,0.0009334348011947801,0.21801699188046017,0.8689327131966683,0.003355026828101418,546967.0,876890.0,353450503.0,693597194.0,8387930.0,9653141.0,377109056.0,82216182.0
32.7,x264,mcf-attacker,8,2.005940297270307,12655.599999999999,0.001025033969819146,520255.0,883972.0,711776008.0,354834094.0,20734935.04,2.005940297270307,0.5885423972705017,0.001025033969819146,0.21835193110142156,0.8685868281694986,0.003370950806658893,520255.0,883972.0,354834094.0,711776008.0,8403112.0,9674464.0,377149378.0,82351295.0
32.8,x264,mcf-attacker,8,1.9202103495541831,12541.800000000001,0.0009062952929599541,548516.0,870379.0,681946236.0,355141423.0,20548485.12,1.9202103495541831,0.6302036239385371,0.0009062952929599541,0.21828542955895547,0.8680351954687276,0.0033831484604620768,548516.0,870379.0,355141423.0,681946236.0,8392712.0,9668631.0,377139524.0,82324063.0
32.9,x264,mcf-attacker,8,1.936702389011878,12553.3,0.0009248893128883213,564363.0,891973.0,686009732.0,354215359.0,20567326.72,1.936702389011878,0.6327130978179832,0.0009248893128883213,0.21814979286921768,0.8687285343539314,0.003364535746030792,564363.0,891973.0,354215359.0,686009732.0,8396647.0,9665444.0,377109086.0,82266269.0
33.0,x264,mcf-attacker,8,1.9187783718786255,12657.9,0.000928569921221296,588008.0,917759.0,681390892.0,355117038.0,20738703.36,1.9187783718786255,0.6406997915574786,0.000928569921221296,0.21833571573771085,0.8688560822286843,0.003363964367977836,588008.0,917759.0,355117038.0,681390892.0,8404888.0,9673510.0,377121117.0,82339009.0
33.1,x264,mcf-attacker,8,1.9526159573456503,12671.100000000002,0.0009272944850508069,571970.0,900550.0,691895144.0,354342666.0,20760330.240000002,1.9526159573456503,0.6351340847260007,0.0009272944850508069,0.2184463369268646,0.8688586107349324,0.0033668464184088776,571970.0,900550.0,354342666.0,691895144.0,8411786.0,9681421.0,377099173.0,82375933.0
33.3,x264,mcf-attacker,8,1.9322705981036035,12629.5,0.0008906236817629126,533410.0,849905.0,686658120.0,355363333.0,20692172.8,1.9322705981036035,0.6276113212653179,0.0008906236817629126,0.21792500765878545,0.8684265218421877,0.003368603620376383,533410.0,849905.0,355363333.0,686658120.0,8386335.0,9656931.0,377187744.0,82198642.0
33.4,x264,mcf-attacker,8,1.9305986235103187,12656.100000000002,0.0008971385451870614,566720.0,885727.0,686487587.0,355582760.0,20735754.240000002,1.9305986235103187,0.6398359765480786,0.0008971385451870614,0.21828173424977554,0.8685112541634394,0.00336762571437231,566720.0,885727.0,355582760.0,686487587.0,8388760.0,9658781.0,377126530.0,82319833.0
33.5,x264,mcf-attacker,8,1.9287707207028917,12673.7,0.0009149233832584454,573813.0,897753.0,682905256.0,354062434.0,20764590.080000002,1.9287707207028917,0.6391657839071548,0.0009149233832584454,0.21761937393488662,0.8686820086526916,0.0033542504600538358,573813.0,897753.0,354062434.0,682905256.0,8368277.0,9633303.0,377141187.0,82073229.0
33.6,x264,mcf-attacker,8,1.933034362337937,12646.400000000001,0.000912533777944089,560046.0,883354.0,684868318.0,354297022.0,20719861.76,1.933034362337937,0.633999506426642,0.000912533777944089,0.2179671594245866,0.8686267960162366,0.0033620723299608423,560046.0,883354.0,354297022.0,684868318.0,8383793.0,9651778.0,377143879.0,82204980.0
33.7,x264,mcf-attacker,8,1.9683814644766133,12556.099999999999,0.0009440224737206549,544908.0,880012.0,698725423.0,354974600.0,20571914.24,1.9683814644766133,0.6192051926564638,0.0009440224737206549,0.21865798114430945,0.8683072689297422,0.0033827627584233706,544908.0,880012.0,354974600.0,698725423.0,8410597.0,9686199.0,377088815.0,82453479.0
33.8,x264,mcf-attacker,8,1.9734871290670828,12524.400000000001,0.001024690719678399,531809.0,895819.0,701059389.0,355238896.0,20519976.96,1.9734871290670828,0.5936567543220227,0.001024690719678399,0.21808189162547573,0.8682402130144701,0.0033747086473406977,531809.0,895819.0,355238896.0,701059389.0,8385734.0,9658311.0,377092405.0,82237025.0
33.9,x264,mcf-attacker,8,1.9390581882267117,12670.4,0.0009012306876687271,552456.0,872212.0,687976451.0,354799281.0,20759183.36,1.9390581882267117,0.6333964678312154,0.0009012306876687271,0.21828423707946878,0.8680379925038549,0.0033802616636103566,552456.0,872212.0,354799281.0,687976451.0,8385622.0,9660432.0,377133526.0,82322304.0
34.0,x264,mcf-attacker,8,2.2571329031961285,12115.2,0.001205380668720315,417386.0,845027.0,800778208.0,354776720.0,19849543.68,2.2571329031961285,0.49393214654679674,0.001205380668720315,0.21896528699912632,0.8713155225294578,0.0033094524934685543,417386.0,845027.0,354776720.0,800778208.0,8450417.0,9698458.0,377114040.0,82574884.0
34.1,x264,mcf-attacker,8,1.9141572320832168,12524.099999999999,0.000812587417975543,588302.0,876846.0,679703589.0,355092872.0,20519485.439999998,1.9141572320832168,0.6709296729414287,0.000812587417975543,0.2181057367377572,0.8682707441124576,0.003373296659844243,588302.0,876846.0,355092872.0,679703589.0,8385481.0,9657680.0,377138191.0,82256003.0
34.2,x264,mcf-attacker,8,1.9926536636830172,12682.4,0.0010369681489244811,540426.0,907809.0,705968724.0,354285713.0,20778844.16,1.9926536636830172,0.5953080438726649,0.0010369681489244811,0.2181626770449408,0.8676124253031742,0.003390570642549041,540426.0,907809.0,354285713.0,705968724.0,8380743.0,9659547.0,377164830.0,82283289.0
34.3,x264,mcf-attacker,8,1.9209666909811567,12650.5,0.0008801443029304633,529295.0,841811.0,682084545.0,355073593.0,20726579.2,1.9209666909811567,0.6287575239572778,0.0008801443029304633,0.218160612926356,0.8681095855502092,0.003381418379869372,529295.0,841811.0,355073593.0,682084545.0,8393762.0,9669012.0,377134639.0,82275924.0
34.4,x264,mcf-attacker,8,1.9165711498064917,12545.599999999999,0.0008966685561296472,566938.0,884596.0,678973467.0,354264681.0,20554711.04,1.9165711498064917,0.6409004788626672,0.0008966685561296472,0.21801902428343117,0.868689421109356,0.003361965652597117,566938.0,884596.0,354264681.0,678973467.0,8388158.0,9656107.0,377145138.0,82224815.0
34.5,x264,mcf-attacker,8,1.92577421934153,12636.100000000002,0.0009104306196812956,573009.0,893244.0,677372107.0,351740147.0,20702986.240000002,1.92577421934153,0.6414921342880556,0.0009104306196812956,0.6577263389833929,0.863816356074814,0.002095182609041259,573009.0,893244.0,351740147.0,677372107.0,4878586.0,5647712.0,367092585.0,241446462.0
34.6,x264,mcf-attacker,8,1.96599205930495,6253.0,0.0008330569868788714,612162.0,906911.0,695599704.0,353816131.0,10244915.2,1.96599205930495,0.6749967747662119,0.0008330569868788714,1.0092621944778397,0.6493546286721054,2.4277189122604755e-05,612162.0,906911.0,353816131.0,695599704.0,16954.0,26109.0,377102965.0,380595766.0
34.8,x264,mcf-attacker,8,2.0148937287258772,11134.099999999999,0.0010380697952293916,537882.0,906616.0,715712785.0,355211183.0,18242109.439999998,2.0148937287258772,0.5932853600642389,0.0010380697952293916,0.536790751635839,0.8676903197308622,0.002042899421448486,537882.0,906616.0,355211183.0,715712785.0,5052336.0,5822741.0,377113524.0,202431052.0
34.9,x264,mcf-attacker,8,1.9415440192720281,12672.5,0.0008956756948423146,526495.0,844594.0,689538875.0,355149751.0,20762624.0,1.9415440192720281,0.6233705188528452,0.0008956756948423146,0.2188575086866088,0.8680382648367467,0.003394672022346771,526495.0,844594.0,355149751.0,689538875.0,8421130.0,9701335.0,377121852.0,82535949.0
35.0,x264,mcf-attacker,8,1.9334204584917414,12664.9,0.0009242766411777386,577912.0,905788.0,685857608.0,354737949.0,20750172.16,1.9334204584917414,0.6380212588376089,0.0009242766411777386,0.2186557233368842,0.8683965003494568,0.003378334974466334,577912.0,905788.0,354737949.0,685857608.0,8406719.0,9680738.0,377114469.0,82458237.0
35.1,x264,mcf-attacker,8,1.923500518276946,12548.099999999999,0.0009421433887594301,574497.0,907813.0,680505225.0,353784789.0,20558807.04,1.923500518276946,0.6328362779559227,0.0009421433887594301,0.2185050277964038,0.8686668846425388,0.003370237189996541,574497.0,907813.0,353784789.0,680505225.0,8406013.0,9676912.0,377094824.0,82397115.0
35.2,x264,mcf-attacker,8,1.9446842595767189,12592.7,0.0009474635887621421,572016.0,907962.0,689534570.0,354574048.0,20631879.68,1.9446842595767189,0.6299999339179393,0.0009474635887621421,0.21872139076565383,0.8688781653580018,0.0033703511840564742,572016.0,907962.0,354574048.0,689534570.0,8421778.0,9692703.0,377089784.0,82477602.0
35.3,x264,mcf-attacker,8,2.0031629892038127,12646.0,0.001064158083467558,523273.0,899382.0,707984688.0,353433391.0,20719206.4,2.0031629892038127,0.5818139566947081,0.001064158083467558,0.2188009627391404,0.8688887853077165,0.0033713190440615793,523273.0,899382.0,353433391.0,707984688.0,8425764.0,9697172.0,377124794.0,82515268.0
35.4,x264,mcf-attacker,8,1.937600367715556,12725.1,0.0009318540116840299,540594.0,871208.0,687444385.0,354791626.0,20848803.84,1.937600367715556,0.6205108309381916,0.0009318540116840299,0.21886264696464383,0.8680436938787972,0.003392362040099657,540594.0,871208.0,354791626.0,687444385.0,8415760.0,9695088.0,377120126.0,82537509.0
35.5,x264,mcf-attacker,8,1.9280335104363648,12660.5,0.0009303404776223504,563514.0,893498.0,683857389.0,354691651.0,20742963.2,1.9280335104363648,0.6306830009692244,0.0009303404776223504,0.21850376554465906,0.8687632951335101,0.003369016008876576,563514.0,893498.0,354691651.0,683857389.0,8415141.0,9686345.0,377322042.0,82446287.0
35.6,x264,mcf-attacker,8,1.9125621605123304,12753.4,0.0009190484028860134,581519.0,907490.0,678353608.0,354683169.0,20895170.56,1.9125621605123304,0.6407993476512138,0.0009190484028860134,0.21840768649954773,0.8690651092013495,0.00335928979891764,581519.0,907490.0,354683169.0,678353608.0,8403326.0,9669386.0,376883233.0,82314195.0
35.7,x264,mcf-attacker,8,1.9444251696778754,12703.3,0.00094824894082106,576178.0,912367.0,689369980.0,354536647.0,20813086.72,1.9444251696778754,0.6315199914069667,0.00094824894082106,0.21865220262820953,0.8687119756065839,0.0033728352385552097,576178.0,912367.0,354536647.0,689369980.0,8415960.0,9687860.0,377101136.0,82453994.0
35.8,x264,mcf-attacker,8,1.9756007758652956,12455.7,0.0010438655237408362,521543.0,892432.0,701937730.0,355303429.0,20407418.880000003,1.9756007758652956,0.5844064309661688,0.0010438655237408362,0.21880601189940918,0.8685365519133178,0.0033804428602494762,521543.0,892432.0,355303429.0,701937730.0,8422225.0,9697030.0,377111832.0,82514336.0
35.9,x264,mcf-attacker,8,1.9453612872711026,12711.099999999999,0.0008756698893949138,535066.0,845937.0,690621450.0,355009352.0,20825866.24,1.9453612872711026,0.6325128230589275,0.0008756698893949138,0.21862704001569533,0.8680991654952517,0.0033861970170378326,535066.0,845937.0,355009352.0,690621450.0,8404338.0,9681311.0,377111253.0,82446717.0
36.0,x264,mcf-attacker,8,1.90744344798808,12629.7,0.0009244387016660229,591290.0,918046.0,674213001.0,353464215.0,20692500.48,1.90744344798808,0.644074479928021,0.0009244387016660229,0.21849914016437036,0.8686044233499552,0.0033737397328716845,591290.0,918046.0,353464215.0,674213001.0,8410324.0,9682571.0,377102889.0,82396657.0
36.1,x264,mcf-attacker,8,1.9361733354129536,12713.199999999999,0.0009469069601577693,566861.0,902959.0,687231178.0,354943003.0,20829306.88,1.9361733354129536,0.6277815493283748,0.0009469069601577693,0.21850864434676243,0.8686647586377914,0.0033705912160952784,566861.0,902959.0,354943003.0,687231178.0,8407285.0,9678400.0,377119300.0,82403827.0
36.2,x264,mcf-attacker,8,1.973486898486574,12690.4,0.0009993081233437176,542728.0,896978.0,699591765.0,354495267.0,20791951.36,1.973486898486574,0.6050627774594248,0.0009993081233437176,0.21874478818245355,0.8688768321271411,0.003368490858540307,542728.0,896978.0,354495267.0,699591765.0,8417253.0,9687510.0,377099732.0,82488601.0
36.3,x264,mcf-attacker,8,1.9620388846257222,12713.0,0.0010197389218946414,525120.0,886384.0,695093617.0,354271071.0,20828979.2,1.9620388846257222,0.5924294662358527,0.0010197389218946414,0.2185482319859593,0.8687114189921334,0.003371286354685486,525120.0,886384.0,354271071.0,695093617.0,8412326.0,9683683.0,377113323.0,82417450.0
36.4,x264,mcf-attacker,8,1.927226361950997,12656.300000000001,0.0009438326214186787,564934.0,899757.0,683680239.0,354748281.0,20736081.92,1.927226361950997,0.6278739704164569,0.0009438326214186787,0.21856570497197073,0.868758746081647,0.0033720281237913075,564934.0,899757.0,354748281.0,683680239.0,8417698.0,9689339.0,377114589.0,82424316.0
36.5,x264,mcf-attacker,8,1.9270399289685098,12562.2,0.0009269428494875082,569602.0,896163.0,678894159.0,352298958.0,20581908.48,1.9270399289685098,0.6356008895703126,0.0009269428494875082,0.2184215080979698,0.8689368353857432,0.0033607901295013842,569602.0,896163.0,352298958.0,678894159.0,8402773.0,9670177.0,377114890.0,82370003.0
36.6,x264,mcf-attacker,8,1.9264235907988123,12669.6,0.0009093126454998557,571193.0,893954.0,683785063.0,354950524.0,20757872.64,1.9264235907988123,0.6389512212037756,0.0009093126454998557,0.2184372921991807,0.8688712629929617,0.0033654406233079638,571193.0,893954.0,354950524.0,683785063.0,8408877.0,9677932.0,377084353.0,82369285.0
36.7,x264,mcf-attacker,8,1.9930325215845706,12647.3,0.0010391958626124493,532786.0,902175.0,708436510.0,355456573.0,20721336.32,1.9930325215845706,0.590557264388838,0.0010391958626124493,0.21890272091654583,0.8688014014728984,0.00337657766563395,532786.0,902175.0,355456573.0,708436510.0,8431907.0,9705218.0,377101055.0,82548447.0
36.9,x264,mcf-attacker,8,1.941453976840282,12704.1,0.0009359554689183836,525278.0,857288.0,688688892.0,354728415.0,20814397.44,1.941453976840282,0.6127205793152359,0.0009359554689183836,0.21876494175214276,0.8681216659060614,0.0033899417262951126,525278.0,857288.0,354728415.0,688688892.0,8417503.0,9696225.0,377210614.0,82520458.0
37.0,x264,mcf-attacker,8,1.9563478404584156,11882.6,0.0009660833498968465,552531.0,895517.0,694556966.0,355027338.0,19468451.84,1.9563478404584156,0.6169966622632513,0.0009660833498968465,0.2185222990193625,0.8688795305785035,0.0033676047917881053,552531.0,895517.0,355027338.0,694556966.0,8413271.0,9682897.0,377011579.0,82385437.0
37.1,x264,mcf-attacker,8,2.224644942356352,12690.699999999999,0.0010988642487175285,445685.0,836193.0,790581410.0,355374197.0,20792442.88,2.224644942356352,0.5329929812854209,0.0010988642487175285,0.21942925719858164,0.8708936709668325,0.0033272294768466157,445685.0,836193.0,355374197.0,790581410.0,8463545.0,9718230.0,377096022.0,82745900.0
37.2,x264,mcf-attacker,8,1.9736257575081393,12719.5,0.0009599307087281789,563446.0,904545.0,701302465.0,355337106.0,20839628.8,1.9736257575081393,0.622905438645949,0.0009599307087281789,0.2189198559236266,0.868691290362465,0.003376532125641995,563446.0,904545.0,355337106.0,701302465.0,8424053.0,9697407.0,377118876.0,82558810.0
37.3,x264,mcf-attacker,8,1.9269862631094874,12716.7,0.0009089945464421579,535504.0,857420.0,682432818.0,354145139.0,20835041.28,1.9269862631094874,0.6245527279512958,0.0009089945464421579,0.2187641776499451,0.867340370240601,0.003410518121467729,535504.0,857420.0,354145139.0,682432818.0,8409093.0,9695263.0,377118653.0,82500052.0
37.4,x264,mcf-attacker,8,1.9155906462286603,12630.3,0.0009132837751583307,575816.0,899882.0,679720603.0,354836042.0,20693483.52,1.9155906462286603,0.6398794508613351,0.0009132837751583307,0.2186110852494084,0.8686450115501615,0.0033749594973648605,575816.0,899882.0,354836042.0,679720603.0,8416338.0,9689042.0,377102007.0,82438679.0
37.5,x264,mcf-attacker,8,1.9324232492687488,12727.6,0.000943950432673629,572745.0,907213.0,684711524.0,354327927.0,20852899.84,1.9324232492687488,0.6313236252126017,0.000943950432673629,0.21844938325518698,0.8686769889437819,0.003371217598156425,572745.0,907213.0,354327927.0,684711524.0,8409721.0,9681068.0,377118048.0,82381205.0
37.6,x264,mcf-attacker,8,1.912824699976731,12700.900000000001,0.0009414279301439834,572861.0,904792.0,674428488.0,352582486.0,20809154.560000002,1.912824699976731,0.633141097622437,0.0009414279301439834,0.21837795770157067,0.8692598899125962,0.003354294211500907,572861.0,904792.0,352582486.0,674428488.0,8409966.0,9674858.0,377096319.0,82349524.0
37.7,x264,mcf-attacker,8,1.9925845957482913,12658.8,0.0010250688128800958,534364.0,897881.0,706624146.0,354626924.0,20740177.919999998,1.9925845957482913,0.5951389994887964,0.0010250688128800958,0.21873330295608126,0.8690370019200423,0.0033667877956742036,534364.0,897881.0,354626924.0,706624146.0,8424947.0,9694578.0,377104551.0,82485324.0
37.8,x264,mcf-attacker,8,1.9432192681012206,12542.1,0.0009421564372636852,526842.0,861601.0,690448118.0,355311482.0,20548976.64,1.9432192681012206,0.6114686496417715,0.0009421564372636852,0.21881256998363097,0.8678728355286565,0.0033954917461645998,526842.0,861601.0,355311482.0,690448118.0,8411000.0,9691512.0,377121223.0,82518864.0
37.9,x264,mcf-attacker,8,1.9168878217296181,12688.099999999999,0.0009084230398915579,568171.0,890916.0,681032881.0,355280509.0,20788183.04,1.9168878217296181,0.6377380134603038,0.0009084230398915579,0.218686175043277,0.868356347374376,0.0033815180740992996,568171.0,890916.0,355280509.0,681032881.0,8411629.0,9686840.0,377111987.0,82469178.0
38.0,x264,mcf-attacker,8,1.9299488239062026,12643.599999999999,0.0009146247062752369,562370.0,887150.0,685318005.0,355096465.0,20715274.24,1.9299488239062026,0.6339063292566083,0.0009146247062752369,0.21856457227363058,0.8684144298682147,0.0033775094170614616,562370.0,887150.0,355096465.0,685318005.0,8405847.0,9679534.0,377108349.0,82422525.0
38.1,x264,mcf-attacker,8,1.920643073002662,12635.599999999999,0.0009185148036807835,574406.0,898952.0,678635798.0,353337800.0,20702167.04,1.920643073002662,0.6389729373759667,0.0009185148036807835,0.21841350063730627,0.8687095065948434,0.003367583374462778,574406.0,898952.0,353337800.0,678635798.0,8402379.0,9672254.0,377087917.0,82361092.0
38.2,x264,mcf-attacker,8,2.0100305140132426,12716.8,0.0010911749549986313,527579.0,914824.0,713335898.0,354888094.0,20835205.119999997,2.0100305140132426,0.5766999991255148,0.0010911749549986313,0.2187703173460606,0.8687818495787282,0.003374163025308233,527579.0,914824.0,354888094.0,713335898.0,8425045.0,9697538.0,377128488.0,82504519.0
38.4,x264,mcf-attacker,8,1.9084987412576755,12736.5,0.0009482224812112108,580020.0,915225.0,674671117.0,353508809.0,20867481.6,1.9084987412576755,0.6337458002130624,0.0009482224812112108,0.21845583587776496,0.868832981983721,0.0033640880249497713,580020.0,915225.0,353508809.0,674671117.0,8403138.0,9671753.0,377105174.0,82380826.0
38.5,x264,mcf-attacker,8,1.9281199815399486,12613.699999999999,0.0009435504586390957,582891.0,916359.0,681432888.0,353418301.0,20666286.08,1.9281199815399486,0.636094587383329,0.0009435504586390957,0.21846477606309128,0.8689300639702,0.003366079394658382,582891.0,916359.0,353418301.0,681432888.0,8415433.0,9684822.0,377112020.0,82385693.0
38.6,x264,mcf-attacker,8,1.9955377081921497,12579.0,0.000989898020975179,560772.0,907843.0,699661231.0,350612884.0,20609433.6,1.9955377081921497,0.6176971128267773,0.000989898020975179,0.7800496079517354,0.8619559077482309,0.0015795236113225072,560772.0,907843.0,350612884.0,699661231.0,3633245.0,4215117.0,368384490.0,287358177.0
38.7,x264,mcf-attacker,8,1.9751867246121106,6269.5,0.0009610708156438284,543437.0,884238.0,700412082.0,354605503.0,10271948.8,1.9751867246121106,0.6145822730984192,0.0009610708156438284,1.0100997435338408,0.6608756080611535,2.458692781250947e-05,543437.0,884238.0,354605503.0,700412082.0,18069.0,27341.0,377110962.0,380919686.0
38.8,x264,mcf-attacker,8,1.9366955479144115,3838.0,0.0009355749818505385,562170.0,894568.0,688083520.0,355287397.0,6288179.2,1.9366955479144115,0.6284262347859525,0.0009355749818505385,0.4151824569709456,0.8675474450292807,0.0025614532510406253,562170.0,894568.0,355287397.0,688083520.0,6327040.0,7293019.0,377121464.0,156574216.0
39.0,x264,mcf-attacker,8,1.9298058449220297,12687.9,0.0009421156639946819,579711.0,914374.0,685515206.0,355224961.0,20787855.36,1.9298058449220297,0.6339976858484603,0.0009421156639946819,0.2183147106771955,0.8689775473559959,0.003359391766413424,579711.0,914374.0,355224961.0,685515206.0,8402004.0,9668839.0,377102490.0,82327021.0
39.1,x264,mcf-attacker,8,1.9414490241292381,12522.7,0.0009410609144175451,567210.0,899958.0,686473394.0,353588163.0,20517191.68,1.9414490241292381,0.6302627455947944,0.0009410609144175451,0.2183956556661781,0.8684304907503694,0.003376950750543686,567210.0,899958.0,353588163.0,686473394.0,8334449.0,9597140.0,373914544.0,81661312.0
39.2,x264,mcf-attacker,8,1.98514777238819,12685.8,0.0010516707547247948,517792.0,891240.0,704925436.0,355099729.0,20784414.72,1.98514777238819,0.5809793097257753,0.0010516707547247948,0.21856783814436745,0.8683801403776149,0.003380022481032915,517792.0,891240.0,355099729.0,704925436.0,8480676.0,9766087.0,380296583.0,83120602.0
39.3,x264,mcf-attacker,8,1.9172503795690954,12650.8,0.0009056249866447217,552248.0,873372.0,679834501.0,354588273.0,20727070.72,1.9172503795690954,0.6323170424515556,0.0009056249866447217,0.21840141507613697,0.8679483880522797,0.00338563092697114,552248.0,873372.0,354588273.0,679834501.0,8392127.0,9668924.0,377122323.0,82364049.0
39.4,x264,mcf-attacker,8,1.9260429517485655,12706.7,0.0009642434218122563,580903.0,922338.0,682004627.0,354096271.0,20818657.28,1.9260429517485655,0.6298157508418822,0.0009642434218122563,0.21829046572181518,0.8689734439016137,0.0033598390113680513,580903.0,922338.0,354096271.0,682004627.0,8402696.0,9669681.0,377096937.0,82316666.0
39.5,x264,mcf-attacker,8,1.9296664959992358,12696.5,0.0009323001167002813,583822.0,914747.0,684945624.0,354955442.0,20801945.6,1.9296664959992358,0.6382333038534153,0.0009323001167002813,0.2183227221004256,0.8685974041198038,0.003370847335604438,583822.0,914747.0,354955442.0,684945624.0,8402562.0,9673713.0,377101326.0,82329788.0
39.6,x264,mcf-attacker,8,1.9897129286754904,12696.5,0.0010089809710686036,539625.0,895727.0,702234010.0,352932325.0,20801945.6,1.9897129286754904,0.6024436016777434,0.0010089809710686036,0.2182812154639567,0.8691990365284765,0.0033562147846466113,539625.0,895727.0,352932325.0,702234010.0,8410595.0,9676259.0,377110549.0,82316149.0
39.7,x264,mcf-attacker,8,1.9433606757118564,12659.0,0.001004533627563956,531324.0,887150.0,688377409.0,354220098.0,20740505.6,1.9433606757118564,0.5989111198782618,0.001004533627563956,0.21837480415664415,0.8684243517718393,0.003375718176273366,531324.0,887150.0,354220098.0,688377409.0,8402498.0,9675567.0,377125380.0,82354681.0
39.8,x264,mcf-attacker,8,1.9202770542604566,12544.8,0.0009087912705331265,568674.0,890992.0,681058324.0,354666699.0,20553400.32,1.9202770542604566,0.6382481548655881,0.0009087912705331265,0.21824363112580336,0.868543491296036,0.0033730561848703423,568674.0,890992.0,354666699.0,681058324.0,8404171.0,9676166.0,377104599.0,82300677.0
39.9,x264,mcf-attacker,8,1.919453833603621,12665.900000000001,0.0009216347381735113,572859.0,900049.0,681426246.0,355010490.0,20751810.560000002,1.919453833603621,0.6364753474533054,0.0009216347381735113,0.21832401278623167,0.8684565600035733,0.003373802092951936,572859.0,900049.0,355010490.0,681426246.0,8399559.0,9671824.0,377101254.0,82330259.0
40.0,x264,mcf-attacker,8,2.1122163073924254,12671.7,0.001258610723083604,492427.0,939622.0,750488260.0,355308430.0,20761313.28,2.1122163073924254,0.5240692533806147,0.001258610723083604,0.21911083912470142,0.8691764453985703,0.0033701476264357258,492427.0,939622.0,355308430.0,750488260.0,8443645.0,9714535.0,377102175.0,82627174.0
40.1,x264,mcf-attacker,8,2.1318972320822582,12113.899999999998,0.0009755033978602881,424719.0,769948.0,754474819.0,353898306.0,19847413.759999998,2.1318972320822582,0.551620369167788,0.0009755033978602881,0.21883556693002085,0.8699036724603737,0.0033446204391404783,424719.0,769948.0,353898306.0,754474819.0,8434118.0,9695462.0,377126201.0,82528626.0
40.2,x264,mcf-attacker,8,1.891968713940203,12661.7,0.0008121618895289383,592468.0,880553.0,671107342.0,354713763.0,20744929.28,1.891968713940203,0.6728362744775158,0.0008121618895289383,0.21854119112503756,0.8680326151722108,0.003389379088649456,592468.0,880553.0,354713763.0,671107342.0,8407270.0,9685431.0,377107714.0,82413569.0
40.3,x264,mcf-attacker,8,1.9009969620254337,12567.1,0.0008764329472056825,586093.0,896575.0,673440382.0,354256422.0,20589936.64,1.9009969620254337,0.6537021442712545,0.0008764329472056825,0.21814980716608132,0.8686541806393804,0.0033662655164062175,586093.0,896575.0,354256422.0,673440382.0,8395256.0,9664670.0,377098596.0,82263986.0
40.4,x264,mcf-attacker,8,1.947727796563816,12641.199999999999,0.0009721762104062717,566236.0,911446.0,691618562.0,355089948.0,20711342.08,1.947727796563816,0.6212501892597038,0.0009721762104062717,0.21870296907918196,0.8684829859972064,0.003380813907790507,566236.0,911446.0,355089948.0,691618562.0,8418883.0,9693780.0,377097656.0,82472377.0
40.5,x264,mcf-attacker,8,1.9670210790810305,12642.4,0.0010449760406898308,519999.0,890489.0,697395549.0,354544014.0,20713308.16,1.9670210790810305,0.5839476961534618,0.0010449760406898308,0.21838241240457898,0.8683218371992003,0.003379788332383695,519999.0,890489.0,354544014.0,697395549.0,8403650.0,9678036.0,377060891.0,82343467.0
40.6,x264,mcf-attacker,8,1.9269556824087402,12695.4,0.0008825659177642135,545760.0,857878.0,681464740.0,353648372.0,20800143.36,1.9269556824087402,0.6361743744448511,0.0008825659177642135,0.2178772115453623,0.8685337358767132,0.0033651841355052518,545760.0,857878.0,353648372.0,681464740.0,8380753.0,9649312.0,376965702.0,82132236.0
40.7,x264,mcf-attacker,8,1.9382113809936845,12647.4,0.0009365898295751572,576355.0,909451.0,689320381.0,355647680.0,20721500.16,1.9382113809936845,0.6337394757936381,0.0009365898295751572,0.21799953650471576,0.8687694748413479,0.003359422134554041,576355.0,909451.0,355647680.0,689320381.0,8388322.0,9655406.0,377173201.0,82223583.0
40.8,x264,mcf-attacker,8,1.9122420965283178,12678.099999999999,0.0009292639479685945,576186.0,905783.0,678245680.0,354686094.0,20771799.04,1.9122420965283178,0.6361192471044389,0.0009292639479685945,0.21822154964330434,0.8684144998165538,0.003374052876696765,576186.0,905783.0,354686094.0,678245680.0,8397926.0,9670412.0,377138725.0,82299797.0
40.9,x264,mcf-attacker,8,1.9449983389499435,12628.3,0.0009318649863645021,560421.0,891167.0,690336508.0,354929099.0,20690206.72,1.9449983389499435,0.6288619304799212,0.0009318649863645021,0.21871100773286228,0.8685180745008667,0.003375256698083709,560421.0,891167.0,354929099.0,690336508.0,8407367.0,9680129.0,377085986.0,82472856.0
41.1,x264,mcf-attacker,8,1.9986109042074955,12543.4,0.0011006591623193675,521294.0,912940.0,711162904.0,355828592.0,20551106.56,1.9986109042074955,0.5710057616053629,0.0011006591623193675,0.21848879035024993,0.8682939775498548,0.0033777682502045135,521294.0,912940.0,355828592.0,711162904.0,8398379.0,9672276.0,377141623.0,82401217.0
41.2,x264,mcf-attacker,8,1.8991260702934512,12741.300000000001,0.0008513145644019506,551952.0,854866.0,675745369.0,355819121.0,20875345.92,1.8991260702934512,0.6456590857514511,0.0008513145644019506,0.21834118400466931,0.8683076136693036,0.003380113774307063,551952.0,854866.0,355819121.0,675745369.0,8405341.0,9680142.0,377147364.0,82346802.0
41.3,x264,mcf-attacker,8,1.9248755930007524,12654.099999999999,0.0009222412363278459,533235.0,861388.0,684911578.0,355821218.0,20732477.439999998,1.9248755930007524,0.6190415933354075,0.0009222412363278459,0.2181115404652621,0.868045735634612,0.0033786464867187273,533235.0,861388.0,355821218.0,684911578.0,8382926.0,9657240.0,377167012.0,82264478.0
41.4,x264,mcf-attacker,8,1.9335902925321786,12326.100000000002,0.0009169448452457831,584827.0,910465.0,686683042.0,355133683.0,20195082.240000002,1.9335902925321786,0.642338804896399,0.0009169448452457831,0.21817763487202416,0.8684119934747955,0.003374715967338218,584827.0,910465.0,355133683.0,686683042.0,8400375.0,9673260.0,377182854.0,82292863.0
41.5,x264,mcf-attacker,8,1.8944408381867806,12165.4,0.0009381152664181256,546197.0,879007.0,672080370.0,354764507.0,19931791.36,1.8944408381867806,0.621379579457274,0.0009381152664181256,0.22008866226700752,0.8624693441690863,0.0035555754528226622,546197.0,879007.0,354764507.0,672080370.0,8408180.0,9748961.0,377092546.0,82993794.0
41.6,x264,mcf-attacker,8,1.9459087960134385,12117.3,0.001235515589829597,525675.0,963427.0,689449388.0,354307144.0,19852984.32,1.9459087960134385,0.5456303383650241,0.001235515589829597,0.21961217492149143,0.8633052766638948,0.003527627925132655,525675.0,963427.0,354307144.0,689449388.0,8403815.0,9734465.0,377208149.0,82839502.0
41.7,x264,mcf-attacker,8,1.481832849889543,12916.199999999999,0.0009253379392900152,419117.0,751128.0,531681222.0,358799727.0,21161902.08,1.481832849889543,0.5579834595435132,0.0009253379392900152,0.21903273196013395,0.8672431331597251,0.003414447980989531,419117.0,751128.0,358799727.0,531681222.0,8339658.0,9616286.0,373890013.0,81894151.0
41.8,x264,mcf-attacker,8,1.2172634839689374,12866.8,0.0007704579081900432,300877.0,575020.0,433124587.0,355818270.0,21080965.119999997,1.2172634839689374,0.523246147960071,0.0007704579081900432,0.2158993845860911,0.8754123913228495,0.003160815649582115,300877.0,575020.0,355818270.0,433124587.0,8372740.0,9564338.0,376990667.0,81392053.0
41.9,x264,mcf-attacker,8,2.515316231998879,11581.5,0.001785417724044452,277736.0,913898.0,896232060.0,356309894.0,18975129.6,2.515316231998879,0.3039026237063655,0.001785417724044452,0.22031439824440252,0.8695132633945873,0.003378595249952061,277736.0,913898.0,356309894.0,896232060.0,8491810.0,9766165.0,377184867.0,83099257.0
42.0,x264,mcf-attacker,8,1.838843755747752,12526.900000000001,0.0011436907223238378,367357.0,773868.0,653594717.0,355437875.0,20524072.96,1.838843755747752,0.47470240402756025,0.0011436907223238378,0.21823991002419132,0.8714680989717936,0.003296844837724048,367357.0,773868.0,355437875.0,653594717.0,8430185.0,9673544.0,377136038.0,82306135.0
42.1,x264,mcf-attacker,8,1.936098689802815,12631.7,0.001019555705699243,496248.0,858615.0,688121571.0,355416578.0,20695777.28,1.936098689802815,0.577963347949896,0.001019555705699243,0.21806478336011687,0.8698950942185373,0.0033327719806420884,496248.0,858615.0,355416578.0,688121571.0,8404100.0,9661050.0,377148514.0,82242809.0
42.2,x264,mcf-attacker,8,1.9286036901450028,12565.8,0.000917080578845331,550142.0,875468.0,684154630.0,354740911.0,20587806.72,1.9286036901450028,0.6283976113347375,0.000917080578845331,0.21768898625092925,0.8691072084552345,0.003346886858312008,550142.0,875468.0,354740911.0,684154630.0,8382340.0,9644771.0,377195601.0,82111328.0
42.3,x264,mcf-attacker,8,1.9257037442570897,12686.399999999998,0.0009253445779912613,573157.0,902337.0,685045521.0,355737752.0,20785397.759999998,1.9257037442570897,0.6351917299190879,0.0009253445779912613,0.21817742792894268,0.8687348188263986,0.003363904841796796,573157.0,902337.0,355737752.0,685045521.0,8396620.0,9665343.0,377157815.0,82287322.0
42.4,x264,mcf-attacker,8,1.9303357581384384,12645.8,0.0009140281688997486,561588.0,885861.0,684832031.0,354773530.0,20718878.72,1.9303357581384384,0.6339459576615293,0.0009140281688997486,0.21851369352420721,0.8684962765052189,0.0033770049143456928,561588.0,885861.0,354773530.0,684832031.0,8409976.0,9683376.0,377079700.0,82397078.0
42.5,x264,mcf-attacker,8,1.9684332015981199,12534.7,0.0009532133451883028,544038.0,882798.0,699556332.0,355387387.0,20536852.48,1.9684332015981199,0.6162655556537283,0.0009532133451883028,0.21816735824446845,0.8683059972444874,0.0033740199277815046,544038.0,882798.0,355387387.0,699556332.0,8390908.0,9663538.0,377185087.0,82289474.0
42.6,x264,mcf-attacker,8,1.9680280305877818,12582.6,0.0010229366701604062,537669.0,901066.0,699139549.0,355248776.0,20615331.84,1.9680280305877818,0.5967032381645739,0.0010229366701604062,0.2179811348884332,0.8686023134665768,0.0033646441917326727,537669.0,901066.0,355248776.0,699139549.0,8393444.0,9663161.0,377370363.0,82259620.0
42.7,x264,mcf-attacker,8,1.9532713503350114,6524.5,0.0008867454887984909,559522.0,870396.0,684775153.0,350578609.0,10689740.8,1.9532713503350114,0.6428361343572351,0.0008867454887984909,0.8678545219485192,0.8578757172892395,0.0012239674195497195,559522.0,870396.0,350578609.0,684775153.0,2713418.0,3162950.0,367274482.0,318740820.0
42.8,x264,mcf-attacker,8,1.9450401277820057,3838.7,0.0008839221972275686,616034.0,929888.0,690624838.0,355069712.0,6289326.08,1.9450401277820057,0.6624819333080973,0.0008839221972275686,1.0112799130995822,0.6944192758146247,2.414802135645068e-05,616034.0,929888.0,355069712.0,690624838.0,20693.0,29799.0,377090937.0,381344490.0
42.9,x264,mcf-attacker,8,1.9291593834641134,10871.7,0.0009443819140032308,578651.0,914032.0,685107787.0,355132807.0,17812193.28,1.9291593834641134,0.6330752096206698,0.0009443819140032308,0.33015409362606263,0.8670362122937935,0.002936706107751578,578651.0,914032.0,355132807.0,685107787.0,7221516.0,8328967.0,377106513.0,124503259.0
43.0,x264,mcf-attacker,8,1.9621147820677831,12687.7,0.000986055895629668,550512.0,899732.0,694899475.0,354158422.0,20787527.68,1.9621147820677831,0.6118621989659143,0.000986055895629668,0.21859376750797865,0.8686676806358568,0.0033716988342671977,550512.0,899732.0,354158422.0,694899475.0,8409941.0,9681425.0,377104855.0,82432771.0
43.2,x264,mcf-attacker,8,1.9734220161088802,12639.9,0.00103544323437827,524309.0,891455.0,699733192.0,354578588.0,20709212.16,1.9734220161088802,0.588149710305063,0.00103544323437827,0.21871583602427122,0.8685658257722713,0.0033751217405854975,524309.0,891455.0,354578588.0,699733192.0,8411135.0,9683935.0,377112323.0,82480437.0
43.3,x264,mcf-attacker,8,1.9455497436401437,12558.099999999999,0.0008921800933575607,537409.0,854719.0,691948177.0,355656893.0,20575191.04,1.9455497436401437,0.6287551815274962,0.0008921800933575607,0.21881616851851254,0.8678962351578606,0.00339777835981845,537409.0,854719.0,355656893.0,691948177.0,8418301.0,9699663.0,377117594.0,82519427.0
43.5,x264,mcf-attacker,8,1.915582824368559,12667.0,0.0009041098683053136,572924.0,893478.0,679173802.0,354552042.0,20753612.8,1.915582824368559,0.6412289950060326,0.0009041098683053136,0.21836345442378846,0.8682248427169339,0.0033820250207279873,572924.0,893478.0,354552042.0,679173802.0,8403036.0,9678410.0,377103656.0,82345657.0
43.6,x264,mcf-attacker,8,1.9434178464699077,12569.1,0.0009143266815029576,556707.0,879787.0,686712365.0,353352917.0,20593213.44,1.9434178464699077,0.6327747511613606,0.0009143266815029576,0.21835229811627777,0.8683189996947139,0.003379938683048578,556707.0,879787.0,353352917.0,686712365.0,8404846.0,9679445.0,377107137.0,82342210.0
43.7,x264,mcf-attacker,8,1.996814864844073,12712.5,0.0010159539235955388,531682.0,891879.0,707952110.0,354540685.0,20828160.0,1.996814864844073,0.5961369199185091,0.0010159539235955388,0.21865516062815155,0.8684003418264162,0.0033783724566958406,531682.0,891879.0,354540685.0,707952110.0,8406929.0,9680937.0,377107029.0,82456398.0
43.8,x264,mcf-attacker,8,1.938670159300116,12699.2,0.0009552864602754279,542242.0,881937.0,689381235.0,355594907.0,20806369.28,1.938670159300116,0.6148307645557449,0.0009552864602754279,0.2185104025550027,0.8680691357004946,0.0033881450200736692,542242.0,881937.0,355594907.0,689381235.0,8407510.0,9685300.0,377135569.0,82408045.0
43.9,x264,mcf-attacker,8,1.9253256391299731,12631.400000000001,0.0008981891441933187,574401.0,894231.0,685575976.0,356083128.0,20695285.76,1.9253256391299731,0.6423407374604548,0.0008981891441933187,0.21791694436844755,0.8681791339550545,0.0033763713031126066,574401.0,894231.0,356083128.0,685575976.0,8387318.0,9660815.0,377179192.0,82193737.0
44.0,x264,mcf-attacker,8,1.9336633188009642,12645.5,0.0009090857326104622,571119.0,894736.0,688346874.0,355980727.0,20718387.2,1.9336633188009642,0.6383100713506554,0.0009090857326104622,0.21800796263932096,0.8684460221906286,0.003368466051970447,571119.0,894736.0,355980727.0,688346874.0,8385687.0,9655968.0,377109634.0,82212903.0
44.1,x264,mcf-attacker,8,1.9183428999486392,12556.399999999998,0.0009236817275950323,582514.0,910029.0,680197579.0,354575597.0,20572405.759999998,1.9183428999486392,0.640104875778684,0.0009236817275950323,0.21759297344034237,0.8684332221537431,0.0033631743616304027,582514.0,910029.0,354575597.0,680197579.0,8375566.0,9644456.0,377289389.0,82095520.0
44.2,x264,mcf-attacker,8,2.0007402413663296,12512.0,0.0010517173412820612,530611.0,902610.0,707674334.0,353706253.0,20499660.8,2.0007402413663296,0.5878629751498432,0.0010517173412820612,0.21794334948062197,0.8686655716788938,0.0033624306547612,530611.0,902610.0,353706253.0,707674334.0,8387939.0,9656120.0,377161979.0,82199945.0
44.3,x264,mcf-attacker,8,1.9426860595668078,12645.8,0.0009322366994798087,530941.0,863443.0,692900205.0,356671219.0,20718878.72,1.9426860595668078,0.6149114649143024,0.0009322366994798087,0.21787320261242474,0.8683858116060513,0.003368384114770094,530941.0,863443.0,356671219.0,692900205.0,8383889.0,9654567.0,377236668.0,82189761.0
44.4,x264,mcf-attacker,8,1.9320298541920096,12537.4,0.0008970928587788663,562154.0,881955.0,688741498.0,356485950.0,20541276.16,1.9320298541920096,0.6373953319613812,0.0008970928587788663,0.21787010321196612,0.8679643550513851,0.003380909238471528,562154.0,881955.0,356485950.0,688741498.0,8383508.0,9658816.0,377208588.0,82182474.0
44.5,x264,mcf-attacker,8,1.9267169618932183,12705.4,0.0009082885064497941,569838.0,892805.0,685097293.0,355577548.0,20816527.36,1.9267169618932183,0.6382558341407139,0.0009082885064497941,0.21797219274172355,0.8683255677981668,0.003373536052406689,569838.0,892805.0,355577548.0,685097293.0,8390999.0,9663425.0,377178717.0,82214472.0
44.6,x264,mcf-attacker,8,1.9272094486304296,12656.900000000001,0.0009109133431664976,574630.0,898024.0,684201167.0,355021696.0,20737064.96,1.9272094486304296,0.6398826757414056,0.0009109133431664976,0.21803235194524292,0.8684376262443158,0.003367429133286541,574630.0,898024.0,355021696.0,684201167.0,8383810.0,9653900.0,377169036.0,82235052.0
44.7,x264,mcf-attacker,8,1.964573958431714,12602.5,0.0009268529315563065,546384.0,875053.0,696652658.0,354607499.0,20647936.0,1.964573958431714,0.6244010362800881,0.0009268529315563065,0.2184714953668269,0.8682955290407502,0.0033807005416800593,546384.0,875053.0,354607499.0,696652658.0,8405356.0,9680294.0,377122429.0,82390501.0
44.8,x264,mcf-attacker,8,1.9896702277676754,12635.5,0.0010586761654834869,534148.0,910941.0,708142715.0,355909590.0,20702003.2,1.9896702277676754,0.5863694794723259,0.0010586761654834869,0.21855518306124364,0.8684755570132573,0.003376897754040631,534148.0,910941.0,355909590.0,708142715.0,8409824.0,9683432.0,377153261.0,82428800.0
44.9,x264,mcf-attacker,8,2.197465338554955,12641.199999999999,0.001306875869623245,478911.0,944629.0,783088269.0,356359782.0,20711342.08,2.197465338554955,0.5069831648192041,0.001306875869623245,0.21852144567944973,0.8692293112853016,0.0033580046183127074,478911.0,944629.0,356359782.0,783088269.0,8420200.0,9686972.0,377239505.0,82434922.0
45.0,x264,mcf-attacker,8,1.9844543606730691,11789.400000000001,0.0007385628527311237,492985.0,756043.0,706814042.0,356175509.0,19315752.96,1.9844543606730691,0.6520594728077636,0.0007385628527311237,0.21795719940678282,0.8702904549624983,0.0033215852557446648,492985.0,756043.0,356175509.0,706814042.0,8406991.0,9659983.0,377227108.0,82219364.0
45.3,x264,mcf-attacker,8,1.9955044868753824,12682.2,0.001097780823648416,539276.0,929573.0,709467134.0,355532718.0,20778516.48,1.9955044868753824,0.5801330288207597,0.001097780823648416,0.21805064812775438,0.8684785315136001,0.003367748921677259,539276.0,929573.0,355532718.0,709467134.0,8388569.0,9658925.0,377212206.0,82251366.0
45.4,x264,mcf-attacker,8,1.9174690293395082,12678.899999999998,0.0008635727188757538,526312.0,832830.0,680589786.0,354941736.0,20773109.759999998,1.9174690293395082,0.6319561014852971,0.0008635727188757538,0.21780745886048727,0.8683257391457506,0.0033665080787519076,526312.0,832830.0,354941736.0,680589786.0,8371083.0,9640487.0,377068455.0,82128322.0
45.5,x264,mcf-attacker,8,1.9178896272476285,12624.5,0.000890225353040062,563341.0,880253.0,682750986.0,355990760.0,20683980.8,1.9178896272476285,0.6399762341054219,0.000890225353040062,0.2178259744396384,0.8686282781738258,0.0033610653541619683,563341.0,880253.0,355990760.0,682750986.0,8382196.0,9649923.0,377180110.0,82159625.0
45.6,x264,mcf-attacker,8,1.9255270740400274,12542.6,0.0009154897681258369,571233.0,896012.0,683099669.0,354759836.0,20549795.84,1.9255270740400274,0.6375282920318032,0.0009154897681258369,0.21768561820447987,0.868674308199506,0.0033590484485422896,571233.0,896012.0,354759836.0,683099669.0,8378752.0,9645447.0,377099354.0,82089106.0
45.7,x264,mcf-attacker,8,1.9111356693532657,12619.6,0.0008990929484090925,574741.0,892968.0,676431699.0,353942271.0,20675952.64,1.9111356693532657,0.6436300068983435,0.0008990929484090925,0.21829009161243462,0.8686540453014863,0.0033679877734472956,574741.0,892968.0,353942271.0,676431699.0,8399935.0,9670058.0,377116274.0,82320746.0
45.8,x264,mcf-attacker,8,2.0013662053331043,12594.8,0.0010427160136845437,535000.0,906087.0,712256234.0,355885011.0,20635320.32,2.0013662053331043,0.5904510273296052,0.0010427160136845437,0.21846494358517465,0.8685266275949834,0.0033734255702094085,535000.0,906087.0,355885011.0,712256234.0,8404806.0,9677085.0,377147494.0,82393506.0
45.9,x264,mcf-attacker,8,1.9361079923296374,12721.399999999998,0.0009025373570146944,529183.0,850930.0,690206265.0,356491615.0,20842741.759999998,1.9361079923296374,0.6218878168592011,0.0009025373570146944,0.21793610073553046,0.8681047889257968,0.0033772960868230016,529183.0,850930.0,356491615.0,690206265.0,8385453.0,9659494.0,377236987.0,82213558.0
46.0,x264,mcf-attacker,8,1.9193776324965754,12618.099999999999,0.0009234642122176105,569658.0,897832.0,682094473.0,355372732.0,20673495.04,1.9193776324965754,0.6344817293212984,0.0009234642122176105,0.21792242136746026,0.8681498858655509,0.0033722580761605557,569658.0,897832.0,355372732.0,682094473.0,8375384.0,9647394.0,377198296.0,82199966.0
46.1,x264,mcf-attacker,8,1.9239921813876502,12653.5,0.0009410163383175515,572283.0,905913.0,682136415.0,354542197.0,20731494.4,1.9239921813876502,0.6317196022134576,0.0009410163383175515,0.21788964511689643,0.8682997592681653,0.0033677238757477547,572283.0,905913.0,354542197.0,682136415.0,8379229.0,9650157.0,377384859.0,82228253.0
46.2,x264,mcf-attacker,8,1.9358561553311842,12616.5,0.0009270557781387679,564021.0,892400.0,685713334.0,354217090.0,20670873.6,1.9358561553311842,0.6320271178843568,0.0009270557781387679,0.21825384988380245,0.8686802078320932,0.003366447515463611,564021.0,892400.0,354217090.0,685713334.0,8392713.0,9661453.0,376877998.0,82255074.0
46.3,x264,mcf-attacker,8,1.974151406521687,12637.6,0.0010286276576075529,552481.0,914879.0,695517485.0,352312129.0,20705443.84,1.974151406521687,0.6038842294992015,0.0010286276576075529,0.21840564143522143,0.8687341753323593,0.003369692906228134,552481.0,914879.0,352312129.0,695517485.0,8410292.0,9681088.0,377125167.0,82366264.0
46.4,x264,mcf-attacker,8,1.9558723855200193,12556.7,0.0009880425079104116,527447.0,877159.0,692269855.0,353944286.0,20572897.28,1.9558723855200193,0.6013128748607721,0.0009880425079104116,0.2183093497375455,0.8687257469389511,0.003366112085184164,527447.0,877159.0,353944286.0,692269855.0,8400055.0,9669398.0,377094692.0,82323297.0
46.5,x264,mcf-attacker,8,1.9232784033847838,12669.8,0.0008902638020132766,553313.0,869161.0,682341162.0,354780234.0,20758200.32,1.9232784033847838,0.636605876241571,0.0008902638020132766,0.21854621202775734,0.8681587908796382,0.0033830755549607247,553313.0,869161.0,354780234.0,682341162.0,8401045.0,9676853.0,377114841.0,82417020.0
46.6,x264,mcf-attacker,8,1.919437105101576,12705.1,0.0009446101284817909,572552.0,906564.0,678708609.0,353597733.0,20816035.84,1.919437105101576,0.6315626916577318,0.0009446101284817909,0.21837147286522413,0.869032931397966,0.0033615046209173488,572552.0,906564.0,353597733.0,678708609.0,8411660.0,9679334.0,377115055.0,82351170.0
46.7,x264,mcf-attacker,8,1.9199900222087094,12617.5,0.0009345992162080848,571373.0,903276.0,681843551.0,355128695.0,20672512.0,1.9199900222087094,0.6325563836523942,0.0009345992162080848,0.21836923580691187,0.8685827243251603,0.003371340572751945,571373.0,903276.0,355128695.0,681843551.0,8402605.0,9673926.0,377096580.0,82346292.0
46.8,x264,mcf-attacker,8,2.0245813154332564,7136.700000000001,0.0010494322851525557,534113.0,904913.0,715353208.0,353333898.0,11692769.280000001,2.0245813154332564,0.5902368514984313,0.0010494322851525557,0.9568888777049155,0.8529782323422472,0.0008362360414412056,534113.0,904913.0,353333898.0,715353208.0,1792074.0,2100961.0,369377765.0,353453475.0
46.9,x264,mcf-attacker,8,1.9684048565252092,3848.1,0.0009117392020052743,532910.0,855972.0,697476656.0,354335976.0,6304727.04,1.9684048565252092,0.6225787759412691,0.0009117392020052743,1.0112531627601649,0.6832261633132821,2.4296417008736033e-05,532910.0,855972.0,354335976.0,697476656.0,19763.0,28926.0,377133797.0,381377745.0
47.0,x264,mcf-attacker,8,1.909476161857153,10213.3,0.0009073618277947713,585973.0,907303.0,676215327.0,354136564.0,16733470.719999999,1.909476161857153,0.6458404744611227,0.0009073618277947713,0.23833397496143097,0.8659415204728181,0.003338493902174677,585973.0,907303.0,354136564.0,676215327.0,8131920.0,9390842.0,377092796.0,89874025.0
47.1,x264,mcf-attacker,8,1.9149774357436675,12571.0,0.0009254222312220453,575108.0,903404.0,679343343.0,354752662.0,20596326.4,1.9149774357436675,0.6366011219786496,0.0009254222312220453,0.2178181779697051,0.8680435377241987,0.003374723784798631,575108.0,903404.0,354752662.0,679343343.0,8371615.0,9644234.0,377103159.0,82139923.0
47.4,x264,mcf-attacker,8,1.9919684260672699,12652.1,0.0011004017508475686,520732.0,910329.0,705255987.0,354049782.0,20729200.64,1.9919684260672699,0.5720261575759973,0.0011004017508475686,0.21787567777551303,0.8688908726539846,0.003356770359365361,520732.0,910329.0,354049782.0,705255987.0,8389177.0,9655041.0,377107715.0,82162599.0
47.5,x264,mcf-attacker,8,1.934553398948043,12652.1,0.0008799885384456137,538689.0,850651.0,685812509.0,354506890.0,20729200.64,1.934553398948043,0.6332667568720898,0.0008799885384456137,0.21766262250738794,0.8681522049721982,0.0033733628457812133,538689.0,850651.0,354506890.0,685812509.0,8376357.0,9648489.0,377110930.0,82082954.0
47.6,x264,mcf-attacker,8,1.918972788199612,12655.2,0.000926361355932675,567450.0,896279.0,681174683.0,354968391.0,20734279.68,1.918972788199612,0.6331175895005908,0.000926361355932675,0.2179594022342511,0.8686084606060581,0.003365649280723988,567450.0,896279.0,354968391.0,681174683.0,8390670.0,9659899.0,377112674.0,82195253.0
47.7,x264,mcf-attacker,8,1.9140366357179652,12531.6,0.0009006051187966514,579921.0,897746.0,675466618.0,352901614.0,20531773.44,1.9140366357179652,0.6459744738489506,0.0009006051187966514,0.21751186939682102,0.8688177196843843,0.0033517311451409567,579921.0,897746.0,352901614.0,675466618.0,8370845.0,9634754.0,377091403.0,82021856.0
47.8,x264,mcf-attacker,8,1.9572817908059743,12561.7,0.0009725336706202656,553468.0,898828.0,695057518.0,355113669.0,20581089.28,1.9572817908059743,0.6157663090157405,0.0009725336706202656,0.21788545911586235,0.8687584410807773,0.003361064067617041,553468.0,898828.0,355113669.0,695057518.0,8389933.0,9657383.0,377097840.0,82164136.0
47.9,x264,mcf-attacker,8,1.9648882730685595,12616.8,0.0010222606583979758,522039.0,885178.0,697989849.0,355231317.0,20671365.119999997,1.9648882730685595,0.5897559586885349,0.0010222606583979758,0.2179158102287026,0.8682496721818538,0.003373679675015073,522039.0,885178.0,355231317.0,697989849.0,8384714.0,9657031.0,377130351.0,82182666.0
48.0,x264,mcf-attacker,8,2.218410020779718,11998.899999999998,0.0013139015701301884,478976.0,944799.0,786502151.0,354534168.0,19658997.759999998,2.218410020779718,0.5069607397975654,0.0013139015701301884,0.2184754050050892,0.8695472489679513,0.003350812229247039,478976.0,944799.0,354534168.0,786502151.0,8422499.0,9686074.0,377095138.0,82386013.0
48.1,x264,mcf-attacker,8,1.9427597654107422,12689.0,0.000682086550497166,521739.0,764231.0,690680238.0,355515000.0,20789657.6,1.9427597654107422,0.6826980324011981,0.000682086550497166,0.2173992895716829,0.8701215851446389,0.0033170051586574978,521739.0,764231.0,355515000.0,690680238.0,8381454.0,9632509.0,377164020.0,81995190.0
48.2,x264,mcf-attacker,8,1.9429020160804094,12632.7,0.0009037710423578895,572964.0,894113.0,690397247.0,355343317.0,20697415.68,1.9429020160804094,0.640818330568955,0.0009037710423578895,0.217539855912498,0.8679418273495592,0.003375753288327549,572964.0,894113.0,355343317.0,690397247.0,8368446.0,9641713.0,377180111.0,82051707.0
48.3,x264,mcf-attacker,8,1.9727938876051208,12532.1,0.0010330194746665277,532233.0,897739.0,698019757.0,353822952.0,20532592.64,1.9727938876051208,0.5928593945456307,0.0010330194746665277,0.21762181083967203,0.8681713134563883,0.0033720961369879247,532233.0,897739.0,353822952.0,698019757.0,8373521.0,9645010.0,377061907.0,82056895.0
48.4,x264,mcf-attacker,8,1.9287857862371136,12533.899999999998,0.0008906819608255466,539523.0,855300.0,683820057.0,354533957.0,20535541.759999998,1.9287857862371136,0.6307997193967029,0.0008906819608255466,0.2174897744469828,0.8684646942636289,0.00336224147480093,539523.0,855300.0,354533957.0,683820057.0,8372103.0,9640119.0,377134126.0,82022816.0
48.6,x264,mcf-attacker,8,1.9053976219038862,12610.599999999999,0.0009357295404440168,583943.0,917260.0,678723276.0,356210834.0,20661207.04,1.9053976219038862,0.6366166626692541,0.0009357295404440168,0.21701089587184252,0.86866779590774,0.0033506037646294446,583943.0,917260.0,356210834.0,678723276.0,8367380.0,9632428.0,377558222.0,81934248.0
48.7,x264,mcf-attacker,8,1.946191752534569,12674.300000000001,0.0009336946945905472,557514.0,887419.0,687653463.0,353332842.0,20765573.12,1.946191752534569,0.6282421268870736,0.0009336946945905472,0.21651479537590254,0.8689089417726243,0.0033340468158043696,557514.0,887419.0,353332842.0,687653463.0,8343215.0,9601944.0,377537890.0,81742539.0
48.8,x264,mcf-attacker,8,1.9961042360999557,12546.7,0.0010321305313687155,525184.0,893554.0,712414656.0,356902532.0,20556513.28,1.9961042360999557,0.587747354944413,0.0010321305313687155,0.21712922748293162,0.8687673522902842,0.003347780516384868,525184.0,893554.0,356902532.0,712414656.0,8364850.0,9628412.0,377432748.0,81951681.0
48.9,x264,mcf-attacker,8,1.9030778306095704,12707.9,0.0008640507698538997,535365.0,844899.0,681750788.0,358235894.0,20820623.36,1.9030778306095704,0.6336437846417146,0.0008640507698538997,0.21642101678372325,0.8682189325043008,0.0033476766682114002,535365.0,844899.0,358235894.0,681750788.0,8334854.0,9599945.0,377901191.0,81785760.0
49.0,x264,mcf-attacker,8,1.904835945498867,12608.699999999999,0.0009120739531275002,571121.0,896537.0,679620432.0,356786858.0,20658094.08,1.904835945498867,0.6370300389164083,0.0009120739531275002,0.21673596949922921,0.8685593707240393,0.003347950226656563,571121.0,896537.0,356786858.0,679620432.0,8359910.0,9625030.0,377878975.0,81899966.0
49.1,x264,mcf-attacker,8,1.9185549090126635,12505.699999999999,0.0009000252862208663,582153.0,903840.0,685729815.0,357419958.0,20489338.88,1.9185549090126635,0.6440885554965481,0.0009000252862208663,0.2168350219089513,0.8684288531543468,0.003351498006102516,582153.0,903840.0,357419958.0,685729815.0,8358507.0,9624861.0,377847159.0,81930497.0
49.2,x264,mcf-attacker,8,1.9686417244017367,12531.7,0.0010426355844057275,551520.0,922671.0,700784968.0,355973847.0,20531937.28,1.9686417244017367,0.5977428574215511,0.0010426355844057275,0.21704333574126494,0.8692936919343013,0.0033359048647442226,551520.0,922671.0,355973847.0,700784968.0,8375450.0,9634776.0,377506569.0,81935285.0
49.5,x264,mcf-attacker,8,1.924509939184734,12638.699999999999,0.0009272431178867005,563019.0,892353.0,683538701.0,355175459.0,20707246.08,1.924509939184734,0.6309375325683895,0.0009272431178867005,0.2171251352915757,0.8690475323877423,0.0033383829745890835,563019.0,892353.0,355175459.0,683538701.0,8356881.0,9616138.0,377205674.0,81900833.0
49.6,x264,mcf-attacker,8,1.9226927866725423,12645.599999999999,0.0009468410560564803,572997.0,908018.0,680306854.0,353830242.0,20718551.04,1.9226927866725423,0.6310414551253389,0.0009468410560564803,0.2174208315948945,0.8685160030584889,0.0033599935937948908,572997.0,908018.0,353830242.0,680306854.0,8370270.0,9637439.0,377134350.0,81996864.0
49.7,x264,mcf-attacker,8,1.9228941497589371,12617.2,0.0009413383694328035,573054.0,906667.0,681479165.0,354402849.0,20672020.48,1.9228941497589371,0.6320446205718306,0.0009413383694328035,0.21747375251722498,0.8690436547061707,0.0033485985388407805,573054.0,906667.0,354402849.0,681479165.0,8384979.0,9648513.0,377332184.0,82059846.0
49.8,x264,mcf-attacker,8,1.9923733533849528,12525.4,0.0010886093995720334,532583.0,917642.0,704735134.0,353716402.0,20521615.36,1.9923733533849528,0.5803821097988104,0.0010886093995720334,0.21755206555975315,0.8690232715956707,0.0033471727152679077,532583.0,917642.0,353716402.0,704735134.0,8369909.0,9631398.0,376881956.0,81991448.0
49.9,x264,mcf-attacker,8,1.91981454451088,12621.800000000001,0.0008908634322142864,540948.0,859040.0,685489634.0,357060340.0,20679557.12,1.91981454451088,0.6297122369156267,0.0008908634322142864,0.21704941790819568,0.868338553112669,0.0033597903576132954,540948.0,859040.0,357060340.0,685489634.0,8365182.0,9633549.0,377513733.0,81939136.0
50.0,x264,mcf-attacker,8,1.9144391273197323,12682.7,0.0009021355213661754,568911.0,889508.0,680345055.0,355375653.0,20779335.68,1.9144391273197323,0.6395794079423681,0.0009021355213661754,0.21720661122429927,0.8687619659532463,0.0033505878382767756,568911.0,889508.0,355375653.0,680345055.0,8369744.0,9634105.0,377354978.0,81963996.0
50.1,x264,mcf-attacker,8,1.9122901376155303,12622.1,0.0009128714521702038,586386.0,912177.0,682469492.0,356885955.0,20680048.64,1.9122901376155303,0.6428423430978856,0.0009128714521702038,0.21657486111830088,0.8685839691085839,0.003341257342238381,586386.0,912177.0,356885955.0,682469492.0,8337574.0,9599042.0,377542904.0,81766302.0
50.2,x264,mcf-attacker,8,1.9711540878652043,12637.5,0.0009895994650008437,539782.0,892114.0,701799755.0,356034954.0,20705280.0,1.9711540878652043,0.6050594430756607,0.0009895994650008437,0.2172883408009936,0.8687775209273177,0.0033513039832226903,539782.0,892114.0,356034954.0,701799755.0,8373382.0,9638120.0,377386834.0,82001759.0
50.3,x264,mcf-attacker,8,1.9388566356802521,12620.599999999999,0.0009973353182090921,533310.0,888805.0,691095389.0,356444812.0,20677591.04,1.9388566356802521,0.6000303778669112,0.0009973353182090921,0.21751677804644087,0.8681657337361509,0.003369506111559586,533310.0,888805.0,356444812.0,691095389.0,8375523.0,9647378.0,377460363.0,82103962.0
50.4,x264,mcf-attacker,8,1.9220181416096986,12513.899999999998,0.0009290439098256458,567846.0,896425.0,679768515.0,353674349.0,20502773.759999998,1.9220181416096986,0.6334562289092786,0.0009290439098256458,0.21701582967080682,0.8688326664502941,0.003342982173003081,567846.0,896425.0,353674349.0,679768515.0,8354807.0,9616129.0,377304435.0,81881035.0
50.5,x264,mcf-attacker,8,1.9271296088456118,12635.5,0.0009331722729490665,582956.0,912819.0,681212647.0,353485642.0,20702003.2,1.9271296088456118,0.6386326314417207,0.0009331722729490665,0.21728837797709064,0.8690489963706622,0.0033435471426848727,582956.0,912819.0,353485642.0,681212647.0,8367859.0,9628754.0,377112972.0,81942266.0
50.6,x264,mcf-attacker,8,1.9255042397164173,12660.3,0.0009640459295632874,582934.0,925395.0,684002792.0,355233075.0,20742635.52,1.9255042397164173,0.62992992181717,0.0009640459295632874,0.2175294849779025,0.8686158079241282,0.003359873771386726,582934.0,925395.0,355233075.0,684002792.0,8377710.0,9644897.0,377153157.0,82041932.0
50.7,x264,mcf-attacker,8,1.9936936220753638,12643.699999999999,0.0010963025265995348,527415.0,915717.0,706151087.0,354192379.0,20715438.08,1.9936936220753638,0.5759585111994208,0.0010963025265995348,0.21723181068753905,0.868913366221772,0.0033477685254873035,527415.0,915717.0,354192379.0,706151087.0,8370040.0,9632767.0,377184680.0,81936511.0
50.8,x264,mcf-attacker,8,1.928063109438428,12653.600000000002,0.0008914155691095708,535831.0,851556.0,682888819.0,354183852.0,20731658.240000002,1.928063109438428,0.629237536932392,0.0008914155691095708,0.21729786881711988,0.8684827611912947,0.003358518804067591,535831.0,851556.0,354183852.0,682888819.0,8364737.0,9631437.0,377160312.0,81956132.0
50.9,x264,mcf-attacker,8,1.9318123096863673,8883.0,0.0008996607797300981,589164.0,907117.0,682730128.0,353414317.0,14553907.2,1.9318123096863673,0.6494906390245139,0.0008996607797300981,0.91632288387683,0.8579353741112938,0.0009942225611286415,589164.0,907117.0,353414317.0,682730128.0,2205763.0,2571013.0,367372472.0,336631803.0
51.0,x264,mcf-attacker,8,2.3395597946943614,3293.0,0.0015298144731562043,433985.0,977004.0,830444111.0,354957421.0,5395251.2,2.3395597946943614,0.44419981903861194,0.0015298144731562043,1.013578918248895,0.6898607664736697,2.3863752890152002e-05,433985.0,977004.0,354957421.0,830444111.0,20017.0,29016.0,377099111.0,382219709.0
51.1,x264,mcf-attacker,8,1.8974189049137289,8143.0,0.0006924816143421148,529055.0,774851.0,673487884.0,354949496.0,13341491.2,1.8974189049137289,0.6827828834188766,0.0006924816143421148,0.28136868560181194,0.8618957743677693,0.0032739002217880265,529055.0,774851.0,354949496.0,673487884.0,7705256.0,8939893.0,377115036.0,106108362.0
51.2,x264,mcf-attacker,8,1.9044119625804659,12647.5,0.0008348173976862828,564675.0,860682.0,675260570.0,354576942.0,20721664.0,1.9044119625804659,0.656078551660195,0.0008348173976862828,0.21846643221106185,0.8674801604673479,0.0033995031178459807,564675.0,860682.0,354576942.0,675260570.0,8391997.0,9673993.0,377112759.0,82386479.0
51.3,x264,mcf-attacker,8,1.9116794363043994,12720.2,0.0009115313616163528,580760.0,904332.0,678600830.0,354976267.0,20840775.68,1.9116794363043994,0.6421977769226346,0.0009115313616163528,0.2186377843244151,0.868137703429886,0.003386575793268023,580760.0,904332.0,354976267.0,678600830.0,8408155.0,9685278.0,377113367.0,82451231.0
51.6,x264,mcf-attacker,8,1.9878594433992707,12550.5,0.001011710231361123,533285.0,892213.0,705239892.0,354773520.0,20562739.2,1.9878594433992707,0.5977104121997774,0.001011710231361123,0.2187064076207774,0.8685334517676686,0.003379186974226936,533285.0,892213.0,354773520.0,705239892.0,8418812.0,9693135.0,377109349.0,82476231.0
51.7,x264,mcf-attacker,8,1.9525627778921502,12650.8,0.0009594411727844815,535338.0,875432.0,692126734.0,354470925.0,20727070.72,1.9525627778921502,0.6115129444662749,0.0009594411727844815,0.21861092749074174,0.8682376787861055,0.0033863761860968324,535338.0,875432.0,354470925.0,692126734.0,8415227.0,9692308.0,377123193.0,82443251.0
51.8,x264,mcf-attacker,8,1.918902566754634,12636.300000000001,0.0009155606553918322,562691.0,887599.0,680967221.0,354873266.0,20703313.92,1.918902566754634,0.6339473117928254,0.0009155606553918322,0.21865263590132816,0.8682272621970757,0.003386199530786964,562691.0,887599.0,354873266.0,680967221.0,8413769.0,9690745.0,377111859.0,82456502.0
51.9,x264,mcf-attacker,8,1.919427602790033,12728.5,0.0009226130976298612,566239.0,892380.0,678511978.0,353497041.0,20854374.4,1.919427602790033,0.6345267711064793,0.0009226130976298612,0.21835540206459042,0.868611458717077,0.0033698437215986875,566239.0,892380.0,353497041.0,678511978.0,8400959.0,9671711.0,377095232.0,82340781.0
52.0,x264,mcf-attacker,8,1.9227798365226079,12668.600000000002,0.0009530253819361464,565843.0,904426.0,683109367.0,355271755.0,20756234.240000002,1.9227798365226079,0.6256376972798217,0.0009530253819361464,0.21852887303586818,0.8686916633813571,0.0033720588385193176,565843.0,904426.0,355271755.0,683109367.0,8412867.0,9684526.0,377116492.0,82410842.0
52.1,x264,mcf-attacker,8,1.95595213731762,12642.1,0.00096221429870805,544173.0,885722.0,694287642.0,354961468.0,20712816.64,1.95595213731762,0.614383519885472,0.00096221429870805,0.2185938239613052,0.8683428843611803,0.0033805347556190198,544173.0,885722.0,354961468.0,694287642.0,8407776.0,9682553.0,377093298.0,82430266.0
52.2,x264,mcf-attacker,8,1.8904124228372623,12695.2,0.0008923197506709898,544791.0,861591.0,671152527.0,355029685.0,20799815.68,1.8904124228372623,0.6323081369234358,0.0008923197506709898,0.21852548062838237,0.8684814792247372,0.0033769173793360184,544791.0,861591.0,355029685.0,671152527.0,8409428.0,9682910.0,377113757.0,82408965.0
52.3,x264,mcf-attacker,8,1.970124574579013,12694.6,0.0010610868140818026,516985.0,893458.0,698999082.0,354799433.0,20798832.64,1.970124574579013,0.5786338025962049,0.0010610868140818026,0.2185511566551342,0.8683556043007288,0.0033801785884630016,516985.0,893458.0,354799433.0,698999082.0,8408296.0,9683010.0,377114394.0,82418787.0
52.4,x264,mcf-attacker,8,1.8999611021148537,12152.1,0.0008431448225990008,590772.0,888880.0,671763129.0,353566780.0,19910000.64,1.8999611021148537,0.6646251462514625,0.0008431448225990008,0.21932472923633436,0.8658822688625988,0.0034536504653523868,590772.0,888880.0,353566780.0,671763129.0,8408413.0,9710804.0,377105620.0,82708588.0
52.5,x264,mcf-attacker,8,1.9219509196209426,12159.9,0.0010314796878472471,509153.0,874597.0,680929969.0,354291029.0,19922780.16,1.9219509196209426,0.5821572678616551,0.0010314796878472471,0.22048731308530767,0.8622780568965496,0.0035673150429271945,509153.0,874597.0,354291029.0,680929969.0,8422770.0,9768044.0,377111072.0,83148207.0
52.6,x264,mcf-attacker,8,1.9543899519839978,12053.600000000002,0.0012266972996301825,500107.0,934464.0,692023172.0,354086538.0,19748618.240000002,1.9543899519839978,0.535180595507157,0.0012266972996301825,0.22040963735279792,0.8623409659831849,0.0035649832835376013,500107.0,934464.0,354086538.0,692023172.0,8422022.0,9766464.0,377124349.0,83121841.0
52.7,x264,mcf-attacker,8,0.9814531112479947,13838.899999999998,0.0006281524048464323,360095.0,580792.0,344826758.0,351343079.0,22673653.759999998,0.9814531112479947,0.6200068182757338,0.0006281524048464323,0.21728010940980047,0.8717422786440748,0.0032739629633025966,360095.0,580792.0,351343079.0,344826758.0,8391304.0,9625900.0,377095286.0,81935305.0
52.8,x264,mcf-attacker,8,1.9067084802767058,11934.2,0.0013390609660714529,296245.0,772091.0,677564074.0,355357980.0,19552993.28,1.9067084802767058,0.3836918187104888,0.0013390609660714529,0.2184211274691335,0.8727195929623099,0.0032658930155861675,296245.0,772091.0,355357980.0,677564074.0,8444399.0,9675959.0,377097472.0,82366055.0
52.9,x264,mcf-attacker,8,2.1729447348163076,11963.600000000002,0.0013644434137148563,263041.0,747280.0,771174953.0,354898558.0,19601162.240000002,2.1729447348163076,0.35199791242907613,0.0013644434137148563,0.21963783866362094,0.8703855073575527,0.0033423938819754223,263041.0,747280.0,354898558.0,771174953.0,8464298.0,9724769.0,377116236.0,82828995.0
53.0,x264,mcf-attacker,8,1.9011509739176145,12532.9,0.001159740248854031,477695.0,889714.0,675418762.0,355268346.0,20533903.36,1.9011509739176145,0.5369084896944412,0.001159740248854031,0.21851198554893125,0.8710960662657179,0.003309526127195274,477695.0,889714.0,355268346.0,675418762.0,8433838.0,9681869.0,377102628.0,82401444.0
53.1,x264,mcf-attacker,8,1.971468370379717,12535.699999999999,0.0010231265687732027,528246.0,891442.0,699844426.0,354986383.0,20538490.88,1.971468370379717,0.5925747272396859,0.0010231265687732027,0.2186643854483257,0.8694493218587646,0.0033537585004886662,528246.0,891442.0,354986383.0,699844426.0,8422799.0,9687510.0,377102585.0,82458905.0
53.2,x264,mcf-attacker,8,1.9711556490737625,12663.600000000002,0.0009939432941688895,528463.0,881245.0,699625659.0,354931717.0,20748042.240000002,1.9711556490737625,0.5996777286679641,0.0009939432941688895,0.21861648425639726,0.868193040052799,0.003384162314151185,528463.0,881245.0,354931717.0,699625659.0,8411108.0,9688062.0,377332374.0,82491077.0
53.3,x264,mcf-attacker,8,1.924752426461367,12618.199999999999,0.00088537407759376,547643.0,862413.0,684291913.0,355522042.0,20673658.88,1.924752426461367,0.6350124592277714,0.00088537407759376,0.21851401884052124,0.8677067872315603,0.003396731729288801,547643.0,862413.0,355522042.0,684291913.0,8396704.0,9676891.0,376887874.0,82355284.0
53.4,x264,mcf-attacker,8,1.9294237135909085,12691.5,0.0009032088340918599,561123.0,880923.0,683152866.0,354070939.0,20793753.6,1.9294237135909085,0.6369716762986095,0.0009032088340918599,0.21846158634805687,0.8686281698053195,0.003373415315425444,561123.0,880923.0,354070939.0,683152866.0,8411413.0,9683560.0,377109511.0,82383942.0
53.7,x264,mcf-attacker,8,1.8937819727223708,12770.9,0.0009118833402734569,590203.0,913445.0,671302836.0,354477361.0,20923842.56,1.8937819727223708,0.646128666750598,0.0009118833402734569,0.2180120641418519,0.8692220390619386,0.0033495683112445317,590203.0,913445.0,354477361.0,671302836.0,8395654.0,9658814.0,377111282.0,82214809.0
53.8,x264,mcf-attacker,8,1.9646092980199625,12668.999999999998,0.0010000849290473662,547727.0,903513.0,698921125.0,355755786.0,20756889.599999998,1.9646092980199625,0.6062192796340506,0.0010000849290473662,0.2178840668909975,0.8694876178172837,0.003338030715346299,547727.0,903513.0,355755786.0,698921125.0,8394343.0,9654356.0,377471961.0,82245126.0
53.9,x264,mcf-attacker,8,1.9461496453561955,12639.2,0.0009696871494260182,538458.0,883665.0,692826012.0,355998324.0,20708065.28,1.9461496453561955,0.6093463020488533,0.0009696871494260182,0.21794323311031313,0.8679958782510885,0.0033803998906048642,538458.0,883665.0,355998324.0,692826012.0,8386505.0,9661918.0,377296486.0,82229216.0
54.0,x264,mcf-attacker,8,1.9006589145810369,12545.1,0.0008982987946940917,558232.0,878476.0,677585918.0,356500534.0,20553891.84,1.9006589145810369,0.6354550380431565,0.0008982987946940917,0.2179235343165184,0.8681699905192437,0.0033748010447343514,558232.0,878476.0,356500534.0,677585918.0,8389809.0,9663786.0,377496920.0,82265463.0
54.1,x264,mcf-attacker,8,1.9253509240441795,12544.6,0.0009226451575869679,568115.0,894630.0,681362658.0,353890114.0,20553072.64,1.9253509240441795,0.6350278886243474,0.0009226451575869679,0.21822323430038365,0.8683478254752447,0.0033745668520392983,568115.0,894630.0,353890114.0,681362658.0,8393787.0,9666388.0,377115362.0,82295334.0
54.2,x264,mcf-attacker,8,1.9218834575042008,12660.5,0.0009038894647480092,590351.0,911094.0,681975717.0,354847592.0,20742963.2,1.9218834575042008,0.6479583884868082,0.0009038894647480092,0.21855987562894627,0.8680520316987538,0.0033875835278867304,590351.0,911094.0,354847592.0,681975717.0,8404498.0,9682021.0,377119262.0,82423139.0
54.3,x264,mcf-attacker,8,1.9129891873386815,12556.300000000001,0.0008930750516751515,557820.0,874684.0,678730645.0,354801088.0,20572241.92,1.9129891873386815,0.6377388862720709,0.0008930750516751515,0.21837260153109012,0.8679607715513059,0.0033845977139237418,557820.0,874684.0,354801088.0,678730645.0,8390457.0,9666862.0,377121628.0,82353031.0
54.4,x264,mcf-attacker,8,1.9670163744919715,12741.0,0.0010446017550322512,529414.0,900222.0,698242564.0,354975471.0,20874854.4,1.9670163744919715,0.5880927149081004,0.0010446017550322512,0.21863324858672833,0.8685537395864983,0.003375440690218078,529414.0,900222.0,354975471.0,698242564.0,8410086.0,9682862.0,377069579.0,82439947.0
54.5,x264,mcf-attacker,8,1.9058242065002706,12549.1,0.0008895035777363629,526785.0,841236.0,673733465.0,353512912.0,20560445.44,1.9058242065002706,0.6262035861518052,0.0008895035777363629,0.2179720882080642,0.8680946581581612,0.0033761055485503374,526785.0,841236.0,353512912.0,673733465.0,8382513.0,9656220.0,377271084.0,82234566.0
54.6,x264,mcf-attacker,8,1.9283959554398418,12660.1,0.0008704543704026442,557014.0,866996.0,686731040.0,356115163.0,20742307.84,1.9283959554398418,0.6424643250949255,0.0008704543704026442,0.21752067706684597,0.8676562129406703,0.003378247098201408,557014.0,866996.0,356115163.0,686731040.0,8359039.0,9634045.0,377416442.0,82095880.0
54.7,x264,mcf-attacker,8,1.8680006878537652,12660.3,0.0009029677055245387,545326.0,864908.0,661130395.0,353924064.0,20742635.52,1.8680006878537652,0.6305017412256564,0.0009029677055245387,0.21793690753951733,0.8677997037758688,0.003383822970801231,545326.0,864908.0,353924064.0,661130395.0,8380235.0,9656877.0,377278011.0,82222803.0
54.8,x264,mcf-attacker,8,1.91397739497799,12560.2,0.0009128041631292738,587351.0,912389.0,681543106.0,356087333.0,20578631.68,1.91397739497799,0.6437506370637962,0.0009128041631292738,0.21801151729702326,0.8680635526852456,0.0033797387134876997,587351.0,912389.0,356087333.0,681543106.0,8389770.0,9664926.0,377294255.0,82254493.0
54.9,x264,mcf-attacker,8,1.9288951065393896,12626.199999999999,0.0008985427839020122,584321.0,903395.0,684953781.0,355101622.0,20686766.08,1.9288951065393896,0.6468056608681695,0.0008985427839020122,0.21788974424277693,0.8688013867697757,0.0033587689952710572,584321.0,903395.0,355101622.0,684953781.0,8390995.0,9658128.0,377261134.0,82201332.0
55.0,x264,mcf-attacker,8,2.0422192665511676,8855.5,0.0010603589075846057,534578.0,908544.0,720247234.0,352678699.0,14508851.2,2.0422192665511676,0.5883897752888138,0.0010603589075846057,1.0215303709705401,0.8473046076992452,0.0005305597466425821,534578.0,908544.0,352678699.0,720247234.0,1084172.0,1279554.0,368256358.0,376185054.0
55.1,x264,mcf-attacker,8,1.9570583950629212,3795.7999999999997,0.0008473533184335621,558186.0,858584.0,693803181.0,354513275.0,6219038.72,1.9570583950629212,0.6501239249741435,0.0008473533184335621,0.9670249916498258,0.8638692631087236,0.00019779062065285787,558186.0,858584.0,354513275.0,693803181.0,473428.0,548032.0,377186743.0,364749007.0
55.2,x264,mcf-attacker,8,1.9004252191263435,8451.1,0.0008837178272495609,575627.0,889234.0,674408316.0,354872325.0,13846282.24,1.9004252191263435,0.6473290494965329,0.0008837178272495609,0.21872093248568036,0.865886388687948,0.0034449135093282683,575627.0,889234.0,354872325.0,674408316.0,8387302.0,9686377.0,377099453.0,82479544.0
55.3,x264,mcf-attacker,8,1.9355130544984744,12638.400000000001,0.000871444411981897,588067.0,898164.0,688737897.0,355842548.0,20706754.560000002,1.9355130544984744,0.6547434544248044,0.000871444411981897,0.21764979493775757,0.8679442766390277,0.0033752803801678872,588067.0,898164.0,355842548.0,688737897.0,8367961.0,9641127.0,377203034.0,82098163.0
55.4,x264,mcf-attacker,8,1.885915296896026,12636.0,0.0008928275183834574,574302.0,891587.0,670199588.0,355370991.0,20702822.4,1.885915296896026,0.6441345600597587,0.0008928275183834574,0.21796819795288416,0.8684768317087515,0.0033683418019627284,574302.0,891587.0,355370991.0,670199588.0,8389329.0,9659819.0,377185593.0,82214464.0
55.5,x264,mcf-attacker,8,1.9580681900737609,12583.099999999999,0.0009182549042255542,543035.0,868732.0,694509697.0,354691272.0,20616151.04,1.9580681900737609,0.6250892104814834,0.0009182549042255542,0.21854654092117656,0.8681368004287529,0.003384327444714639,543035.0,868732.0,354691272.0,694509697.0,8402091.0,9678303.0,377094717.0,82412746.0
55.8,x264,mcf-attacker,8,1.9377992937852568,12573.4,0.0008607239905002062,536659.0,841766.0,686905600.0,354477165.0,20600258.56,1.9377992937852568,0.6375394111902832,0.0008607239905002062,0.21851532786166503,0.8674948539564832,0.0034016470372679247,536659.0,841766.0,354477165.0,686905600.0,8398412.0,9681224.0,377114964.0,82405400.0
55.9,x264,mcf-attacker,8,1.924826187935478,12553.099999999999,0.0008948570122677051,582880.0,900066.0,682263100.0,354454394.0,20566999.04,1.924826187935478,0.647596954001151,0.0008948570122677051,0.21833710425357894,0.8677397089138329,0.0033926588132669497,582880.0,900066.0,354454394.0,682263100.0,8394074.0,9673493.0,377113960.0,82337970.0
56.0,x264,mcf-attacker,8,2.2868600099566683,11869.5,0.001511858905620186,450990.0,987509.0,811546528.0,354873724.0,19446988.8,2.2868600099566683,0.45669457189757257,0.001511858905620186,0.2193826040915345,0.8700077875244105,0.003351844659781202,450990.0,987509.0,354873724.0,811546528.0,8459298.0,9723244.0,377089671.0,82726914.0
56.1,x264,mcf-attacker,8,1.9064919586629103,12717.9,0.0006057637012896798,521451.0,736167.0,675765693.0,354455045.0,20837007.36,1.9064919586629103,0.7083324843411889,0.0006057637012896798,0.21816939156176512,0.8697905546927399,0.0033364645070421564,521451.0,736167.0,354455045.0,675765693.0,8404620.0,9662809.0,377102468.0,82272216.0
56.2,x264,mcf-attacker,8,1.9487952977112013,12736.099999999999,0.0009243243886713924,537378.0,865436.0,691659655.0,354916525.0,20866826.24,1.9487952977112013,0.6209332636959868,0.0009243243886713924,0.2187058627854328,0.8665988979072797,0.003424804364008269,537378.0,865436.0,354916525.0,691659655.0,8390362.0,9681944.0,377125775.0,82479618.0
56.3,x264,mcf-attacker,8,1.8777494005011977,12662.2,0.000861862093033224,546537.0,851704.0,664871046.0,354078689.0,20745748.48,1.8777494005011977,0.641698289546603,0.000861862093033224,0.21846870394225126,0.8668409737910271,0.003418531848360595,546537.0,851704.0,354078689.0,664871046.0,8392216.0,9681379.0,377110133.0,82386762.0
56.4,x264,mcf-attacker,8,1.9125197200058068,12654.0,0.0008824795210156049,573839.0,887099.0,678900658.0,354977076.0,20732313.6,1.9125197200058068,0.6468714314862265,0.0008824795210156049,0.21837157970998894,0.8678778975303153,0.0033908633519199637,573839.0,887099.0,354977076.0,678900658.0,8399495.0,9678199.0,377102781.0,82348530.0
56.5,x264,mcf-attacker,8,1.8942915511223348,12580.2,0.00090636213164858,565514.0,885576.0,668927707.0,353128169.0,20611399.68,1.8942915511223348,0.6385832497718998,0.00090636213164858,0.21812222011838844,0.8683544041826089,0.0033735471538892557,565514.0,885576.0,353128169.0,668927707.0,8391625.0,9663825.0,377110484.0,82256176.0
56.6,x264,mcf-attacker,8,1.93154613180302,12551.399999999998,0.0008903721620021187,574598.0,890656.0,685646557.0,354972913.0,20564213.759999998,1.93154613180302,0.6451402112600151,0.0008903721620021187,0.21850659535431152,0.8682585435461255,0.0033805404416550363,574598.0,890656.0,354972913.0,685646557.0,8401742.0,9676544.0,377100059.0,82398850.0
56.7,x264,mcf-attacker,8,1.90053416004354,12555.2,0.0009401422458668845,525079.0,858186.0,673388772.0,354315532.0,20570439.68,1.90053416004354,0.6118475482005067,0.0009401422458668845,0.21864822073667342,0.8681939830076625,0.003387612389641606,525079.0,858186.0,354315532.0,673388772.0,8414754.0,9692251.0,377108374.0,82454075.0
56.8,x264,mcf-attacker,8,1.9533568559784575,12671.900000000001,0.0009708647447980406,533087.0,878050.0,694057380.0,355315199.0,20761640.96,1.9533568559784575,0.6071260178805307,0.0009708647447980406,0.2185434016691877,0.8673868887348508,0.0034032025803910296,533087.0,878050.0,355315199.0,694057380.0,8398935.0,9683032.0,377320177.0,82460835.0
56.9,x264,mcf-attacker,8,1.8778510605244985,12558.5,0.0008523075547947422,527206.0,829612.0,666277595.0,354808541.0,20575846.4,1.8778510605244985,0.6354850219138585,0.0008523075547947422,0.21859432758081793,0.8675918044006307,0.003402136523653281,527206.0,829612.0,354808541.0,666277595.0,8402290.0,9684612.0,376916679.0,82391848.0
57.0,x264,mcf-attacker,8,1.9250002717654582,12691.399999999998,0.0009184626689032214,570701.0,895651.0,681060711.0,353797722.0,20793589.759999998,1.9250002717654582,0.6371912720468129,0.0009184626689032214,0.21816070974444626,0.8683641132207148,0.0033742529092047335,570701.0,895651.0,353797722.0,681060711.0,8393888.0,9666323.0,377101253.0,82268677.0
57.1,x264,mcf-attacker,8,1.9280685980385992,12608.199999999999,0.0009392715878032113,568295.0,900999.0,682950643.0,354214909.0,20657274.88,1.9280685980385992,0.6307387688554593,0.0009392715878032113,0.2183015489958612,0.8684758097686907,0.003374769855498992,568295.0,900999.0,354214909.0,682950643.0,8403563.0,9676220.0,377109271.0,82323538.0
57.2,x264,mcf-attacker,8,1.9192700145510857,12636.099999999999,0.0008910431907266285,570889.0,886307.0,679397268.0,353987330.0,20702986.24,1.9192700145510857,0.6441210551197272,0.0008910431907266285,0.21826559612478477,0.8681570740706314,0.0033814384976429807,570889.0,886307.0,353987330.0,679397268.0,8396415.0,9671539.0,377095133.0,82306894.0
57.3,x264,mcf-attacker,8,1.9883229193854184,12689.6,0.0010332993206758827,549311.0,914976.0,703629709.0,353881003.0,20790640.64,1.9883229193854184,0.6003556377435036,0.0010332993206758827,0.2184520805453159,0.8684292798703602,0.003378108020953002,549311.0,914976.0,353881003.0,703629709.0,8408319.0,9682215.0,377103394.0,82379021.0
57.4,x264,mcf-attacker,8,1.9467514275912903,12659.400000000001,0.0009735728742078135,529795.0,875305.0,690880060.0,354888688.0,20741160.96,1.9467514275912903,0.6052690205128498,0.0009735728742078135,0.21860249464921552,0.8678209512205117,0.0033955262031709664,529795.0,875305.0,354888688.0,690880060.0,8407117.0,9687617.0,377113862.0,82438031.0
57.5,x264,mcf-attacker,8,1.885805386727283,12528.0,0.0008962724201838729,547193.0,864864.0,668396873.0,354435764.0,20525875.2,1.885805386727283,0.632692538942539,0.0008962724201838729,0.21825174662082686,0.8683768668976402,0.0033727525838392123,547193.0,864864.0,354435764.0,668396873.0,8391262.0,9663157.0,377108895.0,82304675.0
57.6,x264,mcf-attacker,8,1.9229152990175369,12598.4,0.0009393154727969945,581153.0,914804.0,683032092.0,355206541.0,20641218.56,1.9229152990175369,0.6352759716835519,0.0009393154727969945,0.2184537793946373,0.8686163045905111,0.0033717263051806887,581153.0,914804.0,355206541.0,683032092.0,8407213.0,9678857.0,377149236.0,82389676.0
57.9,x264,mcf-attacker,8,1.9985047917243706,12578.0,0.0010039782252016089,535209.0,891671.0,709568193.0,355049533.0,20607795.2,1.9985047917243706,0.6002314755105863,0.0010039782252016089,0.21863937386726637,0.8683351921544984,0.003383284125560132,535209.0,891671.0,355049533.0,709568193.0,8414023.0,9689833.0,377092184.0,82447199.0
58.0,x264,mcf-attacker,8,1.8744918439220266,12775.4,0.000901323136570065,516049.0,835238.0,663820946.0,354133814.0,20931215.36,1.8744918439220266,0.6178466496974515,0.000901323136570065,0.21843139457863645,0.8677565559710075,0.003394892222347043,516049.0,835238.0,354133814.0,663820946.0,8401002.0,9681289.0,377121545.0,82375185.0
58.1,x264,mcf-attacker,8,1.9165466592684002,12647.7,0.0009107901955142609,570466.0,893695.0,680160440.0,354888537.0,20721991.68,1.9165466592684002,0.6383229177739609,0.0009107901955142609,0.21838107827314823,0.8680775846809655,0.0033843235504960245,570466.0,893695.0,354888537.0,680160440.0,8400846.0,9677529.0,377234322.0,82380838.0
58.2,x264,mcf-attacker,8,1.928770602916898,12556.900000000001,0.0009373352723472732,566426.0,898521.0,683357484.0,354296920.0,20573224.96,1.928770602916898,0.6303981765590342,0.0009373352723472732,0.21860483816252152,0.8681409830253984,0.0033860906242685063,566426.0,898521.0,354296920.0,683357484.0,8404518.0,9681052.0,376993454.0,82412593.0
58.3,x264,mcf-attacker,8,1.920785738879575,12537.0,0.0009032988577014655,574980.0,894687.0,679828875.0,353932696.0,20540620.8,1.920785738879575,0.6426605058528848,0.0009032988577014655,0.2181357564354475,0.8681939135949048,0.0033791412898877653,574980.0,894687.0,353932696.0,679828875.0,8393875.0,9668203.0,377115927.0,82262468.0
58.4,x264,mcf-attacker,8,1.9763845590791675,12686.0,0.0010193766280594515,544705.0,905789.0,700075735.0,354220403.0,20784742.4,1.9763845590791675,0.6013596985611439,0.0010193766280594515,0.21846197668927259,0.8683363315177556,0.0033797321583128133,544705.0,905789.0,354220403.0,700075735.0,8405276.0,9679747.0,377092308.0,82380331.0
58.5,x264,mcf-attacker,8,1.8849696857926386,12542.6,0.0009535918393378334,518784.0,856370.0,667307909.0,354015194.0,20549795.84,1.8849696857926386,0.605794224459054,0.0009535918393378334,0.21838567179977567,0.8684469003066543,0.003374775911189311,518784.0,856370.0,354015194.0,667307909.0,8401430.0,9674086.0,377108298.0,82355049.0
58.6,x264,mcf-attacker,8,1.934219349820655,12720.9,0.0008770518716995333,536410.0,846403.0,683647659.0,353448878.0,20841922.56,1.934219349820655,0.6337524796107764,0.0008770518716995333,0.21825887456395623,0.8678780635447871,0.0033857359211577303,536410.0,846403.0,353448878.0,683647659.0,8387217.0,9664050.0,377121261.0,82310062.0
58.8,x264,mcf-attacker,8,1.8611667711326985,12645.1,0.0008987836533312967,564187.0,882533.0,659218706.0,354196473.0,20717731.84,1.8611667711326985,0.6392814772932004,0.0008987836533312967,0.21820103593125678,0.8680975090325449,0.003378074177570817,564187.0,882533.0,354196473.0,659218706.0,8383959.0,9657854.0,377106876.0,82285111.0
58.9,x264,mcf-attacker,8,1.920638706023821,12685.0,0.0008908902705961219,571771.0,887700.0,681100115.0,354621675.0,20783104.0,1.920638706023821,0.6441038639179903,0.0008908902705961219,0.2184833902917219,0.8682281679780481,0.0033823608550308643,571771.0,887700.0,354621675.0,681100115.0,8403893.0,9679360.0,377093709.0,82388712.0
59.0,x264,mcf-attacker,8,2.1646204315053574,12606.900000000001,0.0012692218005468188,457909.0,907242.0,766324209.0,354022441.0,20655144.96,2.1646204315053574,0.504726412577901,0.0012692218005468188,0.21879895526324983,0.8691558246257034,0.0033627065730435493,457909.0,907242.0,354022441.0,766324209.0,8423840.0,9691979.0,377118542.0,82513143.0
59.1,x264,mcf-attacker,8,2.1186993269839474,8312.5,0.0009593990599702218,435832.0,774928.0,748846332.0,353446250.0,13619200.0,2.1186993269839474,0.5624161212396507,0.0009593990599702218,1.1166506569431667,0.7105,0.0001584967911616016,435832.0,774928.0,353446250.0,748846332.0,143521.0,202000.0,368960151.0,411999595.0
59.2,x264,mcf-attacker,8,1.92507055114098,3794.9,0.0009037260371159181,617924.0,938641.0,683174797.0,354882992.0,6217564.16,1.92507055114098,0.6583177167841592,0.0009037260371159181,0.8757665541695698,0.8576117441334737,0.0006372231348986251,617924.0,938641.0,354882992.0,683174797.0,1447291.0,1687583.0,377092398.0,330244910.0
59.3,x264,mcf-attacker,8,1.9305551854397547,8296.699999999999,0.0008910065269013841,569480.0,885247.0,684176379.0,354393588.0,13593313.28,1.9305551854397547,0.6433006833121151,0.0008910065269013841,0.217851426109315,0.8673266951558338,0.003398174444921507,569480.0,885247.0,354393588.0,684176379.0,8377401.0,9658876.0,377106891.0,82153274.0
59.4,x264,mcf-attacker,8,1.996802114543194,12678.899999999998,0.0010475216422211153,534122.0,906053.0,708980681.0,355058058.0,20773109.759999998,1.996802114543194,0.5895041460047039,0.0010475216422211153,0.21796967456797106,0.8680770434688427,0.0033783974150107796,534122.0,906053.0,355058058.0,708980681.0,8383507.0,9657561.0,377117859.0,82200257.0
59.5,x264,mcf-attacker,8,1.8935640367511224,12664.400000000001,0.000880277013561786,545251.0,856760.0,670087064.0,353876104.0,20749352.96,1.8935640367511224,0.6364104299920631,0.000880277013561786,0.21794300871727698,0.8677296478774281,0.003389582516733365,545251.0,856760.0,353876104.0,670087064.0,8385807.0,9664078.0,377117534.0,82190130.0
59.6,x264,mcf-attacker,8,1.871069841511526,12526.199999999999,0.0009063904061842844,558521.0,879761.0,663138612.0,354416814.0,20522926.08,1.871069841511526,0.6348553754940263,0.0009063904061842844,0.21764479740923873,0.8683202340006558,0.0033701385835459294,558521.0,879761.0,354416814.0,663138612.0,8380380.0,9651255.0,377098736.0,82073578.0
59.7,x264,mcf-attacker,8,1.9075707333066936,12605.5,0.0009183060019446144,558753.0,883792.0,675194197.0,353954999.0,20652851.2,1.9075707333066936,0.6322222875970817,0.0009183060019446144,0.21773411885418426,0.8683742028244464,0.003368024109652449,558753.0,883792.0,353954999.0,675194197.0,8379409.0,9649537.0,377113690.0,82110517.0
60.0,x264,mcf-attacker,8,1.9184794502297524,16023.099999999999,0.0009466199826181784,403360.0,652680.0,505287555.0,263379185.5,26252247.04,1.9184794502297524,0.6180057608629037,0.0009466199826181784,0.2179332961661263,0.8681262269014259,0.003377438629333686,403360.0,652680.0,263379185.5,505287555.0,5989853.5,6899749.5,269404155.0,58712135.5
