time_step,victim,attacker,run_id,IPC,Total_MB_per_sec,cache_dominance_score,LLC-load-misses,LLC-loads,instructions,cycles,cas_count_total,victim_IPC,victim_miss_rate,victim_cache_dominance,attacker_IPC,attacker_miss_rate,attacker_cache_dominance,victim_LLC-load-misses,victim_LLC-loads,victim_cycles,victim_instructions,attacker_LLC-load-misses,attacker_LLC-loads,attacker_cycles,attacker_instructions
0.1,sysbench,mcf-attacker,1,0.44674713175034947,10807.3,4.062184583713727e-06,1181.0,2678.0,164635664.0,368520920.0,17706680.32,0.44674713175034947,0.44100074682598955,4.062184583713727e-06,0.22309312033140816,0.8489766733181179,0.003947858132609528,1181.0,2678.0,368520920.0,164635664.0,8173500.0,9627473.0,368294136.0,82163888.0
0.2,sysbench,mcf-attacker,1,0.44696666396443724,10528.0,2.9951145308604338e-06,835.0,1965.0,168632059.0,377281065.0,17249075.2,0.44696666396443724,0.42493638676844786,2.9951145308604338e-06,0.22365795112297115,0.8410712219503285,0.004168246734652792,835.0,1965.0,377281065.0,168632059.0,8322917.0,9895615.0,377304440.0,84387138.0
0.3,sysbench,mcf-attacker,1,0.4475932400239746,10546.900000000001,3.4440915984238295e-06,630.0,1929.0,168817699.0,377167669.0,17280040.96,0.4475932400239746,0.3265940902021773,3.4440915984238295e-06,0.2256427322277378,0.8368060621890772,0.00432350093365995,630.0,1929.0,377167669.0,168817699.0,8361726.0,9992430.0,377172117.0,85106147.0
0.4,sysbench,mcf-attacker,1,0.44735693799510773,10543.2,3.5356520830568565e-06,610.0,1944.0,168787579.0,377299567.0,17273978.880000003,0.44735693799510773,0.31378600823045266,3.5356520830568565e-06,0.22609458350672007,0.8338092756373494,0.004410645665927282,610.0,1944.0,377299567.0,168787579.0,8349907.0,10014169.0,377328429.0,85311914.0
0.5,sysbench,mcf-attacker,1,0.44743511005025727,10556.800000000001,3.621990941867323e-06,654.0,2020.0,168745966.0,377140645.0,17296261.12,0.44743511005025727,0.3237623762376238,3.621990941867323e-06,0.22587266133288614,0.8341747009806462,0.004394557689725456,654.0,2020.0,377140645.0,168745966.0,8337441.0,9994838.0,377147626.0,85187338.0
0.6,sysbench,mcf-attacker,1,0.447521879248574,10551.8,3.4091914936154925e-06,600.0,1886.0,168812206.0,377215537.0,17288069.119999997,0.447521879248574,0.3181336161187699,3.4091914936154925e-06,0.22645340265617195,0.8327527303131208,0.004446818439211283,600.0,1886.0,377215537.0,168812206.0,8352345.0,10029802.0,377226330.0,85424186.0
0.7,sysbench,mcf-attacker,1,0.44763677903152554,10550.2,3.579081272107289e-06,1045.0,2395.0,168844909.0,377191770.0,17285447.68,0.44763677903152554,0.4363256784968685,3.579081272107289e-06,0.22628571133163658,0.8340126407471863,0.004408856434768505,1045.0,2395.0,377191770.0,168844909.0,8355996.0,10019028.0,377202575.0,85355553.0
0.8,sysbench,mcf-attacker,1,0.44735515313157426,10558.699999999999,3.694701640412013e-06,731.0,2125.0,168785776.0,377297042.0,17299374.08,0.44735515313157426,0.344,3.694701640412013e-06,0.22628356657039111,0.8331960971260881,0.004429184066120392,731.0,2125.0,377297042.0,168785776.0,8343929.0,10014364.0,377142827.0,85341224.0
0.9,sysbench,mcf-attacker,1,0.4474260677003222,10553.199999999999,3.6170949156334484e-06,598.0,1962.0,168723567.0,377098205.0,17290362.88,0.4474260677003222,0.30479102956167176,3.6170949156334484e-06,0.22686019506309493,0.8311693384301502,0.0044911692547143596,598.0,1962.0,377098205.0,168723567.0,8341672.0,10036068.0,377272800.0,85588181.0
1.0,sysbench,mcf-attacker,1,0.44749675658490473,10563.199999999999,3.5711919217316264e-06,646.0,1993.0,168789061.0,377184993.0,17306746.88,0.44749675658490473,0.3241344706472654,3.5711919217316264e-06,0.22689284565284507,0.8314892282459263,0.004489996379817701,646.0,1993.0,377184993.0,168789061.0,8356727.0,10050313.0,377190950.0,85581928.0
1.1,sysbench,mcf-attacker,1,0.447305734530063,10531.6,3.4366980557236087e-06,696.0,1992.0,168681747.0,377106158.0,17254973.44,0.447305734530063,0.3493975903614458,3.4366980557236087e-06,0.22646611854275872,0.8308444299604539,0.004492586086345773,696.0,1992.0,377106158.0,168681747.0,8321452.0,10015656.0,377111082.0,85402883.0
1.3,sysbench,mcf-attacker,1,0.4474120959682935,10528.0,3.644033999065129e-06,702.0,2077.0,168821595.0,377329081.0,17249075.2,0.4474120959682935,0.33798748194511313,3.644033999065129e-06,0.22645570677515447,0.8319240692753974,0.004468280424973272,702.0,2077.0,377329081.0,168821595.0,8342082.0,10027456.0,377186264.0,85415982.0
1.4,sysbench,mcf-attacker,1,0.4472026072749078,10537.3,3.4261530706225986e-06,674.0,1966.0,168639800.0,377099322.0,17264312.32,0.4472026072749078,0.34282807731434384,3.4261530706225986e-06,0.22634141172029365,0.831751405809398,0.004468089943314039,674.0,1966.0,377099322.0,168639800.0,8333581.0,10019317.0,377283363.0,85394849.0
1.5,sysbench,mcf-attacker,1,0.4471865295312242,10527.4,3.45697414324642e-06,586.0,1890.0,168682556.0,377208491.0,17248092.16,0.4471865295312242,0.3100529100529101,3.45697414324642e-06,0.22630026158038538,0.8309166889139976,0.004487875300002147,586.0,1890.0,377208491.0,168682556.0,8319501.0,10012437.0,377224385.0,85365977.0
1.6,sysbench,mcf-attacker,1,0.44736107484570514,7037.200000000001,3.472219718925563e-06,623.0,1933.0,168780508.0,377280272.0,11529748.48,0.44736107484570514,0.322296947749612,3.472219718925563e-06,0.22647326024714612,0.8297838903251528,0.004524301568777443,623.0,1933.0,377280272.0,168780508.0,8321350.0,10028334.0,377292268.0,85446610.0
1.7,sysbench,mcf-attacker,1,0.4474639440589988,1665.3999999999999,3.824876638511039e-06,927.0,2369.0,168696423.0,377005623.0,2728591.36,0.4474639440589988,0.391304347826087,3.824876638511039e-06,1.0028266202631346,0.8170161280263437,0.0007549835762157273,927.0,2369.0,377005623.0,168696423.0,1244519.0,1523249.0,369186839.0,370230390.0
1.8,sysbench,mcf-attacker,1,0.4473932350610931,6213.9,4.3118266808176606e-06,787.0,2413.0,168713043.0,377102356.0,10180853.76,0.4473932350610931,0.32615002072109406,4.3118266808176606e-06,0.9856152853083053,0.8397765286064076,0.00016016641778217536,787.0,2413.0,377102356.0,168713043.0,316563.0,376961.0,377095279.0,371670871.0
1.9,sysbench,mcf-attacker,1,0.4474802625572263,10549.6,4.049304565751332e-06,676.0,2203.0,168745608.0,377101790.0,17284464.64,0.4474802625572263,0.306854289605084,4.049304565751332e-06,0.22659900144735332,0.8356712097129156,0.004354559003839699,676.0,2203.0,377101790.0,168745608.0,8350005.0,9991974.0,377068952.0,85443448.0
2.0,sysbench,mcf-attacker,1,0.447606364444897,10567.4,3.93249995094319e-06,664.0,2147.0,168798537.0,377113800.0,17313628.16,0.447606364444897,0.30926874708896135,3.93249995094319e-06,0.22746217348277614,0.8302422464408099,0.0045173850832262935,664.0,2147.0,377113800.0,168798537.0,8331779.0,10035359.0,377116400.0,85779716.0
2.1,sysbench,mcf-attacker,1,0.4481543887648068,10574.6,4.213602894879366e-06,939.0,2528.0,169004375.0,377111949.0,17325424.64,0.4481543887648068,0.3714398734177215,4.213602894879366e-06,0.22728085821204236,0.8311462521320094,0.004494004474792946,939.0,2528.0,377111949.0,169004375.0,8342126.0,10036893.0,377117337.0,85711552.0
2.2,sysbench,mcf-attacker,1,0.44803589259291726,10553.600000000002,3.9564893935959776e-06,680.0,2172.0,168955224.0,377101984.0,17291018.240000002,0.44803589259291726,0.31307550644567217,3.9564893935959776e-06,0.227436061191562,0.8298781028836172,0.004535314278286689,680.0,2172.0,377101984.0,168955224.0,8342821.0,10053068.0,377095587.0,85765135.0
2.3,sysbench,mcf-attacker,1,0.44761450305693457,10540.8,3.906086821681671e-06,636.0,2109.0,168797109.0,377103753.0,17270046.72,0.44761450305693457,0.3015647226173542,3.906086821681671e-06,0.22753947866849755,0.8301459685178878,0.004533320294911867,636.0,2109.0,377103753.0,168797109.0,8355117.0,10064636.0,377100864.0,85805334.0
2.4,sysbench,mcf-attacker,1,0.44724530397740797,10546.399999999998,3.9935180799676335e-06,583.0,2089.0,168661169.0,377111101.0,17279221.759999998,0.44724530397740797,0.2790808999521302,3.9935180799676335e-06,0.22749467577151714,0.8292168648067845,0.004558598344076826,583.0,2089.0,377111101.0,168661169.0,8347057.0,10066193.0,377119428.0,85792662.0
2.5,sysbench,mcf-attacker,1,0.4474732865052267,10554.9,4.1234483208739035e-06,629.0,2184.0,168747346.0,377111553.0,17293148.16,0.4474732865052267,0.288003663003663,4.1234483208739035e-06,0.2275448717210813,0.8292603225800687,0.004559843117015368,629.0,2184.0,377111553.0,168747346.0,8351625.0,10071174.0,377107053.0,85808776.0
2.6,sysbench,mcf-attacker,1,0.4480914168456448,10544.499999999998,3.8874714688829775e-06,637.0,2103.0,168979251.0,377108877.0,17276108.799999997,0.4480914168456448,0.30290061816452685,3.8874714688829775e-06,0.22782605634806385,0.8271426329632974,0.004623940456806532,637.0,2103.0,377108877.0,168979251.0,8343865.0,10087577.0,377105202.0,85914391.0
2.8,sysbench,mcf-attacker,1,0.4471492524038112,10552.7,3.898057181253119e-06,648.0,2118.0,168624874.0,377110938.0,17289543.68,0.4471492524038112,0.3059490084985836,3.898057181253119e-06,0.22729438354554252,0.8295796978004281,0.004545735940076492,648.0,2118.0,377110938.0,168624874.0,8344782.0,10059048.0,377115174.0,85716161.0
2.9,sysbench,mcf-attacker,1,0.44805189243368976,10540.599999999999,3.876885332386674e-06,679.0,2141.0,168963436.0,377106846.0,17269719.04,0.44805189243368976,0.3171415226529659,3.876885332386674e-06,0.22730638546329215,0.8300718887533514,0.004535466701627224,679.0,2141.0,377106846.0,168963436.0,8354901.0,10065274.0,377110695.0,85719669.0
3.0,sysbench,mcf-attacker,1,0.4482515640374401,10550.8,4.181204050751544e-06,788.0,2365.0,169064391.0,377164085.0,17286430.72,0.4482515640374401,0.3331923890063425,4.181204050751544e-06,0.2272196057016123,0.8291494190019417,0.004552946575653925,788.0,2365.0,377164085.0,169064391.0,8333479.0,10050636.0,377152899.0,85696533.0
3.1,sysbench,mcf-attacker,1,0.4480971609264709,10548.600000000002,4.216862558674129e-06,653.0,2243.0,168958432.0,377057582.0,17282826.240000002,0.4480971609264709,0.2911279536335265,4.216862558674129e-06,0.2277415682151222,0.8277696422166908,0.004600146306449572,653.0,2243.0,377057582.0,168958432.0,8336478.0,10071012.0,377060616.0,85872376.0
3.2,sysbench,mcf-attacker,1,0.4471318912104948,10545.900000000001,3.9166709455258136e-06,638.0,2115.0,168616106.0,377105971.0,17278402.560000002,0.4471318912104948,0.3016548463356974,3.9166709455258136e-06,0.22769691042284104,0.8277439174051747,0.004606106866678451,638.0,2115.0,377105971.0,168616106.0,8346747.0,10083731.0,377104581.0,85865548.0
3.4,sysbench,mcf-attacker,1,0.4472661407217312,10535.2,3.908702002402314e-06,658.0,2132.0,168667320.0,377107285.0,17260871.68,0.4472661407217312,0.30863039399624764,3.908702002402314e-06,0.22769150224030468,0.8281369557118052,0.004596877610158233,658.0,2132.0,377107285.0,168667320.0,8353174.0,10086706.0,377110758.0,85864915.0
3.5,sysbench,mcf-attacker,1,0.44777260855759704,10552.1,4.179552837195357e-06,983.0,2560.0,168950467.0,377313091.0,17288560.64,0.44777260855759704,0.383984375,4.179552837195357e-06,0.22734674083389914,0.8289171459017552,0.0045668032006124445,983.0,2560.0,377313091.0,168950467.0,8345067.0,10067432.0,377148943.0,85743583.0
3.6,sysbench,mcf-attacker,1,0.44720040974070296,10549.6,3.7139568972169435e-06,638.0,2038.0,168575078.0,376956448.0,17284464.64,0.44720040974070296,0.31305201177625125,3.7139568972169435e-06,0.22741007045018125,0.8293953650340535,0.004554026334737174,638.0,2038.0,376956448.0,168575078.0,8345586.0,10062253.0,376955879.0,85723563.0
3.7,sysbench,mcf-attacker,1,0.4475103295734924,10531.900000000001,3.7204504647172778e-06,728.0,2131.0,168758326.0,377104873.0,17255464.96,0.4475103295734924,0.341623650868137,3.7204504647172778e-06,0.22769761755040077,0.8276462618729958,0.004606160535063931,728.0,2131.0,377104873.0,168758326.0,8341120.0,10078122.0,377104095.0,85865704.0
3.8,sysbench,mcf-attacker,1,0.4473539872319416,10541.900000000001,3.892749242750225e-06,631.0,2099.0,168702275.0,377111370.0,17271848.96,0.4473539872319416,0.3006193425440686,3.892749242750225e-06,0.22733380978677847,0.8279163376528765,0.004591330964621785,631.0,2099.0,377111370.0,168702275.0,8330192.0,10061635.0,377111346.0,85730159.0
3.9,sysbench,mcf-attacker,1,0.44724002519191774,10551.5,3.906023803881839e-06,606.0,2079.0,168658613.0,377109837.0,17287577.6,0.44724002519191774,0.29148629148629146,3.906023803881839e-06,0.2275436551620445,0.8280656511988638,0.004591862877958332,606.0,2079.0,377109837.0,168658613.0,8339686.0,10071286.0,377101853.0,85807134.0
4.0,sysbench,mcf-attacker,1,0.4480133475031056,10543.899999999998,3.929929130251501e-06,628.0,2110.0,168948538.0,377106037.0,17275125.759999998,0.4480133475031056,0.2976303317535545,3.929929130251501e-06,0.22751463746109385,0.8285478504116797,0.004579947035231163,628.0,2110.0,377106037.0,168948538.0,8346366.0,10073487.0,377105016.0,85796911.0
4.1,sysbench,mcf-attacker,1,0.4476055557537284,10549.9,3.961688909030744e-06,766.0,2260.0,168797378.0,377111892.0,17284956.16,0.4476055557537284,0.33893805309734515,3.961688909030744e-06,0.22733488247882327,0.8293031155975918,0.004553241745948661,766.0,2260.0,377111892.0,168797378.0,8342174.0,10059258.0,377112417.0,85730807.0
4.2,sysbench,mcf-attacker,1,0.44749542205345777,10544.7,3.876885291264266e-06,649.0,2111.0,168753589.0,377106850.0,17276436.48,0.44749542205345777,0.3074372335386073,3.876885291264266e-06,0.22747752073038507,0.8288475319707738,0.004573920081754168,649.0,2111.0,377106850.0,168753589.0,8352958.0,10077798.0,377103222.0,85782506.0
4.3,sysbench,mcf-attacker,1,0.4470772040996002,10529.6,3.6255107133218323e-06,510.0,1877.0,168570606.0,377050327.0,17251696.64,0.4470772040996002,0.2717101758124667,3.6255107133218323e-06,0.22770948951842296,0.8275176608632654,0.0046143416964106185,510.0,1877.0,377050327.0,168570606.0,8350796.0,10091381.0,377211987.0,85894749.0
4.4,sysbench,mcf-attacker,1,0.44710157288165575,10543.5,3.906032659810791e-06,613.0,2086.0,168606019.0,377108982.0,17274470.4,0.44710157288165575,0.2938638542665388,3.906032659810791e-06,0.22799158008943937,0.8264609870405938,0.004643110127056211,613.0,2086.0,377108982.0,168606019.0,8338774.0,10089737.0,377109944.0,85977892.0
4.5,sysbench,mcf-attacker,1,0.4476111307888023,10557.3,3.8238687851889736e-06,598.0,2040.0,168796391.0,377104990.0,17297080.32,0.4476111307888023,0.2931372549019608,3.8238687851889736e-06,0.22759414997192426,0.8279224881151096,0.004597771509399432,598.0,2040.0,377104990.0,168796391.0,8342171.0,10076029.0,377108344.0,85827653.0
4.6,sysbench,mcf-attacker,1,0.4474993195574295,10531.300000000001,3.7548608443665367e-06,638.0,2054.0,168756996.0,377111179.0,17254481.92,0.4474993195574295,0.31061343719571566,3.7548608443665367e-06,0.22757493680557517,0.8280895275987957,0.004596522509807875,638.0,2054.0,377111179.0,168756996.0,8349712.0,10083103.0,377109216.0,85820606.0
4.7,sysbench,mcf-attacker,1,0.4475570659733706,10525.7,3.868902921901557e-06,703.0,2162.0,168778016.0,377109488.0,17245306.880000003,0.4475570659733706,0.3251618871415356,3.868902921901557e-06,0.22750998878667372,0.8285407347136539,0.004579302815938996,703.0,2162.0,377109488.0,168778016.0,8344909.0,10071815.0,377111117.0,85796546.0
4.8,sysbench,mcf-attacker,1,0.44814933902481985,10566.6,3.8477060854051905e-06,608.0,2059.0,169000614.0,377107806.0,17312317.44,0.44814933902481985,0.29528897523069453,3.8477060854051905e-06,0.22733380307303147,0.829375722377937,0.004553494848133034,608.0,2059.0,377107806.0,169000614.0,8346824.0,10063984.0,377108146.0,85729429.0
4.9,sysbench,mcf-attacker,1,0.44811003498772906,10556.300000000001,3.951111533989061e-06,634.0,2124.0,168986359.0,377109071.0,17295441.92,0.44811003498772906,0.2984934086629002,3.951111533989061e-06,0.22752836130368653,0.8284604056925695,0.004582146217712259,634.0,2124.0,377109071.0,168986359.0,8345365.0,10073342.0,377110838.0,85803411.0
5.0,sysbench,mcf-attacker,1,0.44716532075788806,10540.3,3.911330690122347e-06,820.0,2295.0,168630295.0,377109510.0,17269227.52,0.44716532075788806,0.3572984749455338,3.911330690122347e-06,0.227707191976399,0.8272413961016905,0.0046192710323928275,820.0,2295.0,377109510.0,168630295.0,8341233.0,10083191.0,377106688.0,85869905.0
5.1,sysbench,mcf-attacker,1,0.4472338254864853,10541.599999999999,3.900786758458747e-06,649.0,2120.0,168653402.0,377103413.0,17271357.439999998,0.4472338254864853,0.30613207547169813,3.900786758458747e-06,0.22740222679851613,0.8287797507286805,0.004570443148635165,649.0,2120.0,377103413.0,168653402.0,8342613.0,10066140.0,377102820.0,85754021.0
5.2,sysbench,mcf-attacker,1,0.4473040310208959,10538.199999999999,4.035939066855726e-06,696.0,2218.0,168683601.0,377111739.0,17265786.88,0.4473040310208959,0.31379621280432823,4.035939066855726e-06,0.22770656218660232,0.8280100342661796,0.00459627808585022,696.0,2218.0,377111739.0,168683601.0,8344575.0,10077867.0,377107731.0,85869905.0
5.3,sysbench,mcf-attacker,1,0.4473102309037737,10552.3,4.035959165756208e-06,737.0,2259.0,168685099.0,377109861.0,17288888.32,0.4473102309037737,0.32625055334218683,4.035959165756208e-06,0.22740177890129631,0.828757866934157,0.004570376296366633,737.0,2259.0,377109861.0,168685099.0,8341375.0,10064912.0,377110524.0,85755604.0
5.5,sysbench,mcf-attacker,1,0.44805868413666444,10542.7,4.006765074125074e-06,630.0,2141.0,168968397.0,377112202.0,17273159.68,0.44805868413666444,0.29425502101821577,4.006765074125074e-06,0.2275855998957183,0.828098503639255,0.004596565290520607,630.0,2141.0,377112202.0,168968397.0,8350489.0,10083932.0,377117019.0,85826403.0
5.6,sysbench,mcf-attacker,1,0.44721254866684185,2536.6,3.92274806776477e-06,737.0,2216.0,168613265.0,377031605.0,4155965.44,0.44721254866684185,0.3325812274368231,3.92274806776477e-06,0.6978289338123389,0.8243121172951322,0.002584155446946896,737.0,2216.0,377031605.0,168613265.0,4493327.0,5451002.0,370594966.0,258611890.0
5.7,sysbench,mcf-attacker,1,0.44805684791754724,1859.6000000000001,4.27196910295562e-06,851.0,2462.0,168966480.0,377109469.0,3046768.64,0.44805684791754724,0.3456539398862713,4.27196910295562e-06,1.007127472826656,0.6373519632383159,2.574069431273453e-05,851.0,2462.0,377109469.0,168966480.0,17060.0,26767.0,377107155.0,379794976.0
5.8,sysbench,mcf-attacker,1,0.4470607958868274,10642.6,4.147438269518189e-06,684.0,2248.0,168586737.0,377100248.0,17436835.84,0.4470607958868274,0.304270462633452,4.147438269518189e-06,0.5036699293178359,0.8361435277112264,0.0028323993803150136,684.0,2248.0,377100248.0,168586737.0,5450277.0,6518351.0,377091595.0,189929697.0
5.9,sysbench,mcf-attacker,1,0.44804631870971917,10627.1,3.823814617733678e-06,659.0,2101.0,168962896.0,377110332.0,17411440.64,0.44804631870971917,0.31366016182770107,3.823814617733678e-06,0.22831764744957242,0.8344856645220194,0.0044197604148511595,659.0,2101.0,377110332.0,168962896.0,8403168.0,10069877.0,377103925.0,86099481.0
6.0,sysbench,mcf-attacker,1,0.44716287658428194,10623.400000000001,3.967040869818048e-06,683.0,2179.0,168628377.0,377107282.0,17405378.560000002,0.44716287658428194,0.31344653510784765,3.967040869818048e-06,0.22898785166625793,0.8300410302291081,0.004554855815558424,683.0,2179.0,377107282.0,168628377.0,8388769.0,10106451.0,377110071.0,86353625.0
6.1,sysbench,mcf-attacker,1,0.4475474715123831,10646.800000000001,4.176477953654994e-06,905.0,2480.0,168775527.0,377112011.0,17443717.12,0.4475474715123831,0.3649193548387097,4.176477953654994e-06,0.2290904929685206,0.8292983631634309,0.004578388411299277,905.0,2480.0,377112011.0,168775527.0,8387896.0,10114449.0,377109333.0,86392163.0
6.2,sysbench,mcf-attacker,1,0.4474914362167677,10628.4,3.871583335661587e-06,668.0,2128.0,168752017.0,377106696.0,17413570.56,0.4474914362167677,0.31390977443609025,3.871583335661587e-06,0.22923796847204836,0.8291516805741227,0.0045869319399373595,668.0,2128.0,377106696.0,168752017.0,8394883.0,10124665.0,377110893.0,86448135.0
6.3,sysbench,mcf-attacker,1,0.44816119607024885,10607.1,3.969683487430108e-06,658.0,2155.0,169005240.0,377108151.0,17378672.64,0.44816119607024885,0.30533642691415314,3.969683487430108e-06,0.2290381415421057,0.8291805265867477,0.004585886758364354,658.0,2155.0,377108151.0,169005240.0,8394554.0,10123916.0,377105256.0,86371487.0
6.4,sysbench,mcf-attacker,1,0.4472807189766228,10611.599999999999,3.882173499218217e-06,653.0,2117.0,168673289.0,377108339.0,17386045.439999998,0.4472807189766228,0.3084553613604157,3.882173499218217e-06,0.22891580281127366,0.8300728114028688,0.004561635915891434,653.0,2117.0,377108339.0,168673289.0,8403057.0,10123277.0,377105940.0,86325509.0
6.5,sysbench,mcf-attacker,1,0.4471120803750821,10631.199999999999,3.895443816518996e-06,653.0,2122.0,168609195.0,377107223.0,17418158.08,0.4471120803750821,0.30772855796418475,3.895443816518996e-06,0.22891409601065751,0.8296509678327412,0.004573432668626995,653.0,2122.0,377107223.0,168609195.0,8399739.0,10124425.0,377109739.0,86325735.0
6.6,sysbench,mcf-attacker,1,0.4481166109651338,10617.1,3.842396377404605e-06,635.0,2084.0,168988544.0,377108413.0,17395056.64,0.4481166109651338,0.30470249520153553,3.842396377404605e-06,0.229142543831049,0.8283864678188749,0.004613992262868836,635.0,2084.0,377108413.0,168988544.0,8398742.0,10138676.0,377099462.0,86409530.0
6.7,sysbench,mcf-attacker,1,0.4481166465637656,10606.399999999998,4.046522868111238e-06,724.0,2250.0,168991014.0,377113895.0,17377525.759999998,0.4481166465637656,0.3217777777777778,4.046522868111238e-06,0.2293041872730886,0.8268864262365445,0.004654367674466743,724.0,2250.0,377113895.0,168991014.0,8384119.0,10139384.0,377122119.0,86475681.0
6.8,sysbench,mcf-attacker,1,0.44727242358157165,10616.599999999999,3.860987448653739e-06,633.0,2089.0,168668937.0,377105603.0,17394237.439999998,0.44727242358157165,0.30301579703207276,3.860987448653739e-06,0.22898174865440707,0.828294288404027,0.004608811414500697,633.0,2089.0,377105603.0,168668937.0,8384042.0,10122057.0,377106990.0,86350618.0
6.9,sysbench,mcf-attacker,1,0.44722104093534903,10617.5,3.911350811653025e-06,642.0,2117.0,168650440.0,377107570.0,17395712.0,0.44722104093534903,0.30325932923948984,3.911350811653025e-06,0.2289053794701367,0.8289408484053951,0.004590812073675772,642.0,2117.0,377107570.0,168650440.0,8389426.0,10120657.0,377107791.0,86322002.0
7.0,sysbench,mcf-attacker,1,0.4477398328575137,10600.9,4.420796915008891e-06,1010.0,2678.0,168935614.0,377307538.0,17368514.56,0.4477398328575137,0.3771471247199403,4.420796915008891e-06,0.2287721090047159,0.8292438596167215,0.004584441871505514,1010.0,2678.0,377307538.0,168935614.0,8396279.0,10125223.0,377132931.0,86277496.0
7.1,sysbench,mcf-attacker,1,0.44711340144596934,10625.599999999999,3.7828877523082673e-06,644.0,2070.0,168544179.0,376960696.0,17408983.04,0.44711340144596934,0.3111111111111111,3.7828877523082673e-06,0.22873368526911061,0.8298237749967675,0.004563212777174041,644.0,2070.0,376960696.0,168544179.0,8387989.0,10108157.0,376964232.0,86224418.0
7.2,sysbench,mcf-attacker,1,0.4470671122632974,10598.5,3.6706519036937005e-06,553.0,1937.0,168564304.0,377044742.0,17364582.4,0.4470671122632974,0.2854930304594734,3.6706519036937005e-06,0.22906584169801558,0.8276936669590995,0.004623225745640351,553.0,1937.0,377044742.0,168564304.0,8376956.0,10120841.0,377200919.0,86403846.0
7.3,sysbench,mcf-attacker,1,0.4472322126953373,10599.6,4.102235102397781e-06,814.0,2361.0,168656407.0,377111492.0,17366384.64,0.4472322126953373,0.3447691656077933,4.102235102397781e-06,0.22915612149564432,0.8269218765946307,0.004654541258012562,814.0,2361.0,377111492.0,168656407.0,8386191.0,10141455.0,377107840.0,86416570.0
7.4,sysbench,mcf-attacker,1,0.44785194052285465,10609.5,3.86091459301854e-06,693.0,2149.0,168890663.0,377112719.0,17382604.8,0.44785194052285465,0.32247557003257327,3.86091459301854e-06,0.22899065389533108,0.8279830879972817,0.004620641024396755,693.0,2149.0,377112719.0,168890663.0,8387342.0,10129847.0,377113260.0,86355412.0
7.6,sysbench,mcf-attacker,1,0.4475265711784519,10671.300000000001,3.908626899343743e-06,631.0,2105.0,168768773.0,377114531.0,17483857.92,0.4475265711784519,0.2997624703087886,3.908626899343743e-06,0.22864836081219328,0.8293683681881984,0.0045775852629120015,631.0,2105.0,377114531.0,168768773.0,8390918.0,10117239.0,377124816.0,86228971.0
7.7,sysbench,mcf-attacker,1,0.4684103666689423,10718.0,4.000213442124708e-05,31609.0,46393.0,173115234.0,369580279.0,17560371.2,0.4684103666689423,0.6813312353156726,4.000213442124708e-05,0.22793871387933323,0.8325540323240032,0.0044799960798503,31609.0,46393.0,369580279.0,173115234.0,8400491.0,10090025.0,377128455.0,85962175.0
7.9,sysbench,mcf-attacker,1,0.4480464312770641,10612.3,3.964377488109273e-06,654.0,2149.0,168962067.0,377108387.0,17387192.32,0.4480464312770641,0.3043275942298744,3.964377488109273e-06,0.22802732312239252,0.8316389048354214,0.004505181386590179,654.0,2149.0,377108387.0,168962067.0,8392079.0,10091013.0,377106681.0,85990627.0
8.0,sysbench,mcf-attacker,1,0.4471280657570022,10616.0,3.9272106019879e-06,677.0,2158.0,168617559.0,377112447.0,17393254.4,0.4471280657570022,0.31371640407784984,3.9272106019879e-06,0.22846641088486988,0.8304365745494473,0.004547042200729604,677.0,2158.0,377112447.0,168617559.0,8398132.0,10112912.0,377119878.0,86159225.0
8.1,sysbench,mcf-attacker,1,0.4475325414443003,10616.3,4.083751192345962e-06,841.0,2381.0,168766431.0,377104267.0,17393745.919999998,0.4475325414443003,0.35321293574128515,4.083751192345962e-06,0.22857144122439998,0.8292863449646504,0.004577519260297199,841.0,2381.0,377104267.0,168766431.0,8385372.0,10111552.0,377099451.0,86194165.0
8.2,sysbench,mcf-attacker,1,0.4474462034433013,10611.900000000001,4.03596006475324e-06,659.0,2181.0,168736338.0,377109777.0,17386536.96,0.4474462034433013,0.30215497478221,4.03596006475324e-06,0.22852354903608493,0.8298197730034054,0.004565142393621435,659.0,2181.0,377109777.0,168736338.0,8394612.0,10116187.0,377113100.0,86179224.0
8.3,sysbench,mcf-attacker,1,0.44815892470615143,10602.0,3.953760403487852e-06,675.0,2166.0,169004919.0,377109346.0,17370316.8,0.44815892470615143,0.31163434903047094,3.953760403487852e-06,0.2287433952690454,0.8289622654456527,0.004593770621718849,675.0,2166.0,377109346.0,169004919.0,8395981.0,10128303.0,377102416.0,86259687.0
8.4,sysbench,mcf-attacker,1,0.44726426924161583,10598.400000000001,3.951120858870998e-06,639.0,2129.0,168667015.0,377108181.0,17364418.560000002,0.44726426924161583,0.3001409112259277,3.951120858870998e-06,0.22879364937232696,0.8281202094639657,0.004614351724171361,639.0,2129.0,377108181.0,168667015.0,8383995.0,10124128.0,377113212.0,86281108.0
8.5,sysbench,mcf-attacker,1,0.44802745772850944,10599.8,3.906115669265532e-06,687.0,2160.0,168951588.0,377100968.0,17366712.32,0.44802745772850944,0.31805555555555554,3.906115669265532e-06,0.22869327776582724,0.8286962922535375,0.004599312581538421,687.0,2160.0,377100968.0,168951588.0,8390632.0,10125099.0,377114399.0,86243528.0
8.6,sysbench,mcf-attacker,1,0.4473116552877161,10607.1,3.929968168769359e-06,636.0,2118.0,168682250.0,377102291.0,17378672.64,0.4473116552877161,0.3002832861189802,3.929968168769359e-06,0.22860661604757224,0.828571810137896,0.0045953571432037705,636.0,2118.0,377102291.0,168682250.0,8375788.0,10108705.0,377101702.0,86207944.0
8.7,sysbench,mcf-attacker,1,0.44728092775174083,10593.199999999999,3.969634739137534e-06,1206.0,2703.0,168675355.0,377112782.0,17355898.88,0.44728092775174083,0.44617092119866814,3.969634739137534e-06,0.22883332248505706,0.8277239442760751,0.004622659746914249,1206.0,2703.0,377112782.0,168675355.0,8375703.0,10118957.0,377110602.0,86295472.0
8.8,sysbench,mcf-attacker,1,0.44722508716419007,10600.599999999999,3.874184980930379e-06,603.0,2064.0,168653757.0,377111575.0,17368023.04,0.44722508716419007,0.2921511627906977,3.874184980930379e-06,0.2286245406243081,0.828474400383141,0.004600323184066202,603.0,2064.0,377111575.0,168653757.0,8379432.0,10114292.0,377116983.0,86218197.0
8.9,sysbench,mcf-attacker,1,0.4474764618139119,10597.7,3.860993694135469e-06,576.0,2032.0,168745608.0,377104993.0,17363271.68,0.4474764618139119,0.28346456692913385,3.860993694135469e-06,0.228506655133885,0.8288920383598706,0.0045859895636939105,576.0,2032.0,377104993.0,168745608.0,8377456.0,10106812.0,377095494.0,86168830.0
9.0,sysbench,mcf-attacker,1,0.44732643695680546,10606.199999999999,3.8794637101493825e-06,595.0,2058.0,168693053.0,377113980.0,17377198.08,0.44732643695680546,0.2891156462585034,3.8794637101493825e-06,0.22874487310884564,0.8285131293797,0.004602115158130871,595.0,2058.0,377113980.0,168693053.0,8385132.0,10120699.0,377123766.0,86265128.0
9.1,sysbench,mcf-attacker,1,0.4475001821171084,10595.0,4.057211981882527e-06,778.0,2308.0,168755116.0,377106251.0,17358848.0,0.4475001821171084,0.33708838821490467,4.057211981882527e-06,0.2284387239891465,0.8286104515792717,0.0045894633732698475,778.0,2308.0,377106251.0,168755116.0,8367368.0,10098072.0,377103783.0,86145107.0
9.2,sysbench,mcf-attacker,1,0.447249175475822,10593.099999999999,3.831817128375837e-06,643.0,2088.0,168660204.0,377105679.0,17355735.04,0.447249175475822,0.3079501915708812,3.831817128375837e-06,0.22882999534430445,0.8279803905207355,0.004619411102244938,643.0,2088.0,377105679.0,168660204.0,8384738.0,10126735.0,377103696.0,86292637.0
9.3,sysbench,mcf-attacker,1,0.44715887511513747,10590.0,3.900729018675357e-06,766.0,2237.0,168627634.0,377108995.0,17350656.0,0.44715887511513747,0.34242288779615554,3.900729018675357e-06,0.2289089197566729,0.8272287743692404,0.004642638731398773,766.0,2237.0,377108995.0,168627634.0,8382784.0,10133574.0,377110971.0,86324065.0
9.4,sysbench,mcf-attacker,1,0.44715970181011155,10603.199999999999,4.192331249260325e-06,763.0,2344.0,168631591.0,377117147.0,17372282.88,0.44715970181011155,0.32551194539249145,4.192331249260325e-06,0.540328756878088,0.8257432102175775,0.003533272720227648,763.0,2344.0,377117147.0,168631591.0,6157852.0,7457345.0,367787347.0,198726080.0
9.5,sysbench,mcf-attacker,1,0.4479397173866872,5100.1,4.449614482802507e-06,695.0,2373.0,168923139.0,377111322.0,8356003.84,0.4479397173866872,0.29287821323219554,4.449614482802507e-06,1.006998853246663,0.5879841028242855,2.5839901195854454e-05,695.0,2373.0,377111322.0,168923139.0,13907.0,23652.0,377129925.0,379769402.0
9.7,sysbench,mcf-attacker,1,0.44734531013727763,8138.400000000001,4.460244836734263e-06,924.0,2606.0,168698096.0,377109343.0,13333954.56,0.44734531013727763,0.3545663852647736,4.460244836734263e-06,0.6613227712802772,0.8355095309426186,0.001961199179929999,924.0,2606.0,377109343.0,168698096.0,3756572.0,4496145.0,377102442.0,249386432.0
9.8,sysbench,mcf-attacker,1,0.4471675179532707,10619.5,3.9909342415090916e-06,709.0,2214.0,168628966.0,377104685.0,17398988.8,0.4471675179532707,0.3202348690153568,3.9909342415090916e-06,0.22810500817922416,0.8316196356610555,0.004491830876861168,709.0,2214.0,377104685.0,168628966.0,8365706.0,10059534.0,377090778.0,86016295.0
9.9,sysbench,mcf-attacker,1,0.447984001540412,10590.699999999999,3.959116817934187e-06,697.0,2190.0,168936696.0,377104306.0,17351802.88,0.447984001540412,0.3182648401826484,3.959116817934187e-06,0.2276725959784381,0.8322634761706889,0.004471170138171255,697.0,2190.0,377104306.0,168936696.0,8602371.0,10336115.0,387760686.0,88282482.0
10.0,sysbench,mcf-attacker,1,0.44732780253643395,10581.300000000001,3.776622797179332e-06,681.0,2105.0,168667835.0,377056454.0,17336401.92,0.44732780253643395,0.3235154394299287,3.776622797179332e-06,0.22743264556247825,0.8326927272196845,0.004457257079328695,681.0,2105.0,377056454.0,168667835.0,8363027.0,10043353.0,376986557.0,85739050.0
10.1,sysbench,mcf-attacker,1,0.44745484020714527,10587.7,3.988570993799006e-06,1104.0,2608.0,168725110.0,377077405.0,17346887.68,0.44745484020714527,0.4233128834355828,3.988570993799006e-06,0.22755631855157057,0.8316065448046481,0.004490753275290381,1104.0,2608.0,377077405.0,168725110.0,8362514.0,10055854.0,377072597.0,85805252.0
10.2,sysbench,mcf-attacker,1,0.44768524536945836,10598.800000000001,3.7555281155052987e-06,674.0,2090.0,168797114.0,377044175.0,17365073.92,0.44768524536945836,0.32248803827751193,3.7555281155052987e-06,0.22771101630073898,0.8318428958017826,0.004489990472697885,674.0,2090.0,377044175.0,168797114.0,8376450.0,10069750.0,377127749.0,85876143.0
10.3,sysbench,mcf-attacker,1,0.44720838065885665,10564.5,3.6325638347857468e-06,705.0,2075.0,168662000.0,377144095.0,17308876.8,0.44720838065885665,0.3397590361445783,3.6325638347857468e-06,0.22793792396414128,0.828320027584275,0.0045889776993995966,705.0,2075.0,377144095.0,168662000.0,8350382.0,10081106.0,377148052.0,85966344.0
10.4,sysbench,mcf-attacker,1,0.4478582635919053,10562.2,3.5850299606946537e-06,660.0,2012.0,168897995.0,377123766.0,17305108.48,0.4478582635919053,0.32803180914512925,3.5850299606946537e-06,0.22812966978646385,0.828115865623064,0.004598487909169205,660.0,2012.0,377123766.0,168897995.0,8353401.0,10087237.0,377044810.0,86015108.0
10.5,sysbench,mcf-attacker,1,0.44736476745594317,10557.7,3.744530092143047e-06,639.0,2051.0,168693811.0,377083363.0,17297735.68,0.44736476745594317,0.31155533885909314,3.744530092143047e-06,0.2278083666760844,0.828864651552484,0.004574258422128974,639.0,2051.0,377083363.0,168693811.0,8359473.0,10085450.0,377323894.0,85957540.0
10.6,sysbench,mcf-attacker,1,0.44729059988410735,10580.0,3.927575195375002e-06,742.0,2224.0,168777079.0,377332050.0,17334272.0,0.44729059988410735,0.33363309352517984,3.927575195375002e-06,0.2275387617656271,0.8304685757101028,0.0045247052442778215,742.0,2224.0,377332050.0,168777079.0,8357134.0,10063155.0,377045776.0,85792529.0
10.7,sysbench,mcf-attacker,1,0.44734075822196334,10566.300000000001,3.673793006342696e-06,749.0,2134.0,168645035.0,376994566.0,17311825.92,0.44734075822196334,0.35098406747891286,3.673793006342696e-06,0.22761064440184778,0.829934733256253,0.004541340368979113,749.0,2134.0,376994566.0,168645035.0,8358891.0,10071745.0,377169263.0,85847739.0
10.8,sysbench,mcf-attacker,1,0.4475152144837676,10591.100000000002,3.874186963680667e-06,683.0,2144.0,168763081.0,377111382.0,17352458.240000002,0.4475152144837676,0.3185634328358209,3.874186963680667e-06,0.22818925703032358,0.829341891085335,0.004569764782125137,683.0,2144.0,377111382.0,168763081.0,8374677.0,10097979.0,377109563.0,86052351.0
10.9,sysbench,mcf-attacker,1,0.4471802598137044,10596.2,4.104915901437066e-06,722.0,2270.0,168635621.0,377108822.0,17360814.080000002,0.4471802598137044,0.3180616740088106,4.104915901437066e-06,0.22822879512341454,0.8289444060635768,0.0045835474905241026,722.0,2270.0,377108822.0,168635621.0,8376368.0,10104861.0,377108125.0,86066933.0
11.0,sysbench,mcf-attacker,1,0.4472108892661961,10590.0,3.961748895434443e-06,683.0,2177.0,168645991.0,377106182.0,17350656.0,0.4472108892661961,0.3137344970142398,3.961748895434443e-06,0.22826928290416024,0.8285190006352607,0.00459190771635172,683.0,2177.0,377106182.0,168645991.0,8366563.0,10098215.0,377109495.0,86082514.0
11.1,sysbench,mcf-attacker,1,0.4480943058023493,10592.5,3.969613697003301e-06,912.0,2409.0,168982986.0,377114781.0,17354752.0,0.4480943058023493,0.37858032378580325,3.969613697003301e-06,0.22809793665705097,0.8292499939320298,0.004570426262756505,912.0,2409.0,377114781.0,168982986.0,8370437.0,10093985.0,377108808.0,86017741.0
11.2,sysbench,mcf-attacker,1,0.4472035074328166,10578.3,3.7973533173966293e-06,702.0,2134.0,168642570.0,377104757.0,17331486.72,0.4472035074328166,0.3289597000937207,3.7973533173966293e-06,0.22825842545790478,0.8290061188838878,0.004580860960760582,702.0,2134.0,377104757.0,168642570.0,8375031.0,10102496.0,377104875.0,86077365.0
11.3,sysbench,mcf-attacker,1,0.4472260960149534,10567.6,3.8159102838601834e-06,684.0,2123.0,168651332.0,377105302.0,17313955.84,0.4472260960149534,0.32218558643429107,3.8159102838601834e-06,0.22811077051333478,0.828615778907842,0.004588123267996561,684.0,2123.0,377105302.0,168651332.0,8365366.0,10095591.0,377109528.0,86022745.0
11.4,sysbench,mcf-attacker,1,0.4474863011650611,10572.4,3.916627313887465e-06,796.0,2273.0,168751636.0,377110172.0,17321820.16,0.4474863011650611,0.3501979762428509,3.916627313887465e-06,0.22805141035106863,0.829015365315795,0.00457422165545992,796.0,2273.0,377110172.0,168751636.0,8363684.0,10088696.0,377115962.0,86001827.0
11.5,sysbench,mcf-attacker,1,0.44811881061937814,10596.599999999999,4.115506451081554e-06,713.0,2265.0,168990233.0,377110331.0,17361469.439999998,0.44811881061937814,0.3147902869757174,4.115506451081554e-06,0.22820758077251574,0.8286837658244983,0.004589278296845386,713.0,2265.0,377110331.0,168990233.0,8371346.0,10101979.0,377103520.0,86057882.0
11.8,sysbench,mcf-attacker,1,0.447509381314137,10590.8,3.911344816659862e-06,742.0,2217.0,168759434.0,377108148.0,17351966.72,0.447509381314137,0.33468651330626975,3.911344816659862e-06,0.22828000149197702,0.8281451146808966,0.004604800543772911,742.0,2217.0,377108148.0,168759434.0,8368042.0,10104560.0,377110362.0,86086754.0
11.9,sysbench,mcf-attacker,1,0.4480125937322104,10605.8,4.001503812333979e-06,681.0,2190.0,168949234.0,377108225.0,17376542.72,0.4480125937322104,0.31095890410958904,4.001503812333979e-06,0.22795928087543954,0.8299158186746769,0.0045549099517044386,681.0,2190.0,377108225.0,168949234.0,8381446.0,10099152.0,377110858.0,85965920.0
12.0,sysbench,mcf-attacker,1,0.44722847550079503,10587.3,3.874235834493759e-06,707.0,2168.0,168652821.0,377106625.0,17346232.32,0.44722847550079503,0.3261070110701107,3.874235834493759e-06,0.22776497786465458,0.8306835884058575,0.004520759388570142,707.0,2168.0,377106625.0,168652821.0,8363908.0,10068705.0,377104122.0,85891112.0
12.1,sysbench,mcf-attacker,1,0.44750450009583564,10581.0,4.03596633633891e-06,939.0,2461.0,168758060.0,377109191.0,17335910.4,0.44750450009583564,0.38155221454693217,4.03596633633891e-06,0.2281004153367482,0.8290882979053112,0.0045770706873292846,939.0,2461.0,377109191.0,168758060.0,8373136.0,10099209.0,377113031.0,86019639.0
12.2,sysbench,mcf-attacker,1,0.44746143283018663,10575.3,3.900743541383658e-06,664.0,2135.0,168741103.0,377107591.0,17326571.52,0.44746143283018663,0.3110070257611241,3.900743541383658e-06,0.2285406393877249,0.8274382630825557,0.004628691734340845,664.0,2135.0,377107591.0,168741103.0,8369519.0,10114977.0,377095322.0,86181606.0
12.3,sysbench,mcf-attacker,1,0.44810845491548373,10573.3,3.913999668795014e-06,703.0,2179.0,168985216.0,377107850.0,17323294.72,0.44810845491548373,0.32262505736576413,3.913999668795014e-06,0.22835247808527548,0.8276814243099756,0.004616595049171115,703.0,2179.0,377107850.0,168985216.0,8362226.0,10103194.0,377110832.0,86114193.0
12.4,sysbench,mcf-attacker,1,0.44730574018814256,10572.0,3.876844580509374e-06,699.0,2161.0,168683830.0,377110810.0,17321164.8,0.44730574018814256,0.3234613604812587,3.876844580509374e-06,0.228263402242253,0.8282701799155316,0.004604120228316674,699.0,2161.0,377110810.0,168683830.0,8374060.0,10110300.0,377105704.0,86079431.0
12.5,sysbench,mcf-attacker,1,0.44720308765964123,10583.599999999999,3.866267596429951e-06,705.0,2163.0,168643811.0,377107886.0,17340170.24,0.44720308765964123,0.3259361997226075,3.866267596429951e-06,0.2281470727314455,0.8282620010805907,0.004600445299521467,705.0,2163.0,377107886.0,168643811.0,8367005.0,10101882.0,377110668.0,86036695.0
12.6,sysbench,mcf-attacker,1,0.4470870075265544,10583.600000000002,3.815886858631127e-06,703.0,2142.0,168599916.0,377107617.0,17340170.240000002,0.4470870075265544,0.32819794584500467,3.815886858631127e-06,0.2280777568827978,0.829585381984662,0.004563634293703695,703.0,2142.0,377107617.0,168599916.0,8377748.0,10098717.0,377104932.0,86009247.0
12.7,sysbench,mcf-attacker,1,0.4476273771864982,10561.3,3.858315648723669e-06,759.0,2214.0,168803668.0,377107560.0,17303633.919999998,0.4476273771864982,0.3428184281842818,3.858315648723669e-06,0.22813729825090048,0.8282722051688286,0.004598858058134963,759.0,2214.0,377107560.0,168803668.0,8364721.0,10099000.0,377110791.0,86033037.0
12.8,sysbench,mcf-attacker,1,0.4480323883036774,10593.0,3.876812660174579e-06,672.0,2134.0,168959248.0,377113915.0,17355571.2,0.4480323883036774,0.3149015932521087,3.876812660174579e-06,0.22840188840783535,0.8274483492397338,0.004626505536428023,672.0,2134.0,377113915.0,168959248.0,8366437.0,10111129.0,377107946.0,86132167.0
13.0,sysbench,mcf-attacker,1,0.4472928288871766,10593.099999999999,4.073068353631166e-06,667.0,2203.0,168679169.0,377111275.0,17355735.04,0.4472928288871766,0.30276895142986837,4.073068353631166e-06,0.22781782753669336,0.8296175406258195,0.004555151918749403,667.0,2203.0,377111275.0,168679169.0,8364214.0,10082012.0,377111023.0,85912614.0
13.1,sysbench,mcf-attacker,1,0.44728261645784567,10573.5,4.009477024765876e-06,895.0,2407.0,168673199.0,377106538.0,17323622.4,0.44728261645784567,0.3718321562110511,4.009477024765876e-06,0.22807621327150499,0.8288163979007279,0.004582113776234324,895.0,2407.0,377106538.0,168673199.0,8366052.0,10093975.0,377101723.0,86007933.0
13.2,sysbench,mcf-attacker,1,0.44723841448363183,10565.5,3.8450020997423885e-06,692.0,2142.0,168659388.0,377112928.0,17310515.2,0.44723841448363183,0.323062558356676,3.8450020997423885e-06,0.2281289441603086,0.828694492157878,0.004589188435130799,692.0,2142.0,377112928.0,168659388.0,8371935.0,10102559.0,377108943.0,86029465.0
13.3,sysbench,mcf-attacker,1,0.4472261841120126,10575.5,3.847694953747008e-06,688.0,2139.0,168652973.0,377108897.0,17326899.2,0.4472261841120126,0.32164562879850395,3.847694953747008e-06,0.2284067186995781,0.828085001748168,0.004605267175653691,688.0,2139.0,377108897.0,168652973.0,8365318.0,10102004.0,377108631.0,86134145.0
13.4,sysbench,mcf-attacker,1,0.44724651994504183,8762.0,4.155126445986655e-06,854.0,2421.0,168667622.0,377124504.0,14355660.8,0.44724651994504183,0.3527467988434531,4.155126445986655e-06,1.109579434110563,0.6584584303712225,0.00016567977479768154,854.0,2421.0,377124504.0,168667622.0,117334.0,178195.0,367341156.0,407594192.0
13.5,sysbench,mcf-attacker,1,0.44793853004938755,1616.7000000000003,4.333888244384145e-06,742.0,2367.0,167955441.0,374951985.0,2648801.2800000003,0.44793853004938755,0.31347697507393324,4.333888244384145e-06,0.8900347951645426,0.8330949736098799,0.000722105218469773,742.0,2367.0,374951985.0,167955441.0,1351445.0,1622198.0,374949513.0,333718113.0
13.6,sysbench,mcf-attacker,1,0.44756207666628955,4475.9,4.030759927628448e-06,745.0,2265.0,168775707.0,377100107.0,7333314.56,0.44756207666628955,0.32891832229580575,4.030759927628448e-06,0.2272930393409104,0.8368936150730292,0.004336309239422541,745.0,2265.0,377100107.0,168775707.0,8390174.0,10025377.0,377095569.0,85711198.0
13.9,sysbench,mcf-attacker,1,0.44718728879342906,10611.5,3.908703795541252e-06,693.0,2167.0,168637507.0,377107112.0,17385881.6,0.44718728879342906,0.3197969543147208,3.908703795541252e-06,0.2283949252765543,0.8299227318737362,0.004551851712093476,693.0,2167.0,377107112.0,168637507.0,8376118.0,10092648.0,377105870.0,86129067.0
14.0,sysbench,mcf-attacker,1,0.44722631516229167,10618.3,3.996195197890765e-06,835.0,2342.0,168652937.0,377108706.0,17397022.72,0.44722631516229167,0.356532877882152,3.996195197890765e-06,0.22834986118787245,0.8305311258809924,0.004533174446434038,835.0,2342.0,377108706.0,168652937.0,8377854.0,10087345.0,377106820.0,86112290.0
14.1,sysbench,mcf-attacker,1,0.4472036435732109,10596.5,4.06250084359209e-06,1032.0,2564.0,168643899.0,377107614.0,17361305.6,0.4472036435732109,0.40249609984399376,4.06250084359209e-06,0.22827363916829382,0.8304576094993629,0.004537210828163838,1032.0,2564.0,377107614.0,168643899.0,8384163.0,10095835.0,377252031.0,86116694.0
14.2,sysbench,mcf-attacker,1,0.4472432083626339,10589.0,4.179773339452783e-06,834.0,2411.0,168741815.0,377293186.0,17349017.6,0.4472432083626339,0.34591455827457485,4.179773339452783e-06,0.22801263624265106,0.8304127930325506,0.004532043087845017,834.0,2411.0,377293186.0,168741815.0,8366188.0,10074734.0,376992444.0,85959041.0
14.3,sysbench,mcf-attacker,1,0.44750370383649274,10591.0,3.756133220432174e-06,745.0,2161.0,168701483.0,376983434.0,17352294.4,0.44750370383649274,0.34474780194354465,3.756133220432174e-06,0.22781386454435776,0.8308805752261287,0.004516158669951567,745.0,2161.0,376983434.0,168701483.0,8368286.0,10071587.0,377157032.0,85921601.0
14.4,sysbench,mcf-attacker,1,0.4471240621407377,10580.699999999999,3.805269009886266e-06,718.0,2153.0,168614368.0,377108687.0,17335418.88,0.4471240621407377,0.3334881560613098,3.805269009886266e-06,0.22840995342914233,0.8289295923203496,0.004584730689542743,718.0,2153.0,377108687.0,168614368.0,8377751.0,10106710.0,377112445.0,86136236.0
14.5,sysbench,mcf-attacker,1,0.44789858604642885,10576.599999999999,3.7761023539272746e-06,714.0,2138.0,168906329.0,377108422.0,17328701.439999998,0.44789858604642885,0.33395696913002804,3.7761023539272746e-06,0.22873931103605918,0.8269812400588149,0.004640883391287065,714.0,2138.0,377108422.0,168906329.0,8365012.0,10115117.0,377106006.0,86258968.0
14.6,sysbench,mcf-attacker,1,0.44727120008658283,10600.599999999999,3.754877820969303e-06,730.0,2146.0,168670207.0,377109474.0,17368023.04,0.44727120008658283,0.3401677539608574,3.754877820969303e-06,0.22844134860212928,0.8281302960264207,0.0046066367637158205,730.0,2146.0,377109474.0,168670207.0,8370587.0,10107814.0,377113953.0,86148420.0
14.7,sysbench,mcf-attacker,1,0.4471680601723418,10598.199999999999,3.776141105822557e-06,792.0,2216.0,168629111.0,377104552.0,17364090.88,0.4471680601723418,0.3574007220216607,3.776141105822557e-06,0.22811577591158888,0.8298506091045519,0.004556195503379627,792.0,2216.0,377104552.0,168629111.0,8379780.0,10097938.0,377103660.0,86023294.0
14.8,sysbench,mcf-attacker,1,0.44710297056600384,10581.400000000001,3.845000876235924e-06,696.0,2146.0,168608364.0,377113048.0,17336565.76,0.44710297056600384,0.32432432432432434,3.845000876235924e-06,0.22812044393952677,0.829609311957739,0.004559538573039596,696.0,2146.0,377113048.0,168608364.0,8371751.0,10091197.0,377109651.0,86026421.0
14.9,sysbench,mcf-attacker,1,0.4472772328064069,10605.699999999999,3.7708032090596015e-06,704.0,2126.0,168671816.0,377107985.0,17376378.88,0.4472772328064069,0.33113828786453436,3.7708032090596015e-06,0.2280791524447427,0.8308334298833775,0.004530008520121039,704.0,2126.0,377107985.0,168671816.0,8390080.0,10098390.0,377109666.0,86010853.0
15.0,sysbench,mcf-attacker,1,0.44770308351345717,10600.2,4.073112107764873e-06,971.0,2507.0,168832067.0,377107224.0,17367367.68,0.44770308351345717,0.38731551655364976,4.073112107764873e-06,0.22791358972097225,0.8303790964551241,0.0045347068570283965,971.0,2507.0,377107224.0,168832067.0,8371662.0,10081735.0,377107728.0,85947976.0
15.1,sysbench,mcf-attacker,1,0.44756226186546627,10577.2,3.83709707520683e-06,684.0,2131.0,168779309.0,377107999.0,17329684.48,0.44756226186546627,0.32097606757390895,3.83709707520683e-06,0.22846081626869408,0.8276232958571484,0.004622101721957104,684.0,2131.0,377107999.0,168779309.0,8368724.0,10111755.0,377107884.0,86154375.0
15.2,sysbench,mcf-attacker,1,0.44716471921645257,10579.6,3.7840054676359868e-06,821.0,2248.0,168631906.0,377113620.0,17333616.64,0.44716471921645257,0.3652135231316726,3.7840054676359868e-06,0.22837605014805856,0.8272526726288848,0.004627599682900842,821.0,2248.0,377113620.0,168631906.0,8356861.0,10101945.0,377103492.0,86121406.0
15.3,sysbench,mcf-attacker,1,0.44724976506444836,10576.5,3.847750837157616e-06,724.0,2175.0,168659416.0,377103420.0,17328537.6,0.44724976506444836,0.3328735632183908,3.847750837157616e-06,0.22839231954147987,0.8281333152380564,0.004606750874684589,724.0,2175.0,377103420.0,168659416.0,8371974.0,10109452.0,377159097.0,86140241.0
15.4,sysbench,mcf-attacker,1,0.44718371170534854,10572.2,3.8848686067562595e-06,809.0,2274.0,168634825.0,377104131.0,17321492.48,0.44718371170534854,0.35576077396657874,3.8848686067562595e-06,0.2281876866998541,0.8288820103124493,0.004581265285056528,809.0,2274.0,377104131.0,168634825.0,8367389.0,10094789.0,377057405.0,86039857.0
15.5,sysbench,mcf-attacker,1,0.44717007156336247,10577.3,3.8529314583513945e-06,713.0,2166.0,168634745.0,377115455.0,17329848.32,0.44717007156336247,0.32917820867959374,3.8529314583513945e-06,0.22818512374482988,0.8292386290339021,0.004575712057753507,713.0,2166.0,377115455.0,168634745.0,8379594.0,10105166.0,377115513.0,86052150.0
15.6,sysbench,mcf-attacker,1,0.4476599896482212,10589.400000000001,3.7548334531158798e-06,692.0,2108.0,168818818.0,377113930.0,17349672.96,0.4476599896482212,0.32827324478178366,3.7548334531158798e-06,0.2281501221742911,0.8290359457123969,0.0045816784486748295,692.0,2108.0,377113930.0,168818818.0,8378321.0,10106101.0,377106342.0,86036858.0
15.7,sysbench,mcf-attacker,1,0.44767367030746014,10595.5,3.8079656297901538e-06,742.0,2178.0,168819641.0,377104244.0,17359667.2,0.44767367030746014,0.34067952249770433,3.8079656297901538e-06,0.22820470306173266,0.8284267245516673,0.004597790377642019,742.0,2178.0,377104244.0,168819641.0,8371711.0,10105554.0,377103534.0,86056800.0
16.0,sysbench,mcf-attacker,1,0.4476254477190611,10592.2,3.884867628081156e-06,699.0,2164.0,168801448.0,377104226.0,17354260.48,0.4476254477190611,0.3230129390018484,3.884867628081156e-06,0.22768400411915796,0.8307083878404615,0.004522214285126167,699.0,2164.0,377104226.0,168801448.0,8368229.0,10073606.0,377111055.0,85862155.0
16.1,sysbench,mcf-attacker,1,0.447968404633157,10572.4,4.025337446782712e-06,916.0,2434.0,168933921.0,377111241.0,17321820.16,0.447968404633157,0.3763352506162695,4.025337446782712e-06,0.22754579487036866,0.83080401468761,0.004515074054008199,916.0,2434.0,377111241.0,168933921.0,8360753.0,10063448.0,377113416.0,85810572.0
16.2,sysbench,mcf-attacker,1,0.44787005404459995,10567.1,3.7681921575191507e-06,711.0,2132.0,168893549.0,377103911.0,17313136.64,0.44787005404459995,0.3334896810506567,3.7681921575191507e-06,0.22798132117498549,0.8291668937012515,0.004572708427823875,711.0,2132.0,377103911.0,168893549.0,8369536.0,10093910.0,377101236.0,85972038.0
16.3,sysbench,mcf-attacker,1,0.4471975370081631,10564.0,3.7839817069755207e-06,697.0,2124.0,168645341.0,377115988.0,17308057.6,0.4471975370081631,0.3281544256120527,3.7839817069755207e-06,0.22814058772760054,0.8282822381729912,0.004598683020130102,697.0,2124.0,377115988.0,168645341.0,8364930.0,10099130.0,377107966.0,86033633.0
16.4,sysbench,mcf-attacker,1,0.4472953914579276,10567.8,3.818551845980642e-06,685.0,2125.0,168677915.0,377106311.0,17314283.52,0.4472953914579276,0.32235294117647056,3.818551845980642e-06,0.22838540135088944,0.8272330818936651,0.004634571669569946,685.0,2125.0,377106311.0,168677915.0,8368519.0,10116277.0,377113167.0,86127142.0
16.5,sysbench,mcf-attacker,1,0.4478963918103916,10572.6,3.720449053904921e-06,736.0,2139.0,168903976.0,377105016.0,17322147.84,0.4478963918103916,0.34408602150537637,3.720449053904921e-06,0.22824668516128374,0.8275667357985024,0.004622267387443348,736.0,2139.0,377105016.0,168903976.0,8365628.0,10108705.0,377104320.0,86072811.0
16.6,sysbench,mcf-attacker,1,0.44721944597439045,10577.9,3.924524936521605e-06,669.0,2149.0,168653478.0,377115708.0,17330831.36,0.44721944597439045,0.3113075849232201,3.924524936521605e-06,0.2283255576529111,0.8276761495772663,0.00462064447964981,669.0,2149.0,377115708.0,168653478.0,8369299.0,10111804.0,377112978.0,86104531.0
16.7,sysbench,mcf-attacker,1,0.44720364833470755,10569.6,3.82388552650816e-06,728.0,2170.0,168641989.0,377103339.0,17317232.64,0.44720364833470755,0.33548387096774196,3.82388552650816e-06,0.22778305471454582,0.8296201850303042,0.004554545749882945,728.0,2170.0,377103339.0,168641989.0,8363085.0,10080619.0,377103249.0,85897730.0
16.8,sysbench,mcf-attacker,1,0.44763534622887036,10567.7,3.789384734227325e-06,712.0,2141.0,168806008.0,377106074.0,17314119.68,0.44763534622887036,0.3325548808967772,3.789384734227325e-06,0.2279733023189513,0.8289751507180817,0.004579056659102991,712.0,2141.0,377106074.0,168806008.0,8370022.0,10096831.0,377110206.0,85971059.0
16.9,sysbench,mcf-attacker,1,0.4475619248594595,10581.800000000001,3.935200381198936e-06,738.0,2222.0,168779689.0,377109132.0,17337221.12,0.4475619248594595,0.3321332133213321,3.935200381198936e-06,0.22799947363693346,0.8286556411617616,0.0045840230247380705,738.0,2222.0,377109132.0,168779689.0,8360383.0,10089092.0,377116125.0,85982278.0
17.0,sysbench,mcf-attacker,1,0.44787264954537215,10589.2,3.868998367105017e-06,651.0,2110.0,168892859.0,377100185.0,17349345.28,0.44787264954537215,0.3085308056872038,3.868998367105017e-06,0.22789326623284056,0.8288490043849549,0.004576288376787581,651.0,2110.0,377100185.0,168892859.0,8357379.0,10083114.0,377103639.0,85939380.0
17.1,sysbench,mcf-attacker,1,0.4480470305736829,10561.800000000001,3.903346521411829e-06,866.0,2338.0,168964048.0,377112304.0,17304453.12,0.4480470305736829,0.3704020530367836,3.903346521411829e-06,0.22813375994631102,0.8281899465853937,0.00460186096844869,866.0,2338.0,377112304.0,168964048.0,8365222.0,10100608.0,377105265.0,86030442.0
17.2,sysbench,mcf-attacker,1,0.4479053351142002,10556.6,3.874193682445438e-06,693.0,2154.0,168909907.0,377110728.0,17295933.44,0.4479053351142002,0.32172701949860727,3.874193682445438e-06,0.22797110030868575,0.8279497914256836,0.004600542787052385,693.0,2154.0,377110728.0,168909907.0,8348794.0,10083696.0,377108111.0,85969751.0
17.3,sysbench,mcf-attacker,1,0.44703818150223684,3356.8,3.988062086161164e-06,933.0,2437.0,168589508.0,377125523.0,5499781.12,0.44703818150223684,0.3828477636438244,3.988062086161164e-06,0.8712406212801261,0.8220846359054876,0.0015571065700017014,933.0,2437.0,377125523.0,168589508.0,2643095.0,3215113.0,367359570.0,320058580.0
17.4,sysbench,mcf-attacker,1,0.44744537215386865,1675.6999999999998,4.2985044521859306e-06,815.0,2436.0,168735186.0,377107903.0,2745466.88,0.44744537215386865,0.3345648604269294,4.2985044521859306e-06,1.009216919943557,0.6931047130020173,2.662671713288304e-05,815.0,2436.0,377107903.0,168735186.0,22677.0,32718.0,377102440.0,380578163.0
17.5,sysbench,mcf-attacker,1,0.44789449703380363,9805.2,3.903547716801548e-06,766.0,2238.0,168897820.0,377092867.0,16064839.68,0.44789449703380363,0.34226988382484363,3.903547716801548e-06,0.3354664281276953,0.8331915336068825,0.003820334471448841,766.0,2238.0,377092867.0,168897820.0,7195937.0,8636594.0,377102322.0,126505169.0
17.6,sysbench,mcf-attacker,1,0.44721434494807183,10587.9,3.847746980262447e-06,724.0,2175.0,168646228.0,377103798.0,17347215.36,0.44721434494807183,0.3328735632183908,3.847746980262447e-06,0.22748012784816946,0.8325597745310241,0.004460838429891094,724.0,2175.0,377103798.0,168646228.0,8367657.0,10050518.0,377252175.0,85817373.0
17.7,sysbench,mcf-attacker,1,0.46852440099349435,10654.300000000001,4.219119433849191e-05,32100.0,47943.0,175933206.0,375504895.0,17456005.12,0.46852440099349435,0.669545084788186,4.219119433849191e-05,0.2255034133871669,0.8419897760855551,0.004175751401938514,32100.0,47943.0,375504895.0,175933206.0,8311095.0,9870779.0,373509783.0,84227731.0
17.8,sysbench,mcf-attacker,1,0.4471453019633322,10569.6,4.227049599491956e-06,786.0,2380.0,168616335.0,377095173.0,17317232.64,0.4471453019633322,0.3302521008403361,4.227049599491956e-06,0.2268193367665711,0.8341881530989774,0.004412248879393087,786.0,2380.0,377095173.0,168616335.0,8370314.0,10034084.0,377079817.0,85528994.0
18.1,sysbench,mcf-attacker,1,0.4472400582236189,10575.3,4.497531307452001e-06,1189.0,2885.0,168652331.0,377095763.0,17326571.52,0.4472400582236189,0.4121317157712305,4.497531307452001e-06,0.22741899345457933,0.8305383535337273,0.004519024245670637,1189.0,2885.0,377095763.0,168652331.0,8351750.0,10055827.0,377089590.0,85757335.0
18.2,sysbench,mcf-attacker,1,0.44744686253148636,10561.100000000002,3.850354324481307e-06,663.0,2115.0,168735859.0,377108151.0,17303306.240000002,0.44744686253148636,0.31347517730496455,3.850354324481307e-06,0.22752051908163723,0.8301642592244782,0.004534358075835363,663.0,2115.0,377108151.0,168735859.0,8358337.0,10068293.0,377110932.0,85800475.0
18.3,sysbench,mcf-attacker,1,0.44755132200570047,10558.699999999999,3.866313158711502e-06,652.0,2110.0,168773144.0,377103442.0,17299374.08,0.44755132200570047,0.3090047393364929,3.866313158711502e-06,0.22770981822211256,0.8292489628264907,0.004562749486102936,652.0,2110.0,377103442.0,168773144.0,8356064.0,10076665.0,377097407.0,85868782.0
18.4,sysbench,mcf-attacker,1,0.448066355982589,10540.900000000001,3.7840721255072405e-06,648.0,2075.0,168968949.0,377106977.0,17270210.560000002,0.448066355982589,0.312289156626506,3.7840721255072405e-06,0.22759386561051306,0.8294062266326927,0.004553666828372097,648.0,2075.0,377106977.0,168968949.0,8348925.0,10066147.0,377107519.0,85827358.0
18.5,sysbench,mcf-attacker,1,0.4472501138925586,10550.9,3.7150983612730297e-06,667.0,2068.0,168662401.0,377109800.0,17286594.56,0.4472501138925586,0.3225338491295938,3.7150983612730297e-06,0.22797029702970298,0.8278699248995318,0.004608441801917616,667.0,2068.0,377109800.0,168662401.0,8358568.0,10096475.0,377113800.0,85970745.0
18.6,sysbench,mcf-attacker,1,0.44721783259979686,10563.5,3.71245950014952e-06,650.0,2050.0,168649642.0,377108491.0,17307238.4,0.44721783259979686,0.3170731707317073,3.71245950014952e-06,0.22813860318893814,0.8269285315379434,0.004635708164440619,650.0,2050.0,377108491.0,168649642.0,8352667.0,10100833.0,377108726.0,86033058.0
18.7,sysbench,mcf-attacker,1,0.44728043701754305,10565.4,3.752253752102601e-06,1361.0,2776.0,168672446.0,377106692.0,17310351.36,0.44728043701754305,0.49027377521613835,3.752253752102601e-06,0.22766580293660196,0.8284364561216399,0.004583894287541735,1361.0,2776.0,377106692.0,168672446.0,8347083.0,10075707.0,377108173.0,85854635.0
18.8,sysbench,mcf-attacker,1,0.4474562215139425,10558.3,3.728305975951297e-06,704.0,2110.0,168742440.0,377114971.0,17298718.72,0.4474562215139425,0.33364928909952607,3.728305975951297e-06,0.22765060806691056,0.8294075553285466,0.004558441773162122,704.0,2110.0,377114971.0,168742440.0,8357891.0,10076941.0,377113515.0,85850121.0
18.9,sysbench,mcf-attacker,1,0.448034936468701,10552.6,3.863639840478293e-06,681.0,2138.0,168956458.0,377105543.0,17289379.84,0.448034936468701,0.3185219831618335,3.863639840478293e-06,0.22747865102181306,0.8300056317800794,0.0045400943413425555,681.0,2138.0,377105543.0,168956458.0,8359332.0,10071416.0,377103177.0,85782922.0
19.0,sysbench,mcf-attacker,1,0.44810791166102076,10568.3,3.974938455874087e-06,636.0,2135.0,168987210.0,377112757.0,17315102.72,0.44810791166102076,0.29789227166276344,3.974938455874087e-06,0.22739383615404524,0.8298957887606521,0.004538101354705407,636.0,2135.0,377112757.0,168987210.0,8349428.0,10060815.0,377115200.0,85753672.0
19.1,sysbench,mcf-attacker,1,0.44720289579614075,10560.699999999999,4.192463231918461e-06,941.0,2522.0,168642571.0,377105275.0,17302650.88,0.44720289579614075,0.373116574147502,4.192463231918461e-06,0.2276902293683969,0.8289504247164904,0.004573430034870479,941.0,2522.0,377105275.0,168642571.0,8358080.0,10082726.0,377101210.0,85862261.0
19.2,sysbench,mcf-attacker,1,0.4480496094692709,10551.300000000001,3.913258416988025e-06,805.0,2281.0,168995030.0,377179282.0,17287249.92,0.4480496094692709,0.3529153879877247,3.913258416988025e-06,0.2280556769584733,0.8266487540956148,0.00464472422484541,805.0,2281.0,377179282.0,168995030.0,8350523.0,10101658.0,377015925.0,85980622.0
19.3,sysbench,mcf-attacker,1,0.44750110706030133,10542.0,3.7655337781625563e-06,704.0,2124.0,168754713.0,377104571.0,17272012.8,0.44750110706030133,0.3314500941619586,3.7655337781625563e-06,0.22788251197514647,0.8275937073120218,0.004613624867796029,704.0,2124.0,377104571.0,168754713.0,8351575.0,10091395.0,377104782.0,85935585.0
19.4,sysbench,mcf-attacker,1,0.44745711814882155,10544.300000000001,3.7787779998367466e-06,857.0,2282.0,168738781.0,377106038.0,17275781.12,0.44745711814882155,0.3755477651183173,3.7787779998367466e-06,0.22782323292727352,0.828035336789959,0.004598772227015473,857.0,2282.0,377106038.0,168738781.0,8350560.0,10084787.0,377106522.0,85913627.0
19.5,sysbench,mcf-attacker,1,0.4470585515091669,10563.600000000002,3.5088365034716353e-06,560.0,1883.0,168562560.0,377048061.0,17307402.240000002,0.4470585515091669,0.29739776951672864,3.5088365034716353e-06,0.22780771794378543,0.8286450951033171,0.0045820526696312815,560.0,1883.0,377048061.0,168562560.0,8358350.0,10086767.0,377214564.0,85932389.0
19.6,sysbench,mcf-attacker,1,0.44802517199490005,10548.899999999998,3.752256806789415e-06,674.0,2089.0,168953153.0,377106385.0,17283317.759999998,0.44802517199490005,0.32264241263762566,3.752256806789415e-06,0.22776529454490405,0.8282810566990123,0.004592953361732234,674.0,2089.0,377106385.0,168953153.0,8354273.0,10086278.0,377100498.0,85890406.0
19.7,sysbench,mcf-attacker,1,0.447384710631502,10569.300000000001,3.776063863168004e-06,783.0,2207.0,168714262.0,377112266.0,17316741.12,0.447384710631502,0.3547802446760308,3.776063863168004e-06,0.22757591868116966,0.828661591487592,0.004573116647479763,783.0,2207.0,377112266.0,168714262.0,8340967.0,10065589.0,377121804.0,85823841.0
19.8,sysbench,mcf-attacker,1,0.44722680197678233,10544.099999999999,3.746915218795957e-06,670.0,2083.0,168653795.0,377110214.0,17275453.439999998,0.44722680197678233,0.3216514642342775,3.746915218795957e-06,0.2279209800841826,0.8273700303839818,0.004617620098695461,670.0,2083.0,377110214.0,168653795.0,8345866.0,10087223.0,377111361.0,85951591.0
19.9,sysbench,mcf-attacker,1,0.44709275937951404,10566.800000000001,3.959146634555911e-06,658.0,2151.0,168599335.0,377101466.0,17312645.12,0.44709275937951404,0.30590423059042304,3.959146634555911e-06,0.22759031223697246,0.8292340655667879,0.004561695806613522,658.0,2151.0,377101466.0,168599335.0,8589500.0,10358354.0,387762375.0,88250960.0
20.1,sysbench,mcf-attacker,1,0.447300256433589,10564.6,3.824034318761519e-06,728.0,2170.0,168671857.0,377088666.0,17309040.64,0.447300256433589,0.33548387096774196,3.824034318761519e-06,0.22708576699825447,0.8310069689346894,0.004499912632903924,728.0,2170.0,377088666.0,168671857.0,8344013.0,10040846.0,377081321.0,85629801.0
20.2,sysbench,mcf-attacker,1,0.4475310400368613,10550.0,4.205608642643497e-06,1081.0,2667.0,168770870.0,377115451.0,17285120.0,0.4475310400368613,0.4053243344581927,4.205608642643497e-06,0.22744941166295385,0.8301732494057911,0.004538162760118892,1081.0,2667.0,377115451.0,168770870.0,8365875.0,10077264.0,377110538.0,85773570.0
20.3,sysbench,mcf-attacker,1,0.4472308850262886,10558.699999999999,3.8052519265049135e-06,707.0,2142.0,168655409.0,377110380.0,17299374.08,0.4472308850262886,0.3300653594771242,3.8052519265049135e-06,0.22770133256496325,0.8286838877904384,0.00458029554219261,707.0,2142.0,377110380.0,168655409.0,8355110.0,10082385.0,377109945.0,85868437.0
20.4,sysbench,mcf-attacker,1,0.4471636618446167,10548.699999999999,3.736001353402949e-06,639.0,2048.0,168643836.0,377141191.0,17282990.08,0.4471636618446167,0.31201171875,3.736001353402949e-06,0.2275971886845752,0.8282015996949145,0.0045915943410520035,639.0,2048.0,377141191.0,168643836.0,8348104.0,10079797.0,377144162.0,85836951.0
20.5,sysbench,mcf-attacker,1,0.447408040078183,10543.699999999999,3.7042334368774853e-06,643.0,2040.0,168733705.0,377136059.0,17274798.08,0.447408040078183,0.31519607843137254,3.7042334368774853e-06,0.22774989975118493,0.8273108454350651,0.004618786286029446,643.0,2040.0,377136059.0,168733705.0,8345130.0,10087055.0,377139121.0,85893397.0
20.6,sysbench,mcf-attacker,1,0.4473814711626804,10534.0,3.6800220508618125e-06,690.0,2078.0,168739609.0,377171653.0,17258905.6,0.4473814711626804,0.3320500481231954,3.6800220508618125e-06,0.22736563811487634,0.8282084310947411,0.004586845489980546,690.0,2078.0,377171653.0,168739609.0,8340420.0,10070436.0,377169016.0,85755274.0
20.7,sysbench,mcf-attacker,1,0.44787397554805647,10565.5,3.7892197134025654e-06,754.0,2183.0,168903352.0,377122497.0,17310515.2,0.44787397554805647,0.34539624370132843,3.7892197134025654e-06,0.22759311171953286,0.828660674183172,0.004578087013133354,754.0,2183.0,377122497.0,168903352.0,8350286.0,10076846.0,377135689.0,85833485.0
20.8,sysbench,mcf-attacker,1,0.447531232186315,10556.7,3.672685534434057e-06,689.0,2074.0,168767718.0,377108246.0,17296097.28,0.447531232186315,0.3322082931533269,3.672685534434057e-06,0.2274706604329074,0.8297016437403784,0.004546779673302083,689.0,2074.0,377108246.0,168767718.0,8353851.0,10068500.0,377112841.0,85782107.0
20.9,sysbench,mcf-attacker,1,0.44730471936668903,10563.899999999998,3.627571384950034e-06,693.0,2061.0,168683891.0,377111807.0,17307893.759999998,0.44730471936668903,0.33624454148471616,3.627571384950034e-06,0.22752033043406664,0.8288586710555019,0.00456860206790448,693.0,2061.0,377111807.0,168683891.0,8343918.0,10066756.0,377103975.0,85798821.0
21.0,sysbench,mcf-attacker,1,0.44743529822497946,10564.0,3.6800051520072133e-06,788.0,2176.0,168760686.0,377173385.0,17308057.6,0.44743529822497946,0.36213235294117646,3.6800051520072133e-06,0.22712290545071487,0.8297026443765975,0.004540653717352822,788.0,2176.0,377173385.0,168760686.0,8342909.0,10055300.0,377124332.0,85653574.0
21.1,sysbench,mcf-attacker,1,0.4472938399320703,10545.599999999999,3.948970600961454e-06,895.0,2384.0,168656745.0,377060290.0,17277911.04,0.4472938399320703,0.37541946308724833,3.948970600961454e-06,0.22746239192756237,0.8292865497633362,0.004558235981182995,895.0,2384.0,377060290.0,168656745.0,8353352.0,10072938.0,377248130.0,85809762.0
21.2,sysbench,mcf-attacker,1,0.44731276494171784,7824.200000000001,4.195978523290804e-06,961.0,2544.0,168755894.0,377265992.0,12819169.280000001,0.44731276494171784,0.37775157232704404,4.195978523290804e-06,0.5737921171019049,0.8261176079868683,0.0033000970897513453,961.0,2544.0,377265992.0,168755894.0,5756005.0,6967537.0,367120108.0,210650624.0
21.3,sysbench,mcf-attacker,1,0.4470468415832905,1646.7999999999997,4.239328122840045e-06,864.0,2462.0,168512753.0,376946524.0,2698117.1199999996,0.4470468415832905,0.35093419983753044,4.239328122840045e-06,1.007734731712605,0.5991546179979458,2.6908418596163856e-05,864.0,2462.0,376946524.0,168512753.0,15167.0,25314.0,377093881.0,380010601.0
21.4,sysbench,mcf-attacker,1,0.4473620961433361,5428.9,4.1977183022408675e-06,916.0,2499.0,168704555.0,377109631.0,8894709.76,0.4473620961433361,0.36654661864745897,4.1977183022408675e-06,0.6284116192787225,0.838339867639604,0.0021199716815610437,916.0,2499.0,377109631.0,168704555.0,4145957.0,4945437.0,377118245.0,236985487.0
21.5,sysbench,mcf-attacker,1,0.4480359933116614,10625.699999999999,3.940531325651539e-06,788.0,2274.0,168957288.0,377106506.0,17409146.88,0.4480359933116614,0.3465259454705365,3.940531325651539e-06,0.22898681786239458,0.8312706705955103,0.004515783327099065,788.0,2274.0,377106506.0,168957288.0,8389630.0,10092537.0,377101131.0,86351188.0
21.6,sysbench,mcf-attacker,1,0.4480647937902091,10637.4,3.8132850081752666e-06,720.0,2158.0,168966435.0,377102681.0,17428316.16,0.4480647937902091,0.3336422613531047,3.8132850081752666e-06,0.22922679938030915,0.8298414303209045,0.0045647946137168955,720.0,2158.0,377102681.0,168966435.0,8395090.0,10116499.0,377105466.0,86442679.0
21.7,sysbench,mcf-attacker,1,0.4480586699349218,10656.5,3.7972708579460965e-06,839.0,2271.0,168968725.0,377112946.0,17459609.6,0.4480586699349218,0.36944077498899164,3.7972708579460965e-06,0.2285915386244872,0.8316674816684027,0.004507584203437402,839.0,2271.0,377112946.0,168968725.0,8398293.0,10098138.0,377107764.0,86203644.0
21.8,sysbench,mcf-attacker,1,0.4474617017070169,10615.8,3.919303035485616e-06,681.0,2159.0,168741327.0,377107865.0,17392926.72,0.4474617017070169,0.31542380731820285,3.919303035485616e-06,0.22884797390168007,0.8308034564432094,0.004537773049089536,681.0,2159.0,377107865.0,168741327.0,8402634.0,10113865.0,377108106.0,86300426.0
21.9,sysbench,mcf-attacker,1,0.44755128860736293,10528.400000000001,3.7018446886075604e-06,743.0,2139.0,168775746.0,377109284.0,17249730.560000002,0.44755128860736293,0.34735857877512855,3.7018446886075604e-06,0.22850827912604452,0.8313525300977425,0.004516223463285449,743.0,2139.0,377109284.0,168775746.0,8395564.0,10098681.0,377110879.0,86172958.0
22.0,sysbench,mcf-attacker,1,0.44729832288405424,10734.2,3.8291305236013275e-06,822.0,2266.0,168680272.0,377109109.0,17586913.28,0.44729832288405424,0.3627537511032657,3.8291305236013275e-06,0.22850510784051214,0.8308662499467796,0.004529640271754338,822.0,2266.0,377109109.0,168680272.0,8391342.0,10099510.0,377108975.0,86171327.0
22.2,sysbench,mcf-attacker,1,0.4472970674853052,10617.9,4.0094812457588695e-06,871.0,2383.0,168678471.0,377106141.0,17396367.36,0.4472970674853052,0.36550566512798993,4.0094812457588695e-06,0.22899905572675897,0.8285190214022937,0.00460392206828287,871.0,2383.0,377106141.0,168678471.0,8388398.0,10124569.0,377106948.0,86357135.0
22.3,sysbench,mcf-attacker,1,0.4471869554450266,10615.5,3.6911509326015016e-06,696.0,2088.0,168642316.0,377118147.0,17392435.2,0.4471869554450266,0.3333333333333333,3.6911509326015016e-06,0.22905007459997181,0.8284481985141015,0.004608695082171978,696.0,2088.0,377118147.0,168642316.0,8393099.0,10131109.0,377115424.0,86378316.0
22.4,sysbench,mcf-attacker,1,0.44751903969395734,10606.0,3.961749609819373e-06,777.0,2271.0,168762166.0,377106114.0,17376870.4,0.44751903969395734,0.34214002642007924,3.961749609819373e-06,0.22909668146315093,0.8284873114986745,0.004612359247889638,777.0,2271.0,377106114.0,168762166.0,8401945.0,10141308.0,377109177.0,86394461.0
22.5,sysbench,mcf-attacker,1,0.4474407283896473,10616.0,3.837032851293729e-06,694.0,2141.0,168736302.0,377114311.0,17393254.4,0.4474407283896473,0.32414759458197107,3.837032851293729e-06,0.2288972281714371,0.8291519580817563,0.004582937981922104,694.0,2141.0,377114311.0,168736302.0,8387445.0,10115691.0,377104383.0,86318148.0
22.6,sysbench,mcf-attacker,1,0.44707990889334287,10616.400000000001,3.898133983945861e-06,697.0,2167.0,168595402.0,377103508.0,17393909.76,0.44707990889334287,0.32164282418089524,3.898133983945861e-06,0.22887308511170906,0.8293574088334255,0.004582913294689778,697.0,2167.0,377103508.0,168595402.0,8399663.0,10127917.0,377108160.0,86309908.0
22.7,sysbench,mcf-attacker,1,0.4473314398585381,10627.6,3.5871977351096324e-06,795.0,2148.0,168722073.0,377174636.0,17412259.84,0.4473314398585381,0.37011173184357543,3.5871977351096324e-06,0.22889614787612364,0.8287655487752217,0.0046001756921559426,795.0,2148.0,377174636.0,168722073.0,8396576.0,10131425.0,377126683.0,86322845.0
22.8,sysbench,mcf-attacker,1,0.44733935943528025,10600.5,3.7099996437180478e-06,653.0,2052.0,168686745.0,377088985.0,17367859.2,0.44733935943528025,0.3182261208576998,3.7099996437180478e-06,0.2286621287573824,0.8291166673617305,0.004584883309108674,653.0,2052.0,377088985.0,168686745.0,8389810.0,10118974.0,377144604.0,86238688.0
22.9,sysbench,mcf-attacker,1,0.44794191463813066,10612.4,3.7285884614242256e-06,696.0,2102.0,168912804.0,377086400.0,17387356.16,0.44794191463813066,0.33111322549952427,3.7285884614242256e-06,0.22884269106111987,0.8279748827381141,0.004619217041515463,696.0,2102.0,377086400.0,168912804.0,8383764.0,10125626.0,377090313.0,86294362.0
23.0,sysbench,mcf-attacker,1,0.44726769346855993,10617.9,3.736016361216792e-06,651.0,2060.0,168682393.0,377139676.0,17396367.36,0.44726769346855993,0.31601941747572815,3.736016361216792e-06,0.22841923985912227,0.8295469031958199,0.004566312122230496,651.0,2060.0,377139676.0,168682393.0,8381284.0,10103448.0,377145485.0,86147285.0
23.2,sysbench,mcf-attacker,1,0.4473602201544215,10604.0,3.635307288043899e-06,667.0,2038.0,168714998.0,377134556.0,17373593.6,0.4473602201544215,0.32728164867517173,3.635307288043899e-06,0.22847170302945022,0.8297389846369342,0.0045675441392406275,667.0,2038.0,377134556.0,168714998.0,8395002.0,10117642.0,377147970.0,86167639.0
23.3,sysbench,mcf-attacker,1,0.4479861509361993,10602.9,3.7522125391921245e-06,668.0,2083.0,168940431.0,377110834.0,17371791.36,0.4479861509361993,0.3206913106096976,3.7522125391921245e-06,0.22884937557884968,0.8284504616245537,0.004605467090172635,668.0,2083.0,377110834.0,168940431.0,8385192.0,10121537.0,377018219.0,86280384.0
23.4,sysbench,mcf-attacker,1,0.44778116529966,10596.800000000001,3.760485293119924e-06,784.0,2202.0,168848870.0,377078991.0,17361797.12,0.44778116529966,0.35603996366939145,3.760485293119924e-06,0.22852644228265748,0.8281435621069153,0.004607616980599767,784.0,2202.0,377078991.0,168848870.0,8374326.0,10112167.0,377166984.0,86192629.0
23.5,sysbench,mcf-attacker,1,0.4472152697199235,10597.7,3.73101054847637e-06,715.0,2122.0,168649184.0,377109628.0,17363271.68,0.4472152697199235,0.33694627709707825,3.73101054847637e-06,0.22906402632020845,0.8274990451295287,0.0046323031021922294,715.0,2122.0,377109628.0,168649184.0,8380106.0,10127028.0,377117378.0,86384025.0
23.6,sysbench,mcf-attacker,1,0.447187549555841,10603.900000000001,3.762803296198716e-06,733.0,2152.0,168639996.0,377112458.0,17373429.76,0.447187549555841,0.3406133828996282,3.762803296198716e-06,0.22883923513874135,0.8277103225423502,0.004625938007213573,733.0,2152.0,377112458.0,168639996.0,8380692.0,10125151.0,377103843.0,86296155.0
23.7,sysbench,mcf-attacker,1,0.44814672736788463,10599.7,3.956471484125569e-06,731.0,2223.0,168997785.0,377103691.0,17366548.48,0.44814672736788463,0.3288349077822762,3.956471484125569e-06,0.22845139853297286,0.8299642266702597,0.00455277089872272,731.0,2223.0,377103691.0,168997785.0,8380304.0,10097187.0,377107269.0,86150683.0
23.8,sysbench,mcf-attacker,1,0.448053551641892,10636.7,3.818489471275003e-06,693.0,2133.0,168966582.0,377112471.0,17427169.28,0.448053551641892,0.32489451476793246,3.818489471275003e-06,0.2285487139259224,0.8301541294182052,0.0045587395703821434,693.0,2133.0,377112471.0,168966582.0,8402454.0,10121559.0,377100945.0,86185936.0
23.9,sysbench,mcf-attacker,1,0.4474787659932585,10597.3,3.7496422724592965e-06,688.0,2102.0,168745424.0,377102640.0,17362616.32,0.4474787659932585,0.3273073263558516,3.7496422724592965e-06,0.2284717467475197,0.829330520752039,0.004573579024906733,688.0,2102.0,377102640.0,168745424.0,8381230.0,10106019.0,377120192.0,86161309.0
24.0,sysbench,mcf-attacker,1,0.4475596130548568,10607.9,4.065128082599817e-06,918.0,2451.0,168779156.0,377109889.0,17379983.36,0.4475596130548568,0.37454100367197063,4.065128082599817e-06,0.22849673167187856,0.8291150771686293,0.004578948649933305,918.0,2451.0,377109889.0,168779156.0,8377950.0,10104689.0,377103814.0,86166989.0
24.1,sysbench,mcf-attacker,1,0.4471610375563694,10624.1,3.765521166665377e-06,721.0,2141.0,168627036.0,377105834.0,17406525.44,0.4471610375563694,0.3367585240541803,3.765521166665377e-06,0.22878357716736789,0.8284556525198171,0.00460631685586752,721.0,2141.0,377105834.0,168627036.0,8388903.0,10125953.0,377101718.0,86274680.0
24.3,sysbench,mcf-attacker,1,0.44723496805490537,10593.400000000001,3.8396932827549205e-06,672.0,2120.0,168658324.0,377113455.0,17356226.560000002,0.44723496805490537,0.3169811320754717,3.8396932827549205e-06,0.22884594732453487,0.8279094189452739,0.004623641376024789,672.0,2120.0,377113455.0,168658324.0,8388312.0,10131920.0,377107102.0,86299432.0
24.4,sysbench,mcf-attacker,1,0.44722001412576545,10598.699999999999,3.884798967527034e-06,675.0,2140.0,168651538.0,377110891.0,17364910.08,0.44722001412576545,0.31542056074766356,3.884798967527034e-06,0.22881737528913207,0.8282700254306871,0.00460770770901524,675.0,2140.0,377110891.0,168651538.0,8380837.0,10118484.0,377117454.0,86291026.0
24.5,sysbench,mcf-attacker,1,0.44729818173262176,10603.699999999999,4.096960453371924e-06,753.0,2298.0,168680098.0,377108839.0,17373102.08,0.44729818173262176,0.3276762402088773,4.096960453371924e-06,0.22874750963716747,0.8285041723291381,0.004604999237722434,753.0,2298.0,377108839.0,168680098.0,8389333.0,10125879.0,377100171.0,86260725.0
24.6,sysbench,mcf-attacker,1,0.447268929842956,10600.1,3.829164295791242e-06,692.0,2136.0,168667700.0,377105783.0,17367203.84,0.447268929842956,0.32397003745318353,3.829164295791242e-06,0.22878964900142112,0.8283842596946875,0.0046111435959628865,692.0,2136.0,377105783.0,168667700.0,8393717.0,10132637.0,377112524.0,86279442.0
24.7,sysbench,mcf-attacker,1,0.44799758503341225,10591.7,3.821183230686743e-06,749.0,2190.0,168943618.0,377108323.0,17353441.28,0.44799758503341225,0.34200913242009134,3.821183230686743e-06,0.22894068889838376,0.8272337505720839,0.0046440016126951715,749.0,2190.0,377108323.0,168943618.0,8388611.0,10140557.0,377249223.0,86367697.0
24.8,sysbench,mcf-attacker,1,0.4481109563740681,10602.1,3.90437893432609e-06,886.0,2359.0,169058242.0,377268709.0,17370480.64,0.4481109563740681,0.37558287409919455,3.90437893432609e-06,0.22869555904228206,0.8281317157643745,0.004610025306314338,886.0,2359.0,377268709.0,169058242.0,8373629.0,10111470.0,376969948.0,86211353.0
24.9,sysbench,mcf-attacker,1,0.4480817808154969,10596.800000000001,3.7380406179048534e-06,701.0,2110.0,168897905.0,376935444.0,17361797.12,0.4480817808154969,0.33222748815165876,3.7380406179048534e-06,0.22886360475587458,0.8277712384639191,0.004621891281286402,701.0,2110.0,376935444.0,168897905.0,8377035.0,10119988.0,377108178.0,86306337.0
25.0,sysbench,mcf-attacker,1,0.4472694312383017,10629.7,3.7787059540642798e-06,687.0,2112.0,168671219.0,377113228.0,17415700.48,0.4472694312383017,0.3252840909090909,3.7787059540642798e-06,0.22840982734132723,0.8301188203913267,0.004555531062255508,687.0,2112.0,377113228.0,168671219.0,8394638.0,10112574.0,377109930.0,86135614.0
25.1,sysbench,mcf-attacker,1,0.4471717623799872,10606.199999999999,4.001391519035561e-06,917.0,2426.0,168636882.0,377118808.0,17377198.08,0.4471717623799872,0.3779884583676834,4.001391519035561e-06,0.39748208580409955,0.829273534318372,0.004083392123247974,917.0,2426.0,377118808.0,168636882.0,7478266.0,9017852.0,377036041.0,149865072.0
25.2,sysbench,mcf-attacker,1,0.44775871712520426,1569.7,4.230507848224646e-06,940.0,2535.0,168815466.0,377023293.0,2571796.48,0.44775871712520426,0.3708086785009862,4.230507848224646e-06,1.0353314050747824,0.49343586795074507,5.722910302308426e-05,940.0,2535.0,377023293.0,168815466.0,20597.0,41742.0,369479843.0,382534085.0
25.3,sysbench,mcf-attacker,1,0.44703294066645055,2780.9000000000005,4.3065310293250895e-06,878.0,2502.0,168576864.0,377101660.0,4556226.5600000005,0.44703294066645055,0.35091926458832934,4.3065310293250895e-06,0.7840237843995074,0.8321057954632376,0.0013096219850979914,878.0,2502.0,377101660.0,168576864.0,2447660.0,2941525.0,377105001.0,295659290.0
25.4,sysbench,mcf-attacker,1,0.44748828680731295,10582.4,3.980351742755377e-06,873.0,2374.0,168748885.0,377102351.0,17338204.16,0.44748828680731295,0.36773378264532436,3.980351742755377e-06,0.22718273515735765,0.8333676401833741,0.004430738295719494,873.0,2374.0,377102351.0,168748885.0,8356304.0,10027152.0,377103744.0,85671460.0
25.5,sysbench,mcf-attacker,1,0.44742590678330174,10548.699999999999,3.7761180348309555e-06,751.0,2175.0,168727377.0,377106856.0,17282990.08,0.44742590678330174,0.3452873563218391,3.7761180348309555e-06,0.22731595302698368,0.8319338934150874,0.004469560226656935,751.0,2175.0,377106856.0,168727377.0,8343277.0,10028774.0,377105781.0,85722160.0
25.6,sysbench,mcf-attacker,1,0.44809919621689326,10561.6,3.919309905307458e-06,715.0,2193.0,168981435.0,377107204.0,17304125.44,0.44809919621689326,0.3260373917008664,3.919309905307458e-06,0.2274630598462758,0.8310908784118692,0.0045046301031468625,715.0,2193.0,377107204.0,168981435.0,8358453.0,10057207.0,377112873.0,85779248.0
25.7,sysbench,mcf-attacker,1,0.4472740644998733,10562.9,4.0226257184228555e-06,966.0,2483.0,168674593.0,377116865.0,17306255.36,0.4472740644998733,0.3890455094643576,4.0226257184228555e-06,0.2276485850427022,0.8287777367220416,0.004568674514921622,966.0,2483.0,377116865.0,168674593.0,8339329.0,10062202.0,377105656.0,85847569.0
25.8,sysbench,mcf-attacker,1,0.4480250776254151,10588.600000000002,3.951138282897566e-06,702.0,2192.0,168953177.0,377106518.0,17348362.240000002,0.4480250776254151,0.32025547445255476,3.951138282897566e-06,0.22753109856964454,0.8297530466398948,0.004539557156989839,702.0,2192.0,377106518.0,168953177.0,8343449.0,10055340.0,377105286.0,85803180.0
25.9,sysbench,mcf-attacker,1,0.4472037135882104,10544.099999999999,3.903399496608903e-06,666.0,2138.0,168643734.0,377107186.0,17275453.439999998,0.4472037135882104,0.3115060804490178,3.903399496608903e-06,0.2275282974752567,0.8290672288148746,0.004559010610457225,666.0,2138.0,377107186.0,168643734.0,8338827.0,10058083.0,377111647.0,85803571.0
26.0,sysbench,mcf-attacker,1,0.44720761540278187,10569.300000000001,4.099547829685722e-06,1050.0,2596.0,168648593.0,377114761.0,17316741.12,0.44720761540278187,0.40446841294298924,4.099547829685722e-06,0.22722448076073082,0.8308259269789734,0.004509366341549521,1050.0,2596.0,377114761.0,168648593.0,8351424.0,10051954.0,377110634.0,85688768.0
26.1,sysbench,mcf-attacker,1,0.44709615724607804,10563.8,3.9246762347621465e-06,681.0,2161.0,168600484.0,377101170.0,17307729.919999998,0.44709615724607804,0.3151318833873207,3.9246762347621465e-06,0.2272449199657254,0.8311528777400443,0.004503284995452831,681.0,2161.0,377101170.0,168600484.0,8359473.0,10057684.0,377104936.0,85695181.0
26.2,sysbench,mcf-attacker,1,0.44749713449501843,10557.7,3.9140066331115915e-06,660.0,2136.0,168754382.0,377107179.0,17297735.68,0.44749713449501843,0.3089887640449438,3.9140066331115915e-06,0.22765785191430074,0.8289845083187025,0.004570035369615695,660.0,2136.0,377107179.0,168754382.0,8354069.0,10077473.0,377109554.0,85851951.0
26.4,sysbench,mcf-attacker,1,0.44749958021894454,10540.3,3.850363023601938e-06,679.0,2131.0,168755358.0,377107299.0,17269227.52,0.44749958021894454,0.31862975129047394,3.850363023601938e-06,0.22778416999314494,0.8275022320906211,0.004613020765563661,679.0,2131.0,377107299.0,168755358.0,8345125.0,10084716.0,377104524.0,85898441.0
26.5,sysbench,mcf-attacker,1,0.44722100892329925,10547.1,3.884854761124855e-06,683.0,2148.0,168649491.0,377105475.0,17280368.64,0.44722100892329925,0.31797020484171323,3.884854761124855e-06,0.2278293900385875,0.8270450929887986,0.004620474139175749,683.0,2148.0,377105475.0,168649491.0,8332060.0,10074493.0,377111298.0,85917037.0
26.6,sysbench,mcf-attacker,1,0.4474481339486974,10546.7,4.027918337278281e-06,809.0,2328.0,168740689.0,377117874.0,17279713.28,0.4474481339486974,0.3475085910652921,4.027918337278281e-06,0.22770069064518272,0.8283335515950967,0.004588420763532067,809.0,2328.0,377117874.0,168740689.0,8349304.0,10079640.0,377109269.0,85868041.0
26.7,sysbench,mcf-attacker,1,0.44813240827144357,10557.9,3.855700345618721e-06,697.0,2151.0,168992521.0,377103994.0,17298063.36,0.44813240827144357,0.3240353324035332,3.855700345618721e-06,0.22755575101195838,0.8285579262110041,0.0045800530428587475,697.0,2151.0,377103994.0,168992521.0,8347248.0,10074429.0,377109388.0,85813410.0
26.8,sysbench,mcf-attacker,1,0.4472071290317616,10553.600000000002,3.88481098938727e-06,704.0,2169.0,168646157.0,377109724.0,17291018.240000002,0.4472071290317616,0.32457353619179347,3.88481098938727e-06,0.2272793693409532,0.8299755613485683,0.0045365703256903134,704.0,2169.0,377109724.0,168646157.0,8351156.0,10061930.0,377107347.0,85708720.0
26.9,sysbench,mcf-attacker,1,0.44722469940364673,10545.2,3.826482921237299e-06,665.0,2108.0,168652325.0,377108700.0,17277255.68,0.44722469940364673,0.31546489563567365,3.826482921237299e-06,0.22770366567610223,0.8282546727858856,0.004588617163137416,665.0,2108.0,377108700.0,168652325.0,8344964.0,10075360.0,377106204.0,85868465.0
27.0,sysbench,mcf-attacker,1,0.44723963673362477,10563.800000000001,4.009476004073691e-06,658.0,2170.0,168657034.0,377106634.0,17307729.92,0.44723963673362477,0.3032258064516129,4.009476004073691e-06,0.2277099269632367,0.8277430224517026,0.004605257613620785,658.0,2170.0,377106634.0,168657034.0,8345229.0,10081908.0,377107894.0,85871211.0
27.1,sysbench,mcf-attacker,1,0.4473816004241753,10553.899999999998,4.126177489338524e-06,956.0,2512.0,168709604.0,377104476.0,17291509.759999998,0.4473816004241753,0.38057324840764334,4.126177489338524e-06,0.22717982218804197,0.8291279281781311,0.004555065933323341,956.0,2512.0,377104476.0,168709604.0,8335301.0,10053094.0,377117044.0,85673383.0
27.2,sysbench,mcf-attacker,1,0.448041987319643,10546.0,4.017394975517027e-06,770.0,2285.0,168961134.0,377110045.0,17278566.4,0.448041987319643,0.33698030634573306,4.017394975517027e-06,0.22763335708731888,0.829058802086129,0.004568643736703022,770.0,2285.0,377110045.0,168961134.0,8355728.0,10078571.0,377101630.0,85840910.0
27.3,sysbench,mcf-attacker,1,0.4472117139700124,10538.599999999999,3.882102292886289e-06,641.0,2105.0,168650360.0,377115256.0,17266442.24,0.4472117139700124,0.30451306413301665,3.882102292886289e-06,0.2275631950662279,0.8286024206802539,0.004578521097582495,641.0,2105.0,377115256.0,168650360.0,8346953.0,10073532.0,377104083.0,85815010.0
27.4,sysbench,mcf-attacker,1,0.4473789771529407,10540.5,3.948497495802693e-06,738.0,2227.0,168709059.0,377105469.0,17269555.2,0.4473789771529407,0.3313875168387966,3.948497495802693e-06,0.22760507980048947,0.8284560514674322,0.004583590545164875,738.0,2227.0,377105469.0,168709059.0,8347751.0,10076275.0,377111346.0,85832458.0
27.5,sysbench,mcf-attacker,1,0.44714444731827835,10547.7,3.868922896983384e-06,651.0,2110.0,168621543.0,377107541.0,17281351.68,0.44714444731827835,0.3085308056872038,3.868922896983384e-06,0.22772625712184225,0.8278858798268878,0.004602837093603677,651.0,2110.0,377107541.0,168621543.0,8349244.0,10085018.0,377109588.0,85877755.0
27.6,sysbench,mcf-attacker,1,0.4480352133417429,10545.900000000001,3.8503445227023425e-06,688.0,2140.0,168958161.0,377109111.0,17278402.560000002,0.4480352133417429,0.32149532710280376,3.8503445227023425e-06,0.2278518248486252,0.8267937279206693,0.00463177848074854,688.0,2140.0,377109111.0,168958161.0,8337698.0,10084375.0,377107197.0,85924563.0
27.7,sysbench,mcf-attacker,1,0.4684930283708398,10626.0,4.0792327907729444e-05,30990.0,46450.0,177555501.0,378992835.0,17409638.4,0.4684930283708398,0.6671689989235737,4.0792327907729444e-05,0.22649488004076757,0.8346038390684012,0.00439697368588869,30990.0,46450.0,378992835.0,177555501.0,8291149.0,9934233.0,373685202.0,84637785.0
27.8,sysbench,mcf-attacker,1,0.4471464440258495,10568.699999999999,4.534737930308376e-06,1044.0,2754.0,168614026.0,377089046.0,17315758.08,0.4471464440258495,0.3790849673202614,4.534737930308376e-06,0.2265484136587017,0.8350723445748219,0.004389771259720093,1044.0,2754.0,377089046.0,168614026.0,8380842.0,10036067.0,377064066.0,85423266.0
27.9,sysbench,mcf-attacker,1,0.44713945174610553,10568.4,3.7973403073149855e-06,628.0,2060.0,168618992.0,377106049.0,17315266.56,0.44713945174610553,0.3048543689320388,3.7973403073149855e-06,0.22720567490668586,0.8317376973339516,0.0044905809304655285,628.0,2060.0,377106049.0,168618992.0,8370792.0,10064221.0,377106888.0,85680825.0
28.0,sysbench,mcf-attacker,1,0.4472327426405498,10571.0,3.7760886257334614e-06,642.0,2066.0,168655847.0,377109793.0,17319526.4,0.4472327426405498,0.3107454017424976,3.7760886257334614e-06,0.22723397554709704,0.8308324444718781,0.004513041173295297,642.0,2066.0,377109793.0,168655847.0,8358692.0,10060623.0,377113998.0,85693113.0
28.1,sysbench,mcf-attacker,1,0.44814771394090736,10558.5,3.921919374295233e-06,996.0,2475.0,169001554.0,377111271.0,17299046.4,0.44814771394090736,0.4024242424242424,3.921919374295233e-06,0.22733354590408403,0.8297994363796277,0.004545392905519876,996.0,2475.0,377111271.0,169001554.0,8357174.0,10071318.0,377116794.0,85731298.0
28.2,sysbench,mcf-attacker,1,0.44712327961762405,10536.199999999999,4.03693495965e-06,833.0,2356.0,168684599.0,377266420.0,17262510.08,0.44712327961762405,0.35356536502546687,4.03693495965e-06,0.22764422994852299,0.8280218459025839,0.004595512630924221,833.0,2356.0,377266420.0,168684599.0,8347116.0,10080792.0,377254104.0,85879720.0
28.5,sysbench,mcf-attacker,1,0.4472385909271482,10505.4,3.122091096220417e-06,663.0,1842.0,168891388.0,377631518.0,17212047.36,0.4472385909271482,0.35993485342019543,3.122091096220417e-06,0.2262596700350812,0.8289897779632613,0.004540771414801945,663.0,1842.0,377631518.0,168891388.0,8312981.0,10027845.0,377659178.0,85449041.0
28.6,sysbench,mcf-attacker,1,0.44772845341612577,10517.6,3.37128152514022e-06,639.0,1912.0,169062808.0,377601215.0,17232035.84,0.44772845341612577,0.3342050209205021,3.37128152514022e-06,0.22663214235760581,0.8292828105379254,0.0045441611132116,639.0,1912.0,377601215.0,169062808.0,8335571.0,10051542.0,377621074.0,85581073.0
28.7,sysbench,mcf-attacker,1,0.4472501390503775,10513.3,3.4000787414808734e-06,624.0,1908.0,168898788.0,377638313.0,17224990.72,0.4472501390503775,0.3270440251572327,3.4000787414808734e-06,0.22678297551271578,0.828073651724929,0.004576192488163409,624.0,1908.0,377638313.0,168898788.0,8323851.0,10052066.0,377653476.0,85645379.0
28.8,sysbench,mcf-attacker,1,0.4474896224738599,10536.199999999999,3.58241587384584e-06,1417.0,2769.0,168882115.0,377398953.0,17262510.08,0.4474896224738599,0.5117370892018779,3.58241587384584e-06,0.22695580403453472,0.8279185689914315,0.004584471651816421,1417.0,2769.0,377398953.0,168882115.0,8320931.0,10050422.0,377249797.0,85619031.0
28.9,sysbench,mcf-attacker,1,0.44757061432160483,10537.4,3.3462855144041535e-06,568.0,1832.0,169061861.0,377732263.0,17264476.16,0.44757061432160483,0.31004366812227074,3.3462855144041535e-06,0.22682481632507298,0.8284480167134154,0.004566491115970138,568.0,1832.0,377732263.0,169061861.0,8333743.0,10059464.0,377909637.0,85719284.0
29.0,sysbench,mcf-attacker,1,0.44722626466298204,10546.100000000002,3.3950049578062455e-06,785.0,2067.0,168878714.0,377613587.0,17278730.240000002,0.44722626466298204,0.37977745524915335,3.3950049578062455e-06,0.22669659579317294,0.8291893734833182,0.004547887069802736,785.0,2067.0,377613587.0,168878714.0,8337029.0,10054433.0,377626791.0,85606708.0
29.1,sysbench,mcf-attacker,1,0.447369021151143,6219.8,4.219673855121988e-06,929.0,2520.0,168677518.0,377043358.0,10190520.32,0.447369021151143,0.3686507936507937,4.219673855121988e-06,0.872240125688664,0.8237380061683685,0.0015271000085525554,929.0,2520.0,377043358.0,168677518.0,2621435.0,3182365.0,367317135.0,320388744.0
29.2,sysbench,mcf-attacker,1,0.44750684352391445,1659.9,4.241752332787485e-06,1015.0,2615.0,168800744.0,377202598.0,2719580.16,0.44750684352391445,0.3881453154875717,4.241752332787485e-06,1.0103267892627295,0.6759281274413234,2.530534293817459e-05,1015.0,2615.0,377202598.0,168800744.0,19900.0,29441.0,377035001.0,380928562.0
29.3,sysbench,mcf-attacker,1,0.4471986827949461,7019.9,3.631246392990651e-06,559.0,1928.0,168596380.0,377005538.0,11501404.16,0.4471986827949461,0.2899377593360996,3.631246392990651e-06,0.33439506763735216,0.8333763283595844,0.0038444556977790547,559.0,1928.0,377005538.0,168596380.0,7252505.0,8702557.0,377180052.0,126127149.0
29.4,sysbench,mcf-attacker,1,0.44725267376309985,10620.5,3.566096575266939e-06,833.0,2178.0,168687200.0,377163089.0,17400627.2,0.44725267376309985,0.3824609733700643,3.566096575266939e-06,0.22870997495579778,0.8313360368438819,0.004510716449353415,833.0,2178.0,377163089.0,168687200.0,8385591.0,10086885.0,377167135.0,86261886.0
29.5,sysbench,mcf-attacker,1,0.4470941509219208,10612.6,3.877002195510279e-06,755.0,2217.0,168597183.0,377095479.0,17387683.84,0.4470941509219208,0.34055029318899416,3.877002195510279e-06,0.2292065394969843,0.8304448817509633,0.00455512960067295,755.0,2217.0,377095479.0,168597183.0,8409192.0,10126129.0,376923853.0,86393412.0
29.6,sysbench,mcf-attacker,1,0.4472949119935517,10634.300000000001,3.5832099703011043e-06,512.0,1863.0,168646390.0,377036236.0,17423237.12,0.4472949119935517,0.274825550187869,3.5832099703011043e-06,0.22945447619222742,0.8298692240662109,0.004574504878281628,512.0,1863.0,377036236.0,168646390.0,8416854.0,10142386.0,377206287.0,86551671.0
29.7,sysbench,mcf-attacker,1,0.4473233269744995,10632.7,3.842363894819561e-06,771.0,2220.0,168690816.0,377111601.0,17420615.68,0.4473233269744995,0.3472972972972973,3.842363894819561e-06,0.22928960865138,0.8293375495825139,0.004585017716119418,771.0,2220.0,377111601.0,168690816.0,8402513.0,10131596.0,377115882.0,86468753.0
29.8,sysbench,mcf-attacker,1,0.4471392776956863,10642.1,3.643031671459441e-06,636.0,2010.0,168642335.0,377158401.0,17436016.64,0.4471392776956863,0.3164179104477612,3.643031671459441e-06,0.22873028826740055,0.8289767798725903,0.00458126504557015,636.0,2010.0,377158401.0,168642335.0,8375547.0,10103476.0,377172895.0,86270865.0
29.9,sysbench,mcf-attacker,1,0.4473325243862097,10606.199999999999,3.861120256520949e-06,647.0,2103.0,168685799.0,377092632.0,17377198.08,0.4473325243862097,0.3076557299096529,3.861120256520949e-06,0.22907871257095078,0.8292546079695705,0.004585463752504408,647.0,2103.0,377092632.0,168685799.0,8397878.0,10127020.0,377092066.0,86383765.0
30.0,sysbench,mcf-attacker,1,0.4479513677814129,10644.2,3.8795114126886e-06,785.0,2248.0,168926646.0,377109343.0,17439457.28,0.4479513677814129,0.34919928825622776,3.8795114126886e-06,0.2287060634179535,0.8303805843452583,0.004543850780067983,785.0,2248.0,377109343.0,168926646.0,8388738.0,10102281.0,377112516.0,86247919.0
30.1,sysbench,mcf-attacker,1,0.4475017638700898,10624.0,3.87187276096858e-06,1018.0,2478.0,168743297.0,377078507.0,17406361.6,0.4475017638700898,0.41081517352703795,3.87187276096858e-06,0.22842390780157365,0.8310460474826612,0.0045220214818335845,1018.0,2478.0,377078507.0,168743297.0,8387599.0,10092821.0,377092857.0,86137024.0
30.2,sysbench,mcf-attacker,1,0.4473944294831209,10611.400000000001,3.528607787320316e-06,622.0,1953.0,168758338.0,377202591.0,17385717.76,0.4473944294831209,0.318484383000512,3.528607787320316e-06,0.22840835782960772,0.8298151143364708,0.004561036536382594,622.0,1953.0,377202591.0,168758338.0,8388874.0,10109329.0,377207020.0,86157236.0
30.3,sysbench,mcf-attacker,1,0.44745576090588773,10610.900000000001,3.684284080864236e-06,748.0,2138.0,168815296.0,377278182.0,17384898.560000002,0.44745576090588773,0.3498596819457437,3.684284080864236e-06,0.22888245749909258,0.8289534222019538,0.0045948262081728095,748.0,2138.0,377278182.0,168815296.0,8397866.0,10130685.0,377123948.0,86317056.0
30.4,sysbench,mcf-attacker,1,0.4472434511247914,10595.3,3.2855970990389225e-06,520.0,1759.0,168655687.0,377100406.0,17359339.52,0.4472434511247914,0.2956225127913587,3.2855970990389225e-06,0.2286414174152569,0.827577397842167,0.004620943624244993,520.0,1759.0,377100406.0,168655687.0,8367693.0,10111070.0,377277271.0,86261210.0
30.6,sysbench,mcf-attacker,1,0.4473156470271063,10603.0,3.1513496192327535e-06,697.0,1887.0,168913540.0,377615988.0,17371955.2,0.4473156470271063,0.36936936936936937,3.1513496192327535e-06,0.22843542217064208,0.8276713914792886,0.004617755913748102,697.0,1887.0,377615988.0,168913540.0,8375374.0,10119202.0,377635378.0,86265297.0
30.7,sysbench,mcf-attacker,1,0.4473384947181204,10590.8,3.3137717575120516e-06,638.0,1890.0,169012182.0,377817210.0,17351966.72,0.4473384947181204,0.33756613756613757,3.3137717575120516e-06,0.22830851143171707,0.8279811673105615,0.004607777860510731,638.0,1890.0,377817210.0,169012182.0,8379749.0,10120700.0,377828761.0,86261522.0
30.8,sysbench,mcf-attacker,1,0.4475372419378472,10592.9,3.570591516710227e-06,791.0,2140.0,169083396.0,377808549.0,17355407.36,0.4475372419378472,0.36962616822429906,3.570591516710227e-06,0.22768295209329692,0.8287096677952634,0.004575842665338486,791.0,2140.0,377808549.0,169083396.0,8360793.0,10088929.0,377665083.0,85987901.0
30.9,sysbench,mcf-attacker,1,0.4473328641222175,10593.7,3.197264281876244e-06,484.0,1691.0,168872736.0,377510238.0,17356718.080000002,0.4473328641222175,0.28622117090479005,3.197264281876244e-06,0.2282557409100784,0.8296274241467295,0.004560370852057619,484.0,1691.0,377510238.0,168872736.0,8387106.0,10109485.0,377683977.0,86208536.0
31.0,sysbench,mcf-attacker,1,0.44719170247326556,10601.6,3.7290379040097066e-06,724.0,2132.0,168849428.0,377577283.0,17369661.44,0.44719170247326556,0.3395872420262664,3.7290379040097066e-06,0.22832563105436798,0.8286164045916333,0.004590630175937065,724.0,2132.0,377577283.0,168849428.0,8380594.0,10113961.0,377588029.0,86213025.0
31.1,sysbench,mcf-attacker,1,0.4476671226599718,10601.0,3.544929757839464e-06,966.0,2304.0,168967695.0,377440483.0,17368678.4,0.4476671226599718,0.4192708333333333,3.544929757839464e-06,0.2278556950710432,0.8292312549282184,0.004564237207425187,966.0,2304.0,377440483.0,168967695.0,8365770.0,10088585.0,377459567.0,86006312.0
31.2,sysbench,mcf-attacker,1,0.4474830293757146,10597.7,3.508109262172075e-06,776.0,2100.0,168885142.0,377411278.0,17363271.68,0.4474830293757146,0.36952380952380953,3.508109262172075e-06,0.22833129845860228,0.8289034173665701,0.004587875574876411,776.0,2100.0,377411278.0,168885142.0,8385119.0,10115918.0,377255000.0,86139124.0
31.3,sysbench,mcf-attacker,1,0.44737925860958966,10570.599999999999,3.1375744335586616e-06,488.0,1673.0,168966325.0,377680283.0,17318871.04,0.44737925860958966,0.2916915720263001,3.1375744335586616e-06,0.2280866864760395,0.827893872195894,0.00460250482419122,488.0,1673.0,377680283.0,168966325.0,8365981.0,10105137.0,377871630.0,86187488.0
31.4,sysbench,mcf-attacker,1,0.44751448765017915,10585.1,3.464915983940133e-06,698.0,2007.0,169065128.0,377786938.0,17342627.84,0.44751448765017915,0.34778276033881417,3.464915983940133e-06,0.22805505548895255,0.8284543499235911,0.0045912996210740395,698.0,2007.0,377786938.0,169065128.0,8376830.0,10111396.0,377794120.0,86157859.0
31.5,sysbench,mcf-attacker,1,0.44754114969186537,10590.0,3.4710592360881715e-06,753.0,2064.0,169033833.0,377694505.0,17350656.0,0.44754114969186537,0.3648255813953488,3.4710592360881715e-06,0.22810634891018297,0.8288026445182659,0.0045857348043285995,753.0,2064.0,377694505.0,169033833.0,8381677.0,10112995.0,377544292.0,86120250.0
31.6,sysbench,mcf-attacker,1,0.44758116251478763,10601.199999999999,3.2528586443871454e-06,565.0,1792.0,168830603.0,377206677.0,17369006.08,0.44758116251478763,0.31529017857142855,3.2528586443871454e-06,0.22871511554966695,0.8282073833667554,0.00460953899220391,565.0,1792.0,377206677.0,168830603.0,8386476.0,10126058.0,377387414.0,86314206.0
31.7,sysbench,mcf-attacker,1,0.4475841697730327,10580.500000000002,3.610937696534186e-06,767.0,2131.0,169070989.0,377741217.0,17335091.200000003,0.4475841697730327,0.3599249178789301,3.610937696534186e-06,0.2284333502364607,0.8270355977742714,0.004638983619016737,767.0,2131.0,377741217.0,169070989.0,8375258.0,10126841.0,377579044.0,86251646.0
31.8,sysbench,mcf-attacker,1,0.4473096352612404,10595.9,3.3876423072980127e-06,654.0,1933.0,168881178.0,377548715.0,17360322.56,0.4473096352612404,0.33833419555095706,3.3876423072980127e-06,0.22845831558061508,0.8280285666734325,0.0046095226979899675,654.0,1933.0,377548715.0,168881178.0,8383280.0,10124385.0,377719151.0,86293081.0
31.9,sysbench,mcf-attacker,1,0.4475448049671253,10598.099999999999,3.616680218257848e-06,624.0,1988.0,168787694.0,377141444.0,17363927.04,0.4475448049671253,0.31388329979879276,3.616680218257848e-06,0.22847806766155349,0.8283192430264548,0.004604475174212419,624.0,1988.0,377141444.0,168787694.0,8378638.0,10115228.0,377152647.0,86171108.0
32.0,sysbench,mcf-attacker,1,0.4472560077207275,10590.5,3.474653406366014e-06,647.0,1960.0,169008839.0,377879416.0,17351475.2,0.4472560077207275,0.33010204081632655,3.474653406366014e-06,0.22732131692033555,0.8301405258624599,0.004530069375312902,647.0,1960.0,377879416.0,169008839.0,8366690.0,10078643.0,377908782.0,85906722.0
32.1,sysbench,mcf-attacker,1,0.44743656685388067,10605.2,3.680090818702354e-06,840.0,2228.0,168757236.0,377164605.0,17375559.68,0.44743656685388067,0.3770197486535009,3.680090818702354e-06,0.22799672655719033,0.8305307799917039,0.004530908692698709,840.0,2228.0,377164605.0,168757236.0,8375236.0,10084197.0,377178424.0,85995446.0
32.2,sysbench,mcf-attacker,1,0.44777107149270107,10581.199999999999,3.357876082253516e-06,628.0,1897.0,169220506.0,377917460.0,17336238.08,0.44777107149270107,0.33104902477596204,3.357876082253516e-06,0.22776579526525617,0.8290120132865605,0.004569950296461444,628.0,1897.0,377917460.0,169220506.0,8373629.0,10100733.0,377926211.0,86078664.0
32.3,sysbench,mcf-attacker,1,0.44744826253315845,10576.7,3.385575420014606e-06,658.0,1936.0,168904487.0,377483837.0,17328865.28,0.44744826253315845,0.33987603305785125,3.385575420014606e-06,0.22859922559860124,0.8273107559053469,0.004630093147629459,658.0,1936.0,377483837.0,168904487.0,8373280.0,10121082.0,377487438.0,86293336.0
32.4,sysbench,mcf-attacker,1,0.44730680438829795,10597.4,3.4830883456492183e-06,595.0,1909.0,168747124.0,377251413.0,17362780.16,0.44730680438829795,0.3116815086432687,3.4830883456492183e-06,0.22853557991430865,0.8274145685013301,0.004627847957663497,595.0,1909.0,377251413.0,168747124.0,8370537.0,10116497.0,377272550.0,86220201.0
32.5,sysbench,mcf-attacker,1,0.4478237610205639,10584.099999999999,3.465862368091486e-06,603.0,1910.0,168877351.0,377106723.0,17340989.439999998,0.4478237610205639,0.3157068062827225,3.465862368091486e-06,0.22863995281050156,0.8276947839685638,0.004625791463738313,603.0,1910.0,377106723.0,168877351.0,8379899.0,10124383.0,377121194.0,86224972.0
32.7,sysbench,mcf-attacker,1,0.4473196871858997,10588.5,3.4491862775706703e-06,644.0,1945.0,168724698.0,377190414.0,17348198.4,0.4473196871858997,0.3311053984575835,3.4491862775706703e-06,0.22853534595700278,0.8279997413824296,0.004612456399479902,644.0,1945.0,377190414.0,168724698.0,8375484.0,10115322.0,377204216.0,86204496.0
32.8,sysbench,mcf-attacker,1,0.44738116314728893,10597.3,3.5983310776057843e-06,608.0,1965.0,168716059.0,377119273.0,17362616.32,0.44738116314728893,0.3094147582697201,3.5983310776057843e-06,0.2283988108945562,0.828390743819695,0.004602174281663884,608.0,1965.0,377119273.0,168716059.0,8378397.0,10114064.0,377140650.0,86138476.0
32.9,sysbench,mcf-attacker,1,0.4475906730729591,9058.099999999999,3.68533063658336e-06,670.0,2060.0,168818241.0,377171043.0,14840791.04,0.4475906730729591,0.32524271844660196,3.68533063658336e-06,0.2283447313765245,0.8291690671122052,0.0045821968297112695,670.0,2060.0,377171043.0,168818241.0,8385143.0,10112706.0,377016323.0,86089691.0
33.0,sysbench,mcf-attacker,1,0.4473132889295939,1623.4,3.2628798584231397e-06,711.0,1942.0,168759710.0,377274081.0,2659778.56,0.4473132889295939,0.36611740473738413,3.2628798584231397e-06,0.6983206995123691,0.8236207779512854,0.002591527056006685,711.0,1942.0,377274081.0,168759710.0,4442029.0,5393294.0,367067362.0,256330737.0
33.1,sysbench,mcf-attacker,1,0.44738338188508187,4214.700000000001,3.806536342623618e-06,968.0,2405.0,168891050.0,377508546.0,6905364.48,0.44738338188508187,0.4024948024948025,3.806536342623618e-06,1.0049029768103952,0.6323195642305947,2.5745767475289306e-05,968.0,2405.0,377508546.0,168891050.0,16716.0,26436.0,377537784.0,379388843.0
33.2,sysbench,mcf-attacker,1,0.4474430795684578,10588.4,3.7049126127687077e-06,795.0,2195.0,169078296.0,377876659.0,17348034.56,0.4474430795684578,0.3621867881548975,3.7049126127687077e-06,0.5018995675659836,0.8367941214601893,0.002798150090054069,795.0,2195.0,377876659.0,169078296.0,5421723.0,6479160.0,377905747.0,189670731.0
33.3,sysbench,mcf-attacker,1,0.44725356774242764,10601.900000000001,3.744312483475768e-06,674.0,2086.0,168661681.0,377105278.0,17370152.96,0.44725356774242764,0.3231064237775647,3.744312483475768e-06,0.2280583500188609,0.8334299739159817,0.004447303642007938,674.0,2086.0,377105278.0,168661681.0,8391168.0,10068234.0,377097256.0,86000178.0
33.5,sysbench,mcf-attacker,1,0.4474541878326078,10580.8,3.468654444685939e-06,479.0,1787.0,168731157.0,377091469.0,17335582.72,0.4474541878326078,0.268047006155568,3.468654444685939e-06,0.2284222555364201,0.8292602736901806,0.004565917349025686,479.0,1787.0,377091469.0,168731157.0,8366285.0,10088853.0,377266575.0,86176082.0
33.6,sysbench,mcf-attacker,1,0.44744515378696886,10591.7,3.600926871152043e-06,698.0,2056.0,168742810.0,377125126.0,17353441.28,0.44744515378696886,0.33949416342412453,3.600926871152043e-06,0.22858956662366903,0.828933617251135,0.004581476374490174,698.0,2056.0,377125126.0,168742810.0,8372707.0,10100576.0,377142401.0,86210818.0
33.7,sysbench,mcf-attacker,1,0.447388258942372,10586.399999999998,3.7411076013311674e-06,729.0,2140.0,168737417.0,377161031.0,17344757.759999998,0.447388258942372,0.3406542056074766,3.7411076013311674e-06,0.22814421605890167,0.8302266569196868,0.004542373210301419,729.0,2140.0,377161031.0,168737417.0,8378092.0,10091331.0,377168260.0,86048757.0
33.8,sysbench,mcf-attacker,1,0.44734485896554993,10615.699999999999,3.664387081160391e-06,615.0,1997.0,168713234.0,377143563.0,17392762.88,0.44734485896554993,0.30796194291437157,3.664387081160391e-06,0.22824767333308418,0.8308437192195581,0.0045271616587941235,615.0,1997.0,377143563.0,168713234.0,8386259.0,10093666.0,377147345.0,86083004.0
33.9,sysbench,mcf-attacker,1,0.4472947681088039,10616.100000000002,3.5744215718144976e-06,608.0,1956.0,168685572.0,377123955.0,17393418.240000002,0.4472947681088039,0.310838445807771,3.5744215718144976e-06,0.2284544161673612,0.8297574797093661,0.004564121067142365,608.0,1956.0,377123955.0,168685572.0,8389224.0,10110453.0,377121679.0,86155113.0
34.0,sysbench,mcf-attacker,1,0.44741406264270805,10582.6,4.090494839681596e-06,943.0,2485.0,168662353.0,376971506.0,17338531.84,0.44741406264270805,0.379476861167002,4.090494839681596e-06,0.22667673498782284,0.8364186918298228,0.004347338257290468,943.0,2485.0,376971506.0,168662353.0,8380068.0,10018987.0,376993669.0,85455694.0
34.1,sysbench,mcf-attacker,1,0.4472466859328597,10796.0,3.8132288769554094e-06,629.0,2067.0,168660407.0,377108232.0,17688166.4,0.4472466859328597,0.3043057571359458,3.8132288769554094e-06,0.22737370635445042,0.8369638122826575,0.004350412124549992,629.0,2067.0,377108232.0,168660407.0,8421673.0,10062171.0,377090251.0,85740408.0
34.2,sysbench,mcf-attacker,1,0.4481967232998931,10633.0,3.7416943302556617e-06,578.0,1989.0,169015831.0,377101889.0,17421107.2,0.4481967232998931,0.2905982905982906,3.7416943302556617e-06,0.22784070674735113,0.8332972206471884,0.004451729316776446,578.0,1989.0,377101889.0,169015831.0,8391578.0,10070330.0,377101095.0,85918980.0
34.3,sysbench,mcf-attacker,1,0.44730496141312637,10600.5,3.839749812933515e-06,580.0,2028.0,168682236.0,377107903.0,17367859.2,0.44730496141312637,0.2859960552268245,3.839749812933515e-06,0.22826468679596523,0.8311685778246002,0.004521208181348813,580.0,2028.0,377107903.0,168682236.0,8393703.0,10098677.0,377105838.0,86079946.0
34.4,sysbench,mcf-attacker,1,0.44730574283258817,10602.5,3.743995385106742e-06,590.0,2002.0,168695643.0,377137217.0,17371136.0,0.44730574283258817,0.2947052947052947,3.743995385106742e-06,0.22801975228452764,0.8310601222019013,0.004520865584354652,590.0,2002.0,377137217.0,168695643.0,8387456.0,10092478.0,377145033.0,85996517.0
34.5,sysbench,mcf-attacker,1,0.44751484081604875,10602.9,3.7574304313744396e-06,592.0,2009.0,168766539.0,377119424.0,17371791.36,0.44751484081604875,0.2946739671478347,3.7574304313744396e-06,0.22840933161897914,0.8294721025087703,0.0045705095870591395,592.0,2009.0,377119424.0,168766539.0,8384056.0,10107701.0,377123156.0,86138448.0
34.6,sysbench,mcf-attacker,1,0.44785901223394115,10599.8,3.813249474726873e-06,729.0,2167.0,168890408.0,377106195.0,17366712.32,0.44785901223394115,0.33640978311029074,3.813249474726873e-06,0.22843508454309894,0.8294661957883991,0.004575117817117182,729.0,2167.0,377106195.0,168890408.0,8388171.0,10112734.0,376943954.0,86107224.0
34.8,sysbench,mcf-attacker,1,0.44725879220678916,10615.699999999999,3.5459649324596054e-06,498.0,1835.0,168638161.0,377048286.0,17392762.88,0.44725879220678916,0.27138964577656677,3.5459649324596054e-06,0.22871192826949452,0.8288180101297691,0.004592161642868249,498.0,1835.0,377048286.0,168638161.0,8387044.0,10119283.0,377216469.0,86273906.0
34.9,sysbench,mcf-attacker,1,0.44743505360315217,10601.199999999999,3.773235023776299e-06,557.0,1980.0,168741167.0,377129967.0,17369006.08,0.44743505360315217,0.2813131313131313,3.773235023776299e-06,0.22826722734085658,0.8304151344794866,0.004543621573834931,557.0,1980.0,377129967.0,168741167.0,8390757.0,10104292.0,377129779.0,86086369.0
35.0,sysbench,mcf-attacker,1,0.44781535080731383,10598.199999999999,3.7202046147539326e-06,583.0,1986.0,168884511.0,377129794.0,17364090.88,0.44781535080731383,0.2935548841893253,3.7202046147539326e-06,0.22837234060606446,0.8293714260046614,0.004572845041083454,583.0,1986.0,377129794.0,168884511.0,8382632.0,10107211.0,377134800.0,86127157.0
35.1,sysbench,mcf-attacker,1,0.44794383800997767,10603.3,4.131904380062898e-06,884.0,2442.0,168904320.0,377065841.0,17372446.72,0.44794383800997767,0.361998361998362,4.131904380062898e-06,0.2278209735971077,0.830821294360398,0.004524753112271409,884.0,2442.0,377065841.0,168904320.0,8615503.0,10369863.0,387725022.0,88331892.0
35.2,sysbench,mcf-attacker,1,0.44745135758086635,10622.4,3.977653995955049e-06,661.0,2161.0,168736908.0,377106707.0,17403740.16,0.44745135758086635,0.3058769088385007,3.977653995955049e-06,0.22821790655653462,0.830946794205234,0.004528903525352903,661.0,2161.0,377106707.0,168736908.0,8394694.0,10102565.0,377104743.0,86062055.0
35.3,sysbench,mcf-attacker,1,0.44744758325058065,10593.0,4.051591524015379e-06,687.0,2215.0,168748479.0,377135748.0,17355571.2,0.44744758325058065,0.31015801354401806,4.051591524015379e-06,0.2284579750511143,0.8294675916200607,0.004573474125265172,687.0,2215.0,377135748.0,168748479.0,8390749.0,10115825.0,377191595.0,86172428.0
35.4,sysbench,mcf-attacker,1,0.4475542049508245,10587.3,3.963346294792415e-06,864.0,2359.0,168820357.0,377206504.0,17346232.32,0.4475542049508245,0.3662568885120814,3.963346294792415e-06,0.22831720338085174,0.8292515856161459,0.004577064621779937,864.0,2359.0,377206504.0,168820357.0,8378593.0,10103801.0,376924545.0,86058358.0
35.5,sysbench,mcf-attacker,1,0.44803291817509067,10603.5,3.5581163851909605e-06,739.0,2080.0,168856799.0,376884805.0,17372774.4,0.44803291817509067,0.35528846153846155,3.5581163851909605e-06,0.22834922010335426,0.8296168351342413,0.004565832394639256,739.0,2080.0,376884805.0,168856799.0,8384272.0,10106198.0,377132985.0,86118023.0
35.6,sysbench,mcf-attacker,1,0.44746641626506145,10573.0,3.6665217113626623e-06,647.0,2030.0,168782869.0,377196730.0,17322803.2,0.44746641626506145,0.3187192118226601,3.6665217113626623e-06,0.22786203531940527,0.829170394857391,0.004569960104277398,647.0,2030.0,377196730.0,168782869.0,8367083.0,10090909.0,377208107.0,85951407.0
35.7,sysbench,mcf-attacker,1,0.4473740460387958,10600.1,3.706960154179632e-06,866.0,2264.0,168717464.0,377128413.0,17367203.84,0.4473740460387958,0.3825088339222615,3.706960154179632e-06,0.22852625456528233,0.8289419339362429,0.004587068085238339,866.0,2264.0,377128413.0,168717464.0,8383331.0,10113291.0,377138505.0,86186050.0
35.8,sysbench,mcf-attacker,1,0.44742871496343484,10586.900000000001,3.6401464289067246e-06,612.0,1985.0,168762339.0,377182629.0,17345576.96,0.44742871496343484,0.30831234256926954,3.6401464289067246e-06,0.22800535749934583,0.8292752520166234,0.0045685275015913684,612.0,1985.0,377182629.0,168762339.0,8370274.0,10093481.0,377190900.0,86001546.0
35.9,sysbench,mcf-attacker,1,0.4474937967281405,10587.6,3.5471203066985494e-06,659.0,1997.0,168797968.0,377207392.0,17346723.84,0.4474937967281405,0.3299949924887331,3.5471203066985494e-06,0.22780929410418344,0.8294899823810473,0.004558961949889369,659.0,1997.0,377207392.0,168797968.0,8366012.0,10085730.0,377217011.0,85933541.0
36.0,sysbench,mcf-attacker,1,0.44727869203631226,10592.6,3.855192070865791e-06,694.0,2148.0,168692819.0,377153712.0,17354915.84,0.44727869203631226,0.3230912476722533,3.855192070865791e-06,0.22809329319933852,0.8294962226707923,0.0045635119635276545,694.0,2148.0,377153712.0,168692819.0,8371538.0,10092316.0,377073187.0,86007865.0
36.1,sysbench,mcf-attacker,1,0.4473027269154589,10610.4,3.871873551611e-06,865.0,2325.0,168668210.0,377078430.0,17384079.36,0.4473027269154589,0.3720430107526882,3.871873551611e-06,0.22774426790940014,0.8313090699272161,0.004512031931817664,865.0,2325.0,377078430.0,168668210.0,8386546.0,10088361.0,377172641.0,85898907.0
36.2,sysbench,mcf-attacker,1,0.4475658780251471,10596.400000000001,3.7305611910509425e-06,641.0,2048.0,168801732.0,377155052.0,17361141.76,0.4475658780251471,0.31298828125,3.7305611910509425e-06,0.22798265924313263,0.8306914458586306,0.004526094379401602,641.0,2048.0,377155052.0,168801732.0,8375395.0,10082438.0,377155856.0,85984995.0
36.3,sysbench,mcf-attacker,1,0.447352026757565,10584.7,3.643254212679069e-06,653.0,2027.0,168712269.0,377135363.0,17341972.48,0.447352026757565,0.32215096201282684,3.643254212679069e-06,0.22833982218182836,0.8288568334330602,0.004588193340976682,653.0,2027.0,377135363.0,168712269.0,8380530.0,10110950.0,377146269.0,86117512.0
36.4,sysbench,mcf-attacker,1,0.4471915789498248,10595.8,3.8344373229067045e-06,654.0,2100.0,168639873.0,377108785.0,17360158.72,0.4471915789498248,0.31142857142857144,3.8344373229067045e-06,0.2286471327705205,0.8282723098043849,0.004605718042970897,654.0,2100.0,377108785.0,168639873.0,8377142.0,10113995.0,377107974.0,86224657.0
36.5,sysbench,mcf-attacker,1,0.4472611535940735,10599.099999999999,3.853007217772392e-06,658.0,2111.0,168665777.0,377108040.0,17365565.439999998,0.4472611535940735,0.31170061582188535,3.853007217772392e-06,0.2287616154727222,0.8285116683555587,0.004607768697971746,658.0,2111.0,377108040.0,168665777.0,8395206.0,10132876.0,377117454.0,86269998.0
36.6,sysbench,mcf-attacker,1,0.4480492989573804,10597.9,3.8317983303908e-06,683.0,2128.0,168962764.0,377107529.0,17363599.36,0.4480492989573804,0.32095864661654133,3.8317983303908e-06,0.22868506292477087,0.8281207932389604,0.004614911728721007,683.0,2128.0,377107529.0,168962764.0,8384781.0,10125070.0,377101254.0,86237424.0
36.9,sysbench,mcf-attacker,1,0.44752591515772044,3500.4,3.906020168301579e-06,693.0,2166.0,168766582.0,377110188.0,5735055.36,0.44752591515772044,0.31994459833795014,3.906020168301579e-06,0.49229641565743487,0.8261553601784424,0.003782805757172326,693.0,2166.0,377110188.0,168766582.0,6601748.0,7990928.0,367235351.0,180788647.0
37.0,sysbench,mcf-attacker,1,0.4472084760764667,1678.2999999999997,3.945678319219949e-06,823.0,2311.0,168651917.0,377121468.0,2749726.7199999997,0.4472084760764667,0.35612289052358287,3.945678319219949e-06,1.006515899438686,0.5208218767184922,2.541487543610077e-05,823.0,2311.0,377121468.0,168651917.0,10418.0,20003.0,377141333.0,379598748.0
37.1,sysbench,mcf-attacker,1,0.44753617253604583,9763.7,4.171602720668907e-06,1010.0,2583.0,168753941.0,377073299.0,15996846.08,0.44753617253604583,0.3910181958962447,4.171602720668907e-06,0.7044934040852197,0.8370289758558545,0.0017100667621106536,1010.0,2583.0,377073299.0,168753941.0,3311937.0,3956777.0,377084693.0,265653679.0
37.2,sysbench,mcf-attacker,1,0.44752846500761073,10571.800000000001,3.7596214791883916e-06,696.0,2114.0,168792355.0,377165629.0,17320837.12,0.44752846500761073,0.32923368022705773,3.7596214791883916e-06,0.22716174196218827,0.8337733019035858,0.004416859842023008,696.0,2114.0,377165629.0,168792355.0,8356016.0,10021928.0,377171126.0,85678850.0
37.3,sysbench,mcf-attacker,1,0.44760298331704135,10578.600000000002,3.417208698752086e-06,701.0,1990.0,168839628.0,377208451.0,17331978.240000002,0.44760298331704135,0.3522613065326633,3.417208698752086e-06,0.2272380569773363,0.8315898764447988,0.004480567047109603,701.0,1990.0,377208451.0,168839628.0,8345836.0,10036000.0,377221004.0,85718968.0
37.4,sysbench,mcf-attacker,1,0.44742942382449125,10574.400000000001,3.977522352959669e-06,874.0,2374.0,168734221.0,377119188.0,17325096.96,0.44742942382449125,0.36815501263689976,3.977522352959669e-06,0.2278262081041864,0.8312580836233301,0.004506065251259732,874.0,2374.0,377119188.0,168734221.0,8371197.0,10070515.0,377117930.0,85917348.0
37.5,sysbench,mcf-attacker,1,0.4477002991313804,10548.0,3.610866359884774e-06,682.0,2044.0,168870223.0,377194796.0,17281843.2,0.4477002991313804,0.3336594911937378,3.610866359884774e-06,0.22748002676212498,0.8306247444121652,0.00451621728485364,682.0,2044.0,377194796.0,168870223.0,8354172.0,10057697.0,377201736.0,85805861.0
37.6,sysbench,mcf-attacker,1,0.4476974005043137,10558.2,3.576399750038025e-06,680.0,2029.0,168869208.0,377194971.0,17298554.880000003,0.4476974005043137,0.3351404632824051,3.576399750038025e-06,0.22758631533319912,0.8292348636788406,0.004556152959005988,680.0,2029.0,377194971.0,168869208.0,8345656.0,10064285.0,377210558.0,85847961.0
37.7,sysbench,mcf-attacker,1,0.4688346888100149,10843.800000000001,4.110837503581496e-05,31520.0,46915.0,175577605.0,374497897.0,17766481.92,0.4688346888100149,0.6718533518064584,4.110837503581496e-05,0.22707037811041164,0.8316427149798911,0.004483345137380644,31520.0,46915.0,374497897.0,175577605.0,8433085.0,10140274.0,380784648.0,86464914.0
37.8,sysbench,mcf-attacker,1,0.44713732000152806,10609.400000000001,4.276988475419889e-06,1120.0,2733.0,168630919.0,377134521.0,17382440.96,0.44713732000152806,0.40980607391145263,4.276988475419889e-06,0.22660037279234327,0.8362113631135631,0.004353561517654383,1120.0,2733.0,377134521.0,168630919.0,8382753.0,10024682.0,377146158.0,85461460.0
37.9,sysbench,mcf-attacker,1,0.4475717771393786,10553.999999999998,3.6988893142213863e-06,748.0,2143.0,168797327.0,377140239.0,17291673.599999998,0.4475717771393786,0.34904339710685955,3.6988893142213863e-06,0.22672566361684918,0.8330176464026593,0.0044417683606824705,748.0,2143.0,377140239.0,168797327.0,8356469.0,10031563.0,377123223.0,85503513.0
38.0,sysbench,mcf-attacker,1,0.44735898071257835,10571.100000000002,3.879641512744409e-06,937.0,2400.0,168697594.0,377096697.0,17319690.240000002,0.44735898071257835,0.3904166666666667,3.879641512744409e-06,0.2274367389700172,0.8323538310774538,0.004478198325798209,937.0,2400.0,377096697.0,168697594.0,8384986.0,10073824.0,377124432.0,85771951.0
38.1,sysbench,mcf-attacker,1,0.4475184472936201,10603.800000000001,3.858635353429716e-06,984.0,2439.0,168748607.0,377076315.0,17373265.92,0.4475184472936201,0.4034440344403444,3.858635353429716e-06,0.2270615755754681,0.832460220859013,0.00446499665189361,984.0,2439.0,377076315.0,168748607.0,8365799.0,10049488.0,377086285.0,85621806.0
38.2,sysbench,mcf-attacker,1,0.4472212674252235,10585.1,3.8079327310757127e-06,667.0,2103.0,168650495.0,377107502.0,17342627.84,0.4472212674252235,0.3171659533999049,3.8079327310757127e-06,0.22782674442999104,0.8305116792339973,0.004535453193933067,667.0,2103.0,377107502.0,168650495.0,8380896.0,10091244.0,377106306.0,85914902.0
38.3,sysbench,mcf-attacker,1,0.4473523610223652,10560.0,3.7419735826901786e-06,702.0,2113.0,168684831.0,377073747.0,17301504.0,0.4473523610223652,0.3322290582110743,3.7419735826901786e-06,0.22778498699926844,0.8287670254196521,0.0045764017800206105,702.0,2113.0,377073747.0,168684831.0,8352208.0,10077872.0,377078780.0,85892885.0
38.5,sysbench,mcf-attacker,1,0.4473136715226858,10560.0,3.7650554392084192e-06,726.0,2146.0,168705461.0,377152481.0,17301504.0,0.4473136715226858,0.3383038210624418,3.7650554392084192e-06,0.2273955275078225,0.83013743509783,0.004533779511787278,726.0,2146.0,377152481.0,168705461.0,8356576.0,10066497.0,377151336.0,85762527.0
38.6,sysbench,mcf-attacker,1,0.4480870786525122,10568.099999999999,3.7813576474594714e-06,652.0,2078.0,168979566.0,377113231.0,17314775.04,0.4480870786525122,0.31376323387872956,3.7813576474594714e-06,0.22787490662442048,0.8293470170844106,0.004567326208564214,652.0,2078.0,377113231.0,168979566.0,8370553.0,10092944.0,377111448.0,85934236.0
38.7,sysbench,mcf-attacker,1,0.44728062278759245,10569.1,3.8129471638426636e-06,1245.0,2683.0,168685667.0,377136094.0,17316413.44,0.44728062278759245,0.46403279910547895,3.8129471638426636e-06,0.227766173975783,0.8289695932550697,0.004574989365375167,1245.0,2683.0,377136094.0,168685667.0,8362884.0,10088288.0,377138363.0,85899362.0
38.9,sysbench,mcf-attacker,1,0.4471098277905345,10571.900000000001,3.9165942143142165e-06,669.0,2146.0,168611089.0,377113359.0,17321000.96,0.4471098277905345,0.31174277726001864,3.9165942143142165e-06,0.22785162559999667,0.8285479721117811,0.0045868961817749,669.0,2146.0,377113359.0,168611089.0,8362422.0,10092864.0,377257721.0,85958785.0
39.0,sysbench,mcf-attacker,1,0.4470088632165423,10553.600000000002,4.241057555201234e-06,837.0,2437.0,168640527.0,377264392.0,17291018.240000002,0.4470088632165423,0.34345506770619616,4.241057555201234e-06,0.22798081633407408,0.8282466806951898,0.004597745349158554,837.0,2437.0,377264392.0,168640527.0,8358123.0,10091345.0,376972161.0,85942421.0
39.1,sysbench,mcf-attacker,1,0.4473575380242232,10581.300000000001,4.3295307513968e-06,1006.0,2638.0,168629707.0,376946162.0,17336401.92,0.4473575380242232,0.3813495072024261,4.3295307513968e-06,0.2277315862832251,0.8290800760492804,0.004566612202744741,1006.0,2638.0,376946162.0,168629707.0,8353456.0,10075572.0,377110191.0,85879902.0
39.2,sysbench,mcf-attacker,1,0.448042523024785,10587.2,3.911353383904861e-06,642.0,2117.0,168960116.0,377107322.0,17346068.48,0.448042523024785,0.30325932923948984,3.911353383904861e-06,0.22744217107325315,0.8311861842559167,0.004509403013575852,642.0,2117.0,377107322.0,168960116.0,8372900.0,10073435.0,377108676.0,85770416.0
39.3,sysbench,mcf-attacker,1,0.44747915353227763,10563.4,3.7946687804660063e-06,697.0,2128.0,168747974.0,377108012.0,17307074.56,0.44747915353227763,0.3275375939849624,3.7946687804660063e-06,0.22762861236155255,0.8301963037505921,0.004540748257346657,697.0,2128.0,377108012.0,168747974.0,8371839.0,10084168.0,377102826.0,85839393.0
39.4,sysbench,mcf-attacker,1,0.44729060061535936,10552.9,3.932532079524369e-06,824.0,2307.0,168678080.0,377110719.0,17289871.36,0.44729060061535936,0.35717381881231036,3.932532079524369e-06,0.22800570633009942,0.8280536223278322,0.004597133024445826,824.0,2307.0,377110719.0,168678080.0,8348926.0,10082591.0,377118737.0,85985224.0
39.5,sysbench,mcf-attacker,1,0.44787344593990797,10565.5,3.654138815912699e-06,764.0,2142.0,168896049.0,377106637.0,17310515.2,0.44787344593990797,0.3566760037348273,3.654138815912699e-06,0.22809173559110754,0.8276920795926499,0.004616613086332425,764.0,2142.0,377106637.0,168896049.0,8362625.0,10103546.0,377099178.0,86013206.0
39.6,sysbench,mcf-attacker,1,0.4474528292961598,10548.099999999999,3.7720886240002017e-06,789.0,2212.0,168799156.0,377244583.0,17282007.04,0.4474528292961598,0.3566907775768535,3.7720886240002017e-06,0.22730275013440132,0.827955002313784,0.004591005480819588,789.0,2212.0,377244583.0,168799156.0,8333998.0,10065762.0,377208001.0,85740416.0
39.7,sysbench,mcf-attacker,1,0.4473611470473607,10550.4,3.6063680462044473e-06,754.0,2114.0,168704678.0,377110706.0,17285775.36,0.4473611470473607,0.3566698202459792,3.6063680462044473e-06,0.22757465920082545,0.8283117775170723,0.004588608373977231,754.0,2114.0,377110706.0,168704678.0,8349666.0,10080342.0,377167947.0,85833867.0
39.8,sysbench,mcf-attacker,1,0.4474102952083118,10532.2,3.4998219584890736e-06,674.0,1994.0,168746181.0,377162043.0,17255956.48,0.4474102952083118,0.33801404212637914,3.4998219584890736e-06,0.22745577804874942,0.8289470509760681,0.0045679673990196516,674.0,1994.0,377162043.0,168746181.0,8349318.0,10072197.0,377165345.0,85788437.0
39.9,sysbench,mcf-attacker,1,0.4473910837958399,10558.800000000001,3.6774418842484674e-06,675.0,2062.0,168739970.0,377164356.0,17299537.92,0.4473910837958399,0.3273520853540252,3.6774418842484674e-06,0.22711072084134018,0.8300442189682307,0.0045280471041340125,675.0,2062.0,377164356.0,168739970.0,8340994.0,10048855.0,377173859.0,85660227.0
40.0,sysbench,mcf-attacker,1,0.4470713003006079,10541.399999999998,3.64256833240804e-06,672.0,2046.0,168638145.0,377206376.0,17271029.759999998,0.4470713003006079,0.3284457478005865,3.64256833240804e-06,0.22729918893501264,0.8289795778762248,0.00455980761135677,672.0,2046.0,377206376.0,168638145.0,8337482.0,10057524.0,377218108.0,85741370.0
40.1,sysbench,mcf-attacker,1,0.4477653745439456,10591.7,3.948316081110091e-06,1045.0,2534.0,168862530.0,377122796.0,17353441.28,0.4477653745439456,0.4123914759273875,3.948316081110091e-06,0.22733910588384929,0.8296402098258326,0.004544618605760204,1045.0,2534.0,377122796.0,168862530.0,8346782.0,10060725.0,377136818.0,85737947.0
40.2,sysbench,mcf-attacker,1,0.44740132493962725,10581.7,3.592625564126063e-06,671.0,2026.0,168742549.0,377161487.0,17337057.28,0.44740132493962725,0.3311944718657453,3.592625564126063e-06,0.22726565416084404,0.8302999230201856,0.004525676827871802,671.0,2026.0,377161487.0,168742549.0,8351556.0,10058481.0,377164580.0,85716555.0
40.3,sysbench,mcf-attacker,1,0.44723980102384253,10529.2,3.600335208705878e-06,650.0,2008.0,168693084.0,377187101.0,17251041.28,0.44723980102384253,0.3237051792828685,3.600335208705878e-06,0.2271613249260874,0.8293646443301113,0.00454725842835409,650.0,2008.0,377187101.0,168693084.0,8336858.0,10052102.0,377203985.0,85686157.0
40.4,sysbench,mcf-attacker,1,0.4480640255556184,10551.199999999999,3.5797976268805573e-06,685.0,2035.0,168972243.0,377116290.0,17287086.08,0.4480640255556184,0.3366093366093366,3.5797976268805573e-06,0.22761547361970025,0.8293033101065683,0.004564151381902378,685.0,2035.0,377116290.0,168972243.0,8362265.0,10083482.0,377116545.0,85837561.0
40.5,sysbench,mcf-attacker,1,0.4473033534391461,10547.4,3.597407246533916e-06,661.0,2018.0,168730035.0,377216119.0,17280860.16,0.4473033534391461,0.32755203171456887,3.597407246533916e-06,0.22698890658979465,0.8288517978576039,0.004561389476750755,661.0,2018.0,377216119.0,168730035.0,8333179.0,10053883.0,377232422.0,85627575.0
40.6,sysbench,mcf-attacker,1,0.4472398399827059,10536.0,3.4073179253233287e-06,694.0,1980.0,168798582.0,377422955.0,17262182.4,0.4472398399827059,0.3505050505050505,3.4073179253233287e-06,0.2269499613028924,0.8283596061740048,0.00457207939325988,694.0,1980.0,377422955.0,168798582.0,8326631.0,10051952.0,377360245.0,85641893.0
40.7,sysbench,mcf-attacker,1,0.44746847691096,10505.3,3.2481321102740267e-06,750.0,1977.0,169033710.0,377755571.0,17211883.52,0.44746847691096,0.37936267071320184,3.2481321102740267e-06,0.2264354022638809,0.8277675219193474,0.004581341415550967,750.0,1977.0,377755571.0,169033710.0,8318235.0,10048999.0,377785422.0,85543994.0
40.8,sysbench,mcf-attacker,1,0.4473004194884968,7850.599999999999,3.6812755252096977e-06,802.0,2192.0,168894607.0,377586516.0,12862423.04,0.4473004194884968,0.3658759124087591,3.6812755252096977e-06,0.9799293564211816,0.8186193919849339,0.0009046621253228629,802.0,2192.0,377586516.0,168894607.0,1502264.0,1835119.0,367932945.0,360548294.0
41.1,sysbench,mcf-attacker,1,0.4471108912843733,10584.6,3.917394369085349e-06,711.0,2188.0,168577050.0,377036331.0,17341808.64,0.4471108912843733,0.3249542961608775,3.917394369085349e-06,0.22680238996501603,0.8349782975616084,0.0043720919194264836,711.0,2188.0,377036331.0,168577050.0,8342689.0,9991504.0,377122675.0,85532324.0
41.2,sysbench,mcf-attacker,1,0.4477965490279227,10595.5,4.017303094540506e-06,952.0,2467.0,168872439.0,377118670.0,17359667.2,0.4477965490279227,0.3858937981353871,4.017303094540506e-06,0.2274240694570855,0.8326744266655405,0.0044546178727555225,952.0,2467.0,377118670.0,168872439.0,8359938.0,10039864.0,377120114.0,85766191.0
41.3,sysbench,mcf-attacker,1,0.44712125549408777,10572.3,3.75204281164109e-06,686.0,2101.0,168621897.0,377127893.0,17321656.32,0.44712125549408777,0.3265111851499286,3.75204281164109e-06,0.2274051278192742,0.831233511870657,0.004496368433250087,686.0,2101.0,377127893.0,168621897.0,8352034.0,10047759.0,377132129.0,85761780.0
41.4,sysbench,mcf-attacker,1,0.4472669151308438,10556.100000000002,3.68822174552155e-06,667.0,2058.0,168685161.0,377146521.0,17295114.240000002,0.4472669151308438,0.3241010689990282,3.68822174552155e-06,0.22756887474927356,0.8305705604204004,0.004521616453216649,667.0,2058.0,377146521.0,168685161.0,8359750.0,10065069.0,377148088.0,85827166.0
41.5,sysbench,mcf-attacker,1,0.447481373034485,10567.9,3.929873825275328e-06,779.0,2261.0,168750302.0,377111344.0,17314447.36,0.447481373034485,0.3445378151260504,3.929873825275328e-06,0.22791675031838565,0.8301755434963862,0.004536933530957295,779.0,2261.0,377111344.0,168750302.0,8363826.0,10074768.0,377114187.0,85950640.0
41.6,sysbench,mcf-attacker,1,0.44810596224664506,10561.300000000001,3.929876701470878e-06,693.0,2175.0,168985718.0,377111068.0,17303633.92,0.44810596224664506,0.31862068965517243,3.929876701470878e-06,0.22790442301155467,0.8290560867210048,0.004570841178053509,693.0,2175.0,377111068.0,168985718.0,8359603.0,10083278.0,377102361.0,85943296.0
41.7,sysbench,mcf-attacker,1,0.4480138623622617,10575.3,4.11017153031882e-06,758.0,2308.0,168951948.0,377113215.0,17326571.52,0.4480138623622617,0.32842287694974004,4.11017153031882e-06,0.22821218889103737,0.8279193113099724,0.004606977461929164,758.0,2308.0,377113215.0,168951948.0,8358704.0,10096037.0,377109073.0,86060887.0
41.8,sysbench,mcf-attacker,1,0.44731060596819533,10569.0,3.903429576561687e-06,778.0,2250.0,168682744.0,377104280.0,17316249.6,0.44731060596819533,0.3457777777777778,3.903429576561687e-06,0.22826926213539858,0.827312353369148,0.0046229853658511745,778.0,2250.0,377104280.0,168682744.0,8352136.0,10095505.0,377108916.0,86082374.0
41.9,sysbench,mcf-attacker,1,0.4473550894664739,10581.800000000001,3.715058069062373e-06,674.0,2075.0,168703818.0,377113890.0,17337221.12,0.4473550894664739,0.3248192771084337,3.715058069062373e-06,0.22778387499545572,0.8295838238361507,0.004556081349060877,674.0,2075.0,377113890.0,168703818.0,8364147.0,10082341.0,377121010.0,85902085.0
42.0,sysbench,mcf-attacker,1,0.4478955646098882,10563.900000000001,3.89000713409277e-06,785.0,2252.0,168910434.0,377120131.0,17307893.76,0.4478955646098882,0.34857904085257546,3.89000713409277e-06,0.2277420028835536,0.8293505277959364,0.004560816978864171,785.0,2252.0,377120131.0,168910434.0,8359330.0,10079369.0,377133967.0,85889245.0
42.1,sysbench,mcf-attacker,1,0.44740723285021233,10598.3,4.123502708766054e-06,936.0,2491.0,168720211.0,377106579.0,17364254.72,0.44740723285021233,0.37575270975511843,4.123502708766054e-06,0.22786891529246367,0.830086306070982,0.004539669703357733,936.0,2491.0,377106579.0,168720211.0,8363469.0,10075421.0,377109374.0,85931504.0
42.2,sysbench,mcf-attacker,1,0.4471370707086004,10598.199999999999,3.861639063683016e-06,693.0,2149.0,168589442.0,377041970.0,17364090.88,0.4471370707086004,0.32247557003257327,3.861639063683016e-06,0.22746177415126664,0.8315245220338774,0.004498432370745779,693.0,2149.0,377041970.0,168589442.0,8371201.0,10067293.0,377040680.0,85762342.0
42.3,sysbench,mcf-attacker,1,0.4478739895300443,10555.8,3.7519138870694386e-06,697.0,2112.0,168911578.0,377140852.0,17294622.72,0.4478739895300443,0.3300189393939394,3.7519138870694386e-06,0.22774604064509568,0.8287032564347383,0.004579133165819819,697.0,2112.0,377140852.0,168911578.0,8354789.0,10081762.0,377139720.0,85892078.0
42.4,sysbench,mcf-attacker,1,0.44740484648533724,10554.400000000001,3.7626188331943464e-06,661.0,2080.0,168730213.0,377130946.0,17292328.96,0.44740484648533724,0.3177884615384615,3.7626188331943464e-06,0.22788542463589267,0.8283004546259762,0.004592527972722443,661.0,2080.0,377130946.0,168730213.0,8355591.0,10087633.0,377143484.0,85945503.0
42.5,sysbench,mcf-attacker,1,0.4474376290058672,10548.400000000001,4.042056171126695e-06,784.0,2309.0,168810713.0,377283228.0,17282498.560000002,0.4474376290058672,0.3395409268081421,4.042056171126695e-06,0.22769374592483502,0.8283268414664567,0.004586619054956708,784.0,2309.0,377283228.0,168810713.0,8344471.0,10073887.0,377056821.0,85853480.0
42.6,sysbench,mcf-attacker,1,0.4478255094005952,10566.7,3.712051983119594e-06,671.0,2070.0,168776701.0,376880498.0,17312481.28,0.4478255094005952,0.32415458937198066,3.712051983119594e-06,0.227898391731069,0.8288267646180503,0.004578994829120011,671.0,2070.0,376880498.0,168776701.0,8359623.0,10086092.0,377041046.0,85927048.0
42.7,sysbench,mcf-attacker,1,0.4475369092252234,10548.800000000001,3.7526246891368144e-06,779.0,2194.0,168752481.0,377069416.0,17283153.92,0.4475369092252234,0.35505925250683684,3.7526246891368144e-06,0.22755044182620038,0.8287950362047569,0.004575617278120042,779.0,2194.0,377069416.0,168752481.0,8354278.0,10080029.0,377162445.0,85823481.0
42.8,sysbench,mcf-attacker,1,0.4470815088759961,10558.800000000001,3.7408269607290004e-06,729.0,2140.0,168634373.0,377189326.0,17299537.92,0.4470815088759961,0.3406542056074766,3.7408269607290004e-06,0.22781710031150523,0.8285784130211109,0.004583305418242891,729.0,2140.0,377189326.0,168634373.0,8355074.0,10083625.0,377140697.0,85919100.0
42.9,sysbench,mcf-attacker,1,0.44736151724239875,10576.800000000001,3.7922976805806167e-06,639.0,2069.0,168691127.0,377080103.0,17329029.12,0.44736151724239875,0.30884485258579025,3.7922976805806167e-06,0.22781848255596007,0.8287870762843128,0.004579771136573602,639.0,2069.0,377080103.0,168691127.0,8360596.0,10087749.0,377126487.0,85916384.0
43.2,sysbench,mcf-attacker,1,0.4471497679990316,10566.5,3.60262917491338e-06,621.0,1980.0,168675849.0,377224503.0,17312153.6,0.4471497679990316,0.31363636363636366,3.60262917491338e-06,0.22742879984100217,0.8301199227681045,0.0045353157322075635,621.0,1980.0,377224503.0,168675849.0,8358392.0,10068897.0,377152353.0,85775307.0
43.3,sysbench,mcf-attacker,1,0.44729861043763075,10541.300000000001,3.7631952603025106e-06,649.0,2068.0,168664309.0,377073179.0,17270865.92,0.44729861043763075,0.31382978723404253,3.7631952603025106e-06,0.22737408575980925,0.8300333239359555,0.004536410177745922,649.0,2068.0,377073179.0,168664309.0,8355645.0,10066638.0,377168936.0,85758442.0
43.4,sysbench,mcf-attacker,1,0.4472909336974814,10549.0,3.5812891400309505e-06,765.0,2116.0,168735343.0,377238460.0,17283481.6,0.4472909336974814,0.361531190926276,3.5812891400309505e-06,0.2271296757462187,0.8291804203861429,0.004553073629645823,765.0,2116.0,377238460.0,168735343.0,8336536.0,10053947.0,377198161.0,85672896.0
43.6,sysbench,mcf-attacker,1,0.44727796102861783,10563.800000000001,3.8077178330474035e-06,683.0,2119.0,168681394.0,377128785.0,17307729.92,0.44727796102861783,0.32232184992921187,3.8077178330474035e-06,0.22798204479077303,0.827732881648528,0.004610394044414628,683.0,2119.0,377128785.0,168681394.0,8354452.0,10093174.0,377130888.0,85979071.0
43.7,sysbench,mcf-attacker,1,0.4478058255535997,10560.599999999999,3.622091246943122e-06,653.0,2019.0,168881101.0,377130201.0,17302487.04,0.4478058255535997,0.3234274393263992,3.622091246943122e-06,0.228017493719293,0.8274364339547798,0.004614156648615059,653.0,2019.0,377130201.0,168881101.0,8343869.0,10084000.0,377128722.0,85991946.0
43.8,sysbench,mcf-attacker,1,0.4473500601785437,10551.199999999999,3.7332277155133163e-06,714.0,2122.0,168719653.0,377153527.0,17287086.08,0.4473500601785437,0.3364750235626767,3.7332277155133163e-06,0.22767493691073598,0.8282744616518954,0.0045943388613459675,714.0,2122.0,377153527.0,168719653.0,8357778.0,10090590.0,377162428.0,85870432.0
43.9,sysbench,mcf-attacker,1,0.447501168616105,10608.099999999999,4.309031990123561e-06,704.0,2329.0,168759341.0,377114861.0,17380311.04,0.447501168616105,0.30227565478746243,4.309031990123561e-06,0.22751533165048402,0.8316914516603231,0.00449342408765645,704.0,2329.0,377114861.0,168759341.0,8373403.0,10067920.0,377110410.0,85798400.0
44.0,sysbench,mcf-attacker,1,0.44722481261018937,10574.099999999999,3.842260398451313e-06,847.0,2296.0,168658208.0,377121759.0,17324605.439999998,0.44722481261018937,0.36890243902439024,3.842260398451313e-06,0.22778468099296836,0.8293280823018807,0.004560987864412864,847.0,2296.0,377121759.0,168658208.0,8357985.0,10078020.0,377118960.0,85901922.0
44.1,sysbench,mcf-attacker,1,0.44809717186687675,10566.000000000002,3.839667553522036e-06,935.0,2383.0,168984605.0,377115982.0,17311334.400000002,0.44809717186687675,0.39236256819135545,3.839667553522036e-06,0.22790254267085883,0.8286988715114945,0.004583911833728925,935.0,2383.0,377115982.0,168984605.0,8362784.0,10091463.0,377118728.0,85946317.0
44.2,sysbench,mcf-attacker,1,0.44726549433848195,10586.900000000001,3.815736863031177e-06,672.0,2111.0,168673855.0,377122441.0,17345576.96,0.44726549433848195,0.31833254381809567,3.815736863031177e-06,0.22741760799487976,0.8297946648847918,0.004543381270585602,672.0,2111.0,377122441.0,168673855.0,8353791.0,10067299.0,377143783.0,85769137.0
44.3,sysbench,mcf-attacker,1,0.44710171896375295,10566.199999999999,3.674797077426991e-06,699.0,2085.0,168630531.0,377163683.0,17311662.08,0.44710171896375295,0.33525179856115106,3.674797077426991e-06,0.22739916941835409,0.8300916631437603,0.004533180850262631,699.0,2085.0,377163683.0,168630531.0,8352975.0,10062714.0,377160995.0,85766097.0
44.4,sysbench,mcf-attacker,1,0.44729437332164035,10557.7,3.491873585585716e-06,687.0,2004.0,168702181.0,377161420.0,17297735.68,0.44729437332164035,0.34281437125748504,3.491873585585716e-06,0.22756343274148097,0.8288326524486687,0.004573156380790933,687.0,2004.0,377161420.0,168702181.0,8350392.0,10074883.0,377089882.0,85811868.0
44.5,sysbench,mcf-attacker,1,0.44759997592462447,10548.4,3.7312801119874114e-06,669.0,2076.0,168782066.0,377082384.0,17282498.56,0.44759997592462447,0.3222543352601156,3.7312801119874114e-06,0.22741260203173788,0.8290950990218695,0.00456381038993825,669.0,2076.0,377082384.0,168782066.0,8350451.0,10071765.0,377165976.0,85772296.0
44.6,sysbench,mcf-attacker,1,0.4472392985368798,10557.4,3.837099303546588e-06,686.0,2133.0,168657419.0,377107780.0,17297244.16,0.4472392985368798,0.32161275199249884,3.837099303546588e-06,0.228058240126231,0.8280071081477104,0.004605355514976962,686.0,2133.0,377107780.0,168657419.0,8360974.0,10097708.0,377111820.0,86003458.0
44.7,sysbench,mcf-attacker,1,0.4470797181381437,10555.4,4.186970312789487e-06,798.0,2377.0,168603745.0,377122330.0,17293967.36,0.4470797181381437,0.3357172907025663,4.186970312789487e-06,0.6934199626665383,0.8235510461263986,0.0026252364332829473,798.0,2377.0,377122330.0,168603745.0,4520993.0,5489633.0,368972481.0,255852884.0
44.8,sysbench,mcf-attacker,1,0.44694238728749563,3071.1000000000004,4.2003614967934095e-06,816.0,2400.0,168546622.0,377110399.0,5031690.24,0.44694238728749563,0.34,4.2003614967934095e-06,1.0060188144768445,0.6203735798189871,2.613935756820653e-05,816.0,2400.0,377110399.0,168546622.0,16108.0,25965.0,377094195.0,379363855.0
44.9,sysbench,mcf-attacker,1,0.4480065714105429,1673.1999999999998,4.081143799022204e-06,751.0,2290.0,168943352.0,377100165.0,2741370.88,0.4480065714105429,0.32794759825327513,4.081143799022204e-06,0.5093904024639426,0.8357318016051885,0.0028090927257022834,751.0,2290.0,377100165.0,168943352.0,5389499.0,6448838.0,377110727.0,192096585.0
45.0,sysbench,mcf-attacker,1,0.4473039614395297,10210.0,4.208370649696614e-06,990.0,2577.0,168680814.0,377105567.0,16728064.0,0.4473039614395297,0.3841676367869616,4.208370649696614e-06,0.22801710246337364,0.8333797492070248,0.004440628549914141,990.0,2577.0,377105567.0,168680814.0,8375834.0,10050441.0,377110353.0,85987610.0
45.3,sysbench,mcf-attacker,1,0.4472663498100558,10622.7,3.879547830771515e-06,725.0,2188.0,168666736.0,377105803.0,17404231.68,0.4472663498100558,0.3313528336380256,3.879547830771515e-06,0.2284543539309642,0.8307522507208029,0.004533087318015925,725.0,2188.0,377105803.0,168666736.0,8391048.0,10100542.0,377114730.0,86153502.0
45.4,sysbench,mcf-attacker,1,0.4474984433234827,10596.400000000001,3.863582866019241e-06,809.0,2266.0,168756632.0,377111104.0,17361141.76,0.4474984433234827,0.35701676963812884,3.863582866019241e-06,0.22866098674535199,0.8291992754157662,0.004574902144195422,809.0,2266.0,377111104.0,168756632.0,8375484.0,10100689.0,377102055.0,86228528.0
45.5,sysbench,mcf-attacker,1,0.44722006053405705,10593.3,3.903342712387029e-06,679.0,2151.0,168652352.0,377112672.0,17356062.72,0.44722006053405705,0.31566713156671317,3.903342712387029e-06,0.2285742200919235,0.829427082689179,0.004571505562692705,679.0,2151.0,377112672.0,168652352.0,8382954.0,10106921.0,377111430.0,86197951.0
45.6,sysbench,mcf-attacker,1,0.44728168350006836,10591.6,3.8450435260915975e-06,724.0,2174.0,168673888.0,377108865.0,17353277.44,0.44728168350006836,0.3330266789328427,3.8450435260915975e-06,0.22840275569984128,0.8296313906826865,0.004560635654494835,724.0,2174.0,377108865.0,168673888.0,8375104.0,10094970.0,377111028.0,86133198.0
45.7,sysbench,mcf-attacker,1,0.4480229580285944,10594.6,3.8848539884920815e-06,717.0,2182.0,168951944.0,377105550.0,17358192.64,0.4480229580285944,0.32859761686526123,3.8848539884920815e-06,0.22852414874558885,0.8290027829042845,0.004584109747233477,717.0,2182.0,377105550.0,168951944.0,8380574.0,10109223.0,377095902.0,86175520.0
45.8,sysbench,mcf-attacker,1,0.44750433105911436,10598.4,3.919276533372858e-06,793.0,2271.0,168758544.0,377110415.0,17364418.56,0.44750433105911436,0.349185380889476,3.919276533372858e-06,0.22879393541351503,0.8278271662562615,0.004620791855888397,793.0,2271.0,377110415.0,168758544.0,8378351.0,10120894.0,377109174.0,86280292.0
45.9,sysbench,mcf-attacker,1,0.44801909107101245,10613.400000000001,3.829147957937669e-06,749.0,2193.0,168951311.0,377107392.0,17388994.560000002,0.44801909107101245,0.34154126766985865,3.829147957937669e-06,0.2287015028295872,0.8277321338848288,0.004622212782462842,749.0,2193.0,377107392.0,168951311.0,8375348.0,10118428.0,377109424.0,86245492.0
46.0,sysbench,mcf-attacker,1,0.44760438916515993,10584.2,3.874189162172996e-06,968.0,2429.0,168796614.0,377111168.0,17341153.28,0.44760438916515993,0.3985179086043639,3.874189162172996e-06,0.22821470724532233,0.8299174406849834,0.0045561735822812885,968.0,2429.0,377111168.0,168796614.0,8386900.0,10105704.0,377247260.0,86093373.0
46.1,sysbench,mcf-attacker,1,0.44810974762149475,10596.100000000002,4.29941920890061e-06,1082.0,2704.0,169053999.0,377260258.0,17360650.240000002,0.44810974762149475,0.40014792899408286,4.29941920890061e-06,0.2284386639919713,0.8290008375131461,0.0045831851035512475,1082.0,2704.0,377260258.0,169053999.0,8375994.0,10103722.0,376971028.0,86114758.0
46.2,sysbench,mcf-attacker,1,0.4480380241977879,10618.3,3.8068893587112087e-06,677.0,2112.0,168887116.0,376948176.0,17397022.72,0.4480380241977879,0.32054924242424243,3.8068893587112087e-06,0.22809600366071295,0.8308365060315958,0.004525839054589486,677.0,2112.0,376948176.0,168887116.0,8382479.0,10089204.0,377106870.0,86016570.0
46.3,sysbench,mcf-attacker,1,0.44732536103873854,10603.800000000001,3.876889033406866e-06,684.0,2146.0,168689295.0,377106486.0,17373265.92,0.44732536103873854,0.31873252562907733,3.876889033406866e-06,0.2281826716603225,0.8308051552213482,0.00453032807424661,684.0,2146.0,377106486.0,168689295.0,8388854.0,10097258.0,377103815.0,86048556.0
46.4,sysbench,mcf-attacker,1,0.4477528599241327,10575.599999999999,3.6989329395151472e-06,706.0,2101.0,168863629.0,377135791.0,17327063.04,0.4477528599241327,0.33603046168491196,3.6989329395151472e-06,0.22827064820274387,0.8285645491272967,0.004593225276894211,706.0,2101.0,377135791.0,168863629.0,8372344.0,10104637.0,377140875.0,86090192.0
46.5,sysbench,mcf-attacker,1,0.447236212923165,10577.1,3.7731764846583733e-06,690.0,2113.0,168668795.0,377135818.0,17329520.64,0.447236212923165,0.326549929010885,3.7731764846583733e-06,0.22837373404766514,0.8278020627823803,0.004616095580614019,690.0,2113.0,377135818.0,168668795.0,8369107.0,10110034.0,377142754.0,86129499.0
46.6,sysbench,mcf-attacker,1,0.44748355795341227,10580.0,3.7626898804391367e-06,766.0,2185.0,168756711.0,377123825.0,17334272.0,0.44748355795341227,0.3505720823798627,3.7626898804391367e-06,0.22834358552626913,0.827951604160172,0.004611148751070337,766.0,2185.0,377123825.0,168756711.0,8368573.0,10107563.0,377127283.0,86114596.0
46.7,sysbench,mcf-attacker,1,0.4474145801333454,10581.8,3.887136302749988e-06,730.0,2196.0,168738558.0,377141393.0,17337221.119999997,0.4474145801333454,0.3324225865209472,3.887136302749988e-06,0.22804521997873958,0.8287933080897354,0.00458419112769592,730.0,2196.0,377141393.0,168738558.0,8369488.0,10098402.0,377147015.0,86006574.0
46.8,sysbench,mcf-attacker,1,0.44722184509111335,10575.7,3.9007314598067985e-06,655.0,2126.0,168651275.0,377108759.0,17327226.880000003,0.44722184509111335,0.30809031044214485,3.9007314598067985e-06,0.2283986651806395,0.8284780415451678,0.004601589659156771,655.0,2126.0,377108759.0,168651275.0,8381743.0,10117037.0,377107506.0,86130851.0
46.9,sysbench,mcf-attacker,1,0.44799070617823833,10601.300000000001,3.906023368854785e-06,620.0,2093.0,168941721.0,377109879.0,17369169.92,0.44799070617823833,0.296225513616818,3.906023368854785e-06,0.22820716993247642,0.8296455438109118,0.004559521114449653,620.0,2093.0,377109879.0,168941721.0,8374019.0,10093490.0,377116578.0,86060707.0
47.0,sysbench,mcf-attacker,1,0.44768082400705866,10583.099999999999,4.0359392594959945e-06,988.0,2510.0,168825686.0,377111721.0,17339351.04,0.44768082400705866,0.39362549800796814,4.0359392594959945e-06,0.22852466298028426,0.8279877229812054,0.004608633899373004,988.0,2510.0,377111721.0,168825686.0,8365516.0,10103430.0,377099600.0,86176559.0
47.1,sysbench,mcf-attacker,1,0.44748643569377156,10594.5,3.906056876579453e-06,653.0,2126.0,168750108.0,377106644.0,17358028.8,0.44748643569377156,0.30714957666980247,3.906056876579453e-06,0.22840412364354398,0.8282745634799098,0.004603101397111666,653.0,2126.0,377106644.0,168750108.0,8372683.0,10108584.0,377115525.0,86134741.0
47.4,sysbench,mcf-attacker,1,0.44805626077359945,10587.2,3.845032738637323e-06,794.0,2244.0,168966462.0,377109923.0,17346068.48,0.44805626077359945,0.3538324420677362,3.845032738637323e-06,0.22847241784073508,0.8285944751907633,0.004598650980527428,794.0,2244.0,377109923.0,168966462.0,8383206.0,10117381.0,377105157.0,86158127.0
47.5,sysbench,mcf-attacker,1,0.447156046527673,10572.7,3.7734784143059832e-06,713.0,2136.0,168625068.0,377105642.0,17322311.68,0.447156046527673,0.33380149812734083,3.7734784143059832e-06,0.22826223267645415,0.8288837820488272,0.004585388831982481,713.0,2136.0,377105642.0,168625068.0,8376203.0,10105401.0,377110440.0,86080071.0
47.6,sysbench,mcf-attacker,1,0.4470765096019122,10575.599999999999,3.847714635705166e-06,675.0,2126.0,168595667.0,377106968.0,17327063.04,0.4470765096019122,0.31749764816556914,3.847714635705166e-06,0.22822773879511085,0.8283496859109769,0.0046000663385918,675.0,2126.0,377106968.0,168595667.0,8371345.0,10106052.0,377104779.0,86065771.0
47.7,sysbench,mcf-attacker,1,0.4471785485141306,10636.8,3.7575307565626427e-06,697.0,2114.0,168635214.0,377109355.0,17427333.119999997,0.4471785485141306,0.3297067171239357,3.7575307565626427e-06,0.22828506102155102,0.8274441685377895,0.004617886952060085,697.0,2114.0,377109355.0,168635214.0,8350550.0,10091980.0,377105377.0,86087524.0
47.8,sysbench,mcf-attacker,1,0.4695663714801075,10596.7,4.253009954255518e-05,31978.0,47954.0,176387839.0,375639845.0,17361633.28,0.4695663714801075,0.6668473954206114,4.253009954255518e-05,0.22651200551591968,0.8381977721203095,0.004303269260195727,31978.0,47954.0,375639845.0,176387839.0,8329758.0,9937700.0,373655912.0,84637550.0
47.9,sysbench,mcf-attacker,1,0.44734033725852074,10599.7,4.340971316118488e-06,672.0,2309.0,168694073.0,377104542.0,17366548.48,0.44734033725852074,0.2910350801212646,4.340971316118488e-06,0.22777549470702546,0.8318313292456084,0.004497957735924233,672.0,2309.0,377104542.0,168694073.0,8389825.0,10085969.0,377092027.0,85892323.0
48.0,sysbench,mcf-attacker,1,0.4472829504701243,10598.800000000001,3.940532882610621e-06,649.0,2135.0,168673244.0,377106357.0,17365073.92,0.4472829504701243,0.30398126463700237,3.940532882610621e-06,0.22782854409724604,0.8313313192753713,0.0045120662467408425,649.0,2135.0,377106357.0,168673244.0,8386546.0,10088091.0,377109933.0,85916407.0
48.1,sysbench,mcf-attacker,1,0.4475262259127045,10596.5,3.998865149648911e-06,971.0,2479.0,168765268.0,377106990.0,17361305.6,0.4475262259127045,0.3916901976603469,3.998865149648911e-06,0.2280565358725289,0.8303437833880615,0.0045426483580421175,971.0,2479.0,377106990.0,168765268.0,8384124.0,10097172.0,377103369.0,86000888.0
48.2,sysbench,mcf-attacker,1,0.44745467904501973,10586.199999999999,4.249747124139387e-06,759.0,2362.0,168779419.0,377198914.0,17344430.08,0.44745467904501973,0.321337849280271,4.249747124139387e-06,0.22747859093992828,0.831960508538516,0.004490569530803242,759.0,2362.0,377198914.0,168779419.0,8382582.0,10075697.0,377037921.0,85768055.0
48.3,sysbench,mcf-attacker,1,0.44765001466470233,10581.099999999999,3.50062518779064e-06,500.0,1820.0,168797854.0,377075502.0,17336074.24,0.44765001466470233,0.27472527472527475,3.50062518779064e-06,0.22794937883912028,0.8301548208175097,0.0045414111529775624,500.0,1820.0,377075502.0,168797854.0,8373731.0,10086951.0,377243976.0,85992530.0
48.4,sysbench,mcf-attacker,1,0.4472534584030268,10578.899999999998,3.670084568162323e-06,650.0,2034.0,168660633.0,377103027.0,17332469.759999998,0.4472534584030268,0.319567354965585,3.670084568162323e-06,0.22817336657076942,0.8290810957262827,0.004580225831355186,650.0,2034.0,377103027.0,168660633.0,8378444.0,10105699.0,377111318.0,86046759.0
48.5,sysbench,mcf-attacker,1,0.447448498298745,10570.7,3.6936421404126415e-06,776.0,2169.0,168748280.0,377134532.0,17319034.880000003,0.447448498298745,0.3577685569386814,3.6936421404126415e-06,0.2281238224261933,0.8281376901192604,0.004605465852115601,776.0,2169.0,377134532.0,168748280.0,8369398.0,10106288.0,377136658.0,86033856.0
48.6,sysbench,mcf-attacker,1,0.4474966942789238,6518.7,3.53419781809285e-06,695.0,2028.0,168783165.0,377171870.0,10680238.08,0.4474966942789238,0.3427021696252465,3.53419781809285e-06,0.4591894054695503,0.8266723860029147,0.003960560382149914,695.0,2028.0,377171870.0,168783165.0,6957188.0,8415895.0,368308234.0,169123239.0
48.8,sysbench,mcf-attacker,1,0.44712149125743783,1665.5,4.0725393713141435e-06,749.0,2285.0,168636457.0,377160258.0,2728755.2,0.44712149125743783,0.3277899343544858,4.0725393713141435e-06,0.7360960104118782,0.8337571443263095,0.0015643886037803342,749.0,2285.0,377160258.0,168636457.0,2959125.0,3549145.0,377156928.0,277623710.0
48.9,sysbench,mcf-attacker,1,0.4478336281333108,6741.7,3.876818715231506e-06,705.0,2167.0,168884029.0,377113326.0,11045601.28,0.4478336281333108,0.3253345639132441,3.876818715231506e-06,0.22759970282107486,0.832744728738222,0.004451507742733604,705.0,2167.0,377113326.0,168884029.0,8357800.0,10036449.0,377096727.0,85827103.0
49.0,sysbench,mcf-attacker,1,0.44724036204566453,10591.7,3.609029730866061e-06,729.0,2090.0,168658664.0,377109667.0,17353441.28,0.44724036204566453,0.34880382775119617,3.609029730866061e-06,0.22784981871276738,0.8314088928748751,0.0044957659622310905,729.0,2090.0,377109667.0,168658664.0,8360933.0,10056343.0,377112602.0,85925038.0
49.1,sysbench,mcf-attacker,1,0.4472490076490207,10568.3,3.879136438789841e-06,921.0,2384.0,168678083.0,377145796.0,17315102.72,0.4472490076490207,0.3863255033557047,3.879136438789841e-06,0.22748665588151637,0.8319256547395353,0.004476570162796042,921.0,2384.0,377145796.0,168678083.0,8356714.0,10045025.0,377143871.0,85795198.0
49.2,sysbench,mcf-attacker,1,0.44760040114553856,10588.0,3.608816470687162e-06,676.0,2037.0,168804413.0,377131952.0,17347379.2,0.44760040114553856,0.3318605792832597,3.608816470687162e-06,0.22775668859570855,0.8310493883841379,0.004512847972608959,676.0,2037.0,377131952.0,168804413.0,8371763.0,10073725.0,377137012.0,85895477.0
49.4,sysbench,mcf-attacker,1,0.447195923706132,10566.399999999998,3.545526669330948e-06,652.0,1989.0,168635299.0,377094893.0,17311989.759999998,0.447195923706132,0.32780291603821016,3.545526669330948e-06,0.22791534192793667,0.8291230200061586,0.004563257083815388,652.0,1989.0,377094893.0,168635299.0,8349724.0,10070549.0,377104548.0,85947912.0
49.5,sysbench,mcf-attacker,1,0.44738855135474664,10554.499999999998,3.737794044669242e-06,758.0,2168.0,168767420.0,377227847.0,17292492.799999997,0.44738855135474664,0.3496309963099631,3.737794044669242e-06,0.22814636813015537,0.8278863851610058,0.00460482504461671,758.0,2168.0,377227847.0,168767420.0,8355926.0,10093083.0,377247123.0,86067561.0
49.6,sysbench,mcf-attacker,1,0.4472091586506915,10565.2,3.7641599313408743e-06,772.0,2192.0,168706170.0,377242207.0,17310023.68,0.4472091586506915,0.3521897810218978,3.7641599313408743e-06,0.2282086038892979,0.8285152340697054,0.004591042449623142,772.0,2192.0,377242207.0,168706170.0,8367264.0,10099107.0,377222171.0,86085345.0
49.7,sysbench,mcf-attacker,1,0.447885002909141,10568.400000000001,3.7112176790907846e-06,648.0,2047.0,168837070.0,376965223.0,17315266.560000002,0.447885002909141,0.3165608207132389,3.7112176790907846e-06,0.22805665923385704,0.8285587571982936,0.004587881484255646,648.0,2047.0,376965223.0,168837070.0,8358485.0,10087981.0,376970505.0,85970634.0
49.8,sysbench,mcf-attacker,1,0.4475706538376556,10578.400000000001,3.88481379140823e-06,657.0,2122.0,168783124.0,377109452.0,17331650.560000002,0.4475706538376556,0.30961357210179075,3.88481379140823e-06,0.22829846719287764,0.8284409352733332,0.0045959247679617935,657.0,2122.0,377109452.0,168783124.0,8369361.0,10102544.0,377113005.0,86094321.0
49.9,sysbench,mcf-attacker,1,0.44721070568863347,10560.699999999999,3.6382143525159016e-06,684.0,2056.0,168646767.0,377108072.0,17302650.88,0.44721070568863347,0.3326848249027237,3.6382143525159016e-06,0.22829550931407577,0.8280452256596761,0.0046072757660743585,684.0,2056.0,377108072.0,168646767.0,8366641.0,10104087.0,377109183.0,86092333.0
50.0,sysbench,mcf-attacker,1,0.4472532762645972,10587.9,3.746939005401691e-06,642.0,2055.0,168662708.0,377107820.0,17347215.36,0.4472532762645972,0.3124087591240876,3.746939005401691e-06,0.22840069658965567,0.8275405716542172,0.00462329567746472,642.0,2055.0,377107820.0,168662708.0,8365937.0,10109398.0,377103504.0,86130703.0
50.1,sysbench,mcf-attacker,1,0.44825095222027184,10567.8,3.882154094024245e-06,1083.0,2547.0,169040017.0,377110224.0,17314283.52,0.44825095222027184,0.425206124852768,3.882154094024245e-06,0.22840243009153618,0.8273516516035178,0.004624295019473072,1083.0,2547.0,377110224.0,169040017.0,8356830.0,10100699.0,377110239.0,86132895.0
50.2,sysbench,mcf-attacker,1,0.44718377316029256,10615.9,3.7541866438908435e-06,755.0,2171.0,168668285.0,377178903.0,17393090.56,0.44718377316029256,0.3477660064486412,3.7541866438908435e-06,0.22801401320746661,0.8295484254584444,0.004563262194919801,755.0,2171.0,377178903.0,168668285.0,8373529.0,10094081.0,377044300.0,85971384.0
50.3,sysbench,mcf-attacker,1,0.44704534454435496,10589.7,3.6920006294967162e-06,622.0,2014.0,168550112.0,377031355.0,17350164.48,0.44704534454435496,0.30883813306852037,3.6920006294967162e-06,0.2281155025782503,0.8300466690343387,0.00454714589921414,622.0,2014.0,377031355.0,168550112.0,8376406.0,10091488.0,377177693.0,86040079.0
50.4,sysbench,mcf-attacker,1,0.44816189219978814,10575.3,3.943071090432153e-06,703.0,2190.0,169009566.0,377117218.0,17326571.52,0.44816189219978814,0.32100456621004564,3.943071090432153e-06,0.22814030447675943,0.8291642543395886,0.004573425598895867,703.0,2190.0,377117218.0,169009566.0,8371006.0,10095715.0,377115351.0,86035211.0
50.5,sysbench,mcf-attacker,1,0.44751154126239456,10561.800000000001,3.88493575534778e-06,760.0,2225.0,168755534.0,377097613.0,17304453.12,0.44751154126239456,0.3415730337078652,3.88493575534778e-06,0.2282619420243213,0.8276513971143468,0.004612640639331551,760.0,2225.0,377097613.0,168755534.0,8353056.0,10092481.0,377099613.0,86077490.0
50.6,sysbench,mcf-attacker,1,0.4474845963478974,10566.3,3.7628027174786213e-06,671.0,2090.0,168752042.0,377112516.0,17311825.919999998,0.4474845963478974,0.32105263157894737,3.7628027174786213e-06,0.2284302414650664,0.8266353959763911,0.00464786797701299,671.0,2090.0,377112516.0,168752042.0,8357636.0,10110426.0,377116994.0,86144926.0
50.7,sysbench,mcf-attacker,1,0.4481575704877791,10576.199999999999,3.7363485055865566e-06,720.0,2129.0,169002976.0,377106150.0,17328046.08,0.4481575704877791,0.3381869422263974,3.7363485055865566e-06,0.22856077758930807,0.8264361085326606,0.004655407997644864,720.0,2129.0,377106150.0,169002976.0,8359250.0,10114817.0,377102716.0,86190890.0
50.8,sysbench,mcf-attacker,1,0.4471839686836169,10571.5,3.7973086384099134e-06,626.0,2058.0,168637186.0,377109194.0,17320345.6,0.4471839686836169,0.304178814382896,3.7973086384099134e-06,0.22832090776118832,0.8272741904925376,0.004627085769780256,626.0,2058.0,377109194.0,168637186.0,8357334.0,10102254.0,377109932.0,86102082.0
50.9,sysbench,mcf-attacker,1,0.4480951590035492,10559.9,3.744275180253902e-06,662.0,2074.0,168980733.0,377109035.0,17301340.16,0.4480951590035492,0.3191899710703954,3.744275180253902e-06,0.2283037131502573,0.8278691955586029,0.004612717688953122,662.0,2074.0,377109035.0,168980733.0,8366081.0,10105559.0,377104804.0,86094427.0
51.0,sysbench,mcf-attacker,1,0.4473021461387497,10587.3,3.8079173118923126e-06,618.0,2054.0,168681678.0,377109029.0,17346232.32,0.4473021461387497,0.3008763388510224,3.8079173118923126e-06,0.22808808806260633,0.829124178589703,0.0045755250172121575,618.0,2054.0,377109029.0,168681678.0,8372520.0,10098029.0,377117160.0,86015932.0
51.1,sysbench,mcf-attacker,1,0.44766672367333205,10567.4,4.070452516502111e-06,954.0,2489.0,168818680.0,377107949.0,17313628.16,0.44766672367333205,0.38328646042587383,4.070452516502111e-06,0.2283320835801654,0.8274710569953715,0.004622235745834277,954.0,2489.0,377107949.0,168818680.0,8359835.0,10102873.0,377098464.0,86103678.0
51.2,sysbench,mcf-attacker,1,0.4474968352029855,10586.5,3.826506928944874e-06,680.0,2123.0,168753891.0,377106334.0,17344921.6,0.4474968352029855,0.32030146019783323,3.826506928944874e-06,0.22822005248764535,0.8280630522338667,0.004608526551353718,680.0,2123.0,377106334.0,168753891.0,8369904.0,10107810.0,377106648.0,86063299.0
51.3,sysbench,mcf-attacker,1,0.4471368175013208,10579.400000000001,3.847733062853168e-06,601.0,2052.0,168617602.0,377105162.0,17333288.96,0.4471368175013208,0.2928849902534113,3.847733062853168e-06,0.22815207880183083,0.8279055747340054,0.004611465905891336,601.0,2052.0,377105162.0,168617602.0,8366062.0,10105092.0,377110020.0,86038435.0
51.5,sysbench,mcf-attacker,1,0.44785010492691923,10567.7,3.778732617694057e-06,779.0,2204.0,168889007.0,377110567.0,17314119.68,0.44785010492691923,0.35344827586206895,3.778732617694057e-06,0.22817601053972286,0.8276656601000493,0.004614204773436621,779.0,2204.0,377110567.0,168889007.0,8356965.0,10097030.0,377110485.0,86047566.0
51.6,sysbench,mcf-attacker,1,0.44810657197714737,10563.899999999998,3.741635293876774e-06,626.0,2037.0,168984501.0,377107839.0,17307893.759999998,0.44810657197714737,0.3073146784486991,3.741635293876774e-06,0.22826231967819216,0.8276512901422015,0.004616259494485718,626.0,2037.0,377107839.0,168984501.0,8359768.0,10100592.0,377107050.0,86079330.0
51.7,sysbench,mcf-attacker,1,0.44808522587330335,10558.400000000001,3.8025085461777324e-06,662.0,2096.0,168981662.0,377119468.0,17298882.560000002,0.44808522587330335,0.31583969465648853,3.8025085461777324e-06,0.22832421009137432,0.827584011175321,0.004623898184560339,662.0,2096.0,377119468.0,168981662.0,8369948.0,10113714.0,377120328.0,86105701.0
51.8,sysbench,mcf-attacker,1,0.44809394457022445,10557.9,3.709841997882346e-06,669.0,2068.0,168978471.0,377105009.0,17298063.36,0.44809394457022445,0.32350096711798837,3.709841997882346e-06,0.2283948901005473,0.8274059582321239,0.004630618625894762,669.0,2068.0,377105009.0,168978471.0,8371389.0,10117632.0,377107929.0,86129524.0
51.9,sysbench,mcf-attacker,1,0.4473430678173639,10565.699999999999,3.784077463857718e-06,656.0,2083.0,168695954.0,377106445.0,17310842.88,0.4473430678173639,0.31493038886221797,3.784077463857718e-06,0.22859536925512874,0.82582952519694,0.004674074334239419,656.0,2083.0,377106445.0,168695954.0,8357574.0,10120217.0,377110605.0,86205738.0
52.0,sysbench,mcf-attacker,1,0.4481099694629445,10584.099999999999,3.945739714824844e-06,648.0,2136.0,168989260.0,377115600.0,17340989.439999998,0.4481099694629445,0.30337078651685395,3.945739714824844e-06,0.22834976178629837,0.8273601353211211,0.004628564985404284,648.0,2136.0,377115600.0,168989260.0,8364999.0,10110469.0,377108241.0,86112577.0
52.1,sysbench,mcf-attacker,1,0.4473259695403348,10565.9,3.945913846836989e-06,893.0,2381.0,168686157.0,377098958.0,17311170.56,0.4473259695403348,0.375052498950021,3.945913846836989e-06,0.22838171150802222,0.8274822445400823,0.0046270214683839135,893.0,2381.0,377098958.0,168686157.0,8369215.0,10114072.0,377101557.0,86123099.0
52.2,sysbench,mcf-attacker,1,0.44760918115723847,10580.7,3.921278657968442e-06,756.0,2235.0,168826048.0,377172889.0,17335418.880000003,0.44760918115723847,0.338255033557047,3.921278657968442e-06,0.2280317644034201,0.8283443499347241,0.004599471185666508,756.0,2235.0,377172889.0,168826048.0,8367706.0,10101724.0,377003775.0,85968836.0
52.3,sysbench,mcf-attacker,1,0.4471519382321178,10577.9,3.5592041506006634e-06,495.0,1837.0,168598899.0,377050583.0,17330831.36,0.4471519382321178,0.2694610778443114,3.5592041506006634e-06,0.22799273811658155,0.8295845375632919,0.004552659875172702,495.0,1837.0,377050583.0,168598899.0,8359993.0,10077325.0,377215089.0,86002301.0
52.4,sysbench,mcf-attacker,1,0.4474712825042156,10580.9,3.858351192726138e-06,613.0,2068.0,168743249.0,377104086.0,17335746.56,0.4474712825042156,0.29642166344294,3.858351192726138e-06,0.22837034259017813,0.8281754338120513,0.004608008891528378,613.0,2068.0,377104086.0,168743249.0,8375498.0,10113193.0,377103222.0,86119192.0
52.5,sysbench,mcf-attacker,1,0.4473154796965004,9945.699999999999,4.067784866960975e-06,821.0,2355.0,168686882.0,377109422.0,16295034.879999999,0.4473154796965004,0.34861995753715497,4.067784866960975e-06,0.22811956649309142,0.8276386399241643,0.004612721040066132,821.0,2355.0,377109422.0,168686882.0,8352818.0,10092349.0,377116020.0,86027543.0
52.6,sysbench,mcf-attacker,1,0.4479974519617435,1581.7000000000003,4.059665834188568e-06,778.0,2309.0,168950876.0,377124636.0,2591457.2800000003,0.4479974519617435,0.3369423993070593,4.059665834188568e-06,1.0317308185024905,0.8050031496972241,0.000612626051268727,778.0,2309.0,377124636.0,168950876.0,934149.0,1160429.0,369360721.0,381080839.0
52.7,sysbench,mcf-attacker,1,0.4469640994973519,3392.4,4.221653986063551e-06,958.0,2550.0,168551674.0,377103383.0,5558108.16,0.4469640994973519,0.3756862745098039,4.221653986063551e-06,0.9559958880668132,0.8382652066459748,0.00032558227716666585,958.0,2550.0,377103383.0,168551674.0,636307.0,759076.0,377075193.0,360482334.0
52.8,sysbench,mcf-attacker,1,0.44744106385716265,10620.0,3.998888796842553e-06,686.0,2194.0,168732155.0,377104760.0,17399808.0,0.44744106385716265,0.31267092069279856,3.998888796842553e-06,0.2281237518515677,0.8344907287713166,0.004413928606967779,686.0,2194.0,377104760.0,168732155.0,8392046.0,10056488.0,377088564.0,86022858.0
52.9,sysbench,mcf-attacker,1,0.447344841315775,10627.9,3.815917782018022e-06,655.0,2094.0,168695780.0,377104561.0,17412751.36,0.447344841315775,0.3127984718242598,3.815917782018022e-06,0.22901447079189258,0.8298795558356161,0.004559753797241104,655.0,2094.0,377104561.0,168695780.0,8387874.0,10107339.0,377096018.0,86360445.0
53.0,sysbench,mcf-attacker,1,0.44736053853211566,10601.5,3.959089909868494e-06,921.0,2414.0,168702732.0,377106869.0,17369497.6,0.44736053853211566,0.38152444076222036,3.959089909868494e-06,0.22881199401530078,0.829641270659419,0.004564547920385228,921.0,2414.0,377106869.0,168702732.0,8382785.0,10104108.0,377107006.0,86286606.0
53.1,sysbench,mcf-attacker,1,0.4474822454913139,10603.400000000001,3.904479819632436e-06,829.0,2302.0,168816687.0,377258961.0,17372610.560000002,0.4474822454913139,0.36012163336229364,3.904479819632436e-06,0.22908297475442221,0.8289393626815988,0.004591507780445763,829.0,2302.0,377258961.0,168816687.0,8393806.0,10125959.0,377251457.0,86421886.0
53.2,sysbench,mcf-attacker,1,0.447280625629438,10641.199999999999,3.80423446579389e-06,611.0,2045.0,168601705.0,376948375.0,17434542.08,0.447280625629438,0.29877750611246945,3.80423446579389e-06,0.22849240241548846,0.8312074339086338,0.00452265328968234,611.0,2045.0,376948375.0,168601705.0,8395097.0,10099882.0,376943553.0,86128738.0
53.3,sysbench,mcf-attacker,1,0.4473468332630424,10626.5,3.7362730481708273e-06,664.0,2073.0,168700649.0,377113766.0,17410457.6,0.4473468332630424,0.32030873130728416,3.7362730481708273e-06,0.22858579405976395,0.8304926369704944,0.004537938933465584,664.0,2073.0,377113766.0,168700649.0,8384750.0,10096116.0,377124070.0,86205205.0
53.4,sysbench,mcf-attacker,1,0.4472015912244262,10590.9,3.75226237886938e-06,742.0,2157.0,168642325.0,377105825.0,17352130.56,0.4472015912244262,0.34399629114510893,3.75226237886938e-06,0.22861042625138586,0.8295563085217343,0.0045673930052274455,742.0,2157.0,377105825.0,168642325.0,8382849.0,10105220.0,377101554.0,86209347.0
53.6,sysbench,mcf-attacker,1,0.4471071574614438,10596.300000000001,3.789320273612047e-06,624.0,2053.0,168609693.0,377112489.0,17360977.92,0.4471071574614438,0.30394544568923526,3.789320273612047e-06,0.22930532253441088,0.8266582586041301,0.004661401383197605,624.0,2053.0,377112489.0,168609693.0,8383191.0,10141060.0,377111700.0,86473720.0
53.7,sysbench,mcf-attacker,1,0.44754386000176577,10597.5,3.7337354255242e-06,670.0,2078.0,168769793.0,377102242.0,17362944.0,0.44754386000176577,0.3224254090471607,3.7337354255242e-06,0.22911297366361383,0.8268785814597317,0.004652357640459179,670.0,2078.0,377102242.0,168769793.0,8379700.0,10134136.0,377106864.0,86400075.0
53.9,sysbench,mcf-attacker,1,0.44722450554674764,10596.800000000001,3.898119997981144e-06,624.0,2094.0,168650535.0,377104861.0,17361797.12,0.44722450554674764,0.2979942693409742,3.898119997981144e-06,0.2289009991768031,0.8276350047199216,0.004627435026979576,624.0,2094.0,377104861.0,168650535.0,8379067.0,10124109.0,377107834.0,86320360.0
54.0,sysbench,mcf-attacker,1,0.4480568531131688,10598.599999999999,3.765494585940063e-06,650.0,2070.0,168966046.0,377108496.0,17364746.24,0.4480568531131688,0.3140096618357488,3.765494585940063e-06,0.22861773537867502,0.8292677381773985,0.004580367069624748,650.0,2070.0,377108496.0,168966046.0,8389438.0,10116682.0,377097288.0,86211128.0
54.1,sysbench,mcf-attacker,1,0.448351037156919,10595.900000000001,3.9033658357661265e-06,914.0,2386.0,169077856.0,377110438.0,17360322.560000002,0.448351037156919,0.3830678960603521,3.9033658357661265e-06,0.22865713395222034,0.8287527857551088,0.004597261051985922,914.0,2386.0,377110438.0,169077856.0,8390149.0,10123826.0,377110845.0,86229085.0
54.2,sysbench,mcf-attacker,1,0.4474936791557423,10602.2,3.855628550506198e-06,610.0,2064.0,168754796.0,377111016.0,17370644.48,0.4474936791557423,0.29554263565891475,3.855628550506198e-06,0.2286959782198544,0.8277140041117139,0.004620410639644607,610.0,2064.0,377111016.0,168754796.0,8371122.0,10113544.0,377114100.0,86244478.0
54.3,sysbench,mcf-attacker,1,0.4471088561972926,10610.4,3.7681445840630255e-06,609.0,2030.0,168608627.0,377108672.0,17384079.36,0.4471088561972926,0.3,3.7681445840630255e-06,0.22882035683607002,0.8281905865680091,0.004612025100784546,609.0,2030.0,377108672.0,168608627.0,8383635.0,10122833.0,377100723.0,86288322.0
54.4,sysbench,mcf-attacker,1,0.44720584091514054,10599.499999999998,3.7628611491507473e-06,634.0,2053.0,168644301.0,377106660.0,17366220.799999997,0.44720584091514054,0.3088163662932294,3.7628611491507473e-06,0.2286867091858873,0.8282313757126242,0.0046088948643162216,634.0,2053.0,377106660.0,168644301.0,8380677.0,10118763.0,377115567.0,86241318.0
54.5,sysbench,mcf-attacker,1,0.4481511870416859,10590.9,4.020011191435378e-06,685.0,2201.0,169003808.0,377113378.0,17352130.56,0.4481511870416859,0.3112221717401181,4.020011191435378e-06,0.22871636909115553,0.8282765932732444,0.004606351300596342,685.0,2201.0,377113378.0,169003808.0,8378494.0,10115575.0,377105628.0,86250230.0
54.6,sysbench,mcf-attacker,1,0.4474876259582364,10586.900000000001,3.924638913861908e-06,719.0,2199.0,168749712.0,377104756.0,17345576.96,0.4474876259582364,0.3269668030923147,3.924638913861908e-06,0.22865734751144834,0.828278629401198,0.004608504968761986,719.0,2199.0,377104756.0,168749712.0,8382627.0,10120540.0,377109933.0,86228957.0
54.7,sysbench,mcf-attacker,1,0.447524436974192,10585.8,3.6859391173176586e-06,678.0,2068.0,168765394.0,377108779.0,17343774.72,0.447524436974192,0.327852998065764,3.6859391173176586e-06,0.2285980634747757,0.8279741564643903,0.004611870029425441,678.0,2068.0,377108779.0,168765394.0,8370750.0,10109917.0,377106681.0,86205857.0
54.8,sysbench,mcf-attacker,1,0.4473724505458231,10590.2,3.7893690886355993e-06,685.0,2114.0,168707565.0,377107631.0,17350983.68,0.4473724505458231,0.3240302743614002,3.7893690886355993e-06,0.2287900435482015,0.8270105281932131,0.004644931654046694,685.0,2114.0,377107631.0,168707565.0,8374192.0,10125859.0,377113622.0,86279842.0
54.9,sysbench,mcf-attacker,1,0.44809790155268253,10579.400000000001,3.789333637830643e-06,635.0,2064.0,168982719.0,377111159.0,17333288.96,0.44809790155268253,0.3076550387596899,3.789333637830643e-06,0.22879639915955344,0.8265440818718623,0.004658812489799956,635.0,2064.0,377111159.0,168982719.0,8371741.0,10128608.0,377106184.0,86280537.0
55.0,sysbench,mcf-attacker,1,0.4481917126253813,10590.7,3.967000653560705e-06,936.0,2432.0,169018072.0,377111105.0,17351802.880000003,0.4481917126253813,0.3848684210526316,3.967000653560705e-06,0.2285805185759264,0.8278830291596628,0.004616413701241445,936.0,2432.0,377111105.0,169018072.0,8373810.0,10114726.0,377114382.0,86201001.0
55.1,sysbench,mcf-attacker,1,0.44719661250889536,10589.7,3.8237843710185634e-06,660.0,2102.0,168643797.0,377113315.0,17350164.48,0.44719661250889536,0.3139866793529971,3.8237843710185634e-06,0.22886195560784095,0.8278654954625828,0.004624098047628945,660.0,2102.0,377113315.0,168643797.0,8386727.0,10130543.0,377114841.0,86307240.0
55.2,sysbench,mcf-attacker,1,0.4474974250574535,10612.4,3.858396314294367e-06,599.0,2054.0,168751134.0,377099676.0,17387356.16,0.4474974250574535,0.29162609542356377,3.858396314294367e-06,0.22827428449826626,0.8296869566577377,0.004562647922273912,599.0,2054.0,377099676.0,168751134.0,8381832.0,10102403.0,377099226.0,86082056.0
55.3,sysbench,mcf-attacker,1,0.4480593791491797,10606.900000000001,3.715126743670275e-06,638.0,2039.0,168966292.0,377106919.0,17378344.96,0.4480593791491797,0.3128984796468857,3.715126743670275e-06,0.2282517361143844,0.8294603753326998,0.004567534555271956,638.0,2039.0,377106919.0,168966292.0,8377505.0,10099946.0,377105193.0,86074915.0
55.4,sysbench,mcf-attacker,1,0.4478577286085435,10580.900000000001,3.8688951042831635e-06,713.0,2172.0,168891740.0,377110250.0,17335746.560000002,0.4478577286085435,0.32826887661141807,3.8688951042831635e-06,0.22856362515047837,0.8279898867697758,0.004614892160067494,713.0,2172.0,377110250.0,168891740.0,8377138.0,10117440.0,377105670.0,86192639.0
55.5,sysbench,mcf-attacker,1,0.44747939337729953,10582.7,3.6567772621515594e-06,658.0,2037.0,168748064.0,377108011.0,17338695.68,0.44747939337729953,0.3230240549828179,3.6567772621515594e-06,0.22879147127014146,0.8266634193987664,0.0046559642388258864,658.0,2037.0,377108011.0,168748064.0,8373721.0,10129541.0,377112003.0,86280010.0
55.7,sysbench,mcf-attacker,1,0.4480662188868611,10582.5,3.7760860122811787e-06,647.0,2071.0,168970276.0,377110054.0,17338368.0,0.4480662188868611,0.31240946402704006,3.7760860122811787e-06,0.22872411925609368,0.8268542384746597,0.0046460812390896325,647.0,2071.0,377110054.0,168970276.0,8367177.0,10119289.0,377116092.0,86255546.0
55.8,sysbench,mcf-attacker,1,0.44733652418720005,10593.199999999999,3.8450220532035385e-06,697.0,2147.0,168695511.0,377110971.0,17355898.88,0.44733652418720005,0.3246390312063344,3.8450220532035385e-06,0.22870299989224233,0.8271637774919343,0.004637050926227491,697.0,2147.0,377110971.0,168695511.0,8368765.0,10117422.0,377105412.0,86245139.0
55.9,sysbench,mcf-attacker,1,0.44818976391548476,10571.0,3.815918530823527e-06,622.0,2061.0,169014371.0,377104487.0,17319526.4,0.44818976391548476,0.3017952450266861,3.815918530823527e-06,0.228572191231298,0.8281062570488686,0.004613585714773914,622.0,2061.0,377104487.0,169014371.0,8381516.0,10121305.0,377101263.0,86194862.0
56.0,sysbench,mcf-attacker,1,0.4472968140724157,10595.1,3.868852107946722e-06,670.0,2129.0,168682088.0,377114441.0,17359011.84,0.4472968140724157,0.3147017379051198,3.868852107946722e-06,0.22853196788699126,0.8277853763945198,0.004618932144891652,670.0,2129.0,377114441.0,168682088.0,8372564.0,10114414.0,377110974.0,86181913.0
56.1,sysbench,mcf-attacker,1,0.44718098252634314,10584.2,4.0705377034721585e-06,914.0,2449.0,168631974.0,377100057.0,17341153.28,0.44718098252634314,0.37321355655369537,4.0705377034721585e-06,0.22848472310980927,0.828339295876025,0.004602759530070171,914.0,2449.0,377100057.0,168631974.0,8375718.0,10111458.0,377108556.0,86163544.0
56.2,sysbench,mcf-attacker,1,0.44718874752331506,10590.5,3.7283508013860673e-06,674.0,2080.0,168639544.0,377110437.0,17351475.2,0.44718874752331506,0.32403846153846155,3.7283508013860673e-06,0.22870295317397096,0.8269447217747755,0.00464881759686282,674.0,2080.0,377110437.0,168639544.0,8377213.0,10130318.0,377107719.0,86245649.0
56.3,sysbench,mcf-attacker,1,0.44811392144887663,10592.0,3.699220148705468e-06,624.0,2019.0,168986677.0,377106510.0,17353932.8,0.44811392144887663,0.30906389301634474,3.699220148705468e-06,0.2284515805026108,0.8281179209266517,0.0046035971054109075,624.0,2019.0,377106510.0,168986677.0,8364150.0,10100192.0,377105546.0,86150358.0
56.4,sysbench,mcf-attacker,1,0.44810570992408405,10581.099999999999,3.7813640046609214e-06,617.0,2043.0,168986308.0,377112597.0,17336074.24,0.44810570992408405,0.3020068526676456,3.7813640046609214e-06,0.2283703721136046,0.8286027332180265,0.004591935908888267,617.0,2043.0,377112597.0,168986308.0,8371767.0,10103475.0,377119375.0,86122892.0
56.5,sysbench,mcf-attacker,1,0.44806889978711273,3612.6,4.12332290834442e-06,900.0,2455.0,168977098.0,377123023.0,5918883.84,0.44806889978711273,0.3665987780040733,4.12332290834442e-06,0.8758446559753169,0.822981822508403,0.001537179303249591,900.0,2455.0,377123023.0,168977098.0,2628427.0,3193785.0,367789235.0,322126236.0
56.6,sysbench,mcf-attacker,1,0.44701676003098373,1657.4,4.330272922889064e-06,727.0,2360.0,168575603.0,377112489.0,2715484.16,0.44701676003098373,0.3080508474576271,4.330272922889064e-06,1.0087486912706125,0.6985376487329317,2.6402564092290625e-05,727.0,2360.0,377112489.0,168575603.0,23072.0,33029.0,377122463.0,380421791.0
56.7,sysbench,mcf-attacker,1,0.4472216241107442,9620.4,4.034436058867034e-06,937.0,2459.0,168715355.0,377252230.0,15762063.36,0.4472216241107442,0.3810492069947133,4.034436058867034e-06,0.3301095791133213,0.8332951271382849,0.0038518551367465862,937.0,2459.0,377252230.0,168715355.0,7262887.0,8715864.0,377214861.0,124522239.0
56.8,sysbench,mcf-attacker,1,0.44727510333748755,10588.900000000001,4.175702215956558e-06,833.0,2407.0,168597035.0,376942588.0,17348853.76,0.44727510333748755,0.34607395097631904,4.175702215956558e-06,0.2279570692826058,0.8315262781117684,0.0044959935078957075,833.0,2407.0,376942588.0,168597035.0,8364322.0,10058999.0,376930482.0,85923968.0
56.9,sysbench,mcf-attacker,1,0.4473287060207959,10584.2,3.7734848984789633e-06,700.0,2123.0,168689889.0,377104994.0,17341153.28,0.4473287060207959,0.3297220913801225,3.7734848984789633e-06,0.22804755458990603,0.8305320375947978,0.0045313661262542165,700.0,2123.0,377104994.0,168689889.0,8374512.0,10083310.0,377104377.0,85997731.0
57.0,sysbench,mcf-attacker,1,0.4471502780281558,10604.9,3.7548975757548593e-06,635.0,2051.0,168623719.0,377107490.0,17375068.16,0.4471502780281558,0.3096050706972209,3.7548975757548593e-06,0.227855243401451,0.831571027499477,0.004498380840537785,635.0,2051.0,377107490.0,168623719.0,8375531.0,10071937.0,377114802.0,85927585.0
57.1,sysbench,mcf-attacker,1,0.447206522239169,10567.5,4.130801177664371e-06,1082.0,2640.0,168671338.0,377166543.0,17313792.0,0.447206522239169,0.40984848484848485,4.130801177664371e-06,0.22812652823300994,0.8291535714391973,0.004569435764734794,1082.0,2640.0,377166543.0,168671338.0,8360513.0,10083190.0,376999938.0,86003687.0
57.2,sysbench,mcf-attacker,1,0.4471090460961721,10586.599999999999,3.4955241696029597e-06,569.0,1887.0,168584079.0,377053608.0,17345085.439999998,0.4471090460961721,0.3015368309485957,3.4955241696029597e-06,0.228218540119857,0.8281814055582425,0.004591108214673432,569.0,1887.0,377053608.0,168584079.0,8347758.0,10079625.0,377221995.0,86089053.0
57.3,sysbench,mcf-attacker,1,0.4481619995696305,10589.8,3.792012032780761e-06,658.0,2088.0,169005703.0,377108508.0,17350328.32,0.4481619995696305,0.31513409961685823,3.792012032780761e-06,0.22788129047351746,0.8296591971205538,0.004551593079587762,658.0,2088.0,377108508.0,169005703.0,8359963.0,10076382.0,377102911.0,85934698.0
57.4,sysbench,mcf-attacker,1,0.4481720292831881,10582.1,3.789365551564047e-06,726.0,2155.0,169009250.0,377107983.0,17337712.64,0.4481720292831881,0.3368909512761021,3.789365551564047e-06,0.2282737117460693,0.8287104082747678,0.004587412601209215,726.0,2155.0,377107983.0,169009250.0,8369579.0,10099522.0,377106476.0,86083495.0
57.5,sysbench,mcf-attacker,1,0.4472704863759641,10561.6,3.818510532636053e-06,628.0,2068.0,168670348.0,377110391.0,17304125.44,0.4472704863759641,0.3036750483558994,3.818510532636053e-06,0.22814337952451028,0.8285366764873995,0.004593090515949234,628.0,2068.0,377110391.0,168670348.0,8369677.0,10101758.0,377105784.0,86034188.0
57.6,sysbench,mcf-attacker,1,0.4481629092081666,10561.300000000001,3.7867608159355802e-06,626.0,2054.0,169003712.0,377103300.0,17303633.92,0.4481629092081666,0.3047711781888997,3.7867608159355802e-06,0.22819261020522744,0.8285068209725017,0.004593518461493281,626.0,2054.0,377103300.0,169003712.0,8368730.0,10100979.0,377107225.0,86053082.0
57.8,sysbench,mcf-attacker,1,0.46930918782020126,10598.199999999999,4.159549952227631e-05,31549.0,46867.0,172828268.0,368260994.0,17364090.88,0.46930918782020126,0.6731602193441014,4.159549952227631e-05,0.22717790143523642,0.8342082264951315,0.0044205293100425935,31549.0,46867.0,368260994.0,172828268.0,8388551.0,10055704.0,377138773.0,85677595.0
57.9,sysbench,mcf-attacker,1,0.4472947243948192,10589.0,4.1050561188618045e-06,805.0,2353.0,168673025.0,377095941.0,17349017.6,0.4472947243948192,0.3421164470888228,4.1050561188618045e-06,0.22752113085384948,0.8330713739806956,0.0044560190486041635,805.0,2353.0,377095941.0,168673025.0,8385539.0,10065811.0,377079178.0,85793481.0
58.0,sysbench,mcf-attacker,1,0.44723598752721166,10588.599999999999,3.762822384083691e-06,659.0,2078.0,168657407.0,377110545.0,17348362.24,0.44723598752721166,0.3171318575553417,3.762822384083691e-06,0.22797968337295543,0.8298919368476663,0.004552630864242139,659.0,2078.0,377110545.0,168657407.0,8375935.0,10092802.0,377115354.0,85974639.0
58.1,sysbench,mcf-attacker,1,0.4472244174550817,10573.099999999999,4.057184374981082e-06,1134.0,2664.0,168652271.0,377108817.0,17322967.04,0.4472244174550817,0.42567567567567566,4.057184374981082e-06,0.22788447199313938,0.8301705118011883,0.004541009698286215,1134.0,2664.0,377108817.0,168652271.0,8370899.0,10083349.0,377107761.0,85937003.0
58.2,sysbench,mcf-attacker,1,0.4475360699669314,10597.0,3.898047599218338e-06,653.0,2123.0,168771162.0,377111865.0,17362124.8,0.4475360699669314,0.3075836081017428,3.898047599218338e-06,0.22806103066322816,0.8290917022404873,0.004577370807975217,653.0,2123.0,377111865.0,168771162.0,8373929.0,10100124.0,377114958.0,86005226.0
58.3,sysbench,mcf-attacker,1,0.44807104833666245,10589.5,3.837097085381891e-06,700.0,2147.0,168971176.0,377107998.0,17349836.8,0.44807104833666245,0.3260363297624592,3.837097085381891e-06,0.22790656776136473,0.8308676049713398,0.004523698315814897,700.0,2147.0,377107998.0,168971176.0,8380242.0,10086134.0,377101186.0,85943837.0
58.4,sysbench,mcf-attacker,1,0.44803414233369443,10562.8,3.7973593491907345e-06,648.0,2080.0,168955538.0,377104158.0,17306091.52,0.44803414233369443,0.31153846153846154,3.7973593491907345e-06,0.22790091159841713,0.8299022406059224,0.0045529709753122085,648.0,2080.0,377104158.0,168955538.0,8377005.0,10093966.0,377107829.0,85943218.0
58.5,sysbench,mcf-attacker,1,0.447376528287401,10571.900000000001,3.680184441935426e-06,770.0,2158.0,168730299.0,377155010.0,17321000.96,0.447376528287401,0.3568118628359592,3.680184441935426e-06,0.2279540522280755,0.8281571335376342,0.004599753837680844,770.0,2158.0,377155010.0,168730299.0,8360715.0,10095566.0,377161705.0,85975539.0
58.6,sysbench,mcf-attacker,1,0.44773548658344053,10568.0,3.7077396843388505e-06,574.0,1972.0,168818273.0,377049124.0,17314611.2,0.44773548658344053,0.29107505070993916,3.7077396843388505e-06,0.22813287492238293,0.8285633077752497,0.004595937297907967,574.0,1972.0,377049124.0,168818273.0,8375190.0,10108087.0,377049748.0,86017443.0
58.7,sysbench,mcf-attacker,1,0.4470397094901889,10570.599999999999,3.5825272271406327e-06,682.0,2033.0,168582291.0,377108090.0,17318871.04,0.4470397094901889,0.3354648303000492,3.5825272271406327e-06,0.2280768856486398,0.8284155013999053,0.004592284123707513,682.0,2033.0,377108090.0,168582291.0,8361645.0,10093540.0,377131500.0,86014978.0
58.8,sysbench,mcf-attacker,1,0.4476854748176603,10560.5,3.6829840386233185e-06,1318.0,2707.0,168840027.0,377139837.0,17302323.2,0.4476854748176603,0.4868858514961212,3.6829840386233185e-06,0.22797067241740598,0.8284069466286401,0.004593957444242782,1318.0,2707.0,377139837.0,168840027.0,8364555.0,10097157.0,377148030.0,85978690.0
59.0,sysbench,mcf-attacker,1,0.4474003660261747,10563.2,3.924946338093886e-06,766.0,2246.0,168703591.0,377075219.0,17306746.880000003,0.4474003660261747,0.3410507569011576,3.924946338093886e-06,0.22786810690440684,0.8289673077390312,0.004571777490305442,766.0,2246.0,377075219.0,168703591.0,8359211.0,10083885.0,377243644.0,85961795.0
59.1,sysbench,mcf-attacker,1,0.4480498900001425,10580.599999999999,3.887304919672874e-06,945.0,2411.0,168970830.0,377125034.0,17335255.04,0.4480498900001425,0.3919535462463708,3.887304919672874e-06,0.22802113221235787,0.8282556142345903,0.0045978882902156445,945.0,2411.0,377125034.0,168970830.0,8362207.0,10096167.0,377120950.0,85991546.0
59.2,sysbench,mcf-attacker,1,0.44805363117913466,10569.5,3.7326852416165697e-06,809.0,2217.0,169009566.0,377208339.0,17317068.8,0.44805363117913466,0.36490753270184934,3.7326852416165697e-06,0.22797124612213643,0.8282354238861307,0.004600793273856517,809.0,2217.0,377208339.0,169009566.0,8364709.0,10099434.0,377049108.0,85956355.0
59.3,sysbench,mcf-attacker,1,0.44806503672996956,10586.599999999999,3.503565990996849e-06,548.0,1869.0,168940421.0,377044418.0,17345085.439999998,0.44806503672996956,0.29320492241840557,3.503565990996849e-06,0.2280082744431508,0.8296066469288889,0.004561801871098608,548.0,1869.0,377044418.0,168940421.0,8377981.0,10098739.0,377210157.0,86007037.0
59.4,sysbench,mcf-attacker,1,0.44731005185691824,10581.800000000001,3.462336408945853e-06,800.0,2106.0,168726218.0,377201937.0,17337221.12,0.44731005185691824,0.3798670465337132,3.462336408945853e-06,0.22748513214571475,0.8296849815919086,0.004549035592980668,800.0,2106.0,377201937.0,168726218.0,8359233.0,10075189.0,377213140.0,85810381.0
59.5,sysbench,mcf-attacker,1,0.4473706399852292,10561.6,3.587440664546736e-06,627.0,1980.0,168725432.0,377149095.0,17304125.44,0.4473706399852292,0.31666666666666665,3.587440664546736e-06,0.2278557152931178,0.8287377315594159,0.004582938224566694,627.0,1980.0,377149095.0,168725432.0,8364256.0,10092766.0,377161968.0,85938510.0
59.6,sysbench,mcf-attacker,1,0.4472159081881535,10555.2,3.574381792637957e-06,616.0,1964.0,168657709.0,377128152.0,17293639.68,0.4472159081881535,0.3136456211812627,3.574381792637957e-06,0.22817656506828465,0.8273824347890616,0.004625928722115328,616.0,1964.0,377128152.0,168657709.0,8362044.0,10106625.0,377130973.0,86052450.0
59.7,sysbench,mcf-attacker,1,0.447696327321134,10557.3,3.534208931254052e-06,796.0,2129.0,168857930.0,377170684.0,17297080.32,0.447696327321134,0.3738844527947393,3.534208931254052e-06,0.2279327630002989,0.827516527594336,0.004615914023171951,796.0,2129.0,377170684.0,168857930.0,8352975.0,10094028.0,377184885.0,85972793.0
59.9,sysbench,mcf-attacker,1,0.44729525429755584,10546.5,3.6136985230832698e-06,628.0,1991.0,168708991.0,377175902.0,17279385.6,0.44729525429755584,0.31541938724259166,3.6136985230832698e-06,0.2278733539489814,0.8275005121639305,0.00461433747513214,628.0,1991.0,377175902.0,168708991.0,8349102.0,10089543.0,377181125.0,85949528.0
60.0,sysbench,mcf-attacker,1,0.4470020693544827,13683.3,4.082720027594733e-06,864.5,1964.5,120434973.0,269428222.5,22418718.72,0.4470020693544827,0.44006108424535506,4.082720027594733e-06,0.22809880642863678,0.8281566190518279,0.004600313530731752,864.5,1964.5,269428222.5,120434973.0,6090388.0,7354150.0,274712145.5,62661512.5
