time_step,victim,attacker,run_id,IPC,Total_MB_per_sec,cache_dominance_score,LLC-load-misses,LLC-loads,instructions,cycles,cas_count_total,victim_IPC,victim_miss_rate,victim_cache_dominance,attacker_IPC,attacker_miss_rate,attacker_cache_dominance,victim_LLC-load-misses,victim_LLC-loads,victim_cycles,victim_instructions,attacker_LLC-load-misses,attacker_LLC-loads,attacker_cycles,attacker_instructions
0.1,x264,stress-ng,10,1.8894572573597619,7857.200000000001,0.0005320114884166861,688826.0,883557.0,691593902.0,366027810.0,12873236.48,1.8894572573597619,0.7796056168419242,0.0005320114884166861,1.5845703488554554,0.8841811288065139,9.553903295172733e-05,688826.0,883557.0,366027810.0,691593902.0,273540.0,309371.0,375040430.0,594277945.0
0.2,x264,stress-ng,10,1.8844126222629278,10866.3,0.0005494598937582665,669629.0,866485.0,675131953.0,358271827.0,17803345.919999998,1.8844126222629278,0.7728108391951389,0.0005494598937582665,1.3828312898368122,0.1742551638798109,6.912784331219805e-05,669629.0,866485.0,358271827.0,675131953.0,5492.0,31517.0,376476377.0,520603314.0
0.3,x264,stress-ng,10,1.87339056481991,10814.2,0.0005764807228531873,674912.0,881692.0,671973382.0,358693694.0,17717985.28,1.87339056481991,0.7654736574676871,0.0005764807228531873,1.3781211681271803,0.15190824728793623,6.915644376735285e-05,674912.0,881692.0,358693694.0,671973382.0,4649.0,30604.0,375308483.0,517220565.0
0.4,x264,stress-ng,10,1.8820791817707543,10870.1,0.0005245578812251194,680395.0,868345.0,674352240.0,358301737.0,17809571.84,1.8820791817707543,0.7835537718303209,0.0005245578812251194,1.4084813737019393,0.5647994696718595,7.685867039784478e-05,680395.0,868345.0,358301737.0,674352240.0,37488.0,66374.0,375832679.0,529353328.0
0.5,x264,stress-ng,10,1.929419884584291,8023.3,0.0005891403754673903,675571.0,886462.0,690662711.0,357963923.0,13145374.72,1.929419884584291,0.762098093319285,0.0005891403754673903,1.571752686887,0.8677913251239341,0.00010051532545059736,675571.0,886462.0,357963923.0,690662711.0,257150.0,296327.0,389761460.0,612608622.0
0.6,x264,stress-ng,10,1.9297451676693298,7799.099999999999,0.0006448524641307591,649082.0,887679.0,714010465.0,370002463.0,12778045.44,1.9297451676693298,0.731212521643522,0.0006448524641307591,1.5602820148288363,0.879772261859731,9.528575719181014e-05,649082.0,887679.0,370002463.0,714010465.0,269798.0,306668.0,386941355.0,603737637.0
0.7,x264,stress-ng,10,1.8958349696790482,7680.4,0.000497623520375875,675469.0,859010.0,699250401.0,368835058.0,12583567.36,1.8958349696790482,0.7863342685184107,0.000497623520375875,1.605664351007333,0.8931415446105029,0.0001001250283450174,675469.0,859010.0,368835058.0,699250401.0,323127.0,361787.0,386117244.0,619974694.0
0.8,x264,stress-ng,10,1.8865818960346263,7468.8,0.0005364169827845086,732839.0,929401.0,691309788.0,366435080.0,12236881.92,1.8865818960346263,0.7885067909330848,0.0005364169827845086,1.6543754503395096,0.8999980289352308,0.00010511083487965745,732839.0,929401.0,366435080.0,691309788.0,365284.0,405872.0,386144778.0,638828441.0
1.0,x264,stress-ng,10,2.065695055193836,8466.800000000001,0.0008706645097807282,615805.0,937318.0,762805658.0,369273120.0,13872005.120000001,2.065695055193836,0.6569862095894883,0.0008706645097807282,1.6361386459729927,0.9006146923788098,9.820263556806296e-05,615805.0,937318.0,369273120.0,762805658.0,343870.0,381817.0,386415291.0,632228991.0
1.1,x264,stress-ng,10,2.1609216932750375,10883.5,0.0009964934337429938,456189.0,822431.0,794205216.0,367530771.0,17831526.4,2.1609216932750375,0.5546836147956485,0.0009964934337429938,1.382800998171726,0.17252626626940568,6.837992644954137e-05,456189.0,822431.0,367530771.0,794205216.0,5501.0,31885.0,385844229.0,533545785.0
1.2,x264,stress-ng,10,1.8769403517149357,10946.900000000001,0.0005423098372346269,680614.0,878752.0,685757812.0,365359406.0,17935400.96,1.8769403517149357,0.7745234150249445,0.0005423098372346269,1.385258556297172,0.15184463578656276,6.991713472483974e-05,680614.0,878752.0,365359406.0,685757812.0,4832.0,31822.0,386028405.0,534749151.0
1.3,x264,stress-ng,10,1.8576400834834947,9768.0,0.0005893726239589372,727487.0,942939.0,679081883.0,365561601.0,16003891.2,1.8576400834834947,0.771510140104503,0.0005893726239589372,1.4034719438979446,0.4589260074662583,7.326508705466104e-05,727487.0,942939.0,365561601.0,679081883.0,23972.0,52235.0,385763549.0,541408318.0
1.4,x264,stress-ng,10,1.9522373750598048,7807.700000000001,0.0006290076466189841,692403.0,930581.0,739227887.0,378656764.0,12792135.680000002,1.9522373750598048,0.7440545207778796,0.0006290076466189841,1.55927847745385,0.8745037200146799,9.821956892589254e-05,692403.0,930581.0,378656764.0,739227887.0,262115.0,299730.0,382968490.0,597154524.0
1.5,x264,stress-ng,10,1.9036541350167435,7810.2,0.0005740989801289152,641393.0,847259.0,682630828.0,358589733.0,12796231.68,1.9036541350167435,0.7570211706219704,0.0005740989801289152,1.5598359425265416,0.8744799875535232,9.873575690081787e-05,641393.0,847259.0,358589733.0,682630828.0,258554.0,295666.0,375871935.0,586298554.0
1.6,x264,stress-ng,10,1.8941999097317066,7522.6,0.0005451205414363994,680036.0,875242.0,678307199.0,358096944.0,12325027.84,1.8941999097317066,0.7769691125425883,0.0005451205414363994,1.600718767161458,0.8915316544551916,0.00010239110779799216,680036.0,875242.0,358096944.0,678307199.0,316245.0,354721.0,375774819.0,601509805.0
1.7,x264,stress-ng,10,1.8889174594348506,7414.4,0.0005171960511595752,687250.0,871772.0,673916258.0,356773799.0,12147752.959999999,1.8889174594348506,0.7883368587199405,0.0005171960511595752,1.6454279876307436,0.9002255385794413,0.00010336122514560754,687250.0,871772.0,356773799.0,673916258.0,350050.0,388847.0,375353523.0,617617192.0
1.8,x264,stress-ng,10,1.893099140687528,7313.6,0.0005364881534656153,704415.0,895527.0,674374561.0,356227810.0,11982602.24,1.893099140687528,0.7865926990475999,0.0005364881534656153,1.6573839790226639,0.898530404795901,0.00010495332649328401,704415.0,895527.0,356227810.0,674374561.0,348628.0,387998.0,375119125.0,621716428.0
1.9,x264,stress-ng,10,1.8853909159758497,10647.7,0.0005289331967068918,668780.0,858231.0,675301147.0,358175666.0,17445191.68,1.8853909159758497,0.7792540702910988,0.0005289331967068918,1.423040194280103,0.6852685501397081,7.557847299937819e-05,668780.0,858231.0,358175666.0,675301147.0,61803.0,90188.0,375569906.0,534451072.0
2.0,x264,stress-ng,10,1.9400332054021716,10946.900000000001,0.000674059104324481,653814.0,894336.0,692254824.0,356826276.0,17935400.96,1.9400332054021716,0.7310608093602404,0.000674059104324481,1.3923451803096207,0.1458029439066437,6.870132972002272e-05,653814.0,894336.0,356826276.0,692254824.0,4398.0,30164.0,375043687.0,522190270.0
2.1,x264,stress-ng,10,1.9025646702946957,10791.8,0.0006513379194912971,634164.0,864635.0,673208129.0,353842442.0,17681285.119999997,1.9025646702946957,0.7334470614768082,0.0006513379194912971,1.381151508555029,0.13663876368319383,7.159310452039012e-05,634164.0,864635.0,353842442.0,673208129.0,4244.0,31060.0,374561212.0,517325783.0
2.2,x264,stress-ng,10,1.88503344911828,8366.2,0.0005099888940860293,699803.0,890598.0,705221155.0,374115990.0,13707182.08,1.88503344911828,0.7857675404615775,0.0005099888940860293,1.520170644141295,0.8561863052367213,9.246288267417008e-05,699803.0,890598.0,374115990.0,705221155.0,206251.0,240895.0,374680077.0,569577654.0
2.3,x264,stress-ng,10,1.9027073120908533,7850.700000000001,0.0005758872475473035,680231.0,883846.0,672735420.0,353567475.0,12862586.88,1.9027073120908533,0.7696261565928906,0.0005758872475473035,1.5648853338082973,0.8747140514934126,9.94520988243258e-05,680231.0,883846.0,353567475.0,672735420.0,269956.0,308622.0,388790186.0,608412060.0
2.4,x264,stress-ng,10,1.874572897855907,7696.3,0.0005519192210394493,751001.0,959018.0,706521925.0,376897546.0,12609617.92,1.874572897855907,0.7830937479797042,0.0005519192210394493,1.5600950660576896,0.8794948852424966,9.712944698093356e-05,751001.0,959018.0,376897546.0,706521925.0,270997.0,308128.0,382283655.0,596398844.0
2.7,x264,stress-ng,10,1.9038213528989845,7440.699999999999,0.0005647721470967859,686818.0,899467.0,716830157.0,376521755.0,12190842.879999999,1.9038213528989845,0.7635833221229906,0.0005647721470967859,1.6461304929801868,0.9008384079075104,0.0001029452121005393,686818.0,899467.0,376521755.0,716830157.0,357259.0,396585.0,382009024.0,628836703.0
2.8,x264,stress-ng,10,1.867934639559261,8615.3,0.000509475398726895,694151.0,876277.0,667744635.0,357477516.0,14115307.52,1.867934639559261,0.7921593286141254,0.000509475398726895,1.4873699428534881,0.8166491538059654,8.024076772344224e-05,694151.0,876277.0,357477516.0,667744635.0,139117.0,170351.0,389253504.0,578963962.0
2.9,x264,stress-ng,10,1.850298668926992,10827.5,0.0005378835458059742,741366.0,944104.0,697410907.0,376918018.0,17739776.0,1.850298668926992,0.7852588274173185,0.0005378835458059742,1.384084541090839,0.15281727553986063,7.091802781393593e-05,741366.0,944104.0,376918018.0,697410907.0,4890.0,31999.0,382258233.0,529077711.0
3.0,x264,stress-ng,10,1.903952752325503,10783.699999999999,0.0005730415458702425,648340.0,852331.0,677768006.0,355979425.0,17668014.08,1.903952752325503,0.760666924000183,0.0005730415458702425,1.3898880832698481,0.1445827344729519,7.191933953873507e-05,648340.0,852331.0,355979425.0,677768006.0,4728.0,32701.0,388949623.0,540596446.0
3.1,x264,stress-ng,10,1.932502229466842,10306.900000000001,0.0006954752375389018,658344.0,918992.0,724257046.0,374776823.0,16886824.96,1.932502229466842,0.7163762034925223,0.0006954752375389018,1.4922341752840422,0.8290537798323154,9.042968994995151e-05,658344.0,918992.0,374776823.0,724257046.0,167507.0,202046.0,381943143.0,569948611.0
3.2,x264,stress-ng,10,1.8961599298155252,7813.400000000001,0.000558808155175014,666354.0,864284.0,671620361.0,354200271.0,12801474.56,1.8961599298155252,0.7709896284091803,0.000558808155175014,1.5549719163484776,0.871481910467399,9.810148950205079e-05,666354.0,864284.0,354200271.0,671620361.0,249046.0,285773.0,374377598.0,582146651.0
3.3,x264,stress-ng,10,1.8934425920732139,7816.6,0.0005423957011834972,684933.0,877151.0,671011491.0,354387027.0,12806717.440000001,1.8934425920732139,0.7808609920070775,0.0005423957011834972,1.5674424811083145,0.876732584890344,9.761344020882983e-05,684933.0,877151.0,354387027.0,671011491.0,260287.0,296883.0,374907389.0,587645768.0
3.4,x264,stress-ng,10,1.8773153698786356,7643.9,0.0005414116066346574,716398.0,908442.0,665902150.0,354709795.0,12523765.76,1.8773153698786356,0.7886007031819313,0.0005414116066346574,1.6428402834706963,0.8994997133774558,0.00010296708093034766,716398.0,908442.0,354709795.0,665902150.0,345210.0,383780.0,374585738.0,615384540.0
3.5,x264,stress-ng,10,1.9100070356664536,7483.0,0.0005344353537478,690218.0,880699.0,680755956.0,356415418.0,12260147.2,1.9100070356664536,0.7837161164029935,0.0005344353537478,1.659669850766471,0.9039511820027998,0.00010388175424488252,690218.0,880699.0,356415418.0,680755956.0,366780.0,405752.0,375157315.0,622637285.0
3.6,x264,stress-ng,10,1.9465445008896802,7419.300000000001,0.0006656129049669624,646663.0,883308.0,692053925.0,355529465.0,12155781.120000001,1.9465445008896802,0.7320923166098349,0.0006656129049669624,1.5549933717930766,0.869341072170876,8.975024166544173e-05,646663.0,883308.0,355529465.0,692053925.0,223771.0,257403.0,374728796.0,582700794.0
3.7,x264,stress-ng,10,1.8749533036244135,10088.2,0.0005889224171714571,627656.0,838045.0,669815818.0,357244000.0,16528506.88,1.8749533036244135,0.7489526218759136,0.0005889224171714571,1.3843565381742247,0.20147663031725926,6.89127214264727e-05,627656.0,838045.0,357244000.0,669815818.0,6522.0,32371.0,375097652.0,519268887.0
3.8,x264,stress-ng,10,1.8640213085697663,10846.199999999999,0.0005435810989882031,661366.0,855211.0,664723647.0,356607322.0,17770414.08,1.8640213085697663,0.7733366385605424,0.0005435810989882031,1.3774069786536258,0.14337741997316467,7.153122154016949e-05,661366.0,855211.0,356607322.0,664723647.0,4488.0,31302.0,374857292.0,516331050.0
3.9,x264,stress-ng,10,1.8732120876435787,10752.3,0.0005465378965649207,675243.0,869801.0,666830973.0,355982634.0,17616568.32,1.8732120876435787,0.7763189511164048,0.0005465378965649207,1.4325874397971252,0.7334236746323369,7.889752311602561e-05,675243.0,869801.0,355982634.0,666830973.0,84431.0,115119.0,388960246.0,557219563.0
4.0,x264,stress-ng,10,2.028196765021428,8955.1,0.0007928308039593793,621449.0,905063.0,725533108.0,357723235.0,14672035.84,2.028196765021428,0.6866361789179317,0.0007928308039593793,1.5664028846072768,0.8740269685367071,9.877175665527445e-05,621449.0,905063.0,357723235.0,725533108.0,262514.0,300350.0,383064970.0,600034074.0
4.1,x264,stress-ng,10,2.197288659196853,7611.599999999999,0.001054086609795789,453434.0,832798.0,790800497.0,359898320.0,12470845.44,2.197288659196853,0.5444705678928143,0.001054086609795789,1.5548437689324084,0.8827084200459431,9.450899536776641e-05,453434.0,832798.0,359898320.0,790800497.0,277821.0,314737.0,390608321.0,607334914.0
4.3,x264,stress-ng,10,1.8855727213314346,7551.999999999999,0.0005227518419598392,725381.0,923230.0,713643927.0,378475950.0,12373196.799999999,1.8855727213314346,0.7856991215623409,0.0005227518419598392,1.6203243076476812,0.8936039710907201,0.0001023701383170378,725381.0,923230.0,378475950.0,713643927.0,329260.0,368463.0,382953473.0,620508821.0
4.4,x264,stress-ng,10,1.8907374622679916,7393.9,0.0005255546809908819,699628.0,888152.0,678234639.0,358714339.0,12114165.76,1.8907374622679916,0.7877345319269674,0.0005255546809908819,1.6468267561128138,0.9021319484779118,0.00010279032346766317,699628.0,888152.0,358714339.0,678234639.0,369663.0,409766.0,390143728.0,642499130.0
4.5,x264,stress-ng,10,1.910222093226678,8044.9,0.0005750391337266468,735460.0,953921.0,725705442.0,379906318.0,13180764.16,1.910222093226678,0.7709862766413571,0.0005750391337266468,1.605721542628938,0.8924756677982176,9.688277773746426e-05,735460.0,953921.0,379906318.0,725705442.0,308652.0,345838.0,383824668.0,616315538.0
4.6,x264,stress-ng,10,1.9201776750405664,10804.400000000001,0.000693572836309779,644657.0,892926.0,687340343.0,357956637.0,17701928.96,1.9201776750405664,0.7219601624322732,0.000693572836309779,1.3818118228471064,0.16061606160616063,6.842265548246501e-05,644657.0,892926.0,357956637.0,687340343.0,5110.0,31815.0,390294703.0,539313835.0
4.7,x264,stress-ng,10,1.8514360708408582,10855.1,0.0005478075349253295,693046.0,900381.0,700734242.0,378481468.0,17784995.84,1.8514360708408582,0.7697252607507267,0.0005478075349253295,1.3796819016302964,0.14137719028588994,7.289982027927519e-05,693046.0,900381.0,378481468.0,700734242.0,4599.0,32530.0,383142234.0,528614406.0
4.8,x264,stress-ng,10,1.8766023732248294,10740.3,0.0005571857501333225,663055.0,862160.0,670585914.0,357340438.0,17596907.52,1.8766023732248294,0.7690625869908138,0.0005571857501333225,1.4109281592150615,0.6268733057132627,7.495428257548248e-05,663055.0,862160.0,357340438.0,670585914.0,49024.0,78204.0,389303973.0,549279938.0
4.9,x264,stress-ng,10,1.8744418370545706,7796.9,0.0004986816044058627,753067.0,942550.0,712227721.0,379967896.0,12774440.959999999,1.8744418370545706,0.7989676940215373,0.0004986816044058627,1.5660051302181164,0.8788544620934202,9.797986509205686e-05,753067.0,942550.0,379967896.0,712227721.0,272386.0,309933.0,383211387.0,600110998.0
5.0,x264,stress-ng,10,1.9558348877517786,7768.9,0.0006586928954301457,654953.0,890878.0,700524249.0,358171466.0,12728565.76,1.9558348877517786,0.7351769827069475,0.0006586928954301457,1.5571906892725793,0.8828507223113965,9.36748371385099e-05,654953.0,890878.0,358171466.0,700524249.0,275008.0,311500.0,389560325.0,606619711.0
5.1,x264,stress-ng,10,1.8906262243994691,7734.200000000001,0.0005303814998124187,680228.0,879821.0,711479869.0,376319687.0,12671713.280000001,1.8906262243994691,0.7731436280788934,0.0005303814998124187,1.6182693707166573,0.8964598862510234,0.00010053305817918069,680228.0,879821.0,376319687.0,711479869.0,332895.0,371344.0,382451312.0,618909244.0
5.2,x264,stress-ng,10,1.8958273651033863,7470.500000000001,0.0005119814006339627,689980.0,871768.0,673146846.0,355067586.0,12239667.200000001,1.8958273651033863,0.7914720430206201,0.0005119814006339627,1.6454905042943597,0.9028674326296379,0.00010372438844932896,689980.0,871768.0,355067586.0,673146846.0,375545.0,415947.0,389513022.0,640939979.0
5.3,x264,stress-ng,10,1.8580510048580359,7413.099999999999,0.0005472431221220046,769925.0,976770.0,702299480.0,377976427.0,12145623.04,1.8580510048580359,0.7882357156751334,0.0005472431221220046,1.6321326675037169,0.8978838529947498,9.945259981532056e-05,769925.0,976770.0,377976427.0,702299480.0,335198.0,373320.0,383318285.0,625626295.0
5.4,x264,stress-ng,10,1.9294600014786127,9502.7,0.0006881240894720067,657359.0,903045.0,688889282.0,357037348.0,15569223.680000002,1.9294600014786127,0.7279360386248748,0.0006881240894720067,1.3827521641577036,0.18142617077269413,6.620484880342961e-05,657359.0,903045.0,357037348.0,688889282.0,5722.0,31539.0,389956332.0,539212962.0
5.6,x264,stress-ng,10,1.8940205291044334,10900.699999999999,0.0006001014920050201,665865.0,893510.0,718485638.0,379344166.0,17859706.88,1.8940205291044334,0.7452238922899576,0.0006001014920050201,1.383676496203478,0.15884021430822565,6.962546075118213e-05,665865.0,893510.0,379344166.0,718485638.0,5040.0,31730.0,383336781.0,530414094.0
5.7,x264,stress-ng,10,1.8652863812406084,9490.0,0.0005775920199233569,687307.0,894369.0,668689863.0,358491795.0,15548416.0,1.8652863812406084,0.7684825838104854,0.0005775920199233569,1.3958279094882282,0.5008706061595386,7.050694385019305e-05,687307.0,894369.0,358491795.0,668689863.0,27615.0,55134.0,390301983.0,544794401.0
5.8,x264,stress-ng,10,1.868002852073647,7828.7,0.0005478669462944665,751826.0,959652.0,708601903.0,379336628.0,12826542.08,1.868002852073647,0.7834360789119389,0.0005478669462944665,1.5571188048525746,0.8766522284955601,9.786200321259994e-05,751826.0,959652.0,379336628.0,708601903.0,266753.0,304286.0,383529856.0,597201551.0
5.9,x264,stress-ng,10,1.9335759902852077,7843.000000000001,0.0006667772677909343,661160.0,900277.0,693411297.0,358616005.0,12849971.200000001,1.9335759902852077,0.7343961913944264,0.0006667772677909343,1.5590898373241822,0.8755218417984902,9.616696835418071e-05,661160.0,900277.0,358616005.0,693411297.0,263617.0,301097.0,389738812.0,607637821.0
6.0,x264,stress-ng,10,1.8894873796751477,7623.400000000001,0.0005721671948147758,686002.0,904018.0,719961725.0,381035477.0,12490178.56,1.8894873796751477,0.7588366603319845,0.0005721671948147758,1.6076663974512635,0.887667270699749,0.00010082902956438159,686002.0,904018.0,381035477.0,719961725.0,305670.0,344352.0,383639515.0,616764357.0
6.1,x264,stress-ng,10,1.8912855305202998,7448.3,0.0005186743340576943,694576.0,879940.0,675908230.0,357380321.0,12203294.72,1.8912855305202998,0.7893447280496397,0.0005186743340576943,1.6456833500721575,0.9007156549202211,0.00010227612315142194,694576.0,879940.0,357380321.0,675908230.0,361341.0,401171.0,389435958.0,640888272.0
6.2,x264,stress-ng,10,1.8625941824212844,7478.5999999999985,0.0005000510720393993,759678.0,948744.0,704234530.0,378093380.0,12252938.239999998,1.8625941824212844,0.8007196883458552,0.0005000510720393993,1.6579948225256322,0.8994828594354739,0.00010377978386693105,759678.0,948744.0,378093380.0,704234530.0,355347.0,395057.0,382637143.0,634410402.0
6.3,x264,stress-ng,10,1.939936547983678,10812.8,0.000653190616826375,639176.0,871730.0,690671287.0,356027772.0,17715691.52,1.939936547983678,0.7332270313055648,0.000653190616826375,1.3902109962347882,0.2528322193270647,6.777964695721836e-05,639176.0,871730.0,356027772.0,690671287.0,8927.0,35308.0,389217135.0,541093941.0
6.4,x264,stress-ng,10,1.877007968479125,10968.900000000001,0.0006188929892353005,675238.0,909436.0,710286786.0,378414369.0,17971445.76,1.877007968479125,0.7424799546092303,0.0006188929892353005,1.385305638210561,0.1438129162149605,7.218044434247069e-05,675238.0,909436.0,378414369.0,710286786.0,4643.0,32285.0,382956911.0,530512368.0
6.5,x264,stress-ng,10,1.8752145151439479,10807.4,0.0005774860895816121,686649.0,892481.0,668378271.0,356427633.0,17706844.16,1.8752145151439479,0.7693710006151392,0.0005774860895816121,1.3886416265191208,0.13936351642693953,7.125461470937309e-05,686649.0,892481.0,356427633.0,668378271.0,4331.0,31077.0,375358145.0,521237945.0
6.6,x264,stress-ng,10,1.872184824970062,8263.099999999999,0.0005403561353817259,757761.0,961481.0,705833556.0,377010617.0,13538263.04,1.872184824970062,0.7881185379638287,0.0005403561353817259,1.5566741687061922,0.8711801915269383,9.75568338229053e-05,757761.0,961481.0,377010617.0,705833556.0,247626.0,284242.0,375329934.0,584266413.0
6.7,x264,stress-ng,10,1.9393234813119336,7849.300000000001,0.0006710413189041443,666158.0,905678.0,692217822.0,356937782.0,12860293.120000001,1.9393234813119336,0.7355351460452833,0.0006710413189041443,1.5642225989908352,0.8758910781492141,9.708683904195724e-05,666158.0,905678.0,356937782.0,692217822.0,257166.0,293605.0,375323786.0,587089948.0
6.8,x264,stress-ng,10,1.9106208907563071,7789.499999999999,0.0006297009091183151,641182.0,864807.0,678516722.0,355128914.0,12762316.799999999,1.9106208907563071,0.7414162928838458,0.0006297009091183151,1.5889944439812895,0.8809130394484945,9.939434377655404e-05,641182.0,864807.0,355128914.0,678516722.0,275628.0,312889.0,374880487.0,595683011.0
7.1,x264,stress-ng,10,1.8802305265717432,8689.9,0.0005306643212819388,742480.0,942111.0,707325300.0,376190733.0,14237532.16,1.8802305265717432,0.7881024635101384,0.0005306643212819388,1.6559730597759843,0.900591898990554,0.00010431570842652318,742480.0,942111.0,376190733.0,707325300.0,361059.0,400913.0,382051760.0,632667422.0
7.2,x264,stress-ng,10,2.335098237153207,10660.1,0.001364989561914036,419477.0,904638.0,829968688.0,355432022.0,17465507.84,2.335098237153207,0.46369597562782017,0.001364989561914036,1.4377771098847323,0.7294208197036752,7.500528689395556e-05,419477.0,904638.0,355432022.0,829968688.0,75816.0,103940.0,374960235.0,539109243.0
7.3,x264,stress-ng,10,1.8671138636543563,10814.6,0.0005353573888552154,599620.0,789235.0,661301782.0,354183960.0,17718640.64,1.8671138636543563,0.7597483639220257,0.0005353573888552154,1.3830891103183345,0.13832358178580514,7.228698345377678e-05,599620.0,789235.0,354183960.0,661301782.0,4350.0,31448.0,374866936.0,518474377.0
7.4,x264,stress-ng,10,1.8582683970004272,10015.8,0.0005425510609506524,676282.0,869925.0,663238344.0,356912029.0,16409886.719999999,1.8582683970004272,0.7774026496537058,0.0005425510609506524,1.3801680816459614,0.14964488416090313,7.036871412205824e-05,676282.0,869925.0,356912029.0,663238344.0,4825.0,32243.0,389633381.0,537759556.0
7.5,x264,stress-ng,10,1.878097108101298,7839.300000000001,0.0005214475868765146,696126.0,882908.0,672732491.0,358198992.0,12843909.120000001,1.878097108101298,0.7884468143906274,0.0005214475868765146,1.5112108965139033,0.8425987914041614,9.269739615724459e-05,696126.0,882908.0,358198992.0,672732491.0,190049.0,225551.0,382988104.0,578775796.0
7.6,x264,stress-ng,10,1.8723288827421116,7776.0,0.0005538133775166381,702493.0,900552.0,669596657.0,357627692.0,12740198.4,1.8723288827421116,0.7800693352521565,0.0005538133775166381,1.5568483070383352,0.8730096464777394,9.552111133174755e-05,702493.0,900552.0,357627692.0,669596657.0,255935.0,293164.0,389746303.0,606775872.0
7.8,x264,stress-ng,10,1.9186998784694214,7530.0,0.0005285555876895695,659910.0,848850.0,685867605.0,357464767.0,12337152.0,1.9186998784694214,0.7774165046828061,0.0005285555876895695,1.6396031730121117,0.9018106934902413,9.872390382557788e-05,659910.0,848850.0,357464767.0,685867605.0,352966.0,391397.0,389277556.0,638260716.0
7.9,x264,stress-ng,10,1.869896809907553,7315.400000000001,0.0005368343605908943,764665.0,967705.0,707227175.0,378217221.0,11985551.360000001,1.869896809907553,0.7901839920223622,0.0005368343605908943,1.651721787035577,0.9009842161741317,0.00010089878367040851,764665.0,967705.0,378217221.0,707227175.0,351801.0,390463.0,383176076.0,632900273.0
8.0,x264,stress-ng,10,1.8843488204401686,7423.099999999999,0.0005612384589912888,679818.0,879661.0,670969559.0,356075028.0,12162007.04,1.8843488204401686,0.7728181651795407,0.0005612384589912888,1.4886304164364381,0.8158932091023114,7.916408804470387e-05,679818.0,879661.0,356075028.0,670969559.0,136605.0,167430.0,389381104.0,579644555.0
8.1,x264,stress-ng,10,1.920404981468638,10355.699999999999,0.0006290874673008969,673359.0,911049.0,725592360.0,377832992.0,16966778.88,1.920404981468638,0.7391029461642568,0.0006290874673008969,1.3819261016286097,0.1482633166454181,7.15830588900113e-05,673359.0,911049.0,377832992.0,725592360.0,4768.0,32159.0,382646403.0,528789052.0
8.2,x264,stress-ng,10,1.8910618425484207,10889.7,0.0006586605859853455,640815.0,876609.0,676981507.0,357990147.0,17841684.48,1.8910618425484207,0.7310157664363474,0.0006586605859853455,1.3807875956420221,0.137278789433188,6.903870876484815e-05,640815.0,876609.0,357990147.0,676981507.0,4282.0,31192.0,389781334.0,538205231.0
8.3,x264,stress-ng,10,1.8679384344224519,10890.1,0.0005224793009285634,679781.0,876735.0,704138797.0,376960388.0,17842339.84,1.8679384344224519,0.7753551529253423,0.0005224793009285634,1.4938102401652626,0.8275042462141112,8.841856698609615e-05,679781.0,876735.0,376960388.0,704138797.0,162238.0,196057.0,382487538.0,571363801.0
8.5,x264,stress-ng,10,1.875971722908015,7827.799999999999,0.000530338680357107,691130.0,880926.0,671367076.0,357876970.0,12825067.52,1.875971722908015,0.7845494400210687,0.000530338680357107,1.5573411839926439,0.878887599875819,9.515342264070389e-05,691130.0,880926.0,357876970.0,671367076.0,268944.0,306005.0,389486778.0,606563800.0
8.6,x264,stress-ng,10,1.8646370411655757,7386.0,0.0004193344494822099,764514.0,923524.0,707063148.0,379196129.0,12101222.4,1.8646370411655757,0.8278225579411038,0.0004193344494822099,1.5692986455585998,0.8798463562153434,9.837633003070586e-05,764514.0,923524.0,379196129.0,707063148.0,276248.0,313973.0,383476391.0,601788981.0
8.7,x264,stress-ng,10,1.8252719181783181,6900.900000000001,0.0003160408586626012,784537.0,898262.0,656810799.0,359842713.0,11306434.56,1.8252719181783181,0.8733943994068546,0.0003160408586626012,1.6367167051360954,0.8956695099307649,0.00010347429360590563,784537.0,898262.0,359842713.0,656810799.0,346831.0,387231.0,390435137.0,639031711.0
8.8,x264,stress-ng,10,1.8510613412563535,6953.3,0.0003526896496547468,808911.0,942429.0,700757758.0,378570792.0,11392286.72,1.8510613412563535,0.858325666973321,0.0003526896496547468,1.6568578430567236,0.8970502843725674,0.00010580735255217308,808911.0,942429.0,378570792.0,700757758.0,353776.0,394377.0,383725696.0,635778929.0
8.9,x264,stress-ng,10,0.7674870798857366,9108.7,0.00035872405539992005,356109.0,485168.0,276120638.0,359772360.0,14923694.08,0.7674870798857366,0.7339911123569568,0.00035872405539992005,1.4701039901727813,0.8493587163911995,8.321776944443484e-05,356109.0,485168.0,359772360.0,276120638.0,179399.0,211217.0,382346225.0,562088711.0
9.0,x264,stress-ng,10,2.2116436283065504,11685.599999999999,0.001601202543684943,303682.0,879686.0,795599271.0,359732129.0,19145687.04,2.2116436283065504,0.3452163612925521,0.001601202543684943,1.359615917877232,0.1534909255312278,6.839580576869685e-05,303682.0,879686.0,359732129.0,795599271.0,4753.0,30966.0,383254495.0,521078912.0
9.1,x264,stress-ng,10,2.098909709530956,10331.0,0.0011759411108185343,344769.0,780166.0,777129894.0,370254085.0,16926310.4,2.098909709530956,0.4419174893548296,0.0011759411108185343,1.3736640730996026,0.14653799605070386,7.011920290660934e-05,344769.0,780166.0,370254085.0,777129894.0,4601.0,31398.0,382163500.0,524964270.0
9.2,x264,stress-ng,10,1.8482763680760943,10906.400000000001,0.0006547818710315224,607632.0,840564.0,657505545.0,355739843.0,17869045.76,1.8482763680760943,0.7228860622153697,0.0006547818710315224,1.4443913828695292,0.7434761445107212,8.28692324498068e-05,607632.0,840564.0,355739843.0,657505545.0,90116.0,121209.0,375205599.0,541943734.0
9.3,x264,stress-ng,10,1.9202378057278342,7850.1,0.0005301149987266598,641902.0,829391.0,679142199.0,353676090.0,12861603.84,1.9202378057278342,0.7739437732022653,0.0005301149987266598,1.5577152963714647,0.8769560298259926,9.434111416799205e-05,641902.0,829391.0,353676090.0,679142199.0,261211.0,297861.0,388483858.0,605147248.0
9.4,x264,stress-ng,10,1.8718056498599944,7724.499999999999,0.0005373752226853371,743799.0,946194.0,704989900.0,376636271.0,12655820.799999999,1.8718056498599944,0.7860956632572179,0.0005373752226853371,1.5713803751547009,0.8754231777380018,9.720859145151165e-05,743799.0,946194.0,376636271.0,704989900.0,261172.0,298338.0,382332461.0,600789726.0
9.5,x264,stress-ng,10,1.893996483613867,7776.799999999999,0.0005468523926865835,696083.0,890770.0,674288891.0,356013803.0,12741509.12,1.893996483613867,0.7814396533336327,0.0005468523926865835,1.6276164638881139,0.895649939309108,9.82034114249417e-05,696083.0,890770.0,356013803.0,674288891.0,327618.0,365788.0,388683035.0,632626907.0
9.6,x264,stress-ng,10,1.9508843977726698,7407.1,0.000597594862640529,691355.0,916238.0,734144089.0,376313476.0,12135792.64,1.9508843977726698,0.7545583134513085,0.000597594862640529,1.657215324993958,0.8984379061184177,0.00010219903714828154,691355.0,916238.0,376313476.0,734144089.0,345665.0,384740.0,382342154.0,633623277.0
9.7,x264,stress-ng,10,1.9307264231095769,7317.4,0.0006206086739804855,641438.0,862111.0,686518268.0,355575114.0,11988828.16,1.9307264231095769,0.7440318010093828,0.0006206086739804855,1.587380862770444,0.8838486406519851,9.045473979544836e-05,641438.0,862111.0,355575114.0,686518268.0,267655.0,302829.0,388857456.0,617264884.0
9.8,x264,stress-ng,10,1.8652773513112144,9617.8,0.000560004131987803,703357.0,914110.0,701981959.0,376341866.0,15757803.52,1.8652773513112144,0.7694445963833674,0.000560004131987803,1.3864332559040453,0.16438060598588294,7.086075005280576e-05,703357.0,914110.0,376341866.0,701981959.0,5333.0,32443.0,382581330.0,530423479.0
10.0,x264,stress-ng,10,1.8712097301699546,10870.2,0.0005748726429610042,674151.0,878591.0,665451943.0,355626594.0,17809735.68,1.8712097301699546,0.7673092485582028,0.0005748726429610042,1.380559992308101,0.1443758573388203,7.054677529456299e-05,674151.0,878591.0,355626594.0,665451943.0,4631.0,32076.0,389032665.0,537082933.0
10.1,x264,stress-ng,10,1.8803033245084568,9372.8,0.0005663155825942622,737896.0,951236.0,708339879.0,376715751.0,15356395.52,1.8803033245084568,0.7757233746409934,0.0005663155825942622,1.4387146741903902,0.7065261568832375,7.934789556688748e-05,737896.0,951236.0,376715751.0,708339879.0,73011.0,103338.0,382202953.0,549880997.0
10.2,x264,stress-ng,10,1.9259373135338327,7724.0,0.0006218553177632351,670526.0,891357.0,683931858.0,355116365.0,12655001.6,1.9259373135338327,0.7522530254432287,0.0006218553177632351,1.5553373011041853,0.8728214806672612,9.46613265600011e-05,670526.0,891357.0,355116365.0,683931858.0,252509.0,289302.0,388680376.0,604529087.0
10.3,x264,stress-ng,10,1.9262023511010304,7848.6,0.0006440003985752017,664305.0,906397.0,724096104.0,375919022.0,12859146.24,1.9262023511010304,0.7329073242740212,0.0006440003985752017,1.564767267736259,0.8803751914497459,9.375946862750908e-05,664305.0,906397.0,375919022.0,724096104.0,263837.0,299687.0,382361382.0,598306575.0
10.4,x264,stress-ng,10,1.8943886701247434,7472.1,0.0005514865901438714,675552.0,872002.0,674817232.0,356218997.0,12242288.64,1.8943886701247434,0.7747138194637169,0.0005514865901438714,1.6223976563392288,0.8970763332250916,9.641741717867142e-05,675552.0,872002.0,356218997.0,674817232.0,314933.0,351066.0,374755942.0,608003162.0
10.5,x264,stress-ng,10,1.8902308420790286,7563.8,0.0005308393110527228,747975.0,947636.0,710959743.0,376123237.0,12392529.92,1.8902308420790286,0.7893062315066123,0.0005308393110527228,1.6452582597890413,0.9031765898464976,9.993239176817795e-05,747975.0,947636.0,376123237.0,710959743.0,349262.0,386704.0,374673310.0,616434358.0
10.6,x264,stress-ng,10,1.880225197413423,7545.900000000001,0.0005346871462862255,691941.0,881969.0,668232697.0,355400352.0,12363202.56,1.880225197413423,0.7845411800187988,0.0005346871462862255,1.6328468507821499,0.8988948392290148,9.643130411093289e-05,691941.0,881969.0,355400352.0,668232697.0,321603.0,357776.0,375116777.0,612508248.0
10.7,x264,stress-ng,10,1.9588011091343798,10864.7,0.0006718996515923269,669759.0,922013.0,735400612.0,375434039.0,17800724.48,1.9588011091343798,0.7264094974799704,0.0006718996515923269,1.3918001419467945,0.17690899161553536,6.841922549260501e-05,669759.0,922013.0,375434039.0,735400612.0,5507.0,31129.0,374485385.0,521208812.0
10.8,x264,stress-ng,10,1.878692593034731,10841.7,0.00056201088088575,629918.0,829465.0,667046642.0,355058962.0,17763041.28,1.878692593034731,0.7594268594817141,0.00056201088088575,1.3863331371952154,0.13400499005147964,7.05020409453793e-05,629918.0,829465.0,355058962.0,667046642.0,4243.0,31663.0,388924911.0,539179492.0
10.9,x264,stress-ng,10,1.8709440877091914,10928.5,0.0005411862959040746,713885.0,917220.0,702952789.0,375720896.0,17905254.4,1.8709440877091914,0.778313817840867,0.0005411862959040746,1.3998892964997276,0.4426456892622902,7.356972540515862e-05,713885.0,917220.0,375720896.0,702952789.0,22339.0,50467.0,382331181.0,535221328.0
11.0,x264,stress-ng,10,1.9017433075937278,7956.999999999999,0.0005565381273290957,692932.0,890451.0,674941065.0,354906502.0,13036748.799999999,1.9017433075937278,0.7781809442630757,0.0005565381273290957,1.5748775448200654,0.8754364471669219,9.771975778731198e-05,692932.0,890451.0,354906502.0,674941065.0,257247.0,293850.0,374571129.0,589903660.0
11.1,x264,stress-ng,10,1.8962292136649668,7711.599999999999,0.0005329162039848069,737408.0,937783.0,712976873.0,375997199.0,12634685.44,1.8962292136649668,0.7863311661653068,0.0005329162039848069,1.553494291699499,0.881932768827887,9.273569112309589e-05,737408.0,937783.0,375997199.0,712976873.0,259656.0,294417.0,374839499.0,582311022.0
11.3,x264,stress-ng,10,1.962699847167152,7456.4,0.0006429940345972202,658115.0,885776.0,694921237.0,354063938.0,12216565.76,1.962699847167152,0.7429812954968299,0.0006429940345972202,1.6505340252329066,0.900906601955457,0.00010124477288960633,658115.0,885776.0,354063938.0,694921237.0,344522.0,382417.0,374290928.0,617779912.0
11.4,x264,stress-ng,10,1.9117319160858137,7418.299999999999,0.0005717302770203595,671171.0,883955.0,711499776.0,372175497.0,12154142.719999999,1.9117319160858137,0.7592818638957866,0.0005717302770203595,1.6584148832490733,0.9045123510837352,9.978207830968566e-05,671171.0,883955.0,372175497.0,711499776.0,354340.0,391747.0,374886960.0,621718114.0
11.5,x264,stress-ng,10,1.894201968663089,9213.0,0.000558345140408024,691033.0,889390.0,672931835.0,355258756.0,15094579.2,1.894201968663089,0.7769741058478283,0.000558345140408024,1.4358469861174568,0.7030658163100133,7.34840639007549e-05,691033.0,889390.0,355258756.0,672931835.0,65151.0,92667.0,374448534.0,537650799.0
11.7,x264,stress-ng,10,1.8833470469298885,10839.400000000001,0.000550743005220294,675646.0,871069.0,668277811.0,354835192.0,17759272.96,1.8833470469298885,0.7756515270317277,0.000550743005220294,1.3854837751526794,0.14986610558530988,7.115672494277117e-05,675646.0,871069.0,354835192.0,668277811.0,4701.0,31368.0,374764297.0,519229853.0
11.8,x264,stress-ng,10,1.9442791929497492,9818.2,0.0006509395420644753,665963.0,910502.0,730408984.0,375670833.0,16086138.88,1.9442791929497492,0.7314239836925125,0.0006509395420644753,1.3881040847886312,0.18277459129527956,7.110584309436765e-05,665963.0,910502.0,375670833.0,730408984.0,5959.0,32603.0,374709009.0,520135106.0
11.9,x264,stress-ng,10,1.9065503336389202,7675.1,0.0005624605986039126,645665.0,845633.0,677823581.0,355523570.0,12574883.84,1.9065503336389202,0.7635286229369005,0.0005624605986039126,1.5122566330994542,0.8581025698719082,9.078018303049295e-05,645665.0,845633.0,355523570.0,677823581.0,213568.0,248884.0,389027636.0,588309623.0
12.0,x264,stress-ng,10,1.8925980177957844,7834.400000000001,0.0005366395769336619,718528.0,920050.0,710719362.0,375525788.0,12835880.96,1.8925980177957844,0.7809662518341395,0.0005366395769336619,1.5702512231821848,0.8801207811560482,9.604273810735559e-05,718528.0,920050.0,375525788.0,710719362.0,269324.0,306008.0,381954958.0,599765240.0
12.1,x264,stress-ng,10,1.979550594218839,7301.2,0.0007244982541195838,634025.0,890799.0,701585023.0,354416313.0,11962286.08,1.979550594218839,0.7117486660851663,0.0007244982541195838,1.5817768456345753,0.8854590614799471,9.634481826466361e-05,634025.0,890799.0,354416313.0,701585023.0,279133.0,315241.0,374778848.0,592816504.0
12.2,x264,stress-ng,10,2.2551403508851564,6986.599999999999,0.0011140664986493297,485910.0,903160.0,844615032.0,374528810.0,11446845.44,2.2551403508851564,0.5380109836573808,0.0011140664986493297,1.6495021198892497,0.913305576069542,9.435603835666556e-05,485910.0,903160.0,374528810.0,844615032.0,372246.0,407581.0,374485837.0,617715182.0
12.3,x264,stress-ng,10,1.9023687730373582,7314.4,0.000538309558213109,633158.0,824007.0,674454266.0,354533924.0,11983912.959999999,1.9023687730373582,0.7683891034906257,0.000538309558213109,1.6571477413330566,0.9041846104680981,9.925125422972775e-05,633158.0,824007.0,354533924.0,674454266.0,350839.0,388017.0,374584687.0,620742168.0
12.4,x264,stress-ng,10,1.8585925641212238,10798.800000000001,0.0005791213684056207,684285.0,889641.0,659055520.0,354599245.0,17692753.92,1.8585925641212238,0.7691698111935039,0.0005791213684056207,1.5042442250204557,0.8359961583156018,8.251519205386923e-05,684285.0,889641.0,354599245.0,659055520.0,157551.0,188459.0,374573448.0,563449946.0
12.5,x264,stress-ng,10,1.8746948501402878,10865.4,0.0005805968916242093,663780.0,870488.0,667441436.0,356026708.0,17801871.36,1.8746948501402878,0.7625377948920605,0.0005805968916242093,1.3811460315978301,0.14202112914651802,7.154576158963258e-05,663780.0,870488.0,356026708.0,667441436.0,4611.0,32467.0,389345216.0,537742600.0
12.8,x264,stress-ng,10,1.9515709138681916,8427.6,0.0006392111101132822,645976.0,873831.0,695662487.0,356462828.0,13807779.84,1.9515709138681916,0.7392459182610825,0.0006392111101132822,1.5719970103104717,0.8780475550896137,9.526653876826402e-05,645976.0,873831.0,356462828.0,695662487.0,262149.0,298559.0,382190856.0,600802883.0
12.9,x264,stress-ng,10,1.907563776049941,7839.299999999999,0.000575832949528194,673402.0,889499.0,715865269.0,375277240.0,12843909.12,1.907563776049941,0.7570576245729338,0.000575832949528194,1.564772339483835,0.8784833507208701,9.475031538298312e-05,673402.0,889499.0,375277240.0,715865269.0,256829.0,292355.0,374943343.0,586700972.0
13.0,x264,stress-ng,10,1.8856622805423668,7702.0,0.000531370550968337,687059.0,876049.0,670664405.0,355665175.0,12618956.8,1.8856622805423668,0.7842700579533793,0.000531370550968337,1.6351255054140246,0.9003602350323833,9.822801569093227e-05,687059.0,876049.0,355665175.0,670664405.0,332666.0,369481.0,374791242.0,612830719.0
13.1,x264,stress-ng,10,1.8846928588792158,7468.199999999999,0.000494399731299369,739396.0,925624.0,709916611.0,376674962.0,12235898.879999999,1.8846928588792158,0.7988081553633009,0.000494399731299369,1.6614057803552358,0.9077559674783707,9.820429504202226e-05,739396.0,925624.0,376674962.0,709916611.0,362191.0,398996.0,374779942.0,622661562.0
13.2,x264,stress-ng,10,1.901326311114741,7372.6,0.0005623697029304033,690653.0,890019.0,674040261.0,354510563.0,12079267.84,1.901326311114741,0.7759980404912704,0.0005623697029304033,1.5556672665299973,0.8773839778373057,8.58037339067731e-05,690653.0,890019.0,354510563.0,674040261.0,229929.0,262062.0,374494192.0,582588356.0
13.4,x264,stress-ng,10,1.8732475413321064,10744.2,0.0005572042198377605,638226.0,835429.0,662970634.0,353915123.0,17603297.28,1.8732475413321064,0.7639500184934925,0.0005572042198377605,1.388624432459316,0.17040917366723096,6.927954271746008e-05,638226.0,835429.0,353915123.0,662970634.0,5335.0,31307.0,374887001.0,520577249.0
13.5,x264,stress-ng,10,1.8743130612084173,10911.5,0.0005606836011570136,657785.0,857298.0,666953378.0,355838836.0,17877401.6,1.8743130612084173,0.7672769562042604,0.0005606836011570136,1.382414531919454,0.144890244289844,7.187001499057714e-05,657785.0,857298.0,355838836.0,666953378.0,4561.0,31479.0,374537281.0,517765780.0
13.6,x264,stress-ng,10,1.8906932887415564,10162.5,0.0005686414796417811,689247.0,892090.0,674438838.0,356715096.0,16650240.0,1.8906932887415564,0.7726204755125604,0.0005686414796417811,1.433766554503257,0.7119262455865045,7.832771449585401e-05,689247.0,892090.0,356715096.0,674438838.0,72588.0,101960.0,374988600.0,537646113.0
13.7,x264,stress-ng,10,1.876108195471554,7879.299999999999,0.0005570853219781072,695257.0,894182.0,669923992.0,357081747.0,12909445.12,1.876108195471554,0.7775341037954242,0.0005570853219781072,1.5633637394300233,0.8787106512740848,9.570824795183895e-05,695257.0,894182.0,357081747.0,669923992.0,259630.0,295467.0,374440038.0,585385978.0
13.8,x264,stress-ng,10,1.8963407750904895,7735.1,0.0005572456048076121,686753.0,884500.0,672945100.0,354865069.0,12673187.84,1.8963407750904895,0.7764307518371961,0.0005572456048076121,1.5657427385869989,0.8828867167296273,9.539473618426523e-05,686753.0,884500.0,354865069.0,672945100.0,269706.0,305482.0,375031175.0,587202339.0
13.9,x264,stress-ng,10,1.9476971670644703,7710.8,0.000693614343836473,668616.0,929497.0,732564413.0,376118231.0,12633374.72,1.9476971670644703,0.7193309929994395,0.000693614343836473,1.6078063883928255,0.8933467747878402,9.667625708211632e-05,668616.0,929497.0,376118231.0,732564413.0,303067.0,339249.0,374259421.0,601736688.0
14.0,x264,stress-ng,10,1.8932715367178194,7474.099999999999,0.0005235532029768613,668810.0,855230.0,674131450.0,356066965.0,12245565.44,1.8932715367178194,0.7820235492206775,0.0005235532029768613,1.6592734465715913,0.9034765942977259,9.995934266448152e-05,668810.0,855230.0,356066965.0,674131450.0,350726.0,388196.0,374852405.0,621982642.0
14.2,x264,stress-ng,10,1.880573519315495,10097.8,0.0005270125925055815,716767.0,914862.0,706875351.0,375882859.0,16544235.52,1.880573519315495,0.7834700752681826,0.0005270125925055815,1.3824254642441782,0.17605457504068095,6.771306645439036e-05,716767.0,914862.0,375882859.0,706875351.0,5626.0,31956.0,388846664.0,537551530.0
14.3,x264,stress-ng,10,1.8592011441762968,10865.0,0.0005564892592246903,691517.0,888992.0,659753517.0,354858601.0,17801216.0,1.8592011441762968,0.7778663924984702,0.0005564892592246903,1.3850582572884647,0.13904637977507203,7.275784045063058e-05,691517.0,888992.0,354858601.0,659753517.0,4488.0,32277.0,381938219.0,529006684.0
14.4,x264,stress-ng,10,1.9093934434257986,10843.199999999999,0.0006115326688166421,648960.0,865771.0,676950755.0,354537069.0,17765498.88,1.9093934434257986,0.7495746565777787,0.0006115326688166421,1.3888346462663066,0.1357464617743842,7.218651708762157e-05,648960.0,865771.0,354537069.0,676950755.0,4249.0,31301.0,374751423.0,520467760.0
14.5,x264,stress-ng,10,1.9441847249969637,8928.099999999999,0.0007122920264418632,633684.0,887213.0,692001582.0,355934070.0,14627799.04,1.9441847249969637,0.7142411123371727,0.0007122920264418632,1.5541761168395372,0.878593277339327,9.577332940051215e-05,633684.0,887213.0,355934070.0,692001582.0,259945.0,295865.0,375052222.0,582897206.0
14.6,x264,stress-ng,10,1.8579527755880445,7787.9,0.00052976600084842,710844.0,910392.0,699838721.0,376671964.0,12759695.36,1.8579527755880445,0.7808109034350038,0.00052976600084842,1.5563618895878093,0.8846075752179398,9.247164583191603e-05,710844.0,910392.0,376671964.0,699838721.0,265760.0,300427.0,374893295.0,583469637.0
14.7,x264,stress-ng,10,1.889699093177062,7768.499999999999,0.0005707159887989333,682791.0,885500.0,671190261.0,355183671.0,12727910.399999999,1.889699093177062,0.7710796160361377,0.0005707159887989333,1.5796703078812075,0.8879543702986568,9.382812148516234e-05,682791.0,885500.0,355183671.0,671190261.0,278823.0,314006.0,374972870.0,592333509.0
14.8,x264,stress-ng,10,1.8818717288948663,7493.5,0.000502474298776202,741936.0,931007.0,708110585.0,376279942.0,12277350.4,1.8818717288948663,0.7969177460534669,0.000502474298776202,1.6490887091331305,0.9070533334005272,9.838642948272489e-05,741936.0,931007.0,376279942.0,708110585.0,359975.0,396862.0,374919592.0,618275666.0
14.9,x264,stress-ng,10,1.9565102874371818,7373.400000000001,0.0006344076361254566,658141.0,883989.0,696514213.0,355998237.0,12080578.56,1.9565102874371818,0.7445126579629384,0.0006344076361254566,1.6476304767774042,0.9008432668221473,9.799415770857597e-05,658141.0,883989.0,355998237.0,696514213.0,333730.0,370464.0,374859082.0,617629248.0
15.0,x264,stress-ng,10,1.8851331682401646,8165.999999999999,0.0005566962893669684,671597.0,881619.0,711194678.0,377264954.0,13379174.399999999,1.8851331682401646,0.7617769127026527,0.0005566962893669684,1.466551322473572,0.7919242163783329,7.589955150502741e-05,671597.0,881619.0,377264954.0,711194678.0,108260.0,136705.0,374771648.0,549621856.0
15.1,x264,stress-ng,10,1.8784383699086862,10945.3,0.0005564469107541657,673413.0,871329.0,668119458.0,355678136.0,17932779.52,1.8784383699086862,0.7728573248451504,0.0005564469107541657,1.3876583093957466,0.15665998836683254,6.959391746494719e-05,673413.0,871329.0,355678136.0,668119458.0,4848.0,30946.0,375004037.0,520377468.0
15.2,x264,stress-ng,10,2.0180542682559,10862.2,0.0008242712527010799,638581.0,948549.0,758891255.0,376050965.0,17796628.48,2.0180542682559,0.6732187794199351,0.0008242712527010799,1.3839802124720586,0.14484241607291867,7.109843362932803e-05,638581.0,948549.0,376050965.0,758891255.0,4513.0,31158.0,374762124.0,518663364.0
15.4,x264,stress-ng,10,1.890847734680342,7865.1,0.0005179877646943341,728408.0,922178.0,707332471.0,374082195.0,12886179.84,1.890847734680342,0.7898778760716477,0.0005179877646943341,1.4879500635876526,0.8367632158205514,8.720397312223371e-05,728408.0,922178.0,374082195.0,707332471.0,167643.0,200347.0,375028784.0,558024103.0
15.5,x264,stress-ng,10,1.8921961318232312,7751.5,0.0005494825251193552,688570.0,883594.0,671583975.0,354923025.0,12700057.6,1.8921961318232312,0.7792832454724681,0.0005494825251193552,1.5686620314031519,0.8760078881934322,9.655159513688046e-05,688570.0,883594.0,354923025.0,671583975.0,255422.0,291575.0,374442286.0,587373397.0
15.7,x264,stress-ng,10,1.9033452947140548,7505.4,0.000581576146353971,732987.0,952753.0,719236139.0,377880010.0,12296847.36,1.9033452947140548,0.7693358089662273,0.000581576146353971,1.6455589972743399,0.9022115355162802,0.00010198265895492132,732987.0,952753.0,377880010.0,719236139.0,353454.0,391764.0,375652100.0,618157693.0
15.8,x264,stress-ng,10,1.9445694012790598,7432.9,0.0007099692124616575,651837.0,905590.0,695016503.0,357414090.0,12178063.36,1.9445694012790598,0.7197926213849535,0.0007099692124616575,1.644590036612547,0.9044923061348451,0.00010033737681856744,651837.0,905590.0,357414090.0,695016503.0,357383.0,395120.0,376101122.0,618532158.0
15.9,x264,stress-ng,10,1.8639145947957154,9503.0,0.0005253761120751004,706913.0,905463.0,704410106.0,377919733.0,15569715.2,1.8639145947957154,0.7807199189806762,0.0005253761120751004,1.5456460647348502,0.8693213728549142,8.83977942531551e-05,706913.0,905463.0,377919733.0,704410106.0,222894.0,256400.0,379036607.0,585856440.0
16.0,x264,stress-ng,10,1.8810809896396041,10842.3,0.0005657351959670199,658460.0,858981.0,666736388.0,354443212.0,17764024.32,1.8810809896396041,0.7665594466000994,0.0005657351959670199,1.3864014860676472,0.14758335487205995,6.905252221364599e-05,658460.0,858981.0,354443212.0,666736388.0,4568.0,30952.0,382085971.0,529724558.0
16.1,x264,stress-ng,10,1.867781065026337,10804.300000000001,0.0005442980271133386,724892.0,930247.0,704684128.0,377284116.0,17701765.12,1.867781065026337,0.7792468021933959,0.0005442980271133386,1.3919005172349526,0.1297719541388434,7.359726373748616e-05,724892.0,930247.0,377284116.0,704684128.0,4120.0,31748.0,375394391.0,522511647.0
16.2,x264,stress-ng,10,1.919558321849985,9476.800000000001,0.0006609520320446625,648205.0,883306.0,682787947.0,355700548.0,15526789.120000001,1.919558321849985,0.7338396886243272,0.0006609520320446625,1.4448878918663712,0.7707089607650955,7.943309382917938e-05,648205.0,883306.0,355700548.0,682787947.0,103796.0,134676.0,388754844.0,561707167.0
16.3,x264,stress-ng,10,1.9141299972158992,7810.500000000001,0.0005946412867072579,658128.0,881843.0,720130946.0,376218411.0,12796723.200000001,1.9141299972158992,0.7463097172625967,0.0005946412867072579,1.5614194522847922,0.8777512790449797,9.594919802893338e-05,658128.0,881843.0,376218411.0,720130946.0,263522.0,300224.0,382514922.0,597266240.0
16.4,x264,stress-ng,10,1.8805639590732162,7705.6,0.0005091100421724064,687086.0,867771.0,667418968.0,354903626.0,12624855.040000001,1.8805639590732162,0.7917826246786307,0.0005091100421724064,1.5666147814325726,0.8763428066944625,9.56134058895901e-05,687086.0,867771.0,354903626.0,667418968.0,254114.0,289971.0,375020633.0,587512867.0
16.5,x264,stress-ng,10,1.88467792907897,7586.3,0.0005485384126693257,708751.0,903059.0,667606845.0,354228611.0,12429393.92,1.88467792907897,0.7848335490815107,0.0005485384126693257,1.617529756555215,0.8959064594715783,9.731080273688157e-05,708751.0,903059.0,354228611.0,667606845.0,313690.0,350137.0,374542178.0,605833118.0
16.6,x264,stress-ng,10,1.879311817050823,7419.2,0.0005413227521909081,710029.0,902103.0,666823880.0,354823438.0,12155617.28,1.879311817050823,0.787081962924411,0.0005413227521909081,1.6425263797914054,0.9037992753959296,9.596163553903456e-05,710029.0,902103.0,354823438.0,666823880.0,350741.0,388074.0,389040889.0,639009923.0
16.7,x264,stress-ng,10,1.9584431537161804,7534.099999999999,0.0006860094256420801,678296.0,936058.0,735867767.0,375741193.0,12343869.44,1.9584431537161804,0.7246303113695947,0.0006860094256420801,1.6032703169825988,0.8902782542465167,9.12143999546832e-05,678296.0,936058.0,375741193.0,735867767.0,282869.0,317731.0,382198425.0,612767390.0
16.8,x264,stress-ng,10,1.879589798041062,10852.2,0.000567339933649919,648339.0,849993.0,668077071.0,355437698.0,17780244.48,1.879589798041062,0.7627580462427338,0.000567339933649919,1.3861876383760223,0.17541253082126826,6.708041692959438e-05,648339.0,849993.0,355437698.0,668077071.0,5549.0,31634.0,388861626.0,539035179.0
16.9,x264,stress-ng,10,1.8552460809907658,10871.800000000001,0.0005637640219268921,723460.0,935349.0,697288620.0,375846971.0,17812357.12,1.8552460809907658,0.7734653054635222,0.0005637640219268921,1.3898442846148629,0.14581396789985748,7.21019712066396e-05,723460.0,935349.0,375846971.0,697288620.0,4706.0,32274.0,382347383.0,531403325.0
17.1,x264,stress-ng,10,1.8602247137277728,8140.4,0.0005880301071302723,686542.0,896312.0,663604352.0,356733435.0,13337231.36,1.8602247137277728,0.7659631913887128,0.0005880301071302723,1.4143882672119665,0.6707920792079208,7.594395492510474e-05,686542.0,896312.0,356733435.0,663604352.0,60162.0,89688.0,388786705.0,549895354.0
17.2,x264,stress-ng,10,1.9491717321061974,7806.9,0.0006684061702993591,688988.0,941650.0,736799943.0,378006684.0,12790824.959999999,1.9491717321061974,0.7316816226835873,0.0006684061702993591,1.5613003975464772,0.8742115910984173,9.948210924251928e-05,688988.0,941650.0,378006684.0,736799943.0,264456.0,302508.0,382500937.0,597198865.0
17.3,x264,stress-ng,10,1.893523769974622,7742.1,0.0005920131370716135,643914.0,854678.0,674117885.0,356012370.0,12684656.64,1.893523769974622,0.7533995259033227,0.0005920131370716135,1.554641582638644,0.8828322553385121,9.268697480477022e-05,643914.0,854678.0,356012370.0,674117885.0,271621.0,307670.0,388932750.0,604651026.0
17.4,x264,stress-ng,10,1.8717901889382504,7489.8,0.0005105657739477835,726404.0,918876.0,705623486.0,376977874.0,12271288.32,1.8717901889382504,0.7905353932413078,0.0005105657739477835,1.6080430566443802,0.8951754032089787,9.857866374725696e-05,726404.0,918876.0,376977874.0,705623486.0,321752.0,359429.0,382202381.0,614597885.0
17.5,x264,stress-ng,10,1.8845922744497996,7419.099999999999,0.0005336110720628762,694607.0,884492.0,670630395.0,355849063.0,12155453.44,1.8845922744497996,0.7853174477553218,0.0005336110720628762,1.6386399643072136,0.9053969529886082,9.681723861718384e-05,694607.0,884492.0,355849063.0,670630395.0,360434.0,398095.0,388990644.0,637415615.0
17.6,x264,stress-ng,10,1.9376703724797368,8985.7,0.000657909489298587,713812.0,962086.0,731214828.0,377368018.0,14722170.88,1.9376703724797368,0.7419419885540378,0.000657909489298587,1.633479194219974,0.9009535635001263,9.638938791365529e-05,713812.0,962086.0,377368018.0,731214828.0,335225.0,372078.0,382334620.0,624535647.0
17.7,x264,stress-ng,10,1.8740339284233885,10767.5,0.0006328567086064245,632177.0,858327.0,669682042.0,357347875.0,17641472.0,1.8740339284233885,0.7365223277375639,0.0006328567086064245,1.3764425849816075,0.17172483560950935,6.735528274038104e-05,632177.0,858327.0,357347875.0,669682042.0,5432.0,31632.0,388982110.0,535411541.0
17.9,x264,stress-ng,10,1.858565723899634,10798.0,0.0005763446426577847,693477.0,899053.0,662930613.0,356689357.0,17691443.2,1.858565723899634,0.7713416227964314,0.0005763446426577847,1.3864806248901396,0.3859149417289964,7.262981603692824e-05,693477.0,899053.0,356689357.0,662930613.0,17749.0,45992.0,388862337.0,539150096.0
18.0,x264,stress-ng,10,1.9058441670784378,10027.0,0.0005912506803524169,723429.0,946932.0,720442112.0,378017324.0,16428236.799999999,1.9058441670784378,0.7639714361749312,0.0005912506803524169,1.5584258743620376,0.8770094356780217,0.00010437943092796788,723429.0,946932.0,378017324.0,720442112.0,284508.0,324407.0,382249641.0,595707731.0
18.1,x264,stress-ng,10,1.9126474488195977,7699.4,0.0006570872335563144,643394.0,878923.0,685577071.0,358444036.0,12614696.959999999,1.9126474488195977,0.7320254447773014,0.0006570872335563144,1.554636369991352,0.87669159401101,9.861937957630738e-05,643394.0,878923.0,358444036.0,685577071.0,272801.0,311171.0,389071602.0,604864863.0
18.2,x264,stress-ng,10,1.8833725187041577,7828.3,0.0005128393112550683,709040.0,902455.0,710305329.0,377145425.0,12825886.72,1.8833725187041577,0.7856790643300774,0.0005128393112550683,1.600839669288222,0.8875700589242447,0.00010423116883853159,709040.0,902455.0,377145425.0,710305329.0,314664.0,354523.0,382409604.0,612176464.0
18.4,x264,stress-ng,10,2.280246113200072,6810.500000000001,0.0014023928855113456,504385.0,1003642.0,811775962.0,356003660.0,11158323.200000001,2.280246113200072,0.502554695797904,0.0014023928855113456,1.6494844666420243,0.9067803633969779,0.00010124417585587147,504385.0,1003642.0,356003660.0,811775962.0,382927.0,422293.0,388822366.0,641356453.0
18.5,x264,stress-ng,10,1.9138524786207654,7130.900000000001,0.0004812283462095788,594599.0,776458.0,723256019.0,377905835.0,11683266.56,1.9138524786207654,0.7657838543746088,0.0004812283462095788,1.6434599468074267,0.8980803715056003,0.00010679994848639101,594599.0,776458.0,377905835.0,723256019.0,360097.0,400963.0,382640634.0,628854556.0
18.6,x264,stress-ng,10,1.8647841352632115,10183.9,0.000534867079016188,663385.0,855216.0,668808045.0,358651724.0,16685301.76,1.8647841352632115,0.7756929243606293,0.000534867079016188,1.4079564204485366,0.5495128403134909,7.04595726008364e-05,663385.0,855216.0,358651724.0,668808045.0,33445.0,60863.0,389130944.0,547879411.0
18.7,x264,stress-ng,10,1.855562797688933,10825.9,0.0005228915352927249,730410.0,927956.0,701023030.0,377795368.0,17737154.56,1.855562797688933,0.7871170615848165,0.0005228915352927249,1.381010103550323,0.13581696442737917,7.119136180803942e-05,730410.0,927956.0,377795368.0,701023030.0,4280.0,31513.0,382532365.0,528281061.0
18.8,x264,stress-ng,10,1.8580041633253483,10892.9,0.0005642652620838243,692169.0,893537.0,663061520.0,356867618.0,17846927.36,1.8580041633253483,0.7746394385459136,0.0005642652620838243,1.3875660858681125,0.13530404349728142,7.112484158003064e-05,692169.0,893537.0,356867618.0,663061520.0,4330.0,32002.0,389062378.0,539849761.0
18.9,x264,stress-ng,10,1.9437033234282448,8856.4,0.000695706648769214,670933.0,934343.0,735929279.0,378622226.0,14510325.76,1.9437033234282448,0.7180799770533948,0.000695706648769214,1.5444664892028976,0.8626909852836743,0.00010217898457038205,670933.0,934343.0,378622226.0,735929279.0,245389.0,284446.0,382241027.0,590358457.0
19.0,x264,stress-ng,10,1.922406323705918,7795.400000000001,0.0005544044935487163,650380.0,848492.0,686956484.0,357341981.0,12771983.360000001,1.922406323705918,0.7665128251061883,0.0005544044935487163,1.5667813690398698,0.8732267229174386,0.00010285984522715637,650380.0,848492.0,357341981.0,686956484.0,275703.0,315729.0,389131443.0,609683895.0
19.1,x264,stress-ng,10,1.8592251627108998,7713.9,0.0005379733420405258,763316.0,967203.0,704629414.0,378990898.0,12638453.76,1.8592251627108998,0.7891993717968203,0.0005379733420405258,1.5735563701521509,0.8833068049130833,0.00010212898608150707,763316.0,967203.0,378990898.0,704629414.0,295785.0,334861.0,382614197.0,602065007.0
19.2,x264,stress-ng,10,1.8863130379109412,7479.9,0.0005283215375550495,689871.0,878569.0,673725132.0,357165072.0,12255068.16,1.8863130379109412,0.7852211949203762,0.0005283215375550495,1.6463477202977135,0.901954695278802,0.0001031050466522244,689871.0,878569.0,357165072.0,673725132.0,368867.0,408964.0,388894640.0,640255804.0
19.3,x264,stress-ng,10,1.9468239507741443,7391.0999999999985,0.0006202763440299757,684103.0,918694.0,736296623.0,378204009.0,12109578.239999998,1.9468239507741443,0.7446472927873699,0.0006202763440299757,1.6494398342863297,0.900221796704879,0.00010336822257284,684103.0,918694.0,378204009.0,736296623.0,356360.0,395858.0,382109695.0,630266952.0
19.4,x264,stress-ng,10,1.8766371984719012,7960.4,0.0006161222250976252,644463.0,865455.0,673116130.0,358682078.0,13042319.36,1.8766371984719012,0.7446522349515573,0.0006161222250976252,1.4381100608835116,0.7371675776587056,7.568081044978632e-05,644463.0,865455.0,358682078.0,673116130.0,82133.0,111417.0,386940888.0,556463584.0
19.5,x264,stress-ng,10,1.8545356439774028,10788.4,0.0005495057794789281,659175.0,860716.0,680183871.0,366767753.0,17675714.56,1.8545356439774028,0.76584494769471,0.0005495057794789281,1.379005907821448,0.14350950023950185,6.951317300286672e-05,659175.0,860716.0,366767753.0,680183871.0,4494.0,31315.0,385840537.0,532076380.0
19.6,x264,stress-ng,10,1.8489158625079216,10830.2,0.0005313084833148637,690668.0,886561.0,681693755.0,368699176.0,17744199.68,1.8489158625079216,0.7790417128657814,0.0005313084833148637,1.3779616989671746,0.1385300527462809,7.069751304267378e-05,690668.0,886561.0,368699176.0,681693755.0,4386.0,31661.0,385798578.0,531615664.0
19.8,x264,stress-ng,10,1.8556113818890905,7320.299999999999,0.00042433001517304316,734898.0,891653.0,685495609.0,369417657.0,11993579.52,1.8556113818890905,0.8241973054540275,0.00042433001517304316,1.523917224350244,0.8515949676474278,9.503796802325066e-05,734898.0,891653.0,369417657.0,685495609.0,210447.0,247121.0,385887880.0,588061187.0
19.9,x264,stress-ng,10,1.8365618854519172,7274.299999999999,0.0003608444067836501,788099.0,921114.0,676996164.0,368621482.0,11918213.12,1.8365618854519172,0.8555933358954484,0.0003608444067836501,1.56973724811444,0.8726581875886057,9.75475140836621e-05,788099.0,921114.0,368621482.0,676996164.0,257915.0,295551.0,385822236.0,605639535.0
20.0,x264,stress-ng,10,1.843476979979774,7168.7,0.0003776640031748358,782780.0,922093.0,680023265.0,368880801.0,11745198.08,1.843476979979774,0.848916540956281,0.0003776640031748358,1.5859848550533573,0.876152883535842,9.977410823638213e-05,782780.0,922093.0,368880801.0,680023265.0,272353.0,310851.0,385851607.0,611954805.0
20.1,x264,stress-ng,10,0.8178239038303062,9124.9,0.0003765862670308267,374240.0,512085.0,299354878.0,366038308.0,14950236.16,0.8178239038303062,0.7308161730962633,0.0003765862670308267,1.588903584753855,0.9107981465770411,9.025222439536984e-05,374240.0,512085.0,366038308.0,299354878.0,348904.0,383075.0,378616707.0,601585443.0
20.2,x264,stress-ng,10,2.235365401794263,6693.3,0.0016022369411141965,316815.0,904745.0,820252203.0,366943231.0,10966302.72,2.235365401794263,0.35017049002757683,0.0016022369411141965,1.6360588444209592,0.9129102248513802,9.377385768969554e-05,316815.0,904745.0,366943231.0,820252203.0,375312.0,411116.0,381812169.0,624667176.0
20.3,x264,stress-ng,10,2.0782800446335696,8929.0,0.0010938254570996503,343241.0,733045.0,740631761.0,356367643.0,14629273.6,2.0782800446335696,0.4682400125503891,0.0010938254570996503,1.5001497971779085,0.8451516064308288,8.014939148933012e-05,343241.0,733045.0,356367643.0,740631761.0,165539.0,195869.0,378418344.0,567684202.0
20.4,x264,stress-ng,10,1.8478052525244826,10903.899999999998,0.0006953045531679497,601157.0,848513.0,657360453.0,355752021.0,17864949.759999998,1.8478052525244826,0.7084829578332918,0.0006953045531679497,1.374327019775159,0.14822860428712903,6.980347179791692e-05,601157.0,848513.0,355752021.0,657360453.0,4640.0,31303.0,381972405.0,524954997.0
20.5,x264,stress-ng,10,1.9073248390340771,10813.5,0.0005321448423523768,649861.0,845069.0,699668657.0,366832457.0,17716838.4,1.9073248390340771,0.769003477822521,0.0005321448423523768,1.382088163533996,0.14236733666761034,7.202015271003672e-05,649861.0,845069.0,366832457.0,699668657.0,4526.0,31791.0,378574593.0,523223464.0
20.6,x264,stress-ng,10,1.876433816425329,9748.2,0.0005646871165838563,691576.0,893314.0,670367703.0,357256247.0,15971450.88,1.876433816425329,0.7741689932095546,0.0005646871165838563,1.4651853844387248,0.7924025368646349,8.277893762972251e-05,691576.0,893314.0,357256247.0,670367703.0,120694.0,152314.0,381981225.0,559673308.0
20.7,x264,stress-ng,10,1.8810218754321997,7748.6,0.0005128191094704975,725631.0,913778.0,690123703.0,366887654.0,12695306.24,1.8810218754321997,0.7940998798395233,0.0005128191094704975,1.5716792832805442,0.8732642884541618,9.592842991633985e-05,725631.0,913778.0,366887654.0,690123703.0,250426.0,286770.0,378865786.0,595455507.0
20.8,x264,stress-ng,10,1.918893991911784,7810.900000000001,0.000548814707694361,701422.0,902320.0,702426447.0,366057974.0,12797378.56,1.918893991911784,0.7773539320861779,0.000548814707694361,1.5724491215534144,0.8788239124102599,9.263035043320792e-05,701422.0,902320.0,366057974.0,702426447.0,256454.0,291815.0,381743131.0,600271651.0
20.9,x264,stress-ng,10,1.9836755530827836,7582.900000000001,0.0006774582418050459,652949.0,900015.0,723437629.0,364695541.0,12423823.360000001,1.9836755530827836,0.7254867974422649,0.0006774582418050459,1.62803687700173,0.9039553713878105,9.325701476240804e-05,652949.0,900015.0,364695541.0,723437629.0,332021.0,367298.0,378277174.0,615849189.0
21.0,x264,stress-ng,10,1.8902715158201258,7342.0,0.0005425237916588776,671360.0,863992.0,671172008.0,355066456.0,12029132.8,1.8902715158201258,0.777044231891036,0.0005425237916588776,1.6511376367360755,0.9041070807802843,9.463670639015528e-05,671360.0,863992.0,355066456.0,671172008.0,340701.0,376837.0,381839155.0,630469000.0
21.1,x264,stress-ng,10,1.8844219123236696,7452.4,0.0005496882761426313,700158.0,895898.0,671028947.0,356092732.0,12210012.16,1.8844219123236696,0.781515306429973,0.0005496882761426313,1.5661485922650942,0.8751998046354675,8.741257178134499e-05,700158.0,895898.0,356092732.0,671028947.0,236535.0,270264.0,385859829.0,604313828.0
21.3,x264,stress-ng,10,1.8903144711611022,10792.7,0.0005734217322061201,667836.0,870292.0,667406701.0,353066493.0,17682759.68,1.8903144711611022,0.7673700321271482,0.0005734217322061201,1.3870335093687165,0.15611397524156453,7.095163735658836e-05,667836.0,870292.0,353066493.0,667406701.0,5057.0,32393.0,385276521.0,534391445.0
21.4,x264,stress-ng,10,1.8772211757813475,10908.0,0.0005788311195944513,683868.0,888914.0,664989632.0,354241493.0,17871667.2,1.8772211757813475,0.7693297664340982,0.0005788311195944513,1.3837971044316348,0.15247437866298932,7.018260440762172e-05,683868.0,888914.0,354241493.0,664989632.0,4865.0,31907.0,385309155.0,533189693.0
21.5,x264,stress-ng,10,1.908494125659172,8376.6,0.0005821728802307091,697529.0,909376.0,694482290.0,363890190.0,13724221.440000001,1.908494125659172,0.7670413558308115,0.0005821728802307091,1.4435751650628093,0.7311159357359965,8.030099787229846e-05,697529.0,909376.0,363890190.0,694482290.0,84188.0,115150.0,385574287.0,556605465.0
21.6,x264,stress-ng,10,1.9752027860829653,7695.200000000001,0.0007144035408195497,654271.0,914572.0,719687447.0,364361296.0,12607815.680000002,1.9752027860829653,0.7153849013527639,0.0007144035408195497,1.5594709185252802,0.881159011805114,9.4134989335872e-05,654271.0,914572.0,364361296.0,719687447.0,268861.0,305122.0,385202147.0,600711546.0
21.7,x264,stress-ng,10,1.8974815589876315,7740.700000000001,0.0005301301043768313,677707.0,871531.0,693749445.0,365615909.0,12682362.88,1.8974815589876315,0.7776051569020493,0.0005301301043768313,1.5671506485072795,0.8759869153436435,9.387563158231076e-05,677707.0,871531.0,365615909.0,693749445.0,255740.0,291945.0,385669842.0,604402743.0
21.8,x264,stress-ng,10,1.8787454998068747,7476.5,0.0005212796212642538,723720.0,914008.0,685817571.0,365040167.0,12249497.6,1.8787454998068747,0.7918092620633518,0.0005212796212642538,1.629365966853323,0.8964400852038905,9.819160098347366e-05,723720.0,914008.0,365040167.0,685817571.0,327838.0,365711.0,385705087.0,628454742.0
21.9,x264,stress-ng,10,1.904059800321353,7342.200000000001,0.0005184107338727773,715639.0,904585.0,693975760.0,364471620.0,12029460.48,1.904059800321353,0.791124106634534,0.0005184107338727773,1.6538066427584068,0.9055644829776898,9.841199338668287e-05,715639.0,904585.0,364471620.0,693975760.0,363480.0,401385.0,385166469.0,636990865.0
22.0,x264,stress-ng,10,1.9405098606666362,8737.0,0.0005666548738346898,679512.0,886329.0,708244906.0,364978772.0,14314700.8,1.9405098606666362,0.7666588817470713,0.0005666548738346898,1.5905154803221544,0.8856443958622161,8.897490170592762e-05,679512.0,886329.0,364978772.0,708244906.0,265750.0,300064.0,385659319.0,613397117.0
22.1,x264,stress-ng,10,1.9097658332252936,10811.0,0.000655124095190651,654300.0,893868.0,698369644.0,365683390.0,17712742.4,1.9097658332252936,0.7319872732886735,0.000655124095190651,1.3841912610052725,0.16809980926174917,6.89790059407323e-05,654300.0,893868.0,365683390.0,698369644.0,5376.0,31981.0,385697063.0,533878504.0
22.2,x264,stress-ng,10,1.8907472685650644,10860.4,0.0005370409023266934,678222.0,874232.0,690087795.0,364981511.0,17793679.36,1.8907472685650644,0.7757917806714922,0.0005370409023266934,1.3840854240080234,0.14264829388161374,7.154362576793178e-05,678222.0,874232.0,364981511.0,690087795.0,4586.0,32149.0,385261436.0,533234738.0
22.3,x264,stress-ng,10,1.8773786206608385,10208.9,0.0005541484111660349,710762.0,912134.0,682220647.0,363390016.0,16726261.76,1.8773786206608385,0.7792298061469038,0.0005541484111660349,1.4179529954729144,0.6852532353411088,7.666768939548165e-05,710762.0,912134.0,363390016.0,682220647.0,64335.0,93885.0,385429641.0,546521114.0
22.4,x264,stress-ng,10,1.9065222833948536,7842.799999999999,0.0005435948357231695,711371.0,909566.0,695119157.0,364600594.0,12849643.52,1.9065222833948536,0.7820993748666947,0.0005435948357231695,1.5609591607563107,0.8783912438281332,9.60385823149676e-05,711371.0,909566.0,364600594.0,695119157.0,267565.0,304608.0,385709567.0,602076882.0
22.5,x264,stress-ng,10,1.9548450194568188,7715.5,0.0006542803370891228,674707.0,913478.0,713394968.0,364936842.0,12641075.2,1.9548450194568188,0.7386132999371633,0.0006542803370891228,1.5579759918579743,0.8808696108461948,9.423640789958704e-05,674707.0,913478.0,364936842.0,713394968.0,268593.0,304918.0,385466730.0,600547911.0
22.9,x264,stress-ng,10,1.9034211731421928,7306.799999999999,0.0005295645164408991,719032.0,912938.0,696959057.0,366161240.0,11971461.12,1.9034211731421928,0.7876022249046485,0.0005295645164408991,1.6250746412000179,0.8975774276440357,9.42332755715231e-05,719032.0,912938.0,366161240.0,696959057.0,318561.0,354912.0,385755454.0,626881406.0
23.0,x264,stress-ng,10,1.8762383696416391,10048.0,0.0005446343153117996,696964.0,895735.0,684756297.0,364962314.0,16462643.2,1.8762383696416391,0.7780917347206484,0.0005446343153117996,1.3828599521205183,0.17374054253552315,6.966516479047733e-05,696964.0,895735.0,364962314.0,684756297.0,5649.0,32514.0,385630323.0,533272730.0
23.1,x264,stress-ng,10,1.945400483880278,10833.199999999999,0.0006386746482376806,651942.0,885174.0,710423761.0,365181240.0,17749114.88,1.945400483880278,0.7365128212080336,0.0006386746482376806,1.3848758015104354,0.14676019937234633,7.198789830785764e-05,651942.0,885174.0,365181240.0,710423761.0,4770.0,32502.0,385231416.0,533497666.0
23.2,x264,stress-ng,10,1.9048672872485295,10730.8,0.0006188590605963289,654802.0,881300.0,697167834.0,365992864.0,17581342.72,1.9048672872485295,0.7429955747191649,0.0006188590605963289,1.396321378782459,0.5428520797757516,7.353784391633704e-05,654802.0,881300.0,365992864.0,697167834.0,33697.0,62074.0,385882948.0,538816610.0
23.3,x264,stress-ng,10,1.9117764296760513,9062.7,0.0005618068876881915,686839.0,891970.0,698041657.0,365127243.0,14848327.680000002,1.9117764296760513,0.7700247766180477,0.0005618068876881915,1.5649895667912548,0.8770382739786177,9.577741412905771e-05,686839.0,891970.0,365127243.0,698041657.0,263657.0,300622.0,385946941.0,604002936.0
23.4,x264,stress-ng,10,2.251411045902648,7194.700000000001,0.001109703338713445,476387.0,881157.0,821213758.0,364755143.0,11787796.48,2.251411045902648,0.5406380474762159,0.001109703338713445,1.5573752901936246,0.8827306109925206,9.217660002352595e-05,476387.0,881157.0,364755143.0,821213758.0,267553.0,303097.0,385607627.0,600535790.0
23.5,x264,stress-ng,10,1.9822919459599795,7666.599999999999,0.0006784567126530227,654119.0,901651.0,723230651.0,364845679.0,12560957.44,1.9822919459599795,0.7254680580401952,0.0006784567126530227,1.6054914643623726,0.8927775781530722,9.671470116819379e-05,654119.0,901651.0,364845679.0,723230651.0,310575.0,347875.0,385670426.0,619190577.0
23.6,x264,stress-ng,10,1.883314341446061,7523.0,0.0005366453251572669,679191.0,874473.0,685326740.0,363893974.0,12325683.2,1.883314341446061,0.7766860726403216,0.0005366453251572669,1.6480134300024352,0.9020570597571559,9.738604590717725e-05,679191.0,874473.0,363893974.0,685326740.0,346122.0,383703.0,385897175.0,635963727.0
23.7,x264,stress-ng,10,1.8856331087188365,7329.8,0.0005047286403621161,734994.0,919701.0,690053242.0,365953079.0,12009144.32,1.8856331087188365,0.7991662507706309,0.0005047286403621161,1.6481547489290516,0.9027510284278986,9.732139444331079e-05,734994.0,919701.0,365953079.0,690053242.0,348266.0,385783.0,385495915.0,635356923.0
23.8,x264,stress-ng,10,1.887405905377076,7992.799999999999,0.0005499957152388308,695712.0,897245.0,691595523.0,366426491.0,13095403.52,1.887405905377076,0.7753868787232027,0.0005499957152388308,1.3859680766138538,0.28386992221261886,6.873617103886336e-05,695712.0,897245.0,366426491.0,691595523.0,10510.0,37024.0,385735772.0,534617466.0
24.1,x264,stress-ng,10,1.8831225101761742,10868.8,0.0005841693500524431,653255.0,866313.0,686811651.0,364719580.0,17807441.919999998,1.8831225101761742,0.7540634851375888,0.0005841693500524431,1.380548873767448,0.13564159841151652,7.230062045740242e-05,653255.0,866313.0,364719580.0,686811651.0,4372.0,32232.0,385335559.0,531974572.0
24.2,x264,stress-ng,10,1.898665767994749,7735.2,0.0005177820955713773,702667.0,892105.0,694654081.0,365864331.0,12673351.68,1.898665767994749,0.7876505568290728,0.0005177820955713773,1.5589338021821655,0.8738943040006557,9.575972071710132e-05,702667.0,892105.0,365864331.0,694654081.0,255878.0,292802.0,385590097.0,601109436.0
24.3,x264,stress-ng,10,1.9049733032851397,7852.4,0.0005303355962666479,699981.0,893476.0,695036901.0,364853880.0,12865372.16,1.9049733032851397,0.7834357050441199,0.0005303355962666479,1.5651997496821082,0.8756978067716562,9.491738964724844e-05,699981.0,893476.0,364853880.0,695036901.0,257731.0,294315.0,385429900.0,603274783.0
24.4,x264,stress-ng,10,1.8944391996131744,7668.9,0.0005382613490525709,722023.0,917857.0,689248089.0,363826978.0,12564725.76,1.8944391996131744,0.7866399667922127,0.0005382613490525709,1.5919502284548255,0.8885015411244894,9.528666708454014e-05,722023.0,917857.0,363826978.0,689248089.0,292588.0,329305.0,385331979.0,613429332.0
24.5,x264,stress-ng,10,1.9727132381581518,7433.5,0.0006909092636170757,673760.0,925570.0,718978521.0,364461751.0,12179046.4,1.9727132381581518,0.7279406203744719,0.0006909092636170757,1.6482250053742031,0.9007898803433082,9.857147046399787e-05,673760.0,925570.0,364461751.0,718978521.0,345089.0,383096.0,385578097.0,635519461.0
24.6,x264,stress-ng,10,1.8988402944672316,7424.300000000001,0.0005233301251606502,666923.0,858199.0,694021916.0,365497782.0,12163973.120000001,1.8988402944672316,0.7771192928446665,0.0005233301251606502,1.6593982755074568,0.903773057788964,9.740606158409e-05,666923.0,858199.0,365497782.0,694021916.0,352617.0,390161.0,385438025.0,639595194.0
24.7,x264,stress-ng,10,1.8857186222300863,9179.6,0.0005640311889754758,707025.0,913190.0,689268940.0,365520567.0,15039856.64,1.8857186222300863,0.7742364677668393,0.0005640311889754758,1.4119074325397445,0.6418802858454075,7.073709068944125e-05,707025.0,913190.0,365520567.0,689268940.0,48953.0,76265.0,386105786.0,545145629.0
24.8,x264,stress-ng,10,1.86130291956757,10835.4,0.0005821949142456291,720387.0,934396.0,684196249.0,367589951.0,17752719.36,1.86130291956757,0.7709654150916742,0.0005821949142456291,1.384753459753745,0.14502482125573699,7.086354071606489e-05,720387.0,934396.0,367589951.0,684196249.0,4645.0,32029.0,386432850.0,535114226.0
24.9,x264,stress-ng,10,1.9216142732628667,10886.100000000002,0.000631867946909442,675629.0,907447.0,704996637.0,366877290.0,17835786.240000002,1.9216142732628667,0.7445382485147893,0.000631867946909442,1.3805008221694788,0.14077609719811554,7.184999098648316e-05,675629.0,907447.0,366877290.0,704996637.0,4542.0,32264.0,385831642.0,532640899.0
25.0,x264,stress-ng,10,1.919975987348298,9658.199999999999,0.0006645688297312154,647539.0,891377.0,704461425.0,366911581.0,15823994.879999999,1.919975987348298,0.7264479563641422,0.0006645688297312154,1.5343091647088822,0.8579234320280166,9.250307325726744e-05,647539.0,891377.0,366911581.0,704461425.0,215579.0,251280.0,385943934.0,592157315.0
25.1,x264,stress-ng,10,1.893054108023758,7884.699999999999,0.0005141958427958081,703927.0,892449.0,694059183.0,366634625.0,12918292.479999999,1.893054108023758,0.7887587974214773,0.0005141958427958081,1.5636134238084036,0.874218467732223,9.474297060693035e-05,703927.0,892449.0,366634625.0,694059183.0,254061.0,290615.0,385822819.0,603277739.0
25.2,x264,stress-ng,10,1.877775115697407,7780.599999999999,0.0005518595857678703,714445.0,916306.0,686858709.0,365783263.0,12747735.04,1.877775115697407,0.7797013224839737,0.0005518595857678703,1.5861167229528772,0.8850702576112413,9.68757318050235e-05,714445.0,916306.0,365783263.0,686858709.0,287223.0,324520.0,384998382.0,610652372.0
25.5,x264,stress-ng,10,1.9259556804389621,7427.7,0.0006620421458513866,665194.0,907161.0,703909443.0,365485795.0,12169543.68,1.9259556804389621,0.7332700590082687,0.0006620421458513866,1.645255732516757,0.9032907383786665,9.691313628588754e-05,665194.0,907161.0,365485795.0,703909443.0,349130.0,386509.0,385695907.0,634568402.0
25.6,x264,stress-ng,10,1.8851248491047052,10586.100000000002,0.0005422841450791456,693313.0,891995.0,690671816.0,366379880.0,17344266.240000002,1.8851248491047052,0.7772610833020365,0.0005422841450791456,1.4458430247520873,0.7432722411791607,7.574556546650275e-05,693313.0,891995.0,366379880.0,690671816.0,84516.0,113708.0,385395499.0,557221394.0
25.7,x264,stress-ng,10,1.8775279703419057,10791.7,0.0005535026960640701,701728.0,903671.0,685007740.0,364845558.0,17681121.28,1.8775279703419057,0.7765303965713185,0.0005535026960640701,1.3813305702541654,0.14492617617617617,7.084470601226222e-05,701728.0,903671.0,364845558.0,685007740.0,4633.0,31968.0,385843933.0,532978020.0
25.8,x264,stress-ng,10,1.876504628296998,10891.6,0.0005811777755235882,708753.0,922418.0,689880753.0,367641381.0,17844797.44,1.876504628296998,0.7683642340023721,0.0005811777755235882,1.3762516484927267,0.16383209697846934,7.30622874325878e-05,708753.0,922418.0,367641381.0,689880753.0,5433.0,33162.0,379525484.0,522322573.0
25.9,x264,stress-ng,10,1.9590009776930644,8441.800000000001,0.0007204836241607154,650142.0,915361.0,721132671.0,368112461.0,13831045.120000001,1.9590009776930644,0.7102574831132198,0.0007204836241607154,1.509834015063332,0.8424047956162771,9.114802581636887e-05,650142.0,915361.0,368112461.0,721132671.0,183250.0,217532.0,376113467.0,567868906.0
26.0,x264,stress-ng,10,1.8843263792664209,7856.4,0.0005175888154214001,677688.0,868544.0,694827602.0,368740580.0,12871925.76,1.8843263792664209,0.7802575344484562,0.0005175888154214001,1.5601611038965162,0.8729016114222431,9.640785901682188e-05,677688.0,868544.0,368740580.0,694827602.0,249072.0,285338.0,376172652.0,586889940.0
26.1,x264,stress-ng,10,1.8850906059667412,7788.9,0.000522501961882084,726874.0,919437.0,694731750.0,368540243.0,12761333.76,1.8850906059667412,0.7905642257163895,0.000522501961882084,1.5672554012200426,0.8729478820029988,9.752963191895332e-05,726874.0,919437.0,368540243.0,694731750.0,252096.0,288787.0,376203614.0,589607146.0
26.2,x264,stress-ng,10,1.8849621546306174,7490.9,0.0005230747739383245,704840.0,891470.0,672543400.0,356794113.0,12273090.559999999,1.8849621546306174,0.7906491525233603,0.0005230747739383245,1.6544589615462801,0.897948254861607,0.00010183996093239283,704840.0,891470.0,356794113.0,672543400.0,342068.0,380944.0,381736203.0,631566882.0
26.3,x264,stress-ng,10,1.9566212399106035,7418.3,0.0006155954986819833,666017.0,885875.0,698801134.0,357146861.0,12154142.72,1.9566212399106035,0.7518182587836885,0.0006155954986819833,1.6447414634295725,0.901247487494346,9.740670648751317e-05,666017.0,885875.0,357146861.0,698801134.0,336734.0,373631.0,378793220.0,623016915.0
26.4,x264,stress-ng,10,2.158294022894923,8358.900000000001,0.0010452550741908602,540333.0,912536.0,768543038.0,356088202.0,13695221.760000002,2.158294022894923,0.5921223929795646,0.0010452550741908602,1.515647146946791,0.8557450377411239,8.107580363738893e-05,540333.0,912536.0,356088202.0,768543038.0,183660.0,214620.0,381864855.0,578772378.0
26.5,x264,stress-ng,10,2.0129344840869314,10437.4,0.0006962014465715002,534381.0,790053.0,739227113.0,367238536.0,17100636.16,2.0129344840869314,0.6763862677567202,0.0006962014465715002,1.385031487014853,0.1361898693851545,7.155357067794787e-05,534381.0,790053.0,367238536.0,739227113.0,4275.0,31390.0,378946847.0,524853315.0
26.6,x264,stress-ng,10,1.880438805122374,10965.2,0.0005846435454255909,712781.0,927356.0,690155839.0,367018505.0,17965383.68,1.880438805122374,0.7686163673928891,0.0005846435454255909,1.3851768213634026,0.13993670886075948,7.115802796739332e-05,712781.0,927356.0,367018505.0,690155839.0,4422.0,31600.0,381938634.0,529052543.0
26.7,x264,stress-ng,10,1.9542681407802098,10211.8,0.0006944400727637837,645677.0,893659.0,697861977.0,357096328.0,16731013.12,1.9542681407802098,0.7225093687860806,0.0006944400727637837,1.4477402465071347,0.7991771197898809,8.184540364262429e-05,645677.0,893659.0,357096328.0,697861977.0,123536.0,154579.0,379288251.0,549110866.0
26.8,x264,stress-ng,10,1.9025348874111494,7813.5,0.0005731802225635873,646372.0,851548.0,681032741.0,357960711.0,12801638.4,1.9025348874111494,0.7590552734549315,0.0005731802225635873,1.5521108558890604,0.8791095935646638,9.562892435248979e-05,646372.0,851548.0,357960711.0,681032741.0,266219.0,302828.0,382823505.0,594184518.0
27.0,x264,stress-ng,10,1.8885675477226693,7649.400000000001,0.0005368765474644304,720089.0,917163.0,693246078.0,367075077.0,12532776.96,1.8885675477226693,0.7851265260373566,0.0005368765474644304,1.5620898598983948,0.8829050315378535,9.564554604481816e-05,720089.0,917163.0,367075077.0,693246078.0,273652.0,309945.0,379453111.0,592739857.0
27.1,x264,stress-ng,10,1.874571451695909,7354.299999999999,0.0005332635634841018,734729.0,929571.0,684924446.0,365376548.0,12049285.12,1.874571451695909,0.7903957847221998,0.0005332635634841018,1.617356043598937,0.8961284096794003,9.794813611901975e-05,734729.0,929571.0,365376548.0,684924446.0,316664.0,353369.0,374739137.0,606086608.0
27.2,x264,stress-ng,10,1.9275475935023956,7315.0,0.0005578881786003896,702152.0,906990.0,707731422.0,367166769.0,11984896.0,1.9275475935023956,0.774156275151876,0.0005578881786003896,1.6482221977698706,0.9016625863832161,9.958751119100898e-05,702152.0,906990.0,367166769.0,707731422.0,349149.0,387228.0,382367222.0,630226143.0
27.3,x264,stress-ng,10,1.9359066947588404,10094.5,0.0006448687396792598,654075.0,889905.0,707965587.0,365702329.0,16538828.8,1.9359066947588404,0.7349941847725319,0.0006448687396792598,1.5948278380331866,0.8930067397085548,8.963522362184435e-05,654075.0,889905.0,365702329.0,707965587.0,288451.0,323011.0,385562713.0,614906148.0
27.4,x264,stress-ng,10,1.8731177563858554,10839.2,0.0005327257680164319,680107.0,874424.0,683238253.0,364759904.0,17758945.28,1.8731177563858554,0.7777771424389084,0.0005327257680164319,1.3878352524721673,0.16574154920793313,6.93857906682541e-05,680107.0,874424.0,364759904.0,683238253.0,5315.0,32068.0,385568857.0,535106052.0
27.5,x264,stress-ng,10,1.8707654821230122,10866.800000000001,0.0005625334786263807,696974.0,901492.0,680146568.0,363565917.0,17804165.12,1.8707654821230122,0.7731338714042942,0.0005625334786263807,1.3820162126302356,0.14126683043626978,7.17075444980874e-05,696974.0,901492.0,363565917.0,680146568.0,4543.0,32159.0,385119867.0,532241900.0
27.6,x264,stress-ng,10,1.875102549199175,9029.5,0.0004984581000029459,705612.0,888654.0,688568449.0,367216422.0,14793932.8,1.875102549199175,0.794023320662485,0.0004984581000029459,1.4150778253751035,0.669575587356783,7.676331897052028e-05,705612.0,888654.0,367216422.0,688568449.0,60077.0,89724.0,386213108.0,546521605.0
27.7,x264,stress-ng,10,1.9715740662153856,7822.0,0.0007286129906433625,678035.0,943404.0,718069325.0,364211184.0,12815564.8,1.9715740662153856,0.7187111778198948,0.0007286129906433625,1.5561565235512806,0.8766992582939097,9.624724197465962e-05,678035.0,943404.0,364211184.0,718069325.0,263705.0,300793.0,385340912.0,599650774.0
27.8,x264,stress-ng,10,1.875236981047102,7798.8,0.0005312619483078487,687650.0,881677.0,684872325.0,365219080.0,12777553.92,1.875236981047102,0.7799341482198129,0.0005312619483078487,1.5565839247832383,0.877933986157951,9.341696818450765e-05,687650.0,881677.0,365219080.0,684872325.0,259282.0,295332.0,385904196.0,600692268.0
28.0,x264,stress-ng,10,1.8821010040948114,7492.200000000001,0.000515243701847371,739267.0,928272.0,690404364.0,366826415.0,12275220.48,1.8821010040948114,0.7963904976127687,0.000515243701847371,1.642013734287958,0.9022838704055401,9.877763185785943e-05,739267.0,928272.0,366826415.0,690404364.0,352045.0,390171.0,385978073.0,633781297.0
28.1,x264,stress-ng,10,1.9695423019496074,7345.2,0.0006892518544315863,673809.0,926436.0,721883532.0,366523497.0,12034375.68,1.9695423019496074,0.7273130577827287,0.0006892518544315863,1.6278055240972293,0.903873312866431,9.434604747733541e-05,673809.0,926436.0,366523497.0,721883532.0,342408.0,378823.0,385972714.0,628288516.0
28.4,x264,stress-ng,10,1.8575655341894501,10868.500000000002,0.000552598127693051,718585.0,921025.0,680504598.0,366342175.0,17806950.400000002,1.8575655341894501,0.7802014060421812,0.000552598127693051,1.38808789512974,0.15064749541939693,7.092883766252918e-05,718585.0,921025.0,366342175.0,680504598.0,4851.0,32201.0,385597747.0,535243565.0
28.5,x264,stress-ng,10,1.8768570613046038,10956.400000000001,0.0005550921627524765,704067.0,907200.0,686825776.0,365944637.0,17950965.76,1.8768570613046038,0.776087962962963,0.0005550921627524765,1.3963370247246405,0.49708823013506404,7.430783403331402e-05,704067.0,907200.0,365944637.0,686825776.0,28339.0,57010.0,385840879.0,538763905.0
28.6,x264,stress-ng,10,1.957003522309497,7943.299999999999,0.0006550459916781872,672416.0,913223.0,719430625.0,367618462.0,13014302.719999999,1.957003522309497,0.736310846310266,0.0006550459916781872,1.561768529976644,0.8760626060967537,9.792734403199644e-05,672416.0,913223.0,367618462.0,719430625.0,267327.0,305146.0,386194483.0,603146390.0
28.7,x264,stress-ng,10,1.9036295328411788,7777.4,0.0005729625537039962,650361.0,860571.0,698408581.0,366882615.0,12742492.16,1.9036295328411788,0.7557319500657121,0.0005729625537039962,1.566125343974337,0.8762249551661372,9.54779778966305e-05,650361.0,860571.0,366882615.0,698408581.0,260910.0,297766.0,386015716.0,604548996.0
28.8,x264,stress-ng,10,1.8633123917221184,7824.9,0.0005353031505122423,748844.0,945237.0,683615462.0,366881831.0,12820316.16,1.8633123917221184,0.7922288272676588,0.0005353031505122423,1.6057018126101326,0.8946365759786192,9.890181279569321e-05,748844.0,945237.0,366881831.0,683615462.0,324032.0,362194.0,385857437.0,619571986.0
28.9,x264,stress-ng,10,1.8876170532561127,7427.9,0.0005205030157548958,738312.0,929193.0,692234665.0,366724100.0,12169871.36,1.8876170532561127,0.7945733555892048,0.0005205030157548958,1.6512877422028633,0.9005145797598628,0.00010279078643419058,738312.0,929193.0,366724100.0,692234665.0,359100.0,398772.0,385948988.0,637312833.0
29.0,x264,stress-ng,10,1.9768402051337899,7349.700000000001,0.0006822854162584895,683712.0,934116.0,725515573.0,367007698.0,12041748.48,1.9768402051337899,0.73193479182457,0.0006822854162584895,1.655653117522134,0.9042828284833655,9.989654064677058e-05,683712.0,934116.0,367007698.0,725515573.0,364388.0,402958.0,386099456.0,639246768.0
29.1,x264,stress-ng,10,1.8651115945863015,9405.699999999999,0.0005671944995170144,669226.0,876715.0,682288245.0,365816312.0,15410298.879999999,1.8651115945863015,0.763333580467997,0.0005671944995170144,1.3884890526571094,0.2291618762934008,6.948538104428959e-05,669226.0,876715.0,365816312.0,682288245.0,7973.0,34792.0,385966078.0,535909674.0
29.2,x264,stress-ng,10,1.85941675442618,10855.900000000001,0.0005720087266399468,708637.0,918561.0,682395538.0,366994401.0,17786306.560000002,1.85941675442618,0.7714642794544946,0.0005720087266399468,1.3865373336816065,0.14023151283787944,7.241801461061385e-05,708637.0,918561.0,366994401.0,682395538.0,4555.0,32482.0,385636090.0,534698836.0
29.3,x264,stress-ng,10,1.8780349371494316,11039.1,0.0005730931032136401,702705.0,913710.0,691466639.0,368186249.0,18086461.44,1.8780349371494316,0.7690678661719802,0.0005730931032136401,1.3882237662839114,0.18367755592425197,7.369802846320283e-05,702705.0,913710.0,368186249.0,691466639.0,6421.0,34958.0,387215243.0,537541403.0
29.4,x264,stress-ng,10,1.9559957233493517,9639.7,0.0006658110756861085,672424.0,917460.0,719857908.0,368026320.0,15793684.48,1.9559957233493517,0.732919146338805,0.0006658110756861085,1.5612651872954155,0.8774219497209889,0.00010016499261431661,672424.0,917460.0,368026320.0,719857908.0,277053.0,315758.0,386412448.0,603292303.0
29.5,x264,stress-ng,10,2.2378594534060046,7683.5999999999985,0.0012031480337268232,418351.0,860311.0,822047110.0,367336344.0,12588810.239999998,2.2378594534060046,0.48627879917843664,0.0012031480337268232,1.56089846603277,0.8895894756597388,9.431332365654935e-05,418351.0,860311.0,367336344.0,822047110.0,293883.0,330358.0,386742812.0,603666262.0
29.8,x264,stress-ng,10,1.9610563219249342,7353.8,0.0006609987643385792,670285.0,913489.0,721539536.0,367934122.0,12048465.92,1.9610563219249342,0.7337636249588118,0.0006609987643385792,1.6423318775859563,0.9029605263157895,0.00010853024435907011,670285.0,913489.0,367934122.0,721539536.0,390339.0,432288.0,386518986.0,634792452.0
29.9,x264,stress-ng,10,1.8720453032060553,7514.8,0.0005401084928997403,684590.0,883531.0,689540286.0,368335256.0,12312248.32,1.8720453032060553,0.7748341597521762,0.0005401084928997403,1.6499931382420627,0.9014816244668129,0.00010820121378074509,684590.0,883531.0,368335256.0,689540286.0,382953.0,424804.0,386788637.0,638198597.0
30.0,x264,stress-ng,10,1.8745195503323233,10786.399999999998,0.0005576475990496787,710104.0,915417.0,690154917.0,368176964.0,17672437.759999998,1.8745195503323233,0.775716422133301,0.0005576475990496787,1.4102152772201517,0.6165978674483333,7.375644325478561e-05,710104.0,915417.0,368176964.0,690154917.0,45857.0,74371.0,386596733.0,545184619.0
30.1,x264,stress-ng,10,1.8725434532453196,10935.9,0.000570899815898522,698592.0,908109.0,687212845.0,366994338.0,17917378.56,1.8725434532453196,0.769282101597936,0.000570899815898522,1.387740032549017,0.15336363636363637,7.226809228935695e-05,698592.0,908109.0,366994338.0,687212845.0,5061.0,33000.0,386602152.0,536503283.0
30.2,x264,stress-ng,10,1.950611876872351,10799.300000000001,0.0006612541858591519,664689.0,907606.0,716572833.0,367357977.0,17693573.12,1.950611876872351,0.7323541272314198,0.0006612541858591519,1.3825564681664928,0.14348192808722002,7.11159989274759e-05,664689.0,907606.0,367357977.0,716572833.0,4593.0,32011.0,385539125.0,533029611.0
30.3,x264,stress-ng,10,1.9125765855195638,8509.1,0.0006457405513668628,658174.0,895448.0,702766298.0,367444788.0,13941309.44,1.9125765855195638,0.735022022496002,0.0006457405513668628,1.5422657228862002,0.8663309835515274,0.00010322233240409817,658174.0,895448.0,367444788.0,702766298.0,258080.0,297900.0,385769233.0,594958665.0
30.4,x264,stress-ng,10,1.8866975200273355,7736.1,0.0005353051419470694,702333.0,899624.0,695357491.0,368558014.0,12674826.24,1.8866975200273355,0.7806961575058025,0.0005353051419470694,1.5589503796942394,0.8768948853891473,0.00010578261178662117,702333.0,899624.0,368558014.0,695357491.0,291429.0,332342.0,386764888.0,602947269.0
30.5,x264,stress-ng,10,1.877635340597885,7727.7,0.0005470945598488382,732553.0,933842.0,690826354.0,367923600.0,12661063.68,1.877635340597885,0.7844506886603944,0.0005470945598488382,1.5897532198610225,0.8830618412324022,0.00010666314965386798,732553.0,933842.0,367923600.0,690826354.0,311493.0,352742.0,386722126.0,614792745.0
30.6,x264,stress-ng,10,1.893971861401394,7511.2,0.0005377303104860816,640279.0,833612.0,680949641.0,359535247.0,12306350.08,1.893971861401394,0.7680779547319376,0.0005377303104860816,1.638448521960154,0.8981672601346063,0.00010973881558365818,640279.0,833612.0,359535247.0,680949641.0,367257.0,408896.0,379437301.0,621688485.0
30.7,x264,stress-ng,10,1.8881622917010465,7462.799999999999,0.0005216762764736762,705414.0,891939.0,675111151.0,357549324.0,12227051.52,1.8881622917010465,0.7908769545899439,0.0005216762764736762,1.6524971714632342,0.9022488400719629,0.00010803209212934116,705414.0,891939.0,357549324.0,675111151.0,381146.0,422440.0,382238270.0,631647660.0
30.8,x264,stress-ng,10,1.9341576193217467,8743.4,0.0006912000168787356,646698.0,893583.0,690848513.0,357183151.0,14325186.56,1.9341576193217467,0.7237134099462501,0.0006912000168787356,1.4582140441157152,0.7661856382394046,7.856214517224445e-05,646698.0,893583.0,357183151.0,690848513.0,97586.0,127366.0,379062969.0,552754945.0
30.9,x264,stress-ng,10,1.8277441428151344,10541.800000000001,0.00033771688672732796,712520.0,832577.0,649755719.0,355495993.0,17271685.12,1.8277441428151344,0.855800724737772,0.00033771688672732796,1.4037984478354308,0.15245370221780016,6.914061710939777e-05,712520.0,832577.0,355495993.0,649755719.0,4750.0,31157.0,381931795.0,536155261.0
31.0,x264,stress-ng,10,1.8483872477174637,10310.3,0.0004619131728602652,765776.0,934451.0,674968235.0,365166031.0,16892395.52,1.8483872477174637,0.8194929429151449,0.0004619131728602652,1.397966800561552,0.1454387321221492,7.008740456000454e-05,765776.0,934451.0,365166031.0,674968235.0,4515.0,31044.0,378513089.0,529148732.0
31.2,x264,stress-ng,10,1.7590727052075137,8102.5,0.0004515388923976605,688050.0,847784.0,622280216.0,353754688.0,13275136.0,1.7590727052075137,0.8115864418295227,0.0004515388923976605,1.516381233017045,0.8441987885583143,9.313489891458583e-05,688050.0,847784.0,353754688.0,622280216.0,192750.0,228323.0,381951346.0,579183853.0
31.3,x264,stress-ng,10,0.7120430321687473,8788.300000000001,0.00036480440841405235,311802.0,444009.0,258048069.0,362405160.0,14398750.72,0.7120430321687473,0.7022425221110383,0.00036480440841405235,1.5078678322774797,0.8886452980996656,9.023015061855511e-05,311802.0,444009.0,362405160.0,258048069.0,272392.0,306525.0,378288186.0,570408587.0
31.4,x264,stress-ng,10,2.5976488545139893,6529.6,0.0018950651111998213,306947.0,980376.0,923098663.0,355359294.0,10698096.64,2.5976488545139893,0.31309109974132376,0.0018950651111998213,1.5722336516503466,0.8910256410256411,9.415269768788602e-05,306947.0,980376.0,355359294.0,923098663.0,288286.0,323544.0,374476790.0,588765011.0
31.5,x264,stress-ng,10,1.885832611315864,7553.0,0.0007794843941298135,419862.0,704420.0,688440667.0,365059265.0,12374835.2,1.885832611315864,0.5960392947389341,0.0007794843941298135,1.6311556853027935,0.9085148837197831,9.715754485922605e-05,419862.0,704420.0,365059265.0,688440667.0,368351.0,405443.0,381771689.0,622729061.0
31.6,x264,stress-ng,10,1.8943147981851767,7308.1,0.0006151386371856135,674561.0,893342.0,673734441.0,355661288.0,11973591.040000001,1.8943147981851767,0.7550982714346801,0.0006151386371856135,1.6494666702880427,0.9029205501152427,0.00010241823024360362,674561.0,893342.0,355661288.0,673734441.0,367067.0,406533.0,385341554.0,635608050.0
31.7,x264,stress-ng,10,1.8896611163810169,10131.900000000001,0.0005339408620553758,690002.0,880898.0,675596820.0,357522740.0,16600104.96,1.8896611163810169,0.7832938660321627,0.0005339408620553758,1.5185713313813969,0.8501149899061814,8.282506031120298e-05,690002.0,880898.0,357522740.0,675596820.0,181497.0,213497.0,386356495.0,586709897.0
31.8,x264,stress-ng,10,1.8939614076767661,10888.800000000001,0.0005792983742775335,661414.0,867679.0,674363967.0,356060036.0,17840209.92,1.8939614076767661,0.762279598791719,0.0005792983742775335,1.3876641387265523,0.19902265659706797,7.142774798056166e-05,661414.0,867679.0,356060036.0,674363967.0,6720.0,33765.0,378634365.0,525417330.0
31.9,x264,stress-ng,10,1.942540093380438,10762.3,0.0007004770902729198,644823.0,901690.0,712335140.0,366702928.0,17632952.32,1.942540093380438,0.7151271501292018,0.0007004770902729198,1.3789904115384877,0.1376597197385961,7.067186750291304e-05,644823.0,901690.0,366702928.0,712335140.0,4234.0,30757.0,375297851.0,517532138.0
32.0,x264,stress-ng,10,1.8913140546939642,9047.6,0.0005320763334213497,648035.0,843023.0,693102703.0,366466215.0,14823587.84,1.8913140546939642,0.7687038194687452,0.0005320763334213497,1.4701627368504666,0.8002615419604275,8.42994004992022e-05,648035.0,843023.0,366466215.0,693102703.0,126675.0,158292.0,375056048.0,551393426.0
32.1,x264,stress-ng,10,1.889799656780909,7704.5,0.0005254959732456221,711829.0,904178.0,691729514.0,366033252.0,12623052.8,1.889799656780909,0.787266445323819,0.0005254959732456221,1.5598959232237777,0.8771050060840803,9.564926841581685e-05,711829.0,904178.0,366033252.0,691729514.0,255891.0,291745.0,374848659.0,584724895.0
32.2,x264,stress-ng,10,1.8816704982583892,7829.400000000001,0.0005478528709768444,725709.0,925658.0,686750320.0,364968426.0,12827688.96,1.8816704982583892,0.7839925760918179,0.0005478528709768444,1.5571406301798525,0.8835684431351257,9.492534108303939e-05,725709.0,925658.0,364968426.0,686750320.0,275031.0,311273.0,381794783.0,594508169.0
32.3,x264,stress-ng,10,1.9111463909346063,7545.900000000001,0.0005757685148676146,718370.0,927885.0,695442397.0,363887560.0,12363202.56,1.9111463909346063,0.7742015443724168,0.0005757685148676146,1.6379274412770415,0.9019181434469001,9.905746083525641e-05,718370.0,927885.0,363887560.0,695442397.0,350866.0,389022.0,385190572.0,630914208.0
32.4,x264,stress-ng,10,1.9674126635427323,7358.199999999999,0.0007144554713364919,654835.0,914794.0,715855150.0,363856126.0,12055674.879999999,1.9674126635427323,0.7158278257181399,0.0007144554713364919,1.6532037461380173,0.9044366999034265,0.00010038804542176746,654835.0,914794.0,363856126.0,715855150.0,366182.0,404873.0,385414417.0,637168558.0
32.5,x264,stress-ng,10,1.891562496244629,8052.0,0.0005348567327014089,676815.0,871803.0,689590250.0,364561177.0,13192396.8,1.891562496244629,0.7763393794240212,0.0005348567327014089,1.5745971909021077,0.8840102745223952,8.994868310913206e-05,676815.0,871803.0,364561177.0,689590250.0,264312.0,298992.0,385553171.0,607090940.0
32.8,x264,stress-ng,10,1.8615346125292545,10750.500000000002,0.0005610766328617464,703079.0,908801.0,682542457.0,366655797.0,17613619.200000003,1.8615346125292545,0.7736336117587899,0.0005610766328617464,1.384311459934525,0.14465626079582927,7.058347001996591e-05,703079.0,908801.0,366655797.0,682542457.0,4606.0,31841.0,385855215.0,534143796.0
32.9,x264,stress-ng,10,1.904935202007893,7877.0,0.0005898474746467607,699255.0,915283.0,697670770.0,366243833.0,12905676.8,1.904935202007893,0.7639768246542327,0.0005898474746467607,1.44283269069288,0.7189246063420651,8.039069733627288e-05,699255.0,915283.0,366243833.0,697670770.0,79260.0,110248.0,385467486.0,556165090.0
33.1,x264,stress-ng,10,1.8973452885161934,7766.2,0.0005271130103326888,675003.0,868356.0,695974860.0,366815078.0,12724142.08,1.8973452885161934,0.7773344112322595,0.0005271130103326888,1.5611764325991444,0.879309669074899,9.570922852588488e-05,675003.0,868356.0,366815078.0,695974860.0,269220.0,306172.0,386086071.0,602748475.0
33.2,x264,stress-ng,10,1.8930136742628423,7657.5,0.0005149227285391079,717223.0,905110.0,690730163.0,364883874.0,12546048.0,1.8930136742628423,0.7924152865397576,0.0005149227285391079,1.6228188624214348,0.8976717187316938,9.959168445975034e-05,717223.0,905110.0,364883874.0,690730163.0,337126.0,375556.0,385875590.0,626206186.0
33.3,x264,stress-ng,10,1.8916736550476096,7458.6,0.0005364212733645034,736909.0,933059.0,691717137.0,365664096.0,12220170.24,1.8916736550476096,0.7897774953138011,0.0005364212733645034,1.6554108683388682,0.9062309050783206,0.0001014749584362258,736909.0,933059.0,365664096.0,691717137.0,378191.0,417323.0,385632087.0,638379548.0
33.4,x264,stress-ng,10,1.9441944466530316,7484.6,0.0006098143149915849,682047.0,905083.0,711077687.0,365744120.0,12262768.64,1.9441944466530316,0.753573981612736,0.0006098143149915849,1.6054665708457612,0.8893563765659137,9.379739212847898e-05,682047.0,905083.0,365744120.0,711077687.0,290647.0,326806.0,385501123.0,618909166.0
33.5,x264,stress-ng,10,1.904191054755034,9599.6,0.0006220061904208871,651200.0,878044.0,694453403.0,364697335.0,15727984.64,1.904191054755034,0.7416484823084036,0.0006220061904208871,1.3871819607301874,0.16858865357860567,6.976606754213016e-05,651200.0,878044.0,364697335.0,694453403.0,5453.0,32345.0,385459593.0,534702594.0
33.6,x264,stress-ng,10,1.8722975115967573,10952.2,0.0005788741658604543,687265.0,899305.0,685817381.0,366297224.0,17944084.48,1.8722975115967573,0.7642179238411885,0.0005788741658604543,1.3897303189628196,0.13994543915211188,7.100238092769601e-05,687265.0,899305.0,366297224.0,685817381.0,4463.0,31891.0,386296905.0,536848521.0
33.7,x264,stress-ng,10,1.8809661519300702,10873.5,0.0005693193348866605,691368.0,899576.0,687895486.0,365713910.0,17815142.4,1.8809661519300702,0.7685487385168124,0.0005693193348866605,1.4221953751322682,0.6737172384285417,7.708988131945247e-05,691368.0,899576.0,365713910.0,687895486.0,61410.0,91151.0,385796417.0,548677880.0
33.8,x264,stress-ng,10,1.8999892958851103,9296.2,0.0005482215577451983,708521.0,908463.0,692945497.0,364710211.0,15230894.080000002,1.8999892958851103,0.7799117850699478,0.0005482215577451983,1.5620076282178619,0.8751531438959808,9.831029198615747e-05,708521.0,908463.0,364710211.0,692945497.0,265728.0,303636.0,385595437.0,602303014.0
33.9,x264,stress-ng,10,1.9520333159990586,7716.599999999999,0.0006147713697861687,666981.0,892526.0,716154616.0,366876226.0,12642877.44,1.9520333159990586,0.747295877094897,0.0006147713697861687,1.5658439478133268,0.879649032589831,9.69834201474283e-05,666981.0,892526.0,366876226.0,716154616.0,273694.0,311140.0,386107233.0,604583674.0
34.1,x264,stress-ng,10,1.9168936810965873,7490.6,0.0005864117618970486,665442.0,880246.0,702162639.0,366302339.0,12272599.040000001,1.9168936810965873,0.755972762159669,0.0005864117618970486,1.6152339974232266,0.8942463544263108,0.0001006187252010033,665442.0,880246.0,366302339.0,702162639.0,328268.0,367089.0,385822817.0,623194131.0
34.2,x264,stress-ng,10,1.8871924592841216,7437.4,0.0005047188726013709,703539.0,888810.0,692746107.0,367077615.0,12185436.16,1.8871924592841216,0.791551625206737,0.0005047188726013709,1.6565826560841939,0.9053515672273993,0.00010128380958411719,703539.0,888810.0,367077615.0,692746107.0,374046.0,413150.0,386083424.0,639579104.0
34.3,x264,stress-ng,10,1.8960610907916053,7680.8,0.0005316554678419772,700945.0,895371.0,693388098.0,365699239.0,12584222.72,1.8960610907916053,0.7828542581790118,0.0005316554678419772,1.622565314061674,0.8956155063599218,9.736739481493971e-05,700945.0,895371.0,365699239.0,693388098.0,321989.0,359517.0,385426765.0,625380100.0
34.4,x264,stress-ng,10,1.8755121841683149,10810.4,0.0005633029626068907,707681.0,914419.0,688332325.0,367010319.0,17711759.36,1.8755121841683149,0.7739132717058591,0.0005633029626068907,1.3844741604747735,0.17845538615346163,6.805911678657151e-05,707681.0,914419.0,367010319.0,688332325.0,5712.0,32008.0,386369986.0,534919262.0
34.5,x264,stress-ng,10,2.127984957967635,10843.800000000001,0.0010378058789796733,553758.0,933181.0,777993701.0,365601128.0,17766481.92,2.127984957967635,0.5934089956825096,0.0010378058789796733,1.3859678299945228,0.15244219874444956,7.165579384860343e-05,553758.0,933181.0,365601128.0,777993701.0,4978.0,32655.0,386249297.0,535329100.0
34.6,x264,stress-ng,10,2.0807138880407128,10452.7,0.0008217199045333795,495347.0,796684.0,763028956.0,366714982.0,17125703.68,2.0807138880407128,0.6217609491341611,0.0008217199045333795,1.4016106392402992,0.5580830456170369,7.497113422135782e-05,495347.0,796684.0,366714982.0,763028956.0,36531.0,65458.0,385841835.0,540800021.0
34.7,x264,stress-ng,10,1.896889569090035,7963.9,0.0005453580850773132,699951.0,899761.0,694988330.0,366383126.0,13048053.76,1.896889569090035,0.7779299169446109,0.0005453580850773132,1.5606022523512337,0.8764024805534645,9.822575813772751e-05,699951.0,899761.0,366383126.0,694988330.0,268939.0,306867.0,386130896.0,602596746.0
34.8,x264,stress-ng,10,1.9085145559216616,7748.8,0.0006164505639599341,716322.0,942854.0,701337049.0,367477967.0,12695633.92,1.9085145559216616,0.7597379870054112,0.0006164505639599341,1.5612436310822724,0.8788899645046789,9.71272682466184e-05,716322.0,942854.0,367477967.0,701337049.0,272368.0,309900.0,386420834.0,603297066.0
34.9,x264,stress-ng,10,1.9263537189565842,7756.9,0.0006329513981108071,652106.0,884342.0,706797842.0,366909688.0,12708904.959999999,1.9263537189565842,0.737391190286111,0.0006329513981108071,1.6121538190108544,0.8924179873041239,0.00010047626933249608,652106.0,884342.0,366909688.0,706797842.0,321656.0,360432.0,385921972.0,622165581.0
35.0,x264,stress-ng,10,1.8908405504603043,7494.9,0.0005009601360981927,700999.0,884704.0,693382244.0,366705825.0,12279644.16,1.8908405504603043,0.7923542789452743,0.0005009601360981927,1.6577461234782986,0.9034597915459772,0.00010280674945724803,700999.0,884704.0,366705825.0,693382244.0,371172.0,410834.0,385791791.0,639544846.0
35.1,x264,stress-ng,10,1.8973779919586256,7389.700000000001,0.0005385911452389661,710202.0,907537.0,695182402.0,366391096.0,12107284.48,1.8973779919586256,0.7825598295165928,0.0005385911452389661,1.6466584696479711,0.9012048253241686,0.00010208737432971737,710202.0,907537.0,366391096.0,695182402.0,359113.0,398481.0,385630449.0,635001645.0
35.2,x264,stress-ng,10,1.8553894451331028,9208.4,0.0005291199573119261,703874.0,897528.0,679058846.0,365992621.0,15087042.56,1.8553894451331028,0.7842362578103413,0.0005291199573119261,1.3834794416278324,0.17469354738348578,6.880873290442013e-05,703874.0,897528.0,365992621.0,679058846.0,5615.0,32142.0,385517926.0,533356125.0
35.5,x264,stress-ng,10,1.8909863518150132,9731.1,0.0005739182948334076,644133.0,853815.0,690874997.0,365351657.0,15943434.24,1.8909863518150132,0.7544175260448692,0.0005739182948334076,1.388233260845356,0.3390198950900241,7.25962809278738e-05,644133.0,853815.0,365351657.0,690874997.0,14348.0,42322.0,385336544.0,534937007.0
35.6,x264,stress-ng,10,1.888390170496315,7821.1,0.0005250141886207063,710415.0,901580.0,687589240.0,364113969.0,12814090.24,1.888390170496315,0.7879666807160762,0.0005250141886207063,1.564682697860277,0.8787578439050705,9.679046963921977e-05,710415.0,901580.0,364113969.0,687589240.0,270414.0,307723.0,385461504.0,603124946.0
35.7,x264,stress-ng,10,1.8943136770065354,7737.7,0.0005577544347966895,714717.0,918847.0,693291217.0,365985436.0,12677447.68,1.8943136770065354,0.777841142214101,0.0005577544347966895,1.566429634647424,0.8757992127795191,9.800658159747929e-05,714717.0,918847.0,365985436.0,693291217.0,266560.0,304362.0,385708790.0,604185679.0
35.8,x264,stress-ng,10,1.9003469887741942,7510.299999999999,0.0005575599995198033,698769.0,902195.0,693342397.0,364850420.0,12304875.52,1.9003469887741942,0.7745210292675087,0.0005575599995198033,1.601542122300842,0.8888927135145058,0.00010050880747932087,698769.0,902195.0,364850420.0,693342397.0,309884.0,348618.0,385379162.0,617200961.0
35.9,x264,stress-ng,10,1.9671036399316206,7406.4,0.0006929002730255893,679917.0,932105.0,715947088.0,363960024.0,12134645.76,1.9671036399316206,0.7294424984309708,0.0006929002730255893,1.6513435089790516,0.9024313945726524,0.00010274848287822376,679917.0,932105.0,363960024.0,715947088.0,366370.0,405981.0,385514208.0,636616385.0
36.0,x264,stress-ng,10,1.8949449138085088,7401.3,0.00051855105753782,669467.0,859156.0,693181897.0,365805830.0,12126289.92,1.8949449138085088,0.779214717699696,0.00051855105753782,1.6587907144137857,0.9050959285511211,0.00010040279614604891,669467.0,859156.0,365805830.0,693181897.0,369290.0,408012.0,385666550.0,639740092.0
36.1,x264,stress-ng,10,1.8599430873766332,10749.9,0.0005490507564948459,708033.0,908695.0,679754823.0,365470765.0,17612636.16,1.8599430873766332,0.7791756309872949,0.0005490507564948459,1.403972696040129,0.4759056035738565,7.002903932945094e-05,708033.0,908695.0,365470765.0,679754823.0,24502.0,51485.0,385311583.0,540966942.0
36.2,x264,stress-ng,10,1.856051528768287,10881.199999999999,0.0005709954951863939,715334.0,924517.0,679960578.0,366347899.0,17827758.08,1.856051528768287,0.7737380707980491,0.0005709954951863939,1.3841973781339374,0.1539401152593335,7.005616202271096e-05,715334.0,924517.0,366347899.0,679960578.0,4915.0,31928.0,385590635.0,533733546.0
36.3,x264,stress-ng,10,1.911430898232713,10914.099999999999,0.0006081566078841515,668280.0,891180.0,700572750.0,366517435.0,17881661.439999998,1.911430898232713,0.7498821786844408,0.0006081566078841515,1.3804425726411056,0.13419015174976773,7.247111334524899e-05,668280.0,891180.0,366517435.0,700572750.0,4333.0,32290.0,385767497.0,532529876.0
36.4,x264,stress-ng,10,1.9206624709096485,8394.5,0.0006140397274870333,651530.0,875851.0,701656435.0,365320011.0,13753548.799999999,1.9206624709096485,0.7438822356770729,0.0006140397274870333,1.5534364917059846,0.8688159677146243,9.64843061648192e-05,651530.0,875851.0,365320011.0,701656435.0,246285.0,283472.0,385420194.0,598725794.0
36.5,x264,stress-ng,10,1.891536200017449,7872.0,0.0005190325637236777,691474.0,881509.0,692554007.0,366133097.0,12897484.8,1.891536200017449,0.7844208056866124,0.0005190325637236777,1.5619388150384037,0.8776282070557733,9.491093899129197e-05,691474.0,881509.0,366133097.0,692554007.0,262675.0,299301.0,385898616.0,602750027.0
36.6,x264,stress-ng,10,1.866468352210518,7720.599999999999,0.0005595207789712258,737160.0,943144.0,687128399.0,368143611.0,12649431.04,1.866468352210518,0.7815985681931922,0.0005595207789712258,1.592775109154836,0.8878409638267634,9.761237117693869e-05,737160.0,943144.0,368143611.0,687128399.0,298604.0,336326.0,386446918.0,615523032.0
36.8,x264,stress-ng,10,1.929308896675936,7331.9,0.0005962342596327778,692081.0,911656.0,710505970.0,368269680.0,12012584.959999999,1.929308896675936,0.7591470905692498,0.0005962342596327778,1.6503783729151342,0.9018272232286958,0.00010280144723091148,692081.0,911656.0,368269680.0,710505970.0,364882.0,404603.0,386385611.0,637682456.0
36.9,x264,stress-ng,10,1.9296238239666952,8687.0,0.0006540385994288869,663511.0,902921.0,706336354.0,366048732.0,14232780.799999999,1.9296238239666952,0.7348494497303751,0.0006540385994288869,1.654843247815628,0.9086214295932478,9.938085875392641e-05,663511.0,902921.0,366048732.0,706336354.0,381094.0,419420.0,385647704.0,638186499.0
37.0,x264,stress-ng,10,1.8578324217124091,10807.0,0.0005442923312059584,702674.0,902238.0,681171584.0,366648561.0,17706188.8,1.8578324217124091,0.7788122424460064,0.0005442923312059584,1.4220463362143563,0.6875113595056344,7.134972169186303e-05,702674.0,902238.0,366648561.0,681171584.0,60523.0,88032.0,385551609.0,548272253.0
37.1,x264,stress-ng,10,1.8706988479922444,10991.400000000001,0.0005482315311646955,694022.0,895219.0,686532924.0,366992755.0,18008309.76,1.8706988479922444,0.7752538764257685,0.0005482315311646955,1.3843214924365974,0.15931017088088784,6.907918449640616e-05,694022.0,895219.0,366992755.0,686532924.0,5053.0,31718.0,386006294.0,534356809.0
37.2,x264,stress-ng,10,1.8650212152437413,10291.800000000001,0.0005697176615049755,700644.0,909750.0,684527008.0,367034435.0,16862085.12,1.8650212152437413,0.7701500412201154,0.0005697176615049755,1.389395714801034,0.14839026486204462,7.184545937085158e-05,700644.0,909750.0,367034435.0,684527008.0,4835.0,32583.0,386217866.0,536609448.0
37.3,x264,stress-ng,10,1.9744539287320064,7861.599999999999,0.0007010978682781209,650891.0,909033.0,726987642.0,368196812.0,12880445.44,1.9744539287320064,0.7160257108377803,0.0007010978682781209,1.5323631148249321,0.8604310803618946,9.499155247872675e-05,650891.0,909033.0,368196812.0,726987642.0,226345.0,263060.0,386508053.0,592270684.0
37.4,x264,stress-ng,10,1.882121010233315,7866.599999999999,0.0005345421967681774,662562.0,858039.0,688273762.0,365690494.0,12888637.44,1.882121010233315,0.7721816840493264,0.0005345421967681774,1.5663866045359263,0.8753094627959734,9.680277333033143e-05,662562.0,858039.0,365690494.0,688273762.0,261988.0,299309.0,385536475.0,603899170.0
37.5,x264,stress-ng,10,1.8802506283244622,7687.700000000001,0.000540437644738247,724865.0,921976.0,685773993.0,364724778.0,12595527.680000002,1.8802506283244622,0.7862081008616276,0.000540437644738247,1.5866102910022855,0.8833665596042382,9.83232538274073e-05,724865.0,921976.0,364724778.0,685773993.0,287133.0,325044.0,385575116.0,611757447.0
37.6,x264,stress-ng,10,2.3324197583225947,6619.2,0.001311197044348232,468485.0,934287.0,828590785.0,355249428.0,10844897.28,2.3324197583225947,0.5014358542931668,0.001311197044348232,1.6574341992936927,0.9083614044761985,9.926781996574994e-05,468485.0,934287.0,355249428.0,828590785.0,378873.0,417095.0,385039180.0,638177105.0
37.7,x264,stress-ng,10,1.915792152062966,7439.299999999999,0.0005130779632727389,596854.0,779851.0,683296188.0,356665094.0,12188549.12,1.915792152062966,0.7653436361561375,0.0005130779632727389,1.658043295864235,0.899145449740111,0.00010390528188683775,596854.0,779851.0,356665094.0,683296188.0,357217.0,397285.0,385620435.0,639375377.0
37.8,x264,stress-ng,10,1.8911994173007447,10214.9,0.0005314939429277561,663932.0,852927.0,672495404.0,355592011.0,16736092.16,1.8911994173007447,0.7784159722930567,0.0005314939429277561,1.4451417330155456,0.746385252003328,7.650506072694538e-05,663932.0,852927.0,355592011.0,672495404.0,85226.0,114185.0,378523979.0,547020799.0
37.9,x264,stress-ng,10,1.8706126096060458,10844.7,0.0005680440225306561,702193.0,909466.0,682565914.0,364888973.0,17767956.48,1.8706126096060458,0.7720937341252999,0.0005680440225306561,1.3913202121840182,0.14220882259600126,7.209687485481066e-05,702193.0,909466.0,364888973.0,682565914.0,4481.0,31510.0,374898358.0,521603663.0
38.0,x264,stress-ng,10,1.8757473078896114,10913.8,0.0005771515264774645,671468.0,876163.0,665260469.0,354664227.0,17881169.919999998,1.8757473078896114,0.7663733802956756,0.0005771515264774645,1.3888905731942678,0.13666542566393647,7.296073544882794e-05,671468.0,876163.0,354664227.0,665260469.0,4405.0,32232.0,381396923.0,529718591.0
38.3,x264,stress-ng,10,1.958166001154526,7761.800000000001,0.0006977439098765074,653132.0,901157.0,696063578.0,355467094.0,12716933.120000001,1.958166001154526,0.7247704894929519,0.0006977439098765074,1.5666688933239898,0.8736543402048365,9.607009471865076e-05,653132.0,901157.0,355467094.0,696063578.0,253690.0,290378.0,381887830.0,598291784.0
38.4,x264,stress-ng,10,1.9052551154335085,7789.700000000001,0.000539633002181065,649805.0,847309.0,697317445.0,365996889.0,12762644.48,1.9052551154335085,0.7669043996936182,0.000539633002181065,1.5845479832442675,0.880282679196139,9.903675467692797e-05,649805.0,847309.0,365996889.0,697317445.0,275782.0,313288.0,378707886.0,600080817.0
38.5,x264,stress-ng,10,1.8676089107775733,7427.5,0.0005350653617123096,721409.0,916999.0,682693467.0,365544126.0,12169216.0,1.8676089107775733,0.786706419527175,0.0005350653617123096,1.6534866171177682,0.901878866686307,0.00010124207981519395,721409.0,916999.0,365544126.0,682693467.0,355113.0,393748.0,381610098.0,630987190.0
38.6,x264,stress-ng,10,1.8908802319871583,7477.099999999999,0.0005384723476046853,691674.0,883126.0,672295994.0,355546577.0,12250480.639999999,1.8908802319871583,0.7832110027334718,0.0005384723476046853,1.6494434611756563,0.8986272049597757,0.00010168709918184135,691674.0,883126.0,355546577.0,672295994.0,340914.0,379372.0,378199401.0,623818529.0
38.7,x264,stress-ng,10,1.880721345498554,8273.8,0.0005401588222892942,678135.0,870916.0,671223586.0,356896883.0,13555793.919999998,1.880721345498554,0.7786457017668753,0.0005401588222892942,1.5036454553607546,0.8417089844240515,8.247066990579205e-05,678135.0,870916.0,356896883.0,671223586.0,167575.0,199089.0,382123730.0,574578610.0
38.8,x264,stress-ng,10,1.9511800907488945,10864.8,0.0006878544783552153,640385.0,893430.0,717791890.0,367875776.0,17800888.32,1.9511800907488945,0.7167713195213951,0.0006878544783552153,1.3867730028002216,0.1536759435285318,7.158177209343811e-05,640385.0,893430.0,367875776.0,717791890.0,4931.0,32087.0,379370323.0,526100522.0
38.9,x264,stress-ng,10,1.8470335072741233,10883.699999999999,0.0005578168188886657,675820.0,879952.0,675918386.0,365948091.0,17831854.08,1.8470335072741233,0.7680191646817099,0.0005578168188886657,1.3814898412513625,0.1424411079471913,7.07400049133634e-05,675820.0,879952.0,365948091.0,675918386.0,4402.0,30904.0,374639499.0,517560662.0
39.0,x264,stress-ng,10,1.8666596620848315,10681.5,0.0005603035165330193,724829.0,929286.0,681151596.0,364904010.0,17500569.6,1.8666596620848315,0.7799848485826752,0.0005603035165330193,1.4642755053408991,0.7999017877122753,8.424561909564575e-05,724829.0,929286.0,364904010.0,681151596.0,128685.0,160876.0,382108890.0,559512688.0
39.1,x264,stress-ng,10,1.8867188906739107,7805.4,0.0005450308029322212,702460.0,896817.0,672800549.0,356598194.0,12788367.36,1.8867188906739107,0.7832813160321448,0.0005450308029322212,1.5577150062202703,0.8781857890525597,9.635330557319564e-05,702460.0,896817.0,356598194.0,672800549.0,267801.0,304948.0,385529067.0,600544413.0
39.2,x264,stress-ng,10,1.9166678260922436,7694.2,0.0006002968576326737,680066.0,894114.0,683426724.0,356570249.0,12606177.28,1.9166678260922436,0.7606032340395072,0.0006002968576326737,1.5598113158700628,0.8769854725574283,9.592312189499148e-05,680066.0,894114.0,356570249.0,683426724.0,263806.0,300810.0,385767261.0,601724139.0
39.3,x264,stress-ng,10,1.9425581574703619,7723.6,0.0007110244842228874,637730.0,891273.0,692693478.0,356588283.0,12654346.24,1.9425581574703619,0.7155271168317676,0.0007110244842228874,1.6402048739840884,0.8987890402661083,0.00010040460434317722,637730.0,891273.0,356588283.0,692693478.0,344238.0,383002.0,386077912.0,633246873.0
39.4,x264,stress-ng,10,1.8920897979181577,7394.4,0.0005362506441982978,658483.0,849220.0,672990393.0,355686286.0,12114984.959999999,1.8920897979181577,0.7753974235180519,0.0005362506441982978,1.6580592955287405,0.8998158866431354,0.00010220075085228258,658483.0,849220.0,355686286.0,672990393.0,353840.0,393236.0,385476620.0,639143093.0
39.5,x264,stress-ng,10,1.8664874177613582,7469.5,0.0005524358984107039,729177.0,931886.0,684882715.0,366936690.0,12238028.8,1.8664874177613582,0.7824744657608335,0.0005524358984107039,1.5589108715792026,0.8717144254133823,8.973615373583455e-05,729177.0,931886.0,366936690.0,684882715.0,235335.0,269968.0,385942550.0,601650037.0
39.6,x264,stress-ng,10,1.8680093468107561,9804.4,0.0005654833419439878,696555.0,903268.0,682852681.0,365550998.0,16063528.959999999,1.8680093468107561,0.7711498691418273,0.0005654833419439878,1.3814065790629768,0.15318335631031457,7.00406377195011e-05,696555.0,903268.0,365550998.0,682852681.0,4889.0,31916.0,385875984.0,533051623.0
39.9,x264,stress-ng,10,1.8951982979012325,9363.300000000001,0.0006157271804697922,644376.0,870185.0,695036448.0,366735475.0,15340830.72,1.8951982979012325,0.7405046053425421,0.0006157271804697922,1.4412394841108565,0.7673286345434933,8.161003705864803e-05,644376.0,870185.0,366735475.0,695036448.0,103861.0,135354.0,385896161.0,556168784.0
40.0,x264,stress-ng,10,1.873422824685118,7864.8,0.0005456135408020132,724300.0,924965.0,689004878.0,367778629.0,12885688.32,1.873422824685118,0.7830566561978021,0.0005456135408020132,1.5606592240327248,0.873228604101239,9.732557221135585e-05,724300.0,924965.0,367778629.0,689004878.0,258866.0,296447.0,386136954.0,602628199.0
40.1,x264,stress-ng,10,1.8684378572164846,7792.7,0.0005422503935043298,740420.0,938785.0,683508357.0,365818084.0,12767559.68,1.8684378572164846,0.7887002881383917,0.0005422503935043298,1.5595192238000344,0.8752010336444467,9.519404571203345e-05,740420.0,938785.0,365818084.0,683508357.0,257401.0,294105.0,385570334.0,601304348.0
40.2,x264,stress-ng,10,1.9269220085782146,7461.599999999999,0.0005918007467790377,695215.0,912211.0,706545861.0,366670710.0,12225085.44,1.9269220085782146,0.762120825116119,0.0005918007467790377,1.6229412126105867,0.9001163551741691,9.971229303593254e-05,695215.0,912211.0,366670710.0,706545861.0,346570.0,385028.0,385689656.0,625951638.0
40.3,x264,stress-ng,10,1.9133063755202409,7350.799999999999,0.0006349751319004854,669134.0,901862.0,701255756.0,366515141.0,12043550.719999999,1.9133063755202409,0.7419472158711643,0.0006349751319004854,1.6434867824384378,0.9046414082038872,0.00010069202605350781,669134.0,901862.0,366515141.0,701255756.0,368588.0,407441.0,385859750.0,634155399.0
40.4,x264,stress-ng,10,1.876832794457228,7689.9,0.0005253294864161004,710074.0,902284.0,686704327.0,365884659.0,12599132.16,1.876832794457228,0.7869739461189603,0.0005253294864161004,1.5811967975568455,0.88749125588022,9.092969568630163e-05,710074.0,902284.0,365884659.0,686704327.0,276576.0,311638.0,385594604.0,609700953.0
40.5,x264,stress-ng,10,1.8564750032897916,10804.199999999999,0.0005489489976419717,699223.0,900524.0,680774127.0,366702555.0,17701601.279999997,1.8564750032897916,0.7764623707974468,0.0005489489976419717,1.3836344165382166,0.18463200123437742,6.848224372857499e-05,699223.0,900524.0,366702555.0,680774127.0,5983.0,32405.0,385822639.0,533837482.0
40.6,x264,stress-ng,10,1.8901709247683103,11024.6,0.0005792719690776713,694947.0,906584.0,690573902.0,365349976.0,18062704.64,1.8901709247683103,0.7665555535945925,0.0005792719690776713,1.3849988340628017,0.16124969279921356,7.085624084916291e-05,694947.0,906584.0,365349976.0,690573902.0,5249.0,32552.0,385329502.0,533680911.0
40.7,x264,stress-ng,10,2.2856483935270937,10364.5,0.001310964055425564,381271.0,863867.0,841399707.0,368122984.0,16981196.8,2.2856483935270937,0.4413538195115683,0.001310964055425564,1.4133470452202976,0.6941720340743819,7.62991550353889e-05,381271.0,863867.0,368122984.0,841399707.0,66821.0,96260.0,385836514.0,545320897.0
40.8,x264,stress-ng,10,1.8837123456844296,8122.7,0.0005362658087917243,703452.0,900336.0,691583941.0,367138827.0,13308231.68,1.8837123456844296,0.7813216399210962,0.0005362658087917243,1.5610739745643842,0.8787623720220354,9.598512878494858e-05,703452.0,900336.0,367138827.0,691583941.0,268309.0,305326.0,385653491.0,602033628.0
40.9,x264,stress-ng,10,1.8886218019257055,7720.299999999999,0.0005690021408680038,711429.0,920524.0,694024411.0,367476649.0,12648939.52,1.8886218019257055,0.7728522015721481,0.0005690021408680038,1.562222411618571,0.8786453832482758,9.649481508134145e-05,711429.0,920524.0,367476649.0,694024411.0,269441.0,306655.0,385658027.0,602483613.0
41.0,x264,stress-ng,10,1.9381798849441532,7741.4,0.0006827725627291761,647293.0,898076.0,711895282.0,367300934.0,12683509.76,1.9381798849441532,0.7207552590203947,0.0006827725627291761,1.614329522277536,0.899201129704763,9.776154694174019e-05,647293.0,898076.0,367300934.0,711895282.0,336214.0,373903.0,385519677.0,622355796.0
41.2,x264,stress-ng,10,1.8808222010099176,7503.099999999999,0.0005298329677853284,709108.0,903586.0,690365761.0,367055302.0,12293079.04,1.8808222010099176,0.7847709017182648,0.0005298329677853284,1.6521178737626572,0.8997707139134966,9.969144115080351e-05,709108.0,903586.0,367055302.0,690365761.0,345332.0,383800.0,385870638.0,637503778.0
41.3,x264,stress-ng,10,1.8931063397520014,8729.4,0.0005442750359160674,709628.0,908112.0,690370298.0,364675921.0,14302248.959999999,1.8931063397520014,0.7814322462427542,0.0005442750359160674,1.6214095154711696,0.8960772302386787,9.509063113640159e-05,709628.0,908112.0,364675921.0,690370298.0,315964.0,352608.0,385358679.0,624824229.0
41.4,x264,stress-ng,10,1.8800126271744986,10933.099999999999,0.0005709067605287909,697730.0,907254.0,689968648.0,367002135.0,17912791.04,1.8800126271744986,0.7690569564862761,0.0005709067605287909,1.3812269189841797,0.1909208579881657,6.802152055503447e-05,697730.0,907254.0,367002135.0,689968648.0,6195.0,32448.0,385951384.0,533086441.0
41.5,x264,stress-ng,10,1.9279931457321158,10803.199999999999,0.0006773620049558953,668210.0,916048.0,705427765.0,365887071.0,17699962.88,1.9279931457321158,0.7294486751785932,0.0006773620049558953,1.3784919715027741,0.15244833712558054,7.058081150168625e-05,668210.0,916048.0,365887071.0,705427765.0,4891.0,32083.0,385260518.0,531078531.0
41.6,x264,stress-ng,10,1.8901693566221658,10155.6,0.0006200454201498365,634823.0,861624.0,691388544.0,365781268.0,16638935.040000001,1.8901693566221658,0.7367749737704614,0.0006200454201498365,1.403568535119664,0.5802730557365398,7.356208163982883e-05,634823.0,861624.0,365781268.0,691388544.0,39187.0,67532.0,385320798.0,540824148.0
41.7,x264,stress-ng,10,1.8882121613466476,7781.700000000001,0.0005542397375390148,692130.0,896105.0,694912417.0,368026661.0,12749537.280000001,1.8882121613466476,0.7723760050440518,0.0005542397375390148,1.562243636087954,0.8747173239782216,9.78456312500554e-05,692130.0,896105.0,368026661.0,694912417.0,263799.0,301582.0,386149075.0,603258935.0
41.8,x264,stress-ng,10,1.879735962154571,7800.4,0.0005575119016659952,662595.0,867657.0,691397645.0,367816363.0,12780175.36,1.879735962154571,0.7636600638270653,0.0005575119016659952,1.5574677550504505,0.8778639659798579,9.516773777522877e-05,662595.0,867657.0,367816363.0,691397645.0,264029.0,300763.0,385992153.0,601170332.0
41.9,x264,stress-ng,10,1.866421051732181,7681.5,0.0005516530604073689,732104.0,935287.0,687433925.0,368316637.0,12585369.6,1.866421051732181,0.7827586612451579,0.0005516530604073689,1.6044321867698184,0.8915955559491603,9.831392244815083e-05,732104.0,935287.0,368316637.0,687433925.0,312095.0,350041.0,385967715.0,619259025.0
42.0,x264,stress-ng,10,1.9566796687361772,7273.9,0.0006551048675540171,686902.0,927848.0,719662092.0,367797603.0,11917557.76,1.9566796687361772,0.7403173795707918,0.0006551048675540171,1.6510220846726051,0.9024199570906566,0.00010120608175371279,686902.0,927848.0,367797603.0,719662092.0,361310.0,400379.0,386034113.0,637350846.0
42.1,x264,stress-ng,10,1.8077295356697507,6946.700000000001,0.0002733911937456833,747908.0,848221.0,663294126.0,366921109.0,11381473.280000001,1.8077295356697507,0.8817371887750952,0.0002733911937456833,1.6551156012277624,0.8965852567752739,0.00010310173934368487,747908.0,848221.0,366921109.0,663294126.0,344824.0,384597.0,385764588.0,638484988.0
42.2,x264,stress-ng,10,1.8282626134927091,9819.0,0.00040888002659482327,787639.0,937301.0,669197372.0,366029129.0,16087449.6,1.8282626134927091,0.840326640001451,0.00040888002659482327,1.3986708716355052,0.19563700932208763,6.70404588032509e-05,787639.0,937301.0,366029129.0,669197372.0,6170.0,31538.0,378398365.0,529254771.0
42.3,x264,stress-ng,10,1.7425878951938742,10358.0,0.00044768393321312276,695760.0,858130.0,632017313.0,362688915.0,16970547.2,1.7425878951938742,0.8107862445084079,0.00044768393321312276,1.3979897461505857,0.15068407571687387,7.115008201518888e-05,695760.0,858130.0,362688915.0,632017313.0,4824.0,32014.0,382149946.0,534241706.0
42.4,x264,stress-ng,10,0.6811995357074585,12278.199999999999,0.000366555828594835,301782.0,435561.0,248612041.0,364962141.0,20116602.88,0.6811995357074585,0.6928581760074938,0.000366555828594835,1.3113593123537541,0.17868574656373565,6.777918995358055e-05,301782.0,435561.0,364962141.0,248612041.0,5694.0,31866.0,386136217.0,506363324.0
42.6,x264,stress-ng,10,2.590121817196398,7274.1,0.001899085518801143,319176.0,1012983.0,946268417.0,365337418.0,11917885.440000001,2.590121817196398,0.3150852482223295,0.001899085518801143,1.5566921709625527,0.8789237356707031,9.296099852436111e-05,319176.0,1012983.0,365337418.0,946268417.0,253094.0,287959.0,375049758.0,583837022.0
42.7,x264,stress-ng,10,1.8784944164810637,7833.199999999999,0.0008107792735633576,409769.0,706787.0,688160974.0,366336449.0,12833914.879999999,1.8784944164810637,0.5797630686472728,0.0008107792735633576,1.5500609496423952,0.8863059649890168,9.17049534825839e-05,409769.0,706787.0,366336449.0,688160974.0,275580.0,310931.0,385486265.0,597527206.0
42.8,x264,stress-ng,10,1.8768331270287577,7430.900000000001,0.0005989903815979609,704031.0,924120.0,689610950.0,367433279.0,12174786.56,1.8768331270287577,0.7618393715101934,0.0005989903815979609,1.5912296380711848,0.8850407789358873,9.72482490617593e-05,704031.0,924120.0,367433279.0,689610950.0,288872.0,326394.0,385837281.0,613955717.0
42.9,x264,stress-ng,10,1.930112315901049,7295.4,0.0005541684199225598,685808.0,889250.0,708567821.0,367112222.0,11952783.36,1.930112315901049,0.7712206915940399,0.0005541684199225598,1.648970003522583,0.9023713956403931,0.00010012935078944228,685808.0,889250.0,367112222.0,708567821.0,357007.0,395632.0,385751028.0,636091874.0
43.0,x264,stress-ng,10,1.9412398361704812,7965.400000000001,0.0006609094426090076,666294.0,909435.0,714159860.0,367888525.0,13050511.360000001,1.9412398361704812,0.7326460934536279,0.0006609094426090076,1.6472010107461734,0.9057656082636691,9.924479946034897e-05,666294.0,909435.0,367888525.0,714159860.0,367845.0,406115.0,385612145.0,635180715.0
43.1,x264,stress-ng,10,1.8796808451257037,10842.4,0.0005211358306481855,670472.0,861931.0,690572004.0,367387903.0,17764188.16,1.8796808451257037,0.7778720106365823,0.0005211358306481855,1.4415793269287265,0.7394860234445446,7.486342840002344e-05,670472.0,861931.0,367387903.0,690572004.0,82009.0,110900.0,385916069.0,556328627.0
43.3,x264,stress-ng,10,1.8725735875664977,10777.2,0.0005459215037122146,712741.0,912794.0,686204814.0,366450119.0,17657364.48,1.8725735875664977,0.7808344489556241,0.0005459215037122146,1.3890507684197824,0.1441390562248996,7.071969982533676e-05,712741.0,912794.0,366450119.0,686204814.0,4594.0,31872.0,385719963.0,535784611.0
43.4,x264,stress-ng,10,1.9252291071441119,10821.5,0.0006186237742512623,692177.0,918341.0,703848662.0,365592157.0,17729945.6,1.9252291071441119,0.7537254679906483,0.0006186237742512623,1.5266897290105017,0.8539001388990424,9.334128474904886e-05,692177.0,918341.0,365592157.0,703848662.0,210249.0,246222.0,385392167.0,588374263.0
43.5,x264,stress-ng,10,1.937380898266591,7882.6,0.0006956334298511172,654865.0,909061.0,707951133.0,365416596.0,12914851.84,1.937380898266591,0.7203752003440913,0.0006956334298511172,1.5566128022144636,0.879059916283832,9.380378129958647e-05,654865.0,909061.0,365416596.0,707951133.0,262722.0,298867.0,385325618.0,599802790.0
43.6,x264,stress-ng,10,1.8913742155071478,7729.299999999999,0.0005103455202605119,683827.0,870968.0,693556910.0,366694705.0,12663685.12,1.8913742155071478,0.7851344710712679,0.0005103455202605119,1.5728554862678146,0.8849559462396913,9.522978354337609e-05,683827.0,870968.0,366694705.0,693556910.0,282539.0,319269.0,385698661.0,606648255.0
43.7,x264,stress-ng,10,1.8839077821877712,7685.900000000001,0.0005392349853887759,742498.0,939828.0,689405422.0,365944357.0,12592578.56,1.8839077821877712,0.7900360491494188,0.0005392349853887759,1.6370744634292997,0.900877169595009,9.912151167423876e-05,742498.0,939828.0,365944357.0,689405422.0,337892.0,375070.0,375074990.0,614025688.0
43.8,x264,stress-ng,10,1.8964672184705367,7470.0,0.000551320862564748,689112.0,885819.0,676644768.0,356792230.0,12238848.0,1.8964672184705367,0.7779377051067995,0.000551320862564748,1.6543505766250537,0.9034817472040515,0.00010090907293903696,689112.0,885819.0,356792230.0,676644768.0,363936.0,402815.0,385287456.0,637400525.0
44.0,x264,stress-ng,10,1.9154734031320073,9405.9,0.0006022834819198305,681070.0,902493.0,704203054.0,367639171.0,15410626.56,1.9154734031320073,0.7546540527184145,0.0006022834819198305,1.4823408973055687,0.8220863953269267,7.835102821228525e-05,681070.0,902493.0,367639171.0,704203054.0,139610.0,169824.0,385623529.0,571625528.0
44.1,x264,stress-ng,10,1.9142994452908635,10861.6,0.0006690288072408548,647567.0,893190.0,702803777.0,367133668.0,17795645.44,1.9142994452908635,0.7250047582261333,0.0006690288072408548,1.3871725981221485,0.15928587255864013,6.879327463229465e-05,647567.0,893190.0,367133668.0,702803777.0,5032.0,31591.0,386069716.0,535545331.0
44.2,x264,stress-ng,10,1.8786815053851724,10811.800000000001,0.0005425926812643872,664358.0,861994.0,684298021.0,364243763.0,17714053.12,1.8786815053851724,0.7707223020113829,0.0005425926812643872,1.3897855618815462,0.13745780357762563,7.097328363638986e-05,664358.0,861994.0,364243763.0,684298021.0,4357.0,31697.0,385215374.0,535366765.0
44.3,x264,stress-ng,10,1.8811216743737333,9511.3,0.0005325186413980139,707645.0,902485.0,688272144.0,365883905.0,15583313.92,1.8811216743737333,0.784107215078367,0.0005325186413980139,1.48925161103277,0.8329219755187864,8.645342607339895e-05,707645.0,902485.0,365883905.0,688272144.0,166372.0,199745.0,386022874.0,574885187.0
44.4,x264,stress-ng,10,1.9066932848393328,7707.9,0.0005204959129369531,711507.0,901667.0,696598736.0,365343887.0,12628623.36,1.9066932848393328,0.7891017415520364,0.0005204959129369531,1.5644768650785188,0.8732514200484315,9.543620964225984e-05,711507.0,901667.0,365343887.0,696598736.0,253511.0,290307.0,385555966.0,603193389.0
44.5,x264,stress-ng,10,1.9546151568016163,7823.0,0.0006755735327460084,684439.0,931396.0,714512739.0,365551621.0,12817203.2,1.9546151568016163,0.7348528445473247,0.0006755735327460084,1.5693083689508878,0.8803502517189367,9.509720307884724e-05,684439.0,931396.0,365551621.0,714512739.0,269646.0,306294.0,385374110.0,604770816.0
44.6,x264,stress-ng,10,1.9193030385712244,7549.299999999999,0.0005775014178891251,665415.0,875745.0,699023406.0,364206898.0,12368773.12,1.9193030385712244,0.7598273470016957,0.0005775014178891251,1.6445441386740023,0.9027338755050892,9.864426269660443e-05,665415.0,875745.0,364206898.0,699023406.0,352987.0,391020.0,385557142.0,634065738.0
44.7,x264,stress-ng,10,1.9041378934384998,7344.400000000001,0.00048430602430274156,719338.0,896388.0,696104523.0,365574639.0,12033064.96,1.9041378934384998,0.8024850845839079,0.00048430602430274156,1.6522564043506287,0.903276925833952,9.802558298290201e-05,719338.0,896388.0,365574639.0,696104523.0,352829.0,390610.0,385419794.0,636812323.0
44.8,x264,stress-ng,10,1.883097821526293,7518.8,0.0005659303034367398,710767.0,916769.0,685458819.0,364005954.0,12318801.92,1.883097821526293,0.7752956306332348,0.0005659303034367398,1.517788567072024,0.843222210641772,8.194393031510369e-05,710767.0,916769.0,364005954.0,685458819.0,169900.0,201489.0,385495300.0,585100359.0
44.9,x264,stress-ng,10,1.8826850789573815,10837.6,0.0005574640048260878,693653.0,897226.0,687513178.0,365176941.0,17756323.84,1.8826850789573815,0.7731084475929142,0.0005574640048260878,1.3914346692682755,0.15985501812273467,6.974524408275232e-05,693653.0,897226.0,365176941.0,687513178.0,5116.0,32004.0,385517326.0,536422173.0
45.0,x264,stress-ng,10,1.9541013365562132,10905.599999999999,0.0006913888191733637,648407.0,901700.0,715892673.0,366353914.0,17867735.04,1.9541013365562132,0.7190939336808251,0.0006913888191733637,1.3885417069527157,0.1523723480482258,7.058349294088802e-05,648407.0,901700.0,366353914.0,715892673.0,4891.0,32099.0,385472564.0,535244732.0
45.1,x264,stress-ng,10,1.9043335685806246,10852.8,0.0005690498676790306,651072.0,859468.0,697400212.0,366217465.0,17781227.52,1.9043335685806246,0.7575290761261617,0.0005690498676790306,1.4806923782892871,0.8107554969883909,8.414885201816123e-05,651072.0,859468.0,366217465.0,697400212.0,139047.0,171503.0,385697478.0,571099316.0
45.3,x264,stress-ng,10,1.892685925281494,7723.3,0.0005310432269679408,700825.0,894850.0,691522588.0,365365737.0,12653854.72,1.892685925281494,0.7831759512767503,0.0005310432269679408,1.568907913694552,0.8751737936179592,9.550942176315361e-05,700825.0,894850.0,365365737.0,691522588.0,258080.0,294890.0,385407003.0,604668097.0
45.4,x264,stress-ng,10,1.8927592426917834,7652.800000000001,0.0005160182118782098,707938.0,897196.0,694199973.0,366766125.0,12538347.520000001,1.8927592426917834,0.7890561259747034,0.0005160182118782098,1.5603018177777193,0.8785739042971803,9.262284925753625e-05,707938.0,897196.0,366766125.0,694199973.0,258552.0,294286.0,385801131.0,601966206.0
45.5,x264,stress-ng,10,1.8963542191596359,7375.299999999999,0.0005074775098476914,713269.0,898795.0,693278039.0,365584674.0,12083691.52,1.8963542191596359,0.7935836314176202,0.0005074775098476914,1.646730901043113,0.9013451266078754,9.740545508145729e-05,713269.0,898795.0,365584674.0,693278039.0,343216.0,380782.0,385666285.0,635088589.0
45.6,x264,stress-ng,10,1.983565278968015,7440.9,0.0007139985907841183,668296.0,929241.0,724933422.0,365469909.0,12191170.559999999,1.983565278968015,0.7191847970548007,0.0007139985907841183,1.659108196764415,0.9016436238817852,9.87109396164718e-05,668296.0,929241.0,365469909.0,724933422.0,348836.0,386889.0,385499319.0,639585080.0
45.7,x264,stress-ng,10,2.1673836203627195,8597.2,0.001070392397949578,558678.0,950078.0,792526134.0,365660295.0,14085652.48,2.1673836203627195,0.5880338245912441,0.001070392397949578,1.5310188622286864,0.860963979609956,8.330961826164271e-05,558678.0,950078.0,365660295.0,792526134.0,198794.0,230897.0,385345662.0,589971477.0
45.8,x264,stress-ng,10,1.9610992838129997,10654.5,0.0006305470843533856,554644.0,785433.0,717789605.0,366013904.0,17456332.8,1.9610992838129997,0.706163351934538,0.0006305470843533856,1.3894230039711357,0.14496857302881325,7.122761345192282e-05,554644.0,785433.0,366013904.0,717789605.0,4659.0,32138.0,385791390.0,536027432.0
45.9,x264,stress-ng,10,1.912194178274295,10961.199999999999,0.0005816201196878744,668266.0,880342.0,697242889.0,364629752.0,17958830.08,1.912194178274295,0.7590981686662683,0.0005816201196878744,1.386242816676269,0.16914113332544659,7.287484854629541e-05,668266.0,880342.0,364629752.0,697242889.0,5719.0,33812.0,385496513.0,534391772.0
46.0,x264,stress-ng,10,1.9221289733935039,10001.0,0.0007163660771572021,649205.0,911060.0,702600386.0,365532384.0,16385638.4,1.9221289733935039,0.7125820472855794,0.0007163660771572021,1.461604554291728,0.7992998611137535,8.207054809936547e-05,649205.0,911060.0,365532384.0,702600386.0,126036.0,157683.0,385607270.0,563605342.0
46.1,x264,stress-ng,10,1.8868569103059747,7680.1,0.0005220350809795532,690759.0,882546.0,693199824.0,367383356.0,12583075.84,1.8868569103059747,0.7826889476582524,0.0005220350809795532,1.5593781945396097,0.8748992940341103,9.4980557210906e-05,690759.0,882546.0,367383356.0,693199824.0,256286.0,292932.0,385826332.0,601649169.0
46.2,x264,stress-ng,10,1.8918947423521069,7693.9,0.0004986162649595648,709424.0,892315.0,693941505.0,366797100.0,12605685.76,1.8918947423521069,0.7950376268470215,0.0004986162649595648,1.558461406956885,0.8812112423821233,9.214676219194481e-05,709424.0,892315.0,366797100.0,693941505.0,263743.0,299296.0,385830160.0,601301414.0
46.3,x264,stress-ng,10,1.8904687258867796,7614.9,0.0005170170352209754,725793.0,915377.0,693212406.0,366688111.0,12476252.16,1.8904687258867796,0.7928897055530126,0.0005170170352209754,1.6345289611038716,0.9014629348635024,9.70791829996282e-05,725793.0,915377.0,366688111.0,693212406.0,342793.0,380263.0,385973582.0,630884998.0
46.4,x264,stress-ng,10,1.973235461735589,7386.0999999999985,0.0006801039053766171,661595.0,911721.0,725708953.0,367776156.0,12101386.239999998,1.973235461735589,0.7256551072093327,0.0006801039053766171,1.6569074983631238,0.9078721420861544,9.726760445414718e-05,661595.0,911721.0,367776156.0,725708953.0,370085.0,407640.0,386099773.0,639731609.0
46.5,x264,stress-ng,10,1.8828383407102274,7467.7,0.0005139886616308832,671217.0,859901.0,691185421.0,367097592.0,12235079.68,1.8828383407102274,0.7805747405806017,0.0005139886616308832,1.5609409249558293,0.879589957734328,8.614843647395541e-05,671217.0,859901.0,367097592.0,691185421.0,242656.0,275874.0,385590283.0,601883653.0
46.7,x264,stress-ng,10,1.8746475977720702,10891.199999999999,0.000529147968063094,696704.0,889927.0,684543936.0,365158730.0,17844142.08,1.8746475977720702,0.7828776967099549,0.000529147968063094,1.3863729474457798,0.1621672349610536,6.937873602019635e-05,696704.0,889927.0,365158730.0,684543936.0,5184.0,31967.0,386040472.0,535196067.0
46.8,x264,stress-ng,10,1.8683343392822689,10908.5,0.0005471362993712791,704325.0,904223.0,682601937.0,365353204.0,17872486.4,1.8683343392822689,0.7789284280536991,0.0005471362993712791,1.3900371092231711,0.14348152255455168,7.002701231999948e-05,704325.0,904223.0,365353204.0,682601937.0,4399.0,30659.0,374998149.0,521261343.0
46.9,x264,stress-ng,10,1.8861967145857375,8591.0,0.0005707862364150679,679693.0,882531.0,670290110.0,355365962.0,14075494.4,1.8861967145857375,0.7701633143764921,0.0005707862364150679,1.4384927310515248,0.7352079370791138,8.027857084880772e-05,679693.0,882531.0,355365962.0,670290110.0,85812.0,116718.0,384984432.0,553797307.0
47.0,x264,stress-ng,10,1.9735738379061798,7713.099999999999,0.000667441428465657,664593.0,907996.0,719724267.0,364680689.0,12637143.04,1.9735738379061798,0.7319338411182428,0.000667441428465657,1.5652450852961866,0.8825695474536134,9.36079359387115e-05,664593.0,907996.0,364680689.0,719724267.0,271316.0,307416.0,385651063.0,603638431.0
47.1,x264,stress-ng,10,1.9072027085145087,7862.3,0.0005994781755613108,661896.0,880866.0,696639501.0,365267676.0,12881592.32,1.9072027085145087,0.7514150847007377,0.0005994781755613108,1.570399693045267,0.8825443035501456,9.35286735695006e-05,661896.0,880866.0,365267676.0,696639501.0,271017.0,307086.0,385646440.0,605619051.0
47.2,x264,stress-ng,10,1.8914174827202261,7372.4,0.0005188338834706201,713499.0,903292.0,691893513.0,365806872.0,12078940.16,1.8914174827202261,0.789887433963768,0.0005188338834706201,1.6314054277478356,0.9011325768534293,9.578004533514424e-05,713499.0,903292.0,365806872.0,691893513.0,336400.0,373308.0,385341225.0,628647766.0
47.3,x264,stress-ng,10,1.8792142906629175,7364.6,0.0005403949540615354,736019.0,933696.0,687418416.0,365800973.0,12066160.64,1.8792142906629175,0.7882854804990062,0.0005403949540615354,1.6591419014522888,0.9022265892572648,9.883818566816066e-05,736019.0,933696.0,365800973.0,687418416.0,351678.0,389789.0,385589838.0,639748257.0
47.4,x264,stress-ng,10,1.9467758733417093,8655.9,0.0006346129445527151,672744.0,905096.0,712776617.0,366131832.0,14181826.56,1.9467758733417093,0.743284690242803,0.0006346129445527151,1.5939766837291875,0.8871642118225807,9.078378767443546e-05,672744.0,905096.0,366131832.0,712776617.0,275201.0,310203.0,385553422.0,614563165.0
47.5,x264,stress-ng,10,1.893444141815578,10950.8,0.0006274468228320841,636912.0,866448.0,692670006.0,365825424.0,17941790.72,1.893444141815578,0.7350839288682067,0.0006274468228320841,1.389010662262444,0.15585807020860906,6.950900080064052e-05,636912.0,866448.0,365825424.0,692670006.0,4946.0,31734.0,385388938.0,535309344.0
47.6,x264,stress-ng,10,1.871204660894989,10871.7,0.0005307974498413139,685034.0,879051.0,683962432.0,365519842.0,17812193.28,1.871204660894989,0.7792881186643323,0.0005307974498413139,1.3862245210620763,0.1377531524646542,7.020583225812125e-05,685034.0,879051.0,365519842.0,683962432.0,4326.0,31404.0,385694452.0,534659107.0
47.7,x264,stress-ng,10,1.8745423359844209,10293.2,0.0005376947693516734,701782.0,898223.0,684843878.0,365339243.0,16864378.880000003,1.8745423359844209,0.781300412035764,0.0005376947693516734,1.4308990418510223,0.6969064011437495,7.749904615012974e-05,701782.0,898223.0,365339243.0,684843878.0,68731.0,98623.0,385707973.0,551909169.0
47.8,x264,stress-ng,10,1.913202285362261,7824.099999999999,0.0005820803628476402,717844.0,931581.0,702518317.0,367195002.0,12819005.44,1.913202285362261,0.7705653077939546,0.0005820803628476402,1.562841540039157,0.8796640652069893,9.45098236308708e-05,717844.0,931581.0,367195002.0,702518317.0,266569.0,303035.0,385843488.0,603012231.0
47.9,x264,stress-ng,10,1.9341390792287732,7735.599999999999,0.0006561351570991178,655665.0,896197.0,709034314.0,366589105.0,12674007.04,1.9341390792287732,0.7316081174116852,0.0006561351570991178,1.566223793614995,0.8800560639788936,9.427686131109272e-05,655665.0,896197.0,366589105.0,709034314.0,266855.0,303225.0,385778647.0,604215696.0
48.1,x264,stress-ng,10,1.8863332620351525,7344.8,0.000536651187204051,693786.0,890809.0,692537438.0,367134192.0,12033720.32,1.8863332620351525,0.7788268865716445,0.000536651187204051,1.6198781282589256,0.8995355540023047,9.657051102983647e-05,693786.0,890809.0,367134192.0,692537438.0,333322.0,370549.0,385490349.0,624447385.0
48.2,x264,stress-ng,10,1.8862071156400455,7398.099999999999,0.0005594926318169573,728009.0,932783.0,690350782.0,365999458.0,12121047.04,1.8862071156400455,0.7804698413242952,0.0005594926318169573,1.6558314118079414,0.9043380193956261,9.874744955789397e-05,728009.0,932783.0,365999458.0,690350782.0,360045.0,398131.0,385690974.0,638639230.0
48.4,x264,stress-ng,10,1.9447433836898727,10199.0,0.0007107494866180453,636058.0,896971.0,713906714.0,367095587.0,16710041.6,1.9447433836898727,0.7091176860790371,0.0007107494866180453,1.3854243641805473,0.15669848896756655,6.922596883886833e-05,636058.0,896971.0,367095587.0,713906714.0,4957.0,31634.0,385361165.0,533888747.0
48.5,x264,stress-ng,10,1.867365111359069,10415.2,0.0005517671477826608,659344.0,862139.0,686326305.0,367537286.0,17064263.68,1.867365111359069,0.7647769095238702,0.0005517671477826608,1.3891863174536516,0.13244438944404913,7.270426414294528e-05,659344.0,862139.0,367537286.0,686326305.0,4281.0,32323.0,385699523.0,535808500.0
48.6,x264,stress-ng,10,1.8695678064456263,10974.8,0.000541880574819846,710893.0,908642.0,682263180.0,364930963.0,17981112.32,1.8695678064456263,0.7823686336312872,0.000541880574819846,1.4241974133259052,0.6323467230443974,7.667555143073498e-05,710893.0,908642.0,364930963.0,682263180.0,50847.0,80410.0,385559666.0,549113079.0
48.7,x264,stress-ng,10,1.8847107672246037,9130.5,0.0005523913671024079,711905.0,914634.0,691693520.0,367002477.0,14959411.2,1.8847107672246037,0.7783495912026013,0.0005523913671024079,1.5601469197907538,0.8813542410958551,9.562977356665839e-05,711905.0,914634.0,367002477.0,691693520.0,273835.0,310698.0,385476182.0,601399478.0
48.8,x264,stress-ng,10,2.339102699558862,7568.3,0.0012740676081899628,390312.0,858887.0,860272281.0,367778756.0,12399902.72,2.339102699558862,0.4544392917811074,0.0012740676081899628,1.5692091753406692,0.890362076248479,9.013884834771659e-05,390312.0,858887.0,367778756.0,860272281.0,282446.0,317226.0,385849172.0,605478061.0
48.9,x264,stress-ng,10,1.8810852808125171,7232.5,0.0005188635788709288,699303.0,889867.0,690869720.0,367271876.0,11849728.0,1.8810852808125171,0.7858511440473689,0.0005188635788709288,1.6102735646439257,0.898503907869439,9.462576351004049e-05,699303.0,889867.0,367271876.0,690869720.0,322925.0,359403.0,385497550.0,620756514.0
49.0,x264,stress-ng,10,1.888329454418689,7514.099999999999,0.0005315660092096815,727019.0,922003.0,692659094.0,366810512.0,12311101.44,1.888329454418689,0.7885212954838542,0.0005315660092096815,1.646243056337492,0.9042869458449803,9.50530141595394e-05,727019.0,922003.0,366810512.0,692659094.0,346152.0,382790.0,385448061.0,634541194.0
49.1,x264,stress-ng,10,1.9442384191946023,7366.4,0.0006216018673666341,692778.0,920979.0,713764187.0,367117623.0,12069109.76,1.9442384191946023,0.7522191059731004,0.0006216018673666341,1.6327143487649607,0.9028552727584875,9.38522154718116e-05,692778.0,920979.0,367117623.0,713764187.0,336570.0,372784.0,385861962.0,630002362.0
49.2,x264,stress-ng,10,1.893525897389601,8090.300000000001,0.0006068073389701235,651891.0,873194.0,690570029.0,364700599.0,13255147.520000001,1.893525897389601,0.7465591838697929,0.0006068073389701235,1.3907306574482143,0.19179704544037898,6.729890927859445e-05,651891.0,873194.0,364700599.0,690570029.0,6154.0,32086.0,385325710.0,535884278.0
49.4,x264,stress-ng,10,1.8762247847392537,10967.0,0.0005712442562131035,694994.0,903873.0,686053212.0,365656193.0,17968332.8,1.8762247847392537,0.7689066937501176,0.0005712442562131035,1.3934060077613404,0.14104640298972282,7.155763662132886e-05,694994.0,903873.0,365656193.0,686053212.0,4529.0,32110.0,385437548.0,537070995.0
49.5,x264,stress-ng,10,1.8681611501188393,10686.999999999998,0.0005705292262849283,695118.0,904555.0,685787947.0,367092500.0,17509580.799999997,1.8681611501188393,0.7684640513843823,0.0005705292262849283,1.3964031150749652,0.4552159367396594,7.433585729333075e-05,695118.0,904555.0,367092500.0,685787947.0,23948.0,52608.0,385547447.0,538379656.0
49.6,x264,stress-ng,10,1.8894619801308865,7824.099999999999,0.0005197034900141635,715745.0,905821.0,691050536.0,365739318.0,12819005.44,1.8894619801308865,0.7901616323754914,0.0005197034900141635,1.5651418205657626,0.8748380489581865,9.45098229220414e-05,715745.0,905821.0,365739318.0,691050536.0,254563.0,290983.0,385356769.0,603137995.0
49.7,x264,stress-ng,10,1.9520086887121082,7826.1,0.0007000638518333351,659618.0,915413.0,713240744.0,365388099.0,12822282.24,1.9520086887121082,0.720568748750564,0.0007000638518333351,1.56583025130964,0.8812645925412754,9.243121754502102e-05,659618.0,915413.0,365388099.0,713240744.0,264590.0,300239.0,385681385.0,603911580.0
49.8,x264,stress-ng,10,1.892077616740431,7628.8,0.0005072260760579701,668274.0,854183.0,693486148.0,366520983.0,12499025.92,1.892077616740431,0.7823546008290964,0.0005072260760579701,1.6094704543867702,0.8914843627937964,9.551394351914464e-05,668274.0,854183.0,366520983.0,693486148.0,302412.0,339223.0,385399227.0,620288669.0
49.9,x264,stress-ng,10,1.8780560397960924,7332.9,0.000518496134624156,734984.0,923769.0,683802223.0,364101075.0,12014223.36,1.8780560397960924,0.7956361384718474,0.000518496134624156,1.6575540429858773,0.900050031302307,9.902723859465902e-05,734984.0,923769.0,364101075.0,683802223.0,343604.0,381761.0,385318227.0,638685785.0
50.0,x264,stress-ng,10,1.8908351377422885,7443.400000000001,0.000530416164431589,711719.0,906348.0,693816246.0,366936404.0,12195266.56,1.8908351377422885,0.785260187036326,0.000530416164431589,1.6571032045323986,0.9045645669928034,9.79652118653728e-05,711719.0,906348.0,366936404.0,693816246.0,357976.0,395744.0,385524609.0,638854065.0
50.1,x264,stress-ng,10,1.9468094930106423,9723.9,0.0007564038942863123,660277.0,938255.0,715451379.0,367499430.0,15931637.76,1.9468094930106423,0.7037287304624009,0.0007564038942863123,1.3888014503101207,0.19639111659469463,6.753097221608407e-05,660277.0,938255.0,367499430.0,715451379.0,6367.0,32420.0,385793350.0,535790364.0
50.2,x264,stress-ng,10,1.8662448655784705,10890.9,0.0005679748231689739,658966.0,867573.0,685438380.0,367282125.0,17843650.56,1.8662448655784705,0.759551069477727,0.0005679748231689739,1.388322087987216,0.15366146458583432,6.947345150496871e-05,658966.0,867573.0,367282125.0,685438380.0,4864.0,31654.0,385614928.0,535357722.0
50.3,x264,stress-ng,10,1.859447387393738,10920.8,0.0005561732219341625,698777.0,902145.0,679917841.0,365655864.0,17892638.72,1.859447387393738,0.7745728236591679,0.0005561732219341625,1.376767529706917,0.13493342100937036,7.011426015539809e-05,698777.0,902145.0,365655864.0,679917841.0,4104.0,30415.0,375258898.0,516644266.0
50.4,x264,stress-ng,10,1.87842392101533,9353.300000000001,0.0005634835619451624,714063.0,915048.0,670001855.0,356682987.0,15324446.72,1.87842392101533,0.7803557846145776,0.0005634835619451624,1.5443260980051214,0.8741691195776847,9.44966899305503e-05,714063.0,915048.0,356682987.0,670001855.0,253030.0,289452.0,385431490.0,595231909.0
50.5,x264,stress-ng,10,1.9216717927259375,7795.5,0.0005802794517913804,690755.0,903756.0,705380851.0,367066246.0,12772147.2,1.9216717927259375,0.7643158109047132,0.0005802794517913804,1.5583312455122476,0.8782564248381943,9.32312954457524e-05,690755.0,903756.0,367066246.0,705380851.0,259451.0,295416.0,385761024.0,601143457.0
50.6,x264,stress-ng,10,1.9122842133726952,7799.8,0.0006264840596542471,658002.0,887632.0,700924177.0,366537658.0,12779192.32,1.9122842133726952,0.7413004488346522,0.0006264840596542471,1.5825728012105924,0.892078178167346,9.30675818684629e-05,658002.0,887632.0,366537658.0,700924177.0,296773.0,332676.0,385773427.0,610514533.0
50.8,x264,stress-ng,10,1.891073851586506,7388.299999999999,0.0004978326253742564,720198.0,902656.0,693087466.0,366504706.0,12104990.719999999,1.891073851586506,0.7978654105218378,0.0004978326253742564,1.6468862856735307,0.9065554136257585,9.728633346432732e-05,720198.0,902656.0,366504706.0,693087466.0,364079.0,401607.0,385747912.0,635282946.0
50.9,x264,stress-ng,10,1.8666844145034636,7461.1,0.0005040783010282423,729857.0,915068.0,685866633.0,367425060.0,12224266.24,1.8666844145034636,0.7975986484064572,0.0005040783010282423,1.6467255244955201,0.9039475121351517,9.787468340878761e-05,729857.0,915068.0,367425060.0,685866633.0,355876.0,393691.0,386361403.0,636231184.0
51.0,x264,stress-ng,10,1.9052698781401107,10922.1,0.000560171661784556,688981.0,895263.0,701611502.0,368247832.0,17894768.64,1.9052698781401107,0.7695850269697284,0.000560171661784556,1.4348879592743615,0.7157280136236468,7.258148972622522e-05,688981.0,895263.0,368247832.0,701611502.0,70608.0,98652.0,386379504.0,554411298.0
51.1,x264,stress-ng,10,1.9041603387407073,10900.5,0.0006502277857871417,645327.0,884829.0,701369919.0,368335536.0,17859379.2,1.9041603387407073,0.7293239710723767,0.0006502277857871417,1.3876354328059444,0.1479169966735308,6.958765793961129e-05,645327.0,884829.0,368335536.0,701369919.0,4669.0,31565.0,386505320.0,536328477.0
51.2,x264,stress-ng,10,1.8584053377269247,10893.3,0.000535781276084979,708223.0,905935.0,685781778.0,369016255.0,17847582.72,1.8584053377269247,0.7817591769828961,0.000535781276084979,1.383172167597753,0.1419348713566885,7.014697273202916e-05,708223.0,905935.0,369016255.0,685781778.0,4485.0,31599.0,386531292.0,534639325.0
51.3,x264,stress-ng,10,1.8727509568144216,8251.2,0.0005398449984950276,723799.0,921411.0,685526518.0,366053220.0,13518766.08,1.8727509568144216,0.7855332745105061,0.0005398449984950276,1.5264607203981548,0.8563771765072543,9.081709773615067e-05,723799.0,921411.0,366053220.0,685526518.0,208831.0,243854.0,385643242.0,588669261.0
51.4,x264,stress-ng,10,1.9092980461140492,7793.0,0.0005571422344204205,721322.0,926704.0,703833648.0,368634771.0,12768051.2,1.9092980461140492,0.7783736770317167,0.0005571422344204205,1.5630281246921376,0.8795028770239529,9.313997007677732e-05,721322.0,926704.0,368634771.0,703833648.0,262901.0,298920.0,386719042.0,604452739.0
51.5,x264,stress-ng,10,1.9317969358309812,7728.400000000001,0.0007341573714826843,655974.0,925313.0,708714882.0,366868209.0,12662210.56,1.9317969358309812,0.7089211974758811,0.0007341573714826843,1.5836221098916228,0.8857601253189823,9.369968858142262e-05,655974.0,925313.0,366868209.0,708714882.0,280460.0,316632.0,386041838.0,611344390.0
51.6,x264,stress-ng,10,1.8924405478452655,7438.400000000001,0.0005325781278339772,700768.0,895800.0,693018443.0,366203548.0,12187074.56,1.8924405478452655,0.7822817593212771,0.0005325781278339772,1.6515988295896564,0.9018621011231399,0.00010043731417031776,700768.0,895800.0,366203548.0,693018443.0,355882.0,394608.0,385573831.0,636813288.0
51.7,x264,stress-ng,10,1.8846153833548105,7440.1,0.0005383309580977326,719830.0,916931.0,690020834.0,366133504.0,12189859.84,1.8846153833548105,0.7850427131376297,0.0005383309580977326,1.6567797747917041,0.9044430338778511,9.872265911829417e-05,719830.0,916931.0,366133504.0,690020834.0,360492.0,398579.0,385797955.0,639182249.0
51.8,x264,stress-ng,10,2.0928810600897685,9060.5,0.000995083981556858,583645.0,949589.0,769660934.0,367751875.0,14844723.200000001,2.0928810600897685,0.6146290658379573,0.000995083981556858,1.457775088774446,0.7841953749349898,7.634179330710168e-05,583645.0,949589.0,367751875.0,769660934.0,107056.0,136517.0,385909195.0,562568811.0
51.9,x264,stress-ng,10,2.0786766184308183,10434.5,0.0008696273053585231,494579.0,813766.0,762955061.0,367038843.0,17095884.8,2.0786766184308183,0.6077656230415132,0.0008696273053585231,1.3876977594424353,0.15103426983636925,7.134266157443306e-05,494579.0,813766.0,367038843.0,762955061.0,4892.0,32390.0,385435578.0,534868088.0
52.1,x264,stress-ng,10,1.863928107286406,9956.5,0.0005470840582793957,694155.0,894741.0,683401166.0,366645668.0,16312729.6,1.863928107286406,0.7758166888518577,0.0005470840582793957,1.3827774685155891,0.1305196850393701,7.147966920878658e-05,694155.0,894741.0,366645668.0,683401166.0,4144.0,31750.0,386207719.0,534039332.0
52.2,x264,stress-ng,10,1.8796706793404152,7682.0,0.0005269789446479273,714438.0,908820.0,693337276.0,368861037.0,12586188.8,1.8796706793404152,0.7861160625866508,0.0005269789446479273,1.5077460429247875,0.8452090519054429,9.050369127821959e-05,714438.0,908820.0,368861037.0,693337276.0,190893.0,225853.0,386282587.0,582416042.0
52.3,x264,stress-ng,10,1.9333955214820941,7808.9,0.0007050066973505482,657440.0,917173.0,712286310.0,368412103.0,12794101.76,1.9333955214820941,0.7168113322132248,0.0007050066973505482,1.555931365120842,0.8783181340757906,9.438886188978951e-05,657440.0,917173.0,368412103.0,712286310.0,263412.0,299905.0,386624007.0,601560419.0
52.4,x264,stress-ng,10,1.8859025135884189,7612.0,0.0005533942769541712,688836.0,892442.0,693865266.0,367922128.0,12471500.8,1.8859025135884189,0.7718552017946264,0.0005533942769541712,1.5637527910975528,0.879569433032046,9.486971626091531e-05,688836.0,892442.0,367922128.0,693865266.0,267609.0,304250.0,386224408.0,603959496.0
52.5,x264,stress-ng,10,1.8883012548564173,7389.099999999999,0.0005209080126184105,722879.0,914361.0,694125819.0,367592733.0,12106301.44,1.8883012548564173,0.7905838066146741,0.0005209080126184105,1.6388610244028996,0.9007341880386993,9.73884757477839e-05,722879.0,914361.0,367592733.0,694125819.0,341308.0,378922.0,386226396.0,632971387.0
52.6,x264,stress-ng,10,1.8997615161926584,7434.6,0.0005475448298941187,718869.0,919858.0,697351425.0,367073140.0,12180848.64,1.8997615161926584,0.7814999706476434,0.0005475448298941187,1.65159453107969,0.9029479986005106,9.69633666973486e-05,718869.0,919858.0,367073140.0,697351425.0,348407.0,385855.0,386207712.0,637858545.0
52.7,x264,stress-ng,10,1.9639258086531795,10434.2,0.0007164582583430849,652117.0,914130.0,718219222.0,365705883.0,17095393.28,1.9639258086531795,0.713374465338628,0.0007164582583430849,1.4927109442956457,0.8264487811003487,7.885051886823342e-05,652117.0,914130.0,365705883.0,718219222.0,144793.0,175199.0,385615725.0,575612813.0
52.8,x264,stress-ng,10,1.8747389432194566,10882.5,0.0005954883879233064,632463.0,851025.0,688085110.0,367029827.0,17829888.0,1.8747389432194566,0.74317793249317,0.0005954883879233064,1.3769877580221415,0.15752174706490663,6.988188883507313e-05,632463.0,851025.0,367029827.0,688085110.0,5179.0,32878.0,396368794.0,545794977.0
52.9,x264,stress-ng,10,1.864596271268131,10899.1,0.0005348437877634644,697846.0,893510.0,682132565.0,365833921.0,17857085.44,1.864596271268131,0.7810164407785027,0.0005348437877634644,1.387990379753534,0.14786380800798926,7.085892292848954e-05,697846.0,893510.0,365833921.0,682132565.0,4738.0,32043.0,385343142.0,534852574.0
53.0,x264,stress-ng,10,1.8685990086655404,8744.0,0.0005519480289141309,660654.0,862934.0,684811228.0,366483780.0,14326169.6,1.8685990086655404,0.7655904159530161,0.0005519480289141309,1.4943595017879183,0.8273742407158186,8.613500048920544e-05,660654.0,862934.0,366483780.0,684811228.0,159229.0,192451.0,385696869.0,576369781.0
53.1,x264,stress-ng,10,1.8669012503253657,7796.900000000001,0.0005383803753177192,735603.0,932919.0,684217895.0,366499243.0,12774440.96,1.8669012503253657,0.7884961073790973,0.0005383803753177192,1.5566938855591386,0.8815748759856817,9.4258738086911e-05,735603.0,932919.0,366499243.0,684217895.0,270662.0,307021.0,385736121.0,600473061.0
53.2,x264,stress-ng,10,1.9163285910435957,7472.0,0.00053193125002215,682547.0,877519.0,702403587.0,366536089.0,12242124.8,1.9163285910435957,0.7778144974638725,0.00053193125002215,1.5677057718809044,0.8808923715874504,9.328749436145409e-05,682547.0,877519.0,366536089.0,702403587.0,265974.0,301937.0,385507192.0,604361850.0
53.3,x264,stress-ng,10,1.8322566507363294,6933.400000000001,0.0003079803261057061,798185.0,911325.0,673099870.0,367361128.0,11359682.56,1.8322566507363294,0.8758510959317477,0.0003079803261057061,1.645903919844408,0.8986125418081468,0.00010318153088181773,798185.0,911325.0,367361128.0,673099870.0,353303.0,393165.0,386328829.0,635860134.0
53.5,x264,stress-ng,10,1.8407606258639786,6981.900000000001,0.00032571482751110316,770323.0,890242.0,677716072.0,368171756.0,11439144.96,1.8407606258639786,0.8652961778932021,0.00032571482751110316,1.6594121927970393,0.8991547556253136,0.0001013117342805977,770323.0,890242.0,368171756.0,677716072.0,349452.0,388645.0,386855484.0,641952707.0
53.6,x264,stress-ng,10,1.2015002049125958,8171.599999999999,0.0003798061316701459,549015.0,688328.0,440710626.0,366800292.0,13388349.44,1.2015002049125958,0.797606664264711,0.0003798061316701459,1.49164096988946,0.8429756582215598,8.198101296501101e-05,549015.0,688328.0,366800292.0,440710626.0,169691.0,201300.0,385564887.0,575124382.0
53.7,x264,stress-ng,10,1.5410530691330508,12921.7,0.0010434156008250783,289173.0,660145.0,547900126.0,355536183.0,21170913.28,1.5410530691330508,0.4380446720038779,0.0010434156008250783,1.3287425805824014,0.17933917818476802,6.822479796765375e-05,289173.0,660145.0,355536183.0,547900126.0,5748.0,32051.0,385534304.0,512275846.0
53.8,x264,stress-ng,10,2.325763107695284,9680.3,0.0014353783049361121,266980.0,792415.0,851369520.0,366060291.0,15860203.52,2.325763107695284,0.33691941722456037,0.0014353783049361121,1.377284429985433,0.15682459993724507,6.96588022072529e-05,266980.0,792415.0,366060291.0,851369520.0,4998.0,31870.0,385766036.0,531309555.0
53.9,x264,stress-ng,10,1.8312794997747213,11066.300000000001,0.0007472340162283432,588964.0,861896.0,668886541.0,365256391.0,18131025.92,1.8312794997747213,0.6833353444035011,0.0007472340162283432,1.4385814913066424,0.7778961907633197,8.217997708128644e-05,588964.0,861896.0,365256391.0,668886541.0,110949.0,142627.0,385471025.0,554531482.0
54.0,x264,stress-ng,10,1.8953191572634398,7784.400000000001,0.0005564370449743999,710147.0,913738.0,693465552.0,365883260.0,12753960.96,1.8953191572634398,0.7771888659550111,0.0005564370449743999,1.5653813909468,0.8781661800678608,9.611630595933622e-05,710147.0,913738.0,365883260.0,693465552.0,267096.0,304152.0,385532919.0,603506057.0
54.1,x264,stress-ng,10,1.9033443075163559,7797.0,0.0005437254707909047,704834.0,904471.0,698841544.0,367165069.0,12774604.8,1.9033443075163559,0.7792776108907858,0.0005437254707909047,1.5624151184247643,0.8764609370252587,9.485967564803282e-05,704834.0,904471.0,367165069.0,698841544.0,259620.0,296214.0,385769820.0,602732599.0
54.2,x264,stress-ng,10,1.9658997670427334,7627.9,0.0006815527632640317,663133.0,912862.0,720328945.0,366411837.0,12497551.36,1.9658997670427334,0.7264329109985956,0.0006815527632640317,1.622210544823687,0.897347931303059,0.00010221938870605888,663133.0,912862.0,366411837.0,720328945.0,344482.0,383889.0,385513947.0,625384790.0
54.3,x264,stress-ng,10,1.8965637979404526,7317.700000000001,0.0004997063785936867,673534.0,856476.0,694330089.0,366098989.0,11989319.680000002,1.8965637979404526,0.786401487023571,0.0004997063785936867,1.6508079575533376,0.9018246295269039,0.00010281482770216013,673534.0,856476.0,366098989.0,694330089.0,364164.0,403808.0,385586407.0,636529109.0
54.4,x264,stress-ng,10,1.9002136817664628,7383.400000000001,0.0005318861123328391,696200.0,890469.0,694044464.0,365245483.0,12096962.56,1.9002136817664628,0.7818351902199852,0.0005318861123328391,1.5751409208483387,0.8773799120628083,9.24577206455019e-05,696200.0,890469.0,365245483.0,694044464.0,255021.0,290662.0,385484303.0,607192100.0
54.5,x264,stress-ng,10,1.8555169125277728,9376.300000000001,0.0005617962316430666,723474.0,929297.0,679798183.0,366365932.0,15362129.920000002,1.8555169125277728,0.7785175245373653,0.0005617962316430666,1.3843800261873298,0.1634816223462294,6.95898219819063e-05,723474.0,929297.0,366365932.0,679798183.0,5244.0,32077.0,385587996.0,533800320.0
54.6,x264,stress-ng,10,1.9002620837075954,10810.0,0.0005944774395084996,703292.0,920072.0,692942721.0,364656395.0,17711104.0,1.9002620837075954,0.7643880044170456,0.0005944774395084996,1.3880135275320138,0.13909552118024215,7.173209484768202e-05,703292.0,920072.0,364656395.0,692942721.0,4469.0,32129.0,385601453.0,535220033.0
54.9,x264,stress-ng,10,1.8858176389640393,7811.9,0.0005377679322194379,672779.0,869707.0,690577243.0,366195134.0,12799016.959999999,1.8858176389640393,0.7735697194572425,0.0005377679322194379,1.5627931990196942,0.8701333051206094,0.00010180709379855334,672779.0,869707.0,366195134.0,690577243.0,263184.0,302464.0,385827731.0,602968954.0
55.0,x264,stress-ng,10,1.8877732163517091,7735.0,0.000553907105464209,713212.0,915634.0,689875299.0,365443949.0,12673024.0,1.8877732163517091,0.7789269511617087,0.000553907105464209,1.561061007954259,0.8752968396021787,0.0001006037015370048,713212.0,915634.0,365443949.0,689875299.0,272388.0,311195.0,385741274.0,602165662.0
55.1,x264,stress-ng,10,1.8944733759677825,7598.0,0.0005515557364781165,727838.0,929827.0,693788057.0,366216842.0,12448563.2,1.8944733759677825,0.7827671168937878,0.0005515557364781165,1.6135401220239556,0.8916579698044945,0.0001010370562318765,727838.0,929827.0,366216842.0,693788057.0,320395.0,359325.0,385304179.0,621703752.0
55.2,x264,stress-ng,10,1.9359818526835624,7396.900000000001,0.0005809196792989485,693870.0,906553.0,708790635.0,366114297.0,12119080.96,1.9359818526835624,0.7653937497311244,0.0005809196792989485,1.651738672398641,0.8991401722632373,0.00010542091472434091,693870.0,906553.0,366114297.0,708790635.0,362447.0,403104.0,385663510.0,637015334.0
55.3,x264,stress-ng,10,1.9287650977811592,7314.4,0.0006277170664516731,661849.0,891768.0,706464371.0,366278077.0,11983912.959999999,1.9287650977811592,0.7421762162356128,0.0006277170664516731,1.6002539840348382,0.8864084344239357,9.680991861804577e-05,661849.0,891768.0,366278077.0,706464371.0,291405.0,328748.0,385735269.0,617274401.0
55.4,x264,stress-ng,10,1.8643424119439518,10381.099999999999,0.000533411773955984,688397.0,883822.0,683035384.0,366367991.0,17008394.24,1.8643424119439518,0.7788864726155267,0.000533411773955984,1.378978416050684,0.18783558319429697,6.938415026805806e-05,688397.0,883822.0,366367991.0,683035384.0,6192.0,32965.0,385866223.0,532101193.0
55.5,x264,stress-ng,10,1.8804516057284448,10811.7,0.0005401237592303134,693529.0,891134.0,687965736.0,365851338.0,17713889.28,1.8804516057284448,0.778254448825878,0.0005401237592303134,1.38904190687548,0.16060312196953108,6.953908878790403e-05,693529.0,891134.0,365851338.0,687965736.0,5134.0,31967.0,385869307.0,535988638.0
55.6,x264,stress-ng,10,1.873283530826567,10846.900000000001,0.000541534097245767,703830.0,903001.0,688975553.0,367790322.0,17771560.96,1.873283530826567,0.7794343527858774,0.000541534097245767,1.4009069574243957,0.6147801459931657,7.496088971466037e-05,703830.0,903001.0,367790322.0,688975553.0,46237.0,75209.0,386494879.0,541443365.0
55.7,x264,stress-ng,10,1.9542695975060504,8498.6,0.000634945869102422,683392.0,915970.0,715840730.0,366295792.0,13924106.24,1.9542695975060504,0.7460855704881164,0.000634945869102422,1.55626468183169,0.874997194082882,0.00010093872574741316,683392.0,915970.0,366295792.0,715840730.0,272860.0,311841.0,386184784.0,601005740.0
55.8,x264,stress-ng,10,1.9124682169993272,7834.400000000001,0.0006053875188067305,669815.0,893047.0,705207973.0,368742323.0,12835880.96,1.9124682169993272,0.7500333129163415,0.0006053875188067305,1.5604103980259294,0.8804816622068314,9.830817903282224e-05,669815.0,893047.0,368742323.0,705207973.0,279685.0,317650.0,386183534.0,602604802.0
55.9,x264,stress-ng,10,1.896905664302535,7739.400000000001,0.0005307176806488032,705616.0,900296.0,695830586.0,366824033.0,12680232.96,1.896905664302535,0.7837600078196504,0.0005307176806488032,1.6058032641375417,0.8895647833203701,9.860893122899575e-05,705616.0,900296.0,366824033.0,695830586.0,306512.0,344564.0,385887967.0,619660157.0
56.0,x264,stress-ng,10,1.8865163171469668,7558.199999999999,0.0005465379247294502,718606.0,918811.0,691059087.0,366314927.0,12383354.879999999,1.8865163171469668,0.7821042630094763,0.0005465379247294502,1.6493260080073784,0.9002789739701147,0.00010079595400944241,718606.0,918811.0,366314927.0,691059087.0,351432.0,390359.0,386196057.0,636963201.0
56.2,x264,stress-ng,10,1.9282468316145938,8498.599999999999,0.0005888032145133558,701948.0,919049.0,710974915.0,368715718.0,13924106.239999998,1.9282468316145938,0.763776468936912,0.0005888032145133558,1.6379251163399353,0.9006735961157936,9.955296218234529e-05,701948.0,919049.0,368715718.0,710974915.0,349120.0,387621.0,386738869.0,633449307.0
56.3,x264,stress-ng,10,1.9224921862363873,10840.3,0.0006531004883097516,648662.0,889414.0,708687020.0,368629337.0,17760747.52,1.9224921862363873,0.7293139078089619,0.0006531004883097516,1.3744031732154776,0.19339459900260328,6.777764211590145e-05,648662.0,889414.0,368629337.0,708687020.0,6166.0,31883.0,379431907.0,521492417.0
56.4,x264,stress-ng,10,1.8893778776965726,10771.399999999998,0.000529926562350716,664701.0,859579.0,694809825.0,367745295.0,17647861.759999998,1.8893778776965726,0.7732866903449247,0.000529926562350716,1.3826857794533745,0.16368434603501544,6.916932201250562e-05,664701.0,859579.0,367745295.0,694809825.0,5086.0,31072.0,375686782.0,519456771.0
56.5,x264,stress-ng,10,1.869414722663905,10276.7,0.0005383573427168871,689779.0,888194.0,688984607.0,368556318.0,16837345.28,1.869414722663905,0.7766084886860303,0.0005383573427168871,1.37734353997841,0.1370596493519214,7.033848983131933e-05,689779.0,888194.0,368556318.0,688984607.0,4198.0,30629.0,375768659.0,517562535.0
56.6,x264,stress-ng,10,1.8772690686632112,7687.200000000001,0.0005428830181074611,723453.0,923470.0,691651267.0,368434807.0,12594708.48,1.8772690686632112,0.7834071491223321,0.0005428830181074611,1.5449018255673275,0.8697968069149069,9.557521012024514e-05,723453.0,923470.0,368434807.0,691651267.0,244125.0,280669.0,382358563.0,590706442.0
56.7,x264,stress-ng,10,1.9222529890114493,7855.0,0.0005527294743563896,678041.0,876723.0,690965628.0,359456134.0,12869632.0,1.9222529890114493,0.7733811021268976,0.0005527294743563896,1.56539879943471,0.8782782000956106,9.516747981394471e-05,678041.0,876723.0,359456134.0,690965628.0,260882.0,297038.0,379919696.0,594725836.0
56.8,x264,stress-ng,10,1.9753900041005419,7705.4,0.0007265531892618151,643121.0,903361.0,707553834.0,358184375.0,12624527.36,1.9753900041005419,0.7119202622207512,0.0007265531892618151,1.5857689933968293,0.8948457747871966,9.29940557854878e-05,643121.0,903361.0,358184375.0,707553834.0,303078.0,338693.0,382981468.0,607320137.0
56.9,x264,stress-ng,10,2.242365412641655,6688.000000000001,0.001103897734606744,419262.0,828153.0,830586935.0,370406594.0,10957619.200000001,2.242365412641655,0.5062615241386555,0.001103897734606744,1.6442014917700742,0.9105876457218642,9.28987674134633e-05,419262.0,828153.0,370406594.0,830586935.0,359775.0,395102.0,380274152.0,625247328.0
57.0,x264,stress-ng,10,1.8885479056278656,7414.200000000001,0.000533619693710762,705364.0,896472.0,676355497.0,358135208.0,12147425.280000001,1.8885479056278656,0.7868221204900989,0.000533619693710762,1.6418021308560347,0.9079310194459906,9.383213309827572e-05,705364.0,896472.0,358135208.0,676355497.0,353956.0,389849.0,382523543.0,628027968.0
57.1,x264,stress-ng,10,1.9156720491907189,9938.099999999999,0.0005882111154202676,691424.0,909085.0,708873197.0,370038910.0,16282583.04,1.9156720491907189,0.7605713437137341,0.0005882111154202676,1.4509400056342034,0.7805425106890026,7.404588258014734e-05,691424.0,909085.0,370038910.0,708873197.0,100224.0,128403.0,380561336.0,552171667.0
57.2,x264,stress-ng,10,1.9009139291767116,10724.400000000001,0.0006433883107233837,644935.0,882347.0,701442302.0,369002663.0,17570856.96,1.9009139291767116,0.7309312549371165,0.0006433883107233837,1.3759975351192715,0.16015822784810127,6.932013417101469e-05,644935.0,882347.0,369002663.0,701442302.0,5061.0,31600.0,382846922.0,526796421.0
57.3,x264,stress-ng,10,1.868958438709469,10834.1,0.0005351337304423878,690420.0,888557.0,691994911.0,370256982.0,17750589.44,1.868958438709469,0.7770126170859044,0.0005351337304423878,1.3743583031241118,0.1439491264131552,7.015409884481962e-05,690420.0,888557.0,370256982.0,691994911.0,4482.0,31136.0,379935035.0,522166870.0
57.4,x264,stress-ng,10,1.891777011095413,9150.699999999999,0.0005423580708418832,688265.0,882844.0,678703054.0,358764828.0,14992506.879999999,1.891777011095413,0.7795997933949825,0.0005423580708418832,1.5001466853424987,0.8370622402605293,8.758558377033959e-05,688265.0,882844.0,358764828.0,678703054.0,172213.0,205735.0,382734219.0,574157470.0
57.5,x264,stress-ng,10,1.896162856244583,7800.799999999999,0.0005417327208899414,697220.0,890630.0,676970107.0,357021078.0,12780830.719999999,1.896162856244583,0.7828391138856764,0.0005417327208899414,1.5658033651612933,0.8779285203003013,9.505526804313983e-05,697220.0,890630.0,357021078.0,676970107.0,263699.0,300365.0,385733487.0,603982792.0
57.6,x264,stress-ng,10,1.9323516848836078,7791.599999999999,0.000599475017713842,659083.0,871952.0,686163324.0,355092362.0,12765757.44,1.9323516848836078,0.7558707360038167,0.000599475017713842,1.566890386784964,0.8799793434455943,9.227473978959337e-05,659083.0,871952.0,355092362.0,686163324.0,260715.0,296274.0,385360068.0,603816986.0
57.8,x264,stress-ng,10,1.954206507564462,7358.4,0.0006462739272398764,646775.0,876304.0,694051000.0,355157450.0,12056002.559999999,1.954206507564462,0.7380714911720133,0.0006462739272398764,1.6410565246688622,0.9089610262657252,9.417898226936561e-05,646775.0,876304.0,355157450.0,694051000.0,362640.0,398961.0,385659296.0,632888704.0
57.9,x264,stress-ng,10,1.9013751484059715,7937.9,0.0005043879589499419,680558.0,864317.0,692710422.0,364320751.0,13005455.36,1.9013751484059715,0.787393976978354,0.0005043879589499419,1.65905223415144,0.9044580430794494,9.66426970181296e-05,680558.0,864317.0,364320751.0,692710422.0,352508.0,389745.0,385305886.0,639242591.0
58.0,x264,stress-ng,10,1.8790184847495095,10776.300000000001,0.0005363952169877584,711817.0,907365.0,685014137.0,364559552.0,17655889.92,1.8790184847495095,0.7844880505639957,0.0005363952169877584,1.5020814933227677,0.8415237758529256,7.906260105732592e-05,711817.0,907365.0,364559552.0,685014137.0,161857.0,192338.0,385529942.0,579097391.0
58.1,x264,stress-ng,10,1.8672918239660774,10823.699999999999,0.0005728457697686478,708423.0,917182.0,680486781.0,364424442.0,17733550.08,1.8672918239660774,0.7723908668072422,0.0005728457697686478,1.3770935427223174,0.15572964669738865,7.124995633247008e-05,708423.0,917182.0,364424442.0,680486781.0,5069.0,32550.0,385698482.0,531142889.0
58.2,x264,stress-ng,10,1.9107284352036902,10785.9,0.000576319408977301,679174.0,889616.0,697699066.0,365148209.0,17671618.56,1.9107284352036902,0.7634462509667093,0.000576319408977301,1.386295407384968,0.14182113719483605,7.123888119843072e-05,679174.0,889616.0,365148209.0,697699066.0,4537.0,31991.0,385379438.0,534249745.0
58.3,x264,stress-ng,10,1.9454993077822151,7868.7,0.0007465519179973583,650685.0,923548.0,711075499.0,365497688.0,12892078.08,1.9454993077822151,0.7045491950607873,0.0007465519179973583,1.4781138575016297,0.8197037275671112,8.416104201388445e-05,650685.0,923548.0,365497688.0,711075499.0,147577.0,180037.0,385689141.0,570092464.0
58.4,x264,stress-ng,10,1.8896406783762505,7792.0,0.0005416761414333162,680635.0,880143.0,695984932.0,368316019.0,12766412.8,1.8896406783762505,0.7733231986165885,0.0005416761414333162,1.5531049427436592,0.8790014211958395,9.546199864217381e-05,680635.0,880143.0,368316019.0,695984932.0,267808.0,304673.0,386174609.0,599769694.0
58.6,x264,stress-ng,10,1.8928987759502818,7671.5,0.0005383678006475911,731055.0,928662.0,694785327.0,367048326.0,12568985.6,1.8928987759502818,0.7872132164339662,0.0005383678006475911,1.6373916337422456,0.9033299744691515,9.58671659826109e-05,731055.0,928662.0,367048326.0,694785327.0,346035.0,383066.0,386274066.0,632481924.0
58.7,x264,stress-ng,10,1.9506244478309396,7531.9,0.0006853688549706278,648560.0,899688.0,714733990.0,366412915.0,12340264.959999999,1.9506244478309396,0.720872124558736,0.0006853688549706278,1.645060018759891,0.9025129224652088,9.523614049244145e-05,648560.0,899688.0,366412915.0,714733990.0,340473.0,377250.0,386166426.0,635266948.0
58.8,x264,stress-ng,10,1.8919695715203275,7480.2,0.0004997489348682969,671465.0,854674.0,693599984.0,366602082.0,12255559.68,1.8919695715203275,0.7856387347690464,0.0004997489348682969,1.5330482502467961,0.8697824079535609,8.30013086519785e-05,671465.0,854674.0,366602082.0,693599984.0,213816.0,245827.0,385668618.0,591248600.0
58.9,x264,stress-ng,10,1.859614613310561,9037.6,0.0005420238197658254,724565.0,923588.0,682822536.0,367184970.0,14807203.84,1.859614613310561,0.7845110590436428,0.0005420238197658254,1.3729470878932757,0.1679070781303522,6.912388000417273e-05,724565.0,923588.0,367184970.0,682822536.0,5392.0,32113.0,386566842.0,530735820.0
59.2,x264,stress-ng,10,1.959369140671487,9822.9,0.0006972888264056085,660152.0,915644.0,717927954.0,366407707.0,16093839.36,1.959369140671487,0.7209701587079694,0.0006972888264056085,1.447812486044161,0.7657352908012539,8.076973170736049e-05,660152.0,915644.0,366407707.0,717927954.0,101865.0,133029.0,385837607.0,558620505.0
59.3,x264,stress-ng,10,1.9058297795258656,7700.5,0.0006026338373242721,660297.0,880974.0,697891111.0,366187536.0,12616499.2,1.9058297795258656,0.7495079309945583,0.0006026338373242721,1.5624373785661716,0.8695707977341395,9.750310470890053e-05,660297.0,880974.0,366187536.0,697891111.0,250679.0,288279.0,385628746.0,602520767.0
59.4,x264,stress-ng,10,1.8833118378671263,7832.799999999999,0.0005597280487837877,709990.0,914359.0,687638502.0,365121956.0,12833259.52,1.8833118378671263,0.7764893220277812,0.0005597280487837877,1.5644516027775264,0.8760694947713589,9.33218977091417e-05,709990.0,914359.0,365121956.0,687638502.0,254344.0,290324.0,385547239.0,603169996.0
59.5,x264,stress-ng,10,1.8875158754573576,7607.799999999999,0.0005402717900449735,724568.0,922138.0,690238725.0,365686315.0,12464619.52,1.8875158754573576,0.7857479032422479,0.0005402717900449735,1.6264068941264163,0.8988229766620494,9.71881507117273e-05,724568.0,922138.0,365686315.0,690238725.0,332871.0,370341.0,385540827.0,627046259.0
59.6,x264,stress-ng,10,1.9480578904301546,7436.3,0.0006128157353247722,679577.0,903025.0,710310807.0,364625102.0,12183633.92,1.9480578904301546,0.7525561307826472,0.0006128157353247722,1.6493804867545763,0.9057985400568095,9.597392757829363e-05,679577.0,903025.0,364625102.0,710310807.0,355881.0,392892.0,385635984.0,636060467.0
59.7,x264,stress-ng,10,1.9119096354138414,7464.8,0.000594092636750199,653327.0,871326.0,701564643.0,366944457.0,12230328.32,1.9119096354138414,0.7498077642581537,0.000594092636750199,1.5675334331531492,0.886156123768246,8.805832502184494e-05,653327.0,871326.0,366944457.0,701564643.0,264569.0,298558.0,385982813.0,605040964.0
59.8,x264,stress-ng,10,1.8678346675261324,10384.400000000001,0.0005273172841848003,692932.0,884949.0,680152197.0,364139401.0,17013800.96,1.8678346675261324,0.7830191344359958,0.0005273172841848003,1.3759818881464159,0.1582502013755499,7.046067738063322e-05,692932.0,884949.0,364139401.0,680152197.0,5108.0,32278.0,385605149.0,530585701.0
59.9,x264,stress-ng,10,1.9956459539649256,10854.8,0.000772493975378872,632161.0,915202.0,731202630.0,366398974.0,17784504.32,1.9956459539649256,0.6907338489207847,0.000772493975378872,1.3777619278099644,0.17951610509128693,7.165072883423135e-05,632161.0,915202.0,366398974.0,731202630.0,6047.0,33685.0,385732294.0,531447269.0
60.0,x264,stress-ng,10,2.192933486529648,12499.7,0.0010326767729074348,382354.0,697470.0,669162362.0,305144851.0,20479508.48,2.192933486529648,0.5482013563307382,0.0010326767729074348,1.3775982656121193,0.274046562811651,7.034281388742954e-05,382354.0,697470.0,305144851.0,669162362.0,7969.0,29079.0,300101728.0,413419620.0
