time_step,victim,attacker,run_id,IPC,Total_MB_per_sec,cache_dominance_score,LLC-load-misses,LLC-loads,instructions,cycles,cas_count_total,victim_IPC,victim_miss_rate,victim_cache_dominance,attacker_IPC,attacker_miss_rate,attacker_cache_dominance,victim_LLC-load-misses,victim_LLC-loads,victim_cycles,victim_instructions,attacker_LLC-load-misses,attacker_LLC-loads,attacker_cycles,attacker_instructions
0.1,mcf,none,7,0.22089006138430925,10856.399999999998,0.0038075966498734137,8558400.0,10029988.0,85371218.0,386487366.0,17787125.759999998,0.22089006138430925,0.8532811803962278,0.0038075966498734137,0.6954076722398984,0.09502903519205205,0.00865683598743379,8558400.0,10029988.0,386487366.0,85371218.0,5433.0,57172.0,5976664.0,4156218.0
0.2,mcf,none,7,0.22193621991574777,10685.8,0.004163049072099351,8450543.0,10057226.0,85653843.0,385939001.0,17507614.72,0.22193621991574777,0.8402459087625156,0.004163049072099351,0.378190865078977,0.2151542841076826,0.005250397800155735,8450543.0,10057226.0,385939001.0,85653843.0,3061.0,14227.0,2126696.0,804297.0
0.3,mcf,none,7,0.22224075003910831,10658.3,0.004264434595316466,8442379.0,10092424.0,85991995.0,386931717.0,17462558.72,0.22224075003910831,0.8365065716620704,0.004264434595316466,0.5033536644048491,0.21537654464910236,0.0076204720718558265,8442379.0,10092424.0,386931717.0,85991995.0,3695.0,17156.0,1766426.0,889137.0
0.4,mcf,none,7,0.223841485209641,10599.0,0.004493891176779022,8405302.0,10138019.0,86306929.0,385571642.0,17365401.6,0.223841485209641,0.82908722108333,0.004493891176779022,0.47222212441004585,0.23835792174470816,0.00696853069287407,8405302.0,10138019.0,385571642.0,86306929.0,3716.0,15590.0,1703946.0,804641.0
0.5,mcf,none,7,0.2240089741402111,10609.400000000001,0.004542090877917981,8388962.0,10142868.0,86499961.0,386145070.0,17382440.96,0.2240089741402111,0.8270798752384434,0.004542090877917981,0.44037669635938476,0.2505198122735104,0.005407091965136772,8388962.0,10142868.0,386145070.0,86499961.0,4217.0,16833.0,2333232.0,1027501.0
0.6,mcf,none,7,0.22433716370057563,10588.4,0.004664491238514615,8378545.0,10181526.0,86713775.0,386533259.0,17348034.56,0.22433716370057563,0.8229164272624752,0.004664491238514615,0.47164066937754834,0.24062196307094266,0.006438984836715344,8378545.0,10181526.0,386533259.0,86713775.0,3714.0,15435.0,1820318.0,858536.0
0.7,mcf,none,7,0.22458213063327573,10593.699999999999,0.004735309990868283,8378874.0,10212230.0,86950801.0,387167050.0,17356718.08,0.22458213063327573,0.8204744703164735,0.004735309990868283,0.5017745400205473,0.25635890246344883,0.007224634974004545,8378874.0,10212230.0,387167050.0,86950801.0,3840.0,14979.0,1541808.0,773640.0
0.8,mcf,none,7,0.22457726511022566,10581.300000000001,0.004717461572543116,8377383.0,10202195.0,86871145.0,386820745.0,17336401.92,0.22457726511022566,0.8211353537155485,0.004717461572543116,0.4117433758559774,0.3916542473919523,0.004826660381418895,8377383.0,10202195.0,386820745.0,86871145.0,3942.0,10065.0,1268579.0,522329.0
0.9,mcf,none,7,0.2245882295877928,10564.8,0.0047220391713315895,8376031.0,10202783.0,86883438.0,386856596.0,17309368.32,0.2245882295877928,0.8209555177249188,0.0047220391713315895,0.4790605085641036,0.25804268930306945,0.0065212725293962775,8376031.0,10202783.0,386856596.0,86883438.0,4195.0,16257.0,1849639.0,886089.0
1.0,mcf,none,7,0.22450498272372102,10580.2,0.0047032833191144215,8370128.0,10188280.0,86787071.0,386570801.0,17334599.68,0.22450498272372102,0.8215447553463391,0.0047032833191144215,0.3689941885623089,0.3011570247933884,0.004918086180503534,8370128.0,10188280.0,386570801.0,86787071.0,4555.0,15125.0,2149210.0,793046.0
1.2,mcf,none,7,0.22476190665816345,10593.600000000002,0.004692118405492711,8370046.0,10179899.0,86695598.0,385721937.0,17356554.240000002,0.22476190665816345,0.822213069108053,0.004692118405492711,0.44059228358825775,0.2182368407997222,0.005888160082624062,8370046.0,10179899.0,385721937.0,86695598.0,4399.0,20157.0,2676218.0,1179121.0
1.3,mcf,none,7,0.22489783396062105,10561.199999999999,0.004736219024849868,8371078.0,10200178.0,86854224.0,386194133.0,17303470.08,0.22489783396062105,0.8206795999050213,0.004736219024849868,0.36902592522857924,0.24563569035443483,0.0042468043905484944,8371078.0,10200178.0,386194133.0,86854224.0,4179.0,17013.0,3022037.0,1115210.0
1.4,mcf,none,7,0.22500021135547424,10551.100000000002,0.0048079479379371385,8356051.0,10215713.0,87027636.0,386789130.0,17286922.240000002,0.22500021135547424,0.8179606259494565,0.0048079479379371385,0.45530090722795497,0.297326826425814,0.006263976582973827,8356051.0,10215713.0,386789130.0,87027636.0,4082.0,13729.0,1540076.0,701198.0
1.5,mcf,none,7,0.22531782055887778,10358.5,0.004870210016271416,8349179.0,10232155.0,87114939.0,386631376.0,16971366.4,0.22531782055887778,0.815974640728175,0.004870210016271416,0.4107478991946855,0.2563817980022198,0.005894803913260715,8349179.0,10232155.0,386631376.0,87114939.0,4389.0,17119.0,2159529.0,887022.0
1.6,mcf,none,7,0.7254834657171341,1551.6000000000004,0.0025193173367594694,4139194.0,5085302.0,272449088.0,375541416.0,2542141.4400000004,0.7254834657171341,0.8139524456954572,0.0025193173367594694,0.4391795105028443,0.17142095441215677,0.006948558755340531,4139194.0,5085302.0,375541416.0,272449088.0,4501.0,26257.0,3131009.0,1375075.0
1.7,mcf,none,7,1.003888592906353,3272.1,2.1404238902823628e-05,19942.0,28211.0,387827608.0,386325346.0,5361008.64,1.003888592906353,0.706887384353621,2.1404238902823628e-05,0.3925581674262413,0.4009723102938068,0.0042486207723674745,19942.0,28211.0,386325346.0,387827608.0,3794.0,9462.0,1334080.0,523704.0
1.8,mcf,none,7,0.4467854845804005,10562.5,0.0033112143999521134,5961809.0,7243194.0,172898565.0,386983398.0,17305600.0,0.4467854845804005,0.8230911666869616,0.0033112143999521134,0.464364698692324,0.3506156405990017,0.0058005978355215124,5961809.0,7243194.0,386983398.0,172898565.0,5268.0,15025.0,1682068.0,781093.0
1.9,mcf,none,7,0.22421724709827245,10537.0,0.004676887146387271,8339174.0,10149865.0,86807344.0,387157300.0,17263820.8,0.22421724709827245,0.8216044252805332,0.004676887146387271,0.44779045663801365,0.33852968736689665,0.005519948589480748,8339174.0,10149865.0,387157300.0,86807344.0,3974.0,11739.0,1406716.0,629914.0
2.0,mcf,none,7,0.22462764202204105,10534.9,0.004746461042296656,8329278.0,10165548.0,86902009.0,386871394.0,17260380.16,0.22462764202204105,0.8193634027403146,0.004746461042296656,0.4395991563919976,0.3363080482564865,0.005487414540965339,8329278.0,10165548.0,386871394.0,86902009.0,4070.0,12102.0,1463713.0,643447.0
2.1,mcf,none,7,0.22506573338057645,10565.4,0.00472587519339765,8325586.0,10145348.0,86664597.0,385063491.0,17310351.36,0.22506573338057645,0.8206308940807157,0.00472587519339765,0.44422992570394926,0.2683305395169802,0.005718253382915791,8325586.0,10145348.0,385063491.0,86664597.0,4322.0,16107.0,2060944.0,915533.0
2.2,mcf,none,7,0.22480969671630416,10560.900000000001,0.004772811435966091,8322786.0,10164887.0,86766924.0,385957213.0,17302978.560000002,0.22480969671630416,0.8187780149449767,0.004772811435966091,0.364579766344905,0.28308097432521395,0.004619346419746231,8322786.0,10164887.0,385957213.0,86766924.0,4730.0,16709.0,2593224.0,945437.0
2.3,mcf,none,7,0.22457048505413968,10542.4,0.004764431461660482,8326710.0,10167942.0,86786087.0,386453665.0,17272668.16,0.22457048505413968,0.8189179285247693,0.004764431461660482,0.443414337524703,0.2196897247901392,0.006379134362716355,8326710.0,10167942.0,386453665.0,86786087.0,4135.0,18822.0,2302350.0,1020895.0
2.4,mcf,none,7,0.22510888014445676,10551.100000000002,0.0048212917706884585,8331182.0,10192871.0,86923328.0,386139045.0,17286922.240000002,0.22510888014445676,0.8173538152302722,0.0048212917706884585,0.44393330859389113,0.3096747967479675,0.00557688329003931,8331182.0,10192871.0,386139045.0,86923328.0,3809.0,12300.0,1522535.0,675904.0
2.5,mcf,none,7,0.22507666501816773,10515.9,0.0047716275933009636,8316790.0,10153986.0,86660147.0,385025018.0,17229250.56,0.22507666501816773,0.8190665222504738,0.0047716275933009636,0.3344635496771525,0.32130755431532787,0.004319715621893156,8316790.0,10153986.0,385025018.0,86660147.0,4836.0,15051.0,2364739.0,790919.0
2.6,mcf,none,7,0.22457230856515462,10524.8,0.004796825713207346,8336536.0,10191245.0,86831648.0,386653406.0,17243832.32,0.22457230856515462,0.8180095758663442,0.004796825713207346,0.46370442718988103,0.3045052292839903,0.0056592669596349275,8336536.0,10191245.0,386653406.0,86831648.0,3785.0,12430.0,1527583.0,708347.0
2.8,mcf,none,7,0.22524054155787596,10542.2,0.004879068163344684,8319163.0,10204987.0,87058431.0,386513149.0,17272340.48,0.22524054155787596,0.8152056440640247,0.004879068163344684,0.4934359686447587,0.22993997304912409,0.00724362538495444,8319163.0,10204987.0,386513149.0,87058431.0,3754.0,16326.0,1735595.0,856405.0
2.9,mcf,none,7,0.22509165891496996,10525.699999999999,0.004890435929190776,8322030.0,10213715.0,87068417.0,386813165.0,17245306.88,0.22509165891496996,0.814789721467654,0.004890435929190776,0.4460366156758836,0.27905910103525094,0.005945022455251589,8322030.0,10213715.0,386813165.0,87068417.0,4259.0,15262.0,1850792.0,825521.0
3.0,mcf,none,7,0.2250189277663728,10521.6,0.004865882776871665,8318532.0,10199631.0,86989946.0,386589461.0,17238589.44,0.2250189277663728,0.8155718574524902,0.004865882776871665,0.33245986003747224,0.3290094339622642,0.0039713436650825745,8318532.0,10199631.0,386589461.0,86989946.0,5022.0,15264.0,2578976.0,857406.0
3.1,mcf,none,7,0.2245037308431474,10534.699999999997,0.0047348501161941095,8346619.0,10174374.0,86663317.0,386021723.0,17260052.479999997,0.2245037308431474,0.8203570067308318,0.0047348501161941095,0.5022481641912271,0.2215261958997722,0.00670062236870677,8346619.0,10174374.0,386021723.0,86663317.0,3890.0,17560.0,2040109.0,1024641.0
3.3,mcf,none,7,0.2247798851232855,10540.0,0.004789428212519474,8316936.0,10162959.0,86638492.0,385437033.0,17268736.0,0.2247798851232855,0.8183577243596083,0.004789428212519474,0.35342854435416354,0.258544860517718,0.004008128338904046,8316936.0,10162959.0,385437033.0,86638492.0,4115.0,15916.0,2944267.0,1040588.0
3.4,mcf,none,7,0.22465952017628266,10530.2,0.00479205872006733,8340367.0,10196087.0,86999177.0,387249011.0,17252679.68,0.22465952017628266,0.8179968452603436,0.00479205872006733,0.4759863471316604,0.29326407782999425,0.006350791589275964,8340367.0,10196087.0,387249011.0,86999177.0,3557.0,12129.0,1349753.0,642464.0
3.5,mcf,none,7,0.22483990332049983,10517.8,0.004867832760839303,8323057.0,10205909.0,86966887.0,386794718.0,17232363.52,0.22483990332049983,0.8155135422038351,0.004867832760839303,0.47299762093576525,0.2688694792353329,0.006282570522261244,8323057.0,10205909.0,386794718.0,86966887.0,3263.0,12136.0,1412320.0,668024.0
3.6,mcf,none,7,0.22481908089128916,10521.5,0.004851940511429103,8318013.0,10190801.0,86777337.0,385987420.0,17238425.6,0.22481908089128916,0.816227595848452,0.004851940511429103,0.35761510626549337,0.2810434982474286,0.004593676938801885,8318013.0,10190801.0,385987420.0,86777337.0,4891.0,17403.0,2723744.0,974052.0
3.7,mcf,none,7,0.224862208618265,10520.2,0.004879939288623644,8325209.0,10213853.0,87026628.0,387022028.0,17236295.68,0.224862208618265,0.8150899567479579,0.004879939288623644,0.43306561721376824,0.31501613725157124,0.005756146372414464,8325209.0,10213853.0,387022028.0,87026628.0,3709.0,11774.0,1401111.0,606773.0
3.8,mcf,none,7,0.22484944476556737,10532.6,0.004875090759111966,8333144.0,10220595.0,87053212.0,387162228.0,17256611.84,0.22484944476556737,0.815328657480313,0.004875090759111966,0.43940538871058904,0.28431923563299144,0.006217977750296951,8333144.0,10220595.0,387162228.0,87053212.0,4047.0,14234.0,1638314.0,719884.0
3.9,mcf,none,7,0.22490254512589136,10524.7,0.0048777298090235234,8330888.0,10218450.0,87031778.0,386975514.0,17243668.48,0.22490254512589136,0.8152790295984225,0.0048777298090235234,0.4484036118329455,0.31655508719728903,0.005674110233778282,8330888.0,10218450.0,386975514.0,87031778.0,3830.0,12099.0,1457321.0,653468.0
4.0,mcf,none,7,0.22476184058690368,10509.6,0.004863979634416328,8318857.0,10201108.0,86977790.0,386977566.0,17218928.64,0.22476184058690368,0.8154856315608069,0.004863979634416328,0.44637224610424503,0.28584920509995276,0.006094841483073616,8318857.0,10201108.0,386977566.0,86977790.0,3632.0,12706.0,1488800.0,664559.0
4.1,mcf,none,7,0.22459259559367928,10553.600000000002,0.004790908997181404,8325076.0,10174052.0,86677981.0,385934277.0,17291018.240000002,0.22459259559367928,0.8182655248862498,0.004790908997181404,0.39753598124189504,0.3257334183673469,0.004739963304233015,8325076.0,10174052.0,385934277.0,86677981.0,4086.0,12544.0,1784402.0,709364.0
4.2,mcf,none,7,0.2245540915332016,10539.2,0.004801049240409317,8333881.0,10189405.0,86786343.0,386483018.0,17267425.28,0.2245540915332016,0.817896727041471,0.004801049240409317,0.38553490676977425,0.29744703151905366,0.004859187639519115,8333881.0,10189405.0,386483018.0,86786343.0,3973.0,13357.0,1931187.0,744540.0
4.3,mcf,none,7,0.22492377988014753,10529.9,0.004820562435029636,8311462.0,10169556.0,86697254.0,385451703.0,17252188.16,0.22492377988014753,0.8172885817237252,0.004820562435029636,0.4415541792461447,0.21937947494033413,0.00567973635798801,8311462.0,10169556.0,385451703.0,86697254.0,4596.0,20950.0,2879359.0,1271393.0
4.4,mcf,none,7,0.22477035990127622,10519.6,0.004858461336695965,8333405.0,10213032.0,86958485.0,386877011.0,17235312.64,0.22477035990127622,0.8159579838778533,0.004858461336695965,0.4511683874384828,0.2827957854097965,0.006263759267090292,8333405.0,10213032.0,386877011.0,86958485.0,3516.0,12433.0,1423586.0,642277.0
4.5,mcf,none,7,0.22531400016843342,10521.100000000002,0.004856122997997716,8315552.0,10187095.0,86835700.0,385398599.0,17237770.240000002,0.22531400016843342,0.8162829540708122,0.004856122997997716,0.37904348236543856,0.29173501577287064,0.00495229675665589,8315552.0,10187095.0,385398599.0,86835700.0,4624.0,15850.0,2266827.0,859226.0
4.6,mcf,none,7,0.22458915710998636,10521.300000000001,0.004804977875318743,8331518.0,10189096.0,86824932.0,386594496.0,17238097.92,0.22458915710998636,0.8176896164291709,0.004804977875318743,0.476120473324081,0.22937352245862885,0.006575682632411322,8331518.0,10189096.0,386594496.0,86824932.0,3881.0,16920.0,1982912.0,944105.0
4.7,mcf,none,7,0.22474945590546508,10510.699999999999,0.004854150830885151,8329430.0,10206208.0,86895700.0,386633639.0,17220730.88,0.22474945590546508,0.8161140748846193,0.004854150830885151,0.4631583600397834,0.27476920840299485,0.0063003015329239215,8329430.0,10206208.0,386633639.0,86895700.0,3780.0,13757.0,1583575.0,733446.0
4.8,mcf,none,7,0.22465298346003712,10521.099999999999,0.004858487207839484,8325428.0,10204980.0,86909144.0,386859514.0,17237770.24,0.22465298346003712,0.8158201191967059,0.004858487207839484,0.4478256547692816,0.2836053412462908,0.006233346759201884,8325428.0,10204980.0,386859514.0,86909144.0,3823.0,13480.0,1549248.0,693793.0
4.9,mcf,none,7,0.22505862576391164,10519.0,0.004907651769340645,8323526.0,10221714.0,87048471.0,386781314.0,17234329.6,0.22505862576391164,0.8142984630561959,0.004907651769340645,0.41160599866735686,0.34721973895941355,0.004980020582993863,8323526.0,10221714.0,386781314.0,87048471.0,3884.0,11186.0,1466259.0,603521.0
5.0,mcf,none,7,0.22492651777902578,10512.8,0.004889515757177701,8321752.0,10212398.0,86973116.0,386673465.0,17224171.52,0.22492651777902578,0.8148675756663616,0.004889515757177701,0.42945464118532656,0.23617689584683652,0.00630177782531077,8321752.0,10212398.0,386673465.0,86973116.0,4737.0,20057.0,2431060.0,1044030.0
5.1,mcf,none,7,0.22412616202664631,10582.5,0.004709359798951371,8333121.0,10150185.0,86477058.0,385840980.0,17338368.0,0.22412616202664631,0.8209821791425477,0.004709359798951371,0.4688428323718003,0.22388455620987852,0.0069155685146631415,8333121.0,10150185.0,385840980.0,86477058.0,4220.0,18849.0,2115372.0,991777.0
5.2,mcf,none,7,0.2243781055001045,10523.699999999999,0.004777936046493098,8317799.0,10161668.0,86590492.0,385913286.0,17242030.08,0.2243781055001045,0.818546620495769,0.004777936046493098,0.443016109203595,0.21534786212276338,0.0064427206743920065,8317799.0,10161668.0,385913286.0,86590492.0,4417.0,20511.0,2498013.0,1106660.0
5.4,mcf,none,7,0.22450377609682648,10493.5,0.004782570302164054,8326965.0,10173972.0,86702342.0,386195473.0,17192550.4,0.22450377609682648,0.8184576289378426,0.004782570302164054,0.4563647058753556,0.26543127582988935,0.006554409029620337,8326965.0,10173972.0,386195473.0,86702342.0,3982.0,15002.0,1681311.0,767291.0
5.5,mcf,none,7,0.7843102423206394,1585.1,0.0021729921399416133,3569282.0,4402960.0,300904077.0,383654402.0,2597027.84,0.7843102423206394,0.8106551047477152,0.0021729921399416133,0.4411854461117263,0.3031004446610221,0.005867940814885213,3569282.0,4402960.0,383654402.0,300904077.0,4976.0,16417.0,1949747.0,860200.0
5.6,mcf,none,7,1.0021832339815606,3228.1,2.2586821446980583e-05,22531.0,31257.0,387174925.0,386331473.0,5288919.04,1.0021832339815606,0.7208305339603929,2.2586821446980583e-05,0.36614513118788533,0.4023130682169584,0.0038465380958123915,22531.0,31257.0,386331473.0,387174925.0,6505.0,16169.0,2512389.0,919899.0
5.7,mcf,none,7,0.3825332857451457,10568.8,0.0036978858558348077,6645991.0,8073636.0,147684854.0,386070597.0,17315921.919999998,0.3825332857451457,0.8231719884324733,0.0036978858558348077,0.4519847637167132,0.3625934519205981,0.005613427272629235,6645991.0,8073636.0,386070597.0,147684854.0,5626.0,15516.0,1761847.0,796328.0
5.8,mcf,none,7,0.22477701680906714,10565.500000000002,0.0046798389948668065,8340358.0,10147953.0,86820468.0,386251536.0,17310515.200000003,0.22477701680906714,0.8218758995040675,0.0046798389948668065,0.4538507110607344,0.27606425702811244,0.006095482593417177,8340358.0,10147953.0,386251536.0,86820468.0,3437.0,12450.0,1478636.0,671080.0
5.9,mcf,none,7,0.22462930956661417,10524.9,0.004701677342031966,8343209.0,10162000.0,86895322.0,386838753.0,17243996.16,0.22462930956661417,0.8210203700059043,0.004701677342031966,0.5337762690055677,0.2394172786435011,0.00726571919726322,8343209.0,10162000.0,386838753.0,86895322.0,4010.0,16749.0,1753302.0,935871.0
6.0,mcf,none,7,0.22474606881951142,10553.099999999999,0.00475652746708469,8343187.0,10183901.0,86973793.0,386986938.0,17290199.04,0.22474606881951142,0.819252563433207,0.00475652746708469,0.4604192566291571,0.34271609215312665,0.005802280543207837,8343187.0,10183901.0,386986938.0,86973793.0,3957.0,11546.0,1307934.0,602198.0
6.1,mcf,none,7,0.22507353266386163,10593.4,0.004784474933697829,8332878.0,10179771.0,86882414.0,386017907.0,17356226.56,0.22507353266386163,0.8185722448962752,0.004784474933697829,0.44223395744460725,0.25454444382678304,0.005980087779304883,8332878.0,10179771.0,386017907.0,86882414.0,4579.0,17989.0,2242442.0,991684.0
6.2,mcf,none,7,0.22469393540566865,10555.8,0.00476531508673773,8345485.0,10188590.0,86906009.0,386775054.0,17294622.72,0.22469393540566865,0.8191010728668049,0.00476531508673773,0.3669196999304568,0.35506831383457416,0.004453362845406788,8345485.0,10188590.0,386775054.0,86906009.0,4340.0,12223.0,1770123.0,649493.0
6.3,mcf,none,7,0.2249942776081446,10558.199999999999,0.004772851652266717,8333237.0,10174771.0,86810704.0,385835164.0,17298554.88,0.2249942776081446,0.8190097841022663,0.004772851652266717,0.41261379564315054,0.30586738512198774,0.005295476150374394,8333237.0,10174771.0,385835164.0,86810704.0,4087.0,13362.0,1751495.0,722691.0
6.4,mcf,none,7,0.22501094216367523,10527.9,0.004828868987621721,8337115.0,10204313.0,87005877.0,386673982.0,17248911.36,0.22501094216367523,0.8170187449169778,0.004828868987621721,0.4385367110158963,0.3568638392857143,0.005430437780454822,8337115.0,10204313.0,386673982.0,87005877.0,3837.0,10752.0,1273378.0,558423.0
6.5,mcf,none,7,0.2251674882576588,10538.699999999999,0.004812389705161186,8337413.0,10196790.0,86998617.0,386372907.0,17266606.08,0.2251674882576588,0.8176507508735592,0.004812389705161186,0.4642691933619455,0.2503756574004508,0.0063081327653045855,8337413.0,10196790.0,386372907.0,86998617.0,3999.0,15972.0,1898026.0,881195.0
6.6,mcf,none,7,0.22504565808682156,10536.199999999999,0.00476834670421637,8330110.0,10167580.0,86720759.0,385347399.0,17262510.08,0.22504565808682156,0.8192814809423677,0.00476834670421637,0.41751980067214195,0.2422324510932106,0.005751857780184697,8330110.0,10167580.0,385347399.0,86720759.0,4210.0,17380.0,2289695.0,955993.0
6.7,mcf,none,7,0.2247628414608784,10536.199999999999,0.00482651101911531,8330376.0,10198110.0,86977363.0,386973943.0,17262510.08,0.2247628414608784,0.8168548878174485,0.00482651101911531,0.4833456956479178,0.25063991698374266,0.007116488480709862,8330376.0,10198110.0,386973943.0,86977363.0,3623.0,14455.0,1522099.0,735700.0
6.8,mcf,none,7,0.2250898571304892,10534.7,0.004874724428925025,8328175.0,10213696.0,87063722.0,386795403.0,17260052.48,0.2250898571304892,0.8153928803050335,0.004874724428925025,0.4933540559240482,0.2637003951211132,0.006793755007937407,8328175.0,10213696.0,386795403.0,87063722.0,3070.0,11642.0,1261747.0,622488.0
6.9,mcf,none,7,0.22521821903419498,10525.4,0.004886904337482623,8332203.0,10223008.0,87139773.0,386912628.0,17244815.36,0.22521821903419498,0.8150441631269387,0.004886904337482623,0.42586956965748246,0.31522441072005164,0.00541438593982966,8332203.0,10223008.0,386912628.0,87139773.0,3905.0,12388.0,1566752.0,667232.0
7.0,mcf,none,7,0.2251890993103614,10533.099999999999,0.004882058105746308,8327795.0,10215133.0,87055077.0,386586550.0,17257431.04,0.2251890993103614,0.815240976304469,0.004882058105746308,0.3649261353436182,0.33885023800805564,0.004231685235365227,8327795.0,10215133.0,386586550.0,87055077.0,4627.0,13655.0,2133429.0,778544.0
7.1,mcf,none,7,0.22454002136773812,10598.600000000002,0.004735282392109431,8350637.0,10181034.0,86794693.0,386544423.0,17364746.240000002,0.22454002136773812,0.8202150194174777,0.004735282392109431,0.41195685271758764,0.2616126472563023,0.005284847468126869,8350637.0,10181034.0,386544423.0,86794693.0,4286.0,16383.0,2288997.0,942968.0
7.2,mcf,none,7,0.22496607412056654,10561.300000000001,0.00478218003838071,8341221.0,10185678.0,86768011.0,385693760.0,17303633.92,0.22496607412056654,0.8189166199834709,0.00478218003838071,0.3677872086550169,0.2693577772716921,0.00474365485798607,8341221.0,10185678.0,385693760.0,86768011.0,4731.0,17564.0,2705298.0,994974.0
7.3,mcf,none,7,0.22461920861460677,10543.000000000002,0.004763756183122726,8350134.0,10191931.0,86843862.0,386627050.0,17273651.200000003,0.22461920861460677,0.8192887098627336,0.004763756183122726,0.4050824170737217,0.3146190588051053,0.004630719557634815,8350134.0,10191931.0,386627050.0,86843862.0,4018.0,12771.0,1890203.0,765688.0
7.5,mcf,none,7,0.22465974692121993,10537.3,0.004848577471494719,8328616.0,10204431.0,86916240.0,386879453.0,17264312.32,0.22465974692121993,0.8161764237516036,0.004848577471494719,0.45151853262940184,0.3264124410621226,0.0058316408230613005,8328616.0,10204431.0,386879453.0,86916240.0,3946.0,12089.0,1396348.0,630477.0
7.6,mcf,none,7,0.22487887931101924,10528.699999999999,0.004852141228663619,8335675.0,10211868.0,86954637.0,386673205.0,17250222.08,0.22487887931101924,0.8162732812449202,0.004852141228663619,0.3114676114940555,0.3643106457242583,0.0035543243222145027,8335675.0,10211868.0,386673205.0,86954637.0,4175.0,11460.0,2049616.0,638389.0
7.8,mcf,none,7,0.22489028486931614,10538.400000000001,0.004866244320956611,8336679.0,10219739.0,87024381.0,386963719.0,17266114.560000002,0.22489028486931614,0.8157428482273373,0.004866244320956611,0.44486299245967553,0.28322246858832223,0.006265084525021577,8336679.0,10219739.0,386963719.0,87024381.0,3832.0,13530.0,1547944.0,688623.0
7.9,mcf,none,7,0.2250693940371861,10528.0,0.004874104178017623,8334142.0,10221276.0,87141368.0,387175557.0,17249075.2,0.2250693940371861,0.8153719750841284,0.004874104178017623,0.45243839913140516,0.30773759461732547,0.005910552537207542,8334142.0,10221276.0,387175557.0,87141368.0,3659.0,11890.0,1392594.0,630063.0
8.0,mcf,none,7,0.224958820584376,10516.8,0.004850148912417228,8332811.0,10208628.0,87003840.0,386754517.0,17230725.119999997,0.224958820584376,0.8162518019071711,0.004850148912417228,0.4425322734308247,0.2860787753149418,0.006110727418152832,8332811.0,10208628.0,386754517.0,87003840.0,3588.0,12542.0,1465292.0,648439.0
8.1,mcf,none,7,0.22484267935636962,10530.8,0.00482353229089994,8325319.0,10188692.0,86858707.0,386308806.0,17253662.72,0.22484267935636962,0.8171136196873946,0.00482353229089994,0.36677118581944673,0.31891958865072484,0.004332894289833345,8325319.0,10188692.0,386308806.0,86858707.0,5148.0,16142.0,2537334.0,930621.0
8.2,mcf,none,7,0.2242732746596723,10574.6,0.004756266663586291,8347280.0,10186970.0,86747302.0,386792863.0,17325424.64,0.2242732746596723,0.8194075372755589,0.004756266663586291,0.44929978610400456,0.265831038979858,0.006439120980235909,8347280.0,10186970.0,386792863.0,86747302.0,3669.0,13802.0,1573662.0,707046.0
8.3,mcf,none,7,0.22511440943919783,10543.400000000001,0.004803038800486352,8318554.0,10168072.0,86685361.0,385072467.0,17274306.560000002,0.22511440943919783,0.8181053399307164,0.004803038800486352,0.38054578321215565,0.20911752404851527,0.004827346967371514,8318554.0,10168072.0,385072467.0,86685361.0,4500.0,21519.0,3525539.0,1341629.0
8.4,mcf,none,7,0.22476374094549145,10523.699999999999,0.004844921544064298,8333860.0,10208721.0,86977832.0,386974481.0,17242030.08,0.22476374094549145,0.8163471212505464,0.004844921544064298,0.4507996016720577,0.31286746178397445,0.005877923694046205,8333860.0,10208721.0,386974481.0,86977832.0,3725.0,11906.0,1391818.0,627431.0
8.5,mcf,none,7,0.2250686231269549,10538.199999999999,0.0048464296485062775,8325243.0,10196904.0,86920103.0,386193783.0,17265786.88,0.2250686231269549,0.8164481101322519,0.0048464296485062775,0.46117129724074335,0.25673805601317956,0.006727842974447438,8325243.0,10196904.0,386193783.0,86920103.0,3896.0,15175.0,1676466.0,773138.0
8.6,mcf,none,7,0.2252811856418927,10526.0,0.004815280902506167,8317522.0,10169411.0,86639961.0,384585871.0,17245798.4,0.2252811856418927,0.8178961397075996,0.004815280902506167,0.4034471840471569,0.26173354558928474,0.005383448088693799,8317522.0,10169411.0,384585871.0,86639961.0,4768.0,18217.0,2498213.0,1007897.0
8.7,mcf,none,7,0.22473271057614966,10514.7,0.004823240503601321,8329175.0,10191901.0,86791331.0,386198034.0,17227284.48,0.22473271057614966,0.817234684677569,0.004823240503601321,0.444275364222704,0.3200469916925401,0.005753855964006979,8329175.0,10191901.0,386198034.0,86791331.0,3814.0,11917.0,1408273.0,625661.0
8.8,mcf,none,7,0.2246917679104553,10528.3,0.004861313591657135,8336069.0,10218175.0,86991657.0,387159965.0,17249566.72,0.2246917679104553,0.8158080087686891,0.004861313591657135,0.4373822501277761,0.28715941814959756,0.006002678634717046,8336069.0,10218175.0,387159965.0,86991657.0,3889.0,13543.0,1608282.0,703434.0
8.9,mcf,none,7,0.22479119739529196,10520.0,0.004880529142376641,8326206.0,10214246.0,86960811.0,386851496.0,17235968.0,0.22479119739529196,0.8151562043835638,0.004880529142376641,0.4397777326501895,0.315765966949531,0.005506364487543288,8326206.0,10214246.0,386851496.0,86960811.0,4242.0,13434.0,1669341.0,734139.0
9.0,mcf,none,7,0.22494233342857492,10509.5,0.0048935458867416775,8323691.0,10216372.0,87001142.0,386770870.0,17218764.8,0.22494233342857492,0.8147403990379364,0.0048935458867416775,0.45210566742687536,0.2569955311103472,0.006405074274443239,8323691.0,10216372.0,386770870.0,87001142.0,3738.0,14545.0,1687256.0,762818.0
9.1,mcf,none,7,0.22458744000433406,10519.5,0.004769962132456312,8328749.0,10169347.0,86662154.0,385872665.0,17235148.8,0.22458744000433406,0.8190052910968619,0.004769962132456312,0.4284057428832616,0.22928230596942253,0.005760424005636328,8328749.0,10169347.0,385872665.0,86662154.0,4709.0,20538.0,2747888.0,1177211.0
9.2,mcf,none,7,0.22463835831541468,10577.9,0.004807837892524984,8337212.0,10195623.0,86831213.0,386537783.0,17330831.36,0.22463835831541468,0.8177246255574574,0.004807837892524984,0.37089296490762635,0.2940013183915623,0.004683550577390097,8337212.0,10195623.0,386537783.0,86831213.0,5352.0,18204.0,2744072.0,1017757.0
9.3,mcf,none,7,0.8623363137658278,10358.699999999999,0.0016631317546306986,2719786.0,3343047.0,323161765.0,374751428.0,16971694.08,0.8623363137658278,0.8135649902618779,0.0016631317546306986,0.4411995140067513,0.10697226776930206,0.007845095914775824,2719786.0,3343047.0,374751428.0,323161765.0,3001.0,28054.0,3193460.0,1408953.0
9.4,mcf,none,7,1.0046328141520964,1555.7999999999997,2.2128154220488355e-05,22575.0,31137.0,388720454.0,386927889.0,2549022.7199999997,1.0046328141520964,0.7250216783890548,2.2128154220488355e-05,0.4421370018278617,0.387417415630022,0.005134375773249362,22575.0,31137.0,386927889.0,388720454.0,6509.0,16801.0,2004528.0,886276.0
9.6,mcf,none,7,0.31398106226407063,10566.900000000001,0.004066692696327309,7346736.0,8918534.0,121355323.0,386505231.0,17312808.96,0.31398106226407063,0.8237604969605992,0.004066692696327309,0.3743425937028807,0.31044816782454704,0.005165872787065928,7346736.0,8918534.0,386505231.0,121355323.0,4558.0,14682.0,1959785.0,733631.0
9.7,mcf,none,7,0.22446334136274013,10527.4,0.004682063587841461,8330761.0,10139831.0,86728830.0,386383048.0,17248092.16,0.22446334136274013,0.8215877562456416,0.004682063587841461,0.3945463417855741,0.3299319727891156,0.00478855333497217,8330761.0,10139831.0,386383048.0,86728830.0,5141.0,15582.0,2180408.0,860272.0
9.8,mcf,none,7,0.22447187895330062,10527.5,0.004741826987809475,8330693.0,10164649.0,86817075.0,386761475.0,17248256.0,0.22447187895330062,0.8195750782934069,0.004741826987809475,0.47815529563469883,0.2710704455850629,0.006368826482463141,8330693.0,10164649.0,386761475.0,86817075.0,3644.0,13443.0,1538588.0,735684.0
9.9,mcf,none,7,0.2246703934321028,10540.0,0.0047691564750281905,8568507.0,10464902.0,89337352.0,397637404.0,17268736.0,0.2246703934321028,0.8187852117487578,0.0047691564750281905,0.49269787924853414,0.2648594685916142,0.0068161671253261944,8568507.0,10464902.0,397637404.0,89337352.0,3449.0,13022.0,1404455.0,691972.0
10.0,mcf,none,7,0.22455788798338414,10544.1,0.004753073954960336,8339395.0,10178228.0,86875243.0,386872373.0,17275453.44,0.22455788798338414,0.8193366271614273,0.004753073954960336,0.4291553304591687,0.29052317386618026,0.005969472465224004,8339395.0,10178228.0,386872373.0,86875243.0,3504.0,12061.0,1433460.0,615177.0
10.1,mcf,none,7,0.2246541052449806,10609.9,0.0047979354520684,8323854.0,10177076.0,86773558.0,386254050.0,17383260.16,0.2246541052449806,0.8179023130022808,0.0047979354520684,0.4713695682601589,0.2760120261999356,0.0063981666654805034,8323854.0,10177076.0,386254050.0,86773558.0,5141.0,18626.0,2107635.0,993475.0
10.2,mcf,none,7,0.22563579174301257,11090.0,0.004627567863823457,8333532.0,10099118.0,86088288.0,381536490.0,18169856.0,0.22563579174301257,0.8251742379879115,0.004627567863823457,0.5952949123109965,0.20649465477051684,0.006846184840055728,8333532.0,10099118.0,381536490.0,86088288.0,10276.0,49764.0,5767884.0,3433592.0
10.3,mcf,none,7,0.22375487196742547,10620.1,0.004398210611606103,8133602.0,9768868.0,83192636.0,371802568.0,17399971.84,0.22375487196742547,0.8326043508828249,0.004398210611606103,0.5941650072773472,0.14034380101795832,0.008085379351482415,8133602.0,9768868.0,371802568.0,83192636.0,7307.0,52065.0,5535671.0,3289102.0
10.4,mcf,none,7,0.22350862941379354,10535.2,0.0046113238050652745,8343392.0,10123773.0,86294204.0,386088914.0,17260871.68,0.22350862941379354,0.8241385894369619,0.0046113238050652745,0.46781766060907126,0.2122124476642988,0.007507807743452301,8343392.0,10123773.0,386088914.0,86294204.0,4511.0,21257.0,2230478.0,1043457.0
10.5,mcf,none,7,0.2240265113176234,10535.2,0.004719223607572307,8341792.0,10169614.0,86768634.0,387314133.0,17260871.68,0.2240265113176234,0.8202663345924437,0.004719223607572307,0.4095435578787432,0.30001565435190986,0.0063376628530609005,8341792.0,10169614.0,387314133.0,86768634.0,3833.0,12776.0,1411088.0,577902.0
10.6,mcf,none,7,0.2243090442730219,10535.7,0.004745732372616596,8320648.0,10150947.0,86509855.0,385672612.0,17261690.880000003,0.2243090442730219,0.8196917982135066,0.004745732372616596,0.3358175306809303,0.2489822155560317,0.004420601643253033,8320648.0,10150947.0,385672612.0,86509855.0,2324.0,9334.0,1585757.0,532525.0
10.7,mcf,none,7,0.2247862050098386,10529.8,0.004776419089925557,8314488.0,10152785.0,86513306.0,384869285.0,17252024.32,0.2247862050098386,0.8189366759957982,0.004776419089925557,0.4631170238916745,0.25242826219681413,0.006648422869113586,8314488.0,10152785.0,384869285.0,86513306.0,4548.0,18017.0,2025894.0,938226.0
10.8,mcf,none,7,0.22452341914692364,10527.9,0.004842946321530314,8332465.0,10207481.0,86927456.0,387164316.0,17248911.36,0.22452341914692364,0.8163096262437324,0.004842946321530314,0.49593504149677525,0.2856908569085691,0.006770526485963845,8332465.0,10207481.0,387164316.0,86927456.0,3484.0,12195.0,1286606.0,638073.0
10.9,mcf,none,7,0.22445078861526435,10537.2,0.004817225970931012,8332643.0,10196757.0,86855352.0,386968353.0,17264148.48,0.22445078861526435,0.8171856012651866,0.004817225970931012,0.49728910899609025,0.24417611903890718,0.006925442255479196,8332643.0,10196757.0,386968353.0,86855352.0,4004.0,16398.0,1789633.0,889965.0
11.0,mcf,none,7,0.22435617426443594,10524.8,0.00482776818044146,8324443.0,10192598.0,86816950.0,386960378.0,17243832.32,0.22435617426443594,0.816714541277896,0.00482776818044146,0.45951456594408313,0.33124834816315746,0.005688200300183512,8324443.0,10192598.0,386960378.0,86816950.0,3760.0,11351.0,1334517.0,613230.0
11.1,mcf,none,7,0.2240523699924372,10567.4,0.004724057742872478,8319290.0,10139759.0,86341111.0,385361293.0,17313628.16,0.2240523699924372,0.8204623009284541,0.004724057742872478,0.35283150963746124,0.297949861330143,0.004609073126461756,8319290.0,10139759.0,385361293.0,86341111.0,5479.0,18389.0,2800997.0,988280.0
11.2,mcf,none,7,0.22422251188162626,10512.6,0.004753533607709649,8329677.0,10165196.0,86580787.0,386137798.0,17223843.84,0.22422251188162626,0.8194310272030171,0.004753533607709649,0.398682324011753,0.23743078626799557,0.0055047727082866175,8329677.0,10165196.0,386137798.0,86580787.0,4288.0,18060.0,2501829.0,997435.0
11.3,mcf,none,7,0.2244614656254694,10542.3,0.004760339285954342,8332698.0,10169458.0,86607659.0,385846447.0,17272504.32,0.2244614656254694,0.8193846712381329,0.004760339285954342,0.3580249487505003,0.2417105153261505,0.0041149167204127335,8332698.0,10169458.0,385846447.0,86607659.0,2894.0,11973.0,2206363.0,789933.0
11.4,mcf,none,7,0.22445140554426815,10531.5,0.004822947488741136,8326730.0,10191604.0,86787922.0,386666868.0,17254809.6,0.22445140554426815,0.8170185968764092,0.004822947488741136,0.5004218109751198,0.22773627416103404,0.007267312104412724,8326730.0,10191604.0,386666868.0,86787922.0,3841.0,16866.0,1792272.0,896892.0
11.5,mcf,none,7,0.2246801765677294,10521.0,0.004856360582249199,8317935.0,10194845.0,86835494.0,386484893.0,17237606.4,0.2246801765677294,0.8158961710550774,0.004856360582249199,0.37496729411835467,0.3131984515375064,0.0047131556338825915,8317935.0,10194845.0,386484893.0,86835494.0,4288.0,13691.0,1995054.0,748080.0
11.7,mcf,none,7,0.22429768317086515,10507.1,0.004796456917406384,8329501.0,10183895.0,86717401.0,386617462.0,17214832.64,0.22429768317086515,0.8179091595111694,0.004796456917406384,0.4408441553469844,0.282336674732112,0.005677250419190102,8329501.0,10183895.0,386617462.0,86717401.0,4084.0,14465.0,1828526.0,806095.0
11.8,mcf,none,7,0.2243503218144836,10516.6,0.004837141167304272,8323325.0,10194541.0,86788435.0,386843372.0,17230397.44,0.2243503218144836,0.8164492153202385,0.004837141167304272,0.4956572313969788,0.2808323329331733,0.006805147557197394,8323325.0,10194541.0,386843372.0,86788435.0,3509.0,12495.0,1320471.0,654501.0
11.9,mcf,none,7,0.22449287451542616,10512.2,0.004834208045080286,8322035.0,10191097.0,86796244.0,386632512.0,17223188.48,0.22449287451542616,0.8165985467511495,0.004834208045080286,0.48341975275358934,0.23836138456652906,0.007184344455527697,8322035.0,10191097.0,386632512.0,86796244.0,3753.0,15745.0,1669185.0,806917.0
12.0,mcf,none,7,0.22435995091524183,10517.5,0.004832593995318047,8319619.0,10188797.0,86779209.0,386785648.0,17231872.0,0.22435995091524183,0.8165457609961215,0.004832593995318047,0.48423722266077696,0.2514450867052023,0.006859757082300289,8319619.0,10188797.0,386785648.0,86779209.0,3567.0,14186.0,1548014.0,749606.0
12.1,mcf,none,7,0.22461431827933317,10573.2,0.004867743535890522,8323233.0,10206159.0,86884639.0,386817010.0,17323130.880000003,0.22461431827933317,0.8155108106781406,0.004867743535890522,0.46809179126820594,0.28561517113783536,0.0065282400803085535,8323233.0,10206159.0,386817010.0,86884639.0,3705.0,12972.0,1419525.0,664468.0
12.2,mcf,none,7,0.22395720765197413,10523.899999999998,0.0047108927705613556,8334890.0,10153153.0,86440750.0,385969940.0,17242357.759999998,0.22395720765197413,0.8209164187715875,0.0047108927705613556,0.4336591772593398,0.23859402840019436,0.005735926906182899,8334890.0,10153153.0,385969940.0,86440750.0,4419.0,18521.0,2458539.0,1066168.0
12.3,mcf,none,7,0.22457317696094345,10527.4,0.004801630038106194,8318039.0,10169985.0,86615877.0,385691106.0,17248092.16,0.22457317696094345,0.8179008130297144,0.004801630038106194,0.38522883962131416,0.2835482856244102,0.004577998432192317,8318039.0,10169985.0,385691106.0,86615877.0,4507.0,15895.0,2487550.0,958276.0
12.4,mcf,none,7,0.22382587267310197,10516.8,0.004744506676605297,8324155.0,10159154.0,86567536.0,386762866.0,17230725.119999997,0.22382587267310197,0.8193748219586001,0.004744506676605297,0.45210551006063326,0.21288153129849974,0.006295557060080365,8324155.0,10159154.0,386762866.0,86567536.0,3292.0,15464.0,1933427.0,874113.0
12.5,mcf,none,7,0.22434692611352677,10508.3,0.00482984965752698,8320306.0,10190227.0,86857989.0,387159256.0,17216798.72,0.22434692611352677,0.8164985922295941,0.00482984965752698,0.5311316167298685,0.1880254254664753,0.007611125312565468,8320306.0,10190227.0,387159256.0,86857989.0,1834.0,9754.0,1040582.0,552686.0
12.6,mcf,none,7,0.22443706885415504,10515.599999999999,0.004811617212387819,8311312.0,10169582.0,86678689.0,386204870.0,17228759.04,0.22443706885415504,0.8172717423390656,0.004811617212387819,0.4399935709944333,0.27839869945133106,0.005843702756134434,8311312.0,10169582.0,386204870.0,86678689.0,4110.0,14763.0,1822988.0,802103.0
12.7,mcf,none,7,0.2246852478445541,10527.1,0.00481968716401801,8307762.0,10164230.0,86545238.0,385184336.0,17247600.64,0.2246852478445541,0.8173528147237912,0.00481968716401801,0.44378800229376275,0.24680085771598534,0.006450615382428072,8307762.0,10164230.0,385184336.0,86545238.0,3568.0,14457.0,1688056.0,749139.0
12.8,mcf,none,7,0.22425744406501583,10521.599999999999,0.004826012033422374,8324405.0,10191891.0,86779236.0,386962566.0,17238589.439999998,0.22425744406501583,0.8167674673914782,0.004826012033422374,0.4790762096434775,0.31953612845673507,0.005837204141445833,8324405.0,10191891.0,386962566.0,86779236.0,3582.0,11210.0,1306790.0,626052.0
13.0,mcf,none,7,0.22440051929073337,10510.599999999999,0.004843691744937674,8320710.0,10195074.0,86836297.0,386970125.0,17220567.04,0.22440051929073337,0.8161500348109293,0.004843691744937674,0.44496927317172935,0.2789401343921808,0.006131081655775118,8320710.0,10195074.0,386970125.0,86836297.0,3653.0,13096.0,1540185.0,685335.0
13.1,mcf,none,7,0.22438698575102126,10513.800000000001,0.004758283366995069,8319460.0,10153703.0,86497635.0,385484188.0,17225809.92,0.22438698575102126,0.8193523092018744,0.004758283366995069,0.44607206736469784,0.23124147339699863,0.005888783938583975,8319460.0,10153703.0,385484188.0,86497635.0,4407.0,19058.0,2487950.0,1109805.0
13.2,mcf,none,7,0.8526425458444707,10573.4,0.0017182994802624597,2823805.0,3476142.0,323698102.0,379641039.0,17323458.56,0.8526425458444707,0.8123387939848257,0.0017182994802624597,0.4940510253632662,0.1571246122970261,0.008628366516006125,2823805.0,3476142.0,379641039.0,323698102.0,4306.0,27405.0,2677100.0,1322624.0
13.3,mcf,none,7,1.0030749832868993,2289.2000000000003,2.23666277752291e-05,21921.0,30543.0,386670382.0,385485022.0,3750625.2800000003,1.0030749832868993,0.7177094587957961,2.23666277752291e-05,0.4241029198237147,0.29957869395124886,0.004962556066400528,21921.0,30543.0,385485022.0,386670382.0,5973.0,19938.0,2814074.0,1193457.0
13.4,mcf,none,7,0.3169400395416472,2424.7,0.00404695520778127,7327720.0,8893241.0,122604838.0,386839221.0,3972628.48,0.3169400395416472,0.8239650763990316,0.00404695520778127,0.4395472893933227,0.3240806084842782,0.005516178657636003,7327720.0,8893241.0,386839221.0,122604838.0,4133.0,12753.0,1562676.0,686870.0
13.5,mcf,none,7,0.22445923862774428,10572.8,0.004689912184942555,8336523.0,10151109.0,86846102.0,386912575.0,17322475.52,0.22445923862774428,0.8212425854160368,0.004689912184942555,0.4886038906462507,0.25446151726038724,0.00688936770631173,8336523.0,10151109.0,386912575.0,86846102.0,3693.0,14513.0,1570536.0,767370.0
13.6,mcf,none,7,0.22444961194357088,10535.599999999999,0.004688481858878431,8332039.0,10142439.0,86668476.0,386137785.0,17261527.04,0.22444961194357088,0.8215025005326628,0.004688481858878431,0.3632843908600501,0.30435017271157166,0.0047408653099898414,8332039.0,10142439.0,386137785.0,86668476.0,5639.0,18528.0,2718702.0,987662.0
13.8,mcf,none,7,0.2243907955425149,10544.300000000001,0.004716631538247877,8329693.0,10153179.0,86751206.0,386607685.0,17275781.12,0.2243907955425149,0.8204024572008431,0.004716631538247877,0.4876527342782423,0.24568875235634993,0.007213337597419115,8329693.0,10153179.0,386607685.0,86751206.0,3519.0,14323.0,1497781.0,730397.0
13.9,mcf,none,7,0.22424177810598925,10544.8,0.004748253095710065,8332577.0,10170060.0,86777273.0,386980846.0,17276600.32,0.22424177810598925,0.8193242714398932,0.004748253095710065,0.5466227170591266,0.2169886052038267,0.00812203916908695,8332577.0,10170060.0,386980846.0,86777273.0,3561.0,16411.0,1582115.0,864820.0
14.0,mcf,none,7,0.2249825575246661,10538.0,0.004821447447446592,8325226.0,10189160.0,86976503.0,386592205.0,17265459.2,0.2249825575246661,0.8170669613589344,0.004821447447446592,0.5026222951077266,0.22755768112195437,0.007007640274465911,8325226.0,10189160.0,386592205.0,86976503.0,3521.0,15473.0,1705567.0,857256.0
14.1,mcf,none,7,0.2249807263072925,10490.2,0.004833966383171868,8292533.0,10153335.0,86604778.0,384943099.0,17187143.68,0.2249807263072925,0.8167299709898275,0.004833966383171868,0.4412983466948933,0.29991197887493,0.005846476043080422,8292533.0,10153335.0,384943099.0,86604778.0,3748.0,12497.0,1496457.0,660384.0
14.2,mcf,none,7,0.2243590645443923,10598.800000000001,0.004707507446602322,8347249.0,10164479.0,86608896.0,386028067.0,17365073.92,0.2243590645443923,0.8212175951172707,0.004707507446602322,0.45740051139318827,0.21373095393371672,0.006883979357405288,8347249.0,10164479.0,386028067.0,86608896.0,3605.0,16867.0,1926502.0,881183.0
14.3,mcf,none,7,0.2246123612028274,10543.4,0.004765749165817627,8321970.0,10163188.0,86777610.0,386343875.0,17274306.56,0.2246123612028274,0.8188346018985382,0.004765749165817627,0.38446251607466725,0.2900270932782867,0.004938389042394046,8321970.0,10163188.0,386343875.0,86777610.0,4496.0,15502.0,2228662.0,856837.0
14.4,mcf,none,7,0.2245180768277451,10551.5,0.004716694352831325,8333598.0,10151083.0,86513606.0,385330247.0,17287577.6,0.2245180768277451,0.8209565422723861,0.004716694352831325,0.43398495834149836,0.1843664982510688,0.0059709274266828505,8333598.0,10151083.0,385330247.0,86513606.0,3795.0,20584.0,2811791.0,1220275.0
14.5,mcf,none,7,0.22429298934406458,10521.5,0.004780870856798783,8326840.0,10177094.0,86804060.0,387011918.0,17238425.6,0.22429298934406458,0.8181942703879909,0.004780870856798783,0.44870021342494787,0.32747690635754395,0.005748616840675992,8326840.0,10177094.0,387011918.0,86804060.0,3616.0,11042.0,1291789.0,579626.0
14.6,mcf,none,7,0.22461556853694378,10520.1,0.004805680827450459,8317269.0,10173471.0,86758127.0,386251619.0,17236131.84,0.22461556853694378,0.8175448674302016,0.004805680827450459,0.408101235672742,0.26958232095337265,0.005448058120674531,8317269.0,10173471.0,386251619.0,86758127.0,4660.0,17286.0,2317523.0,945784.0
14.7,mcf,none,7,0.22491409795141556,10533.3,0.004832177640417869,8322453.0,10187788.0,86822168.0,386023681.0,17257758.72,0.22491409795141556,0.8169048079916857,0.004832177640417869,0.47831399478445835,0.212010520163647,0.006803922632347209,8322453.0,10187788.0,386023681.0,86822168.0,2902.0,13688.0,1585262.0,758253.0
14.8,mcf,none,7,0.22474256367753748,10551.900000000001,0.004792377276903747,8320921.0,10167601.0,86601612.0,385336941.0,17288232.96,0.22474256367753748,0.8183760358023491,0.004792377276903747,0.46599087976787007,0.26189993923435284,0.00644988857835181,8320921.0,10167601.0,385336941.0,86601612.0,3879.0,14811.0,1694913.0,789814.0
14.9,mcf,none,7,0.22447282693762638,10527.6,0.0048252543683759575,8327625.0,10195168.0,86878872.0,387035140.0,17248419.84,0.22447282693762638,0.8168207723501957,0.0048252543683759575,0.44243323094085957,0.28451307139581106,0.00609923772560989,8327625.0,10195168.0,387035140.0,86878872.0,3722.0,13082.0,1534618.0,678966.0
15.0,mcf,none,7,0.2243396200500136,10523.199999999999,0.004818560684146971,8318913.0,10182848.0,86779953.0,386824017.0,17241210.88,0.2243396200500136,0.8169534692062574,0.004818560684146971,0.49816143072245955,0.2858501783590963,0.006626793607266302,8318913.0,10182848.0,386824017.0,86779953.0,3606.0,12615.0,1359481.0,677241.0
15.1,mcf,none,7,0.22460931075478982,10554.6,0.004752230157097155,8328894.0,10160234.0,86556417.0,385364332.0,17292656.64,0.22460931075478982,0.8197541513315539,0.004752230157097155,0.4794661506180207,0.2245091477019188,0.006669519389721945,8328894.0,10160234.0,385364332.0,86556417.0,4025.0,17928.0,2084558.0,999475.0
15.2,mcf,none,7,0.22415583503948766,10548.5,0.004726024264018951,8348223.0,10175186.0,86653050.0,386575036.0,17282662.4,0.22415583503948766,0.8204491790125508,0.004726024264018951,0.4613826904516964,0.3044076021027093,0.005701221775604789,8348223.0,10175186.0,386575036.0,86653050.0,3764.0,12365.0,1508624.0,696053.0
15.3,mcf,none,7,0.2246584975866969,10540.5,0.004791278430965834,8306308.0,10152008.0,86543121.0,385220777.0,17269555.2,0.2246584975866969,0.8181936026843163,0.004791278430965834,0.40940271454667637,0.24082863364788654,0.00536189223211835,8306308.0,10152008.0,385220777.0,86543121.0,4313.0,17909.0,2535672.0,1038111.0
15.4,mcf,none,7,0.22439189448991717,10537.8,0.0048062484334259,8331071.0,10188783.0,86731995.0,386520178.0,17265131.52,0.22439189448991717,0.8176708641257744,0.0048062484334259,0.39582631106965205,0.3159422292861585,0.004759832571603048,8331071.0,10188783.0,386520178.0,86731995.0,4572.0,14471.0,2079695.0,823198.0
15.5,mcf,none,7,0.22450468811124702,10506.100000000002,0.0048398945141907845,8323625.0,10195592.0,86833580.0,386778471.0,17213194.240000002,0.22450468811124702,0.8163944771426711,0.0048398945141907845,0.5010755594254226,0.21564550711454747,0.007381553941842748,8323625.0,10195592.0,386778471.0,86833580.0,3319.0,15391.0,1635428.0,819473.0
15.6,mcf,none,7,0.22448786973714083,10534.2,0.004800263102947757,8329137.0,10184999.0,86790765.0,386616725.0,17259233.28,0.22448786973714083,0.8177847636509341,0.004800263102947757,0.36534054388084025,0.30630905211825665,0.004554619817318921,8329137.0,10184999.0,386616725.0,86790765.0,5025.0,16405.0,2498562.0,912826.0
15.7,mcf,none,7,0.22430304689719072,10525.3,0.0047923272496883,8319349.0,10171179.0,86674196.0,386415598.0,17244651.52,0.22430304689719072,0.8179335945223263,0.0047923272496883,0.4805843175175741,0.27087500926131736,0.006682629102880301,8319349.0,10171179.0,386415598.0,86674196.0,3656.0,13497.0,1472624.0,707720.0
15.9,mcf,none,7,0.22426979454757204,10520.9,0.00481389904500895,8323722.0,10185681.0,86744894.0,386788128.0,17237442.56,0.22426979454757204,0.8171983787829209,0.00481389904500895,0.4870971509809876,0.2726949850831084,0.006834041388700704,8323722.0,10185681.0,386788128.0,86744894.0,3839.0,14078.0,1498235.0,729786.0
16.0,mcf,none,7,0.22471175718547381,10514.8,0.004849467135999687,8322390.0,10197136.0,86870878.0,386588041.0,17227448.32,0.22471175718547381,0.8161497502828245,0.004849467135999687,0.49664748027221156,0.2516050791839064,0.006829375624121998,8322390.0,10197136.0,386588041.0,86870878.0,3527.0,14018.0,1536158.0,762929.0
16.1,mcf,none,7,0.2245401972805985,10574.9,0.004865719388243988,8325585.0,10209434.0,86934694.0,387167621.0,17325916.16,0.2245401972805985,0.8154795848623929,0.004865719388243988,0.4426751644777451,0.40129959633750123,0.00500469936414558,8325585.0,10209434.0,387167621.0,86934694.0,4076.0,10157.0,1215058.0,537876.0
16.2,mcf,none,7,0.2245640468307077,10537.8,0.004701750919211418,8327415.0,10134403.0,86304984.0,384322358.0,17265131.52,0.2245640468307077,0.821697637246121,0.004701750919211418,0.396194129711267,0.28155160754902564,0.004311755371800817,8327415.0,10134403.0,384322358.0,86304984.0,4580.0,16267.0,2710497.0,1073883.0
16.3,mcf,none,7,0.22435354657573617,10535.7,0.0047765060016184595,8320880.0,10166025.0,86666870.0,386295966.0,17261690.880000003,0.22435354657573617,0.8184988724698198,0.0047765060016184595,0.45234453326211155,0.24733947148152577,0.006416585157499158,8320880.0,10166025.0,386295966.0,86666870.0,4137.0,16726.0,1961947.0,887476.0
16.4,mcf,none,7,0.22419825160853907,10523.3,0.0047434116586658895,8329101.0,10158999.0,86490476.0,385776764.0,17241374.72,0.22419825160853907,0.8198741824858926,0.0047434116586658895,0.3706330972973294,0.25643065499867407,0.0046291496430403934,8329101.0,10158999.0,385776764.0,86490476.0,4835.0,18855.0,3028634.0,1122512.0
16.5,mcf,none,7,0.22427775481681642,10514.2,0.004795295804890167,8329794.0,10184575.0,86748792.0,386791780.0,17226465.28,0.22427775481681642,0.8178833186460898,0.004795295804890167,0.45714531424167554,0.2775290957923008,0.006406223642299335,8329794.0,10184575.0,386791780.0,86748792.0,3720.0,13404.0,1511655.0,691046.0
16.6,mcf,none,7,0.224547626295876,10515.1,0.004814846358006889,8314309.0,10174631.0,86758924.0,386372038.0,17227939.84,0.224547626295876,0.8171607402764779,0.004814846358006889,0.40806562204034647,0.2720953921744862,0.0055715442139274846,8314309.0,10174631.0,386372038.0,86758924.0,4541.0,16689.0,2180365.0,889732.0
16.7,mcf,none,7,0.22458868164239196,10518.0,0.004822011266759999,8324448.0,10187139.0,86756188.0,386289226.0,17232691.2,0.22458868164239196,0.8171526863430449,0.004822011266759999,0.4593792682996458,0.24658135283363802,0.006536188202633887,8324448.0,10187139.0,386289226.0,86756188.0,3372.0,13675.0,1576301.0,724120.0
16.8,mcf,none,7,0.2248386544908475,10519.9,0.004840668200183777,8311674.0,10177307.0,86654651.0,385408155.0,17235804.16,0.2248386544908475,0.8166869683699234,0.004840668200183777,0.4779289712044397,0.2323226341347862,0.007029563427398866,8311674.0,10177307.0,385408155.0,86654651.0,3923.0,16886.0,1844069.0,881334.0
16.9,mcf,none,7,0.22433730276156913,10517.4,0.004833662339614877,8333114.0,10204521.0,86854722.0,387161301.0,17231708.16,0.22433730276156913,0.816610010406172,0.004833662339614877,0.45603681998730033,0.3146745988822787,0.005761079260872398,8333114.0,10204521.0,387161301.0,86854722.0,3491.0,11094.0,1319718.0,601840.0
17.0,mcf,none,7,0.22437243626361056,10504.7,0.004834031021588919,8320149.0,10189853.0,86782654.0,386779479.0,17210900.48,0.22437243626361056,0.8165131528393982,0.004834031021588919,0.47864722907063995,0.24633887954134728,0.006823092676487016,8320149.0,10189853.0,386779479.0,86782654.0,3953.0,16047.0,1772510.0,848407.0
17.1,mcf,none,7,0.872210924389658,2939.2,0.0016071912264853938,2636794.0,3251710.0,333710416.0,382602885.0,4815585.279999999,0.872210924389658,0.8108945754695221,0.0016071912264853938,0.5175676824390744,0.17706443725845886,0.0075806947299132295,2636794.0,3251710.0,382602885.0,333710416.0,4490.0,25358.0,2752782.0,1424751.0
17.2,mcf,none,7,1.005544275649321,1971.5,2.115801895439679e-05,21837.0,30013.0,388568042.0,386425592.0,3230105.6,1.005544275649321,0.7275847132909072,2.115801895439679e-05,0.41006474213831595,0.2865720246272834,0.005445408046356458,21837.0,30013.0,386425592.0,388568042.0,5632.0,19653.0,2574830.0,1055847.0
17.3,mcf,none,7,0.28935629661924234,10601.8,0.0041521564227473004,7635529.0,9237174.0,111615753.0,385738117.0,17369989.119999997,0.28935629661924234,0.8266087658411545,0.0041521564227473004,0.3465884308360674,0.2828851130865309,0.004422799660638784,7635529.0,9237174.0,385738117.0,111615753.0,5028.0,17774.0,2881885.0,998828.0
17.4,mcf,none,7,0.22465971309670035,10564.2,0.004662248038719938,8348003.0,10147911.0,86732154.0,386060112.0,17308385.28,0.22465971309670035,0.8226326580909116,0.004662248038719938,0.46935474394439186,0.19863581896949029,0.0069498152831186395,8348003.0,10147911.0,386060112.0,86732154.0,4310.0,21698.0,2501937.0,1174296.0
17.5,mcf,none,7,0.22497180254258592,10556.399999999998,0.0047511986578989375,8350008.0,10186693.0,86968019.0,386572975.0,17295605.759999998,0.22497180254258592,0.8196976192371754,0.0047511986578989375,0.5050647695403928,0.24589066114696212,0.007255383404284231,8350008.0,10186693.0,386572975.0,86968019.0,4039.0,16426.0,1707284.0,862289.0
17.6,mcf,none,7,0.22505898510533695,10576.400000000001,0.004725719800741236,8342146.0,10167101.0,86912161.0,386175033.0,17328373.76,0.22505898510533695,0.8205038978170867,0.004725719800741236,0.3422846483733512,0.2860515800944424,0.004616586122055914,8342146.0,10167101.0,386175033.0,86912161.0,4725.0,16518.0,2554485.0,874361.0
17.7,mcf,none,7,0.22500077739825602,10574.400000000001,0.004749284635691397,8355317.0,10189911.0,86915211.0,386288492.0,17325096.96,0.22500077739825602,0.8199597621608276,0.004749284635691397,0.4324477849287265,0.30792736162039464,0.005825189923090151,8355317.0,10189911.0,386288492.0,86915211.0,3527.0,11454.0,1360814.0,588481.0
17.8,mcf,none,7,0.22511293804317206,10548.899999999998,0.004806009364177649,8341126.0,10199607.0,87051041.0,386699413.0,17283317.759999998,0.22511293804317206,0.8177889599079651,0.004806009364177649,0.5104488306397045,0.2684880854560394,0.006984192568369316,8341126.0,10199607.0,386699413.0,87051041.0,3921.0,14604.0,1529597.0,780781.0
18.0,mcf,none,7,0.225390768804294,10555.3,0.004848075546762116,8350865.0,10227073.0,87226356.0,387000570.0,17293803.52,0.225390768804294,0.8165449684381836,0.004848075546762116,0.4771598419433513,0.2797213274402577,0.006492287580993229,8350865.0,10227073.0,387000570.0,87226356.0,3734.0,13349.0,1480988.0,706668.0
18.1,mcf,none,7,0.22547072167840834,10554.6,0.004864072250422826,8344577.0,10224839.0,87158251.0,386561281.0,17292656.64,0.22547072167840834,0.8161084003376483,0.004864072250422826,0.45014669310664307,0.2859951246363136,0.006149461718923547,8344577.0,10224839.0,386561281.0,87158251.0,3637.0,12717.0,1476552.0,664665.0
18.2,mcf,none,7,0.22484489966053417,10618.0,0.004727423358212818,8361892.0,10186726.0,86792442.0,386010277.0,17396531.2,0.22484489966053417,0.8208615800601685,0.004727423358212818,0.47968266963632017,0.22555958340525922,0.0065824384513394,8361892.0,10186726.0,386010277.0,86792442.0,3920.0,17379.0,2044683.0,980799.0
18.3,mcf,none,7,0.22481181972689648,10556.300000000001,0.004779812197312944,8354266.0,10201638.0,86888573.0,386494683.0,17295441.92,0.22481181972689648,0.8189141782917606,0.004779812197312944,0.5068939203600848,0.22152118144630104,0.007502659474947478,8354266.0,10201638.0,386494683.0,86888573.0,3195.0,14423.0,1496536.0,758585.0
18.4,mcf,none,7,0.22505128853360173,10572.6,0.004752859081960777,8348466.0,10182377.0,86837002.0,385854276.0,17322147.84,0.22505128853360173,0.8198936260167935,0.004752859081960777,0.3336855701292651,0.2935141800246609,0.003776526845005,8348466.0,10182377.0,385854276.0,86837002.0,5951.0,20275.0,3792903.0,1265637.0
18.5,mcf,none,7,0.2248838392413697,10549.2,0.00478740229333923,8354749.0,10207299.0,87021840.0,386963511.0,17283809.28,0.2248838392413697,0.8185073250034117,0.00478740229333923,0.46323315744676175,0.27342386768833926,0.006579087473629037,8354749.0,10207299.0,386963511.0,87021840.0,3604.0,13181.0,1455673.0,674316.0
18.6,mcf,none,7,0.2252055880640918,10550.4,0.004836199319413718,8345599.0,10216477.0,87120516.0,386848820.0,17285775.36,0.2252055880640918,0.816876404654951,0.004836199319413718,0.4472028831873783,0.27890815303052013,0.006462515803146568,8345599.0,10216477.0,386848820.0,87120516.0,3893.0,13958.0,1557443.0,696493.0
18.7,mcf,none,7,0.2254101873992656,10557.8,0.004832082411337291,8338568.0,10201891.0,86921528.0,385614905.0,17297899.52,0.2254101873992656,0.8173551354351855,0.004832082411337291,0.409609461075566,0.2119535643025576,0.005603310267264809,8338568.0,10201891.0,385614905.0,86921528.0,4674.0,22052.0,3101381.0,1270355.0
18.8,mcf,none,7,0.22518805958434351,10557.3,0.00485702735311779,8341192.0,10219898.0,87103104.0,386801610.0,17297080.32,0.22518805958434351,0.8161717465281944,0.00485702735311779,0.4300224045071738,0.30405352835913796,0.005439965164761919,8341192.0,10219898.0,386801610.0,87103104.0,3908.0,12853.0,1644312.0,707091.0
18.9,mcf,none,7,0.22547581414959908,10542.5,0.004838324861820645,8340549.0,10205018.0,86888061.0,385354240.0,17272832.0,0.22547581414959908,0.8172988033926055,0.004838324861820645,0.48064515706703465,0.19250117905989625,0.006724804729947343,8340549.0,10205018.0,385354240.0,86888061.0,2449.0,12722.0,1527628.0,734247.0
19.0,mcf,none,7,0.2250494156448146,10546.199999999999,0.004839803473335941,8354761.0,10227598.0,87086361.0,386965506.0,17278894.08,0.2250494156448146,0.8168839839031609,0.004839803473335941,0.45547603627145256,0.2719298245614035,0.006376046201821317,8354761.0,10227598.0,386965506.0,87086361.0,3813.0,14022.0,1601149.0,729285.0
19.1,mcf,none,7,0.22506500450235314,10543.600000000002,0.004785400538420976,8348031.0,10194937.0,86862929.0,385945959.0,17274634.240000002,0.22506500450235314,0.8188408618905639,0.004785400538420976,0.46571076543197487,0.27017865969917376,0.006483574943476526,8348031.0,10194937.0,385945959.0,86862929.0,3826.0,14161.0,1594028.0,742356.0
19.2,mcf,none,7,0.2245821103349899,10605.500000000002,0.004741567723159479,8352977.0,10183738.0,86713128.0,386108795.0,17376051.200000003,0.2245821103349899,0.8202270129101907,0.004741567723159479,0.3655021333146814,0.27702031602708804,0.004480380499405469,8352977.0,10183738.0,386108795.0,86713128.0,3068.0,11075.0,1787125.0,653198.0
19.3,mcf,none,7,0.22544291914177395,10454.099999999999,0.004814846661922079,8331277.0,10186725.0,86876622.0,385359728.0,17127997.439999998,0.22544291914177395,0.8178562786371478,0.004814846661922079,0.452665163343027,0.2733636681834092,0.006107436156551594,8331277.0,10186725.0,385359728.0,86876622.0,4686.0,17142.0,2039481.0,923202.0
19.4,mcf,none,7,0.2249948902300795,10661.5,0.0047974892192222856,8345204.0,10196968.0,86844893.0,385986068.0,17467801.6,0.2249948902300795,0.818400528470816,0.0047974892192222856,0.40365133674577724,0.297165991902834,0.004401190697377938,8345204.0,10196968.0,385986068.0,86844893.0,5138.0,17290.0,2761071.0,1114510.0
19.5,mcf,none,7,0.2249744577930809,10552.0,0.004848417871440208,8352124.0,10229243.0,87101368.0,387161142.0,17288396.8,0.2249744577930809,0.8164948276231193,0.004848417871440208,0.5249768918783794,0.2335779488097369,0.00783237283216553,8352124.0,10229243.0,387161142.0,87101368.0,3915.0,16761.0,1640116.0,861023.0
19.6,mcf,none,7,0.22506309393885066,10542.8,0.0048412128016140565,8347985.0,10219798.0,87018696.0,386641339.0,17273323.52,0.22506309393885066,0.816844422952391,0.0048412128016140565,0.3558777320098139,0.3460554371002132,0.00414207576473766,8347985.0,10219798.0,386641339.0,87018696.0,4869.0,14070.0,2221350.0,790529.0
19.7,mcf,none,7,0.224842904676639,10571.2,0.004816333294905987,8355837.0,10219710.0,87011964.0,386990037.0,17319854.080000002,0.224842904676639,0.8176197759036216,0.004816333294905987,0.4584241372665294,0.32458656766790417,0.005956043579935611,8355837.0,10219710.0,386990037.0,87011964.0,3847.0,11852.0,1344013.0,616128.0
19.8,mcf,none,7,0.22493892672481935,10558.5,0.004824150808695538,8350773.0,10217310.0,87032277.0,386915143.0,17299046.4,0.22493892672481935,0.8173162016225406,0.004824150808695538,0.5045320088676001,0.24974938180846087,0.007349946770829105,8350773.0,10217310.0,386915143.0,87032277.0,3737.0,14963.0,1527358.0,770601.0
19.9,mcf,none,7,0.2250962258923265,10538.699999999999,0.004845358008648915,8578609.0,10505144.0,89499219.0,397604263.0,17266606.08,0.2250962258923265,0.816610319668155,0.004845358008648915,0.43851894215559156,0.33061679677447026,0.005677626093068538,8578609.0,10505144.0,397604263.0,89499219.0,3854.0,11657.0,1374342.0,602675.0
20.1,mcf,none,7,0.22508509945923394,10578.0,0.004851668560076574,8344105.0,10219703.0,87015252.0,386588238.0,17330995.2,0.22508509945923394,0.8164723573669411,0.004851668560076574,0.4624394769836086,0.3087869085734614,0.006233565907688044,8344105.0,10219703.0,386588238.0,87015252.0,4340.0,14055.0,1558498.0,720711.0
20.2,mcf,none,7,0.22481022877836793,10583.699999999999,0.004770501794385144,8356450.0,10199041.0,86832229.0,386246789.0,17340334.08,0.22481022877836793,0.8193368376497359,0.004770501794385144,0.42982043780893775,0.2804384380643956,0.005827700998688591,8356450.0,10199041.0,386246789.0,86832229.0,4503.0,16057.0,1982600.0,852162.0
20.3,mcf,none,7,0.22504736339257075,10570.2,0.004812452025635374,8344274.0,10203080.0,86924376.0,386249253.0,17318215.68,0.22504736339257075,0.817819129125715,0.004812452025635374,0.4205982065049335,0.29678257105756745,0.005480561099710454,8344274.0,10203080.0,386249253.0,86924376.0,4114.0,13862.0,1778650.0,748097.0
20.4,mcf,none,7,0.22502776900009608,10559.400000000001,0.0047721909764417625,8346258.0,10186290.0,86764821.0,385573840.0,17300520.96,0.22502776900009608,0.8193619070338661,0.0047721909764417625,0.3371086185778891,0.3150073513967654,0.003933489205444226,8346258.0,10186290.0,385573840.0,86764821.0,5999.0,19044.0,3316394.0,1117985.0
20.5,mcf,none,7,0.2247482186807247,10544.9,0.004786196996093061,8350129.0,10200206.0,86875135.0,386544265.0,17276764.16,0.2247482186807247,0.8186235650534901,0.004786196996093061,0.39999698260569516,0.32498627881448955,0.004788410091139909,8350129.0,10200206.0,386544265.0,86875135.0,4737.0,14576.0,2054753.0,821895.0
20.6,mcf,none,7,0.22506812252036604,10548.2,0.004814259103435055,8117435.0,9927445.0,84618535.0,375968547.0,17282170.880000003,0.22506812252036604,0.8176761493012552,0.004814259103435055,0.47903475442378374,0.2633444816053512,0.006831779904157813,8117435.0,9927445.0,375968547.0,84618535.0,3937.0,14950.0,1612025.0,772216.0
20.7,mcf,none,7,0.22492881628716538,10565.0,0.004817016481217852,8352911.0,10215371.0,86966886.0,386641816.0,17309696.0,0.22492881628716538,0.817680630493009,0.004817016481217852,0.4847814805757198,0.24442164657604515,0.00702888739106835,8352911.0,10215371.0,386641816.0,86966886.0,3812.0,15596.0,1676510.0,812741.0
20.8,mcf,none,7,0.22532548503333166,10605.8,0.004839612948137704,8333217.0,10198458.0,86842964.0,385411193.0,17376542.72,0.22532548503333166,0.8171055859621131,0.004839612948137704,0.5065203018930752,0.20667718458954654,0.007544422944570658,8333217.0,10198458.0,385411193.0,86842964.0,4061.0,19649.0,2066162.0,1046553.0
20.9,mcf,none,7,0.22468910220170274,10565.3,0.004718957247408118,8350760.0,10169918.0,86617648.0,385499996.0,17310187.52,0.22468910220170274,0.8211236314786412,0.004718957247408118,0.45755044054306165,0.2582156526329682,0.00634727577024454,8350760.0,10169918.0,385499996.0,86617648.0,3913.0,15154.0,1770996.0,810320.0
21.0,mcf,none,7,0.9675767184557607,2523.8,0.0010075999184616631,1617720.0,2000250.0,367335403.0,379644731.0,4134993.92,0.9675767184557607,0.8087589051368579,0.0010075999184616631,0.5265503668634535,0.1704396962740597,0.008461147487069094,1617720.0,2000250.0,379644731.0,367335403.0,4826.0,28315.0,2776101.0,1461757.0
21.1,mcf,none,7,0.9840093951636248,2249.2,0.00012690925435196562,258910.0,307988.0,380533424.0,386717267.0,3685089.28,0.9840093951636248,0.8406496357000922,0.00012690925435196562,0.47565284890390436,0.3595595064349211,0.005630214903448287,258910.0,307988.0,386717267.0,380533424.0,5420.0,15074.0,1714677.0,815591.0
21.2,mcf,none,7,0.22349860496569599,10566.7,0.0044987928418048755,8349828.0,10088896.0,86396348.0,386563254.0,17312481.28,0.22349860496569599,0.8276255399996194,0.0044987928418048755,0.4646136966963741,0.2622429653679654,0.006546272549889295,8349828.0,10088896.0,386563254.0,86396348.0,3877.0,14784.0,1666139.0,774111.0
21.3,mcf,none,7,0.2253013754331803,10528.199999999999,0.004726975146539307,8304560.0,10123021.0,86673137.0,384698659.0,17249402.88,0.2253013754331803,0.8203638024656869,0.004726975146539307,0.4418637064184111,0.28552961137593924,0.006486852075858684,8304560.0,10123021.0,384698659.0,86673137.0,3534.0,12377.0,1363219.0,602357.0
21.4,mcf,none,7,0.22460465393076917,10553.400000000001,0.004699770954312817,8329579.0,10143023.0,86665492.0,385857953.0,17290690.560000002,0.22460465393076917,0.821212670029438,0.004699770954312817,0.46532075469329365,0.2974701335207309,0.006275300975286099,8329579.0,10143023.0,385857953.0,86665492.0,4233.0,14230.0,1593071.0,741289.0
21.5,mcf,none,7,0.22438249396162366,10538.800000000001,0.004752646133199949,8325004.0,10163714.0,86809395.0,386881318.0,17266769.92,0.22438249396162366,0.819090737893648,0.004752646133199949,0.4326994528786438,0.30269908543386126,0.006017949892770375,8325004.0,10163714.0,386881318.0,86809395.0,4071.0,13449.0,1558338.0,674292.0
21.6,mcf,none,7,0.2244113292985993,10545.4,0.004762250968003919,8332596.0,10175314.0,86834314.0,386942648.0,17277583.36,0.2244113292985993,0.8189030824994689,0.004762250968003919,0.42557603831160484,0.35761211082547845,0.0052899557484656235,8332596.0,10175314.0,386942648.0,86834314.0,3756.0,10503.0,1275436.0,542795.0
21.7,mcf,none,7,0.2244112507247386,10540.5,0.004721428983164062,8332979.0,10154862.0,86594767.0,385875337.0,17269555.2,0.2244112507247386,0.8205900779350818,0.004721428983164062,0.45193528370308383,0.3000337211262856,0.005908464695802664,8332979.0,10154862.0,385875337.0,86594767.0,3559.0,11862.0,1405272.0,635092.0
21.8,mcf,none,7,0.22445102528435992,10523.3,0.0047870477937483405,8333197.0,10185700.0,86858585.0,386982349.0,17241374.72,0.22445102528435992,0.818127080122132,0.0047870477937483405,0.45288166546956865,0.2944765574823378,0.0061163356551466866,8333197.0,10185700.0,386982349.0,86858585.0,3668.0,12456.0,1436808.0,650704.0
21.9,mcf,none,7,0.22481084254434205,10531.100000000002,0.004857629795379601,8324033.0,10204720.0,87038092.0,387161451.0,17254154.240000002,0.22481084254434205,0.8157042035450263,0.004857629795379601,0.4915495674995135,0.31638929088277856,0.00628501956688415,8324033.0,10204720.0,387161451.0,87038092.0,3498.0,11056.0,1202542.0,591109.0
22.0,mcf,none,7,0.22489267327564033,10537.1,0.004852632352004187,8324173.0,10200329.0,86949455.0,386626446.0,17263984.64,0.22489267327564033,0.816069069929019,0.004852632352004187,0.4491460333919835,0.2922629153528984,0.006035543102354647,8324173.0,10200329.0,386626446.0,86949455.0,3615.0,12369.0,1450408.0,651445.0
22.2,mcf,none,7,0.22425471591811846,10538.5,0.004747701356460384,8337767.0,10173318.0,86701108.0,386618884.0,17266278.4,0.22425471591811846,0.8195720412946887,0.004747701356460384,0.49282218930746247,0.24430387917123864,0.0070436516292204454,8337767.0,10173318.0,386618884.0,86701108.0,3785.0,15493.0,1662206.0,819172.0
22.3,mcf,none,7,0.22425393564651103,10548.000000000002,0.004759589680232132,8331908.0,10171973.0,86696931.0,386601603.0,17281843.200000003,0.22425393564651103,0.819104415633034,0.004759589680232132,0.4649996356750041,0.3120445777968281,0.00602826410782818,8331908.0,10171973.0,386601603.0,86696931.0,3640.0,11665.0,1331229.0,619021.0
22.4,mcf,none,7,0.22466094848693466,10529.099999999999,0.004755859171518751,8325310.0,10160414.0,86688060.0,385861720.0,17250877.439999998,0.22466094848693466,0.8193868871878646,0.004755859171518751,0.48091504163341153,0.28129228687415425,0.006326908644740133,8325310.0,10160414.0,385861720.0,86688060.0,3326.0,11824.0,1343152.0,645942.0
22.5,mcf,none,7,0.2240562294815868,10427.1,0.004749330056996048,8334211.0,10170561.0,86632357.0,386654534.0,17083760.64,0.2240562294815868,0.8194445714449773,0.004749330056996048,0.43753656605981345,0.3006134969325153,0.006041917610214406,8334211.0,10170561.0,386654534.0,86632357.0,3773.0,12551.0,1452850.0,635675.0
22.6,mcf,none,7,0.22465989640960743,10640.2,0.004823115372537167,8320247.0,10186746.0,86941207.0,386990328.0,17432903.68,0.22465989640960743,0.8167718130990995,0.004823115372537167,0.4802713249351806,0.27042074846712244,0.00677788544640285,8320247.0,10186746.0,386990328.0,86941207.0,3837.0,14189.0,1527320.0,733528.0
22.7,mcf,none,7,0.22479099560304297,10511.199999999999,0.0048531757157068076,8321167.0,10196116.0,86844507.0,386334456.0,17221550.08,0.22479099560304297,0.8161114487124312,0.0048531757157068076,0.47659864096511967,0.27920104211897523,0.006499561801631548,8321167.0,10196116.0,386334456.0,86844507.0,3858.0,13818.0,1532411.0,730345.0
22.8,mcf,none,7,0.22448055728231234,10509.5,0.004824346811076504,8320690.0,10184214.0,86711201.0,386274883.0,17218764.8,0.22448055728231234,0.8170183776578144,0.004824346811076504,0.47802235539158805,0.2926909479569185,0.006219631130978072,8320690.0,10184214.0,386274883.0,86711201.0,3560.0,12163.0,1383201.0,661201.0
22.9,mcf,none,7,0.22460708820833772,10515.7,0.00483788411457759,8318686.0,10188976.0,86831429.0,386592559.0,17228922.880000003,0.22460708820833772,0.8164398463594379,0.00483788411457759,0.4742407117546456,0.2800446760982874,0.006259054558448268,8318686.0,10188976.0,386592559.0,86831429.0,3761.0,13430.0,1544802.0,732608.0
23.1,mcf,none,7,0.22455345913878708,10550.4,0.004767473717808133,8340680.0,10181053.0,86683671.0,386026879.0,17285775.36,0.22455345913878708,0.819235495581842,0.004767473717808133,0.47388560343319697,0.22235083048787546,0.007100706160128137,8340680.0,10181053.0,386026879.0,86683671.0,3842.0,17279.0,1892347.0,896756.0
23.2,mcf,none,7,0.223874722548664,10569.0,0.004717977719709776,8328032.0,10150137.0,86461462.0,386204664.0,17316249.6,0.223874722548664,0.8204846890243944,0.004717977719709776,0.4691367735515796,0.26838440111420614,0.006718516784781083,8328032.0,10150137.0,386204664.0,86461462.0,3854.0,14360.0,1563738.0,733607.0
23.3,mcf,none,7,0.224561496517359,10524.8,0.0047883650753051035,8303742.0,10148822.0,86529310.0,385325674.0,17243832.32,0.224561496517359,0.818197619388733,0.0047883650753051035,0.4877184122013064,0.22826086956521738,0.007162960250003516,8303742.0,10148822.0,385325674.0,86529310.0,3465.0,15180.0,1635497.0,797662.0
23.4,mcf,none,7,0.2244517524338582,10516.800000000001,0.004780562069067141,8317010.0,10160685.0,86562224.0,385660718.0,17230725.12,0.2244517524338582,0.8185481589085776,0.004780562069067141,0.47600100128149087,0.26505174035747886,0.006671651724835464,8317010.0,10160685.0,385660718.0,86562224.0,4508.0,17008.0,1873599.0,891835.0
23.5,mcf,none,7,0.22423636038730574,10522.2,0.0048101966962675,8323004.0,10183495.0,86730285.0,386780649.0,17239572.48,0.22423636038730574,0.8173032932210406,0.0048101966962675,0.46001927526352376,0.3004409305154326,0.00618017334304932,8323004.0,10183495.0,386780649.0,86730285.0,3952.0,13154.0,1488955.0,684948.0
23.6,mcf,none,7,0.22432621713950152,10522.0,0.00482901258707423,8324716.0,10193046.0,86791118.0,386896900.0,17239244.8,0.22432621713950152,0.8167054283871573,0.00482901258707423,0.4547481484218621,0.2971253724132378,0.0060858234267599145,8324716.0,10193046.0,386896900.0,86791118.0,3690.0,12419.0,1434317.0,652253.0
23.7,mcf,none,7,0.22425890493873132,10522.7,0.004798996128360903,8324431.0,10179375.0,86682235.0,386527505.0,17240391.68,0.22425890493873132,0.8177742739608277,0.004798996128360903,0.46996181609373044,0.2752059074126669,0.006800092728537206,8324431.0,10179375.0,386527505.0,86682235.0,3876.0,14084.0,1501156.0,705486.0
23.8,mcf,none,7,0.22428067198739216,10511.100000000002,0.004817169105768664,8321545.0,10184750.0,86748225.0,386784221.0,17221386.240000002,0.22428067198739216,0.8170593288985984,0.004817169105768664,0.4657171607365184,0.32232197332868473,0.005765404753659642,8321545.0,10184750.0,386784221.0,86748225.0,3698.0,11473.0,1348561.0,628048.0
23.9,mcf,none,7,0.22455595696723696,10517.8,0.00485194250443186,8328902.0,10207403.0,86940146.0,387164728.0,17232363.52,0.22455595696723696,0.8159668037011961,0.00485194250443186,0.4768727037042404,0.2968349660889224,0.006146069769188106,8328902.0,10207403.0,387164728.0,86940146.0,3939.0,13270.0,1518206.0,723991.0
24.0,mcf,none,7,0.22459058347689828,10510.0,0.0048683517606631374,8315071.0,10198545.0,86889885.0,386881247.0,17219584.0,0.22459058347689828,0.8153193421218419,0.0048683517606631374,0.42664711194748967,0.34731213059386434,0.005262075089516543,8315071.0,10198545.0,386881247.0,86889885.0,3702.0,10659.0,1322102.0,564071.0
24.1,mcf,none,7,0.22425917897400566,10520.3,0.004794032930491399,8334753.0,10187676.0,86677542.0,386506106.0,17236459.52,0.22425917897400566,0.8181211298828114,0.004794032930491399,0.43018126234473375,0.37210723954239805,0.004970732135610421,8334753.0,10187676.0,386506106.0,86677542.0,4261.0,11451.0,1446467.0,622243.0
24.3,mcf,none,7,0.22422986948363094,10533.0,0.004776301548291372,8333246.0,10179152.0,86658528.0,386471830.0,17257267.2,0.22422986948363094,0.818658175062127,0.004776301548291372,0.49813649274657823,0.2485366605052372,0.007078933335268062,8333246.0,10179152.0,386471830.0,86658528.0,3227.0,12984.0,1378315.0,686589.0
24.4,mcf,none,7,0.2242813358591967,10611.7,0.004747964125942337,8340640.0,10175328.0,86665835.0,386415725.0,17386209.28,0.2242813358591967,0.819692495416364,0.004747964125942337,0.4935414156823991,0.21839285714285714,0.00732711310850723,8340640.0,10175328.0,386415725.0,86665835.0,3669.0,16800.0,1792111.0,884481.0
24.5,mcf,none,7,0.22399740616685979,10526.7,0.004731391170941432,8324297.0,10151089.0,86485487.0,386100395.0,17246945.28,0.22399740616685979,0.8200398006558706,0.004731391170941432,0.4557968301223372,0.30095912900717187,0.006194577103342239,8324297.0,10151089.0,386100395.0,86485487.0,3483.0,11573.0,1305981.0,595262.0
24.6,mcf,none,7,0.2244019893839982,10526.199999999999,0.004815014328460155,8333029.0,10196334.0,86838651.0,386978080.0,17246126.08,0.2244019893839982,0.8172573593607271,0.004815014328460155,0.4847485718191575,0.2639703153988868,0.0069888726267746115,8333029.0,10196334.0,386978080.0,86838651.0,3557.0,13475.0,1419113.0,687913.0
24.7,mcf,none,7,0.22455198215989192,10525.0,0.004804252054033086,8315986.0,10168238.0,86574737.0,385544301.0,17244160.0,0.22455198215989192,0.8178394329479699,0.004804252054033086,0.4658503330834724,0.2667357053036467,0.006761250050301844,8315986.0,10168238.0,385544301.0,86574737.0,3606.0,13519.0,1466149.0,683006.0
24.8,mcf,none,7,0.2243767039057746,10506.0,0.004815425712114745,8316475.0,10177398.0,86710458.0,386450360.0,17213030.4,0.2243767039057746,0.8171513976362131,0.004815425712114745,0.45232231527882655,0.2940049493094915,0.00632422599025194,8316475.0,10177398.0,386450360.0,86710458.0,3683.0,12527.0,1398432.0,632542.0
24.9,mcf,none,7,0.9843419142666104,3091.2,0.0008934566649947814,1410769.0,1754207.0,378373604.0,384392454.0,5064622.08,0.9843419142666104,0.8042203685197927,0.0008934566649947814,0.48152600527368417,0.29383755052322685,0.006518760219104761,1410769.0,1754207.0,384392454.0,378373604.0,5307.0,18061.0,1956507.0,942109.0
25.0,mcf,none,7,0.9593441031615526,1745.1999999999998,0.0002699304808946934,504267.0,608359.0,369947277.0,385625216.0,2859335.6799999997,0.9593441031615526,0.8288970821505065,0.0002699304808946934,0.41075109528162135,0.414826276550851,0.0043706201868019875,504267.0,608359.0,385625216.0,369947277.0,5898.0,14218.0,1903620.0,781914.0
25.1,mcf,none,7,0.2240814308812176,10570.1,0.004557319425022851,8362356.0,10124066.0,86622521.0,386567154.0,17318051.84,0.2240814308812176,0.8259878985379985,0.004557319425022851,0.5215030600587451,0.22240240240240242,0.007589039473907878,8362356.0,10124066.0,386567154.0,86622521.0,3703.0,16650.0,1706013.0,889691.0
25.2,mcf,none,7,0.22476573485718873,10613.7,0.004692191098756521,8343415.0,10156398.0,86845665.0,386383027.0,17389486.080000002,0.22476573485718873,0.8214935058669421,0.004692191098756521,0.4306280683594044,0.29395070948469004,0.005938233328475884,8343415.0,10156398.0,386383027.0,86845665.0,3936.0,13390.0,1592056.0,685584.0
25.3,mcf,none,7,0.2251121546923256,10567.1,0.0047327740454391155,8335400.0,10161707.0,86867427.0,385885103.0,17313136.64,0.2251121546923256,0.820275569842744,0.0047327740454391155,0.4798039960949923,0.254341164453524,0.0068758719503208545,8335400.0,10161707.0,385885103.0,86867427.0,4233.0,16643.0,1804862.0,865980.0
25.4,mcf,none,7,0.22515251145840515,10586.0,0.004743878607991632,8347796.0,10177710.0,86850817.0,385742164.0,17344102.4,0.22515251145840515,0.8202037589988318,0.004743878607991632,0.4372965248967807,0.22589576547231272,0.006157530700206978,8347796.0,10177710.0,385742164.0,86850817.0,4161.0,18420.0,2315701.0,1012648.0
25.5,mcf,none,7,0.22506797042092355,10575.8,0.004748977128965384,8357133.0,10190980.0,86911394.0,386156208.0,17327390.72,0.22506797042092355,0.8200519478990245,0.004748977128965384,0.4361006948507775,0.2720306513409962,0.006122556277485783,8357133.0,10190980.0,386156208.0,86911394.0,4047.0,14877.0,1768869.0,771405.0
25.6,mcf,none,7,0.22514049756698448,10556.599999999999,0.004787224710863721,8347579.0,10197134.0,86983536.0,386352242.0,17295933.439999998,0.22514049756698448,0.8186201142399423,0.004787224710863721,0.4497572013990003,0.275708106599693,0.006493392775834723,8347579.0,10197134.0,386352242.0,86983536.0,3952.0,14334.0,1598856.0,719097.0
25.7,mcf,none,7,0.22454962421775254,10756.7,0.004690120582266695,8336130.0,10142225.0,86470688.0,385084982.0,17623777.28,0.22454962421775254,0.8219231973260306,0.004690120582266695,0.41293713488091127,0.3168464838164565,0.0051371427984940946,8336130.0,10142225.0,385084982.0,86470688.0,4875.0,15386.0,2046079.0,844902.0
25.8,mcf,none,7,0.22512338299608942,10572.4,0.004798442763953982,8356190.0,10211139.0,87026649.0,386573122.0,17321820.16,0.22512338299608942,0.8183406376115339,0.004798442763953982,0.46235227577942606,0.31424292133228726,0.00620790376231896,8356190.0,10211139.0,386573122.0,87026649.0,4406.0,14021.0,1548832.0,716106.0
25.9,mcf,none,7,0.2252879319164862,10564.8,0.004845477088310792,8349168.0,10223681.0,87154505.0,386858294.0,17309368.32,0.2252879319164862,0.8166498935168263,0.004845477088310792,0.46848041424783887,0.3282489322757779,0.006023334265646275,8349168.0,10223681.0,386858294.0,87154505.0,4304.0,13112.0,1462313.0,685065.0
26.0,mcf,none,7,0.22525334464043398,10559.300000000001,0.004862578416548853,8350908.0,10233055.0,87188292.0,387067691.0,17300357.12,0.22525334464043398,0.816071837784513,0.004862578416548853,0.42941490777137264,0.34987320371935754,0.005428618014033518,8350908.0,10233055.0,387067691.0,87188292.0,4139.0,11830.0,1416751.0,608374.0
26.1,mcf,none,7,0.2249701748622652,10587.4,0.004766461465858335,8348374.0,10188759.0,86863544.0,386111377.0,17346396.16,0.2249701748622652,0.8193710342937741,0.004766461465858335,0.47889592397912006,0.234649623373659,0.007395207451228408,8348374.0,10188759.0,386111377.0,86863544.0,4112.0,17524.0,1813607.0,868529.0
26.2,mcf,none,7,0.2247775902502888,10563.3,0.004764608493605681,8354928.0,10196211.0,86865302.0,386450010.0,17306910.72,0.2247775902502888,0.8194149767987343,0.004764608493605681,0.3263985247229266,0.3565246561556525,0.003912992923484281,8354928.0,10196211.0,386450010.0,86865302.0,5314.0,14905.0,2451065.0,800024.0
26.4,mcf,none,7,0.22497927196202713,10553.3,0.00477252090025858,8347310.0,10190344.0,86881641.0,386176203.0,17290526.72,0.22497927196202713,0.8191391772446543,0.00477252090025858,0.4781529463563379,0.26017151331484945,0.006958502484659637,8347310.0,10190344.0,386176203.0,86881641.0,4035.0,15509.0,1648918.0,788435.0
26.5,mcf,none,7,0.22492875334111873,10551.300000000001,0.004756800302603425,8345968.0,10181261.0,86783161.0,385825110.0,17287249.92,0.22492875334111873,0.819738144420421,0.004756800302603425,0.5199993794408763,0.23164978929492422,0.007580750255980638,8345968.0,10181261.0,385825110.0,86783161.0,3683.0,15899.0,1611450.0,837953.0
26.6,mcf,none,7,0.22522680490695807,10554.300000000001,0.004847850880394091,8344859.0,10219363.0,87087775.0,386667009.0,17292165.12,0.22522680490695807,0.8165733030522548,0.004847850880394091,0.48783359523374037,0.26294229818490006,0.006841533536691296,8344859.0,10219363.0,386667009.0,87087775.0,3723.0,14159.0,1525389.0,744136.0
26.7,mcf,none,7,0.22549018947918867,10553.699999999999,0.004862719047477866,8338148.0,10216419.0,87097708.0,386259412.0,17291182.08,0.22549018947918867,0.816151725961905,0.004862719047477866,0.5088313743432038,0.23609251369446135,0.007399865103247898,8338148.0,10216419.0,386259412.0,87097708.0,3879.0,16430.0,1696112.0,863035.0
26.8,mcf,none,7,0.22521950470963378,10557.3,0.0048295044921905506,8349012.0,10215131.0,87024745.0,386399682.0,17297080.32,0.22521950470963378,0.8173181528460085,0.0048295044921905506,0.48816904360190577,0.2587161239307023,0.006838994471503305,8349012.0,10215131.0,386399682.0,87024745.0,3599.0,13911.0,1507824.0,736073.0
26.9,mcf,none,7,0.22509031775888633,10551.5,0.004839904108165633,8346386.0,10218372.0,87060800.0,386781630.0,17287577.6,0.22509031775888633,0.8168019328323534,0.004839904108165633,0.46336196779796274,0.2681614349775785,0.0066394404543960945,8346386.0,10218372.0,386781630.0,87060800.0,3887.0,14495.0,1597725.0,740325.0
27.0,mcf,none,7,0.2250816911622055,10565.2,0.004835196798995605,8349859.0,10220232.0,87067132.0,386824586.0,17310023.68,0.2250816911622055,0.8169930976126569,0.004835196798995605,0.44660444666599525,0.2883101596409917,0.006014351383847916,8349859.0,10220232.0,386824586.0,87067132.0,3919.0,13593.0,1608486.0,718357.0
27.1,mcf,none,7,0.22535688624082542,10590.8,0.004805222454677655,8340257.0,10191850.0,86836611.0,385329299.0,17351966.72,0.22535688624082542,0.8183261135122671,0.004805222454677655,0.48813597224118344,0.25271444082519,0.006802565602566343,8340257.0,10191850.0,385329299.0,86836611.0,3724.0,14736.0,1618801.0,790195.0
27.2,mcf,none,7,0.22470213684545134,10558.800000000001,0.004740340417157383,8592743.0,10474172.0,89183704.0,396897445.0,17299537.92,0.22470213684545134,0.82037444105367,0.004740340417157383,0.47441146876276435,0.2386183398930858,0.006148724072152746,8592743.0,10474172.0,396897445.0,89183704.0,4062.0,17023.0,2107917.0,1000020.0
27.3,mcf,none,7,0.22509345214555784,10554.9,0.004792062222799613,8343559.0,10192027.0,86826511.0,385735392.0,17293148.16,0.22509345214555784,0.8186358807722939,0.004792062222799613,0.5021346423883323,0.23634437086092716,0.007169692505049972,8343559.0,10192027.0,385735392.0,86826511.0,4461.0,18875.0,2010407.0,1009495.0
27.4,mcf,none,7,0.22537235230845376,10582.9,0.004803491291339093,8336748.0,10186101.0,86768771.0,385001843.0,17339023.36,0.22537235230845376,0.8184434849016321,0.004803491291339093,0.4319906401470834,0.2543832666871732,0.006313993544479922,8336748.0,10186101.0,385001843.0,86768771.0,4962.0,19506.0,2303455.0,995071.0
27.5,mcf,none,7,0.22493290983959588,10549.300000000001,0.004780789894781455,8351844.0,10197129.0,86819403.0,385979104.0,17283973.12,0.22493290983959588,0.8190387706186711,0.004780789894781455,0.5042799916633606,0.2856371166196507,0.006833518113531021,8351844.0,10197129.0,385979104.0,86819403.0,4759.0,16661.0,1741709.0,878309.0
27.6,mcf,none,7,0.22493188401547784,10541.900000000001,0.004829866760588142,8348543.0,10215733.0,86956967.0,386592445.0,17271848.96,0.22493188401547784,0.8172240797601112,0.004829866760588142,0.43344018725521444,0.3329833508324584,0.005635651993737037,8348543.0,10215733.0,386592445.0,86956967.0,4440.0,13334.0,1578167.0,684041.0
27.7,mcf,none,7,0.22499051872111606,10564.7,0.0048029078812094495,8351156.0,10205725.0,86876628.0,386134618.0,17309204.48,0.22499051872111606,0.8182815037638188,0.0048029078812094495,0.4465734309356752,0.30536938602572994,0.0061139332857797655,8351156.0,10205725.0,386134618.0,86876628.0,3964.0,12981.0,1474828.0,658619.0
27.8,mcf,none,7,0.22495855441537443,10548.599999999999,0.004810458726367473,8344235.0,10204247.0,86982476.0,386660006.0,17282826.24,0.22495855441537443,0.8177217780008658,0.004810458726367473,0.4272695223545927,0.3212474453107259,0.005695919099781806,8344235.0,10204247.0,386660006.0,86982476.0,4244.0,13211.0,1574285.0,672644.0
27.9,mcf,none,7,0.22525145438728966,10549.7,0.0048381808010890485,8348743.0,10218661.0,87057877.0,386491964.0,17284628.48,0.22525145438728966,0.8170094888165876,0.0048381808010890485,0.48176633810825836,0.255890567929528,0.006579188993061141,8348743.0,10218661.0,386491964.0,87057877.0,3573.0,13963.0,1579222.0,760816.0
28.0,mcf,none,7,0.22504613853729913,10542.7,0.004863721672780372,8340443.0,10221226.0,87024501.0,386696264.0,17273159.68,0.22504613853729913,0.8159924259575123,0.004863721672780372,0.5206881100588563,0.24417026526835287,0.007418800106571076,8340443.0,10221226.0,386696264.0,87024501.0,3958.0,16210.0,1651480.0,859906.0
28.2,mcf,none,7,0.22478750680439452,10613.3,0.004763251646961795,8347925.0,10186919.0,86785857.0,386079539.0,17388830.72,0.22478750680439452,0.8194749560686602,0.004763251646961795,0.4670004497575646,0.3279173792921984,0.006070241793706841,8347925.0,10186919.0,386079539.0,86785857.0,4985.0,15202.0,1683129.0,786022.0
28.5,mcf,none,7,0.22495353951324415,10570.4,0.0047641981594933065,8347320.0,10183127.0,86682222.0,385333888.0,17318543.36,0.22495353951324415,0.8197207007238543,0.0047641981594933065,0.3961901079203297,0.3199770305621132,0.0051259631621296264,8347320.0,10183127.0,385333888.0,86682222.0,5015.0,15673.0,2079219.0,823766.0
28.6,mcf,none,7,0.2248650173053716,10544.300000000001,0.004799587802524563,8349882.0,10206237.0,86971906.0,386773839.0,17275781.12,0.2248650173053716,0.8181156287082105,0.004799587802524563,0.4809434023553314,0.3207956040554137,0.006478933131740276,8349882.0,10206237.0,386773839.0,86971906.0,4145.0,12921.0,1354544.0,651459.0
28.7,mcf,none,7,0.22501367103810926,10541.199999999999,0.004845504871897186,8345247.0,10218378.0,86983729.0,386570863.0,17270702.08,0.22501367103810926,0.8166899873933026,0.004845504871897186,0.4807360938216602,0.26500499676679795,0.006826421192862914,8345247.0,10218378.0,386570863.0,86983729.0,4508.0,17011.0,1831560.0,880497.0
28.8,mcf,none,7,1.0964522937141874,2856.2,0.0002723908912588514,273096.0,375092.0,410563465.0,374447176.0,4679598.08,1.0964522937141874,0.7280773783498449,0.0002723908912588514,0.4081740682364806,0.1605533244087461,0.006208236639024635,273096.0,375092.0,374447176.0,410563465.0,3598.0,22410.0,3030168.0,1236836.0
28.9,mcf,none,7,0.8708021111116894,1876.3,0.0008268658173905802,1470679.0,1789853.0,336133611.0,386004589.0,3074129.92,0.8708021111116894,0.8216758582967428,0.0008268658173905802,0.46403754141897796,0.32433018765592797,0.005506911709061076,1470679.0,1789853.0,386004589.0,336133611.0,5980.0,18438.0,2262248.0,1049768.0
29.0,mcf,none,7,0.2242436008512545,10575.0,0.004574373263144349,8370334.0,10139265.0,86716023.0,386704560.0,17326080.0,0.2242436008512545,0.8255365650271494,0.004574373263144349,0.4346403198608454,0.32756024096385544,0.005719120113690729,8370334.0,10139265.0,386704560.0,86716023.0,4350.0,13280.0,1561429.0,678660.0
29.1,mcf,none,7,0.2252421052013316,10562.8,0.004690638119550317,8332349.0,10138806.0,86745165.0,385119669.0,17306091.52,0.2252421052013316,0.8218274420084574,0.004690638119550317,0.44838038915026246,0.3044991965720407,0.005939078139355655,8332349.0,10138806.0,385119669.0,86745165.0,4548.0,14936.0,1749093.0,784259.0
29.2,mcf,none,7,0.22457948456914892,10609.6,0.0046654813054774116,8352217.0,10154512.0,86755997.0,386304195.0,17382768.64,0.22457948456914892,0.8225128888517734,0.0046654813054774116,0.4731889001410999,0.27400982943047125,0.005911412613869785,8352217.0,10154512.0,386304195.0,86755997.0,4739.0,17295.0,2124027.0,1005066.0
29.3,mcf,none,7,0.2252819064683973,10586.0,0.004770193561556971,8347052.0,10188689.0,86974981.0,386071755.0,17344102.4,0.2252819064683973,0.8192469119432343,0.004770193561556971,0.3845672572846824,0.2375886524822695,0.0055811796550272194,8347052.0,10188689.0,386071755.0,86974981.0,3953.0,16638.0,2272817.0,874051.0
29.4,mcf,none,7,0.224825652456344,10584.400000000001,0.004754709803116423,8338841.0,10173711.0,86761519.0,385905781.0,17341480.96,0.224825652456344,0.819645948268041,0.004754709803116423,0.446614109429265,0.3125702720935462,0.00599257054551276,8338841.0,10173711.0,385905781.0,86761519.0,4170.0,13341.0,1530395.0,683496.0
29.5,mcf,none,7,0.22517058050850977,10573.699999999999,0.004741697531950477,8350459.0,10178135.0,86791463.0,385447614.0,17323950.08,0.22517058050850977,0.8204311497145597,0.004741697531950477,0.4287880887643147,0.25209149163403344,0.0054675793721278695,8350459.0,10178135.0,385447614.0,86791463.0,5665.0,22472.0,3073938.0,1318068.0
29.6,mcf,none,7,0.22513482059500325,10556.0,0.0047846781160673585,8345897.0,10193489.0,86935272.0,386147606.0,17294950.4,0.22513482059500325,0.8187478301099849,0.0047846781160673585,0.44628409505345795,0.2823841429369068,0.0061675816265811855,8345897.0,10193489.0,386147606.0,86935272.0,4046.0,14328.0,1667104.0,744002.0
29.7,mcf,none,7,0.22534012241386614,10561.399999999998,0.004784215292607593,8343384.0,10188618.0,86911903.0,385692091.0,17303797.759999998,0.22534012241386614,0.8188926113433638,0.004784215292607593,0.37031452615586397,0.3048658337287153,0.004890964068142635,8343384.0,10188618.0,385692091.0,86911903.0,5783.0,18969.0,2695992.0,998365.0
29.8,mcf,none,7,0.22509644888710545,10589.2,0.004793581737325768,8352722.0,10205167.0,86986895.0,386442769.0,17349345.28,0.22509644888710545,0.8184796975884863,0.004793581737325768,0.47214924541349956,0.2969333333333333,0.006292546739134975,8352722.0,10205167.0,386442769.0,86986895.0,4454.0,15000.0,1675951.0,791299.0
29.9,mcf,none,7,0.2252735710633396,10561.800000000001,0.004853357473271776,8352929.0,10230584.0,87153285.0,386877540.0,17304453.12,0.2252735710633396,0.8164664891075621,0.004853357473271776,0.49060184283720604,0.2868378923922879,0.006672453888368271,8352929.0,10230584.0,386877540.0,87153285.0,4121.0,14367.0,1535567.0,753352.0
30.0,mcf,none,7,0.22547572017285347,10547.8,0.0048542367814275325,8327351.0,10198396.0,86908661.0,385445763.0,17281515.52,0.22547572017285347,0.8165353649730801,0.0048542367814275325,0.5345530515447556,0.20162846803377563,0.007666871896573394,8327351.0,10198396.0,385445763.0,86908661.0,3343.0,16580.0,1726519.0,922916.0
30.1,mcf,none,7,0.2250459490484201,10550.599999999999,0.0047715946902373175,8357880.0,10199951.0,86878841.0,386049344.0,17286103.04,0.2250459490484201,0.8194039363522433,0.0047715946902373175,0.4503539250870743,0.2683506843523754,0.005467938214075409,8357880.0,10199951.0,386049344.0,86878841.0,5078.0,18923.0,2532033.0,1140311.0
30.2,mcf,none,7,0.22488720642062404,10596.900000000001,0.004788551315299759,8353532.0,10204180.0,86912937.0,386473461.0,17361960.96,0.22488720642062404,0.8186382443273247,0.004788551315299759,0.49716763170095996,0.24587062132446943,0.007227709864326667,8353532.0,10204180.0,386473461.0,86912937.0,4808.0,19555.0,2040342.0,1014392.0
30.3,mcf,none,7,0.224909077956246,10575.500000000002,0.004758429422884721,8351872.0,10189969.0,86878393.0,386282287.0,17326899.200000003,0.224909077956246,0.8196170174806223,0.004758429422884721,0.4715164715659969,0.22629040900160743,0.0067044950967317905,8351872.0,10189969.0,386282287.0,86878393.0,3801.0,16797.0,1938401.0,913988.0
30.4,mcf,none,7,0.2252417273441326,10569.6,0.004792140133863933,8352680.0,10201824.0,86914067.0,385870185.0,17317232.64,0.2252417273441326,0.8187437854250377,0.004792140133863933,0.43492971815806397,0.247444722569879,0.005315430328487775,8352680.0,10201824.0,385870185.0,86914067.0,4745.0,19176.0,2714926.0,1180802.0
30.6,mcf,none,7,0.22500160598146485,10549.0,0.004806916284421353,8344170.0,10202756.0,86996488.0,386648298.0,17283481.6,0.22500160598146485,0.8178349065683821,0.004806916284421353,0.4310988549886641,0.28879130071099957,0.00560367932652595,8344170.0,10202756.0,386648298.0,86996488.0,4143.0,14346.0,1820768.0,784931.0
30.7,mcf,none,7,0.2252419577985091,10566.199999999999,0.004868935244371707,8346513.0,10229797.0,87122657.0,386795861.0,17311662.08,0.2252419577985091,0.8159021141866256,0.004868935244371707,0.46472719404000123,0.3200568028130917,0.006216575473739528,8346513.0,10229797.0,386795861.0,87122657.0,4733.0,14788.0,1617450.0,751673.0
30.8,mcf,none,7,0.22509337375424143,10555.2,0.004817960250469102,8346808.0,10206510.0,86884610.0,385993637.0,17293639.68,0.22509337375424143,0.8177925657252088,0.004817960250469102,0.45701650980664815,0.18120462214950403,0.006326283586900872,8346808.0,10206510.0,385993637.0,86884610.0,1772.0,9779.0,1265672.0,578433.0
30.9,mcf,none,7,0.225157016849878,10536.0,0.004830222074466286,8333534.0,10196866.0,86857761.0,385765286.0,17262182.4,0.225157016849878,0.8172642457005908,0.004830222074466286,0.4899665808652918,0.2934714593617465,0.0067853196184676605,8333534.0,10196866.0,385765286.0,86857761.0,4221.0,14383.0,1497645.0,733796.0
31.0,mcf,none,7,0.22508852633797147,10533.4,0.004845685276103867,8334817.0,10207566.0,86991682.0,386477638.0,17257922.56,0.22508852633797147,0.8165332460255461,0.004845685276103867,0.47011371853020445,0.29479227618490345,0.006337737461381713,8334817.0,10207566.0,386477638.0,86991682.0,5038.0,17090.0,1901625.0,893980.0
31.1,mcf,none,7,0.22509763279070436,10586.300000000001,0.004839477267825052,8341993.0,10212627.0,87008423.0,386536375.0,17344593.92,0.22509763279070436,0.8168312619270243,0.004839477267825052,0.46286385757638454,0.29436092693494387,0.006599211336228252,8341993.0,10212627.0,386536375.0,87008423.0,4484.0,15233.0,1628831.0,753927.0
31.2,mcf,none,7,0.22526326339080033,10547.9,0.004731228994684719,8350749.0,10168534.0,86548375.0,384209896.0,17281679.36,0.22526326339080033,0.8212343096851522,0.004731228994684719,0.48065705005110526,0.22711436809226335,0.006063359205613707,8350749.0,10168534.0,384209896.0,86548375.0,3781.0,16648.0,2122091.0,1019998.0
31.3,mcf,none,7,0.22537807051633765,10561.900000000001,0.004813096720330753,8336711.0,10190167.0,86789932.0,385085966.0,17304616.96,0.22537807051633765,0.8181132850914024,0.004813096720330753,0.5151310014658573,0.18439173680183626,0.007894284027818617,8336711.0,10190167.0,385085966.0,86789932.0,4097.0,22219.0,2295585.0,1182527.0
31.4,mcf,none,7,0.22509390936700524,10548.0,0.004817380342447942,8334091.0,10193490.0,86881118.0,385977205.0,17281843.2,0.22509390936700524,0.8175895596110851,0.004817380342447942,0.43591718148108766,0.28369489153254024,0.005851904956282222,8334091.0,10193490.0,385977205.0,86881118.0,4054.0,14290.0,1749174.0,762495.0
31.5,mcf,none,7,0.22529576741003027,10557.5,0.004807353106596993,8344781.0,10197232.0,86814794.0,385336995.0,17297408.0,0.22529576741003027,0.8183378587444122,0.004807353106596993,0.37463620330390096,0.2677858093969945,0.005500309542002867,8344781.0,10197232.0,385336995.0,86814794.0,5631.0,21028.0,2799297.0,1048718.0
31.6,mcf,none,7,0.2249659667615353,10547.0,0.004823482651999821,8352216.0,10217311.0,86987542.0,386669785.0,17280204.8,0.2249659667615353,0.8174573525265111,0.004823482651999821,0.4724342605947468,0.26950092421441774,0.006677688005980181,8352216.0,10217311.0,386669785.0,86987542.0,3645.0,13525.0,1479554.0,698992.0
31.7,mcf,none,7,0.225093703282871,10562.4,0.0048395434290657725,8347629.0,10218956.0,87037947.0,386674286.0,17305436.16,0.225093703282871,0.8168768903594458,0.0048395434290657725,0.49843897976407525,0.2581068662202967,0.007281325095510214,8347629.0,10218956.0,386674286.0,87037947.0,3932.0,15234.0,1552190.0,773672.0
31.8,mcf,none,7,0.22489916342326688,10608.900000000001,0.004776295041703038,8344921.0,10190126.0,86884302.0,386325590.0,17381621.76,0.22489916342326688,0.8189222586649075,0.004776295041703038,0.4575352048813981,0.32760587480393555,0.006108872796051353,8344921.0,10190126.0,386325590.0,86884302.0,4595.0,14026.0,1543820.0,706352.0
31.9,mcf,none,7,0.22429938536691943,10569.400000000001,0.004692472057727781,8359056.0,10172211.0,86668508.0,386396547.0,17316904.96,0.22429938536691943,0.8217540906298543,0.004692472057727781,0.46119519346571713,0.25334396858510244,0.007022368977621789,8359056.0,10172211.0,386396547.0,86668508.0,4129.0,16298.0,1732891.0,799201.0
32.0,mcf,none,7,0.22525968832336588,10542.2,0.004853022808022524,8348335.0,10224535.0,87086388.0,386604406.0,17272340.48,0.22525968832336588,0.8165002124791005,0.004853022808022524,0.4362553658761303,0.2808948092376747,0.006225638499303353,8348335.0,10224535.0,386604406.0,87086388.0,3880.0,13813.0,1595499.0,696045.0
32.1,mcf,none,7,0.22487937284970044,10585.1,0.004800577567923539,8345659.0,10200394.0,86883638.0,386356636.0,17342627.84,0.22487937284970044,0.8181702589135282,0.004800577567923539,0.43552651405571136,0.2795635851712811,0.0054916335530672345,8345659.0,10200394.0,386356636.0,86883638.0,4766.0,17048.0,2236493.0,974052.0
32.2,mcf,none,7,0.22500124660562587,10556.0,0.00482582047401069,8347344.0,10212473.0,86960622.0,386489512.0,17294950.4,0.22500124660562587,0.817367546528642,0.00482582047401069,0.5003470863106787,0.27392282401799617,0.007110044717368945,8347344.0,10212473.0,386489512.0,86960622.0,4749.0,17337.0,1770453.0,885841.0
32.3,mcf,none,7,0.22470476738737505,10572.5,0.004764753961601051,8344987.0,10185272.0,86787443.0,386228757.0,17321984.0,0.22470476738737505,0.8193190127863056,0.004764753961601051,0.4628879191434313,0.2513245033112583,0.00682437070005789,8344987.0,10185272.0,386228757.0,86787443.0,3795.0,15100.0,1656563.0,766803.0
32.4,mcf,none,7,0.2253123783160279,10557.9,0.004823511956858793,8344810.0,10205595.0,86919634.0,385773896.0,17298063.36,0.2253123783160279,0.8176701113457863,0.004823511956858793,0.5027494233089018,0.22267468166246526,0.007069609731206689,8344810.0,10205595.0,385773896.0,86919634.0,3445.0,15471.0,1701084.0,855219.0
32.5,mcf,none,7,0.318173374349124,10555.8,0.004472375632106496,7847991.0,9574857.0,122852557.0,386118283.0,17294622.72,0.318173374349124,0.8196457659889855,0.004472375632106496,0.48125646856271337,0.2803204371856176,0.006659782190814913,7847991.0,9574857.0,386118283.0,122852557.0,4514.0,16103.0,1740147.0,837457.0
32.7,mcf,none,7,1.0697803027141282,2020.5,0.00011333046154829369,22986.0,66496.0,410711651.0,383921493.0,3310387.2,1.0697803027141282,0.3456749278152069,0.00011333046154829369,0.4744965564591427,0.24865277314130382,0.006587697918404535,22986.0,66496.0,383921493.0,410711651.0,5214.0,20969.0,2391579.0,1134796.0
32.8,mcf,none,7,0.782639035205133,10552.3,0.0013325479587630185,2419536.0,2933549.0,301892803.0,385736961.0,17288888.32,0.782639035205133,0.8247811780202069,0.0013325479587630185,0.47967565636720844,0.2720234358652438,0.006627850211347265,2419536.0,2933549.0,385736961.0,301892803.0,5200.0,19116.0,2099625.0,1007139.0
32.9,mcf,none,7,0.22381108825955,10534.0,0.004601791669939546,8332659.0,10110711.0,86476699.0,386382550.0,17258905.6,0.22381108825955,0.8241417443343005,0.004601791669939546,0.48483320011171355,0.2810147936672723,0.00666970829280507,8332659.0,10110711.0,386382550.0,86476699.0,4331.0,15412.0,1661392.0,805498.0
33.0,mcf,none,7,0.22419980529701572,10533.0,0.004697498205925658,8336758.0,10153376.0,86702620.0,386720318.0,17257267.2,0.22419980529701572,0.821082367086573,0.004697498205925658,0.45267021583170286,0.33650997036918395,0.005463551156578056,8336758.0,10153376.0,386720318.0,86702620.0,4202.0,12487.0,1516413.0,686435.0
33.1,mcf,none,7,0.2242807648992143,10588.800000000001,0.004716361348485302,8334364.0,10157531.0,86698465.0,386562196.0,17348689.92,0.2242807648992143,0.8205108111410145,0.004716361348485302,0.5019026361884585,0.27395200200513814,0.006957817742044927,8334364.0,10157531.0,386562196.0,86698465.0,4372.0,15959.0,1665321.0,835829.0
33.3,mcf,none,7,0.2249053554707591,10556.300000000001,0.0047685905168371135,8323641.0,10161986.0,86703531.0,385511189.0,17295441.92,0.2249053554707591,0.8190958932633837,0.0047685905168371135,0.4899679876028926,0.24567295272539397,0.0071915832861693535,8323641.0,10161986.0,385511189.0,86703531.0,4755.0,19355.0,2030151.0,994709.0
33.4,mcf,none,7,0.22460567576434778,10540.5,0.004777704797606673,8320633.0,10164077.0,86662530.0,385843010.0,17269555.2,0.22460567576434778,0.8186314409070298,0.004777704797606673,0.47331251803246843,0.2943339774356417,0.006467978620991079,8320633.0,10164077.0,385843010.0,86662530.0,4722.0,16043.0,1750315.0,828446.0
33.5,mcf,none,7,0.2245995510862829,10529.300000000001,0.004746518920347484,8314067.0,10141090.0,86452525.0,384918512.0,17251205.12,0.2245995510862829,0.8198395833189529,0.004746518920347484,0.4839621117250624,0.21334390800039654,0.007182461217198624,8314067.0,10141090.0,384918512.0,86452525.0,4304.0,20174.0,2209549.0,1069338.0
33.6,mcf,none,7,0.2248936973729938,10532.0,0.0047680241079274596,8332478.0,10169740.0,86658254.0,385329847.0,17255628.8,0.2248936973729938,0.819340317451577,0.0047680241079274596,0.5024824472124778,0.25432722678458625,0.006775998819768419,8332478.0,10169740.0,385329847.0,86658254.0,4026.0,15830.0,1742031.0,875340.0
33.7,mcf,none,7,0.22473469341795635,10544.0,0.004792027588797728,8328251.0,10177809.0,86739870.0,385965641.0,17275289.6,0.22473469341795635,0.8182754264694887,0.004792027588797728,0.45785741856943496,0.3421489891996677,0.0056426853528905255,8328251.0,10177809.0,385965641.0,86739870.0,4942.0,14444.0,1683950.0,771009.0
33.8,mcf,none,7,0.22418072501913094,10549.400000000001,0.004742738847586389,8330632.0,10162352.0,86582106.0,386215657.0,17284136.96,0.22418072501913094,0.8197543245894258,0.004742738847586389,0.4784583550247225,0.25617657904440816,0.006397543923080861,8330632.0,10162352.0,386215657.0,86582106.0,4863.0,18983.0,2207097.0,1056004.0
33.9,mcf,none,7,0.2247320241180286,10517.0,0.004858680104673501,8322032.0,10199905.0,86858610.0,386498588.0,17231052.8,0.2247320241180286,0.8158930892003405,0.004858680104673501,0.5213757042600395,0.2580487804878049,0.007177833660429715,8322032.0,10199905.0,386498588.0,86858610.0,4232.0,16400.0,1695219.0,883846.0
34.0,mcf,none,7,0.2247613981625448,10520.4,0.0048447513982202,8321835.0,10194817.0,86892808.0,386600229.0,17236623.36,0.2247613981625448,0.8162809592364434,0.0048447513982202,0.4626779145891298,0.30034805159353034,0.006083229641918981,8321835.0,10194817.0,386600229.0,86892808.0,4401.0,14653.0,1685289.0,779746.0
34.1,mcf,none,7,0.22440746802270825,10523.0,0.004788440882239438,8326742.0,10176468.0,86686322.0,386289827.0,17240883.2,0.22440746802270825,0.8182349711117846,0.004788440882239438,0.4428664385738094,0.26354284355116847,0.0058738495364947,8326742.0,10176468.0,386289827.0,86686322.0,4432.0,16817.0,2108498.0,933783.0
34.2,mcf,none,7,0.2242347105112262,10577.0,0.004766253729092712,8335485.0,10177178.0,86644883.0,386402635.0,17329356.8,0.2242347105112262,0.8190369668291151,0.004766253729092712,0.47532431350224813,0.3062585834804787,0.006397020512919472,8335485.0,10177178.0,386402635.0,86644883.0,4683.0,15291.0,1658272.0,788217.0
34.3,mcf,none,7,0.22421824905129492,10538.599999999999,0.004742536748896316,8329632.0,10160904.0,86579108.0,386137651.0,17266442.24,0.22421824905129492,0.8197727288831781,0.004742536748896316,0.34351567034355335,0.30365452627660233,0.0043599738626889884,8329632.0,10160904.0,386137651.0,86579108.0,4894.0,16117.0,2574098.0,884243.0
34.4,mcf,none,7,0.22459854753666258,10526.7,0.004799347594071244,8334294.0,10187867.0,86742999.0,386213535.0,17246945.28,0.22459854753666258,0.8180607383272671,0.004799347594071244,0.4695316833656913,0.23130348505519038,0.006715001386770212,8334294.0,10187867.0,386213535.0,86742999.0,3730.0,16126.0,1846016.0,866763.0
34.5,mcf,none,7,0.2245152560847847,10530.9,0.004768401375517442,8312698.0,10149465.0,86482278.0,385195552.0,17253826.56,0.2245152560847847,0.8190281950822038,0.004768401375517442,0.4183470675632209,0.2649683024184081,0.005993727694640587,8312698.0,10149465.0,385195552.0,86482278.0,4514.0,17036.0,2089184.0,874004.0
34.8,mcf,none,7,0.22448801457897707,10545.8,0.004825827302560628,8325255.0,10190443.0,86764885.0,386501191.0,17278238.72,0.22448801457897707,0.8169669365698822,0.004825827302560628,0.4614681398771483,0.2780768516799703,0.006136799017859679,8325255.0,10190443.0,386501191.0,86764885.0,4494.0,16161.0,1901154.0,877322.0
34.9,mcf,none,7,0.22446380050292428,10522.2,0.00480958493706929,8330161.0,10189771.0,86788181.0,386646670.0,17239572.48,0.22446380050292428,0.8175022775291024,0.00480958493706929,0.4119962987177701,0.31461651719983935,0.005226810716569668,8330161.0,10189771.0,386646670.0,86788181.0,4701.0,14942.0,1959321.0,807233.0
35.0,mcf,none,7,0.22447025061675518,10525.599999999999,0.004816925304288239,8333067.0,10195122.0,86772355.0,386565056.0,17245143.04,0.22447025061675518,0.8173582425006782,0.004816925304288239,0.445806432679892,0.2904268210583008,0.0061861720859255785,8333067.0,10195122.0,386565056.0,86772355.0,4314.0,14854.0,1703800.0,759565.0
35.1,mcf,none,7,0.2245949187977723,10522.7,0.004821221819854417,8324813.0,10187332.0,86764791.0,386316803.0,17240391.68,0.2245949187977723,0.8171730341172743,0.004821221819854417,0.48646580614543483,0.2809456598447424,0.006623911481814961,8324813.0,10187332.0,386316803.0,86764791.0,3981.0,14170.0,1538215.0,748289.0
35.2,mcf,none,7,0.22413025307656895,10561.399999999998,0.004738151332652864,8335871.0,10164711.0,86510190.0,385981762.0,17303797.759999998,0.22413025307656895,0.8200794887331277,0.004738151332652864,0.4890117791305796,0.23176982591876208,0.006680054526938444,8335871.0,10164711.0,385981762.0,86510190.0,4793.0,20680.0,2378274.0,1163004.0
35.3,mcf,none,7,0.2252290189632419,10526.800000000001,0.004808475593002799,8300432.0,10146929.0,86489928.0,384008812.0,17247109.12,0.2252290189632419,0.8180240543715246,0.004808475593002799,0.5153948001457588,0.2201890963827085,0.007166041831736774,8300432.0,10146929.0,384008812.0,86489928.0,4681.0,21259.0,2313411.0,1192320.0
35.4,mcf,none,7,0.22466327921567708,10541.5,0.004783951848210482,8330324.0,10177594.0,86751236.0,386138920.0,17271193.6,0.22466327921567708,0.8184963951204971,0.004783951848210482,0.4717695351747508,0.2575483588141816,0.006579589529570761,8330324.0,10177594.0,386138920.0,86751236.0,4700.0,18249.0,2059247.0,971490.0
35.5,mcf,none,7,0.22439285520844318,10557.6,0.004761385027678636,8324090.0,10159862.0,86515608.0,385554201.0,17297571.84,0.22439285520844318,0.8193113252916231,0.004761385027678636,0.4120613991042198,0.3181291816778178,0.0053219586655687,8324090.0,10159862.0,385554201.0,86515608.0,4945.0,15544.0,1991560.0,820645.0
35.6,mcf,none,7,0.22443110679338577,10532.4,0.004770432586695985,8331055.0,10171551.0,86588490.0,385813229.0,17256284.16,0.22443110679338577,0.8190545375036707,0.004770432586695985,0.4616261877005757,0.29598965071151356,0.006123606378812907,8331055.0,10171551.0,385813229.0,86588490.0,4576.0,15460.0,1777384.0,820487.0
35.7,mcf,none,7,0.2243310905629436,10520.900000000001,0.004803071108202157,8323586.0,10179386.0,86676551.0,386377790.0,17237442.560000002,0.2243310905629436,0.8176903793607984,0.004803071108202157,0.4462252294530183,0.2769881668539697,0.006505158863985259,8323586.0,10179386.0,386377790.0,86676551.0,4190.0,15127.0,1681281.0,750230.0
35.8,mcf,none,7,0.22427078937686323,10532.8,0.004777013515270268,8324852.0,10169480.0,86601425.0,386146699.0,17256939.52,0.22427078937686323,0.8186113744262243,0.004777013515270268,0.48987725028544166,0.23362531049810434,0.00656501826322677,8324852.0,10169480.0,386146699.0,86601425.0,3574.0,15298.0,1785829.0,874837.0
35.9,mcf,none,7,0.22453856873885192,10518.800000000001,0.00483880428075758,8316699.0,10187656.0,86819384.0,386656887.0,17234001.92,0.22453856873885192,0.8163505913430921,0.00483880428075758,0.48550589020508894,0.2753716117749927,0.007007478175969948,8316699.0,10187656.0,386656887.0,86819384.0,4724.0,17155.0,1773962.0,861269.0
36.0,mcf,none,7,0.2245582208000963,10508.600000000002,0.004857516665755911,8316058.0,10194429.0,86835245.0,386693681.0,17217290.240000002,0.2245582208000963,0.8157453448349093,0.004857516665755911,0.4649240391337656,0.29456552774340916,0.006205808107236899,8316058.0,10194429.0,386693681.0,86835245.0,3095.0,10507.0,1194365.0,555289.0
36.1,mcf,none,7,0.2243976615710577,10552.2,0.004809434685628895,8320621.0,10177540.0,86639763.0,386099224.0,17288724.48,0.2243976615710577,0.8175473640978075,0.004809434685628895,0.4159255173694681,0.304279716774234,0.005005208969615771,8320621.0,10177540.0,386099224.0,86639763.0,4856.0,15959.0,2218289.0,922643.0
36.2,mcf,none,7,0.2241250412826939,10535.5,0.004768385278899226,8335968.0,10179092.0,86631054.0,386530008.0,17261363.2,0.2241250412826939,0.8189304114748153,0.004768385278899226,0.4729833368193544,0.298862904956018,0.0066363010541321535,8335968.0,10179092.0,386530008.0,86631054.0,4179.0,13983.0,1477329.0,698752.0
36.3,mcf,none,7,0.2242912387126404,10530.3,0.004775118187559535,8323301.0,10167730.0,86634351.0,386258293.0,17252843.52,0.2242912387126404,0.8185997267826742,0.004775118187559535,0.3596472797442782,0.3079396061771629,0.004664577957266971,8323301.0,10167730.0,386258293.0,86634351.0,5364.0,17419.0,2584371.0,929462.0
36.4,mcf,none,7,0.3503924282353808,10521.7,0.004421476322574792,7664824.0,9373756.0,135429162.0,386507102.0,17238753.28,0.3503924282353808,0.8176897286423926,0.004421476322574792,0.44511406233596207,0.29897905298362965,0.006148528058593582,7664824.0,9373756.0,386507102.0,135429162.0,3397.0,11362.0,1295432.0,576615.0
36.5,mcf,none,7,1.053568939675307,3422.3,9.725948527025539e-05,19523.0,56038.0,395550827.0,375438960.0,5607096.32,1.053568939675307,0.3483885934544416,9.725948527025539e-05,0.3984267341475396,0.21249288019745585,0.0056693008955685745,19523.0,56038.0,375438960.0,395550827.0,5596.0,26335.0,3658123.0,1457494.0
36.6,mcf,none,7,0.7826041497486426,1694.2000000000003,0.0013458140040085737,2410265.0,2930682.0,302627631.0,386693108.0,2775777.2800000003,0.7826041497486426,0.822424609698357,0.0013458140040085737,0.4561816474766502,0.453155753838079,0.004474300551678305,2410265.0,2930682.0,386693108.0,302627631.0,6907.0,15242.0,1862861.0,849803.0
36.7,mcf,none,7,0.224064792536219,10068.5,0.004618204889624133,8338913.0,10123561.0,86587060.0,386437597.0,16496230.4,0.224064792536219,0.8237134146769106,0.004618204889624133,0.4651594614941393,0.27417298937784523,0.006286563849786977,8338913.0,10123561.0,386437597.0,86587060.0,4517.0,16475.0,1902152.0,884804.0
36.9,mcf,none,7,0.22427650460960574,10545.3,0.00465506942756544,8331401.0,10128004.0,86558503.0,385945479.0,17277419.52,0.22427650460960574,0.8226103583687369,0.00465506942756544,0.4749498246495431,0.25069436729252303,0.006929258278098068,8331401.0,10128004.0,385945479.0,86558503.0,4513.0,18002.0,1946673.0,924572.0
37.0,mcf,none,7,0.22440122665995343,10553.699999999999,0.004715410895165095,8335346.0,10157483.0,86713499.0,386421680.0,17291182.08,0.22440122665995343,0.8206113660244374,0.004715410895165095,0.43762198714702294,0.3147031395710289,0.005702260574116196,8335346.0,10157483.0,386421680.0,86713499.0,5062.0,16085.0,1933093.0,845964.0
37.1,mcf,none,7,0.22466555970496602,10576.7,0.004784091521865932,8336541.0,10187393.0,86917798.0,386876378.0,17328865.28,0.22466555970496602,0.8183193678696797,0.004784091521865932,0.45156897672824603,0.28791504636553994,0.006203976747792252,8336541.0,10187393.0,386876378.0,86917798.0,3850.0,13372.0,1534822.0,693078.0
37.2,mcf,none,7,0.2244808682573557,10537.8,0.004742279218978077,8327822.0,10158355.0,86650241.0,386002788.0,17265131.52,0.2244808682573557,0.8198002530921591,0.004742279218978077,0.4726799184093395,0.24632051211905673,0.006477128565477069,8327822.0,10158355.0,386002788.0,86650241.0,4502.0,18277.0,2126714.0,1005255.0
37.3,mcf,none,7,0.22528178191942294,10549.400000000001,0.004801509099389462,8314475.0,10162450.0,86705053.0,384873789.0,17284136.96,0.22528178191942294,0.8181565468956797,0.004801509099389462,0.48769335971901323,0.27797202797202797,0.006204606442388388,8314475.0,10162450.0,384873789.0,86705053.0,4611.0,16588.0,1930340.0,941414.0
37.4,mcf,none,7,0.2243008267086324,10540.2,0.004724244046038012,8328918.0,10152032.0,86559029.0,385905974.0,17269063.68,0.2243008267086324,0.8204188087665603,0.004724244046038012,0.41955480836328024,0.24946128789776997,0.0060237014573601005,8328918.0,10152032.0,385905974.0,86559029.0,4978.0,19955.0,2486345.0,1043158.0
37.5,mcf,none,7,0.22455678034133705,10551.5,0.004755614394885705,8337392.0,10172353.0,86645573.0,385851511.0,17287577.6,0.22455678034133705,0.8196129253477539,0.004755614394885705,0.3692505609092,0.2890281070098205,0.0048288215904329765,8337392.0,10172353.0,385851511.0,86645573.0,5121.0,17718.0,2608711.0,963268.0
37.6,mcf,none,7,0.22437914935741976,10526.7,0.004734177983381619,8340355.0,10167339.0,86590981.0,385913670.0,17246945.28,0.22437914935741976,0.8203085389402281,0.004734177983381619,0.47403386210425613,0.2734648718421538,0.0065744098605023706,8340355.0,10167339.0,385913670.0,86590981.0,4449.0,16269.0,1797880.0,852256.0
37.7,mcf,none,7,0.22475428778272669,10517.7,0.004786046260731945,8318766.0,10163176.0,86614093.0,385372372.0,17232199.68,0.22475428778272669,0.818520312941545,0.004786046260731945,0.47181387164573046,0.2933897408778424,0.006531111002492791,8318766.0,10163176.0,385372372.0,86614093.0,5548.0,18910.0,2045900.0,965284.0
37.8,mcf,none,7,0.22453887137225625,10543.400000000001,0.00482145067611628,8321473.0,10184676.0,86770876.0,386440332.0,17274306.560000002,0.22453887137225625,0.8170581960584706,0.00482145067611628,0.447408533954293,0.2811764705882353,0.005724841690300316,8321473.0,10184676.0,386440332.0,86770876.0,4541.0,16150.0,2027829.0,907268.0
37.9,mcf,none,7,0.22465514161781608,10527.1,0.004839895497358783,8323261.0,10193492.0,86811174.0,386419707.0,17247600.64,0.22465514161781608,0.8165269566111397,0.004839895497358783,0.46308869281548415,0.2665451230628988,0.006677647613414608,8323261.0,10193492.0,386419707.0,86811174.0,4386.0,16455.0,1807373.0,836974.0
38.0,mcf,none,7,0.22465516871534486,10529.400000000001,0.004848667796884584,8324893.0,10200754.0,86914981.0,386881733.0,17251368.96,0.22465516871534486,0.8161056525821523,0.004848667796884584,0.44801699006676987,0.2865837976853836,0.005875637286362125,8324893.0,10200754.0,386881733.0,86914981.0,3343.0,11665.0,1416357.0,634552.0
38.1,mcf,none,7,0.22434670978396268,10555.4,0.004778862117658352,8325586.0,10171504.0,86657790.0,386267265.0,17293967.36,0.22434670978396268,0.8185206435547782,0.004778862117658352,0.43931492493814606,0.2734189846576026,0.005556957382191311,8325586.0,10171504.0,386267265.0,86657790.0,4384.0,16034.0,2096471.0,921011.0
38.2,mcf,none,7,0.22402743544624995,10527.6,0.004733469022155266,8341891.0,10172256.0,86628216.0,386685746.0,17248419.84,0.22402743544624995,0.8200630224013238,0.004733469022155266,0.4727746890923865,0.29528138805301235,0.0065477089859527935,8341891.0,10172256.0,386685746.0,86628216.0,4612.0,15619.0,1681046.0,794756.0
38.4,mcf,none,7,0.22437392181723764,10546.0,0.00479358173356484,8326024.0,10177923.0,86682123.0,386328867.0,17278566.4,0.22437392181723764,0.8180474542792276,0.00479358173356484,0.4393398040103174,0.264170187964447,0.0064659822115067595,8326024.0,10177923.0,386328867.0,86682123.0,3626.0,13726.0,1562021.0,686258.0
38.5,mcf,none,7,0.22486253117157565,10531.800000000001,0.004802269816141403,8314019.0,10164885.0,86665354.0,385414829.0,17255301.12,0.22486253117157565,0.8179156970295286,0.004802269816141403,0.32159669422335246,0.3320614847923253,0.003491190967918023,8314019.0,10164885.0,385414829.0,86665354.0,6092.0,18346.0,3509977.0,1128797.0
38.6,mcf,none,7,0.22448049726612643,10539.5,0.004824388774786346,8332297.0,10198273.0,86824516.0,386779774.0,17267916.8,0.22448049726612643,0.8170301971716192,0.004824388774786346,0.5139934914540063,0.24733373277411624,0.007384425105869683,8332297.0,10198273.0,386779774.0,86824516.0,4128.0,16690.0,1701148.0,874379.0
38.7,mcf,none,7,0.2246495762029578,10521.599999999999,0.004830359922990218,8328711.0,10195763.0,86832544.0,386524406.0,17238589.439999998,0.2246495762029578,0.8168796195046903,0.004830359922990218,0.4591045809390594,0.2606310013717421,0.006686049259035234,8328711.0,10195763.0,386524406.0,86832544.0,3990.0,15309.0,1692928.0,777231.0
38.8,mcf,none,7,0.22431118631101757,10537.0,0.004777764176693441,8328812.0,10174974.0,86675435.0,386407100.0,17263820.8,0.22431118631101757,0.8185585535648543,0.004777764176693441,0.4829667651700307,0.24428774832192013,0.0065927852003624665,8328812.0,10174974.0,386407100.0,86675435.0,3603.0,14749.0,1690636.0,816521.0
39.0,mcf,none,7,0.22445700531367846,10526.300000000001,0.004798899643416342,8327513.0,10182763.0,86774863.0,386599041.0,17246289.92,0.22445700531367846,0.8178048531621526,0.004798899643416342,0.42039308499561817,0.35146543485186366,0.005122901186452087,8327513.0,10182763.0,386599041.0,86774863.0,4413.0,12556.0,1589529.0,668227.0
39.1,mcf,none,7,0.2243982966252091,10518.2,0.0048267544301170695,8321054.0,10187421.0,86768362.0,386671215.0,17233018.880000003,0.2243982966252091,0.8167969106214419,0.0048267544301170695,0.4659392403400075,0.3071873076660056,0.006399776630044774,8321054.0,10187421.0,386671215.0,86768362.0,4492.0,14623.0,1583024.0,737593.0
39.2,mcf,none,7,0.22435383209000845,10552.4,0.004778186729479759,8320227.0,10164316.0,86586912.0,385939082.0,17289052.16,0.22435383209000845,0.8185722482457255,0.004778186729479759,0.38888289648725416,0.31427217973878324,0.004187655569978646,8320227.0,10164316.0,385939082.0,86586912.0,4644.0,14777.0,2419731.0,940992.0
39.3,mcf,none,7,0.22449331746423234,10516.399999999998,0.004817892221377068,8313949.0,10173613.0,86652445.0,385991200.0,17230069.759999998,0.22449331746423234,0.8172071219929439,0.004817892221377068,0.4578582424019508,0.27893242475865987,0.0059648544275820725,8313949.0,10173613.0,385991200.0,86652445.0,4912.0,17610.0,2128803.0,974690.0
39.4,mcf,none,7,0.22463923985749218,10554.300000000001,0.004738979987449114,8304403.0,10125085.0,86304779.0,384192802.0,17292165.12,0.22463923985749218,0.8201810651466136,0.004738979987449114,0.4812949099479542,0.2345238676894513,0.006927794752970413,8304403.0,10125085.0,384192802.0,86304779.0,4800.0,20467.0,2261470.0,1088434.0
39.5,mcf,none,7,0.22403195939959078,10526.199999999999,0.0047804820977775005,8327259.0,10174965.0,86590680.0,386510390.0,17246126.08,0.22403195939959078,0.8184066480818362,0.0047804820977775005,0.46414590533954064,0.29815265645138195,0.006530191308889641,8327259.0,10174965.0,386510390.0,86590680.0,4164.0,13966.0,1501028.0,696696.0
39.6,mcf,none,7,0.22429227336938148,10526.900000000001,0.004740430857898811,8321910.0,10148603.0,86429512.0,385343243.0,17247272.96,0.22429227336938148,0.8200054726744164,0.004740430857898811,0.4413960714942646,0.23313583736478774,0.005521354743520001,8321910.0,10148603.0,385343243.0,86429512.0,4289.0,18397.0,2555170.0,1127842.0
39.7,mcf,none,7,0.22427097085481223,10511.599999999999,0.004800379150458184,8329404.0,10186097.0,86743636.0,386780490.0,17222205.439999998,0.22427097085481223,0.8177228235702055,0.004800379150458184,0.4427872794415502,0.30755910755910754,0.006121586230935177,8329404.0,10186097.0,386780490.0,86743636.0,4618.0,15015.0,1698416.0,752037.0
39.8,mcf,none,7,0.22469354811946549,10526.199999999999,0.0048268004705312026,8316049.0,10176590.0,86610491.0,385460516.0,17246126.08,0.22469354811946549,0.8171744169707141,0.0048268004705312026,0.3910718239211887,0.28597621407333995,0.005079765969058165,8316049.0,10176590.0,385460516.0,86610491.0,5771.0,20180.0,2836548.0,1109294.0
39.9,mcf,none,7,0.22449725753884733,10530.1,0.004831656122920971,8324436.0,10192031.0,86775620.0,386533096.0,17252515.84,0.22449725753884733,0.8167592896842641,0.004831656122920971,0.4737384633642397,0.2874044860734533,0.006597905832448338,8324436.0,10192031.0,386533096.0,86775620.0,3498.0,12171.0,1314508.0,622733.0
40.0,mcf,none,7,0.22464091377367876,10524.400000000001,0.004848573001224504,8327828.0,10203628.0,86908339.0,386876716.0,17243176.96,0.22464091377367876,0.8161634273613267,0.004848573001224504,0.45270819923581535,0.3151085784691206,0.0060901957024883935,8327828.0,10203628.0,386876716.0,86908339.0,4092.0,12986.0,1460380.0,661126.0
40.1,mcf,none,7,0.22431351934461788,10529.6,0.004801773357001374,8313835.0,10166798.0,86560656.0,385891391.0,17251696.64,0.22431351934461788,0.8177436986551715,0.004801773357001374,0.5128454454275239,0.2757277350936046,0.00611374693307854,8313835.0,10166798.0,385891391.0,86560656.0,5096.0,18482.0,2189492.0,1122871.0
40.2,mcf,none,7,0.22354823485563335,10571.300000000001,0.004575696682842113,8351834.0,10113993.0,86091269.0,385112721.0,17320017.92,0.22354823485563335,0.8257701977843963,0.004575696682842113,0.5036677802835529,0.2649956258795786,0.005959988748686113,8351834.0,10113993.0,385112721.0,86091269.0,6967.0,26291.0,3242288.0,1633036.0
40.3,mcf,none,7,0.2754795650179428,11250.9,0.0037810471149207514,7956786.0,9346734.0,101268844.0,367609278.0,18433474.56,0.2754795650179428,0.8512905149542075,0.0037810471149207514,0.7915316354705784,0.12886455716422462,0.006491344423231891,7956786.0,9346734.0,367609278.0,101268844.0,8874.0,68863.0,9241383.0,7314847.0
40.4,mcf,none,7,1.0890034901095529,4426.0,0.00013568687285831732,30861.0,82930.0,417898368.0,383743828.0,7251558.4,1.0890034901095529,0.37213312432171713,0.00013568687285831732,0.6153491377359034,0.22818642214934298,0.00474584781186167,30861.0,82930.0,383743828.0,417898368.0,10228.0,44823.0,7289530.0,4485606.0
40.5,mcf,none,7,0.8081580749335973,1710.0,0.0011813162297869717,2137032.0,2592517.0,311604862.0,385574149.0,2801664.0,0.8081580749335973,0.824307805889026,0.0011813162297869717,0.4066623885214072,0.31789941499251734,0.005380232679592674,2137032.0,2592517.0,385574149.0,311604862.0,7010.0,22051.0,2795604.0,1136867.0
40.6,mcf,none,7,0.2242273518126143,9260.9,0.004583988176650996,8360539.0,10132196.0,86661209.0,386488126.0,15173058.56,0.2242273518126143,0.8251458025486281,0.004583988176650996,0.4860526929354162,0.2644593956562795,0.006457345664620088,8360539.0,10132196.0,386488126.0,86661209.0,4481.0,16944.0,1930050.0,938106.0
40.7,mcf,none,7,0.22462183618177903,10579.0,0.004684289844287611,8349172.0,10159953.0,86830868.0,386564679.0,17332633.6,0.22462183618177903,0.8217726991453602,0.004684289844287611,0.4790416427753256,0.22261772339636635,0.007038489789724866,8349172.0,10159953.0,386564679.0,86830868.0,3002.0,13485.0,1489382.0,713476.0
40.8,mcf,none,7,0.22504442663960278,10585.0,0.004688995294575952,8343621.0,10149435.0,86668540.0,385117469.0,17342464.0,0.22504442663960278,0.8220773865737354,0.004688995294575952,0.42953631582776547,0.26193143625364107,0.005961514029103916,8343621.0,10149435.0,385117469.0,86668540.0,5845.0,22315.0,2762721.0,1186689.0
40.9,mcf,none,7,0.22510874630701494,10556.599999999999,0.004802185289144274,8331537.0,10186608.0,86958891.0,386297256.0,17295933.439999998,0.22510874630701494,0.8178911959702386,0.004802185289144274,0.4560459266053829,0.295177874955679,0.006084673224938028,8331537.0,10186608.0,386297256.0,86958891.0,4995.0,16922.0,1960171.0,893928.0
41.2,mcf,none,7,0.22494049941775424,10601.399999999998,0.004757789125013663,8340276.0,10175987.0,86789418.0,385832779.0,17369333.759999998,0.22494049941775424,0.8196036413961614,0.004757789125013663,0.44869746193547555,0.2768196433791289,0.005693224924266761,8340276.0,10175987.0,385832779.0,86789418.0,4735.0,17105.0,2172758.0,974911.0
41.3,mcf,none,7,0.22573365819143357,10567.7,0.004780354383057498,8346691.0,10186296.0,86868197.0,384826072.0,17314119.68,0.22573365819143357,0.8194039324991145,0.004780354383057498,0.4794830038438966,0.22444982140799632,0.007117817808820342,8346691.0,10186296.0,384826072.0,86868197.0,3896.0,17358.0,1891310.0,906851.0
41.4,mcf,none,7,0.22511390163040548,10545.699999999999,0.004724373688714592,8328808.0,10143853.0,86485932.0,384187433.0,17278074.88,0.22511390163040548,0.8210694693623813,0.004724373688714592,0.3937390021116751,0.2843619440478079,0.005450159755089186,8328808.0,10143853.0,384187433.0,86485932.0,5377.0,18909.0,2482863.0,977600.0
41.5,mcf,none,7,0.2246728894415192,10577.4,0.004757098938378213,8340221.0,10175966.0,86700348.0,385895905.0,17330012.16,0.2246728894415192,0.8195999279085642,0.004757098938378213,0.44159138335236886,0.3296233984728873,0.005560374069335073,8340221.0,10175966.0,385895905.0,86700348.0,5094.0,15454.0,1863184.0,822766.0
41.6,mcf,none,7,0.2248054260390898,10541.100000000002,0.004722579419931953,8336366.0,10154570.0,86550609.0,385002313.0,17270538.240000002,0.2248054260390898,0.8209472188384146,0.004722579419931953,0.3550843433522953,0.3109887359198999,0.004535240794825416,8336366.0,10154570.0,385002313.0,86550609.0,6212.0,19975.0,3034679.0,1077567.0
41.7,mcf,none,7,0.22537316270144092,10553.5,0.004837056503183948,8326577.0,10190412.0,86841737.0,385324215.0,17290854.4,0.22537316270144092,0.8170991516339084,0.004837056503183948,0.4514857172931231,0.2562950528290708,0.006718309143019747,8326577.0,10190412.0,385324215.0,86841737.0,5191.0,20254.0,2242082.0,1012268.0
41.8,mcf,none,7,0.22508261276488017,10571.399999999998,0.004837371477923618,8341921.0,10211689.0,87000196.0,386525618.0,17320181.759999998,0.22508261276488017,0.8168992416435714,0.004837371477923618,0.43570786414875884,0.31776112825033054,0.005695832255041805,8341921.0,10211689.0,386525618.0,87000196.0,4326.0,13614.0,1630666.0,710494.0
41.9,mcf,none,7,0.22496393420214023,10549.499999999998,0.004804741809437906,8345867.0,10201620.0,86888643.0,386233657.0,17284300.799999997,0.22496393420214023,0.8180923225919021,0.004804741809437906,0.4663028370420928,0.26251612903225807,0.006317371805322596,8345867.0,10201620.0,386233657.0,86888643.0,4069.0,15500.0,1809455.0,843754.0
42.0,mcf,none,7,0.22512917961418227,10548.199999999999,0.004820133139699558,8356173.0,10219802.0,87042672.0,386634341.0,17282170.88,0.22512917961418227,0.8176452929322897,0.004820133139699558,0.4865839190903857,0.2709914468136369,0.007132808858049265,8356173.0,10219802.0,386634341.0,87042672.0,4499.0,16602.0,1696807.0,825639.0
42.1,mcf,none,7,0.2246603905681365,10575.0,0.004811071887791986,8338029.0,10197151.0,86814557.0,386425737.0,17326080.0,0.2246603905681365,0.8176822133947022,0.004811071887791986,0.4507836102024758,0.3183839313094143,0.005943845335675841,8338029.0,10197151.0,386425737.0,86814557.0,4153.0,13044.0,1495833.0,674297.0
42.2,mcf,none,7,0.22433027871956923,10557.3,0.0047092598542506185,8364366.0,10184676.0,86712278.0,386538449.0,17297080.32,0.22433027871956923,0.8212697193312777,0.0047092598542506185,0.4355933147422338,0.28464806521988745,0.0052180154706201855,8364366.0,10184676.0,386538449.0,86712278.0,4958.0,17418.0,2387881.0,1040145.0
42.3,mcf,none,7,0.22502741772716553,10573.5,0.004823718039130435,8343298.0,10208065.0,86991756.0,386582919.0,17323622.4,0.22502741772716553,0.8173241451734486,0.004823718039130435,0.4612232851056478,0.27312120036217824,0.006742237638231169,8343298.0,10208065.0,386582919.0,86991756.0,4223.0,15462.0,1666954.0,768838.0
42.4,mcf,none,7,0.22485754457128063,10550.8,0.004806385962944957,8344481.0,10202102.0,86905234.0,386490185.0,17286430.72,0.22485754457128063,0.817917817328233,0.004806385962944957,0.37110258359016923,0.29637743525545734,0.004659051994564353,8344481.0,10202102.0,386490185.0,86905234.0,3788.0,12781.0,1930221.0,716310.0
42.5,mcf,none,7,0.22524959120389362,10548.599999999999,0.004833180904093068,8333895.0,10199053.0,86925378.0,385906929.0,17282826.24,0.22524959120389362,0.817124393804013,0.004833180904093068,0.42536829939539017,0.28740359897172235,0.005482070149930268,8333895.0,10199053.0,385906929.0,86925378.0,5590.0,19450.0,2528242.0,1075434.0
42.6,mcf,none,7,0.2250087758425725,10551.100000000002,0.004784026478681076,8349553.0,10196814.0,86882867.0,386131015.0,17286922.240000002,0.2250087758425725,0.818839394344155,0.004784026478681076,0.3692978043346125,0.33700661190142256,0.004482820595957288,8349553.0,10196814.0,386131015.0,86882867.0,5046.0,14973.0,2214454.0,817793.0
42.7,mcf,none,7,0.2249426783601459,10546.100000000002,0.0048288204233718855,8345578.0,10212255.0,86956086.0,386569977.0,17278730.240000002,0.2249426783601459,0.8172120653078091,0.0048288204233718855,0.5038625772664664,0.30892143808255657,0.006539423886106195,8345578.0,10212255.0,386569977.0,86956086.0,4408.0,14269.0,1507931.0,759790.0
42.8,mcf,none,7,0.22509474522827705,10561.400000000001,0.004794374467308077,8344328.0,10193266.0,86807201.0,385647390.0,17303797.76,0.22509474522827705,0.8186118168602683,0.004794374467308077,0.4070940839737511,0.26257852228537243,0.005322851728825621,8344328.0,10193266.0,385647390.0,86807201.0,4389.0,16715.0,2315676.0,942698.0
42.9,mcf,none,7,0.22497690087402802,10543.199999999999,0.004819595474227457,8350257.0,10212736.0,86939818.0,386438864.0,17273978.88,0.22497690087402802,0.817631729636407,0.004819595474227457,0.4572950943836999,0.2760805612129441,0.005838411601630156,8350257.0,10212736.0,386438864.0,86939818.0,4880.0,17676.0,2191692.0,1002250.0
43.0,mcf,none,7,0.2249865549821775,10538.0,0.004852926774628477,8335299.0,10210414.0,86932213.0,386388480.0,17265459.2,0.2249865549821775,0.8163526963745055,0.004852926774628477,0.4564394008258703,0.3151574164232392,0.006393404672821304,8335299.0,10210414.0,386388480.0,86932213.0,4855.0,15405.0,1650138.0,753188.0
43.3,mcf,none,7,0.22466908003437008,10549.2,0.004802728902164072,8342337.0,10198889.0,86848506.0,386561898.0,17283809.28,0.22466908003437008,0.8179652705309373,0.004802728902164072,0.47380309345279065,0.27862257074667574,0.006467005982240338,8342337.0,10198889.0,386561898.0,86848506.0,4086.0,14665.0,1635842.0,775067.0
43.5,mcf,none,7,0.22510014721567562,10540.4,0.0047702913651219364,8328445.0,10162754.0,86557234.0,384527665.0,17269391.36,0.22510014721567562,0.8195067006443332,0.0047702913651219364,0.5065264995490961,0.25488252783769605,0.0069812269939320505,8328445.0,10162754.0,384527665.0,86557234.0,4372.0,17153.0,1830767.0,927332.0
43.6,mcf,none,7,0.22476585223302414,10538.800000000001,0.004751351927699875,8327529.0,10156335.0,86512880.0,384902240.0,17266769.92,0.22476585223302414,0.8199344547024099,0.004751351927699875,0.4908598320658979,0.2220089264289485,0.007102107193583351,8327529.0,10156335.0,384902240.0,86512880.0,4626.0,20837.0,2282562.0,1120418.0
43.7,mcf,none,7,0.22376904150742127,10613.699999999999,0.004648355489986519,8358543.0,10153895.0,86427167.0,386233799.0,17389486.08,0.22376904150742127,0.8231858808861033,0.004648355489986519,0.5284361970061572,0.26179855718927253,0.006714707337940376,8358543.0,10153895.0,386233799.0,86427167.0,4754.0,18159.0,1996364.0,1054951.0
43.8,mcf,none,7,0.2246320459223104,10543.800000000001,0.004801970321649216,8345645.0,10202430.0,86858807.0,386671486.0,17274961.92,0.2246320459223104,0.8180056123884212,0.004801970321649216,0.4709987217822008,0.29699059561128527,0.006398507224213097,8345645.0,10202430.0,386671486.0,86858807.0,4737.0,15950.0,1752440.0,825397.0
43.9,mcf,none,7,0.22473114914402834,10551.800000000001,0.004808522219746126,8339178.0,10195686.0,86765779.0,386087017.0,17288069.12,0.22473114914402834,0.8179123994206962,0.004808522219746126,0.4983020452313517,0.268210706428746,0.006817437838914903,8339178.0,10195686.0,386087017.0,86765779.0,4389.0,16364.0,1756525.0,875280.0
44.0,mcf,none,7,0.2249667288466821,10542.7,0.004831894829943254,8337374.0,10203950.0,86905347.0,386303110.0,17273159.68,0.2249667288466821,0.81707319224418,0.004831894829943254,0.456190721848159,0.3099343185550082,0.00598066335198214,8337374.0,10203950.0,386303110.0,86905347.0,4530.0,14616.0,1686435.0,769336.0
44.1,mcf,none,7,0.22478096347057072,10526.900000000001,0.004832118146702585,8324880.0,10191222.0,86818687.0,386236831.0,17247272.96,0.22478096347057072,0.8168676926084036,0.004832118146702585,0.4480284841053954,0.31939309919901415,0.005847287664452898,8324880.0,10191222.0,386236831.0,86818687.0,4147.0,12984.0,1511299.0,677105.0
44.2,mcf,none,7,0.3874513189347612,10576.199999999999,0.004256417610561678,7500269.0,9144294.0,149651588.0,386246170.0,17328046.08,0.3874513189347612,0.8202130202725328,0.004256417610561678,0.45192303363543906,0.2796080964685616,0.005476783423132882,7500269.0,9144294.0,386246170.0,149651588.0,5194.0,18576.0,2443405.0,1104231.0
44.3,mcf,none,7,1.0296026349754128,4528.2,6.134089531801507e-05,18802.0,42007.0,389494301.0,378295750.0,7419002.88,1.0296026349754128,0.4475920679886686,6.134089531801507e-05,0.5263567282379285,0.16018341380462178,0.008845331749514893,18802.0,42007.0,378295750.0,389494301.0,5275.0,32931.0,3126621.0,1645718.0
44.4,mcf,none,7,0.7596216236916611,1725.0,0.0014718003082674308,2643848.0,3212572.0,293528304.0,386413834.0,2826240.0,0.7596216236916611,0.8229692595216543,0.0014718003082674308,0.48208116400317885,0.34,0.006157545214843597,2643848.0,3212572.0,386413834.0,293528304.0,6103.0,17950.0,1923981.0,927515.0
44.5,mcf,none,7,0.22426512803673798,8998.7,0.004626777590556563,8317862.0,10102314.0,86494401.0,385679226.0,14743470.08,0.22426512803673798,0.8233620534859637,0.004626777590556563,0.4647561866652297,0.2955872809863725,0.006289658017590183,8317862.0,10102314.0,385679226.0,86494401.0,4555.0,15410.0,1725849.0,802099.0
44.6,mcf,none,7,0.22449328765184884,10553.3,0.0046473831843327085,8338491.0,10130136.0,86545968.0,385516952.0,17290526.72,0.22449328765184884,0.823137122739517,0.0046473831843327085,0.4687979208213044,0.22125588010064545,0.006406091388830894,8338491.0,10130136.0,385516952.0,86545968.0,4045.0,18282.0,2222416.0,1041864.0
44.7,mcf,none,7,0.22436879019082348,10555.2,0.00469896807522144,8340357.0,10155978.0,86693223.0,386387175.0,17293639.68,0.22436879019082348,0.8212263752442158,0.00469896807522144,0.5292684743742551,0.23884297520661157,0.0074845595405786105,8340357.0,10155978.0,386387175.0,86693223.0,3468.0,14520.0,1476640.0,781539.0
44.8,mcf,none,7,0.22466847303693116,10540.2,0.0047495843461139164,8340582.0,10175651.0,86803838.0,386364125.0,17269063.68,0.22466847303693116,0.8196607764947913,0.0047495843461139164,0.4008407693615528,0.3155550131201562,0.0051261519673710555,8340582.0,10175651.0,386364125.0,86803838.0,5171.0,16387.0,2187996.0,877038.0
44.9,mcf,none,7,0.22464893459570878,10557.5,0.004776132082167293,8329083.0,10174306.0,86791440.0,386342540.0,17297408.0,0.22464893459570878,0.8186389322279082,0.004776132082167293,0.44271077876089865,0.3103561356332393,0.005105506518199929,8329083.0,10174306.0,386342540.0,86791440.0,4732.0,15247.0,2059541.0,911781.0
45.0,mcf,none,7,0.2249704927050781,10535.699999999999,0.00482462907804968,8325276.0,10187989.0,86857550.0,386084188.0,17261690.88,0.2249704927050781,0.8171657821774249,0.00482462907804968,0.5052382554399752,0.2656818308992222,0.007063826351415,8325276.0,10187989.0,386084188.0,86857550.0,4748.0,17871.0,1857775.0,938619.0
45.1,mcf,none,7,0.22445442267877003,10542.9,0.004750772401003995,8339938.0,10174760.0,86687780.0,386215513.0,17273487.36,0.22445442267877003,0.8196692600120298,0.004750772401003995,0.4446140932226632,0.2936396585993219,0.004781958446075236,8339938.0,10174760.0,386215513.0,86687780.0,5023.0,17106.0,2526789.0,1123446.0
45.4,mcf,none,7,0.22459565647601218,10563.3,0.004758041023619808,8411724.0,10264685.0,87466037.0,389437794.0,17306910.72,0.22459565647601218,0.8194819422125472,0.004758041023619808,0.3552926024309748,0.3292898826306472,0.00433364260687943,8411724.0,10264685.0,389437794.0,87466037.0,5022.0,15251.0,2360370.0,838622.0
45.5,mcf,none,7,0.22494257708901544,10524.1,0.004745086491024785,8324834.0,10148786.0,86465118.0,384387514.0,17242685.44,0.22494257708901544,0.820278799848573,0.004745086491024785,0.5029384594490742,0.24446064139941692,0.0072072097126989,8324834.0,10148786.0,384387514.0,86465118.0,5031.0,20580.0,2157423.0,1085051.0
45.6,mcf,none,7,0.22459596520667655,10548.4,0.004772572614444256,8324645.0,10164427.0,86579639.0,385490625.0,17282498.56,0.22459596520667655,0.8189979622068219,0.004772572614444256,0.4244071695778613,0.24837010379179053,0.005704170801342782,8324645.0,10164427.0,385490625.0,86579639.0,4762.0,19173.0,2526397.0,1072221.0
45.7,mcf,none,7,0.22489791266400688,10529.9,0.004798382384045618,8323150.0,10171425.0,86627775.0,385187101.0,17252188.16,0.22489791266400688,0.818287506421175,0.004798382384045618,0.4155871191901938,0.3006599378881988,0.005245203179440395,8323150.0,10171425.0,385187101.0,86627775.0,4647.0,15456.0,2060740.0,856417.0
45.8,mcf,none,7,0.22461032469985787,10530.8,0.004815526021003578,8330494.0,10191772.0,86815491.0,386516030.0,17253662.72,0.22461032469985787,0.8173744467596018,0.004815526021003578,0.47909324468400166,0.2969892040501576,0.0064685383719323185,8330494.0,10191772.0,386516030.0,86815491.0,4429.0,14913.0,1620768.0,776499.0
45.9,mcf,none,7,0.22464907404715054,10537.5,0.004776726546488209,8333130.0,10175323.0,86638192.0,385660134.0,17264640.0,0.22464907404715054,0.8189548380921176,0.004776726546488209,0.3784707399526739,0.2744398914373902,0.005065507180469746,8333130.0,10175323.0,385660134.0,86638192.0,5157.0,18791.0,2691537.0,1018668.0
46.0,mcf,none,7,0.22453134357881654,10527.0,0.00480096281981874,8331298.0,10187539.0,86812646.0,386639320.0,17247436.8,0.22453134357881654,0.8177929920071962,0.00480096281981874,0.5197562823404149,0.26630820137083433,0.0072641434927209385,8331298.0,10187539.0,386639320.0,86812646.0,4507.0,16924.0,1709355.0,888448.0
46.1,mcf,none,7,0.22450586898396424,10530.2,0.004814057313432593,8334892.0,10195545.0,86772444.0,386504123.0,17252679.68,0.22450586898396424,0.8175033311117748,0.004814057313432593,0.501270599188952,0.26282995355160305,0.006947721783622297,8334892.0,10195545.0,386504123.0,86772444.0,4640.0,17654.0,1873132.0,938946.0
46.2,mcf,none,7,0.22419348703056816,10571.0,0.004709554268275524,8335759.0,10153171.0,86516029.0,385898940.0,17319526.4,0.22419348703056816,0.8210005524382481,0.004709554268275524,0.4497527868420086,0.2750934242444109,0.005565378983836391,8335759.0,10153171.0,385898940.0,86516029.0,4196.0,15253.0,1986747.0,893545.0
46.3,mcf,none,7,0.2246958061589327,10512.6,0.004834015753682635,8320346.0,10187959.0,86810807.0,386348141.0,17223843.84,0.2246958061589327,0.8166842838688299,0.004834015753682635,0.4743798436034269,0.2534538632099608,0.006814811354905006,8320346.0,10187959.0,386348141.0,86810807.0,2972.0,11726.0,1284555.0,609367.0
46.4,mcf,none,7,0.2244192949640206,10544.9,0.004789749914879846,8332881.0,10182505.0,86662419.0,386162959.0,17276764.16,0.2244192949640206,0.8183527530799151,0.004789749914879846,0.3194914411867152,0.32128709430815205,0.0040787278846161875,8332881.0,10182505.0,386162959.0,86662419.0,4623.0,14389.0,2394374.0,764982.0
46.5,mcf,none,7,0.2246398595323784,10533.900000000001,0.004814190209538371,8328975.0,10189149.0,86799484.0,386393956.0,17258741.76,0.2246398595323784,0.8174357838912749,0.004814190209538371,0.4884773805805755,0.2666409095926703,0.006514522231597712,8328975.0,10189149.0,386393956.0,86799484.0,4831.0,18118.0,2039597.0,996297.0
46.6,mcf,none,7,0.22462957426156746,10553.0,0.004748329848777055,8331223.0,10161709.0,86594930.0,385501020.0,17290035.2,0.22462957426156746,0.8198643554937461,0.004748329848777055,0.37404839311718807,0.2437152810469824,0.004887133529629902,8331223.0,10161709.0,385501020.0,86594930.0,5177.0,21242.0,3287203.0,1229573.0
46.7,mcf,none,7,0.22426235570797282,10526.5,0.004790235546567574,8333018.0,10185080.0,86707174.0,386632762.0,17246617.6,0.22426235570797282,0.8181593075361214,0.004790235546567574,0.4517381907401401,0.3118263473053892,0.005905191931583527,8333018.0,10185080.0,386632762.0,86707174.0,4166.0,13360.0,1556935.0,703327.0
46.8,mcf,none,7,0.2246510858429259,10533.800000000001,0.004807526121009063,8324642.0,10179680.0,86684147.0,385861242.0,17258577.92,0.2246510858429259,0.8177704996620719,0.004807526121009063,0.47189715616179684,0.30028818443804034,0.006039687479616193,8324642.0,10179680.0,385861242.0,86684147.0,4689.0,15615.0,1809034.0,853678.0
46.9,mcf,none,7,0.22461075625249172,10512.4,0.00480725731352167,8324869.0,10179949.0,86675394.0,385891555.0,17223516.16,0.22461075625249172,0.8177711892269794,0.00480725731352167,0.41743931921046085,0.29993658845909954,0.005542347978682934,8324869.0,10179949.0,385891555.0,86675394.0,4257.0,14193.0,1792742.0,748361.0
47.0,mcf,none,7,0.22453902823733332,10521.399999999998,0.004849345394551071,8315429.0,10189415.0,86771092.0,386441024.0,17238261.759999998,0.22453902823733332,0.8160850254896871,0.004849345394551071,0.45953080831010795,0.2941589331669656,0.0059989461579503765,8315429.0,10189415.0,386441024.0,86771092.0,3772.0,12823.0,1508765.0,693324.0
47.1,mcf,none,7,0.2242153435108111,10551.7,0.0047820638421803415,8327008.0,10174274.0,86612265.0,386290535.0,17287905.28,0.2242153435108111,0.8184375612451562,0.0047820638421803415,0.44165521458962764,0.2723761174263326,0.005727196757397231,8327008.0,10174274.0,386290535.0,86612265.0,4936.0,18122.0,2302348.0,1016844.0
47.2,mcf,none,7,0.22415935212681026,10536.300000000001,0.004768976729005838,8332871.0,10176128.0,86639822.0,386509959.0,17262673.92,0.22415935212681026,0.8188646015458925,0.004768976729005838,0.5294775106466008,0.2534265128121783,0.007306812976127861,8332871.0,10176128.0,386509959.0,86639822.0,4678.0,18459.0,1886048.0,998620.0
47.5,mcf,none,7,0.225070395629926,10541.999999999998,0.004778608574603973,8330014.0,10167537.0,86546538.0,384530972.0,17272012.799999997,0.225070395629926,0.8192755039888224,0.004778608574603973,0.4916261522352225,0.3339109228597099,0.006217337860406717,8330014.0,10167537.0,384530972.0,86546538.0,5203.0,15582.0,1669364.0,820703.0
47.6,mcf,none,7,0.22449065594092715,10530.900000000001,0.0047592080051949434,8303002.0,10132324.0,86288663.0,384375299.0,17253826.560000002,0.22449065594092715,0.8194568195805819,0.0047592080051949434,0.4863733982003294,0.2360338460100042,0.007054501658727366,8303002.0,10132324.0,384375299.0,86288663.0,5049.0,21391.0,2316535.0,1126701.0
47.7,mcf,none,7,0.22406890751426162,10515.0,0.004777117214417493,8101367.0,9895852.0,84169652.0,375641819.0,17227776.0,0.22406890751426162,0.8186629104800678,0.004777117214417493,0.4470289499733203,0.26760200798043504,0.005465612030878306,8101367.0,9895852.0,375641819.0,84169652.0,4158.0,15538.0,2082109.0,930763.0
47.8,mcf,none,7,0.224387002522586,10521.199999999999,0.004830444321497921,8326381.0,10195524.0,86826670.0,386950532.0,17237934.08,0.224387002522586,0.8166702368608029,0.004830444321497921,0.46953882481678255,0.23396059611012882,0.00698659525146502,8326381.0,10195524.0,386950532.0,86826670.0,3705.0,15836.0,1736325.0,815272.0
47.9,mcf,none,7,0.22435517538385466,10517.3,0.004801390795315527,8330898.0,10186851.0,86723343.0,386544874.0,17231544.32,0.22435517538385466,0.8178089578418296,0.004801390795315527,0.34229194478688274,0.2790958958429714,0.004644953595176197,8330898.0,10186851.0,386544874.0,86723343.0,4223.0,15131.0,2348355.0,803823.0
48.0,mcf,none,7,0.2243896768941779,10512.5,0.004811654745838171,8322541.0,10182267.0,86727610.0,386504456.0,17223680.0,0.2243896768941779,0.8173563902812605,0.004811654745838171,0.5555033787940806,0.2019674146941285,0.008148782453875883,8322541.0,10182267.0,386504456.0,86727610.0,3285.0,16265.0,1592876.0,884848.0
48.1,mcf,none,7,0.3590421971438348,5237.4,0.004443058996370236,7611993.0,9329691.0,138806634.0,386602564.0,8580956.16,0.3590421971438348,0.8158890792846194,0.004443058996370236,0.5291422093228555,0.23697803223598232,0.007595689518989224,7611993.0,9329691.0,386602564.0,138806634.0,3808.0,16069.0,1614205.0,854144.0
48.2,mcf,none,7,1.0487227987694958,1693.8999999999999,8.692755664747952e-05,17392.0,50642.0,401138999.0,382502411.0,2775285.76,1.0487227987694958,0.3434303542514119,8.692755664747952e-05,0.5501615231085335,0.15822844408173514,0.007883033165882321,17392.0,50642.0,382502411.0,401138999.0,5041.0,31859.0,3401990.0,1871644.0
48.3,mcf,none,7,0.7611974416586407,8499.5,0.0014656635586166407,2642288.0,3209123.0,294387719.0,386742917.0,13925580.8,0.7611974416586407,0.8233676303463594,0.0014656635586166407,0.46178021769701855,0.3441847899500203,0.005788482529334372,2642288.0,3209123.0,386742917.0,294387719.0,5096.0,14806.0,1677469.0,774622.0
48.5,mcf,none,7,0.2244901475434106,10591.5,0.004691592839880654,8342352.0,10158035.0,86879437.0,387007795.0,17353113.6,0.2244901475434106,0.8212564733238269,0.004691592839880654,0.468755169345451,0.2596212583995113,0.006707773404182704,8342352.0,10158035.0,387007795.0,86879437.0,3825.0,14733.0,1626173.0,762277.0
48.6,mcf,none,7,0.22436480302872663,10559.1,0.00466847761473165,8327712.0,10129497.0,86592926.0,385947015.0,17300029.44,0.22436480302872663,0.8221249288093969,0.00466847761473165,0.3260299118412984,0.36202720327929944,0.0034084845782000332,8327712.0,10129497.0,385947015.0,86592926.0,5829.0,16101.0,3013656.0,982542.0
48.7,mcf,none,7,0.22465681135998244,10539.5,0.0047619134987587726,8342723.0,10185469.0,86936783.0,386975950.0,17267916.8,0.22465681135998244,0.8190808886660006,0.0047619134987587726,0.4761698086885729,0.26264405784335315,0.006769730107136287,8342723.0,10185469.0,386975950.0,86936783.0,3578.0,13623.0,1483811.0,706546.0
48.8,mcf,none,7,0.22506013965643676,10551.399999999998,0.004818929743976003,8331892.0,10196167.0,87067879.0,386864947.0,17287413.759999998,0.22506013965643676,0.8171592324841286,0.004818929743976003,0.494329400640269,0.25306039173014144,0.006988744068666971,8331892.0,10196167.0,386864947.0,87067879.0,3721.0,14704.0,1571527.0,776852.0
48.9,mcf,none,7,0.22507536673721493,10552.5,0.004819702253251527,8335205.0,10198671.0,87022034.0,386635087.0,17289216.0,0.22507536673721493,0.8172834480100397,0.004819702253251527,0.4007278215575066,0.2952891359004896,0.004667646561297317,8335205.0,10198671.0,386635087.0,87022034.0,4463.0,15114.0,2281878.0,914412.0
49.0,mcf,none,7,0.22502155421860043,10563.4,0.004828975305573512,8334235.0,10201064.0,86990870.0,386589055.0,17307074.56,0.22502155421860043,0.8169966387819937,0.004828975305573512,0.4631762070941195,0.29446329553918726,0.00592044724551626,8334235.0,10201064.0,386589055.0,86990870.0,3558.0,12083.0,1439925.0,666939.0
49.1,mcf,none,7,0.22469891486028673,10542.4,0.004778083372022157,8344571.0,10191704.0,86865119.0,386584506.0,17272668.16,0.22469891486028673,0.8187611217908213,0.004778083372022157,0.41647342756822986,0.33998447204968946,0.004368950999498401,8344571.0,10191704.0,386584506.0,86865119.0,4379.0,12880.0,1945776.0,810364.0
49.2,mcf,none,7,0.22462080947775767,10585.3,0.004766407943907766,8352137.0,10195877.0,86887731.0,386819597.0,17342955.52,0.22462080947775767,0.8191680813724999,0.004766407943907766,0.461875357634675,0.24544062369483502,0.006816281102426571,8352137.0,10195877.0,386819597.0,86887731.0,3526.0,14366.0,1590310.0,734525.0
49.3,mcf,none,7,0.22474796510823003,10546.8,0.0047831792002582885,8351995.0,10203165.0,86981205.0,387016652.0,17279877.119999997,0.22474796510823003,0.818569042057048,0.0047831792002582885,0.48233938338585663,0.27174621568769464,0.006729096801955754,8351995.0,10203165.0,387016652.0,86981205.0,3752.0,13807.0,1494257.0,720739.0
49.5,mcf,none,7,0.2248742771189099,10566.7,0.004797478385110855,8336539.0,10190239.0,86889281.0,386390485.0,17312481.28,0.2248742771189099,0.8180906257448918,0.004797478385110855,0.4074534161490683,0.23627450980392156,0.005778232370750065,8336539.0,10190239.0,386390485.0,86889281.0,4579.0,19380.0,2561510.0,1043696.0
49.6,mcf,none,7,0.22531067948679756,10549.0,0.00485710893358288,8322321.0,10194558.0,86848987.0,385463251.0,17283481.6,0.22531067948679756,0.8163493699285442,0.00485710893358288,0.34741317774122465,0.342668863261944,0.004483582670971705,8322321.0,10194558.0,385463251.0,86848987.0,4368.0,12747.0,1868818.0,649252.0
49.7,mcf,none,7,0.2248895177118635,10536.900000000001,0.004771055695780853,8331557.0,10170201.0,86666723.0,385374667.0,17263656.96,0.2248895177118635,0.8192126192982814,0.004771055695780853,0.46830131786759926,0.24091950261780104,0.0066553246183176,8331557.0,10170201.0,385374667.0,86666723.0,5890.0,24448.0,2788444.0,1305832.0
49.8,mcf,none,7,0.22483140907170937,10545.900000000001,0.0048180164441139345,8344724.0,10208265.0,86961627.0,386785936.0,17278402.560000002,0.22483140907170937,0.8174478229160391,0.0048180164441139345,0.49875697356622406,0.25991348233597694,0.006889668651571368,8344724.0,10208265.0,386785936.0,86961627.0,3605.0,13870.0,1489912.0,743104.0
49.9,mcf,none,7,0.22489315167310958,10547.1,0.004811280585659417,8334189.0,10194646.0,86963134.0,386686448.0,17280368.64,0.22489315167310958,0.8175064636869196,0.004811280585659417,0.4634202866583305,0.2627821280515891,0.007156025652298974,8334189.0,10194646.0,386686448.0,86963134.0,3423.0,13026.0,1341946.0,621885.0
50.0,mcf,none,7,0.22470789963373394,10532.6,0.004815906896209621,8333914.0,10195284.0,86850629.0,386504565.0,17256611.84,0.22470789963373394,0.8174283325506185,0.004815906896209621,0.41563328487129053,0.32215970310068237,0.004794270584160956,8333914.0,10195284.0,386504565.0,86850629.0,2691.0,8353.0,1180993.0,490860.0
50.1,mcf,none,7,0.22477279187670154,10539.400000000001,0.004844793516969388,8335203.0,10208934.0,86931207.0,386751467.0,17267752.96,0.22477279187670154,0.8164616403632348,0.004844793516969388,0.4780878363391288,0.2630927324501671,0.0063471480489344645,8335203.0,10208934.0,386751467.0,86931207.0,2125.0,8077.0,937744.0,448324.0
50.2,mcf,none,7,0.22461788948706932,10566.599999999999,0.00476382691936974,8339720.0,10178568.0,86703015.0,386002269.0,17312317.439999998,0.22461788948706932,0.8193411882693126,0.00476382691936974,0.45506631081499715,0.21853579862911124,0.005694997955727866,8339720.0,10178568.0,386002269.0,86703015.0,3794.0,17361.0,2382266.0,1084089.0
50.3,mcf,none,7,0.22485125866723557,10533.899999999998,0.0048484997803795475,8331579.0,10207405.0,86992236.0,386887921.0,17258741.759999998,0.22485125866723557,0.8162289044081233,0.0048484997803795475,0.46600580356064053,0.2514450867052023,0.0069354051814053555,8331579.0,10207405.0,386887921.0,86992236.0,3567.0,14186.0,1531129.0,713515.0
50.4,mcf,none,7,0.22490016906791604,10544.1,0.0048234793649104095,8328253.0,10191990.0,86898841.0,386388509.0,17275453.44,0.22490016906791604,0.8171370851031055,0.0048234793649104095,0.4580075773342472,0.2275427101830874,0.006872884061555762,8328253.0,10191990.0,386388509.0,86898841.0,3716.0,16331.0,1835474.0,840661.0
50.5,mcf,none,7,0.2248881532513293,10544.2,0.004789026930685743,8262636.0,10094780.0,86035741.0,382571246.0,17275617.28,0.2248881532513293,0.8185058020085628,0.004789026930685743,0.5008139000894292,0.17450739573877289,0.008122712383786732,8262636.0,10094780.0,382571246.0,86035741.0,3268.0,18727.0,1903182.0,953140.0
50.6,mcf,none,7,0.22497224891284748,10545.9,0.004808084408105424,8420124.0,10293969.0,87677979.0,389727975.0,17278402.56,0.22497224891284748,0.8179667142964973,0.004808084408105424,0.49651555212821713,0.26878854793268864,0.006683541977974866,8420124.0,10293969.0,389727975.0,87677979.0,3530.0,13133.0,1436813.0,713400.0
50.7,mcf,none,7,0.22473107796431302,10535.4,0.00478166391023741,8340423.0,10187108.0,86791443.0,386201338.0,17261199.36,0.22473107796431302,0.8187233314891724,0.00478166391023741,0.46424063770149415,0.27593979495382825,0.006409196082911493,8340423.0,10187108.0,386201338.0,86791443.0,3795.0,13753.0,1553705.0,721293.0
50.8,mcf,none,7,0.22483110323915625,10538.0,0.004832116218637244,8331639.0,10202035.0,87026714.0,387075955.0,17265459.2,0.22483110323915625,0.8166644203827962,0.004832116218637244,0.43981291557252955,0.2908171456092471,0.006132720824804097,8331639.0,10202035.0,387075955.0,87026714.0,3623.0,12458.0,1440633.0,633609.0
50.9,mcf,none,7,0.22492060466273184,10560.4,0.0048438987122625815,8341682.0,10214726.0,86972543.0,386681083.0,17302159.36,0.22492060466273184,0.8166329669537881,0.0048438987122625815,0.42800810743562107,0.2914617486338798,0.0054566850309657544,8341682.0,10214726.0,386681083.0,86972543.0,4267.0,14640.0,1900971.0,813631.0
51.0,mcf,none,7,0.2249505774520249,10537.2,0.004868622584415416,8334577.0,10217665.0,87006484.0,386780443.0,17264148.48,0.2249505774520249,0.8157027070274863,0.004868622584415416,0.4648459098110407,0.29197907585004357,0.0062976091418858095,8334577.0,10217665.0,386780443.0,87006484.0,3349.0,11470.0,1289537.0,599436.0
51.1,mcf,none,7,0.22511545531727065,10526.900000000001,0.004832851643860894,8333461.0,10199738.0,86931656.0,386164761.0,17247272.96,0.22511545531727065,0.8170269667711073,0.004832851643860894,0.4318082727863617,0.26843781931838673,0.005146968337961842,8333461.0,10199738.0,386164761.0,86931656.0,4466.0,16637.0,2364693.0,1021094.0
51.2,mcf,none,7,0.22431773737180913,10580.8,0.004773917025451877,8350601.0,10199173.0,86861059.0,387223320.0,17335582.72,0.22431773737180913,0.8187527557381368,0.004773917025451877,0.4454603684390957,0.3306639111340739,0.005843693051621168,8350601.0,10199173.0,387223320.0,86861059.0,3840.0,11613.0,1330152.0,592530.0
51.3,mcf,none,7,0.2246024817628223,10526.900000000001,0.004810607934709947,8330949.0,10191454.0,86865121.0,386750495.0,17247272.96,0.2246024817628223,0.8174445962273882,0.004810607934709947,0.43193185173902077,0.3058413251961639,0.005720694731744538,8330949.0,10191454.0,386750495.0,86865121.0,3508.0,11470.0,1391789.0,601158.0
51.4,mcf,none,7,0.22466906322835428,10548.099999999999,0.0048046627588927944,8336368.0,10191994.0,86770243.0,386213579.0,17282007.04,0.22466906322835428,0.8179329775900575,0.0048046627588927944,0.390450566873724,0.23951725205013152,0.0053375179184223095,8336368.0,10191994.0,386213579.0,86770243.0,3096.0,12926.0,1841680.0,719085.0
51.6,mcf,none,7,0.2250333884822489,10537.5,0.004832891007701943,8324849.0,10188886.0,86794956.0,385698125.0,17264640.0,0.2250333884822489,0.8170519328609624,0.004832891007701943,0.4138956027974476,0.31191840988610137,0.004758337902223183,8324849.0,10188886.0,385698125.0,86794956.0,4190.0,13433.0,1942485.0,803986.0
51.7,mcf,none,7,0.2254154145261746,10540.1,0.004818987828522308,8318497.0,10170849.0,86646555.0,384386113.0,17268899.84,0.2254154145261746,0.8178763641068705,0.004818987828522308,0.34469596616380505,0.2273976187360984,0.004111505705802097,8318497.0,10170849.0,384386113.0,86646555.0,3476.0,15286.0,2872427.0,990114.0
51.8,mcf,none,7,0.2246174532113876,10528.5,0.004827181805182431,8337933.0,10205904.0,86920051.0,386969266.0,17249894.4,0.2246174532113876,0.8169715294206177,0.004827181805182431,0.49878971617823487,0.2714340935446463,0.006635087106640157,8337933.0,10205904.0,386969266.0,86920051.0,3511.0,12935.0,1420328.0,708445.0
51.9,mcf,none,7,0.2247448645522106,10548.3,0.004849610773397087,8333708.0,10209444.0,86926983.0,386780731.0,17282334.72,0.2247448645522106,0.816274421995948,0.004849610773397087,0.38350976975844703,0.3327504941462673,0.0050040365248485725,8333708.0,10209444.0,386780731.0,86926983.0,4377.0,13154.0,1753984.0,672670.0
52.0,mcf,none,7,0.47389141563660003,5095.9,0.004031391243946411,6800979.0,8339018.0,180797009.0,381515687.0,8349122.56,0.47389141563660003,0.8155611368149104,0.004031391243946411,0.38880900817591646,0.2665701881331404,0.005144396865653386,6800979.0,8339018.0,381515687.0,180797009.0,3684.0,13820.0,1970299.0,766070.0
52.1,mcf,none,7,1.0053412879936283,1749.9,2.2669092476346116e-05,12450.0,21199.0,388005428.0,385943990.0,2867036.16,1.0053412879936283,0.5872918533893108,2.2669092476346116e-05,0.5153653696686862,0.32166890982503366,0.005363130774410546,12450.0,21199.0,385943990.0,388005428.0,5975.0,18575.0,2349374.0,1210786.0
52.2,mcf,none,7,0.6885476504999333,8563.0,0.0018526371683233469,3431605.0,4147831.0,266191210.0,386598095.0,14029619.200000001,0.6885476504999333,0.8273251730844385,0.0018526371683233469,0.4238895205790099,0.3667951228757344,0.004554985671086679,3431605.0,4147831.0,386598095.0,266191210.0,5806.0,15829.0,2200446.0,932746.0
52.3,mcf,none,7,0.22499653835865244,10596.2,0.004673944551792939,8354665.0,10161753.0,86990451.0,386630175.0,17360814.080000002,0.22499653835865244,0.8221676909485991,0.004673944551792939,0.4642252394819434,0.2599415403439603,0.006555795619594043,8354665.0,10161753.0,386630175.0,86990451.0,3824.0,14711.0,1660668.0,770924.0
52.4,mcf,none,7,0.22544799218724138,10496.900000000001,0.004730802773363791,8361474.0,10190637.0,87169376.0,386649600.0,17198120.96,0.22544799218724138,0.8205055287515393,0.004730802773363791,0.4293992750478023,0.2794130884868125,0.00552374104591571,8361474.0,10190637.0,386649600.0,87169376.0,3104.0,11109.0,1449199.0,622285.0
52.5,mcf,none,7,0.22570920489957183,10682.7,0.004717068045958642,8363197.0,10182619.0,87058378.0,385710357.0,17502535.68,0.22570920489957183,0.821320821293618,0.004717068045958642,0.4352865518953334,0.24682946573124662,0.006018514275980549,8363197.0,10182619.0,385710357.0,87058378.0,3659.0,14824.0,1855109.0,807504.0
52.6,mcf,none,7,0.22556206973968437,10574.6,0.004759257525352761,8351699.0,10187728.0,87017460.0,385780553.0,17325424.64,0.22556206973968437,0.8197803278611286,0.004759257525352761,0.3382102666910063,0.34542508980770587,0.003803615091998124,8351699.0,10187728.0,385780553.0,87017460.0,4904.0,14197.0,2443202.0,826316.0
52.7,mcf,none,7,0.22505309030850582,10580.2,0.004716148265464905,8365425.0,10186175.0,86885609.0,386067167.0,17334599.68,0.22505309030850582,0.8212528255208653,0.004716148265464905,0.3922248635921121,0.18397899815524338,0.005207724874912269,8365425.0,10186175.0,386067167.0,86885609.0,2593.0,14094.0,2208450.0,866209.0
52.8,mcf,none,7,0.225729115879916,10581.399999999998,0.004848212929058513,8353626.0,10229537.0,87340993.0,386928344.0,17336565.759999998,0.225729115879916,0.8166181910285871,0.004848212929058513,0.4729854606133534,0.2386653442901672,0.007144709112545622,8353626.0,10229537.0,386928344.0,87340993.0,3369.0,14116.0,1504190.0,711460.0
52.9,mcf,none,7,0.2254914829528458,10592.3,0.004836688105166607,8344522.0,10214217.0,87167146.0,386565137.0,17354424.32,0.2254914829528458,0.8169517056471387,0.004836688105166607,0.36441481261503295,0.3090549926718919,0.004680307744370509,8344522.0,10214217.0,386565137.0,87167146.0,4850.0,15693.0,2316728.0,844250.0
53.0,mcf,none,7,0.22569021550939222,10562.6,0.00484343658175498,8356875.0,10229268.0,87248129.0,386583569.0,17305763.84,0.22569021550939222,0.8169572837469895,0.00484343658175498,0.47462296577861623,0.2704565030146425,0.006519725019733418,8356875.0,10229268.0,386583569.0,87248129.0,3454.0,12771.0,1429048.0,678259.0
53.1,mcf,none,7,0.2253930843429379,10602.2,0.004822516616516811,8357450.0,10222601.0,87172771.0,386758854.0,17370644.48,0.2253930843429379,0.8175463367884553,0.004822516616516811,0.4537468636901694,0.27222481187986947,0.005627207902908652,8357450.0,10222601.0,386758854.0,87172771.0,4088.0,15017.0,1942171.0,881254.0
53.2,mcf,none,7,0.22498753390627999,10579.0,0.004745720500386761,8374330.0,10209219.0,86989352.0,386640764.0,17332633.6,0.22498753390627999,0.8202713645382669,0.004745720500386761,0.5379619712377399,0.1877724113558723,0.008297731512124677,8374330.0,10209219.0,386640764.0,86989352.0,3188.0,16978.0,1661900.0,894039.0
53.3,mcf,none,7,0.22532607361155707,10583.400000000001,0.004798014762626407,8368261.0,10224295.0,87163728.0,386833741.0,17339842.560000002,0.22532607361155707,0.8184682660271442,0.004798014762626407,0.44214271308970376,0.2754059813358807,0.0063740750125400114,8368261.0,10224295.0,386833741.0,87163728.0,3748.0,13609.0,1547048.0,684016.0
53.4,mcf,none,7,0.22542025169925348,10587.0,0.004782308492183524,8360136.0,10207571.0,87081221.0,386306112.0,17345740.8,0.22542025169925348,0.8190132598636836,0.004782308492183524,0.4184003567661695,0.2801477511407257,0.005862928172493611,8360136.0,10207571.0,386306112.0,87081221.0,3868.0,13807.0,1695228.0,709284.0
53.7,mcf,none,7,0.22627723098617436,10568.600000000002,0.004842862261334927,8338364.0,10197703.0,86875500.0,383933901.0,17315594.240000002,0.22627723098617436,0.8176708029249332,0.004842862261334927,0.36661051093858604,0.2690927971301803,0.004930475048166459,8338364.0,10197703.0,383933901.0,86875500.0,5701.0,21186.0,3140671.0,1151403.0
53.8,mcf,none,7,0.22494345688069511,10629.5,0.004696025922785625,8373614.0,10184607.0,86748036.0,385643740.0,17415372.8,0.22494345688069511,0.822183320377507,0.004696025922785625,0.5442020665901263,0.15691435513261795,0.008886081460014766,8373614.0,10184607.0,385643740.0,86748036.0,3875.0,24695.0,2342990.0,1275060.0
53.9,mcf,none,7,0.2250857909483911,10573.800000000001,0.0047826081001354865,8378277.0,10228904.0,87096796.0,386949330.0,17324113.92,0.2250857909483911,0.8190786617999348,0.0047826081001354865,0.46000080735470233,0.2985340225404627,0.006188224283136304,8378277.0,10228904.0,386949330.0,87096796.0,3523.0,11801.0,1337702.0,615344.0
54.0,mcf,none,7,0.22510772841271603,10574.5,0.004789972378914155,8360025.0,10211528.0,87012534.0,386537302.0,17325260.8,0.22510772841271603,0.8186850195191161,0.004789972378914155,0.4468196249402982,0.21979699305502556,0.006020530935093341,8360025.0,10211528.0,386537302.0,87012534.0,2880.0,13103.0,1698023.0,758710.0
54.1,mcf,none,7,0.22513920432361295,10549.7,0.004839484550668512,8360235.0,10233850.0,87163041.0,387151768.0,17284628.48,0.22513920432361295,0.8169198297805811,0.004839484550668512,0.4909167349077477,0.2503275585965934,0.007063466262844069,8360235.0,10233850.0,387151768.0,87163041.0,3439.0,13738.0,1458066.0,715789.0
54.2,mcf,none,7,0.22497577671773095,10621.900000000001,0.00475748724852349,8365082.0,10202874.0,86906945.0,386294677.0,17402920.96,0.22497577671773095,0.8198750665743789,0.00475748724852349,0.42653806545754575,0.27714045886961386,0.005276182686421463,8365082.0,10202874.0,386294677.0,86906945.0,3962.0,14296.0,1958613.0,835423.0
54.3,mcf,none,7,0.2253704254727042,10563.899999999998,0.004854347313043513,8348762.0,10225749.0,87141964.0,386661044.0,17307893.759999998,0.2253704254727042,0.8164450349798338,0.004854347313043513,0.4705214833953195,0.29601202721949676,0.0062943628063080875,8348762.0,10225749.0,386661044.0,87141964.0,3741.0,12638.0,1413487.0,665076.0
54.4,mcf,none,7,0.22501737554274812,10660.1,0.004769238683449423,8360043.0,10201639.0,86888312.0,386140456.0,17465507.84,0.22501737554274812,0.8194803795743018,0.004769238683449423,0.4671260218196256,0.26749690071001914,0.006650877292618646,8360043.0,10201639.0,386140456.0,86888312.0,4747.0,17746.0,1954479.0,912988.0
54.5,mcf,none,7,0.22523067711590067,10577.1,0.004785020202767041,8360247.0,10208382.0,86991628.0,386233479.0,17329520.64,0.22523067711590067,0.8189590671665696,0.004785020202767041,0.3684101566938419,0.262830888111523,0.005191749828185771,8360247.0,10208382.0,386233479.0,86991628.0,5034.0,19153.0,2719507.0,1001894.0
54.6,mcf,none,7,0.22529515899087774,10555.900000000001,0.00480608115502043,8358747.0,10216702.0,87095547.0,386584192.0,17294786.560000002,0.22529515899087774,0.8181453271319845,0.00480608115502043,0.4488072854202643,0.2877280265339967,0.00579655911735747,8358747.0,10216702.0,386584192.0,87095547.0,3817.0,13266.0,1630105.0,731603.0
54.7,mcf,none,7,0.22500666555210141,10571.300000000001,0.00476115419275767,8355499.0,10192213.0,86800989.0,385770745.0,17320017.92,0.22500666555210141,0.8197924238828211,0.00476115419275767,0.36665375164683145,0.26438799583036154,0.004463004792537515,8355499.0,10192213.0,385770745.0,86800989.0,4819.0,18227.0,3004254.0,1101521.0
54.8,mcf,none,7,0.2250672869928307,10568.199999999999,0.004828835353424331,8358939.0,10228038.0,87116874.0,387070352.0,17314938.88,0.2250672869928307,0.8172573273583849,0.004828835353424331,0.4500506015893574,0.2779590625927025,0.006410632062246869,8358939.0,10228038.0,387070352.0,87116874.0,3748.0,13484.0,1518727.0,683504.0
54.9,mcf,none,7,0.22530463850231255,10553.4,0.004846548295711046,8350202.0,10223326.0,87077132.0,386486193.0,17290690.56,0.22530463850231255,0.8167793925382013,0.004846548295711046,0.3641786957144461,0.33802408240243725,0.004415812149435032,8350202.0,10223326.0,386486193.0,87077132.0,4660.0,13786.0,2066664.0,752635.0
55.0,mcf,none,7,0.2253977388166009,10572.7,0.004858708009548801,8351445.0,10229765.0,87136144.0,386588368.0,17322311.68,0.2253977388166009,0.8163867889438321,0.004858708009548801,0.44641655557671556,0.2819841443014037,0.005697038947848317,8351445.0,10229765.0,386588368.0,87136144.0,3877.0,13749.0,1732830.0,773564.0
55.1,mcf,none,7,0.22539701734990908,10546.199999999999,0.004865086719324494,8347836.0,10228127.0,87112935.0,386486636.0,17278894.08,0.22539701734990908,0.8161646800044622,0.004865086719324494,0.4467268046479984,0.2648204759335851,0.00554441749712382,8347836.0,10228127.0,386486636.0,87112935.0,4418.0,16683.0,2212135.0,988220.0
55.2,mcf,none,7,0.2248636429121596,10592.4,0.004771903771692614,8368057.0,10213819.0,86976768.0,386797825.0,17354588.16,0.2248636429121596,0.8192877708132482,0.004771903771692614,0.4609553273580801,0.3019489825164804,0.0063935253578556285,8368057.0,10213819.0,386797825.0,86976768.0,4214.0,13956.0,1523729.0,702371.0
55.3,mcf,none,7,0.22520010899697093,10568.900000000001,0.004804966629159425,8355361.0,10211364.0,86987509.0,386267615.0,17316085.76,0.22520010899697093,0.8182414220078728,0.004804966629159425,0.5304849076755518,0.24790700475817623,0.007315768536512348,8355361.0,10211364.0,386267615.0,86987509.0,4116.0,16603.0,1706861.0,905464.0
55.4,mcf,none,7,0.22513577110745991,10565.2,0.004802849446344214,8357124.0,10211345.0,86917460.0,386066859.0,17310023.68,0.22513577110745991,0.8184155955948996,0.004802849446344214,0.3977295343211876,0.30883181254928466,0.00501473853355167,8357124.0,10211345.0,386066859.0,86917460.0,5483.0,17754.0,2446987.0,973239.0
55.5,mcf,none,7,0.22523785240156033,10583.600000000002,0.004804019807458878,8360591.0,10216108.0,86996449.0,386242579.0,17340170.240000002,0.22523785240156033,0.8183733962092021,0.004804019807458878,0.4101707119875487,0.29697507768406367,0.0049767614956860735,8360591.0,10216108.0,386242579.0,86996449.0,4683.0,15769.0,2227553.0,913677.0
55.6,mcf,none,7,0.2253618157377287,10554.300000000001,0.004826364651452745,8345697.0,10206228.0,86875459.0,385493251.0,17292165.12,0.2253618157377287,0.8177063063846898,0.004826364651452745,0.35473357442495546,0.28312420540600297,0.004586422717592497,8345697.0,10206228.0,385493251.0,86875459.0,5122.0,18091.0,2827694.0,1003078.0
55.8,mcf,none,7,0.2256318125284372,10563.0,0.004811194371466363,8345529.0,10197203.0,86838429.0,384867843.0,17306419.2,0.2256318125284372,0.818413539477443,0.004811194371466363,0.4301530924678506,0.3249534450651769,0.005608018822316047,8345529.0,10197203.0,384867843.0,86838429.0,4188.0,12888.0,1551350.0,667318.0
55.9,mcf,none,7,0.6026166082081893,4470.2,0.003268436703539298,5498425.0,6751049.0,230952010.0,383248664.0,7323975.68,0.6026166082081893,0.8144549091555994,0.003268436703539298,0.5267776920844732,0.18534173379057342,0.007925768562902592,5498425.0,6751049.0,383248664.0,230952010.0,4648.0,25078.0,2577668.0,1357858.0
56.0,mcf,none,7,1.004798284198965,1696.6000000000004,2.2347579164952635e-05,16833.0,25463.0,388024543.0,386171582.0,2779709.4400000004,1.004798284198965,0.6610768566154813,2.2347579164952635e-05,0.4395575897498726,0.3659974980639781,0.005073673863309706,16833.0,25463.0,386171582.0,388024543.0,6144.0,16787.0,2097691.0,922056.0
56.1,mcf,none,7,0.5594604204223007,9265.599999999999,0.002583424253656271,4791480.0,5790929.0,216438379.0,386869868.0,15180759.04,0.5594604204223007,0.8274112840962132,0.002583424253656271,0.4564328435483862,0.3387198189134809,0.005963955411820279,4791480.0,5790929.0,386869868.0,216438379.0,5387.0,15904.0,1763427.0,804886.0
56.2,mcf,none,7,0.22471529293135611,10621.099999999999,0.0046213829479783185,8363698.0,10148184.0,86770843.0,386136795.0,17401610.24,0.22471529293135611,0.8241571102770703,0.0046213829479783185,0.4249970047644075,0.28651264619461886,0.005169755759931972,8363698.0,10148184.0,386136795.0,86770843.0,4973.0,17357.0,2395471.0,1018068.0
56.3,mcf,none,7,0.22536192108049674,10582.9,0.004771252736969786,8343727.0,10187718.0,87097745.0,386479422.0,17339023.36,0.22536192108049674,0.8189986216736662,0.004771252736969786,0.47734008034018005,0.30341608317419905,0.0062959136969523415,8343727.0,10187718.0,386479422.0,87097745.0,4290.0,14139.0,1564348.0,746726.0
56.4,mcf,none,7,0.22533235566362345,10594.1,0.004762905313758753,8359812.0,10201201.0,87115845.0,386610457.0,17357373.44,0.22533235566362345,0.8194929204904403,0.004762905313758753,0.43784105870153406,0.32584776334776333,0.005588521811682889,8359812.0,10201201.0,386610457.0,87115845.0,3613.0,11088.0,1337563.0,585640.0
56.5,mcf,none,7,0.2255075223469364,10581.199999999999,0.004782288399703897,8358490.0,10204838.0,87064043.0,386080438.0,17336238.08,0.2255075223469364,0.8190713071584282,0.004782288399703897,0.3475274817855241,0.32861923101205887,0.004215981639031252,8358490.0,10204838.0,386080438.0,87064043.0,5205.0,15839.0,2522307.0,876571.0
56.6,mcf,none,7,0.22521355975465968,10565.900000000001,0.004758982848975889,8361973.0,10201808.0,87068141.0,386602570.0,17311170.560000002,0.22521355975465968,0.8196559864682809,0.004758982848975889,0.4555284698913579,0.28785106213700373,0.00609155226716537,8361973.0,10201808.0,386602570.0,87068141.0,3618.0,12569.0,1469412.0,669359.0
56.7,mcf,none,7,0.22520696168182064,10589.7,0.004736211187473887,8365169.0,10190936.0,86815267.0,385491045.0,17350164.48,0.22520696168182064,0.8208440323832865,0.004736211187473887,0.4053305720563283,0.24831653185639718,0.005152811662480321,8365169.0,10190936.0,385491045.0,86815267.0,6232.0,25097.0,3661108.0,1483959.0
56.8,mcf,none,7,0.2251000713637939,10571.800000000001,0.00477911567097383,8362391.0,10210751.0,87059196.0,386757745.0,17320837.12,0.2251000713637939,0.8189790349407208,0.00477911567097383,0.4598983343134319,0.28278118609406955,0.006326506315322368,8362391.0,10210751.0,386757745.0,87059196.0,3457.0,12225.0,1385915.0,637380.0
56.9,mcf,none,7,0.22566329935542068,10577.8,0.004846626407552698,8344555.0,10214406.0,87061950.0,385804649.0,17330667.52,0.22566329935542068,0.8169398200933075,0.004846626407552698,0.41006156279336925,0.29160063391442154,0.005006301876483221,8344555.0,10214406.0,385804649.0,87061950.0,5152.0,17668.0,2500049.0,1025174.0
57.0,mcf,none,7,0.2255347882978894,10556.7,0.004828489777234541,8355583.0,10220256.0,87097343.0,386181412.0,17296097.28,0.2255347882978894,0.8175512433348049,0.004828489777234541,0.38655028927479657,0.2475394746158748,0.0049718959452871555,8355583.0,10220256.0,386181412.0,87097343.0,3496.0,14123.0,2137414.0,826218.0
57.1,mcf,none,7,0.22542904694248445,10556.199999999999,0.004851743783877364,8350990.0,10225214.0,87083026.0,386299047.0,17295278.08,0.22542904694248445,0.8167056454759773,0.004851743783877364,0.4023061507529799,0.31755187054393974,0.004644248088656674,8350990.0,10225214.0,386299047.0,87083026.0,3964.0,12483.0,1834312.0,737955.0
57.2,mcf,none,7,0.22481842189938472,10626.7,0.004737312559651243,8377042.0,10209491.0,86962447.0,386811927.0,17410785.28,0.22481842189938472,0.8205151461517524,0.004737312559651243,0.45508280643466176,0.2778859888326191,0.006284361421411581,8377042.0,10209491.0,386811927.0,86962447.0,4280.0,15402.0,1769790.0,805401.0
57.3,mcf,none,7,0.22530032606880232,10577.9,0.004792718838270193,8361920.0,10214084.0,87068148.0,386453715.0,17330831.36,0.22530032606880232,0.8186656777054114,0.004792718838270193,0.4505722287410027,0.26483553747032895,0.006372467179442561,8361920.0,10214084.0,386453715.0,87068148.0,3905.0,14745.0,1701068.0,766454.0
57.4,mcf,none,7,0.2251143392151239,10576.199999999999,0.004798572875869894,8361189.0,10216474.0,87036556.0,386632661.0,17328046.08,0.2251143392151239,0.8184026113118871,0.004798572875869894,0.4040155508422523,0.3197952448306055,0.005147763075466033,8361189.0,10216474.0,386632661.0,87036556.0,4748.0,14847.0,1961823.0,792607.0
57.5,mcf,none,7,0.22505024352028014,10568.699999999999,0.004793197409782941,8356220.0,10207365.0,86914975.0,386202537.0,17315758.08,0.22505024352028014,0.818646144230171,0.004793197409782941,0.43958268804177764,0.2963619601446706,0.006061616866959057,8356220.0,10207365.0,386202537.0,86914975.0,4179.0,14101.0,1636857.0,719534.0
57.6,mcf,none,7,0.22565584356681762,10568.3,0.004853603618306626,8356341.0,10229934.0,87107898.0,386021016.0,17315102.72,0.22565584356681762,0.8168518975782249,0.004853603618306626,0.3489304260616845,0.3409090909090909,0.004104700992387055,8356341.0,10229934.0,386021016.0,87107898.0,3855.0,11308.0,1815723.0,633561.0
57.7,mcf,none,7,0.22550497492923394,10574.300000000001,0.0047938979759633155,8342136.0,10186475.0,86757712.0,384726377.0,17324933.12,0.22550497492923394,0.8189423721159675,0.0047938979759633155,0.41499759948669396,0.2662785171102662,0.005541371837267633,8342136.0,10186475.0,384726377.0,86757712.0,4482.0,16832.0,2228690.0,924901.0
57.9,mcf,none,7,0.2249789018991567,10567.3,0.0048011726219953105,8361170.0,10217855.0,87002694.0,386714902.0,17313464.32,0.2249789018991567,0.8182901401517246,0.0048011726219953105,0.45907496611222726,0.2839444642221431,0.006331803635388341,8361170.0,10217855.0,386714902.0,87002694.0,3988.0,14045.0,1588331.0,729163.0
58.0,mcf,none,7,0.2252344230420535,10555.500000000002,0.004806144186468752,8360705.0,10217540.0,87018438.0,386346087.0,17294131.200000003,0.2252344230420535,0.8182698575195203,0.004806144186468752,0.44319688668900814,0.26868891991369465,0.005825830714220355,8360705.0,10217540.0,386346087.0,87018438.0,4234.0,15758.0,1978087.0,876682.0
58.1,mcf,none,7,0.22508121843828857,10593.5,0.0048151914808360965,8352332.0,10212732.0,86962502.0,386360544.0,17356390.4,0.22508121843828857,0.8178352276354652,0.0048151914808360965,0.4672813627245127,0.27054862348979997,0.006465895604665698,8352332.0,10212732.0,386360544.0,86962502.0,4098.0,15147.0,1708812.0,798496.0
58.2,mcf,none,7,0.22510464621865817,10568.699999999999,0.00476696596417257,8362932.0,10202864.0,86884875.0,385975485.0,17315758.08,0.22510464621865817,0.8196651450024228,0.00476696596417257,0.44302826080020097,0.2943435562626872,0.0051948723354671,8362932.0,10202864.0,385975485.0,86884875.0,5365.0,18227.0,2475903.0,1096895.0
58.3,mcf,none,7,0.22506138131116393,10583.3,0.004806968311848942,8358294.0,10215821.0,86969076.0,386423808.0,17339678.72,0.22506138131116393,0.8181715400064273,0.004806968311848942,0.47116770237766126,0.29603127766302745,0.0063725274152900595,8358294.0,10215821.0,386423808.0,86969076.0,4013.0,13556.0,1497522.0,705584.0
58.4,mcf,none,7,0.2253692931754126,10559.499999999998,0.004840062246095082,8355822.0,10227539.0,87153329.0,386713415.0,17300684.799999997,0.2253692931754126,0.8169924358147156,0.004840062246095082,0.44167685006252133,0.31918407795854326,0.005857110378538138,8355822.0,10227539.0,386713415.0,87153329.0,3865.0,12109.0,1407520.0,621669.0
58.5,mcf,none,7,0.22545433890870675,10567.5,0.0048515422288597804,8336934.0,10209045.0,86998222.0,385879564.0,17313792.0,0.22545433890870675,0.8166223187379427,0.0048515422288597804,0.3864473208831875,0.25945597140871635,0.005113901626891877,8336934.0,10209045.0,385879564.0,86998222.0,5227.0,20146.0,2917342.0,1127399.0
58.7,mcf,none,7,0.2253891972252682,10559.7,0.004810664046396561,8341204.0,10194634.0,86836889.0,385275293.0,17301012.48,0.2253891972252682,0.8181955330618048,0.004810664046396561,0.4078274525803481,0.2411211594897287,0.004583001480767742,8341204.0,10194634.0,385275293.0,86836889.0,4026.0,16697.0,2764782.0,1127554.0
58.8,mcf,none,7,0.22492772560184698,10560.8,0.004793762324479364,8348607.0,10200643.0,86899228.0,386342892.0,17302814.72,0.22492772560184698,0.8184392885821021,0.004793762324479364,0.48527405013469366,0.2724130363217382,0.006885783538921994,8348607.0,10200643.0,386342892.0,86899228.0,4965.0,18226.0,1925852.0,934566.0
58.9,mcf,none,7,0.22507943548010392,10543.800000000001,0.004830464253491985,8336740.0,10201751.0,86901714.0,386093531.0,17274961.92,0.22507943548010392,0.817187167183359,0.004830464253491985,0.41542389689538695,0.2774685631828489,0.0053269703521043816,8336740.0,10201751.0,386093531.0,86901714.0,5384.0,19404.0,2631890.0,1093350.0
59.0,mcf,none,7,0.2250614332838043,10565.7,0.004808688214711108,8354617.0,10212851.0,86971080.0,386432623.0,17310842.880000003,0.2250614332838043,0.8180494359508427,0.004808688214711108,0.48230062629071985,0.27175016420851494,0.0068553595578754005,8354617.0,10212851.0,386432623.0,86971080.0,4551.0,16747.0,1779046.0,858035.0
59.1,mcf,none,7,0.22535572237518883,10551.6,0.004866971293035444,8349349.0,10230024.0,87081030.0,386415881.0,17287741.44,0.22535572237518883,0.8161612328573227,0.004866971293035444,0.47612010744353217,0.2835276389880244,0.006490003139397136,8349349.0,10230024.0,386415881.0,87081030.0,3575.0,12609.0,1391987.0,662753.0
59.2,mcf,none,7,0.22463693666366794,10585.4,0.004742045657885512,8350175.0,10180060.0,86684058.0,385885150.0,17343119.36,0.22463693666366794,0.8202481124865669,0.004742045657885512,0.4519349715884639,0.2664930555555556,0.005704246625971874,8350175.0,10180060.0,385885150.0,86684058.0,4912.0,18432.0,2370164.0,1071160.0
59.3,mcf,none,7,0.22536963309456354,10563.800000000001,0.004817458906193542,8348851.0,10208353.0,86990941.0,385992291.0,17307729.92,0.22536963309456354,0.817845052967898,0.004817458906193542,0.5219859629125805,0.2210841474944847,0.007586411886555287,8348851.0,10208353.0,385992291.0,86990941.0,4209.0,19038.0,1954679.0,1020315.0
59.4,mcf,none,7,0.22497158331542477,10561.5,0.00481859311839317,8353064.0,10216328.0,86992498.0,386682161.0,17303961.6,0.22497158331542477,0.8176190114491234,0.00481859311839317,0.4590320223580488,0.27995201679412207,0.00640287155855654,8353064.0,10216328.0,386682161.0,86992498.0,3734.0,13338.0,1499952.0,688526.0
59.5,mcf,none,7,0.22495555335022216,10560.1,0.004803698254162842,8348713.0,10203926.0,86878993.0,386205149.0,17301667.84,0.22495555335022216,0.8181863529782556,0.004803698254162842,0.36913969326507506,0.27781740370898717,0.004505703219007882,8348713.0,10203926.0,386205149.0,86878993.0,3895.0,14020.0,2247152.0,829513.0
59.6,mcf,none,7,0.22531048033497808,10556.8,0.0048417126821461865,8359887.0,10231807.0,87110331.0,386623520.0,17296261.119999997,0.22531048033497808,0.8170489337807095,0.0048417126821461865,0.47446419954634633,0.28502242152466367,0.006542198217992303,8359887.0,10231807.0,386623520.0,87110331.0,4767.0,16725.0,1827826.0,867238.0
59.7,mcf,none,7,0.7237699699973033,10571.300000000001,0.0025513424277146634,4245315.0,5219938.0,276483020.0,382003995.0,17320017.92,0.7237699699973033,0.8132883953794087,0.0025513424277146634,0.4595289042946151,0.15432246724193033,0.0064051902343617625,4245315.0,5219938.0,382003995.0,276483020.0,3863.0,25032.0,3304976.0,1518732.0
60.0,mcf,none,7,0.3764186895196947,12279.7,0.0036662829222944278,4879233.5,5909019.5,105728528.0,280880123.5,20119060.48,0.3764186895196947,0.8257264170477014,0.0036662829222944278,0.40795317996205394,0.27822870982522746,0.005440283556864445,4879233.5,5909019.5,280880123.5,105728528.0,4250.5,15277.0,2026824.5,826849.5
