time_step,victim,attacker,run_id,IPC,Total_MB_per_sec,cache_dominance_score,LLC-load-misses,LLC-loads,instructions,cycles,cas_count_total,victim_IPC,victim_miss_rate,victim_cache_dominance,attacker_IPC,attacker_miss_rate,attacker_cache_dominance,victim_LLC-load-misses,victim_LLC-loads,victim_cycles,victim_instructions,attacker_LLC-load-misses,attacker_LLC-loads,attacker_cycles,attacker_instructions
0.1,redis-benchmark,stress-ng,1,0.710230900997815,8130.699999999999,0.0013692522653983917,12996.0,531968.0,269190682.0,379018544.0,13321338.879999999,0.710230900997815,0.024430040904716073,0.0013692522653983917,1.4329189401618392,0.15267095876109274,6.507272260270473e-05,12996.0,531968.0,379018544.0,269190682.0,4387.0,28735.0,374165995.0,536149541.0
0.2,redis-benchmark,stress-ng,1,0.7159198343718922,7783.5,0.001350084542094482,12782.0,536865.0,277909570.0,388185320.0,12752486.4,0.7159198343718922,0.023808592476693397,0.001350084542094482,1.4508730844805122,0.13813023414800887,6.729367680359764e-05,12782.0,536865.0,388185320.0,277909570.0,4041.0,29255.0,374686021.0,543621863.0
0.3,redis-benchmark,stress-ng,1,0.7060043593971321,7352.1,0.0013847403010591956,12995.0,530767.0,263984004.0,373912711.0,12045680.64,0.7060043593971321,0.024483436234732002,0.0013847403010591956,1.491337029163137,0.7353985704956748,7.680801261686186e-05,12995.0,530767.0,373912711.0,263984004.0,82208.0,111787.0,385103051.0,574318440.0
0.4,redis-benchmark,stress-ng,1,0.7119464329886867,5013.6,0.0013586628074031232,13710.0,540623.0,276105174.0,387817343.0,8214282.24,0.7119464329886867,0.025359631388231725,0.0013586628074031232,1.6134486161580124,0.8564903056194545,0.00010207696138512673,13710.0,540623.0,387817343.0,276105174.0,234567.0,273870.0,385033013.0,621230982.0
0.5,redis-benchmark,stress-ng,1,0.7082433206586339,4938.0,0.0013587510259582742,13808.0,540804.0,274694473.0,387853249.0,8090419.2,0.7082433206586339,0.02553235552991472,0.0013587510259582742,1.6124284373669904,0.8603720977760261,9.948151953314824e-05,13808.0,540804.0,387853249.0,274694473.0,235754.0,274014.0,384594045.0,620130375.0
0.6,redis-benchmark,stress-ng,1,0.7077022451181605,4944.0,0.0013605931732860817,14909.0,542851.0,274605037.0,388023408.0,8100249.600000001,0.7077022451181605,0.027464258148184307,0.0013605931732860817,1.6825223164746808,0.8780777923159272,0.00010648690983688413,14909.0,542851.0,388023408.0,274605037.0,295280.0,336280.0,385023850.0,647811220.0
0.7,redis-benchmark,stress-ng,1,0.7100918944564101,4607.7,0.001355257345095226,16406.0,551238.0,280227124.0,394635013.0,7549255.68,0.7100918944564101,0.029762099129595564,0.001355257345095226,1.6882419151074313,0.8880238772818768,0.00010674790451026085,16406.0,551238.0,394635013.0,280227124.0,319844.0,360175.0,377815379.0,637843759.0
0.8,redis-benchmark,stress-ng,1,0.7122559659472951,4675.400000000001,0.0013228426472440195,16571.0,520579.0,271372189.0,381003743.0,7660175.36,0.7122559659472951,0.03183186413589484,0.0013228426472440195,1.6015572522286154,0.8482570519201668,8.986386397859978e-05,16571.0,520579.0,381003743.0,271372189.0,190024.0,224017.0,378272183.0,605824558.0
1.0,redis-benchmark,stress-ng,1,0.7106765629479402,7632.1,0.0013572128420767638,14433.0,525837.0,267786176.0,376804569.0,12504432.64,0.7106765629479402,0.02744766914462086,0.0013572128420767638,1.4426884883174202,0.1527389458423941,6.561471183953106e-05,14433.0,525837.0,376804569.0,267786176.0,4425.0,28971.0,374092933.0,539699568.0
1.1,redis-benchmark,stress-ng,1,0.7122942745516048,7770.5,0.0013517608239212247,12175.0,517472.0,266260239.0,373806513.0,12731187.2,0.7122942745516048,0.023527843052377713,0.0013517608239212247,1.4445160810262825,0.13366336633663367,6.757925225511386e-05,12175.0,517472.0,373806513.0,266260239.0,4050.0,30300.0,388432827.0,561097465.0
1.2,redis-benchmark,stress-ng,1,0.7108293093565056,5185.1,0.0013625230531946527,14714.0,547844.0,278134325.0,391281453.0,8495267.84,0.7108293093565056,0.026858010674571595,0.0013625230531946527,1.5362895120518962,0.7997262582854684,8.700822784992219e-05,14714.0,547844.0,391281453.0,278134325.0,133803.0,167311.0,385113004.0,591645069.0
1.3,redis-benchmark,stress-ng,1,0.7096214959830007,5020.8,0.00133834792535846,16932.0,536044.0,275244596.0,387875223.0,8226078.72,0.7096214959830007,0.03158695927946213,0.00133834792535846,1.609649241382749,0.8563317356381093,0.00010210262792536752,16932.0,536044.0,387875223.0,275244596.0,234223.0,273519.0,384867665.0,619501945.0
1.4,redis-benchmark,stress-ng,1,0.7123185671297056,4915.900000000001,0.00131813768727927,16399.0,525164.0,274935433.0,385972577.0,8054210.5600000005,0.7123185671297056,0.031226435932394454,0.00131813768727927,1.6141071200492194,0.8542323763803613,0.000103999581432881,16399.0,525164.0,385972577.0,274935433.0,233460.0,273298.0,383059234.0,618298637.0
1.5,redis-benchmark,stress-ng,1,0.7162773174518563,4682.6,0.0013201054992653435,14142.0,511836.0,270044268.0,377010777.0,7671971.84,0.7162773174518563,0.027629943966426745,0.0013201054992653435,1.682212165071284,0.8782311985245971,0.00010833443823414885,14142.0,511836.0,377010777.0,270044268.0,292386.0,332926.0,374211568.0,629503252.0
1.6,redis-benchmark,stress-ng,1,0.7082219988267877,4641.099999999999,0.001363021752529529,13296.0,527312.0,267081166.0,377115038.0,7603978.239999999,0.7082219988267877,0.02521467366568559,0.001363021752529529,1.7093025458989932,0.8811190174480944,0.0001129903633138083,13296.0,527312.0,377115038.0,267081166.0,316379.0,359065.0,377784430.0,645747888.0
1.7,redis-benchmark,stress-ng,1,0.7135414142686695,6999.4,0.0013467724177559988,13011.0,521284.0,269291107.0,377400809.0,11467816.959999999,0.7135414142686695,0.024959523023917865,0.0013467724177559988,1.5427944395657218,0.8084669922407596,8.022751604587962e-05,13011.0,521284.0,377400809.0,269291107.0,130451.0,161356.0,385216962.0,594310587.0
1.8,redis-benchmark,stress-ng,1,0.708582565220819,7729.5,0.001340512332972928,16263.0,526192.0,269543808.0,380398589.0,12664012.8,0.708582565220819,0.030906969319183873,0.001340512332972928,1.4398509959540655,0.19123355107450535,6.657198495177541e-05,16263.0,526192.0,380398589.0,269543808.0,6060.0,31689.0,384981761.0,554316372.0
1.9,redis-benchmark,stress-ng,1,0.7092013934093884,7835.4,0.001356453379896439,16247.0,556993.0,282720971.0,398646948.0,12837519.36,0.7092013934093884,0.029169127798733558,0.001356453379896439,1.4414599204989305,0.14098437604774358,6.658671392368108e-05,16247.0,556993.0,398646948.0,282720971.0,4205.0,29826.0,384776459.0,554639844.0
2.0,redis-benchmark,stress-ng,1,0.703542728195465,5700.4,0.0013652621763725365,16782.0,531632.0,265310927.0,377107056.0,9339535.36,0.703542728195465,0.031566948565925304,0.0013652621763725365,1.57362459819728,0.839100308203458,9.560902021086622e-05,16782.0,531632.0,377107056.0,265310927.0,191940.0,228745.0,384953218.0,605771853.0
2.1,redis-benchmark,stress-ng,1,0.706996397795426,4831.7,0.0013684053541524767,16486.0,528043.0,264299577.0,373834404.0,7916257.28,0.706996397795426,0.031220942233871105,0.0013684053541524767,1.6091143703090258,0.8572653361814072,0.0001012600433083255,16486.0,528043.0,373834404.0,264299577.0,233976.0,272933.0,384722332.0,619062233.0
2.2,redis-benchmark,stress-ng,1,0.7130410657196794,4990.9,0.0013372195977572505,14701.0,528146.0,273782534.0,383964609.0,8177090.56,0.7130410657196794,0.02783510620169423,0.0013372195977572505,1.6338852123966152,0.8713574612021395,0.00010268719299673708,14701.0,528146.0,383964609.0,273782534.0,267654.0,307169.0,384809428.0,628734434.0
2.4,redis-benchmark,stress-ng,1,0.7097972281289554,4636.0,0.001357986895434323,14673.0,541350.0,275285333.0,387836585.0,7595622.4,0.7097972281289554,0.027104461069548353,0.001357986895434323,1.698693514469018,0.8865999183004326,0.0001088141538747756,14673.0,541350.0,387836585.0,275285333.0,327729.0,369647.0,385225621.0,654380264.0
2.6,redis-benchmark,stress-ng,1,0.7100696739511511,7839.4,0.001360108958244909,13313.0,540881.0,275426491.0,387886571.0,12844072.959999999,0.7100696739511511,0.02461354715732296,0.001360108958244909,1.4623585144243105,0.5109708446047491,6.762920616732845e-05,13313.0,540881.0,387886571.0,275426491.0,27200.0,53232.0,384922454.0,562894628.0
2.7,redis-benchmark,stress-ng,1,0.7136614938663154,7764.300000000001,0.0013494426557045902,13117.0,536552.0,276821992.0,387889769.0,12721029.120000001,0.7136614938663154,0.02444683833067438,0.0013494426557045902,1.4338949635390095,0.29797921478060047,6.491903735366875e-05,13117.0,536552.0,387889769.0,276821992.0,10322.0,34640.0,374589658.0,537122224.0
2.8,redis-benchmark,stress-ng,1,0.7155735618343305,6212.6,0.0013156469695204689,12468.0,509010.0,270066618.0,377412795.0,10178723.84,0.7155735618343305,0.024494607178640892,0.0013156469695204689,1.4535205397115525,0.39201076990924494,6.991588457668451e-05,12468.0,509010.0,377412795.0,270066618.0,16889.0,43083.0,374650198.0,544561758.0
2.9,redis-benchmark,stress-ng,1,0.7104456946330923,5028.8,0.0013465135260136648,14122.0,517054.0,265356320.0,373506831.0,8239185.92,0.7104456946330923,0.027312427715480394,0.0013465135260136648,1.6005354923961685,0.8580973330694164,0.00010064596959842749,14122.0,517054.0,373506831.0,265356320.0,229765.0,267761.0,377521327.0,604236283.0
3.1,redis-benchmark,stress-ng,1,0.7142028551087343,5060.6,0.0013262793920632593,14835.0,529277.0,277027561.0,387883581.0,8291287.04,0.7142028551087343,0.028028801553817755,0.0013262793920632593,1.6524391430168395,0.8773600193234943,0.00010414386034217712,14835.0,529277.0,387883581.0,277027561.0,286952.0,327063.0,385149925.0,636436812.0
3.2,redis-benchmark,stress-ng,1,0.7097041691066497,4716.9,0.001350674347955102,15048.0,538950.0,275281332.0,387881802.0,7728168.96,0.7097041691066497,0.02792095741720011,0.001350674347955102,1.6989697482461705,0.8830576570123998,0.00010860517619732177,15048.0,538950.0,387881802.0,275281332.0,315626.0,357424.0,384861951.0,653868812.0
3.3,redis-benchmark,stress-ng,1,0.7076332827881602,4661.1,0.0013701110505200157,14890.0,546327.0,274475933.0,387878778.0,7636746.24,0.7076332827881602,0.027254739377698706,0.0013701110505200157,1.6683942673155314,0.8713574428583484,0.00010292511841342188,14890.0,546327.0,387878778.0,274475933.0,268460.0,308094.0,385076069.0,642458706.0
3.4,redis-benchmark,stress-ng,1,0.7153117963796499,5940.700000000001,0.0013522999149133404,12909.0,537450.0,277460910.0,387888067.0,9733242.88,0.7153117963796499,0.024018978509628804,0.0013522999149133404,1.4405043155822383,0.17372811500544033,6.50662243174285e-05,12909.0,537450.0,387888067.0,277460910.0,5269.0,30329.0,385146061.0,554804563.0
3.5,redis-benchmark,stress-ng,1,0.7122286278690465,7744.2,0.0013542782391490302,13297.0,538605.0,276264792.0,387887795.0,12688097.28,0.7122286278690465,0.02468785102254899,0.0013542782391490302,1.4419566379816497,0.15904001069625964,6.53698037927119e-05,13297.0,538605.0,387887795.0,276264792.0,4758.0,29917.0,384871891.0,554968578.0
3.6,redis-benchmark,stress-ng,1,0.7110595141913555,7746.0,0.0013621440520637377,13463.0,542325.0,276073853.0,388257027.0,12691046.4,0.7110595141913555,0.024824597796524225,0.0013621440520637377,1.4963905826868118,0.735350245540826,8.251204325982432e-05,13463.0,542325.0,388257027.0,276073853.0,86700.0,117903.0,378162978.0,565879519.0
3.7,redis-benchmark,stress-ng,1,0.7137533576498204,6555.299999999999,0.0013397037473878548,13528.0,523075.0,271471124.0,380343043.0,10740203.52,0.7137533576498204,0.02586244802370597,0.0013397037473878548,1.6025017061189597,0.8420525208803268,0.00011174641802899503,13528.0,523075.0,380343043.0,271471124.0,220995.0,262448.0,370955962.0,594457562.0
3.9,redis-benchmark,stress-ng,1,0.7131782730067691,5073.3,0.001346199615196889,14839.0,522907.0,269159978.0,377409111.0,8312094.72,0.7131782730067691,0.02837789511328018,0.001346199615196889,1.6110407831732254,0.8468468468468469,0.00011280473286492399,14839.0,522907.0,377409111.0,269159978.0,233778.0,276057.0,374798104.0,603815031.0
4.1,redis-benchmark,stress-ng,1,0.7123900797712888,4680.6,0.0013389733725963145,15173.0,515334.0,266106662.0,373540662.0,7668695.04,0.7123900797712888,0.029443040824009285,0.0013389733725963145,1.694472999532614,0.8756576257325882,0.00011842232828635192,15173.0,515334.0,373540662.0,266106662.0,321235.0,366850.0,385189184.0,652692672.0
4.2,redis-benchmark,stress-ng,1,0.7094767549654409,5474.8,0.0013568121798523975,14623.0,530723.0,269868563.0,380376892.0,8969912.32,0.7094767549654409,0.027552979614601215,0.0013568121798523975,1.615972573953987,0.8450618934520345,0.00010240224539156696,14623.0,530723.0,380376892.0,269868563.0,214906.0,254308.0,384776719.0,621788625.0
4.3,redis-benchmark,stress-ng,1,0.7128755860672182,7750.299999999999,0.0013540690394608322,15083.0,545159.0,279068665.0,391468961.0,12698091.52,0.7128755860672182,0.027667157654922694,0.0013540690394608322,1.4416995610864085,0.15186046511627907,6.630329668982564e-05,15083.0,545159.0,391468961.0,279068665.0,4571.0,30100.0,385033645.0,555102837.0
4.4,redis-benchmark,stress-ng,1,0.709787910368837,7608.5,0.0013549576893419602,13378.0,538924.0,275304683.0,387868938.0,12465766.4,0.709787910368837,0.02482353727056134,0.0013549576893419602,1.4390157937912011,0.14217569895322646,6.723261246538017e-05,13378.0,538924.0,387868938.0,275304683.0,4292.0,30188.0,385170218.0,554266027.0
4.5,redis-benchmark,stress-ng,1,0.7133626295324738,7105.1,0.0013365849787422054,15967.0,534413.0,276705191.0,387888543.0,11640995.84,0.7133626295324738,0.029877641449590486,0.0013365849787422054,1.528835094044106,0.7868413366228956,9.073801475953543e-05,15967.0,534413.0,387888543.0,276705191.0,126613.0,160913.0,378011356.0,577917027.0
4.6,redis-benchmark,stress-ng,1,0.7130953898861064,4943.2,0.0013258946284467588,15659.0,525222.0,274054226.0,384316362.0,8098938.88,0.7130953898861064,0.02981405957861628,0.0013258946284467588,1.5953484607824202,0.852768446154114,0.00011191628817242028,15659.0,525222.0,384316362.0,274054226.0,244962.0,287255.0,377898523.0,602879827.0
4.7,redis-benchmark,stress-ng,1,0.7095923423150741,4839.9,0.0013626581903911866,15119.0,558737.0,283084322.0,398939370.0,7929692.16,0.7095923423150741,0.027059242541660925,0.0013626581903911866,1.6140884431356222,0.8448231513583816,0.00011441204387082318,15119.0,558737.0,398939370.0,283084322.0,233194.0,276027.0,374374922.0,604274235.0
4.8,redis-benchmark,stress-ng,1,0.7111439057789781,4946.5,0.0013352849077017358,13204.0,511976.0,265635196.0,373532268.0,8104345.600000001,0.7111439057789781,0.025790271418972763,0.0013352849077017358,1.6843559747751637,0.874611275134141,0.00011493808863943003,13204.0,511976.0,373532268.0,265635196.0,300087.0,343109.0,374305859.0,630464310.0
4.9,redis-benchmark,stress-ng,1,0.7086513249490081,4553.2,0.0013480694517172106,15296.0,538141.0,274848452.0,387847228.0,7459962.88,0.7086513249490081,0.028423777411496244,0.0013480694517172106,1.6941938538830073,0.8798017043592264,0.00011745617955945505,15296.0,538141.0,387847228.0,274848452.0,322113.0,366120.0,374667388.0,634759186.0
5.0,redis-benchmark,stress-ng,1,0.712864663552995,4937.2,0.0013438732202682199,13671.0,534994.0,276538545.0,387925730.0,8089108.4799999995,0.712864663552995,0.025553557609991888,0.0013438732202682199,1.5739558700790826,0.822395435325284,9.14556205318419e-05,13671.0,534994.0,387925730.0,276538545.0,161428.0,196290.0,381190350.0,599976789.0
5.1,redis-benchmark,stress-ng,1,0.7154641312136913,7617.6,0.0013268592369735889,12681.0,527313.0,277497964.0,387857269.0,12480675.84,0.7154641312136913,0.02404833561850362,0.0013268592369735889,1.4318790003765727,0.1461431549687283,6.563139983934488e-05,12681.0,527313.0,387857269.0,277497964.0,4206.0,28780.0,374424438.0,536130490.0
5.2,redis-benchmark,stress-ng,1,0.7129970714574465,7901.1,0.0013633913165846587,12849.0,522141.0,266338578.0,373547927.0,12945162.24,0.7129970714574465,0.02460829546042161,0.0013633913165846587,1.4403956804988456,0.14273836841930226,6.698683847784605e-05,12849.0,522141.0,373547927.0,266338578.0,4292.0,30069.0,384806935.0,554274247.0
5.3,redis-benchmark,stress-ng,1,0.710906398406497,7390.5,0.0013603111938089677,13465.0,541093.0,275741406.0,387873012.0,12108595.2,0.710906398406497,0.02488481647332344,0.0013603111938089677,1.544025140766349,0.816620362717233,8.927672604091195e-05,13465.0,541093.0,387873012.0,275741406.0,153140.0,187529.0,385195577.0,594751655.0
5.4,redis-benchmark,stress-ng,1,0.7142890948284042,5106.1,0.0013528238872535482,14005.0,538869.0,277127448.0,387976591.0,8365834.24,0.7142890948284042,0.025989618998309424,0.0013528238872535482,1.6091923996790582,0.8543910835986585,0.00010230558719947584,14005.0,538869.0,387976591.0,277127448.0,231047.0,270423.0,384886115.0,619355811.0
5.6,redis-benchmark,stress-ng,1,0.7089096107528049,4937.900000000001,0.0013868498497977288,13337.0,551175.0,274924158.0,387812711.0,8090255.36,0.7089096107528049,0.024197396471175216,0.0013868498497977288,1.6153746470884744,0.8669371361615231,0.00010201486206888081,13337.0,551175.0,387812711.0,274924158.0,255997.0,295289.0,385159566.0,622176998.0
5.7,redis-benchmark,stress-ng,1,0.7092198214020516,4561.1,0.0013778629749658993,14436.0,548851.0,275076490.0,387857871.0,7472906.24,0.7092198214020516,0.02630222045691818,0.0013778629749658993,1.6945928276491036,0.8905718171065019,0.00010590756130639653,14436.0,548851.0,387857871.0,275076490.0,332031.0,372829.0,385222731.0,652795677.0
5.8,redis-benchmark,stress-ng,1,0.7102518257068902,4648.5,0.0013892136667765541,14125.0,558083.0,278104925.0,391558198.0,7616102.4,0.7102518257068902,0.025309855344097562,0.0013892136667765541,1.6990009030726363,0.8908665980624123,0.000107726193747152,14125.0,558083.0,391558198.0,278104925.0,338491.0,379957.0,384920311.0,653979956.0
5.9,redis-benchmark,stress-ng,1,0.709457815212895,7285.699999999999,0.001375305934400454,12831.0,546132.0,275105744.0,387768995.0,11936890.879999999,0.709457815212895,0.02349432005449232,0.001375305934400454,1.507102336514619,0.7648266557165484,7.288636590387281e-05,12831.0,546132.0,387768995.0,275105744.0,91266.0,119329.0,385023998.0,580270567.0
6.0,redis-benchmark,stress-ng,1,0.7166150274488394,7751.1,0.0013517163163815973,12037.0,536369.0,277975627.0,387900918.0,12699402.24,0.7166150274488394,0.022441639990379757,0.0013517163163815973,1.4340299302552435,0.15205211286620765,6.524735587382277e-05,12037.0,536369.0,387900918.0,277975627.0,4505.0,29628.0,385042423.0,552162359.0
6.1,redis-benchmark,stress-ng,1,0.7095536075090171,7704.0,0.0013841921598121741,12199.0,549491.0,275422364.0,388162869.0,12622233.6,0.7095536075090171,0.022200545595833236,0.0013841921598121741,1.4383569281813182,0.1426453743009231,6.610651079564678e-05,12199.0,549491.0,388162869.0,275422364.0,4234.0,29682.0,384954518.0,553701998.0
6.2,redis-benchmark,stress-ng,1,0.7128960881715835,5201.1,0.0013617078709585362,13863.0,536360.0,273543302.0,383707116.0,8521482.24,0.7128960881715835,0.025846446416585876,0.0013617078709585362,1.5919387622534988,0.8468713881390059,9.735888461440668e-05,13863.0,536360.0,383707116.0,273543302.0,207359.0,244853.0,385111232.0,613073498.0
6.3,redis-benchmark,stress-ng,1,0.7140432092046025,5009.8,0.0013620784304999851,13536.0,541891.0,276979865.0,387903507.0,8208056.32,0.7140432092046025,0.024979193232587366,0.0013620784304999851,1.6104901447158098,0.8620359177094564,9.865300309940564e-05,13536.0,541891.0,387903507.0,276979865.0,237459.0,275463.0,385229023.0,620407545.0
6.4,redis-benchmark,stress-ng,1,0.7158512795863348,4939.1,0.0013723384265700333,13058.0,545517.0,277745962.0,387993945.0,8092221.44,0.7158512795863348,0.023936925888652417,0.0013723384265700333,1.6472282425565938,0.8730114027101904,0.00010070196499325155,13058.0,545517.0,387993945.0,277745962.0,266588.0,305366.0,385076895.0,634309537.0
6.5,redis-benchmark,stress-ng,1,0.7088263656048982,4628.0,0.001384675707220436,12706.0,549619.0,274849980.0,387753607.0,7582515.2,0.7088263656048982,0.02311783253490145,0.001384675707220436,1.6942650743090029,0.8920859039690525,0.00010384295701089266,12706.0,549619.0,387753607.0,274849980.0,330690.0,370693.0,385225933.0,652674844.0
6.6,redis-benchmark,stress-ng,1,0.7111823725688898,4560.5,0.0013739970936615916,13563.0,546643.0,275922781.0,387977531.0,7471923.2,0.7111823725688898,0.02481144000746374,0.0013739970936615916,1.7069070252986054,0.8850168244374239,0.00010649375471431101,13563.0,546643.0,387977531.0,275922781.0,309832.0,350086.0,377993997.0,645200609.0
6.7,redis-benchmark,stress-ng,1,0.7171444910377007,6701.6,0.0013574778562833924,12055.0,529214.0,273210886.0,380970487.0,10979901.440000001,0.7171444910377007,0.022779064801762613,0.0013574778562833924,1.4327506768758662,0.17607797436169087,6.287645071725277e-05,12055.0,529214.0,380970487.0,273210886.0,4986.0,28317.0,371061021.0,531637929.0
7.0,redis-benchmark,stress-ng,1,0.714936441306854,5920.299999999999,0.0013623652743105427,14267.0,532896.0,272163992.0,380682780.0,9699819.52,0.714936441306854,0.026772578514381792,0.0013623652743105427,1.4472480789314879,0.5333845777575906,7.06988490439128e-05,14267.0,532896.0,380682780.0,272163992.0,30532.0,57242.0,377799644.0,546769809.0
7.1,redis-benchmark,stress-ng,1,0.7106268814954456,5130.1,0.0013671193252364736,16293.0,531855.0,267988470.0,377115582.0,8405155.84,0.7106268814954456,0.030634289420988805,0.0013671193252364736,1.6091306424380813,0.8574698540148604,0.00010595809796905955,16293.0,531855.0,377115582.0,267988470.0,239000.0,278727.0,374931230.0,603313331.0
7.2,redis-benchmark,stress-ng,1,0.7088494081586216,5034.4,0.0013438605707877544,17355.0,528972.0,269863865.0,380706906.0,8248360.96,0.7088494081586216,0.03280891994283251,0.0013438605707877544,1.608905378796393,0.855560228387835,0.00010297983385106162,17355.0,528972.0,380706906.0,269863865.0,225814.0,263937.0,370198694.0,595614670.0
7.3,redis-benchmark,stress-ng,1,0.7136370035363877,4718.1,0.001330339410115282,16386.0,522835.0,271675592.0,380691571.0,7730135.04,0.7136370035363877,0.0313406715311714,0.001330339410115282,1.6539523299726662,0.872339232652451,0.00010558057154267277,16386.0,522835.0,380691571.0,271675592.0,280068.0,321054.0,388196421.0,642058375.0
7.4,redis-benchmark,stress-ng,1,0.714386902922583,4550.700000000001,0.0013443344539452683,15599.0,532666.0,274772317.0,384626756.0,7455866.880000001,0.714386902922583,0.029284767565416227,0.0013443344539452683,1.697682032623608,0.8825663933075318,0.00010730291871780152,15599.0,532666.0,384626756.0,274772317.0,310591.0,351918.0,385143298.0,653850857.0
7.5,redis-benchmark,stress-ng,1,0.713536089636021,5956.7,0.0013617134064944502,14294.0,551802.0,281653507.0,394729168.0,9759457.28,0.713536089636021,0.025904219267055936,0.0013617134064944502,1.6664411311083733,0.879811400562315,0.00010219497343799413,14294.0,551802.0,394729168.0,281653507.0,282884.0,321528.0,378139929.0,630147931.0
7.6,redis-benchmark,stress-ng,1,0.7110860361237187,7821.2,0.0013507515328978884,13542.0,518243.0,265693449.0,373644588.0,12814254.08,0.7110860361237187,0.02613059896612207,0.0013507515328978884,1.4332265982899208,0.16191298342541435,6.493146270223993e-05,13542.0,518243.0,373644588.0,265693449.0,4689.0,28960.0,373794136.0,535731698.0
7.7,redis-benchmark,stress-ng,1,0.71572335098814,7666.4,0.0013513897453169927,12540.0,527239.0,272595004.0,380866439.0,12560629.76,0.71572335098814,0.023784279994461716,0.0013513897453169927,1.4330674694081316,0.17734959979344178,6.745255888515901e-05,12540.0,527239.0,380866439.0,272595004.0,5495.0,30984.0,377880401.0,541528110.0
7.8,redis-benchmark,stress-ng,1,0.7111668035473194,6440.900000000001,0.001374091288166018,10881.0,533588.0,270529236.0,380401946.0,10552770.56,0.7111668035473194,0.02039213775422236,0.001374091288166018,1.4813242444992198,0.6963923337091319,7.909738463962327e-05,10881.0,533588.0,380401946.0,270529236.0,67947.0,97570.0,374513015.0,554775209.0
7.9,redis-benchmark,stress-ng,1,0.7102946402911968,5000.5,0.001373969294315908,12506.0,530643.0,267858922.0,377109592.0,8192819.2,0.7102946402911968,0.02356763398367641,0.001373969294315908,1.6010973529621917,0.8532752497183768,0.00010389682719892955,12506.0,530643.0,377109592.0,267858922.0,227996.0,267201.0,377345498.0,604166878.0
8.0,redis-benchmark,stress-ng,1,0.7145098512888838,5092.4,0.0013595392748588417,13241.0,525961.0,269461499.0,377127759.0,8343388.16,0.7145098512888838,0.02517487038012324,0.0013595392748588417,1.6053137424470298,0.8530883569443981,0.00010289547914692974,13241.0,525961.0,377127759.0,269461499.0,229973.0,269577.0,384895433.0,617877928.0
8.1,redis-benchmark,stress-ng,1,0.7107966748523876,4798.3,0.0013557138026438458,12840.0,519617.0,265701659.0,373808247.0,7861534.72,0.7107966748523876,0.024710507931803617,0.0013557138026438458,1.6708649983750687,0.8773295323487837,0.00010773745874699014,12840.0,519617.0,373808247.0,265701659.0,296676.0,338158.0,385028573.0,643330766.0
8.2,redis-benchmark,stress-ng,1,0.7092912695053707,4637.4,0.0013812491363596703,13497.0,544016.0,272429126.0,384086394.0,7597916.16,0.7092912695053707,0.02480993206082174,0.0013812491363596703,1.6984603880783216,0.8867960589550192,0.00010605576855487698,13497.0,544016.0,384086394.0,272429126.0,320152.0,361021.0,385353862.0,654508270.0
8.3,redis-benchmark,stress-ng,1,0.708012882362616,5627.6,0.0013821394050411988,15798.0,552162.0,274757105.0,388067946.0,9220259.84,0.708012882362616,0.028611168461429796,0.0013821394050411988,1.614727582861284,0.8568658572176757,9.293415387807314e-05,15798.0,552162.0,388067946.0,274757105.0,214327.0,250129.0,385240501.0,622058463.0
8.4,redis-benchmark,stress-ng,1,0.7124721627481836,7673.200000000001,0.0013549745278957942,12959.0,543122.0,278770096.0,391271562.0,12571770.88,0.7124721627481836,0.023860200838853887,0.0013549745278957942,1.4361945841780832,0.14898632720414898,6.564450628322614e-05,12959.0,543122.0,391271562.0,278770096.0,4424.0,29694.0,384952244.0,552866328.0
8.7,redis-benchmark,stress-ng,1,0.7146395225657607,6774.700000000001,0.0012945044164860025,16159.0,504472.0,269576345.0,377220034.0,11099668.48,0.7146395225657607,0.032031510173012576,0.0012945044164860025,1.5088304806431507,0.7775310645202613,8.196609507875094e-05,16159.0,504472.0,377220034.0,269576345.0,109254.0,140514.0,381377202.0,575433547.0
8.8,redis-benchmark,stress-ng,1,0.7172041211245199,5008.0,0.0013352322920034251,15532.0,529043.0,275826317.0,384585516.0,8205107.2,0.7172041211245199,0.029358672168424874,0.0013352322920034251,1.6109596566285296,0.8570483293119836,0.00010149782238852896,15532.0,529043.0,384585516.0,275826317.0,234437.0,273540.0,385259497.0,620637507.0
8.9,redis-benchmark,stress-ng,1,0.7069680457732619,5061.7,0.0013391051305810871,15635.0,539611.0,276628235.0,391288173.0,8293089.28,0.7069680457732619,0.02897457612984168,0.0013391051305810871,1.603765642134911,0.8511875065263549,9.99171104499314e-05,15635.0,539611.0,391288173.0,276628235.0,220089.0,258567.0,385099207.0,617608877.0
9.0,redis-benchmark,stress-ng,1,0.7151090909709151,4827.799999999999,0.0013483498644345179,14707.0,518703.0,267298667.0,373787259.0,7909867.52,0.7151090909709151,0.028353412260966295,0.0013483498644345179,1.7050535267989682,0.8841975494423447,0.00010685546031241978,14707.0,518703.0,373787259.0,267298667.0,305538.0,345554.0,374487180.0,638520687.0
9.1,redis-benchmark,stress-ng,1,0.7146481522886416,4739.5,0.0013169157036550625,14196.0,519784.0,274366483.0,383918271.0,7765196.8,0.7146481522886416,0.027311344712419004,0.0013169157036550625,1.690579826747197,0.8838279887971155,0.00010548609658592864,14196.0,519784.0,383918271.0,274366483.0,297584.0,336699.0,370807161.0,626879106.0
9.2,redis-benchmark,stress-ng,1,0.7133367521382205,5146.0,0.001360446060558552,13645.0,526800.0,269067868.0,377196138.0,8431206.4,0.7133367521382205,0.02590167046317388,0.001360446060558552,1.5745663378723624,0.8393828992938425,8.591152260476403e-05,13645.0,526800.0,377196138.0,269067868.0,167958.0,200097.0,374094173.0,589036092.0
9.3,redis-benchmark,stress-ng,1,0.7117769528478973,7694.9,0.0013587829069930213,12013.0,524808.0,268619557.0,377392884.0,12607324.16,0.7117769528478973,0.022890276062864895,0.0013587829069930213,1.4313085074492646,0.15483504741552023,6.698084655819353e-05,12013.0,524808.0,377392884.0,268619557.0,4637.0,29948.0,377884146.0,540868793.0
9.4,redis-benchmark,stress-ng,1,0.7115265235792176,7682.6,0.0013613352840684278,12002.0,520408.0,265727597.0,373461267.0,12587171.84,0.7115265235792176,0.023062673902015343,0.0013613352840684278,1.4388654111933414,0.1476046002963381,6.570951814363481e-05,12002.0,520408.0,373461267.0,265727597.0,4184.0,28346.0,367709286.0,529084173.0
9.5,redis-benchmark,stress-ng,1,0.7129308807513223,7162.9,0.0013525493266430373,12237.0,517409.0,266276957.0,373496175.0,11735695.36,0.7129308807513223,0.023650535649747104,0.0013525493266430373,1.5326701037572477,0.8006402405752464,8.62960386787863e-05,12237.0,517409.0,373496175.0,266276957.0,132056.0,164938.0,381037189.0,584004308.0
9.6,redis-benchmark,stress-ng,1,0.7108811629198896,5007.2,0.001363019906054413,13423.0,537167.0,273157965.0,384252642.0,8203796.4799999995,0.7108811629198896,0.024988504506047466,0.001363019906054413,1.6090037235030932,0.85882083330302,0.00010077936902278804,13423.0,537167.0,384252642.0,273157965.0,236095.0,274906.0,385108583.0,619641144.0
9.7,redis-benchmark,stress-ng,1,0.7132905843944897,4899.1,0.0013628012917653364,14599.0,543175.0,276656829.0,387859920.0,8026685.44,0.7132905843944897,0.026877157453859254,0.0013628012917653364,1.61855829584447,0.860711340575813,0.0001008528342975835,14599.0,543175.0,387859920.0,276656829.0,240061.0,278910.0,385204841.0,623476491.0
9.8,redis-benchmark,stress-ng,1,0.71122746815026,4932.8,0.0013436386152015142,15380.0,536370.0,275775342.0,387745629.0,8081899.5200000005,0.71122746815026,0.02867423606838563,0.0013436386152015142,1.6921794909333452,0.8800710200879492,0.00010558854133196629,15380.0,536370.0,387745629.0,275775342.0,298396.0,339059.0,385108076.0,651671988.0
9.9,redis-benchmark,stress-ng,1,0.7146227789161267,4600.2,0.0013234181982031221,17101.0,530836.0,277407953.0,388187952.0,7536967.68,0.7146227789161267,0.03221522278067049,0.0013234181982031221,1.7015418987848718,0.8849116820098861,0.00010550615895743176,17101.0,530836.0,388187952.0,277407953.0,312211.0,352816.0,384859049.0,654853797.0
10.0,redis-benchmark,stress-ng,1,0.7137419995944764,4743.8,0.001324110078284871,15643.0,529087.0,276764412.0,387765344.0,7772241.92,0.7137419995944764,0.029566026003284902,0.001324110078284871,1.5185450400253504,0.7612290034285151,7.542243177913008e-05,15643.0,529087.0,387765344.0,276764412.0,92586.0,121627.0,385044599.0,584707566.0
10.1,redis-benchmark,stress-ng,1,0.7140376005570942,7692.6,0.0013450281363243353,12744.0,534179.0,276815173.0,387675905.0,12603555.84,0.7140376005570942,0.023857171472483944,0.0013450281363243353,1.4354270597988645,0.15143378087187137,6.644125628395105e-05,12744.0,534179.0,387675905.0,276815173.0,4568.0,30165.0,385257616.0,553009207.0
10.3,redis-benchmark,stress-ng,1,0.716744562949515,7797.200000000001,0.001329973203963386,11518.0,527276.0,277950519.0,387795783.0,12774932.48,0.716744562949515,0.02184434717301755,0.001329973203963386,1.4364260481709679,0.14168256265210813,6.780610031619213e-05,11518.0,527276.0,387795783.0,277950519.0,4308.0,30406.0,384891623.0,552868353.0
10.4,redis-benchmark,stress-ng,1,0.7119274759837267,5030.3,0.0013597154611217313,12843.0,545123.0,278694159.0,391464255.0,8241643.5200000005,0.7119274759837267,0.02355982044419333,0.0013597154611217313,1.5838097901714752,0.8383450442979967,9.616386954770853e-05,12843.0,545123.0,391464255.0,278694159.0,192090.0,229130.0,385175848.0,610045279.0
10.5,redis-benchmark,stress-ng,1,0.7174157565834733,5082.1,0.001333386902737422,13348.0,530679.0,278344875.0,387982662.0,8326512.640000001,0.7174157565834733,0.025152681752999458,0.001333386902737422,1.6100038140368134,0.8575592213620636,0.00010036009851333567,13348.0,530679.0,387982662.0,278344875.0,232739.0,271397.0,385192926.0,620162080.0
10.6,redis-benchmark,stress-ng,1,0.7118441973005638,4789.4,0.0013431790802640375,13648.0,530232.0,273773861.0,384598009.0,7846952.96,0.7118441973005638,0.025739676217203036,0.0013431790802640375,1.6410033318762125,0.8641648464069456,0.00010208521320959903,13648.0,530232.0,384598009.0,273773861.0,250034.0,289336.0,384992094.0,631773309.0
10.7,redis-benchmark,stress-ng,1,0.7178367326171249,4535.7,0.0013192450954520193,14197.0,530119.0,280727034.0,391073654.0,7431290.88,0.7178367326171249,0.02678077940990608,0.0013192450954520193,1.6895945254544955,0.883413371675054,0.0001052867928434554,14197.0,530119.0,391073654.0,280727034.0,307207.0,347750.0,385072039.0,650615609.0
10.8,redis-benchmark,stress-ng,1,0.7126765587253233,4571.6,0.0013107997247105358,14037.0,518329.0,274181540.0,384720862.0,7490109.44,0.7126765587253233,0.02708125534168453,0.0013107997247105358,1.6960937515960475,0.8835522846726502,0.0001066274912134532,14037.0,518329.0,384720862.0,274181540.0,311666.0,352742.0,385228983.0,653384471.0
10.9,redis-benchmark,stress-ng,1,0.71134078189049,7190.4,0.0013357223301288025,16912.0,516175.0,265883204.0,373777535.0,11780751.36,0.71134078189049,0.032764081948951425,0.0013357223301288025,1.4473240732823427,0.35624210227712305,6.487874772035526e-05,16912.0,516175.0,373777535.0,265883204.0,13814.0,38777.0,384763900.0,556878055.0
11.0,redis-benchmark,stress-ng,1,0.7140321339412661,7822.4,0.001338673778165266,17921.0,537097.0,276922095.0,387828617.0,12816220.16,0.7140321339412661,0.033366412398505296,0.001338673778165266,1.4325753101394876,0.14499897309509138,6.543972037763105e-05,17921.0,537097.0,387828617.0,276922095.0,4236.0,29214.0,381694785.0,546806525.0
11.1,redis-benchmark,stress-ng,1,0.7179655242785352,7737.200000000001,0.0013285658490956459,12086.0,507889.0,267935128.0,373186621.0,12676628.48,0.7179655242785352,0.023796538219965385,0.0013285658490956459,1.4476051007622992,0.47901640643576127,7.018233478949467e-05,12086.0,507889.0,373186621.0,267935128.0,24175.0,50468.0,374638434.0,542328508.0
11.2,redis-benchmark,stress-ng,1,0.711152481086636,5624.099999999999,0.0013719094460705487,16880.0,548915.0,275789347.0,387806208.0,9214525.44,0.711152481086636,0.030751573558747712,0.0013719094460705487,1.6160388898940166,0.8524152715470555,0.00010425023570139345,16880.0,548915.0,387806208.0,275789347.0,227444.0,266823.0,377735357.0,610435027.0
11.3,redis-benchmark,stress-ng,1,0.712171574893413,5105.4,0.001361260540070476,14845.0,542544.0,276076634.0,387654666.0,8364687.359999999,0.712171574893413,0.02736183609071338,0.001361260540070476,1.5930061586205162,0.8602026573717776,9.684067765942216e-05,14845.0,542544.0,387654666.0,276076634.0,223097.0,259354.0,374398454.0,596419043.0
11.4,redis-benchmark,stress-ng,1,0.713357377246161,4924.3,0.0013699418322980514,13251.0,544727.0,276750674.0,387955158.0,8067973.12,0.713357377246161,0.02432594675865158,0.0013699418322980514,1.6533449121245432,0.8757397186500933,0.00010371079360399786,13251.0,544727.0,387955158.0,276750674.0,281320.0,321237.0,384887615.0,636351980.0
11.5,redis-benchmark,stress-ng,1,0.712338763017427,4639.3,0.0013478937033853512,13646.0,536367.0,276249106.0,387805803.0,7601029.12,0.712338763017427,0.025441535366642617,0.0013478937033853512,1.6925757594197983,0.880313257182416,0.00010774430449773878,13646.0,536367.0,387805803.0,276249106.0,305187.0,346680.0,385106203.0,651821424.0
11.7,redis-benchmark,stress-ng,1,0.7119990981517951,6743.5,0.0013624890323658543,14519.0,543012.0,276175830.0,387887893.0,11048550.4,0.7119990981517951,0.026737898978291454,0.0013624890323658543,1.6771619461311331,0.8763045628094386,0.00010321578733136106,14519.0,543012.0,387887893.0,276175830.0,273811.0,312461.0,374458220.0,628027077.0
11.8,redis-benchmark,stress-ng,1,0.7140319316211203,7741.2,0.0013698405829369975,11906.0,528489.0,269269842.0,377111765.0,12683182.08,0.7140319316211203,0.022528378074094257,0.0013698405829369975,1.4351989001681165,0.20181895508227826,6.340066698291642e-05,11906.0,528489.0,377111765.0,269269842.0,6169.0,30567.0,384822450.0,552296757.0
11.9,redis-benchmark,stress-ng,1,0.7115953660671981,7695.2,0.001356958987552564,12093.0,543705.0,278779712.0,391767183.0,12607815.68,0.7115953660671981,0.022241840704058265,0.001356958987552564,1.4320942907306422,0.15077491532382223,6.556875326372748e-05,12093.0,543705.0,391767183.0,278779712.0,4407.0,29229.0,378564465.0,542140009.0
12.0,redis-benchmark,stress-ng,1,0.7163845872694258,5951.3,0.0013241137725218115,12345.0,506933.0,267586689.0,373523794.0,9750609.92,0.7163845872694258,0.024352330584120584,0.0013241137725218115,1.4805400389813153,0.6706913585920088,7.528072995704403e-05,12345.0,506933.0,373523794.0,267586689.0,58381.0,87046.0,380774735.0,563752241.0
12.1,redis-benchmark,stress-ng,1,0.7111680615233184,4987.099999999999,0.0013305503403169146,15158.0,535608.0,278176185.0,391153934.0,8170864.64,0.7111680615233184,0.02830054816208869,0.0013305503403169146,1.6203064043655682,0.8607564738371672,0.00010283247544927372,15158.0,535608.0,391153934.0,278176185.0,238130.0,276652.0,374609284.0,606981822.0
12.2,redis-benchmark,stress-ng,1,0.717462863962686,4902.4,0.0013300026375437307,13455.0,505984.0,265692155.0,370321822.0,8032092.16,0.717462863962686,0.026591749936756892,0.0013300026375437307,1.5989057543287903,0.8581203042317839,9.915294126906549e-05,13455.0,505984.0,370321822.0,265692155.0,222490.0,259276.0,371002610.0,593198208.0
12.3,redis-benchmark,stress-ng,1,0.710153704666336,4763.3,0.0013488804441731965,12808.0,516544.0,265205110.0,373447478.0,7804190.72,0.710153704666336,0.024795564366249537,0.0013488804441731965,1.6806007916708603,0.8769496663355841,0.00010733788130718517,12808.0,516544.0,373447478.0,265205110.0,288712.0,329223.0,377415685.0,634285099.0
12.4,redis-benchmark,stress-ng,1,0.7121312616646297,4547.0,0.0013329499766463638,13862.0,521029.0,270955011.0,380484646.0,7449804.8,0.7121312616646297,0.02660504501668813,0.0013329499766463638,1.6971618411043718,0.8870420046842963,0.00010867154909998974,13862.0,521029.0,380484646.0,270955011.0,328359.0,370173.0,384774123.0,653023959.0
12.5,redis-benchmark,stress-ng,1,0.7150572342333616,6183.099999999999,0.0013479909357925948,12686.0,520908.0,269592182.0,377021823.0,10130391.04,0.7150572342333616,0.024353628663794757,0.0013479909357925948,1.6163811788124118,0.8687669769226718,9.316348097523835e-05,12686.0,520908.0,377021823.0,269592182.0,230920.0,265802.0,374417096.0,605200747.0
12.6,redis-benchmark,stress-ng,1,0.7105532966851916,7588.8,0.0013696527836268417,10874.0,527747.0,268145196.0,377375205.0,12433489.92,0.7105532966851916,0.02060456999281853,0.0013696527836268417,1.443874383885912,0.20179881810507175,6.56763751477615e-05,10874.0,527747.0,377375205.0,268145196.0,6215.0,30798.0,374305067.0,540449498.0
12.7,redis-benchmark,stress-ng,1,0.720033373547087,8100.4,0.0013030257386093167,11611.0,498345.0,268962242.0,373541355.0,13271695.36,0.720033373547087,0.02329912008748959,0.0013030257386093167,1.4338897272038418,0.15168935599915356,6.49000910276864e-05,11611.0,498345.0,373541355.0,268962242.0,4301.0,28354.0,370615813.0,531422207.0
12.8,redis-benchmark,stress-ng,1,0.7128524427454521,6330.4,0.001333490855836812,11435.0,518693.0,271168042.0,380398559.0,10371727.36,0.7128524427454521,0.022045795875402212,0.001333490855836812,1.5024255465087601,0.7554647336621158,8.04046666482305e-05,11435.0,518693.0,380398559.0,271168042.0,93902.0,124297.0,378025322.0,567954901.0
12.9,redis-benchmark,stress-ng,1,0.7179252370521613,4875.4,0.001324141827552939,13663.0,518163.0,273530580.0,381001483.0,7987855.359999999,0.7179252370521613,0.026368150562660786,0.001324141827552939,1.6038110936326906,0.864983164983165,9.899844266964844e-05,13663.0,518163.0,381001483.0,273530580.0,244055.0,282150.0,384804033.0,617152977.0
13.0,redis-benchmark,stress-ng,1,0.7089420628046109,5071.8,0.0013513905059265835,13797.0,523022.0,267140416.0,376815582.0,8309637.12,0.7089420628046109,0.02637938748274451,0.0013513905059265835,1.6101669111761938,0.858483314721622,0.00010140713467053505,13797.0,523022.0,376815582.0,267140416.0,236780.0,275812.0,384903884.0,619759498.0
13.1,redis-benchmark,stress-ng,1,0.7129095893881736,4780.9,0.0013505904817192596,14029.0,538387.0,276782527.0,388243518.0,7833026.56,0.7129095893881736,0.026057464240406992,0.0013505904817192596,1.6710178904488833,0.8848575607107515,0.00010630730478230971,14029.0,538387.0,388243518.0,276782527.0,303123.0,342567.0,371037532.0,620010354.0
13.2,redis-benchmark,stress-ng,1,0.7154546331710326,4663.7,0.0013454443681196423,14711.0,536459.0,277445157.0,387788609.0,7641006.08,0.7154546331710326,0.027422412523603855,0.0013454443681196423,1.7099308990101953,0.8855697147249173,0.00010878474761116532,14711.0,536459.0,387788609.0,277445157.0,318001.0,359092.0,377727585.0,645888069.0
13.3,redis-benchmark,stress-ng,1,0.7123030897360371,5433.4,0.001364358969744079,12756.0,541956.0,276284177.0,387874461.0,8902082.559999999,0.7123030897360371,0.02353696610056905,0.001364358969744079,1.5909796946285883,0.8541673957932314,8.664519685242884e-05,12756.0,541956.0,387874461.0,276284177.0,195249.0,228584.0,384729924.0,612097497.0
13.5,redis-benchmark,stress-ng,1,0.7159733782052773,7744.299999999999,0.001372615088437871,11778.0,544206.0,277721174.0,387893157.0,12688261.12,0.7159733782052773,0.021642539773541636,0.001372615088437871,1.4399661298659352,0.1675996268159403,6.486344877025383e-05,11778.0,544206.0,387893157.0,277721174.0,5030.0,30012.0,385147575.0,554599463.0
13.6,redis-benchmark,stress-ng,1,0.7120269992861697,6901.599999999999,0.0013828018471174818,11173.0,547171.0,275994025.0,387617359.0,11307581.44,0.7120269992861697,0.020419576329885905,0.0013828018471174818,1.442915408351659,0.17127959598609563,6.565313802411109e-05,11173.0,547171.0,387617359.0,275994025.0,5223.0,30494.0,384916864.0,555402474.0
13.8,redis-benchmark,stress-ng,1,0.7181305330425717,4995.700000000001,0.0013373099801721072,13740.0,517575.0,270557539.0,376752591.0,8184954.880000001,0.7181305330425717,0.026546877264164614,0.0013373099801721072,1.6087679620992108,0.8607134750163153,0.00010217196082944886,13740.0,517575.0,376752591.0,270557539.0,242673.0,281944.0,384361812.0,618348969.0
13.9,redis-benchmark,stress-ng,1,0.7110749861963946,5064.4,0.0013643729564082028,14493.0,539758.0,273754182.0,384986376.0,8297512.96,0.7110749861963946,0.026850922079895066,0.0013643729564082028,1.6112471240779118,0.8662075848971923,0.00010370444796207192,14493.0,539758.0,384986376.0,273754182.0,258621.0,298567.0,385190807.0,620637580.0
14.0,redis-benchmark,stress-ng,1,0.7139920302126859,4816.2,0.0013564506048825528,14640.0,540256.0,276667380.0,387493653.0,7890862.08,0.7139920302126859,0.02709826452644672,0.0013564506048825528,1.6977707294664852,0.8883410452855951,0.00011085576503383085,14640.0,540256.0,387493653.0,276667380.0,339619.0,382307.0,385076951.0,653772376.0
14.1,redis-benchmark,stress-ng,1,0.7096152868180321,4759.0,0.0013707302854666762,16971.0,553677.0,277848083.0,391547488.0,7797145.6,0.7096152868180321,0.030651444795431273,0.0013707302854666762,1.7010009852633026,0.8791454896006691,0.0001118732923138016,16971.0,553677.0,391547488.0,277848083.0,313258.0,356321.0,384926546.0,654760434.0
14.2,redis-benchmark,stress-ng,1,0.7116525940500309,5096.5,0.0013830579538259339,13332.0,549661.0,275968135.0,387784907.0,8350105.6,0.7116525940500309,0.024254949869101136,0.0013830579538259339,1.5240242358047629,0.7824438945546608,7.900818454666296e-05,13332.0,549661.0,387784907.0,275968135.0,109406.0,139826.0,385023402.0,586784996.0
14.3,redis-benchmark,stress-ng,1,0.7158617452118863,7705.900000000001,0.0013568962583271422,12336.0,543755.0,280362283.0,391643058.0,12625346.56,0.7158617452118863,0.022686687938501714,0.0013568962583271422,1.4450497050363365,0.1444368832936373,6.640057583255383e-05,12336.0,543755.0,391643058.0,280362283.0,4245.0,29390.0,378686475.0,547220779.0
14.4,redis-benchmark,stress-ng,1,0.7099685632440996,7731.2,0.0013719572829612623,10950.0,527811.0,267468285.0,376732575.0,12666798.08,0.7099685632440996,0.020746062511012464,0.0013719572829612623,1.4410704058425678,0.14165896652214088,6.461142413444929e-05,10950.0,527811.0,376732575.0,267468285.0,3986.0,28138.0,373803864.0,538677686.0
14.5,redis-benchmark,stress-ng,1,0.7134249318938001,7177.9,0.001344079386806741,13244.0,515618.0,266655482.0,373768101.0,11760271.36,0.7134249318938001,0.025685682035925823,0.001344079386806741,1.5791280094455205,0.833329755398031,0.00010179321095844888,13244.0,515618.0,373768101.0,266655482.0,194090.0,232909.0,381351562.0,602202933.0
14.6,redis-benchmark,stress-ng,1,0.7064504326677098,4981.7,0.0013712144259167298,13346.0,540240.0,271456081.0,384253542.0,8162017.28,0.7064504326677098,0.02470383533244484,0.0013712144259167298,1.60958179934765,0.8615404571397361,0.00010542179931937266,13346.0,540240.0,384253542.0,271456081.0,252390.0,292952.0,384759132.0,619301296.0
14.7,redis-benchmark,stress-ng,1,0.7117644198322447,5004.8,0.0013376181048415851,13779.0,532641.0,276093385.0,387899953.0,8199864.32,0.7117644198322447,0.025869206463640614,0.0013376181048415851,1.6390785271362205,0.8616458474803784,0.00011373033032573962,13779.0,532641.0,387899953.0,276093385.0,272810.0,316615.0,385165504.0,631316507.0
14.8,redis-benchmark,stress-ng,1,0.7141768741883786,4846.599999999999,0.0013204577690038132,13985.0,526259.0,277066221.0,387951824.0,7940669.4399999995,0.7141768741883786,0.02657436737423968,0.0013204577690038132,1.69681361048552,0.8723484629873502,0.00012629686781120424,13985.0,526259.0,387951824.0,277066221.0,332534.0,381194.0,385282714.0,653752953.0
15.0,redis-benchmark,stress-ng,1,0.7173514245113382,4610.8,0.0013031831028694088,13977.0,519344.0,278184805.0,387794316.0,7554334.72,0.7173514245113382,0.026912797683231154,0.0013031831028694088,1.6998915186311212,0.8771933416072777,0.00012467173005536973,13977.0,519344.0,387794316.0,278184805.0,342794.0,390785.0,384938911.0,654354390.0
15.1,redis-benchmark,stress-ng,1,0.7127281289247592,7517.6,0.0013370763193894179,13947.0,532856.0,276604286.0,388092282.0,12316835.84,0.7127281289247592,0.026174050775444022,0.0013370763193894179,1.4552315955980248,0.5319061046354999,6.764187408794875e-05,13947.0,532856.0,388092282.0,276604286.0,29616.0,55679.0,385308662.0,560713339.0
15.2,redis-benchmark,stress-ng,1,0.7122973710872331,7873.9,0.001345400768771329,12531.0,534126.0,276148755.0,387687455.0,12900597.76,0.7122973710872331,0.02346075645072511,0.001345400768771329,1.4371662282847166,0.1411380031011933,6.616878604759456e-05,12531.0,534126.0,387687455.0,276148755.0,4187.0,29666.0,385060714.0,553396254.0
15.3,redis-benchmark,stress-ng,1,0.7157882164306951,7852.5,0.0013406244177363827,12104.0,536606.0,280042901.0,391237093.0,12865536.0,0.7157882164306951,0.02255658714214899,0.0013406244177363827,1.4537441467951828,0.5332437097523733,7.303188926550891e-05,12104.0,536606.0,391237093.0,280042901.0,32129.0,60252.0,385078358.0,559805409.0
15.4,redis-benchmark,stress-ng,1,0.7181924067685416,5041.4,0.001307769273206246,13523.0,520676.0,278515057.0,387800058.0,8259829.76,0.7181924067685416,0.025972005623458735,0.001307769273206246,1.6087592086776756,0.844467762620963,0.00012122121423902135,13523.0,520676.0,387800058.0,278515057.0,253505.0,300195.0,385163606.0,619635498.0
15.5,redis-benchmark,stress-ng,1,0.7178622414413207,5015.2,0.0013311498962659599,13549.0,529883.0,278448493.0,387885693.0,8216903.68,0.7178622414413207,0.025569795596386374,0.0013311498962659599,1.610048842155084,0.8454000194452733,0.00011973441876129517,13549.0,529883.0,387885693.0,278448493.0,252160.0,298273.0,385127355.0,620073852.0
15.6,redis-benchmark,stress-ng,1,0.7088252973903979,4885.5,0.0013599116703601562,13096.0,540593.0,274946694.0,387890634.0,8004403.2,0.7088252973903979,0.024225248939590414,0.0013599116703601562,1.6555057570596092,0.8714955236598796,0.00012295475068874962,13096.0,540593.0,387890634.0,274946694.0,321140.0,368493.0,385125420.0,637577350.0
15.7,redis-benchmark,stress-ng,1,0.7114407616478077,4649.2,0.001322858877844938,13551.0,526789.0,276022212.0,387976381.0,7617249.28,0.7114407616478077,0.025723771756813448,0.001322858877844938,1.6996623348105193,0.8669240662358254,0.00012917822719227067,13551.0,526789.0,387976381.0,276022212.0,324227.0,373997.0,385281646.0,654848702.0
15.8,redis-benchmark,stress-ng,1,0.7124985605218123,4635.6,0.0013422409825560046,13403.0,529409.0,273910227.0,384436183.0,7594967.04,0.7124985605218123,0.025316909988307715,0.0013422409825560046,1.6398893322979757,0.8611873774291318,0.00011129017646708652,13403.0,529409.0,384436183.0,273910227.0,265672.0,308495.0,384786882.0,631007903.0
15.9,redis-benchmark,stress-ng,1,0.7113031925469558,6974.8,0.001358074298137097,12125.0,539091.0,276003013.0,388024426.0,11427512.32,0.7113031925469558,0.022491564503952025,0.001358074298137097,1.4385013952116108,0.1579141887578537,6.503634394534979e-05,12125.0,539091.0,388024426.0,276003013.0,4700.0,29763.0,385369141.0,554354047.0
16.0,redis-benchmark,stress-ng,1,0.7142372114571575,7851.3,0.0013776690109948313,11844.0,546531.0,277202542.0,388109913.0,12863569.92,0.7142372114571575,0.021671231823995347,0.0013776690109948313,1.4365172690079793,0.13814027594155734,6.601690751062158e-05,11844.0,546531.0,388109913.0,277202542.0,4075.0,29499.0,385113465.0,553222143.0
16.1,redis-benchmark,stress-ng,1,0.7134918082850877,7609.9,0.001361280795828456,13957.0,542123.0,276829083.0,387991957.0,12468060.16,0.7134918082850877,0.025745079991072138,0.001361280795828456,1.5027224463783033,0.7616228554598335,8.405766491867715e-05,13957.0,542123.0,387991957.0,276829083.0,103436.0,135810.0,385140368.0,578759076.0
16.3,redis-benchmark,stress-ng,1,0.7118174944817695,5043.6,0.001385465157908481,15367.0,552196.0,275809371.0,387472032.0,8263434.24,0.7118174944817695,0.02782888684452622,0.001385465157908481,1.6118271807703026,0.8553983798815137,0.00010872656586339132,15367.0,552196.0,387472032.0,275809371.0,247625.0,289485.0,385002503.0,620557499.0
16.4,redis-benchmark,stress-ng,1,0.71066072595003,4972.200000000001,0.0013713074528048997,14230.0,545837.0,275497822.0,387664341.0,8146452.48,0.71066072595003,0.026070053880554084,0.0013713074528048997,1.6105881702848603,0.851954580608873,0.00010924207231295485,14230.0,545837.0,387664341.0,275497822.0,242347.0,284460.0,385501658.0,620884410.0
16.5,redis-benchmark,stress-ng,1,0.7131952108058808,4682.1,0.001360425568619728,15204.0,543231.0,276815091.0,388133693.0,7671152.640000001,0.7131952108058808,0.027988093463001927,0.001360425568619728,1.685517082299533,0.8785712272791321,0.00011191227947298858,15204.0,543231.0,388133693.0,276815091.0,311761.0,354850.0,385024773.0,648965832.0
16.6,redis-benchmark,stress-ng,1,0.7097737045231729,4684.2,0.0013704812362881939,15361.0,546891.0,275279958.0,387841866.0,7674593.28,0.7097737045231729,0.028087863943637763,0.0013704812362881939,1.7017916412773357,0.8819711093948854,0.00011267522882796154,15361.0,546891.0,387841866.0,275279958.0,324329.0,367732.0,385204454.0,655537720.0
16.7,redis-benchmark,stress-ng,1,0.7133476616057006,6465.0,0.0013680256033905586,13501.0,544252.0,276756505.0,387968616.0,10592256.0,0.7133476616057006,0.02480652344869656,0.0013680256033905586,1.5685351951347934,0.8362947802371427,8.739288269757666e-05,13501.0,544252.0,387968616.0,276756505.0,172025.0,205699.0,385317419.0,604383933.0
16.8,redis-benchmark,stress-ng,1,0.7108908653498606,7572.799999999999,0.001379873853230054,11945.0,552021.0,278239271.0,391395198.0,12407275.52,0.7108908653498606,0.02163866954336882,0.001379873853230054,1.4386873062853691,0.15351652836348795,6.46371698166709e-05,11945.0,552021.0,391395198.0,278239271.0,4514.0,29404.0,385072553.0,553998994.0
16.9,redis-benchmark,stress-ng,1,0.7119610167554241,7820.599999999999,0.0013733877412255573,13685.0,541365.0,273548087.0,384217788.0,12813271.04,0.7119610167554241,0.025278693672476055,0.0013733877412255573,1.4425771577718056,0.13985055186124631,6.749192212276711e-05,13685.0,541365.0,384217788.0,273548087.0,4080.0,29174.0,371807458.0,536360946.0
17.0,redis-benchmark,stress-ng,1,0.7190324095423029,5834.9,0.0013333302484298975,13025.0,516119.0,271306296.0,377321373.0,9559900.16,0.7190324095423029,0.025236428033069892,0.0013333302484298975,1.5449302278150496,0.8148335069313948,9.140667502121061e-05,13025.0,516119.0,377321373.0,271306296.0,151766.0,186254.0,377302861.0,582906595.0
17.1,redis-benchmark,stress-ng,1,0.7133682160519017,5041.8,0.0013480240636656944,14584.0,522337.0,268700583.0,376664641.0,8260485.12,0.7133682160519017,0.027920671903388043,0.0013480240636656944,1.6118200499147988,0.8593659681451922,0.0001048882950046523,14584.0,522337.0,376664641.0,268700583.0,246791.0,287178.0,385047731.0,620627653.0
17.2,redis-benchmark,stress-ng,1,0.7105519692523355,5043.9,0.001369935682277145,14603.0,550873.0,278150069.0,391456334.0,8263925.76,0.7105519692523355,0.026508832344297142,0.001369935682277145,1.6207943520444983,0.8601497889275029,0.0001051034966461008,14603.0,550873.0,391456334.0,278150069.0,248991.0,289474.0,385172723.0,624285774.0
17.3,redis-benchmark,stress-ng,1,0.7119704399640328,4710.1,0.0013567958281108855,14487.0,540918.0,276241497.0,387995739.0,7717027.840000001,0.7119704399640328,0.02678224795625215,0.0013567958281108855,1.7004500769967523,0.8857409232572387,0.00011133655461283823,14487.0,540918.0,387995739.0,276241497.0,332516.0,375410.0,385264302.0,655122712.0
17.4,redis-benchmark,stress-ng,1,0.7145542301475838,4635.9,0.001366558116241313,14627.0,544677.0,277155772.0,387872271.0,7595458.56,0.7145542301475838,0.026854447681837125,0.001366558116241313,1.703737560404954,0.8878765237181231,0.00011030160728853943,14627.0,544677.0,387872271.0,277155772.0,336293.0,378761.0,385017055.0,655968018.0
17.5,redis-benchmark,stress-ng,1,0.7094088165673992,6005.599999999999,0.001370161926835205,13114.0,544447.0,275100561.0,387788472.0,9839575.04,0.7094088165673992,0.024086825714899705,0.001370161926835205,1.5016924258663755,0.7567097203501169,7.405209520494456e-05,13114.0,544447.0,387788472.0,275100561.0,88700.0,117218.0,385107267.0,578312666.0
17.7,redis-benchmark,stress-ng,1,0.7129982062144319,7728.6,0.0013705692835219371,13369.0,545121.0,276628279.0,387978927.0,12662538.24,0.7129982062144319,0.02452483026704163,0.0013705692835219371,1.4400726765877432,0.15219972297341863,6.676113608511082e-05,13369.0,545121.0,387978927.0,276628279.0,4615.0,30322.0,385059355.0,554513456.0
17.8,redis-benchmark,stress-ng,1,0.7140557702781284,6491.900000000001,0.001365997743720928,14215.0,549253.0,279683457.0,391682931.0,10636328.96,0.7140557702781284,0.02588060511276224,0.001365997743720928,1.435368532663016,0.16573556797020483,6.629773436213422e-05,14215.0,549253.0,391682931.0,279683457.0,4984.0,30072.0,378414138.0,543163746.0
17.9,redis-benchmark,stress-ng,1,0.7127280257082933,4896.0,0.0013399296257699718,14845.0,524552.0,271120555.0,380398336.0,8021606.399999999,0.7127280257082933,0.028300340099742256,0.0013399296257699718,1.5881007434665595,0.8426875587792484,0.00010229344292731653,14845.0,524552.0,380398336.0,271120555.0,208775.0,247749.0,381001938.0,605069461.0
18.0,redis-benchmark,stress-ng,1,0.715177596804271,5046.2,0.0013668976308917925,13563.0,529052.0,269710164.0,377123340.0,8267694.08,0.715177596804271,0.02563642137256829,0.0013668976308917925,1.6186907912272586,0.8543590007763889,0.00010662755773699337,13563.0,529052.0,377123340.0,269710164.0,232190.0,271771.0,371207977.0,600870934.0
18.1,redis-benchmark,stress-ng,1,0.7098418802162755,4763.7,0.0013646263129115722,13670.0,528663.0,267885498.0,377387564.0,7804846.08,0.7098418802162755,0.025857682493384253,0.0013646263129115722,1.6390924479350424,0.8647458956535851,0.00010676764118164402,13670.0,528663.0,377387564.0,267885498.0,255778.0,295784.0,374701544.0,614170471.0
18.2,redis-benchmark,stress-ng,1,0.7089244121707997,4602.8,0.0013702999409286641,14227.0,530698.0,267196173.0,376903614.0,7541227.5200000005,0.7089244121707997,0.02680809047706982,0.0013702999409286641,1.7051307237867697,0.8797076767815776,0.00011222773026232341,14227.0,530698.0,376903614.0,267196173.0,306835.0,348792.0,373855908.0,637473195.0
18.3,redis-benchmark,stress-ng,1,0.7117824704278063,5508.7,0.0013615877437107423,13676.0,527515.0,268614046.0,377382216.0,9025454.08,0.7117824704278063,0.025925329137560068,0.0013615877437107423,1.6905100793953902,0.884125285529143,0.00010958319996914505,13676.0,527515.0,377382216.0,268614046.0,313128.0,354167.0,374500836.0,633097438.0
18.4,redis-benchmark,stress-ng,1,0.7104715940083735,7578.5,0.0013919829510365706,12037.0,531990.0,265385317.0,373534029.0,12416614.4,0.7104715940083735,0.022626365157239797,0.0013919829510365706,1.4712471283998987,0.5998685035397012,6.927530166893571e-05,12037.0,531990.0,373534029.0,265385317.0,39232.0,65401.0,377753678.0,555769014.0
18.5,redis-benchmark,stress-ng,1,0.7138254302747347,7862.799999999999,0.001374895324407737,11582.0,534476.0,271478874.0,380315498.0,12882411.52,0.7138254302747347,0.021669822405496225,0.001374895324407737,1.4415163198874448,0.15127044195161507,6.529597320208965e-05,11582.0,534476.0,380315498.0,271478874.0,4477.0,29596.0,384694473.0,554543361.0
18.6,redis-benchmark,stress-ng,1,0.7112937497712107,6790.5,0.0013731031511876454,12184.0,544939.0,275977301.0,387993429.0,11125555.2,0.7112937497712107,0.02235846580993469,0.0013731031511876454,1.4532615531482047,0.49560619600834077,7.032325913969923e-05,12184.0,544939.0,387993429.0,275977301.0,26620.0,53712.0,385249494.0,559868278.0
18.7,redis-benchmark,stress-ng,1,0.7126770526901245,5095.1,0.0013771364272613504,12761.0,537288.0,271446132.0,380882380.0,8347811.84,0.7126770526901245,0.023750763091675228,0.0013771364272613504,1.602867400269476,0.8581496064453161,0.00010215172354121905,12761.0,537288.0,380882380.0,271446132.0,231243.0,269467.0,374188498.0,599774545.0
18.8,redis-benchmark,stress-ng,1,0.7128085158060005,5056.0,0.0013580591475380582,12452.0,533954.0,273722295.0,384005366.0,8283750.4,0.7128085158060005,0.02332036092996775,0.0013580591475380582,1.6202840908533476,0.8568957463579833,0.00010569284508870246,12452.0,533954.0,384005366.0,273722295.0,234810.0,274024.0,371018492.0,601155360.0
18.9,redis-benchmark,stress-ng,1,0.7101680108593252,4795.4,0.0013490855005368672,15114.0,523967.0,267863766.0,377183655.0,7856783.359999999,0.7101680108593252,0.02884532804546851,0.0013490855005368672,1.651500902567586,0.8666150812793608,0.00011006638331490122,15114.0,523967.0,377183655.0,267863766.0,267674.0,308873.0,374310473.0,618174084.0
19.0,redis-benchmark,stress-ng,1,0.7129902673267534,4652.4,0.0013889306388908576,13506.0,537289.0,268877488.0,377112424.0,7622492.16,0.7129902673267534,0.02513730971600014,0.0013889306388908576,1.7004249152279185,0.8794959329768519,0.0001108733704875088,13506.0,537289.0,377112424.0,268877488.0,302967.0,344478.0,374400091.0,636639243.0
19.1,redis-benchmark,stress-ng,1,0.7085655346283323,5180.400000000001,0.001388653069458395,14255.0,542923.0,269754867.0,380705600.0,8487567.360000001,0.7085655346283323,0.02625602525588343,0.001388653069458395,1.6776696662534742,0.8820508212327055,0.00010806372810028851,14255.0,542923.0,380705600.0,269754867.0,314108.0,356111.0,388687312.0,652088913.0
19.3,redis-benchmark,stress-ng,1,0.7097363969315811,7735.699999999999,0.0013763720545165341,12143.0,545871.0,275220778.0,387778870.0,12674170.879999999,0.7097363969315811,0.022245182469850935,0.0013763720545165341,1.4416689842485868,0.14546821085716238,6.49623300425605e-05,12143.0,545871.0,387778870.0,275220778.0,4258.0,29271.0,385038529.0,555098105.0
19.5,redis-benchmark,stress-ng,1,0.7126881006697271,7211.2,0.0013836772620922548,12818.0,549486.0,276420599.0,387856341.0,11814830.08,0.7126881006697271,0.023327254925512207,0.0013836772620922548,1.4906669870208145,0.7154625136653944,7.708441575655652e-05,12818.0,549486.0,387856341.0,276420599.0,74607.0,104278.0,384915676.0,573781091.0
19.6,redis-benchmark,stress-ng,1,0.7137098805134887,4899.0,0.0013643420262710276,12887.0,542129.0,276855244.0,387910062.0,8026521.600000001,0.7137098805134887,0.02377109507146823,0.0013643420262710276,1.6123303010857233,0.8548497194906035,0.00010607371597139365,12887.0,542129.0,387910062.0,276855244.0,240447.0,281274.0,384892710.0,620574179.0
19.7,redis-benchmark,stress-ng,1,0.7103246259969807,5058.6,0.001375767373631498,12317.0,545914.0,275502310.0,387854088.0,8288010.24,0.7103246259969807,0.02256216180570566,0.001375767373631498,1.608276233797234,0.86168616338154,0.00010291771554788313,12317.0,545914.0,387854088.0,275502310.0,246911.0,286544.0,385094051.0,619337610.0
19.8,redis-benchmark,stress-ng,1,0.7125669619813523,4736.0,0.0013851415842179439,12370.0,549693.0,276418398.0,387919189.0,7759462.4,0.7125669619813523,0.02250347011877539,0.0013851415842179439,1.678703447014819,0.8735203010826847,0.0001104741452109753,12370.0,549693.0,387919189.0,276418398.0,293840.0,336386.0,385121785.0,646505268.0
19.9,redis-benchmark,stress-ng,1,0.7106385812841471,4735.0,0.0013710510677419519,14473.0,546369.0,275690547.0,387947621.0,7757824.0,0.7106385812841471,0.026489423814308646,0.0013710510677419519,1.6958276965793098,0.8845959059646142,0.00011004839270575758,14473.0,546369.0,387947621.0,275690547.0,324882.0,367266.0,385139655.0,653130494.0
20.0,redis-benchmark,stress-ng,1,0.7126124477433629,4560.1,0.0013899516663892014,12276.0,551411.0,276408397.0,387880394.0,7471267.84,0.7126124477433629,0.02226288557899643,0.0013899516663892014,1.5979052039650632,0.8494939129027725,9.185745907490958e-05,12276.0,551411.0,387880394.0,276408397.0,199496.0,234841.0,384780946.0,614843476.0
20.1,redis-benchmark,stress-ng,1,0.7118967506013352,7825.299999999999,0.0013816638262600736,12478.0,543342.0,273525549.0,384220814.0,12820971.52,0.7118967506013352,0.022965277854463673,0.0013816638262600736,1.4332078040903633,0.1609402004839267,6.536683588779858e-05,12478.0,543342.0,384220814.0,273525549.0,4656.0,28930.0,371350390.0,532222277.0
20.2,redis-benchmark,stress-ng,1,0.7143600508340091,7757.1,0.0013702989238593742,13773.0,525730.0,266891860.0,373609722.0,12709232.64,0.7143600508340091,0.026197858216194626,0.0013702989238593742,1.4451286983497582,0.1491431692496757,6.603025755156928e-05,13773.0,525730.0,373609722.0,266891860.0,4369.0,29294.0,377478461.0,545504957.0
20.3,redis-benchmark,stress-ng,1,0.7100436783796689,7661.800000000001,0.001369870999153953,14498.0,540415.0,272597961.0,383917172.0,12553093.120000001,0.7100436783796689,0.026827530694003683,0.001369870999153953,1.5340117681422336,0.7823200087416521,8.793360715099377e-05,14498.0,540415.0,383917172.0,272597961.0,121711.0,155577.0,385131477.0,590796218.0
20.4,redis-benchmark,stress-ng,1,0.713073185890572,5034.8,0.0013415470773430384,15579.0,535911.0,276572327.0,387859665.0,8249016.32,0.713073185890572,0.029070125449934783,0.0013415470773430384,1.6040810107307761,0.865026674771541,0.0001031762469910908,15579.0,535911.0,387859665.0,276572327.0,254727.0,294473.0,385224324.0,617931023.0
20.5,redis-benchmark,stress-ng,1,0.7129915499894738,5034.700000000001,0.001355421903348869,17114.0,542984.0,276622995.0,387975138.0,8248852.48,0.7129915499894738,0.03151842411562772,0.001355421903348869,1.6162789572899445,0.8610905270335619,0.00010368486716169715,17114.0,542984.0,387975138.0,276622995.0,247511.0,287439.0,385089947.0,622412778.0
20.6,redis-benchmark,stress-ng,1,0.7066027856768335,4905.0,0.0013787393636728077,15008.0,549809.0,274085071.0,387891297.0,8036352.0,0.7066027856768335,0.02729675214483575,0.0013787393636728077,1.70037688241396,0.8817118706659555,0.0001123018909602865,15008.0,549809.0,387891297.0,274085071.0,322323.0,365565.0,385051397.0,654732494.0
20.7,redis-benchmark,stress-ng,1,0.7138365884142217,4680.5,0.0013517848764886622,16418.0,535910.0,274327967.0,384300793.0,7668531.199999999,0.7138365884142217,0.03063574107592693,0.0013517848764886622,1.69397927914659,0.8779899367062474,0.00011163029879996918,16418.0,535910.0,384300793.0,274327967.0,297686.0,339054.0,370580393.0,627755507.0
20.9,redis-benchmark,stress-ng,1,0.7093728476259841,7158.499999999999,0.001381982313406513,13521.0,534674.0,267508335.0,377105405.0,11728486.399999999,0.7093728476259841,0.02528830651948664,0.001381982313406513,1.5474481220221448,0.8080548414738646,8.135604416789299e-05,13521.0,534674.0,377105405.0,267508335.0,128248.0,158712.0,374452818.0,579446310.0
21.0,redis-benchmark,stress-ng,1,0.7130455528578407,7869.099999999999,0.0013663948797244018,12676.0,527932.0,268883472.0,377091577.0,12892733.44,0.7130455528578407,0.024010668040580985,0.0013663948797244018,1.4366548258747291,0.15819994574064025,6.63213804730555e-05,12676.0,527932.0,377091577.0,268883472.0,4665.0,29488.0,374283524.0,537716231.0
21.1,redis-benchmark,stress-ng,1,0.7123033198951809,7795.799999999999,0.0013776868257517855,12315.0,532262.0,268827405.0,377405801.0,12772638.719999999,0.7123033198951809,0.023137101652945354,0.0013776868257517855,1.4431303526676873,0.13373074670066504,6.70734492608526e-05,12315.0,532262.0,377405801.0,268827405.0,3881.0,29021.0,374812989.0,540904001.0
21.2,redis-benchmark,stress-ng,1,0.7115230351810282,5483.0,0.001374073405310592,13622.0,531827.0,268337043.0,377130507.0,8983347.2,0.7115230351810282,0.025613592390006525,0.001374073405310592,1.5550812708474835,0.823846623664884,9.480129753593937e-05,13622.0,531827.0,377130507.0,268337043.0,165912.0,201387.0,374203739.0,581917226.0
21.3,redis-benchmark,stress-ng,1,0.7161854679503741,5025.5,0.0013430476643284798,14516.0,516042.0,267440719.0,373423828.0,8233779.2,0.7161854679503741,0.02812949333581375,0.0013430476643284798,1.6115465081631495,0.8593122323754028,0.00010315218863366619,14516.0,516042.0,373423828.0,267440719.0,233592.0,271836.0,370753161.0,597485962.0
21.4,redis-benchmark,stress-ng,1,0.7153172923352471,4896.9,0.0013493864212087221,12603.0,516725.0,267237893.0,373593503.0,8023080.96,0.7153172923352471,0.024390149499250086,0.0013493864212087221,1.6135277317575647,0.8666237311006839,0.00010266563729814353,12603.0,516725.0,373593503.0,267237893.0,254322.0,293463.0,381247329.0,615153138.0
21.5,redis-benchmark,stress-ng,1,0.7178379891200487,4586.7,0.0013461528187725484,13067.0,529870.0,275585967.0,383911093.0,7514849.28,0.7178379891200487,0.024660765848226924,0.0013461528187725484,1.7008556911713235,0.8803545174393009,0.0001122913506415193,13067.0,529870.0,383911093.0,275585967.0,317955.0,361167.0,384820378.0,654523930.0
21.6,redis-benchmark,stress-ng,1,0.7071747284730581,4590.7,0.0013842602273998238,13143.0,550349.0,274441539.0,388081655.0,7521402.88,0.7071747284730581,0.02388120992315785,0.0013842602273998238,1.7008978752521322,0.8813831466422826,0.000113150970655864,13143.0,550349.0,388081655.0,274441539.0,323866.0,367452.0,385202175.0,655189561.0
21.7,redis-benchmark,stress-ng,1,0.7100938830385126,6646.700000000001,0.0013826230232689373,12921.0,549063.0,275354271.0,387771642.0,10889953.280000001,0.7100938830385126,0.02353281863829834,0.0013826230232689373,1.5062373611035071,0.7239492639852322,7.531880903742212e-05,12921.0,549063.0,387771642.0,275354271.0,76082.0,105093.0,385176032.0,580166530.0
21.8,redis-benchmark,stress-ng,1,0.7121800324995102,7628.9,0.0013711443268867693,11396.0,543111.0,276175745.0,387789228.0,12499189.76,0.7121800324995102,0.02098281935000396,0.0013711443268867693,1.4397305507060894,0.17320755931875986,6.670856345084071e-05,11396.0,543111.0,387789228.0,276175745.0,5380.0,31061.0,384973063.0,554257480.0
21.9,redis-benchmark,stress-ng,1,0.7115734523749523,7708.200000000001,0.0013617817695624117,11767.0,540014.0,276025535.0,387908703.0,12629114.88,0.7115734523749523,0.02179017581025677,0.0013617817695624117,1.4409057002488361,0.13273709078636517,6.671802373326036e-05,11767.0,540014.0,387908703.0,276025535.0,3933.0,29630.0,385158291.0,554976777.0
22.0,redis-benchmark,stress-ng,1,0.7143990880322539,5832.5,0.001345826404500959,13037.0,535170.0,277161555.0,387964598.0,9555968.0,0.7143990880322539,0.024360483584655344,0.001345826404500959,1.595570973085256,0.8473772558848329,0.00010244729052502418,13037.0,535170.0,387964598.0,277161555.0,219086.0,258546.0,385173681.0,614571945.0
22.1,redis-benchmark,stress-ng,1,0.7102292344636074,5038.3,0.001355213701252414,15284.0,540620.0,275313764.0,387640709.0,8254750.72,0.7102292344636074,0.028271244127113314,0.001355213701252414,1.6129351104941798,0.8579024146118981,0.00010492328653216618,15284.0,540620.0,387640709.0,275313764.0,241708.0,281743.0,381564487.0,615438758.0
22.2,redis-benchmark,stress-ng,1,0.7135161098551245,5019.9,0.001358995467901608,15055.0,537820.0,274468354.0,384670157.0,8224604.16,0.7135161098551245,0.027992636941727714,0.001358995467901608,1.643899639653001,0.8718558467180823,0.0001066803308658063,15055.0,537820.0,384670157.0,274468354.0,281939.0,323378.0,388440865.0,638557798.0
22.3,redis-benchmark,stress-ng,1,0.7078248540523072,4697.9,0.0013657134561290646,14639.0,554255.0,279673320.0,395116558.0,7697039.359999999,0.7078248540523072,0.02641203056354927,0.0013657134561290646,1.7032318710780505,0.8803322683003283,0.00011302831093635666,14639.0,554255.0,395116558.0,279673320.0,320161.0,363682.0,385045124.0,655821127.0
22.5,redis-benchmark,stress-ng,1,0.7118428542012367,6218.400000000001,0.00136588451212305,13951.0,543341.0,275896304.0,387580352.0,10188226.56,0.7118428542012367,0.02567632481259467,0.00136588451212305,1.685937715506788,0.8773640808582063,0.000109144425597584,13951.0,543341.0,387580352.0,275896304.0,300563.0,342575.0,384921170.0,648953118.0
22.6,redis-benchmark,stress-ng,1,0.712094073631737,7725.299999999999,0.001371628896863585,12583.0,544754.0,276281592.0,387984681.0,12657131.52,0.712094073631737,0.02309849950619913,0.001371628896863585,1.4405643870383167,0.17140013271400134,6.482977526963737e-05,12583.0,544754.0,387984681.0,276281592.0,5166.0,30140.0,385224226.0,554940301.0
22.7,redis-benchmark,stress-ng,1,0.7145424498283658,7733.400000000001,0.0013499084815873149,12525.0,535999.0,277088706.0,387784807.0,12670402.56,0.7145424498283658,0.023367580909665876,0.0013499084815873149,1.4411638049664162,0.1487403265946204,6.482351359689812e-05,12525.0,535999.0,387784807.0,277088706.0,4363.0,29333.0,385199731.0,555135910.0
22.8,redis-benchmark,stress-ng,1,0.7115333894146975,6197.6,0.0013830280580437763,12873.0,549487.0,276074499.0,387999359.0,10154147.84,0.7115333894146975,0.02342730583253107,0.0013830280580437763,1.4808589497930131,0.6827533763883088,7.691637348374433e-05,12873.0,549487.0,387999359.0,276074499.0,63748.0,93369.0,385106560.0,570288496.0
22.9,redis-benchmark,stress-ng,1,0.7133743335800388,5119.6,0.0013520095391901638,13984.0,538242.0,276619499.0,387762057.0,8387952.640000001,0.7133743335800388,0.02598087848960133,0.0013520095391901638,1.611531566902838,0.8541375635468123,0.0001051891001067163,13984.0,538242.0,387762057.0,276619499.0,237235.0,277748.0,385144468.0,620672468.0
23.0,redis-benchmark,stress-ng,1,0.7126117454796991,5030.400000000001,0.0013763693427358023,13291.0,547161.0,276409842.0,387882804.0,8241807.36,0.7126117454796991,0.0242908394421386,0.0013763693427358023,1.6143300550973922,0.8535639088887907,0.00010331032086543891,13291.0,547161.0,387882804.0,276409842.0,231886.0,271668.0,385072853.0,621634680.0
23.1,redis-benchmark,stress-ng,1,0.7083197404263811,5043.7,0.0013814433516953894,14075.0,545103.0,272278711.0,384400851.0,8263598.08,0.7083197404263811,0.02582080817753709,0.0013814433516953894,1.6730735973158917,0.8785022698508383,0.00011049747213290625,14075.0,545103.0,384400851.0,272278711.0,307496.0,350023.0,384868533.0,643913381.0
23.2,redis-benchmark,stress-ng,1,0.7138154795379846,4926.8,0.0013607876986018541,17025.0,539818.0,274236559.0,384184102.0,8072069.12,0.7138154795379846,0.031538407389157086,0.0013607876986018541,1.6934611888606668,0.8851957819930447,0.00011156058700725722,17025.0,539818.0,384184102.0,274236559.0,315883.0,356851.0,367226465.0,621883766.0
23.3,redis-benchmark,stress-ng,1,0.71028071736642,5798.9,0.0013712551378629802,13921.0,526115.0,265305494.0,373522028.0,9500917.76,0.71028071736642,0.026459994487897133,0.0013712551378629802,1.6244685509104497,0.8663324492115771,9.629169395506555e-05,13921.0,526115.0,373522028.0,265305494.0,237784.0,274472.0,381008979.0,618937104.0
23.4,redis-benchmark,stress-ng,1,0.7110568275901169,7544.8,0.0013954012386484954,12147.0,549088.0,273609879.0,384793266.0,12361400.32,0.7110568275901169,0.02212213707092488,0.0013954012386484954,1.4396901254879209,0.16229007131823708,6.61802359176246e-05,12147.0,549088.0,384793266.0,273609879.0,4938.0,30427.0,385145197.0,554489737.0
23.5,redis-benchmark,stress-ng,1,0.716511234043648,7843.8,0.0013760122934875173,12163.0,545710.0,277826311.0,387748716.0,12851281.92,0.716511234043648,0.022288394935038758,0.0013760122934875173,1.4400008838652025,0.14406865904542215,6.549303062346601e-05,12163.0,545710.0,387748716.0,277826311.0,4247.0,29479.0,385262367.0,554778149.0
23.6,redis-benchmark,stress-ng,1,0.7128551635068107,6556.0,0.001363007278322865,14696.0,543257.0,276438317.0,387790299.0,10741350.4,0.7128551635068107,0.027051653269078907,0.001363007278322865,1.5221676197734515,0.7957308090148262,8.468621911817439e-05,14696.0,543257.0,387790299.0,276438317.0,126931.0,159515.0,384761539.0,585671556.0
23.7,redis-benchmark,stress-ng,1,0.714155414026844,4790.900000000001,0.0013808065157106118,13680.0,549414.0,277082511.0,387986292.0,7849410.5600000005,0.714155414026844,0.024899256298528977,0.0013808065157106118,1.6093199131824867,0.8534877077915574,0.00010248450741177281,13680.0,549414.0,387986292.0,277082511.0,230067.0,269561.0,385365564.0,620176476.0
23.9,redis-benchmark,stress-ng,1,0.7122026447390438,4786.2,0.0013645840083184784,13061.0,542228.0,276182437.0,387786312.0,7841710.08,0.7122026447390438,0.024087653164351526,0.0013645840083184784,1.6107397115515065,0.8607757778212122,0.00010177568024385553,13061.0,542228.0,387786312.0,276182437.0,242218.0,281395.0,384934789.0,620029751.0
24.0,redis-benchmark,stress-ng,1,0.7147415575596995,4662.0,0.0013494519833132008,16430.0,540013.0,277317410.0,387996762.0,7638220.8,0.7147415575596995,0.03042519346756467,0.0013494519833132008,1.6973574823240836,0.8800060834819639,0.00011270718002448735,16430.0,540013.0,387996762.0,277317410.0,318241.0,361635.0,385015400.0,653508770.0
24.1,redis-benchmark,stress-ng,1,0.7100704674427444,5168.7,0.0013659099012247463,14044.0,548227.0,277695895.0,391082164.0,8468398.08,0.7100704674427444,0.025617125752653555,0.0013659099012247463,1.7024071903049793,0.8853256783907498,0.00011132567945739269,14044.0,548227.0,391082164.0,277695895.0,330925.0,373789.0,385032458.0,655482025.0
24.2,redis-benchmark,stress-ng,1,0.7135143954538422,7767.200000000001,0.0013517405049611958,13810.0,538230.0,276814387.0,387959078.0,12725780.48,0.7135143954538422,0.025658175872768148,0.0013517405049611958,1.5390292868737128,0.8066635822537889,8.030961140692236e-05,13810.0,538230.0,387959078.0,276814387.0,129021.0,159944.0,385047312.0,592599090.0
24.3,redis-benchmark,stress-ng,1,0.7153042744352986,7741.700000000001,0.0013563431465075356,13473.0,539455.0,277390846.0,387794196.0,12684001.280000001,0.7153042744352986,0.024975206458370022,0.0013563431465075356,1.4402877787066106,0.15139374596815264,6.495815356710979e-05,13473.0,539455.0,387794196.0,277390846.0,4459.0,29453.0,384770789.0,554180665.0
24.4,redis-benchmark,stress-ng,1,0.7099536754814368,7206.800000000001,0.0013689294316314837,13973.0,545106.0,275456000.0,387991512.0,11807621.120000001,0.7099536754814368,0.025633546502882007,0.0013689294316314837,1.4400477329533565,0.14001612469766192,6.644645549948502e-05,13973.0,545106.0,387991512.0,275456000.0,4168.0,29768.0,385272620.0,554810963.0
24.6,redis-benchmark,stress-ng,1,0.708927186006346,4991.1,0.0013737729731957814,14117.0,547101.0,275043151.0,387970946.0,8177418.24,0.708927186006346,0.025803279467593736,0.0013737729731957814,1.6105431471496907,0.856156087340819,0.00010271020935429297,14117.0,547101.0,387970946.0,275043151.0,235377.0,274923.0,385025016.0,620099401.0
24.7,redis-benchmark,stress-ng,1,0.715253923215565,4977.5,0.001350053431669273,13049.0,536582.0,277366083.0,387786874.0,8155136.0,0.715253923215565,0.024318743453936212,0.001350053431669273,1.6378839094683249,0.8722141323003614,0.0001045932043770455,13049.0,536582.0,387786874.0,277366083.0,274928.0,315207.0,385101501.0,630751552.0
24.8,redis-benchmark,stress-ng,1,0.7061350868433802,4826.4,0.0013542600184648132,16247.0,541670.0,273964830.0,387977931.0,7907573.76,0.7061350868433802,0.02999427695829564,0.0013542600184648132,1.6955285871737051,0.8832079610273318,0.0001107138237051842,16247.0,541670.0,387977931.0,273964830.0,322529.0,365179.0,385227414.0,653164093.0
24.9,redis-benchmark,stress-ng,1,0.7097395752369369,4819.0,0.0013571991245527762,16988.0,543582.0,275379342.0,388000545.0,7895449.6,0.7097395752369369,0.031251954626900814,0.0013571991245527762,1.694556530952241,0.8843909332742186,0.00011044855625727299,16988.0,543582.0,388000545.0,275379342.0,319159.0,360880.0,377741470.0,640104275.0
25.0,redis-benchmark,stress-ng,1,0.7116846283815433,4788.1,0.0013906634126320124,12768.0,537228.0,268397167.0,377129358.0,7844823.04,0.7116846283815433,0.023766445531506177,0.0013906634126320124,1.4659700334709336,0.5879498584714921,6.945410614017711e-05,12768.0,537228.0,377129358.0,268397167.0,37804.0,64298.0,381460528.0,559209703.0
25.1,redis-benchmark,stress-ng,1,0.7120159073271056,7725.2,0.0013652889768846577,12461.0,546636.0,278579190.0,391254166.0,12656967.68,0.7120159073271056,0.02279579098339663,0.0013652889768846577,1.4420669513421278,0.148977024432232,6.79715124003667e-05,12461.0,546636.0,391254166.0,278579190.0,4500.0,30206.0,378187848.0,545372197.0
25.3,redis-benchmark,stress-ng,1,0.7130027728380534,7497.799999999999,0.001362799642630794,11751.0,517304.0,264500136.0,370966490.0,12284395.52,0.7130027728380534,0.022715849867776007,0.001362799642630794,1.4495261656147527,0.42273538598839805,6.789950504795804e-05,11751.0,517304.0,370966490.0,264500136.0,18947.0,44820.0,381048433.0,552339674.0
25.4,redis-benchmark,stress-ng,1,0.7143192008091482,5127.200000000001,0.0013372820647412468,15807.0,539160.0,279552913.0,391355731.0,8400404.48,0.7143192008091482,0.0293178277320276,0.0013372820647412468,1.5988510428028109,0.8528801677605929,0.00010268675656823906,15807.0,539160.0,391355731.0,279552913.0,225319.0,264186.0,378500610.0,605166095.0
25.5,redis-benchmark,stress-ng,1,0.7153777792268236,5004.3,0.0013551933315768113,13787.0,520059.0,267250237.0,373579170.0,8199045.12,0.7153777792268236,0.026510453621608317,0.0013551933315768113,1.6069457081020588,0.8521631634572461,0.00010172708526190005,13787.0,520059.0,373579170.0,267250237.0,223346.0,262093.0,380891676.0,612072244.0
25.6,redis-benchmark,stress-ng,1,0.7137587850166798,4876.3,0.0013606381772929624,13108.0,540811.0,276820582.0,387834921.0,7989329.92,0.7137587850166798,0.024237672680474324,0.0013606381772929624,1.6523387628381048,0.8720649009842361,0.0001065712756176165,13108.0,540811.0,387834921.0,276820582.0,279809.0,320858.0,385178837.0,636445923.0
25.7,redis-benchmark,stress-ng,1,0.7070469082441755,4631.7,0.0013801861148918292,14455.0,549930.0,274315137.0,387973038.0,7588577.279999999,0.7070469082441755,0.02628516356627207,0.0013801861148918292,1.695797000801227,0.8835114877985064,0.0001123095572021282,14455.0,549930.0,387973038.0,274315137.0,328054.0,371307.0,385123057.0,653090525.0
25.8,redis-benchmark,stress-ng,1,0.7140657564738071,4620.7,0.0013579114924790097,16849.0,547881.0,279246305.0,391065252.0,7570554.88,0.7140657564738071,0.03075302848611286,0.0013579114924790097,1.677658379121859,0.8769555481355091,0.00010621774543673773,16849.0,547881.0,391065252.0,279246305.0,286276.0,326443.0,378157151.0,634418513.0
25.9,redis-benchmark,stress-ng,1,0.7141461968580551,7461.2,0.001357540103342638,12718.0,525059.0,269521597.0,377403952.0,12224430.08,0.7141461968580551,0.024222039808859577,0.001357540103342638,1.4355685163435383,0.17761312883010769,6.338529669901394e-05,12718.0,525059.0,377403952.0,269521597.0,5130.0,28883.0,374739904.0,537964808.0
26.0,redis-benchmark,stress-ng,1,0.7154195655527347,7706.700000000001,0.001345672421629817,11840.0,514559.0,267267875.0,373582004.0,12626657.280000001,0.7154195655527347,0.023009994966563602,0.001345672421629817,1.435900420239198,0.1459175142817333,6.437223565170854e-05,11840.0,514559.0,373582004.0,267267875.0,4189.0,28708.0,380894026.0,546925892.0
26.1,redis-benchmark,stress-ng,1,0.7107924113440025,7708.299999999999,0.001355609706525065,12797.0,538654.0,275724763.0,387911799.0,12629278.719999999,0.7107924113440025,0.0237573655816164,0.001355609706525065,1.4791183807141,0.6631558460886787,7.642152702392517e-05,12797.0,538654.0,387911799.0,275724763.0,57926.0,87349.0,385009318.0,569474359.0
26.2,redis-benchmark,stress-ng,1,0.7129985091649917,5256.5,0.001351711071124841,12906.0,537097.0,276499475.0,387798111.0,8612249.6,0.7129985091649917,0.024029179086831616,0.001351711071124841,1.6096012398001787,0.8580579821136524,0.00010303042099490398,12906.0,537097.0,387798111.0,276499475.0,239768.0,279431.0,384963971.0,619638485.0
26.3,redis-benchmark,stress-ng,1,0.7097278970474737,5011.7,0.0013510086385447933,14376.0,538521.0,275350074.0,387965691.0,8211169.279999999,0.7097278970474737,0.026695337786270174,0.0013510086385447933,1.610982972648866,0.8566245769804592,0.00010231174877768541,14376.0,538521.0,387965691.0,275350074.0,235409.0,274810.0,385107287.0,620401282.0
26.4,redis-benchmark,stress-ng,1,0.7132434583380397,4838.9,0.0013567639944780299,12642.0,543659.0,279152751.0,391384944.0,7928053.76,0.7132434583380397,0.023253546800476033,0.0013567639944780299,1.6834549535057106,0.8787789441141362,0.00011192123096513156,12642.0,543659.0,391384944.0,279152751.0,306990.0,349337.0,378364316.0,636959282.0
26.5,redis-benchmark,stress-ng,1,0.7175968120776685,4760.5,0.0013097582505903118,13810.0,503049.0,268046677.0,373533818.0,7799603.2,0.7175968120776685,0.02745259408129228,0.0013097582505903118,1.7084581040006728,0.8820997429982081,0.00011296433537078488,13810.0,503049.0,373533818.0,268046677.0,321947.0,364978.0,380925536.0,650795319.0
26.6,redis-benchmark,stress-ng,1,0.7162726800713012,4629.700000000001,0.0013214897120396361,14041.0,531468.0,280455323.0,391548262.0,7585300.48,0.7162726800713012,0.026419276419276418,0.0013214897120396361,1.6050482815963751,0.8554638841705088,9.451169292751638e-05,14041.0,531468.0,391548262.0,280455323.0,211522.0,247260.0,378133106.0,606921892.0
26.7,redis-benchmark,stress-ng,1,0.7184230370317141,6937.200000000001,0.001354298354627611,12046.0,517785.0,268282500.0,373432485.0,11365908.48,0.7184230370317141,0.02326448236237048,0.001354298354627611,1.4373048160527309,0.18028274315231427,6.328457186364419e-05,12046.0,517785.0,373432485.0,268282500.0,5305.0,29426.0,381151350.0,547830671.0
26.9,redis-benchmark,stress-ng,1,0.7136144391089623,7616.700000000001,0.00136656925782166,12275.0,547134.0,279300228.0,391388140.0,12479201.280000001,0.7136144391089623,0.02243508902755084,0.00136656925782166,1.444325244309858,0.14778090936873917,6.633477710128568e-05,12275.0,547134.0,391388140.0,279300228.0,4352.0,29449.0,378338499.0,546443845.0
27.0,redis-benchmark,stress-ng,1,0.7146702449000083,5761.800000000001,0.0013631234511868422,13342.0,526932.0,269269442.0,376774385.0,9440133.120000001,0.7146702449000083,0.025320155162335937,0.0013631234511868422,1.5260860082737278,0.782112800577703,8.471711509424271e-05,13342.0,526932.0,376774385.0,269269442.0,115888.0,148173.0,381091825.0,581578902.0
27.1,redis-benchmark,stress-ng,1,0.7071868509003418,4928.1,0.0013752978371396492,12952.0,546539.0,274373812.0,387979233.0,8074199.04,0.7071868509003418,0.02369821732758321,0.0013752978371396492,1.594524918197721,0.8508013283566139,0.00010073918196577178,12952.0,546539.0,387979233.0,274373812.0,214949.0,252643.0,374174172.0,596630041.0
27.2,redis-benchmark,stress-ng,1,0.7096382398886546,5078.0,0.0013591222415821425,12942.0,510987.0,260044142.0,366446067.0,8319795.199999999,0.7096382398886546,0.025327454514498412,0.0013591222415821425,1.6116898019232526,0.8597417861276823,0.0001022584864734946,12942.0,510987.0,366446067.0,260044142.0,241394.0,280775.0,385112291.0,620681552.0
27.3,redis-benchmark,stress-ng,1,0.7132032714598201,4616.1,0.0013701084113942222,17863.0,554999.0,279603533.0,392039050.0,7563018.24,0.7132032714598201,0.03218564357773618,0.0013701084113942222,1.6898578398977986,0.8814326505759462,0.00011078926815002165,17863.0,554999.0,392039050.0,279603533.0,317024.0,359669.0,384919954.0,650460002.0
27.4,redis-benchmark,stress-ng,1,0.7078520292591114,4620.299999999999,0.0013886947606041868,18072.0,556392.0,274395004.0,387644582.0,7569899.52,0.7078520292591114,0.03248069706250269,0.0013886947606041868,1.6997871029269318,0.8802202301122326,0.00011015140816461364,18072.0,556392.0,387644582.0,274395004.0,311752.0,354175.0,385133524.0,654644997.0
27.5,redis-benchmark,stress-ng,1,0.7133585191911792,6366.900000000001,0.0013837068127008803,15519.0,552157.0,276659250.0,387826377.0,10431528.96,0.7133585191911792,0.02810613647929846,0.0013837068127008803,1.5544823093372564,0.8137202560349034,8.4296720841193e-05,15519.0,552157.0,387826377.0,276659250.0,141746.0,174195.0,384937868.0,598379106.0
27.6,redis-benchmark,stress-ng,1,0.7113749436299978,7703.099999999999,0.0013875113225151924,13902.0,551578.0,275665667.0,387511072.0,12620759.04,0.7113749436299978,0.025204050922988226,0.0013875113225151924,1.438537418233293,0.15229492350254992,6.603329746161171e-05,13902.0,551578.0,387511072.0,275665667.0,4569.0,30001.0,385139028.0,554036903.0
27.7,redis-benchmark,stress-ng,1,0.7153397043950158,7733.400000000001,0.0013767252507876735,14752.0,549180.0,277686174.0,388187839.0,12670402.56,0.7153397043950158,0.02686186678320405,0.0013767252507876735,1.439857365572946,0.1481990743845999,6.595198969355204e-05,14752.0,549180.0,388187839.0,277686174.0,4419.0,29818.0,385113476.0,554508475.0
27.8,redis-benchmark,stress-ng,1,0.7106866053445846,6144.099999999999,0.0013789593538495535,14717.0,549321.0,275523641.0,387686554.0,10066493.44,0.7106866053445846,0.026791256842538334,0.0013789593538495535,1.5600977187004943,0.8274519767781895,9.348498119479984e-05,14717.0,549321.0,387686554.0,275523641.0,172604.0,208597.0,385013716.0,600659020.0
27.9,redis-benchmark,stress-ng,1,0.7103095476965597,5006.5,0.0013756830813882802,15366.0,549257.0,275665144.0,388091565.0,8202649.6,0.7103095476965597,0.027975974816888998,0.0013756830813882802,1.6093514433587675,0.8589799021409372,0.00010164234093901407,15366.0,549257.0,388091565.0,275665144.0,238403.0,277542.0,385065905.0,619706370.0
28.0,redis-benchmark,stress-ng,1,0.7112830471488594,5043.400000000001,0.0013750520677378465,16984.0,550949.0,276207906.0,388323477.0,8263106.5600000005,0.7112830471488594,0.03082680974101051,0.0013750520677378465,1.6307852925531412,0.8602146441471549,0.00010479336329330346,16984.0,550949.0,388323477.0,276207906.0,248393.0,288757.0,385177064.0,628141091.0
28.1,redis-benchmark,stress-ng,1,0.7101504627693456,4720.7,0.001364324904062632,16017.0,544749.0,275212505.0,387541119.0,7734394.88,0.7101504627693456,0.02940253217536884,0.001364324904062632,1.695627917875797,0.8820200641737768,0.00010869385018908176,16017.0,544749.0,387541119.0,275212505.0,312819.0,354662.0,384961982.0,652752284.0
28.3,redis-benchmark,stress-ng,1,0.7133358410156538,5895.1,0.0013429363212573713,16473.0,537232.0,276614798.0,387776391.0,9658531.84,0.7133358410156538,0.03066273044048009,0.0013429363212573713,1.6971569670901159,0.8875576584138775,0.00010825478743869754,16473.0,537232.0,387776391.0,276614798.0,328841.0,370501.0,384832865.0,653121778.0
28.4,redis-benchmark,stress-ng,1,0.7135537927829908,7730.4,0.001324185273578188,13674.0,527414.0,276835223.0,387966858.0,12665487.36,0.7135537927829908,0.025926501761424612,0.001324185273578188,1.4804915316376221,0.6497223682691938,7.097097409796404e-05,13674.0,527414.0,387966858.0,276835223.0,50666.0,77981.0,384875653.0,569805145.0
28.5,redis-benchmark,stress-ng,1,0.7166168478112176,7717.0,0.001345260981801567,11802.0,537915.0,280258957.0,391086196.0,12643532.8,0.7166168478112176,0.021940269373414017,0.001345260981801567,1.4404924978835296,0.14645998015261952,6.483822558580015e-05,11802.0,537915.0,391086196.0,280258957.0,4280.0,29223.0,384695907.0,554151568.0
28.6,redis-benchmark,stress-ng,1,0.7129960988017016,6527.6,0.0013521052747786082,11868.0,536314.0,276552395.0,387873644.0,10694819.84,0.7129960988017016,0.02212882751522429,0.0013521052747786082,1.4474725804070387,0.31084871637325356,6.698498987041905e-05,11868.0,536314.0,387873644.0,276552395.0,11636.0,37433.0,385116129.0,557445037.0
28.7,redis-benchmark,stress-ng,1,0.7127942951526163,4998.5,0.0013369767905218029,13761.0,532484.0,276551394.0,387982053.0,8189542.4,0.7127942951526163,0.025843030025315315,0.0013369767905218029,1.6067086963567034,0.8564463132405338,0.00010218368460125747,13761.0,532484.0,387982053.0,276551394.0,234847.0,274211.0,385227839.0,618948919.0
28.8,redis-benchmark,stress-ng,1,0.714972335431169,5043.700000000001,0.0013552168040911192,13151.0,538672.0,277249349.0,387776331.0,8263598.080000001,0.714972335431169,0.02441374342828289,0.0013552168040911192,1.6103153909017147,0.8626946220316927,0.00010058108218236506,13151.0,538672.0,387776331.0,277249349.0,243298.0,282021.0,384992875.0,619959952.0
28.9,redis-benchmark,stress-ng,1,0.7139465752978256,4742.0,0.0013493868496315766,13411.0,541698.0,279511168.0,391501518.0,7769292.8,0.7139465752978256,0.02475733711403771,0.0013493868496315766,1.6541149014417889,0.8758741689998396,0.00010450158808017014,13411.0,541698.0,391501518.0,279511168.0,284053.0,324308.0,385209457.0,637180703.0
29.0,redis-benchmark,stress-ng,1,0.7187714129248285,4657.6,0.001322978159237887,13779.0,526921.0,278789032.0,387868837.0,7631011.84,0.7187714129248285,0.026150030080410537,0.001322978159237887,1.69632649585633,0.8858511286043579,0.00010909368273356687,13779.0,526921.0,387868837.0,278789032.0,325894.0,367888.0,384935213.0,652975801.0
29.1,redis-benchmark,stress-ng,1,0.7128187186956791,5416.0,0.0013577832055704938,13623.0,540278.0,276487101.0,387878564.0,8873574.4,0.7128187186956791,0.025214796826818785,0.0013577832055704938,1.6608180660503917,0.8750892151918007,0.00010228669308022628,13623.0,540278.0,387878564.0,276487101.0,275871.0,315249.0,384976763.0,639376363.0
29.2,redis-benchmark,stress-ng,1,0.7182107395233582,7775.699999999999,0.0013371339318713205,12389.0,521989.0,273719920.0,381113655.0,12739706.879999999,0.7182107395233582,0.023734216621423058,0.0013371339318713205,1.4405487161714368,0.16617862371888725,6.505664545571997e-05,12389.0,521989.0,381113655.0,273719920.0,4994.0,30052.0,385172027.0,554859069.0
29.3,redis-benchmark,stress-ng,1,0.7109529905844004,7740.2,0.0013463054966804337,13111.0,540034.0,278255926.0,391384423.0,12681543.68,0.7109529905844004,0.024278101008455025,0.0013463054966804337,1.4432151332800458,0.14792097326239453,6.532903187490609e-05,13111.0,540034.0,391384423.0,278255926.0,4365.0,29509.0,384882483.0,555468224.0
29.4,redis-benchmark,stress-ng,1,0.7133652173210451,6925.6,0.001334112329506781,13324.0,530800.0,276700373.0,387880382.0,11346903.040000001,0.7133652173210451,0.025101733232856065,0.001334112329506781,1.4988998863982732,0.7156749225714742,7.842615606276903e-05,13324.0,530800.0,387880382.0,276700373.0,76024.0,106227.0,385113864.0,577247127.0
29.5,redis-benchmark,stress-ng,1,0.7141233670587674,4980.9,0.0013408856621274243,14577.0,534791.0,277053431.0,387962982.0,8160706.56,0.7141233670587674,0.0272573771809922,0.0013408856621274243,1.6065812806412652,0.8602204029545676,0.00010066100519059542,14577.0,534791.0,387962982.0,277053431.0,238626.0,277401.0,385203783.0,618861187.0
29.7,redis-benchmark,stress-ng,1,0.7131707738922352,4819.799999999999,0.0013394049478642098,16082.0,540915.0,279449137.0,391840422.0,7896760.319999999,0.7131707738922352,0.029731103777857888,0.0013394049478642098,1.609922714672412,0.8530176553431044,0.00010056386172854435,16082.0,540915.0,391840422.0,279449137.0,224713.0,263433.0,385028969.0,619866883.0
29.9,redis-benchmark,stress-ng,1,0.710130303773481,4607.7,0.0013569696611432196,14193.0,540534.0,275445137.0,387879711.0,7549255.68,0.710130303773481,0.02625736771414934,0.0013569696611432196,1.693607124817214,0.8846805976273863,0.00010508166334166863,14193.0,540534.0,387879711.0,275445137.0,310453.0,350921.0,385110006.0,652225050.0
30.0,redis-benchmark,stress-ng,1,0.7148861815021098,4680.0,0.0013150114922874077,12980.0,523064.0,277299480.0,387893188.0,7667712.0,0.7148861815021098,0.024815318966703883,0.0013150114922874077,1.5845413665093437,0.8471803292072808,8.75115514754442e-05,12980.0,523064.0,387893188.0,277299480.0,186777.0,220469.0,385000602.0,610049380.0
30.1,redis-benchmark,stress-ng,1,0.7121863314648713,7778.0,0.0013385237327182646,12294.0,531615.0,276314352.0,387980420.0,12743475.2,0.7121863314648713,0.023125758302530965,0.0013385237327182646,1.4428604119040058,0.1556483102194695,6.510728996935014e-05,12294.0,531615.0,387980420.0,276314352.0,4624.0,29708.0,385271757.0,555893366.0
30.2,redis-benchmark,stress-ng,1,0.7119101778044536,7766.6,0.0013456910584301782,12321.0,534148.0,276061842.0,387776226.0,12724797.440000001,0.7119101778044536,0.023066640706321095,0.0013456910584301782,1.4412099936982463,0.1402196457107885,6.575491937848024e-05,12321.0,534148.0,387776226.0,276061842.0,4124.0,29411.0,384564383.0,554238032.0
30.3,redis-benchmark,stress-ng,1,0.7147626501691908,7559.8,0.0013327908203771858,15584.0,532552.0,277244870.0,387883824.0,12385976.32,0.7147626501691908,0.02926287010470339,0.0013327908203771858,1.5469597676383262,0.8196788126442379,8.852494463228164e-05,15584.0,532552.0,387883824.0,277244870.0,154857.0,188924.0,384829385.0,595315576.0
30.4,redis-benchmark,stress-ng,1,0.7124253928431991,5032.200000000001,0.0013379221843667908,14464.0,533424.0,276339152.0,387885040.0,8244756.48,0.7124253928431991,0.027115390383634783,0.0013379221843667908,1.607103969399375,0.869791298076761,0.00010033112751652662,14464.0,533424.0,387885040.0,276339152.0,258101.0,296739.0,385104812.0,618903472.0
30.5,redis-benchmark,stress-ng,1,0.7135698632242,5019.5,0.0013429585878851047,14235.0,535142.0,276779597.0,387880166.0,8223948.8,0.7135698632242,0.02660041633809344,0.0013429585878851047,1.6227072820106387,0.8690964538241486,0.00010086178918177822,14235.0,535142.0,387880166.0,276779597.0,257628.0,296432.0,384724486.0,624295225.0
30.6,redis-benchmark,stress-ng,1,0.7144831434305303,4879.0,0.001322849924154119,14008.0,527122.0,277137487.0,387885270.0,7993753.6,0.7144831434305303,0.026574493191329523,0.001322849924154119,1.7017786607719307,0.885605932272854,0.00010887796711801652,14008.0,527122.0,387885270.0,277137487.0,324130.0,365998.0,384540611.0,654403006.0
30.7,redis-benchmark,stress-ng,1,0.7187050799307482,4640.0,0.0013141828679555604,13297.0,523044.0,278772283.0,387881331.0,7602176.0,0.7187050799307482,0.025422335405816718,0.0013141828679555604,1.6997272347206114,0.8926826474806661,0.00010696158744714915,13297.0,523044.0,387881331.0,278772283.0,342941.0,384169.0,385446785.0,655154398.0
30.8,redis-benchmark,stress-ng,1,0.7147851108164281,4611.599999999999,0.0013147169327655662,12192.0,522154.0,277256066.0,387887299.0,7555645.4399999995,0.7147851108164281,0.02334943330894717,0.0013147169327655662,1.5068075246817556,0.7323360946745562,7.347372849927658e-05,12192.0,522154.0,387887299.0,277256066.0,77353.0,105625.0,384790599.0,579805370.0
31.0,redis-benchmark,stress-ng,1,0.7135677154745032,7737.9,0.0013433265541438909,12082.0,533250.0,276841590.0,387968211.0,12677775.36,0.7135677154745032,0.022657290201594,0.0013433265541438909,1.441318115219124,0.14679291185850019,6.73945329898667e-05,12082.0,533250.0,387968211.0,276841590.0,4465.0,30417.0,385075745.0,555016647.0
31.1,redis-benchmark,stress-ng,1,0.715172050909124,7767.4,0.001347376499759613,11821.0,519819.0,269639534.0,377027505.0,12726108.16,0.715172050909124,0.02274060778848022,0.001347376499759613,1.435832636241305,0.13234821715387085,6.497840567290217e-05,11821.0,519819.0,377027505.0,269639534.0,3708.0,28017.0,374108902.0,537157771.0
31.2,redis-benchmark,stress-ng,1,0.7107319153192232,5214.5,0.0013459427538740677,16202.0,524126.0,268211851.0,377374148.0,8543436.8,0.7107319153192232,0.030912414190480915,0.0013459427538740677,1.6042542883578674,0.8492560105403544,9.982125530518032e-05,16202.0,524126.0,377374148.0,268211851.0,210776.0,248189.0,374799935.0,601274403.0
31.3,redis-benchmark,stress-ng,1,0.7156699839870385,5032.5,0.0013346641918752563,13082.0,511669.0,267350958.0,373567376.0,8245248.0,0.7156699839870385,0.025567310116501096,0.0013346641918752563,1.6126102496304258,0.867514967422291,9.773976234157072e-05,13082.0,511669.0,373567376.0,267350958.0,246186.0,283783.0,384664328.0,620313638.0
31.4,redis-benchmark,stress-ng,1,0.7115285446836022,4939.1,0.0013294389610426954,14431.0,524864.0,273188661.0,383946172.0,8092221.44,0.7115285446836022,0.02749474149493964,0.0013294389610426954,1.6464086781077507,0.8772470225479391,0.00010152538712890417,14431.0,524864.0,383946172.0,273188661.0,279383.0,318477.0,385066249.0,633976414.0
31.5,redis-benchmark,stress-ng,1,0.7124437378481615,4688.7,0.001348419998681083,14888.0,537932.0,276352637.0,387893980.0,7681966.08,0.7124437378481615,0.027676360580891266,0.001348419998681083,1.701094974592904,0.888896706436939,0.00010658154279006615,14888.0,537932.0,387893980.0,276352637.0,328482.0,369539.0,385216792.0,655290349.0
31.6,redis-benchmark,stress-ng,1,0.7111093187365003,4633.8,0.001345978228268807,14486.0,536561.0,275823479.0,387877745.0,7592017.92,0.7111093187365003,0.02699786231202044,0.001345978228268807,1.6969189367248976,0.8847095048121226,0.0001076383947235249,14486.0,536561.0,387877745.0,275823479.0,317785.0,359197.0,384732605.0,652860043.0
31.7,redis-benchmark,stress-ng,1,0.7116157029709236,6926.1,0.001331821897458665,12608.0,529200.0,276024129.0,387883696.0,11347722.24,0.7116157029709236,0.02382464096749811,0.001331821897458665,1.4434858395181627,0.1771474177779256,6.419736340930342e-05,12608.0,529200.0,387883696.0,276024129.0,5327.0,30071.0,385436390.0,556371971.0
31.8,redis-benchmark,stress-ng,1,0.715007441687084,7923.099999999999,0.001335887454979677,12877.0,531056.0,277345101.0,387891209.0,12981207.04,0.715007441687084,0.024247913591033714,0.001335887454979677,1.4411074574891602,0.1860839340885685,6.570689291495902e-05,12877.0,531056.0,387891209.0,277345101.0,5782.0,31072.0,384891126.0,554669472.0
31.9,redis-benchmark,stress-ng,1,0.7124156279358134,7844.400000000001,0.0013364807156423313,12984.0,531394.0,276340228.0,387891867.0,12852264.96,0.7124156279358134,0.024433847578256434,0.0013364807156423313,1.4796590375017356,0.6862020223986083,7.49697893959119e-05,12984.0,531394.0,387891867.0,276340228.0,63110.0,91970.0,384955063.0,569602238.0
32.0,redis-benchmark,stress-ng,1,0.7150203227492197,5536.4,0.0013282667038137682,14209.0,529395.0,277330192.0,387863370.0,9070837.76,0.7150203227492197,0.026840072157840553,0.0013282667038137682,1.6160954787200328,0.8568478908342744,0.00010171489305091338,14209.0,529395.0,387863370.0,277330192.0,234467.0,273639.0,385115678.0,622383706.0
32.1,redis-benchmark,stress-ng,1,0.7148782283949487,5047.0,0.0013142148026482694,13510.0,523276.0,277291516.0,387886363.0,8269004.8,0.7148782283949487,0.025818115105603928,0.0013142148026482694,1.609520796347901,0.8671599524356128,0.00010036991062712914,13510.0,523276.0,387886363.0,277291516.0,252321.0,290974.0,385105454.0,619835237.0
32.2,redis-benchmark,stress-ng,1,0.7163038750008933,4983.0,0.0013175036448699006,14654.0,525701.0,277847388.0,387890388.0,8164147.199999999,0.7163038750008933,0.027875160975535523,0.0013175036448699006,1.6748918836122908,0.8849133491558819,0.00010681689472324802,14654.0,525701.0,387890388.0,277847388.0,316176.0,357296.0,384957830.0,644762745.0
32.5,redis-benchmark,stress-ng,1,0.7123730586296494,6656.599999999999,0.0013199177432772335,16686.0,524536.0,274091821.0,384758825.0,10906173.44,0.7123730586296494,0.03181097198285723,0.0013199177432772335,1.61002417703408,0.8595188464477617,9.115826182836732e-05,16686.0,524536.0,384758825.0,274091821.0,214829.0,249941.0,385176278.0,620143120.0
32.6,redis-benchmark,stress-ng,1,0.7155447378971097,7769.700000000001,0.0013425478850381458,13083.0,514368.0,267172477.0,373383330.0,12729876.48,0.7155447378971097,0.025435097051138486,0.0013425478850381458,1.4413059005881117,0.15398744322735775,6.579668726497157e-05,13083.0,514368.0,373383330.0,267172477.0,4611.0,29944.0,385019384.0,554930710.0
32.7,redis-benchmark,stress-ng,1,0.7116114005223244,7757.3,0.0013465973343454063,12932.0,515895.0,265791559.0,373506606.0,12709560.32,0.7116114005223244,0.025067116370579283,0.0013465973343454063,1.4419844396726487,0.14368141947103358,6.666400876116967e-05,12932.0,515895.0,373506606.0,265791559.0,4308.0,29983.0,385140355.0,555366399.0
32.8,redis-benchmark,stress-ng,1,0.7176142909826644,5952.7,0.0013263523516752148,13848.0,528393.0,278391217.0,387939901.0,9752903.68,0.7176142909826644,0.026207765810675007,0.0013263523516752148,1.5295146340497627,0.7948828061789711,8.55911377496686e-05,13848.0,528393.0,387939901.0,278391217.0,127717.0,160674.0,385051547.0,588941976.0
32.9,redis-benchmark,stress-ng,1,0.708762386588293,5062.5,0.0013438290221418085,13309.0,529461.0,272228920.0,384090529.0,8294400.0,0.708762386588293,0.02513688449196447,0.0013438290221418085,1.6030827124376439,0.8569036233390667,0.00010009725251684141,13309.0,529461.0,384090529.0,272228920.0,226681.0,264535.0,378172218.0,606241345.0
33.0,redis-benchmark,stress-ng,1,0.7146848044905008,5034.8,0.0013340427042949823,15055.0,537468.0,279871575.0,391601407.0,8249016.32,0.7146848044905008,0.0280109699554206,0.0013340427042949823,1.6082634166812875,0.8622457081029982,9.790584016577642e-05,15055.0,537468.0,391601407.0,279871575.0,233497.0,270801.0,381019150.0,612779160.0
33.1,redis-benchmark,stress-ng,1,0.7105128433228673,4717.5,0.001333083953800923,16158.0,537618.0,277930003.0,391168162.0,7729152.0,0.7105128433228673,0.030054797272412753,0.001333083953800923,1.696210704952558,0.8862628601384854,0.00010814873482401435,16158.0,537618.0,391168162.0,277930003.0,324592.0,366248.0,385173253.0,653334995.0
33.2,redis-benchmark,stress-ng,1,0.7122066288619208,4705.200000000001,0.001346840848072459,15491.0,528724.0,271396539.0,381064326.0,7708999.680000001,0.7122066288619208,0.0292988402266589,0.001346840848072459,1.70164637420481,0.8929617778147174,0.00010709293245115433,15491.0,528724.0,381064326.0,271396539.0,343801.0,385012.0,384815310.0,654819577.0
33.3,redis-benchmark,stress-ng,1,0.7134103596001558,6250.8,0.0013641112458262854,14303.0,528237.0,268780014.0,376753730.0,10241310.72,0.7134103596001558,0.027076861333075873,0.0013641112458262854,1.543506442512204,0.8021484923532566,8.047845363682552e-05,14303.0,528237.0,376753730.0,268780014.0,125671.0,156668.0,385158991.0,594495384.0
33.4,redis-benchmark,stress-ng,1,0.7121426203127196,7732.3,0.001367648301024719,11765.0,527513.0,268553057.0,377105722.0,12668600.32,0.7121426203127196,0.02230276789387181,0.001367648301024719,1.4394359582742295,0.14867746019055234,6.634056994771091e-05,11765.0,527513.0,377105722.0,268553057.0,4463.0,30018.0,385209232.0,554484020.0
33.5,redis-benchmark,stress-ng,1,0.7151892803648934,7797.5,0.001347932906995218,16687.0,539505.0,277397953.0,387866486.0,12775424.0,0.7151892803648934,0.03093020453934625,0.001347932906995218,1.4411100386509301,0.14103909290912167,6.591696341572946e-05,16687.0,539505.0,387866486.0,277397953.0,4167.0,29545.0,384999531.0,554826689.0
33.6,redis-benchmark,stress-ng,1,0.7122506066227356,6295.699999999999,0.0013475155064865073,15094.0,542609.0,278826386.0,391472304.0,10314874.879999999,0.7122506066227356,0.027817452345980254,0.0013475155064865073,1.5720526264992887,0.8404899387576553,9.467016966372197e-05,15094.0,542609.0,391472304.0,278826386.0,192136.0,228600.0,385168846.0,605505696.0
33.8,redis-benchmark,stress-ng,1,0.7121929020409257,5084.1,0.0013304646070491615,17255.0,533830.0,276520733.0,388266623.0,8329789.44,0.7121929020409257,0.032323024183728906,0.0013304646070491615,1.6083190186458416,0.8647200036769516,9.935670641837699e-05,17255.0,533830.0,388266623.0,276520733.0,244580.0,282843.0,385107371.0,619375509.0
34.0,redis-benchmark,stress-ng,1,0.709947294858645,4709.2,0.001332434944301404,17844.0,538641.0,277490787.0,390861109.0,7715553.28,0.709947294858645,0.03312781611500053,0.001332434944301404,1.6961877846129187,0.8864053057812735,0.0001076266262025797,17844.0,538641.0,390861109.0,277490787.0,323436.0,364885.0,385118455.0,653233219.0
34.1,redis-benchmark,stress-ng,1,0.7105556393552162,5741.4,0.0013449510011482927,21198.0,538967.0,273544302.0,384972389.0,9406709.76,0.7105556393552162,0.03933079390760473,0.0013449510011482927,1.6987224721762364,0.8877235741670396,0.00010813117089998358,21198.0,538967.0,384972389.0,273544302.0,329262.0,370906.0,385124841.0,654220222.0
34.2,redis-benchmark,stress-ng,1,0.7141936980018303,7824.200000000001,0.0013143949931546223,18529.0,532191.0,279104961.0,390797289.0,12819169.280000001,0.7141936980018303,0.03481644747844289,0.0013143949931546223,1.4649989749485575,0.5529349927091458,6.850390678817052e-05,18529.0,532191.0,390797289.0,279104961.0,32611.0,58978.0,384897756.0,563874818.0
34.3,redis-benchmark,stress-ng,1,0.7163192855953167,7804.400000000001,0.0013263286690871248,18145.0,528747.0,275764272.0,384973960.0,12786728.96,0.7163192855953167,0.03431697957624346,0.0013263286690871248,1.4382589461506181,0.14519062373703354,6.589943378752638e-05,18145.0,528747.0,384973960.0,275764272.0,4311.0,29692.0,385147467.0,553941790.0
34.4,redis-benchmark,stress-ng,1,0.7132704642750506,6718.8,0.0013591818585874397,13448.0,544605.0,278740183.0,390791708.0,11008081.92,0.7132704642750506,0.024693126210739894,0.0013591818585874397,1.454802727742289,0.4931009167403949,6.99560186863832e-05,13448.0,544605.0,390791708.0,278740183.0,26195.0,53123.0,384927566.0,559993673.0
34.5,redis-benchmark,stress-ng,1,0.7124873109052365,5011.599999999999,0.0013553717723003061,14775.0,540481.0,276351376.0,387868488.0,8211005.4399999995,0.7124873109052365,0.027336761144240038,0.0013553717723003061,1.606147724423365,0.857295537813645,9.877238083154038e-05,14775.0,540481.0,387868488.0,276351376.0,228609.0,266663.0,385269644.0,618799962.0
34.6,redis-benchmark,stress-ng,1,0.7100138346426215,5054.599999999999,0.0013633579089754634,14261.0,538615.0,273074731.0,384604803.0,8281456.64,0.7100138346426215,0.02647716829275085,0.0013633579089754634,1.6120218552556151,0.8604657101477825,9.932988902634401e-05,14261.0,538615.0,384604803.0,273074731.0,235870.0,274119.0,385070399.0,620741899.0
34.7,redis-benchmark,stress-ng,1,0.7069166902535494,4809.9,0.00138516189330494,17025.0,554338.0,274217425.0,387906282.0,7880540.16,0.7069166902535494,0.030712309096616142,0.00138516189330494,1.662297416486784,0.8757379427273813,0.00010545732145473297,17025.0,554338.0,387906282.0,274217425.0,286150.0,326753.0,385018313.0,640014947.0
34.8,redis-benchmark,stress-ng,1,0.7077657442664055,4727.4,0.001377384015060116,19407.0,563115.0,279383159.0,394739589.0,7745372.16,0.7077657442664055,0.03446365307264058,0.001377384015060116,1.699181676785136,0.8868468728812617,0.00010580499073894544,19407.0,563115.0,394739589.0,279383159.0,319162.0,359884.0,384877875.0,653977433.0
35.0,redis-benchmark,stress-ng,1,0.7133889890198754,5286.4,0.001357474886128667,16762.0,551931.0,281245477.0,394238601.0,8661237.76,0.7133889890198754,0.03036973824626629,0.001357474886128667,1.4411981740125,0.15117641152649017,6.588780741993041e-05,16762.0,551931.0,394238601.0,281245477.0,4517.0,29879.0,384927060.0,554756176.0
35.2,redis-benchmark,stress-ng,1,0.715432625747317,7778.400000000001,0.0013614196700608657,14601.0,541885.0,277090294.0,387304526.0,12744130.56,0.715432625747317,0.026944831467931387,0.0013614196700608657,1.4397628577874688,0.1416557778001139,6.657998439030849e-05,14601.0,541885.0,387304526.0,277090294.0,4228.0,29847.0,384785311.0,553999599.0
35.4,redis-benchmark,stress-ng,1,0.7111994806318354,5026.5,0.0013452838955933036,14205.0,536002.0,275853860.0,387871290.0,8235417.600000001,0.7111994806318354,0.026501766784452298,0.0013452838955933036,1.6117138101755453,0.8580377091367601,0.00010004818760350183,14205.0,536002.0,387871290.0,275853860.0,232729.0,271234.0,384864543.0,620291499.0
35.5,redis-benchmark,stress-ng,1,0.7115769133672399,4957.5,0.0013675046248191544,15757.0,546201.0,276014938.0,387891924.0,8122368.0,0.7115769133672399,0.028848354360391137,0.0013675046248191544,1.6081056543174537,0.8600075890356504,0.00010055991844621242,15757.0,546201.0,387891924.0,276014938.0,237977.0,276715.0,385223065.0,619479389.0
35.6,redis-benchmark,stress-ng,1,0.7131329337131772,4797.900000000001,0.0013251976080718264,21304.0,535940.0,276942758.0,388346611.0,7860879.36,0.7131329337131772,0.03975071836399597,0.0013251976080718264,1.6869405802036777,0.8786676735499289,0.00010898437962114826,21304.0,535940.0,388346611.0,276942758.0,303686.0,345621.0,384779912.0,649100848.0
35.7,redis-benchmark,stress-ng,1,0.71255435403474,4567.0,0.0013407220588565463,15062.0,534478.0,276054332.0,387415122.0,7482572.8,0.71255435403474,0.028180767028764514,0.0013407220588565463,1.6954258100809623,0.8836918953037975,0.00010859873956919331,15062.0,534478.0,387415122.0,276054332.0,317803.0,359631.0,385161008.0,653011914.0
35.8,redis-benchmark,stress-ng,1,0.7148835603601663,4630.400000000001,0.0013486878344872901,14161.0,537313.0,277301207.0,387897026.0,7586447.36,0.7148835603601663,0.02635521567503485,0.0013486878344872901,1.570525243424243,0.8421696222198778,8.553096253587402e-05,14161.0,537313.0,387897026.0,277301207.0,175621.0,208534.0,384808016.0,604350703.0
35.9,redis-benchmark,stress-ng,1,0.7123305442689991,7778.3,0.0013389300090883558,12637.0,531978.0,276297084.0,387877631.0,12743966.72,0.7123305442689991,0.02375474173744027,0.0013389300090883558,1.4408245350803086,0.16393765381460212,6.616199820961411e-05,12637.0,531978.0,387877631.0,276297084.0,4996.0,30475.0,385100219.0,554861844.0
36.0,redis-benchmark,stress-ng,1,0.7169310325650293,7774.9,0.001341331740594111,12487.0,532772.0,278088150.0,387886892.0,12738396.16,0.7169310325650293,0.023437793277424488,0.001341331740594111,1.442217019057362,0.1429380790508565,6.681276797217928e-05,12487.0,532772.0,387886892.0,278088150.0,4289.0,30006.0,384911459.0,555125857.0
36.1,redis-benchmark,stress-ng,1,0.7098503503153475,7709.0,0.0013751918470178298,13498.0,546894.0,275329830.0,387870246.0,12630425.6,0.7098503503153475,0.024681199647463677,0.0013751918470178298,1.5584375778629447,0.8176405470835316,9.157496645017728e-05,13498.0,546894.0,387870246.0,275329830.0,158063.0,193316.0,384963286.0,599941251.0
36.2,redis-benchmark,stress-ng,1,0.7140460819289014,5047.0,0.001373855550149997,13742.0,545990.0,276629955.0,387411908.0,8269004.800000001,0.7140460819289014,0.02516895913844576,0.001373855550149997,1.6101226963808453,0.8544800903635934,0.00010065273603002355,13742.0,545990.0,387411908.0,276629955.0,227701.0,266479.0,385265235.0,620324299.0
36.3,redis-benchmark,stress-ng,1,0.7107893630319454,5066.2,0.0013508983151279492,13719.0,538344.0,276036964.0,388352694.0,8300462.08,0.7107893630319454,0.025483705586019346,0.0013508983151279492,1.6265996125684457,0.8619853361832661,0.00010217434266128985,13719.0,538344.0,388352694.0,276036964.0,245596.0,284919.0,384861786.0,626016032.0
36.5,redis-benchmark,stress-ng,1,0.7143947854740901,4677.5,0.0013582696556317133,15430.0,532947.0,272192966.0,381011972.0,7663616.0,0.7143947854740901,0.028952222266003937,0.0013582696556317133,1.6970880008452356,0.8827045871456543,0.00010850787780342493,15430.0,532947.0,381011972.0,272192966.0,314219.0,355973.0,384801554.0,653042100.0
36.6,redis-benchmark,stress-ng,1,0.7097434264379484,4607.5,0.0013781833977255444,13764.0,528500.0,265081188.0,373488754.0,7548928.0,0.7097434264379484,0.02604351939451277,0.0013781833977255444,1.6946441463287327,0.8863836966057089,0.00010928877102302586,13764.0,528500.0,373488754.0,265081188.0,328383.0,370475.0,385144783.0,652683352.0
36.8,redis-benchmark,stress-ng,1,0.7133250455568262,7772.200000000001,0.0013703735011328783,12962.0,544588.0,276729038.0,387942411.0,12733972.48,0.7133250455568262,0.023801479283421596,0.0013703735011328783,1.446935996488822,0.1583258415742683,6.695500918982532e-05,12962.0,544588.0,387942411.0,276729038.0,4755.0,30033.0,377537100.0,546272020.0
36.9,redis-benchmark,stress-ng,1,0.7135669381331423,7806.800000000001,0.0013540981257365832,13081.0,538238.0,276741150.0,387827876.0,12790661.120000001,0.7135669381331423,0.02430337508685749,0.0013540981257365832,1.4402447426857463,0.14535471265916594,6.587309616957176e-05,13081.0,538238.0,387827876.0,276741150.0,4315.0,29686.0,385149651.0,554709760.0
37.0,redis-benchmark,stress-ng,1,0.7179158309054938,5413.6,0.0013337370328663162,15367.0,537493.0,281046797.0,391475971.0,8869642.24,0.7179158309054938,0.028590139778564557,0.0013337370328663162,1.5874249814318213,0.8530583309506931,9.93068079344501e-05,15367.0,537493.0,391475971.0,281046797.0,217802.0,255319.0,377788802.0,599711382.0
37.1,redis-benchmark,stress-ng,1,0.713705006478873,5105.1,0.0013196029504051372,14526.0,531162.0,279421700.0,391508673.0,8364195.84,0.713705006478873,0.02734758887119184,0.0013196029504051372,1.6095538075293927,0.8570146687241176,0.0001007067339124133,14526.0,531162.0,391508673.0,279421700.0,228265.0,266349.0,378167363.0,608680719.0
37.2,redis-benchmark,stress-ng,1,0.712720999865951,4974.9,0.0013524935552894418,15018.0,529454.0,271091377.0,380361147.0,8150876.16,0.712720999865951,0.028365070431047835,0.0013524935552894418,1.648805090220342,0.8671923980195269,0.00010475833031885928,15018.0,529454.0,380361147.0,271091377.0,255892.0,295081.0,374089582.0,616800807.0
37.3,redis-benchmark,stress-ng,1,0.7145968011347662,4592.3,0.0013538104887305773,14886.0,525942.0,269756355.0,377494490.0,7524024.32,0.7145968011347662,0.028303501146514254,0.0013538104887305773,1.6900637827039342,0.8810601011024533,0.0001076847447175957,14886.0,525942.0,377494490.0,269756355.0,298734.0,339062.0,374500586.0,632929877.0
37.4,redis-benchmark,stress-ng,1,0.7123047261422636,4666.7,0.001348336733090151,14392.0,517891.0,265990467.0,373422297.0,7645921.28,0.7123047261422636,0.027789631408925815,0.001348336733090151,1.704366530978772,0.8821729915623625,0.0001100395616112002,14392.0,517891.0,373422297.0,265990467.0,308847.0,350098.0,374874267.0,638923154.0
37.5,redis-benchmark,stress-ng,1,0.7199694792606196,6789.5,0.0013391761496679227,13169.0,527423.0,276473849.0,384007735.0,11123916.8,0.7199694792606196,0.024968573611693082,0.0013391761496679227,1.4540641412553568,0.5603059834433616,6.612564997126295e-05,13169.0,527423.0,384007735.0,276473849.0,32082.0,57258.0,380729717.0,553605429.0
37.6,redis-benchmark,stress-ng,1,0.715798375561777,7578.7,0.0013250028037277341,12401.0,512468.0,270148218.0,377408258.0,12416942.08,0.715798375561777,0.024198584106714955,0.0013250028037277341,1.445367845018458,0.15422765627690718,6.620596585120707e-05,12401.0,512468.0,377408258.0,270148218.0,4478.0,29035.0,370918235.0,536113290.0
37.7,redis-benchmark,stress-ng,1,0.713739721088279,7728.6,0.0013641016185402335,12451.0,521975.0,266598553.0,373523492.0,12662538.24,0.713739721088279,0.023853632836821688,0.0013641016185402335,1.4428652804310766,0.3112484954590218,6.71562087021857e-05,12451.0,521975.0,373523492.0,266598553.0,11378.0,36556.0,374916936.0,540954630.0
37.8,redis-benchmark,stress-ng,1,0.7147953533258682,5701.3,0.0013425838461680567,13234.0,523930.0,271895963.0,380382947.0,9341009.92,0.7147953533258682,0.025259099498024545,0.0013425838461680567,1.6093145319737532,0.8546173444425519,0.00010717691688727858,13234.0,523930.0,380382947.0,271895963.0,235812.0,275927.0,374287684.0,602346609.0
37.9,redis-benchmark,stress-ng,1,0.7097242521966105,5039.7,0.0013645709426603032,13612.0,538422.0,272957875.0,384597080.0,8257044.4799999995,0.7097242521966105,0.0252812849400656,0.0013645709426603032,1.5991207253961792,0.8540245566166439,0.00010393863007515117,13612.0,538422.0,384597080.0,272957875.0,231620.0,271210.0,380897843.0,609101635.0
38.0,redis-benchmark,stress-ng,1,0.716535222292512,5001.7,0.0013283043699804419,14812.0,525266.0,275357274.0,384289935.0,8194785.28,0.716535222292512,0.028199045816786162,0.0013283043699804419,1.6635924105347992,0.8571330672662422,0.00011794569060553257,14812.0,525266.0,384289935.0,275357274.0,262659.0,306439.0,371187788.0,617505187.0
38.1,redis-benchmark,stress-ng,1,0.7140977996063158,4721.8,0.0013418030338051262,14141.0,515228.0,266674851.0,373443037.0,7736197.12,0.7140977996063158,0.02744610153174905,0.0013418030338051262,1.6836146428309882,0.8726453303000534,0.00011752771532263275,14141.0,515228.0,373443037.0,266674851.0,303801.0,348138.0,377247187.0,635138888.0
38.3,redis-benchmark,stress-ng,1,0.7127297221129565,6176.7,0.001347517960184825,11642.0,534238.0,276411679.0,387821176.0,10119905.28,0.7127297221129565,0.021791785683534307,0.001347517960184825,1.6884214425626007,0.8751322174363448,0.00011898250043392346,11642.0,534238.0,387821176.0,276411679.0,321016.0,366820.0,384964174.0,649981766.0
38.5,redis-benchmark,stress-ng,1,0.712049304903773,7726.5,0.001352355262509792,12424.0,537076.0,276242569.0,387954271.0,12659097.6,0.712049304903773,0.0231326665127468,0.001352355262509792,1.4399624109849711,0.15731171901384666,6.477105187939053e-05,12424.0,537076.0,387954271.0,276242569.0,4658.0,29610.0,385233824.0,554722226.0
38.6,redis-benchmark,stress-ng,1,0.7133628531606803,6304.9,0.0013628388488449506,12482.0,541169.0,276735336.0,387930679.0,10329948.16,0.7133628531606803,0.02306488361306727,0.0013628388488449506,1.4765512117709338,0.6585143988853962,7.699614078685019e-05,12482.0,541169.0,387930679.0,276735336.0,57190.0,86847.0,385175149.0,568730833.0
38.7,redis-benchmark,stress-ng,1,0.7104134928859638,4994.0,0.0013696365810214565,13493.0,544690.0,275525290.0,387837918.0,8182169.6,0.7104134928859638,0.024771888597183718,0.0013696365810214565,1.6097186496817022,0.8475367000137526,0.00011232196769382658,13493.0,544690.0,387837918.0,275525290.0,240347.0,283583.0,384929154.0,619627638.0
38.8,redis-benchmark,stress-ng,1,0.7145128069276458,5015.7,0.0013557199163371394,14687.0,540525.0,277135403.0,387866250.0,8217722.88,0.7145128069276458,0.027171731187271633,0.0013557199163371394,1.6066091286995918,0.8492407922714085,0.00011210728073776726,14687.0,540525.0,387866250.0,277135403.0,243237.0,286417.0,385166777.0,618812460.0
38.9,redis-benchmark,stress-ng,1,0.7112987905906905,4695.7,0.0013580191070034242,13887.0,540633.0,275897291.0,387878195.0,7693434.88,0.7112987905906905,0.0256865563145424,0.0013580191070034242,1.6675094630579037,0.8703075627307003,0.00011917989129200243,13887.0,540633.0,387878195.0,275897291.0,307927.0,353814.0,385023006.0,642029506.0
39.0,redis-benchmark,stress-ng,1,0.714992059612802,4628.8,0.001350197494365446,14794.0,538515.0,277334507.0,387884737.0,7583825.92,0.714992059612802,0.027471843866930353,0.001350197494365446,1.6989728377955104,0.8757417980810908,0.0001206444197182526,14794.0,538515.0,387884737.0,277334507.0,327312.0,373754.0,384949425.0,654018617.0
39.1,redis-benchmark,stress-ng,1,0.7116929172205657,5636.700000000001,0.0013614237386702073,14060.0,542137.0,276055610.0,387885847.0,9235169.280000001,0.7116929172205657,0.025934404034404588,0.0013614237386702073,1.6141114812049937,0.8492689963382858,0.00010226803232175528,14060.0,542137.0,387885847.0,276055610.0,221959.0,261353.0,385203461.0,621761329.0
39.2,redis-benchmark,stress-ng,1,0.7120607312148632,7725.1,0.0013712757612568771,12692.0,544568.0,276186617.0,387869468.0,12656803.84,0.7120607312148632,0.023306547575325763,0.0013712757612568771,1.4406679346783824,0.17472950307494986,6.515971280743628e-05,12692.0,544568.0,387869468.0,276186617.0,5313.0,30407.0,385115264.0,554823212.0
39.3,redis-benchmark,stress-ng,1,0.7129016136903649,7723.6,0.001371387494116867,13121.0,545084.0,276535467.0,387901306.0,12654346.24,0.7129016136903649,0.02407151925207858,0.001371387494116867,1.4383125730390507,0.15160602425696387,6.615837914787664e-05,13121.0,545084.0,387901306.0,276535467.0,4550.0,30012.0,384864326.0,553555199.0
39.4,redis-benchmark,stress-ng,1,0.7099736131300604,6763.9,0.0013727821944729838,13773.0,546240.0,275380553.0,387874349.0,11081973.76,0.7099736131300604,0.02521419156414763,0.0013727821944729838,1.5263195286965705,0.7756444514822219,8.826855805873361e-05,13773.0,546240.0,387874349.0,275380553.0,117559.0,151563.0,385233437.0,587989318.0
39.5,redis-benchmark,stress-ng,1,0.7130311268308505,4981.5,0.0013758845408493308,13669.0,547339.0,276566318.0,387874116.0,8161689.600000001,0.7130311268308505,0.024973553866981888,0.0013758845408493308,1.608062662224797,0.8586454244218593,0.00010555495696479174,13669.0,547339.0,387874116.0,276566318.0,246949.0,287603.0,385145342.0,619337844.0
39.8,redis-benchmark,stress-ng,1,0.7159500256844328,4684.4,0.0013570568219208234,14291.0,540707.0,277724221.0,387910065.0,7674920.96,0.7159500256844328,0.026430210816579036,0.0013570568219208234,1.6979503786627888,0.8836495880854012,0.0001098999843932519,14291.0,540707.0,387910065.0,277724221.0,321462.0,363789.0,385141092.0,653950463.0
39.9,redis-benchmark,stress-ng,1,0.7121944497711281,5198.5,0.0013561361945090718,14895.0,540877.0,276227021.0,387853375.0,8517222.4,0.7121944497711281,0.027538608593081236,0.0013561361945090718,1.6975547406257312,0.8877696556760009,0.00011096876479631139,14895.0,540877.0,387853375.0,276227021.0,337989.0,380717.0,385045288.0,653635454.0
40.0,redis-benchmark,stress-ng,1,0.7078065148603596,7703.299999999999,0.0013857823181799998,13391.0,550923.0,274551527.0,387890647.0,12621086.719999999,0.7078065148603596,0.024306482031064232,0.0013857823181799998,1.5380885230673111,0.7888016252846294,8.045278481371373e-05,13391.0,550923.0,387890647.0,274551527.0,115703.0,146682.0,385058144.0,592253512.0
40.1,redis-benchmark,stress-ng,1,0.7131193341980003,7702.7,0.0013747906531570966,12596.0,545846.0,276602757.0,387877237.0,12620103.68,0.7131193341980003,0.023076105714798678,0.0013747906531570966,1.4371985272581664,0.16496863903361764,6.533058853814419e-05,12596.0,545846.0,387877237.0,276602757.0,4971.0,30133.0,385148834.0,553535337.0
40.2,redis-benchmark,stress-ng,1,0.7130602238386808,7182.3,0.0013687074343063693,12544.0,543430.0,276577507.0,387873980.0,11767480.32,0.7130602238386808,0.02308300977126769,0.0013687074343063693,1.4387487534573302,0.15456263498920086,6.505795355594967e-05,12544.0,543430.0,387873980.0,276577507.0,4580.0,29632.0,385072057.0,554021942.0
40.3,redis-benchmark,stress-ng,1,0.714540071558016,5005.0,0.001369080842948038,13422.0,544479.0,277165157.0,387893091.0,8200192.0,0.714540071558016,0.024651088471731693,0.001369080842948038,1.5729483808866191,0.8476127411029611,9.325379960073814e-05,13422.0,544479.0,387893091.0,277165157.0,199684.0,235584.0,384970909.0,605539368.0
40.5,redis-benchmark,stress-ng,1,0.7138859507797946,5022.9,0.0013748410245851802,13922.0,547472.0,277045740.0,388081233.0,8229519.359999999,0.7138859507797946,0.025429611012070023,0.0013748410245851802,1.6339811604891197,0.8749360479607499,9.905063007476196e-05,13922.0,547472.0,388081233.0,277045740.0,266782.0,304916.0,384995027.0,629074621.0
40.6,redis-benchmark,stress-ng,1,0.7100866568192856,4840.4,0.0013644345532128597,15159.0,544124.0,275286922.0,387680742.0,7930511.359999999,0.7100866568192856,0.02785945850578177,0.0013644345532128597,1.7006172967746236,0.8901955981372667,0.00010244098310768752,15159.0,544124.0,387680742.0,275286922.0,319809.0,359257.0,385080256.0,654874144.0
40.7,redis-benchmark,stress-ng,1,0.7116140677463253,4651.7,0.0013777662169284092,14275.0,548773.0,276067370.0,387945352.0,7621345.28,0.7116140677463253,0.026012577149385995,0.0013777662169284092,1.708332093378456,0.8863036501177182,0.0001035461830357393,14275.0,548773.0,387945352.0,276067370.0,310949.0,350838.0,385229072.0,658099187.0
40.8,redis-benchmark,stress-ng,1,0.712004223620796,4743.3,0.0013694547185322734,12675.0,543874.0,276179947.0,387890883.0,7771422.720000001,0.712004223620796,0.023305030209202868,0.0013694547185322734,1.4514654071220336,0.4865494514247028,6.69381038882072e-05,12675.0,543874.0,387890883.0,276179947.0,24435.0,50221.0,385221548.0,559135751.0
41.0,redis-benchmark,stress-ng,1,0.7128737390157663,7541.7,0.001387106986729715,12709.0,550769.0,276524340.0,387900865.0,12356321.28,0.7128737390157663,0.02307500966830014,0.001387106986729715,1.4363603796757465,0.15690278521692555,6.545864685397907e-05,12709.0,550769.0,387900865.0,276524340.0,4687.0,29872.0,384746725.0,552634952.0
41.2,redis-benchmark,stress-ng,1,0.7120758083763367,4904.3,0.0013713082461398603,13426.0,545316.0,276193192.0,387870489.0,8035205.12,0.7120758083763367,0.024620586962421788,0.0013713082461398603,1.610123729930053,0.8589295227464638,0.0001011122947259174,13426.0,545316.0,387870489.0,276193192.0,237007.0,275933.0,384977911.0,619862070.0
41.3,redis-benchmark,stress-ng,1,0.7148368907770809,5082.3,0.0013565536069215145,14577.0,540804.0,277295693.0,387914637.0,8326840.32,0.7148368907770809,0.026954312468103047,0.0013565536069215145,1.605300944447191,0.8637407402141303,9.955223465342367e-05,14577.0,540804.0,387914637.0,277295693.0,242991.0,281324.0,385054139.0,618127773.0
41.4,redis-benchmark,stress-ng,1,0.71276960940201,4853.3,0.001357871395917213,13948.0,540683.0,276492090.0,387912288.0,7951646.720000001,0.71276960940201,0.025797001200333652,0.001357871395917213,1.66296049977272,0.8789807017962358,0.00010537275904295187,13948.0,540683.0,387912288.0,276492090.0,294782.0,335368.0,385165961.0,640515779.0
41.5,redis-benchmark,stress-ng,1,0.713832583910728,4759.099999999999,0.0013541155710186873,14108.0,539270.0,276843244.0,387826572.0,7797309.4399999995,0.713832583910728,0.026161292117121294,0.0013541155710186873,1.7047063350702107,0.880887403799208,0.00010967092742697751,14108.0,539270.0,387826572.0,276843244.0,312131.0,354337.0,384842191.0,656042921.0
41.6,redis-benchmark,stress-ng,1,0.7135918625012864,4550.8,0.0013459060762693415,15350.0,537350.0,276761476.0,387842814.0,7456030.72,0.7135918625012864,0.0285661114729692,0.0013459060762693415,1.6408878591390912,0.8758821907268264,9.472926937622159e-05,15350.0,537350.0,387842814.0,276761476.0,257272.0,293729.0,384854652.0,631503326.0
41.7,redis-benchmark,stress-ng,1,0.7108269042725444,7159.000000000001,0.0013658089518938277,13001.0,547822.0,278344314.0,391578192.0,11729305.600000001,0.7108269042725444,0.023732161176440524,0.0013658089518938277,1.4342925454177518,0.18364755299404123,6.508999661073004e-05,13001.0,547822.0,391578192.0,278344314.0,5640.0,30711.0,385174394.0,552452762.0
41.8,redis-benchmark,stress-ng,1,0.7136108016965029,7536.2,0.0013796627953847676,12087.0,542211.0,274199039.0,384241716.0,12347310.08,0.7136108016965029,0.022292059733203494,0.0013796627953847676,1.4361154855643046,0.18043293440585967,6.510443555137526e-05,12087.0,542211.0,384241716.0,274199039.0,5518.0,30582.0,384981450.0,552877822.0
41.9,redis-benchmark,stress-ng,1,0.7128645264276778,7753.5,0.0013593089751226806,12799.0,540035.0,276499198.0,387870609.0,12703334.4,0.7128645264276778,0.02370031572027739,0.0013593089751226806,1.5027646093521887,0.7430944374670826,8.233681617425186e-05,12799.0,540035.0,387870609.0,276499198.0,91709.0,123415.0,385076828.0,578679829.0
42.0,redis-benchmark,stress-ng,1,0.71162087476079,5478.5,0.001379980631002257,13984.0,549239.0,276017375.0,387871386.0,8975974.4,0.71162087476079,0.025460682872119424,0.001379980631002257,1.6083239003112788,0.857232823676329,0.0001035742602655152,13984.0,549239.0,387871386.0,276017375.0,239570.0,279469.0,385221192.0,619560450.0
42.1,redis-benchmark,stress-ng,1,0.7105099892773323,5026.2,0.0013822861691023729,13104.0,549286.0,275603327.0,387895077.0,8234926.08,0.7105099892773323,0.023856424522015852,0.0013822861691023729,1.6093960365866498,0.8550893105043961,0.00010168930368574033,13104.0,549286.0,387895077.0,275603327.0,230981.0,270125.0,384937241.0,619516470.0
42.2,redis-benchmark,stress-ng,1,0.7149725544791848,4937.6,0.0013633892143782508,13907.0,542735.0,277321767.0,387877500.0,8089763.840000001,0.7149725544791848,0.025623923277474273,0.0013633892143782508,1.6856588336281564,0.8790699563878838,0.00010824686771924981,13907.0,542735.0,387877500.0,277321767.0,302953.0,344629.0,385008831.0,648993537.0
42.5,redis-benchmark,stress-ng,1,0.7105877788156713,6496.0,0.001380904287340991,13479.0,543730.0,272857347.0,383988235.0,10643046.4,0.7105877788156713,0.02478987732882129,0.001380904287340991,1.5658147147616384,0.8340957468582423,8.424432070041635e-05,13479.0,543730.0,383988235.0,272857347.0,163009.0,195432.0,384868674.0,602633033.0
42.6,redis-benchmark,stress-ng,1,0.7136965279891284,7642.3,0.0013849632110454326,11718.0,548939.0,276839673.0,387895502.0,12521144.32,0.7136965279891284,0.021346634143320112,0.0013849632110454326,1.435823891960707,0.1582697543104897,6.50277511328763e-05,11718.0,548939.0,387895502.0,276839673.0,4709.0,29753.0,385127881.0,552975813.0
42.7,redis-benchmark,stress-ng,1,0.7123251234762973,7628.8,0.0013746600666896525,12981.0,546201.0,276305402.0,387892260.0,12499025.92,0.7123251234762973,0.023765976261486157,0.0013746600666896525,1.4332865327425213,0.15392952149495878,6.687405636636189e-05,12981.0,546201.0,387892260.0,276305402.0,4687.0,30449.0,385231604.0,552147270.0
42.8,redis-benchmark,stress-ng,1,0.7156869045605248,5905.8,0.0013681930920267464,12180.0,542871.0,277598682.0,387877269.0,9676062.72,0.7156869045605248,0.022436269389965572,0.0013681930920267464,1.5523162525875547,0.8161913083276124,9.181236181206259e-05,12180.0,542871.0,387877269.0,277598682.0,156934.0,192276.0,384937271.0,597544382.0
42.9,redis-benchmark,stress-ng,1,0.7090686508566726,5049.2,0.0013877487671215924,14064.0,552334.0,275028443.0,387872800.0,8272609.28,0.7090686508566726,0.025462853997762224,0.0013877487671215924,1.607711661453464,0.858161505207168,0.00010209095024218096,14064.0,552334.0,387872800.0,275028443.0,237812.0,277118.0,385009640.0,618984488.0
43.0,redis-benchmark,stress-ng,1,0.7149725172790945,4999.6,0.0013648274738427338,13457.0,542867.0,277334394.0,387895181.0,8191344.640000001,0.7149725172790945,0.024788760414613524,0.0013648274738427338,1.6287048730692615,0.8633829186097968,0.00010418677193509394,13457.0,542867.0,387895181.0,277334394.0,253636.0,293770.0,385212050.0,627396743.0
43.1,redis-benchmark,stress-ng,1,0.7088353635752818,4668.2,0.0013826644196287948,13776.0,550066.0,274933897.0,387867072.0,7648378.88,0.7088353635752818,0.025044267415182904,0.0013826644196287948,1.6936315049328898,0.8819549651783708,0.00010647793105043077,13776.0,550066.0,387867072.0,274933897.0,306213.0,347198.0,384915443.0,651904921.0
43.2,redis-benchmark,stress-ng,1,0.7098738643577647,4635.599999999999,0.0013837227890469341,13844.0,550582.0,275355932.0,387894168.0,7594967.039999999,0.7098738643577647,0.02514430184786281,0.0013837227890469341,1.7028150532324506,0.8848708424879609,0.00010639183900623969,13844.0,550582.0,387894168.0,275355932.0,314945.0,355922.0,385151722.0,655842150.0
43.3,redis-benchmark,stress-ng,1,0.7122827478778141,6124.9,0.0013786335307053685,13574.0,548327.0,276284689.0,387886257.0,10035036.16,0.7122827478778141,0.02475530112505859,0.0013786335307053685,1.489950702610281,0.720276602700641,7.330855845913039e-05,13574.0,548327.0,387886257.0,276284689.0,72704.0,100939.0,385152847.0,573858755.0
43.4,redis-benchmark,stress-ng,1,0.7094068966672328,7712.6,0.0013833831576786902,11964.0,548509.0,275143384.0,387849886.0,12636323.84,0.7094068966672328,0.021811857234794688,0.0013833831576786902,1.4345140972167363,0.16007602027207254,6.543210850422837e-05,11964.0,548509.0,387849886.0,275143384.0,4801.0,29992.0,384994471.0,552279996.0
43.5,redis-benchmark,stress-ng,1,0.7109677731413189,7692.200000000001,0.0013818355859303935,13724.0,549328.0,275573438.0,387603276.0,12602900.48,0.7109677731413189,0.024983252264585094,0.0013818355859303935,1.4326289729971884,0.1459914768943934,6.660530873418462e-05,13724.0,549328.0,387603276.0,275573438.0,4385.0,30036.0,385119452.0,551733285.0
43.7,redis-benchmark,stress-ng,1,0.7150437518173012,5050.7,0.0013409270630735635,17495.0,542423.0,279915662.0,391466482.0,8275066.88,0.7150437518173012,0.03225342583186922,0.0013409270630735635,1.604233392006798,0.850851850440218,0.00010159066653119166,17495.0,542423.0,391466482.0,279915662.0,223238.0,262370.0,385192866.0,617939258.0
43.9,redis-benchmark,stress-ng,1,0.7109348944706271,4812.099999999999,0.0013457183648934406,14641.0,536586.0,275740395.0,387856043.0,7884144.64,0.7109348944706271,0.02728546775353811,0.0013457183648934406,1.6510613880438643,0.8731857062914702,0.00010293451406299904,14641.0,536586.0,387856043.0,275740395.0,273067.0,312725.0,385274078.0,636111154.0
44.0,redis-benchmark,stress-ng,1,0.712519575123686,4708.2,0.001335566158670389,17797.0,535845.0,276376680.0,387886438.0,7713914.88,0.712519575123686,0.033212962703766946,0.001335566158670389,1.700469366436322,0.8827856486575392,0.00010741012259719261,17797.0,535845.0,387886438.0,276376680.0,311302.0,352636.0,384824065.0,654381534.0
44.1,redis-benchmark,stress-ng,1,0.7138681877906898,5407.1,0.001356742983599141,15258.0,541516.0,276897577.0,387883340.0,8858992.64,0.7138681877906898,0.028176452773325256,0.001356742983599141,1.676422328591896,0.875884521898065,0.00010163289139490623,15258.0,541516.0,387883340.0,276897577.0,276028.0,315142.0,384855724.0,645180729.0
44.2,redis-benchmark,stress-ng,1,0.7148706924677476,7739.0,0.0013481974485490514,12835.0,535777.0,277285727.0,387882354.0,12679577.6,0.7148706924677476,0.023955862233727837,0.0013481974485490514,1.4360907801235028,0.17638920913073552,6.492310329162132e-05,12835.0,535777.0,387882354.0,277285727.0,5355.0,30359.0,385132545.0,553085297.0
44.3,redis-benchmark,stress-ng,1,0.7162295779468489,7889.0,0.0013548380629950809,12935.0,543323.0,280387438.0,391477044.0,12925337.6,0.7162295779468489,0.0238072012412506,0.0013548380629950809,1.437035828716222,0.15184940554821663,6.672612207851917e-05,12935.0,543323.0,391477044.0,280387438.0,4598.0,30280.0,384886746.0,553096044.0
44.4,redis-benchmark,stress-ng,1,0.7168539694881606,6883.8,0.001340850525796618,12629.0,523422.0,273083377.0,380947011.0,11278417.92,0.7168539694881606,0.02412775924588573,0.001340850525796618,1.4711102060162828,0.6556340555053761,7.370365578765715e-05,12629.0,523422.0,380947011.0,273083377.0,52989.0,80821.0,377620346.0,555521145.0
44.5,redis-benchmark,stress-ng,1,0.7139164169820844,5095.3,0.001374987385774086,13019.0,546016.0,276740945.0,387637738.0,8348139.5200000005,0.7139164169820844,0.023843623630076773,0.001374987385774086,1.6146852443972814,0.8507499328704592,0.00010382341354759401,13019.0,546016.0,387637738.0,276740945.0,221782.0,260690.0,374751693.0,605106029.0
44.6,redis-benchmark,stress-ng,1,0.7104251507282915,4922.0,0.0013701869383894493,15608.0,547493.0,275775860.0,388184258.0,8064204.8,0.7104251507282915,0.028508127044546687,0.0013701869383894493,1.6090703577990788,0.8541981204745032,0.00010026450988637175,15608.0,547493.0,388184258.0,275775860.0,221784.0,259640.0,377561313.0,607522717.0
44.7,redis-benchmark,stress-ng,1,0.7102385720244766,4800.0,0.0013581293990609987,17087.0,543778.0,275434921.0,387806199.0,7864320.0,0.7102385720244766,0.03142274972507163,0.0013581293990609987,1.6599891841103165,0.8723053700214091,0.00010374091103820525,17087.0,543778.0,387806199.0,275434921.0,265248.0,304077.0,374288211.0,621314382.0
44.8,redis-benchmark,stress-ng,1,0.7114820451796031,4675.8,0.0013710702405462245,17302.0,534415.0,268342645.0,377160108.0,7660830.72,0.7114820451796031,0.03237558826006007,0.0013710702405462245,1.6984811588009523,0.8881694453417981,0.00010631761004486218,17302.0,534415.0,377160108.0,268342645.0,316175.0,355985.0,374444083.0,635986220.0
44.9,redis-benchmark,stress-ng,1,0.7110125403344566,4906.9,0.001372270137550747,12989.0,525598.0,265597434.0,373548171.0,8039464.96,0.7110125403344566,0.024712803321169412,0.001372270137550747,1.6453020942317347,0.8629391956756118,9.911221768250178e-05,12989.0,525598.0,373548171.0,265597434.0,233715.0,270836.0,374535056.0,616223312.0
45.0,redis-benchmark,stress-ng,1,0.7153948631208181,7696.5,0.001372441942733418,11885.0,548736.0,279837300.0,391164816.0,12609945.6,0.7153948631208181,0.021658866923256356,0.001372441942733418,1.4352517023333806,0.15519655725946924,6.603072595077072e-05,11885.0,548736.0,391164816.0,279837300.0,4544.0,29279.0,374598335.0,537642898.0
45.1,redis-benchmark,stress-ng,1,0.7115033145944971,7664.6,0.0013788695426383282,11502.0,541789.0,273630642.0,384580980.0,12557680.64,0.7115033145944971,0.021229666899844773,0.0013788695426383282,1.4367114835548842,0.14340211548465406,6.659242123947859e-05,11502.0,541789.0,384580980.0,273630642.0,4135.0,28835.0,370913079.0,532895080.0
45.4,redis-benchmark,stress-ng,1,0.7122761454941872,5019.8,0.0013541602798144308,13896.0,539117.0,276261529.0,387857337.0,8224440.32,0.7122761454941872,0.025775481018035045,0.0013541602798144308,1.603544998665915,0.8552047712491374,0.00010035062360399231,13896.0,539117.0,387857337.0,276261529.0,221829.0,259387.0,374267729.0,600155145.0
45.5,redis-benchmark,stress-ng,1,0.7095353109060473,4907.2,0.0013805890321055222,12898.0,548421.0,275224900.0,387894578.0,8039956.4799999995,0.7095353109060473,0.0235184283606937,0.0013805890321055222,1.6122977551570694,0.8586635809244576,0.00010133116056163275,12898.0,548421.0,387894578.0,275224900.0,230777.0,268763.0,374869880.0,604401866.0
45.6,redis-benchmark,stress-ng,1,0.7158884621732423,4682.5,0.0013545896133997594,14433.0,540279.0,277904895.0,388195801.0,7671808.0,0.7158884621732423,0.02671397555707329,0.0013545896133997594,1.6815587451902496,0.8750164913585281,0.00010741411781556573,14433.0,540279.0,388195801.0,277904895.0,291825.0,333508.0,388058859.0,652543768.0
45.7,redis-benchmark,stress-ng,1,0.7111064980174461,4639.4,0.001371971348787044,14963.0,546689.0,275598914.0,387563487.0,7601192.96,0.7111064980174461,0.02737022328965829,0.001371971348787044,1.7018238254997409,0.884048570318201,0.00010764647943035198,14963.0,546689.0,387563487.0,275598914.0,316195.0,357667.0,385261090.0,655646502.0
45.8,redis-benchmark,stress-ng,1,0.7142338911212271,7555.1,0.001360646571217883,14736.0,542953.0,277272946.0,388210290.0,12378275.84,0.7142338911212271,0.027140470722143536,0.001360646571217883,1.5974898099964414,0.8552227977955682,8.866068890537424e-05,14736.0,542953.0,388210290.0,277272946.0,201582.0,235707.0,384894370.0,614864834.0
45.9,redis-benchmark,stress-ng,1,0.7113269124475498,7732.1,0.0013765237385985618,12424.0,545897.0,275675378.0,387550890.0,12668272.64,0.7113269124475498,0.022758872094919006,0.0013765237385985618,1.4363555950145788,0.19750703913442375,6.592000159002183e-05,12424.0,545897.0,387550890.0,275675378.0,6243.0,31609.0,384799748.0,552709271.0
46.1,redis-benchmark,stress-ng,1,0.7120716822120828,7757.799999999999,0.001364475400109506,14460.0,543692.0,276187552.0,387864816.0,12710379.52,0.7120716822120828,0.026595940348579712,0.001364475400109506,1.5339165791897527,0.8077918555104716,8.833440778467255e-05,14460.0,543692.0,387864816.0,276187552.0,142942.0,176954.0,385036826.0,590614371.0
46.2,redis-benchmark,stress-ng,1,0.7114789428094748,5130.599999999999,0.0013724998428607984,14501.0,546878.0,275974549.0,387888569.0,8405975.04,0.7114789428094748,0.026515968826685294,0.0013724998428607984,1.6053563335723688,0.8551060589174933,0.00010129736199012259,14501.0,546878.0,387888569.0,275974549.0,230186.0,269190.0,385044578.0,618133752.0
46.3,redis-benchmark,stress-ng,1,0.7141466153161891,4948.0,0.001363983043647264,14981.0,544040.0,277001753.0,387877989.0,8106803.2,0.7141466153161891,0.027536578192779944,0.001363983043647264,1.6155593743972614,0.858864635112744,0.0001017158251532639,14981.0,544040.0,387877989.0,277001753.0,238438.0,277620.0,385210462.0,622330373.0
46.4,redis-benchmark,stress-ng,1,0.7101387595303872,4989.4,0.0013651255120158447,13981.0,543493.0,275452324.0,387885213.0,8174632.96,0.7101387595303872,0.02572434235583531,0.0013651255120158447,1.6944196561896796,0.8875237939848806,0.00010744759292492546,13981.0,543493.0,387885213.0,275452324.0,326378.0,367740.0,384950457.0,652267621.0
46.5,redis-benchmark,stress-ng,1,0.7174477715605228,4671.5,0.0013408272171289862,15210.0,535736.0,278522254.0,388212585.0,7653785.6,0.7174477715605228,0.028390849224244778,0.0013408272171289862,1.6989522285085015,0.8859578157399917,0.00010728528656986326,15210.0,535736.0,388212585.0,278522254.0,320870.0,362173.0,384982893.0,654067544.0
46.8,redis-benchmark,stress-ng,1,0.7128665821306427,7592.0,0.0013777972040569196,13308.0,547747.0,276516531.0,387893805.0,12438732.8,0.7128665821306427,0.02429588843024243,0.0013777972040569196,1.4383884502660058,0.16112583447951961,6.49239416646519e-05,13308.0,547747.0,387893805.0,276516531.0,4803.0,29809.0,385158377.0,554007361.0
46.9,redis-benchmark,stress-ng,1,0.7130911207095102,7943.7,0.0013599081195323872,12866.0,540349.0,276594748.0,387881352.0,13014958.08,0.7130911207095102,0.023810537263879456,0.0013599081195323872,1.4380584393421847,0.1537951387737507,6.63052511259356e-05,12866.0,540349.0,387881352.0,276594748.0,4638.0,30157.0,384871478.0,553467677.0
47.0,redis-benchmark,stress-ng,1,0.7167332694600932,5507.3,0.0013344144736379784,14334.0,536723.0,280582670.0,391474321.0,9023160.32,0.7167332694600932,0.026706513415672515,0.0013344144736379784,1.5734068742750504,0.8472593179024563,9.698957426768087e-05,14334.0,536723.0,391474321.0,280582670.0,203338.0,239995.0,377947839.0,594665728.0
47.1,redis-benchmark,stress-ng,1,0.7139626049922803,4899.700000000001,0.001352903253726518,12367.0,522565.0,269244894.0,377113440.0,8027668.48,0.7139626049922803,0.023665955431381742,0.001352903253726518,1.6100874733270913,0.8549545399625446,0.00010253767739148311,12367.0,522565.0,377113440.0,269244894.0,226433.0,264848.0,374642775.0,603207639.0
47.2,redis-benchmark,stress-ng,1,0.7155592782727664,4959.599999999999,0.0013492107955342942,14746.0,519113.0,267493032.0,373823721.0,8125808.64,0.7155592782727664,0.02840614663859314,0.0013492107955342942,1.6347946806527816,0.8770383975775026,0.00010405735353982624,14746.0,519113.0,373823721.0,267493032.0,282680.0,322312.0,380866884.0,622639156.0
47.3,redis-benchmark,stress-ng,1,0.7134953851038972,4724.0,0.0013331561528131047,18675.0,530587.0,273971544.0,383985026.0,7739801.6,0.7134953851038972,0.03519686686631975,0.0013331561528131047,1.6869352835485705,0.8866067913245422,0.00010732236736632939,18675.0,530587.0,383985026.0,273971544.0,310761.0,350506.0,370332867.0,624727580.0
47.4,redis-benchmark,stress-ng,1,0.7106227420687501,4762.500000000001,0.0013329498268404001,18031.0,516445.0,265714670.0,373918050.0,7802880.000000001,0.7106227420687501,0.03491368877615235,0.0013329498268404001,1.7029027728678177,0.8930895004922313,0.00010672839786208093,18031.0,516445.0,373918050.0,265714670.0,333844.0,373808.0,374445797.0,637644786.0
47.5,redis-benchmark,stress-ng,1,0.7169201076589993,6602.4,0.0013481985085461612,13538.0,516986.0,267714281.0,373422754.0,10817372.16,0.7169201076589993,0.026186395763134786,0.0013481985085461612,1.4766484044866537,0.6829004329004329,6.980633871256955e-05,13538.0,516986.0,373422754.0,267714281.0,56790.0,83160.0,377759391.0,557817802.0
47.6,redis-benchmark,stress-ng,1,0.7137949695648862,7577.799999999999,0.0013444333841301714,11596.0,533086.0,276872728.0,387888315.0,12415467.52,0.7137949695648862,0.021752587762574892,0.0013444333841301714,1.4393304777621643,0.15314270567575627,6.640571145549991e-05,11596.0,533086.0,387888315.0,276872728.0,4622.0,30181.0,384891592.0,553986199.0
47.7,redis-benchmark,stress-ng,1,0.7171549735517638,7572.6,0.0013433883434559948,12803.0,533468.0,277952013.0,387575940.0,12406947.84,0.7171549735517638,0.023999565109809773,0.0013433883434559948,1.4386341098514455,0.151180732590903,6.570114397959516e-05,12803.0,533468.0,387575940.0,277952013.0,4507.0,29812.0,385153111.0,554094403.0
47.8,redis-benchmark,stress-ng,1,0.716285907991793,6035.0,0.001353354106714901,14410.0,539346.0,277831395.0,387877790.0,9887744.0,0.716285907991793,0.02671754309849336,0.001353354106714901,1.5971511963258918,0.863387577579045,0.00010156812786178754,14410.0,539346.0,387877790.0,277831395.0,247345.0,286482.0,385327571.0,615426391.0
47.9,redis-benchmark,stress-ng,1,0.7116277250994527,5189.9,0.0013579157829003421,18646.0,550233.0,278582849.0,391472731.0,8503132.16,0.7116277250994527,0.0338874622205502,0.0013579157829003421,1.6135388532995154,0.8660725909785462,0.00010331755057380354,18646.0,550233.0,391472731.0,278582849.0,252791.0,291882.0,378357789.0,610494993.0
48.0,redis-benchmark,stress-ng,1,0.7132393224915818,5158.8,0.0013321472683783175,17100.0,514863.0,266505178.0,373654634.0,8452177.92,0.7132393224915818,0.03321271872323317,0.0013321472683783175,1.6550281785295042,0.8701013798564327,0.00010595261135785416,17100.0,514863.0,373654634.0,266505178.0,268120.0,308148.0,377791538.0,625255641.0
48.2,redis-benchmark,stress-ng,1,0.709274708655046,4643.7,0.001350904811152243,20263.0,539984.0,272872639.0,384720667.0,7608238.08,0.709274708655046,0.03752518593143501,0.001350904811152243,1.6862297067591359,0.8868292709778277,0.00010580109604418888,20263.0,539984.0,384720667.0,272872639.0,322217.0,363336.0,388644367.0,655343677.0
48.4,redis-benchmark,stress-ng,1,0.7102970417826151,7835.900000000001,0.0013674280483356718,17133.0,528824.0,265792854.0,374199579.0,12838338.56,0.7102970417826151,0.03239830264889642,0.0013674280483356718,1.4363322761041333,0.19194399283320615,6.324252348544115e-05,17133.0,528824.0,374199579.0,265792854.0,5785.0,30139.0,385088998.0,553115757.0
48.5,redis-benchmark,stress-ng,1,0.7136664752667702,7749.700000000001,0.0013587202076871395,12676.0,533900.0,273772402.0,383613931.0,12697108.48,0.7136664752667702,0.02374227383405132,0.0013587202076871395,1.438525008652094,0.14289523682543914,6.678923272685806e-05,12676.0,533900.0,383613931.0,273772402.0,4287.0,30001.0,385002177.0,553835260.0
48.6,redis-benchmark,stress-ng,1,0.7175011732191575,6595.1,0.0013348083746683227,13308.0,531064.0,278310014.0,387887887.0,10805411.84,0.7175011732191575,0.025059126583613273,0.0013348083746683227,1.4811554120451111,0.6606065509350223,7.621419299087979e-05,13308.0,531064.0,387887887.0,278310014.0,57157.0,86522.0,385295689.0,570682795.0
48.7,redis-benchmark,stress-ng,1,0.7137445214139148,5024.8,0.001347518806535347,12944.0,535622.0,276848499.0,387881785.0,8232632.32,0.7137445214139148,0.024166296380656507,0.001347518806535347,1.6105690610661176,0.8546013726344732,0.00010654738289550481,12944.0,535622.0,387881785.0,276848499.0,241195.0,282231.0,385143200.0,620299722.0
48.8,redis-benchmark,stress-ng,1,0.7150298280703146,5015.7,0.0013381849276551461,18986.0,538044.0,277347282.0,387882115.0,8217722.88,0.7150298280703146,0.035287076893339576,0.0013381849276551461,1.6067871032726673,0.8623243862826511,0.00010322990768254542,18986.0,538044.0,387882115.0,277347282.0,249016.0,288773.0,385130636.0,618822939.0
48.9,redis-benchmark,stress-ng,1,0.7154984052260516,4841.4,0.001317152623286891,20244.0,528846.0,276280754.0,386137484.0,7932149.76,0.7154984052260516,0.038279574772239935,0.001317152623286891,1.676022164995313,0.8727351278136667,0.00011329497701832561,20244.0,528846.0,386137484.0,276280754.0,298972.0,342569.0,384809646.0,644949496.0
49.0,redis-benchmark,stress-ng,1,0.7136038790929127,4449.0,0.001338601780264987,14843.0,536392.0,278035929.0,389622222.0,7289241.6,0.7136038790929127,0.02767192650151382,0.001338601780264987,1.6975210978914024,0.8862675832556564,0.0001115211520979164,14843.0,536392.0,389622222.0,278035929.0,334683.0,377632.0,385119766.0,653748928.0
49.1,redis-benchmark,stress-ng,1,0.7081378308882136,5176.5,0.001358164081747694,13668.0,540502.0,274687787.0,387901585.0,8481177.6,0.7081378308882136,0.025287603006094336,0.001358164081747694,1.607175640714247,0.8615048325551993,9.448824511202732e-05,13668.0,540502.0,387901585.0,274687787.0,226226.0,262594.0,384894438.0,618592965.0
49.2,redis-benchmark,stress-ng,1,0.7141951028438079,7732.6,0.0013544761302988746,11725.0,537098.0,277021363.0,387879113.0,12669091.84,0.7141951028438079,0.021830280507467912,0.0013544761302988746,1.4404129891257549,0.16455446196385662,6.589872478333885e-05,11725.0,537098.0,387879113.0,277021363.0,4999.0,30379.0,385136436.0,554755525.0
49.3,redis-benchmark,stress-ng,1,0.717502592011623,7775.2,0.0013328356679191272,15963.0,537736.0,280884950.0,391475868.0,12738887.68,0.717502592011623,0.02968557061457667,0.0013328356679191272,1.4396199399198155,0.14770974448393803,6.60485380693878e-05,15963.0,537736.0,391475868.0,280884950.0,4405.0,29822.0,384823052.0,553998939.0
49.4,redis-benchmark,stress-ng,1,0.710368414084468,7189.0,0.0013675124873130024,12409.0,538363.0,273212210.0,384606360.0,11778457.6,0.710368414084468,0.02304950377347626,0.0013675124873130024,1.5265336092024573,0.790459386010201,9.598760156118104e-05,12409.0,538363.0,384606360.0,273212210.0,139324.0,176257.0,384768443.0,587361960.0
49.5,redis-benchmark,stress-ng,1,0.7160991573065565,5015.6,0.0013494848443226521,13050.0,540887.0,280094758.0,391139628.0,8217559.04,0.7160991573065565,0.024127035776419104,0.0013494848443226521,1.6084047494525497,0.8443353571889937,0.00012205297577543338,13050.0,540887.0,391139628.0,280094758.0,254904.0,301899.0,385037724.0,619296504.0
49.8,redis-benchmark,stress-ng,1,0.7149262343600393,4692.3,0.0013596350235932713,13774.0,545638.0,279665881.0,391181450.0,7687864.32,0.7149262343600393,0.02524384298747521,0.0013596350235932713,1.6976924815906447,0.8767432828443315,0.00012698355950812982,13774.0,545638.0,391181450.0,279665881.0,347648.0,396522.0,384884470.0,653415471.0
49.9,redis-benchmark,stress-ng,1,0.7088488085189291,4746.7,0.0013419859500108878,14818.0,535312.0,274929519.0,387853539.0,7776993.28,0.7088488085189291,0.02768105329228562,0.0013419859500108878,1.70106345975859,0.8735316081773717,0.00012888828178808168,14818.0,535312.0,387853539.0,274929519.0,342731.0,392351.0,384984572.0,654883188.0
50.0,redis-benchmark,stress-ng,1,0.7136618517686129,7734.8,0.0013552352763734389,13697.0,535023.0,274528331.0,384675642.0,12672696.32,0.7136618517686129,0.025600768565089724,0.0013552352763734389,1.531234083556541,0.7799091101247093,8.65673439415586e-05,13697.0,535023.0,384675642.0,274528331.0,118072.0,151392.0,384902649.0,589376055.0
50.1,redis-benchmark,stress-ng,1,0.7154496456222198,7713.5,0.0013429025270279597,12678.0,537876.0,279806401.0,391091676.0,12637798.4,0.7154496456222198,0.023570488365348148,0.0013429025270279597,1.4414872157650602,0.1568411570413372,6.56804301673137e-05,12678.0,537876.0,391091676.0,279806401.0,4701.0,29973.0,384772145.0,554644128.0
50.2,redis-benchmark,stress-ng,1,0.7111215310135872,7559.300000000001,0.0013525772475065775,12538.0,537175.0,275829471.0,387879510.0,12385157.120000001,0.7111215310135872,0.023340624563689672,0.0013525772475065775,1.4394268537143515,0.1489066413919166,6.533765498580047e-05,12538.0,537175.0,387879510.0,275829471.0,4399.0,29542.0,384816382.0,553915034.0
50.3,redis-benchmark,stress-ng,1,0.7162181602253371,5041.5,0.0013416181784595572,14195.0,534590.0,277811046.0,387886068.0,8259993.6,0.7162181602253371,0.02655305935389738,0.0013416181784595572,1.5778340251420893,0.8355457762087837,0.00010601684513311887,14195.0,534590.0,387886068.0,277811046.0,207334.0,248142.0,384919962.0,607339813.0
50.4,redis-benchmark,stress-ng,1,0.7133770317308522,5042.099999999999,0.0013511184407350944,13973.0,542916.0,279276617.0,391485294.0,8260976.64,0.7133770317308522,0.025736946415283395,0.0013511184407350944,1.6009402767465886,0.8484160890606443,0.00011314170233045018,13973.0,542916.0,391485294.0,279276617.0,239300.0,282055.0,377888958.0,604977653.0
50.5,redis-benchmark,stress-ng,1,0.7131149003370855,4895.8,0.0013622504209618296,14221.0,533279.0,271718025.0,381029796.0,8021278.720000001,0.7131149003370855,0.026667091709967953,0.0013622504209618296,1.6342716779532358,0.8600157565202969,0.00011619709969042106,14221.0,533279.0,381029796.0,271718025.0,269633.0,313521.0,377703059.0,617269412.0
50.6,redis-benchmark,stress-ng,1,0.7144274255450564,4665.400000000001,0.0013367766404920576,14704.0,513994.0,266840741.0,373502936.0,7643791.36,0.7144274255450564,0.028607337828846252,0.0013367766404920576,1.6994858002292657,0.8811716194020514,0.00011921910720929519,14704.0,513994.0,373502936.0,266840741.0,331013.0,375651.0,374419848.0,636321215.0
50.7,redis-benchmark,stress-ng,1,0.7152090598403869,4611.4,0.001329141057788288,15150.0,521005.0,272199912.0,380587897.0,7555317.76,0.7152090598403869,0.029078415754167426,0.001329141057788288,1.6987614588069406,0.8768890148232105,0.00011824915167500387,15150.0,521005.0,380587897.0,272199912.0,315659.0,359976.0,374776473.0,636655828.0
50.8,redis-benchmark,stress-ng,1,0.7149822865525282,7322.1,0.0013605075802334827,13114.0,525871.0,269467203.0,376886544.0,11996528.64,0.7149822865525282,0.024937674828997985,0.0013605075802334827,1.4847194925259497,0.6635035600294623,7.258476690498785e-05,13114.0,525871.0,376886544.0,269467203.0,54049.0,81460.0,377641221.0,560691282.0
50.9,redis-benchmark,stress-ng,1,0.7112978211789758,7715.0,0.0013601053651097184,14413.0,527342.0,268247806.0,377124459.0,12640256.0,0.7112978211789758,0.027331409218306145,0.0013601053651097184,1.4327048088767615,0.1542492278863171,6.567198666344547e-05,14413.0,527342.0,377124459.0,268247806.0,4445.0,28817.0,371117142.0,531701314.0
51.0,redis-benchmark,stress-ng,1,0.7141893944261947,7738.9,0.0013596758484497751,15094.0,523372.0,266980367.0,373822923.0,12679413.76,0.7141893944261947,0.028839907369901333,0.0013596758484497751,1.4425405035475287,0.14431556098222764,6.68421233767987e-05,15094.0,523372.0,373822923.0,266980367.0,4255.0,29484.0,377441630.0,544474839.0
51.1,redis-benchmark,stress-ng,1,0.7101689797707291,5313.0,0.0013663150205213653,16933.0,546480.0,275242420.0,387573138.0,8704819.2,0.7101689797707291,0.03098558044210218,0.0013663150205213653,1.5906379479916917,0.85208608114354,0.00010409371852361958,16933.0,546480.0,387573138.0,275242420.0,226758.0,266121.0,378149619.0,601499134.0
51.5,redis-benchmark,stress-ng,1,0.7114222152802021,4695.7,0.001357893497992974,13873.0,525506.0,268052747.0,376784336.0,7693434.88,0.7114222152802021,0.02639931799066043,0.001357893497992974,1.6999293008969787,0.8888409369581608,0.00011382929930861446,13873.0,525506.0,376784336.0,268052747.0,350126.0,393913.0,384672490.0,653916037.0
51.6,redis-benchmark,stress-ng,1,0.7148782902460317,4654.599999999999,0.0013497416624385775,16151.0,539673.0,277278625.0,387868297.0,7626096.64,0.7148782902460317,0.02992738195166332,0.0013497416624385775,1.6948289314307123,0.8861624401062638,0.0001105546412891485,16151.0,539673.0,387868297.0,277278625.0,331236.0,373787.0,384886600.0,652316945.0
51.7,redis-benchmark,stress-ng,1,0.7099754098392143,6814.700000000001,0.0013857570712963896,12645.0,550158.0,275388104.0,387884003.0,11165204.48,0.7099754098392143,0.022984306326546192,0.0013857570712963896,1.4398283384752617,0.1775640589954462,6.282575299602339e-05,12645.0,550158.0,387884003.0,275388104.0,5225.0,29426.0,385208276.0,554633792.0
51.8,redis-benchmark,stress-ng,1,0.719245060179995,7709.700000000001,0.0013434024734138642,13061.0,534158.0,278990437.0,387893435.0,12631572.48,0.719245060179995,0.024451566764889788,0.0013434024734138642,1.4405322496475959,0.15086106392192133,6.624988045290676e-05,13061.0,534158.0,387893435.0,278990437.0,4529.0,30021.0,384785600.0,554296066.0
51.9,redis-benchmark,stress-ng,1,0.7106126674212587,7794.5,0.0013598422159141557,16389.0,539425.0,273322892.0,384629918.0,12770508.8,0.7106126674212587,0.03038235157806924,0.0013598422159141557,1.4696381480677758,0.6659300526872841,7.462839221709557e-05,16389.0,539425.0,384629918.0,273322892.0,57256.0,85979.0,384880327.0,565634811.0
52.0,redis-benchmark,stress-ng,1,0.7121948757797454,5757.7,0.0013566078747010188,17508.0,552972.0,281109025.0,394708014.0,9433415.68,0.7121948757797454,0.03166163928734186,0.0013566078747010188,1.6043555612753675,0.8523441363861171,0.00010731166693431369,17508.0,552972.0,394708014.0,281109025.0,234381.0,274984.0,378365197.0,607032308.0
52.1,redis-benchmark,stress-ng,1,0.7094732456873567,5053.0,0.0013430113299134473,18159.0,524632.0,267554737.0,377117444.0,8278835.2,0.7094732456873567,0.03461283337653822,0.0013430113299134473,1.6064432959351311,0.8553703197594972,0.00010412712845170573,18159.0,524632.0,377117444.0,267554737.0,234735.0,274425.0,381168679.0,612325869.0
52.2,redis-benchmark,stress-ng,1,0.7119896606347335,5007.099999999999,0.0013385474044806118,13946.0,519107.0,268701286.0,377394927.0,8203632.64,0.7119896606347335,0.026865366870414,0.0013385474044806118,1.6680806644171877,0.8770466131922816,0.00011008422779267436,13946.0,519107.0,377394927.0,268701286.0,302439.0,344838.0,385150542.0,642462172.0
52.3,redis-benchmark,stress-ng,1,0.7147954994657909,4685.400000000001,0.001361025420953535,13420.0,521801.0,266996079.0,373527924.0,7676559.36,0.7147954994657909,0.025718616867349813,0.001361025420953535,1.7169634908842355,0.8860882016494812,0.00011406303504594764,13420.0,521801.0,373527924.0,266996079.0,332307.0,375027.0,374529750.0,643053907.0
52.4,redis-benchmark,stress-ng,1,0.7101995080624798,4681.3,0.0013591876168370016,13185.0,544854.0,277806432.0,391166748.0,7669841.920000001,0.7101995080624798,0.024199143256725654,0.0013591876168370016,1.6331658515091472,0.8697937528547838,9.989095637099801e-05,13185.0,544854.0,391166748.0,277806432.0,247552.0,284610.0,370984535.0,605879274.0
52.5,redis-benchmark,stress-ng,1,0.7159569206484981,6419.700000000001,0.0013578762654617579,11732.0,523798.0,269993081.0,377107998.0,10518036.48,0.7159569206484981,0.02239794730029515,0.0013578762654617579,1.4440041851927827,0.1724393032483691,6.52117941017387e-05,11732.0,523798.0,377107998.0,269993081.0,5128.0,29738.0,377385722.0,544946562.0
52.6,redis-benchmark,stress-ng,1,0.7152507221771637,7763.4,0.0013458970744113477,12646.0,530269.0,275080637.0,384593302.0,12719554.559999999,0.7152507221771637,0.023848273234905303,0.0013458970744113477,1.437335159663254,0.15118291979226775,6.6189901917481e-05,12646.0,530269.0,384593302.0,275080637.0,4454.0,29461.0,377806875.0,543035105.0
52.8,redis-benchmark,stress-ng,1,0.7177180604844495,6110.900000000001,0.0013509954095910774,12183.0,536241.0,278406491.0,387905093.0,10012098.56,0.7177180604844495,0.022719262421187488,0.0013509954095910774,1.6104962738379351,0.8574392865391106,0.00010619713215125022,12183.0,536241.0,387905093.0,278406491.0,241322.0,281445.0,377816229.0,608471629.0
53.0,redis-benchmark,stress-ng,1,0.7100845897256474,5054.5,0.0013552940976712992,14418.0,530374.0,270326865.0,380696707.0,8281292.8,0.7100845897256474,0.02718459049651755,0.0013552940976712992,1.611053234467074,0.8590832556344498,0.00010628380044131994,14418.0,530374.0,380696707.0,270326865.0,251537.0,292797.0,388205915.0,625420395.0
53.1,redis-benchmark,stress-ng,1,0.7122224394270298,4794.9,0.00136562850329643,15765.0,550785.0,279031412.0,391775654.0,7855964.16,0.7122224394270298,0.02862278384487595,0.00136562850329643,1.676329887725734,0.8755109093292341,0.00011058187751017859,15765.0,550785.0,391775654.0,279031412.0,293888.0,335676.0,377891938.0,633471550.0
53.2,redis-benchmark,stress-ng,1,0.7122548070518578,4709.2,0.0013434595119063138,14092.0,516416.0,266314452.0,373903341.0,7715553.279999999,0.7122548070518578,0.027288077828727227,0.0013434595119063138,1.692003185201457,0.8863061975610677,0.00011064549064180957,14092.0,516416.0,373903341.0,266314452.0,328949.0,371146.0,381371168.0,645281231.0
53.3,redis-benchmark,stress-ng,1,0.7146940768304207,6380.8,0.0013181076905568697,15064.0,511679.0,269270714.0,376763601.0,10454302.72,0.7146940768304207,0.02944033270859269,0.0013181076905568697,1.6031541829307878,0.8431562067526306,9.447857770498861e-05,15064.0,511679.0,376763601.0,269270714.0,191915.0,227615.0,377863436.0,605773348.0
53.4,redis-benchmark,stress-ng,1,0.710252600645766,7770.5,0.0013612268477860877,12915.0,540926.0,275502343.0,387893466.0,12731187.2,0.710252600645766,0.023875724221057965,0.0013612268477860877,1.4369519177003724,0.15857383068528877,6.548988133925258e-05,12915.0,540926.0,387893466.0,275502343.0,4621.0,29141.0,374408985.0,538007709.0
53.5,redis-benchmark,stress-ng,1,0.7190232821316347,7822.1,0.0013364590758274655,13109.0,535819.0,281221226.0,391115605.0,12815728.64,0.7190232821316347,0.024465351172690778,0.0013364590758274655,1.43830027289542,0.15897453173426762,6.549101828656661e-05,13109.0,535819.0,391115605.0,281221226.0,4719.0,29684.0,381197310.0,548276195.0
53.6,redis-benchmark,stress-ng,1,0.7161286045108533,6410.0,0.001331005143579024,12505.0,514888.0,270300110.0,377446325.0,10502144.0,0.7161286045108533,0.024286835195226925,0.001331005143579024,1.5309112191464134,0.7877736682718562,8.879079221492387e-05,12505.0,514888.0,377446325.0,270300110.0,126945.0,161144.0,385163812.0,589651601.0
53.7,redis-benchmark,stress-ng,1,0.7137536366190176,5142.3,0.0013408217064874981,14109.0,519300.0,268926071.0,376777164.0,8425144.32,0.7137536366190176,0.027169266320046216,0.0013408217064874981,1.6147031517071637,0.8512778199009857,0.00010390239116367988,14109.0,519300.0,376777164.0,268926071.0,229038.0,269052.0,385111445.0,621840664.0
53.8,redis-benchmark,stress-ng,1,0.7168554478928245,5022.1,0.0013298144383148177,13916.0,529718.0,278050428.0,387875169.0,8228208.640000001,0.7168554478928245,0.02627058170573777,0.0013298144383148177,1.6157694836819065,0.8592237219580051,0.00010547261266203105,13916.0,529718.0,387875169.0,278050428.0,247691.0,288273.0,384763390.0,621688944.0
53.9,redis-benchmark,stress-ng,1,0.7121914276395941,4794.6,0.0013295596950250554,14747.0,530473.0,276253588.0,387892324.0,7855472.640000001,0.7121914276395941,0.0277997183645539,0.0013295596950250554,1.6977485072318066,0.8835214591758458,0.00011311364003714313,14747.0,530473.0,387892324.0,276253588.0,330551.0,374129.0,385258577.0,654072174.0
54.0,redis-benchmark,stress-ng,1,0.7155366269051052,4671.5,0.0013339935839296647,14564.0,531984.0,277537288.0,387872930.0,7653785.6,0.7155366269051052,0.027376763210923638,0.0013339935839296647,1.7016216444142467,0.8872624723024239,0.00011328964304002001,14564.0,531984.0,387872930.0,277537288.0,343564.0,387218.0,385330899.0,655687398.0
54.1,redis-benchmark,stress-ng,1,0.7111150229636624,5563.9,0.0013458226766673972,13214.0,535256.0,275840135.0,387898056.0,9115893.76,0.7111150229636624,0.024687252454900086,0.0013458226766673972,1.528850359750679,0.7851114030803519,8.117950697447191e-05,13214.0,535256.0,387898056.0,275840135.0,114134.0,145373.0,384813867.0,588322819.0
54.2,redis-benchmark,stress-ng,1,0.7134148925319843,7703.3,0.0013659519595276702,13100.0,542909.0,276710779.0,387867960.0,12621086.72,0.7134148925319843,0.024129273966723704,0.0013659519595276702,1.4398547914719275,0.152238096854108,6.491744222190423e-05,13100.0,542909.0,387867960.0,276710779.0,4486.0,29467.0,384811834.0,554073163.0
54.4,redis-benchmark,stress-ng,1,0.7130210813996275,6817.3,0.0013518155335819043,12743.0,537090.0,276569144.0,387883544.0,11169464.32,0.7130210813996275,0.023726004952615017,0.0013518155335819043,1.4405203930922434,0.14742385616530257,6.599295759568596e-05,12743.0,537090.0,387883544.0,276569144.0,4395.0,29812.0,385147157.0,554812334.0
54.5,redis-benchmark,stress-ng,1,0.7126374809735314,5103.9,0.0013445277046443371,12401.0,533920.0,276419731.0,387882673.0,8362229.76,0.7126374809735314,0.02322632604135451,0.0013445277046443371,1.5824355532931291,0.8361567125734107,9.918589367175001e-05,12401.0,533920.0,387882673.0,276419731.0,194771.0,232936.0,384782539.0,608893570.0
54.6,redis-benchmark,stress-ng,1,0.7086684870462677,5022.0,0.001388654616361919,12901.0,541685.0,269852959.0,380788710.0,8228044.8,0.7086684870462677,0.02381642467485716,0.001388654616361919,1.6125329056691797,0.85362951638898,0.00010545493662558611,12901.0,541685.0,380788710.0,269852959.0,236755.0,277351.0,384960641.0,620761701.0
54.7,redis-benchmark,stress-ng,1,0.705983396549386,4785.299999999999,0.0013806059929055469,13555.0,558872.0,278852004.0,394983799.0,7840235.52,0.705983396549386,0.02425421205571222,0.0013806059929055469,1.6422792011129956,0.8661549733555828,0.0001076785686496745,13555.0,558872.0,394983799.0,278852004.0,268353.0,309821.0,385109131.0,632456716.0
54.8,redis-benchmark,stress-ng,1,0.7156773924042661,4660.8,0.0013413244374549575,14426.0,534713.0,277604458.0,387890495.0,7636254.72,0.7156773924042661,0.026978958805938886,0.0013413244374549575,1.6941717020667495,0.8821242433861572,0.00011285637705807295,14426.0,534713.0,387890495.0,277604458.0,325136.0,368583.0,384976030.0,652215496.0
54.9,redis-benchmark,stress-ng,1,0.7105013616243028,5129.2,0.0013524330054849587,13850.0,538414.0,275579962.0,387866902.0,8403681.28,0.7105013616243028,0.025723699606622415,0.0013524330054849587,1.7016927592536952,0.8838707060875208,0.00011155090811038417,13850.0,538414.0,387866902.0,275579962.0,326904.0,369855.0,385034965.0,655211212.0
55.0,redis-benchmark,stress-ng,1,0.7144585527541375,7742.4,0.0013380175794863185,12928.0,531927.0,277128851.0,387886533.0,12685148.16,0.7144585527541375,0.024304086838983545,0.0013380175794863185,1.4497653789336067,0.3711895092234672,6.674799333034272e-05,12928.0,531927.0,387886533.0,277128851.0,15172.0,40874.0,385060265.0,558247041.0
55.1,redis-benchmark,stress-ng,1,0.7135727752706623,7738.7,0.0013510908216886439,11794.0,526148.0,271653841.0,380695355.0,12679086.08,0.7135727752706623,0.02241574613986939,0.0013510908216886439,1.4372463094177417,0.15863426554439317,6.438952743582959e-05,11794.0,526148.0,380695355.0,271653841.0,4674.0,29464.0,385000496.0,553340542.0
55.2,redis-benchmark,stress-ng,1,0.7107737147906701,7345.299999999999,0.0013659373365424738,13952.0,544064.0,275846970.0,388093938.0,12034539.52,0.7107737147906701,0.025644041877426187,0.0013659373365424738,1.466217625089079,0.5761667815712959,7.342686410013754e-05,13952.0,544064.0,388093938.0,275846970.0,38443.0,66722.0,385131523.0,564686627.0
55.3,redis-benchmark,stress-ng,1,0.7155280918014785,4933.8,0.0013456667109250716,14464.0,521646.0,269682653.0,376900161.0,8083537.92,0.7155280918014785,0.0277276160461309,0.0013456667109250716,1.6100459857870568,0.8593871762102179,0.00010546754382529226,14464.0,521646.0,376900161.0,269682653.0,248130.0,288729.0,384943069.0,619776043.0
55.4,redis-benchmark,stress-ng,1,0.710646462613327,5125.900000000001,0.0013575228300571627,14052.0,526116.0,268059190.0,377204706.0,8398274.56,0.710646462613327,0.026708938713135507,0.0013575228300571627,1.6040446243181814,0.8640797938158425,0.0001033131029074579,14052.0,526116.0,377204706.0,268059190.0,252790.0,292554.0,384888256.0,617377938.0
55.5,redis-benchmark,stress-ng,1,0.7145544420673272,4791.2,0.0013415247628865076,14426.0,534664.0,277101388.0,387796047.0,7849902.08,0.7145544420673272,0.026981431328834557,0.0013415247628865076,1.6687798209726294,0.8763009270770433,0.00010852016511892344,14426.0,534664.0,387796047.0,277101388.0,296046.0,337836.0,385089720.0,642629954.0
55.6,redis-benchmark,stress-ng,1,0.7106223338518717,4558.2,0.001350197157071841,14876.0,538594.0,275638047.0,387882612.0,7468154.88,0.7106223338518717,0.027620062607455708,0.001350197157071841,1.6982860844511478,0.8837909872184507,0.0001129975333537484,14876.0,538594.0,387882612.0,275638047.0,330932.0,374446.0,385088052.0,653989680.0
55.8,redis-benchmark,stress-ng,1,0.715560467528607,7723.200000000001,0.0013412682728833989,16022.0,537077.0,277980451.0,388479330.0,12653690.88,0.715560467528607,0.029831849064473063,0.0013412682728833989,1.633835631166756,0.8647057999733914,0.00010034759328127176,16022.0,537077.0,388479330.0,277980451.0,246979.0,285622.0,385091448.0,629176129.0
55.9,redis-benchmark,stress-ng,1,0.7124164762754509,7726.2,0.0013608509262515297,12551.0,540023.0,276135862.0,387604542.0,12658606.08,0.7124164762754509,0.023241602672478764,0.0013608509262515297,1.439757722484731,0.21272416196692226,6.455717707427279e-05,12551.0,540023.0,387604542.0,276135862.0,6714.0,31562.0,384899110.0,554161466.0
56.0,redis-benchmark,stress-ng,1,0.7119257678613535,7697.1,0.0013651812477247574,13069.0,547203.0,278544522.0,391255008.0,12610928.64,0.7119257678613535,0.023883275493738157,0.0013651812477247574,1.4413021098388799,0.14810314567301203,6.553703409903568e-05,13069.0,547203.0,391255008.0,278544522.0,4388.0,29628.0,385125759.0,555082569.0
56.1,redis-benchmark,stress-ng,1,0.7145398465434091,5020.1,0.0013763937996083755,12177.0,541378.0,274728934.0,384483714.0,8224931.84,0.7145398465434091,0.02249260221139389,0.0013763937996083755,1.5186119877027577,0.7849230789433942,8.504377239780578e-05,12177.0,541378.0,384483714.0,274728934.0,119543.0,152299.0,385166357.0,584918247.0
56.2,redis-benchmark,stress-ng,1,0.7124343397579569,5003.2,0.0013511009848878764,14062.0,538273.0,276415991.0,387988023.0,8197242.88,0.7124343397579569,0.02612429009071605,0.0013511009848878764,1.615275245734766,0.8549357887781194,0.00010494001196467851,14062.0,538273.0,387988023.0,276415991.0,238062.0,278456.0,384924675.0,621759299.0
56.3,redis-benchmark,stress-ng,1,0.7121707324644713,4899.2,0.0013739417283644782,12944.0,545732.0,276166021.0,387780638.0,8026849.28,0.7121707324644713,0.023718601804548753,0.0013739417283644782,1.614124700686062,0.8569237471511844,0.00010323810730919434,12944.0,545732.0,387780638.0,276166021.0,238008.0,277747.0,384925693.0,621318069.0
56.4,redis-benchmark,stress-ng,1,0.7110220855222917,4688.2,0.001362544682470949,13330.0,541843.0,275796031.0,387886729.0,7681146.88,0.7110220855222917,0.024601222125228157,0.001362544682470949,1.6914688074539195,0.8804181130654797,0.00011212154139124064,13330.0,541843.0,387886729.0,275796031.0,318044.0,361242.0,385278328.0,651686274.0
56.6,redis-benchmark,stress-ng,1,0.7120411726787822,4561.5,0.0013674444023082791,13373.0,543900.0,276250403.0,387969704.0,7473561.6,0.7120411726787822,0.024587240301526016,0.0013674444023082791,1.54937565497194,0.8201709306222769,8.364237814603541e-05,13373.0,543900.0,387969704.0,276250403.0,146827.0,179020.0,384888626.0,596337067.0
56.7,redis-benchmark,stress-ng,1,0.710561426469362,7002.6,0.0013566563775312813,11475.0,537567.0,275545590.0,387785742.0,11473059.84,0.710561426469362,0.021346176383594977,0.0013566563775312813,1.441188082032402,0.15729847494553376,6.5280619239356e-05,11475.0,537567.0,387785742.0,275545590.0,4693.0,29835.0,385137278.0,555055255.0
56.8,redis-benchmark,stress-ng,1,0.7163238370269973,7739.0,0.0013386499239423843,12495.0,531767.0,277867204.0,387907242.0,12679577.6,0.7163238370269973,0.02349713314289905,0.0013386499239423843,1.4397972878143055,0.15244718712247363,6.737361010004697e-05,12495.0,531767.0,387907242.0,277867204.0,4669.0,30627.0,385284386.0,554731414.0
56.9,redis-benchmark,stress-ng,1,0.710555910561783,7772.5,0.0013398554992621384,16052.0,531057.0,273118890.0,384373539.0,12734464.0,0.710555910561783,0.03022651052523552,0.0013398554992621384,1.5689262738911487,0.8245379857494689,9.696922268510545e-05,16052.0,531057.0,384373539.0,273118890.0,175432.0,212764.0,384988133.0,604017997.0
57.2,redis-benchmark,stress-ng,1,0.7101604761161395,4944.9,0.0013554754632243828,13257.0,538899.0,275394268.0,387791601.0,8101724.16,0.7101604761161395,0.024600156986745197,0.0013554754632243828,1.6354047129923355,0.8643806853248182,0.00010805089625055725,13257.0,538899.0,387791601.0,275394268.0,257703.0,298136.0,374203282.0,611973811.0
57.3,redis-benchmark,stress-ng,1,0.7167842203028821,4687.799999999999,0.0013101144933243378,14118.0,503560.0,267781407.0,373587196.0,7680491.52,0.7167842203028821,0.02803638096751132,0.0013101144933243378,1.698844802857811,0.8809561900591936,0.00011328759024354576,14118.0,503560.0,373587196.0,267781407.0,313875.0,356289.0,374392287.0,636034391.0
57.4,redis-benchmark,stress-ng,1,0.7157885861723526,4641.9,0.0013226020877252877,13308.0,515894.0,271998151.0,379997888.0,7605288.96,0.7157885861723526,0.02579599685206651,0.0013226020877252877,1.6942441603930563,0.8833447113653101,0.0001137746326188592,13308.0,515894.0,379997888.0,271998151.0,328659.0,372062.0,381482225.0,646324032.0
57.5,redis-benchmark,stress-ng,1,0.710706463156597,6704.8,0.0013713722634715114,12708.0,535739.0,271058065.0,381392430.0,10985144.32,0.710706463156597,0.023720505694003982,0.0013713722634715114,1.5030568270271831,0.7252458201017714,7.664517466594811e-05,12708.0,535739.0,381392430.0,271058065.0,75823.0,104548.0,374778975.0,563314097.0
57.6,redis-benchmark,stress-ng,1,0.7144627943334022,7772.0,0.0013581853365505776,11673.0,518996.0,266873304.0,373530023.0,12733644.8,0.7144627943334022,0.022491502824684585,0.0013581853365505776,1.4357135488338273,0.1495887355360379,6.464594088481609e-05,11673.0,518996.0,373530023.0,266873304.0,4292.0,28692.0,377440558.0,541896523.0
57.7,redis-benchmark,stress-ng,1,0.7120452667194399,7735.5,0.0013625812384397773,12875.0,541394.0,276188635.0,387880726.0,12673843.2,0.7120452667194399,0.023781201860382642,0.0013625812384397773,1.4439634027995902,0.14971028163320307,6.744615034155221e-05,12875.0,541394.0,387880726.0,276188635.0,4444.0,29684.0,374224472.0,540366442.0
57.8,redis-benchmark,stress-ng,1,0.7145986796023033,5885.8,0.0013506462222979262,13077.0,517578.0,266920932.0,373525644.0,9643294.72,0.7145986796023033,0.025265757045314908,0.0013506462222979262,1.592877151950214,0.8477873184949015,0.00010098202434771126,13077.0,517578.0,373525644.0,266920932.0,210598.0,248409.0,374432977.0,596425734.0
57.9,redis-benchmark,stress-ng,1,0.7130896035276435,5060.7,0.001342075884832896,12892.0,523423.0,271262119.0,380403974.0,8291450.88,0.7130896035276435,0.024630174829917677,0.001342075884832896,1.6200013216843787,0.8592641271200833,0.0001028762374332068,12892.0,523423.0,380403974.0,271262119.0,232742.0,270862.0,370542323.0,600279053.0
58.0,redis-benchmark,stress-ng,1,0.7114348403948374,5005.900000000001,0.0013746793144258837,14627.0,538776.0,271261709.0,381288199.0,8201666.5600000005,0.7114348403948374,0.027148573804326843,0.0013746793144258837,1.6328626455486452,0.8618013244098544,0.0001053815964401488,14627.0,538776.0,381288199.0,271261709.0,244275.0,283447.0,371715758.0,606960776.0
58.1,redis-benchmark,stress-ng,1,0.7095277205003789,4772.200000000001,0.0013548764098835014,14101.0,553417.0,282431408.0,398055495.0,7818772.48,0.7095277205003789,0.025479882258766896,0.0013548764098835014,1.712820959990865,0.8863629250991029,0.00011446309521249521,14101.0,553417.0,398055495.0,282431408.0,339867.0,383440.0,380672914.0,652024546.0
58.2,redis-benchmark,stress-ng,1,0.7116116933855612,4568.0,0.0013511015585288347,14055.0,523565.0,268353827.0,377107107.0,7484211.2,0.7116116933855612,0.026844804370040012,0.0013511015585288347,1.6927068208648162,0.8783955618734015,0.00011362714594600779,14055.0,523565.0,377107107.0,268353827.0,304639.0,346813.0,371161307.0,628267276.0
58.3,redis-benchmark,stress-ng,1,0.7188260566809085,6393.099999999999,0.001334532388370789,11997.0,515254.0,271071911.0,377103624.0,10474455.04,0.7188260566809085,0.02328366203852857,0.001334532388370789,1.4706732892041754,0.5902509575803812,6.951648538110458e-05,11997.0,515254.0,377103624.0,271071911.0,37138.0,62919.0,370861672.0,545416355.0
58.4,redis-benchmark,stress-ng,1,0.7110857078483316,7734.700000000001,0.001368380972269097,12104.0,528146.0,268163690.0,377118661.0,12672532.48,0.7110857078483316,0.022917905276192568,0.001368380972269097,1.4346040107674498,0.1518471507782751,6.661258311852512e-05,12104.0,528146.0,377118661.0,268163690.0,4546.0,29938.0,381189241.0,546855614.0
58.5,redis-benchmark,stress-ng,1,0.7175100989979603,7831.900000000001,0.0013411489746508957,13345.0,519506.0,270794398.0,377408483.0,12831784.96,0.7175100989979603,0.025687865010221248,0.0013411489746508957,1.4431507083564983,0.289818658509941,6.752843412171993e-05,13345.0,519506.0,377408483.0,270794398.0,10612.0,36616.0,385082230.0,555731693.0
58.6,redis-benchmark,stress-ng,1,0.7108723695436342,6236.2,0.0013453365161675216,13132.0,515642.0,265524997.0,373519929.0,10217390.08,0.7108723695436342,0.025467281563565418,0.0013453365161675216,1.622066932958177,0.8583053631364708,0.00010598320275069288,13132.0,515642.0,373519929.0,265524997.0,240377.0,280060.0,374427258.0,607346074.0
58.7,redis-benchmark,stress-ng,1,0.7112194660984029,5032.200000000001,0.001349087875758688,13682.0,541392.0,278201021.0,391160583.0,8244756.48,0.7112194660984029,0.02527189171616869,0.001349087875758688,1.6026276809837638,0.8591120215503981,0.00010117154967977458,13682.0,541392.0,391160583.0,278201021.0,228986.0,266538.0,371171541.0,594849786.0
58.8,redis-benchmark,stress-ng,1,0.7137231392343131,4908.2,0.0013489100539794718,13399.0,522103.0,269160879.0,377122254.0,8041594.88,0.7137231392343131,0.025663518501138665,0.0013489100539794718,1.6496943340752728,0.8668413927401983,0.00010767604235479485,13399.0,522103.0,377122254.0,269160879.0,259964.0,299898.0,370871729.0,611824990.0
59.1,redis-benchmark,stress-ng,1,0.7168695496582733,5862.6,0.001321910026206431,14331.0,513278.0,270578106.0,377443994.0,9605283.84,0.7168695496582733,0.027920542084406502,0.001321910026206431,1.703128232881947,0.8825595391862108,0.00011301083265185646,14331.0,513278.0,377443994.0,270578106.0,321144.0,363878.0,378140741.0,644022172.0
59.2,redis-benchmark,stress-ng,1,0.7154721634916877,7709.8,0.0013318715928339639,11913.0,513715.0,269564547.0,376764549.0,12631736.32,0.7154721634916877,0.023189901015154318,0.0013318715928339639,1.4365214594744782,0.17448930791828926,6.457740527018273e-05,11913.0,513715.0,376764549.0,269564547.0,5108.0,29274.0,374217575.0,537571577.0
59.3,redis-benchmark,stress-ng,1,0.7145888828419535,7738.4,0.0013577374740075063,12684.0,539334.0,277180414.0,387887946.0,12678594.559999999,0.7145888828419535,0.023517894291848834,0.0013577374740075063,1.4363021246977965,0.14482758620689656,6.568402511957675e-05,12684.0,539334.0,387887946.0,277180414.0,4242.0,29290.0,381340820.0,547720630.0
59.4,redis-benchmark,stress-ng,1,0.7123663774894684,6620.700000000001,0.0013504953787994392,12737.0,522014.0,268636100.0,377103845.0,10847354.88,0.7123663774894684,0.02439972874290728,0.0013504953787994392,1.470622561997889,0.5675713399503722,7.37773931911359e-05,12737.0,522014.0,377103845.0,268636100.0,36597.0,64480.0,377934199.0,555798560.0
59.5,redis-benchmark,stress-ng,1,0.7137311595278993,5053.7,0.0013352684053214178,13244.0,516785.0,269154052.0,377108451.0,8279982.08,0.7137311595278993,0.02562767882194723,0.0013352684053214178,1.604325976245637,0.8646611396425922,0.00010030593028470659,13244.0,516785.0,377108451.0,269154052.0,240087.0,277666.0,374643851.0,601050862.0
59.6,redis-benchmark,stress-ng,1,0.7140424806672866,5071.7,0.001343256347588426,14363.0,535408.0,276974879.0,387896920.0,8309473.28,0.7140424806672866,0.026826270806562472,0.001343256347588426,1.6089546183160068,0.8573128596002135,0.00010102261347199243,14363.0,535408.0,387896920.0,276974879.0,231255.0,269744.0,380993905.0,613001903.0
59.7,redis-benchmark,stress-ng,1,0.7109887303548694,4744.4,0.0013706698912689802,12954.0,529846.0,268120274.0,377109035.0,7773224.96,0.7109887303548694,0.024448613370677517,0.0013706698912689802,1.665948478249483,0.8723465625873212,0.00011038526708214992,12954.0,529846.0,377109035.0,268120274.0,290337.0,332823.0,384888320.0,641204111.0
59.8,redis-benchmark,stress-ng,1,0.7167524081461146,4558.8,0.0013328574240765766,13175.0,506374.0,265220844.0,370031326.0,7469137.92,0.7167524081461146,0.026018318476067098,0.0013328574240765766,1.6962448602344395,0.8852123908324838,0.00011193099656144687,13175.0,506374.0,370031326.0,265220844.0,329114.0,371791.0,381279550.0,646743477.0
59.9,redis-benchmark,stress-ng,1,0.7132079048406194,5255.700000000001,0.0013395608559868485,12775.0,517788.0,268878612.0,376998923.0,8610938.88,0.7132079048406194,0.024672259689293687,0.0013395608559868485,1.6592786232411352,0.8637582410649506,0.00010465499640819404,12775.0,517788.0,376998923.0,268878612.0,246438.0,285309.0,371420394.0,616289920.0
60.0,redis-benchmark,stress-ng,1,0.715635314219421,6485.2,0.0013376769886381324,12693.0,493346.0,257141495.0,359319181.0,10625351.68,0.715635314219421,0.025728393460167913,0.0013376769886381324,1.4359642968233914,0.17701562219428982,6.372258215359382e-05,12693.0,493346.0,359319181.0,257141495.0,4929.0,27845.0,359621334.0,516403396.0
