time_step,victim,attacker,run_id,IPC,Total_MB_per_sec,cache_dominance_score,LLC-load-misses,LLC-loads,instructions,cycles,cas_count_total,victim_IPC,victim_miss_rate,victim_cache_dominance,attacker_IPC,attacker_miss_rate,attacker_cache_dominance,victim_LLC-load-misses,victim_LLC-loads,victim_cycles,victim_instructions,attacker_LLC-load-misses,attacker_LLC-loads,attacker_cycles,attacker_instructions
0.1,x264,STREAM,5,1.9045990968641826,11776.399999999998,0.0008688968773938875,587985.0,897062.0,677488653.0,355711947.0,19294453.759999998,1.9045990968641826,0.6554563675643378,0.0008688968773938875,1.2886510725063023,0.8103516811698677,0.00024358570409922713,587985.0,897062.0,355711947.0,677488653.0,393446.0,485525.0,378014795.0,487129171.0
0.2,x264,STREAM,5,2.0313089895349346,3751.2,0.0011504772187916133,509363.0,919086.0,723416335.0,356133084.0,6145966.08,2.0313089895349346,0.5542060264219018,0.0011504772187916133,0.5656927076421512,0.5941051820458486,2.793007926426588e-05,509363.0,919086.0,356133084.0,723416335.0,15420.0,25955.0,377191912.0,213374714.0
0.3,x264,STREAM,5,1.927187095824418,15043.900000000001,0.001050770162094771,486621.0,860805.0,686280028.0,356104516.0,24647925.76,1.927187095824418,0.5653092163730462,0.001050770162094771,0.9145109472131444,0.9677561021133011,9.350182952717877e-05,486621.0,860805.0,356104516.0,686280028.0,1057740.0,1092982.0,376912411.0,344690526.0
0.4,x264,STREAM,5,1.9036066559343492,18615.3,0.0008333005729327591,561215.0,858204.0,678446956.0,356400811.0,30499307.52,1.9036066559343492,0.653941254060806,0.0008333005729327591,0.884720081423994,0.952328407188447,0.000136418967374646,561215.0,858204.0,356400811.0,678446956.0,1027889.0,1079343.0,377176290.0,333695438.0
0.5,x264,STREAM,5,1.8997236158489328,17839.0,0.0008229409091928114,586706.0,879049.0,674861214.0,355241788.0,29227417.6,1.8997236158489328,0.6674326459617155,0.0008229409091928114,0.9732681149183824,0.9570211815452263,0.0001362072329497975,586706.0,879049.0,355241788.0,674861214.0,1143959.0,1195333.0,377175271.0,367092665.0
0.6,x264,STREAM,5,1.8880689911852973,17756.9,0.0008073857235305501,578831.0,866487.0,672682657.0,356280761.0,29092904.96,1.8880689911852973,0.6680204088462954,0.0008073857235305501,0.8822668133142464,0.9527781226266285,0.0001371500411800083,578831.0,866487.0,356280761.0,672682657.0,1043757.0,1095488.0,377185450.0,332778205.0
0.7,x264,STREAM,5,1.8814442744300957,18751.199999999997,0.000802235299771462,591923.0,877912.0,670716393.0,356490172.0,30721966.08,1.8814442744300957,0.6742395593180182,0.000802235299771462,0.8796155275149391,0.9508556007847322,0.00013214401404470886,591923.0,877912.0,356490172.0,670716393.0,964024.0,1013849.0,377050753.0,331659697.0
0.8,x264,STREAM,5,1.9046022419755566,17783.5,0.0008109372430505646,581149.0,870048.0,678520672.0,356253215.0,29136486.4,1.9046022419755566,0.6679505038802457,0.0008109372430505646,1.0592645395582607,0.9537993080818888,0.00013732065628116325,581149.0,870048.0,356253215.0,678520672.0,1069705.0,1121520.0,377328520.0,399690721.0
0.9,x264,STREAM,5,2.006895110769817,9459.8,0.0011131870354120844,516824.0,910140.0,709084756.0,353324273.0,15498936.32,2.006895110769817,0.5678510998307953,0.0011131870354120844,1.075787954897016,0.30404137002798143,0.00021111727859223146,516824.0,910140.0,353324273.0,709084756.0,34336.0,112932.0,372285966.0,400500758.0
1.0,x264,STREAM,5,2.287564434183645,3017.9999999999995,0.0012314528016039617,365337.0,802821.0,812676570.0,355258439.0,4944691.199999999,2.287564434183645,0.4550665715022402,0.0012314528016039617,0.6416524205944161,0.9611793498470754,3.5711971817629723e-05,365337.0,802821.0,355258439.0,812676570.0,333436.0,346903.0,377100432.0,241967405.0
1.2,x264,STREAM,5,1.875730647246092,18376.399999999998,0.0008281695805291791,577573.0,871836.0,666479596.0,355317325.0,30107893.759999998,1.875730647246092,0.6624789524635367,0.0008281695805291791,0.9719907769041561,0.960822456581479,0.00012229099785683698,577573.0,871836.0,355317325.0,666479596.0,1131085.0,1177205.0,377133238.0,366570029.0
1.3,x264,STREAM,5,1.8807025955779517,18109.9,0.0008230897942357216,586238.0,879401.0,669856945.0,356173776.0,29671260.16,1.8807025955779517,0.6666333106284846,0.0008230897942357216,0.8931368671040788,0.9543578955361427,0.00014025688182475366,586238.0,879401.0,356173776.0,669856945.0,1106013.0,1158908.0,377129445.0,336828211.0
1.4,x264,STREAM,5,1.9150066320040007,17778.600000000002,0.0008934275884981349,568042.0,885670.0,680815921.0,355516221.0,29128458.240000002,1.9150066320040007,0.6413698104260052,0.0008934275884981349,0.8954983108536626,0.9524096830959881,0.00012802954556863214,568042.0,885670.0,355516221.0,680815921.0,966072.0,1014345.0,377045781.0,337643860.0
1.5,x264,STREAM,5,1.9150918504783203,18344.8,0.0009040358001016042,546610.0,868843.0,682612118.0,356438318.0,30056120.32,1.9150918504783203,0.6291240189539422,0.0009040358001016042,0.8694057684678399,0.9512738235260532,0.00013578482415142642,546610.0,868843.0,356438318.0,682612118.0,999648.0,1050852.0,377096633.0,327849988.0
1.6,x264,STREAM,5,1.8938636005659606,18206.0,0.0007786994394465598,552449.0,830687.0,676698600.0,357311160.0,29828710.4,1.8938636005659606,0.6650507351144294,0.0007786994394465598,0.9884112704969094,0.9568603533982205,0.00013687845237962687,552449.0,830687.0,357311160.0,676698600.0,1145314.0,1196950.0,377239800.0,372868070.0
1.7,x264,STREAM,5,1.8880889800132814,7676.0999999999985,0.000806485397140879,594400.0,880648.0,670144427.0,354932651.0,12576522.239999998,1.8880889800132814,0.6749575312724266,0.000806485397140879,1.3557754548409309,0.8631854916048499,0.00028350912818506015,594400.0,880648.0,354932651.0,670144427.0,666065.0,771636.0,372372490.0,504853482.0
1.8,x264,STREAM,5,1.9434780049797808,4214.5,0.0009780436489541782,549208.0,897487.0,692067861.0,356097604.0,6905036.8,1.9434780049797808,0.6119397829717867,0.0009780436489541782,0.6082407363804648,0.4220932520165257,3.1143074643061334e-05,549208.0,897487.0,356097604.0,692067861.0,8582.0,20332.0,377290943.0,229483721.0
1.9,x264,STREAM,5,1.946767037808199,17982.0,0.0011181318765333135,515283.0,915644.0,697064107.0,358062415.0,29461708.799999997,1.946767037808199,0.5627547387412575,0.0011181318765333135,0.8068202099650612,0.9682807008935964,6.848240638410157e-05,515283.0,915644.0,358062415.0,697064107.0,789386.0,815245.0,377600633.0,304655822.0
2.0,x264,STREAM,5,1.9767824573277755,17758.3,0.0010661620875489094,517189.0,898242.0,706514417.0,357406256.0,29095198.72,1.9767824573277755,0.5757791330176055,0.0010661620875489094,0.8807736626425026,0.9567687946595774,0.00012483248877724943,517189.0,898242.0,357406256.0,706514417.0,1042258.0,1089352.0,377257559.0,332278522.0
2.1,x264,STREAM,5,1.903144469502845,18748.2,0.0008442944375773232,547308.0,848180.0,678202837.0,356359093.0,30717050.88,1.903144469502845,0.6452734089462142,0.0008442944375773232,0.873623472624502,0.9503088233685465,0.00013241161557121583,547308.0,848180.0,356359093.0,678202837.0,955622.0,1005591.0,377376258.0,329684757.0
2.2,x264,STREAM,5,1.8850495738725346,17804.0,0.0008102321868125324,583055.0,870954.0,669812797.0,355329009.0,29170073.6,1.8850495738725346,0.669444080858461,0.0008102321868125324,0.9697861118078206,0.9546190073662602,0.0001395594104213869,583055.0,870954.0,355329009.0,669812797.0,1106728.0,1159340.0,376986402.0,365596177.0
2.3,x264,STREAM,5,1.9007202194532566,17670.0,0.0008162205063121579,570745.0,860495.0,674736397.0,354989856.0,28950528.0,1.9007202194532566,0.6632752078745373,0.0008162205063121579,0.9007269013328363,0.9557677832222271,0.00013663628659739364,570745.0,860495.0,354989856.0,674736397.0,1113566.0,1165101.0,377169208.0,339726452.0
2.4,x264,STREAM,5,1.8719951064261016,18843.699999999997,0.0008414939927496206,603544.0,903252.0,666733113.0,356161782.0,30873518.08,1.8719951064261016,0.6681900510599479,0.0008414939927496206,0.8927234140622339,0.952506042544638,0.00012783257348213518,603544.0,903252.0,356161782.0,666733113.0,966686.0,1014887.0,377063519.0,336613432.0
2.5,x264,STREAM,5,1.9066420947096292,6039.6,0.0008506850718349872,583262.0,883320.0,672520575.0,352725127.0,9895280.64,1.9066420947096292,0.6603065706652176,0.0008506850718349872,1.2963039376419312,0.8080562189968767,0.0002356799868877075,583262.0,883320.0,352725127.0,672520575.0,369453.0,457212.0,372365092.0,482698335.0
2.7,x264,STREAM,5,1.9072500270428712,5707.4,0.0010057578523879134,490911.0,852540.0,685768367.0,359558714.0,9351004.16,1.9072500270428712,0.5758216623266943,0.0010057578523879134,0.9146450361735313,0.967926936240602,9.648679421913626e-05,490911.0,852540.0,359558714.0,685768367.0,1101255.0,1137746.0,378196833.0,345915856.0
2.8,x264,STREAM,5,1.87308863550804,18378.5,0.0008573014422286189,581655.0,888907.0,671304399.0,358394358.0,30111334.4,1.87308863550804,0.6543485426484436,0.0008573014422286189,0.8764023648467978,0.9522638037322207,0.00013611092009100658,581655.0,888907.0,358394358.0,671304399.0,1026149.0,1077589.0,377927061.0,331216170.0
2.9,x264,STREAM,5,1.8800782854018274,17782.8,0.0008294036381198376,583976.0,879745.0,670444219.0,356604416.0,29135339.52,1.8800782854018274,0.6638014424634411,0.0008294036381198376,0.9746573294840699,0.9563790524944389,0.00013802777832898927,583976.0,879745.0,356604416.0,670444219.0,1141491.0,1193555.0,377199435.0,367640194.0
3.0,x264,STREAM,5,1.8779358473926673,18279.8,0.0008200406514257643,590116.0,882434.0,669423461.0,356467694.0,29949624.32,1.8779358473926673,0.6687366987219441,0.0008200406514257643,0.8816585497951415,0.9534159630616438,0.0001360921534099535,590116.0,882434.0,356467694.0,669423461.0,1050611.0,1101944.0,377192944.0,332555384.0
3.1,x264,STREAM,5,1.9527120854065714,18192.600000000002,0.0009431496630866571,563236.0,899087.0,695351260.0,356095128.0,29806755.840000004,1.9527120854065714,0.6264532798272024,0.0009431496630866571,0.8819749530381896,0.9501375043995443,0.00013299067592190827,563236.0,899087.0,356095128.0,695351260.0,955635.0,1005786.0,377101625.0,332594188.0
3.3,x264,STREAM,5,1.8988370902058862,18223.1,0.0008629081172120686,547003.0,853747.0,674992937.0,355477013.0,29856727.04,1.8988370902058862,0.6407085471457,0.0008629081172120686,1.071643212043676,0.9538164195980573,0.00013711982395204093,547003.0,853747.0,355477013.0,674992937.0,1067952.0,1119662.0,377115420.0,404133180.0
3.4,x264,STREAM,5,1.932902760151739,4763.5,0.0008692333542669275,570157.0,876605.0,681444381.0,352549748.0,7804518.399999999,1.932902760151739,0.6504149531430918,0.0008692333542669275,1.0610402714526188,0.3200960663458201,0.00019455134833093463,570157.0,876605.0,352549748.0,681444381.0,34120.0,106593.0,372513481.0,395251805.0
3.5,x264,STREAM,5,1.950687520675728,7053.400000000001,0.0011250634585615983,528883.0,927287.0,690771445.0,354116914.0,11556290.56,1.950687520675728,0.5703552406105121,0.0011250634585615983,0.6455954593133206,0.9563179803191519,4.1153884773755424e-05,528883.0,927287.0,354116914.0,690771445.0,339556.0,355066.0,376878151.0,243310823.0
3.6,x264,STREAM,5,1.908840591120292,18836.300000000003,0.0010117934855311602,535932.0,894744.0,676931528.0,354629680.0,30861393.92,1.908840591120292,0.5989780317051582,0.0010117934855311602,0.9648599629593398,0.9601890970717742,0.0001230875498661624,535932.0,894744.0,354629680.0,676931528.0,1119544.0,1165962.0,377113689.0,363861900.0
3.7,x264,STREAM,5,1.9492155772572464,17871.6,0.0009227129008658849,557268.0,885180.0,692708618.0,355378146.0,29280829.439999998,1.9492155772572464,0.6295533111909443,0.0009227129008658849,0.9051386670533306,0.9554327101835832,0.00013921809179675044,557268.0,885180.0,355378146.0,692708618.0,1125494.0,1177994.0,377106160.0,341333367.0
3.8,x264,STREAM,5,1.9141120469230208,17753.699999999997,0.0008638629863612409,545693.0,852462.0,679726123.0,355113027.0,29087662.08,1.9141120469230208,0.6401376249029282,0.0008638629863612409,0.8944770486512242,0.9526762939292146,0.00012884406687179163,545693.0,852462.0,355113027.0,679726123.0,978148.0,1026737.0,377114765.0,337320502.0
3.9,x264,STREAM,5,1.8834094049188788,18726.5,0.0007760478494794314,564256.0,839718.0,668525429.0,354954917.0,30681497.6,1.8834094049188788,0.6719589195420367,0.0007760478494794314,0.8602115679639404,0.9487302101540509,0.00014016137101065726,564256.0,839718.0,354954917.0,668525429.0,978101.0,1030958.0,377115318.0,324398959.0
4.0,x264,STREAM,5,1.8860692053168995,17885.4,0.0008209690377995015,588015.0,879490.0,669625767.0,355037750.0,29303439.36,1.8860692053168995,0.668586339810572,0.0008209690377995015,1.008397385707351,0.9567938760928113,0.00013757698810322607,588015.0,879490.0,355037750.0,669625767.0,1148920.0,1200802.0,377112486.0,380279245.0
4.1,x264,STREAM,5,2.2935736828502566,16934.7,0.0014728769212330108,456621.0,978813.0,813160836.0,354538789.0,27745812.48,2.2935736828502566,0.4665048380027646,0.0014728769212330108,1.346698241987972,0.8647074109266152,0.0002767651278827683,456621.0,978813.0,354538789.0,813160836.0,658869.0,761956.0,372471058.0,501606119.0
4.2,x264,STREAM,5,1.9907919324049508,3319.7000000000003,0.0009115551005379373,448503.0,770308.0,702806443.0,353028577.0,5438996.48,1.9907919324049508,0.5822385331581653,0.0009115551005379373,0.6058302462624456,0.4438880836298151,3.354550425396127e-05,448503.0,770308.0,353028577.0,702806443.0,10106.0,22767.0,377427625.0,228657071.0
4.3,x264,STREAM,5,1.9355147769047585,8970.3,0.0011095380467434034,477215.0,871195.0,687271711.0,355084714.0,14696939.52,1.9355147769047585,0.5477705909698747,0.0011095380467434034,0.8289837401926311,0.9664133013759003,7.37936814303533e-05,477215.0,871195.0,355084714.0,687271711.0,800369.0,828185.0,376942842.0,312479487.0
4.4,x264,STREAM,5,1.916459430142516,18124.5,0.000958447080972072,555797.0,895398.0,679047964.0,354324205.0,29695180.8,1.916459430142516,0.6207262022028193,0.000958447080972072,0.8778127818843714,0.9563754472966495,0.0001288576387680147,555797.0,895398.0,354324205.0,679047964.0,1065320.0,1113914.0,377113848.0,331035356.0
4.5,x264,STREAM,5,1.8815281056711974,18463.9,0.0008137615147274108,593725.0,881817.0,666108172.0,354025098.0,30251253.76,1.8815281056711974,0.6732972941097756,0.0008137615147274108,0.8853897128819959,0.9510425701069674,0.00012933242234471886,593725.0,881817.0,354025098.0,666108172.0,947421.0,996192.0,377098017.0,333878705.0
4.6,x264,STREAM,5,1.881415198512835,17831.6,0.0008350014774473318,605675.0,901926.0,667509159.0,354790989.0,29215293.439999998,1.881415198512835,0.6715351370289802,0.0008350014774473318,0.9349352859877776,0.9527120186958674,0.000141337204770935,605675.0,901926.0,354790989.0,667509159.0,1073796.0,1127094.0,377098161.0,352562377.0
4.7,x264,STREAM,5,1.9383412817139787,17983.6,0.0009119731589992986,564758.0,889591.0,690412001.0,356187018.0,29464330.24,1.9383412817139787,0.6348512968319149,0.0009119731589992986,0.9337542615391375,0.9560336188920776,0.00013666733155673827,564758.0,889591.0,356187018.0,690412001.0,1121002.0,1172555.0,377215238.0,352226336.0
4.8,x264,STREAM,5,1.9079370312046924,18639.4,0.0008538486235729613,553343.0,857151.0,678863346.0,355810142.0,30538792.96,1.9079370312046924,0.6455607005066786,0.0008538486235729613,0.8847125192555065,0.9545733831906852,0.00012563441355926996,553343.0,857151.0,355810142.0,678863346.0,995852.0,1043243.0,377213525.0,333725528.0
4.9,x264,STREAM,5,1.9170512347805948,15499.300000000001,0.0008329631603008601,552825.0,847543.0,678288708.0,353818769.0,25394053.12,1.9170512347805948,0.6522677905427807,0.0008329631603008601,1.2854802292509735,0.7766832517945468,0.0002449809597357239,552825.0,847543.0,353818769.0,678288708.0,317352.0,408599.0,372465681.0,478797269.0
5.0,x264,STREAM,5,1.9335171475975448,3729.0999999999995,0.0009920062081912842,562272.0,916213.0,689865635.0,356793130.0,6109757.4399999995,1.9335171475975448,0.6136913577956218,0.0009920062081912842,0.5610236525035884,0.591463885670143,2.804549636565818e-05,562272.0,916213.0,356793130.0,689865635.0,15313.0,25890.0,377137201.0,211582890.0
5.1,x264,STREAM,5,1.93229553082088,10718.5,0.0011641641297565816,488489.0,903580.0,688973714.0,356557112.0,17561190.4,1.93229553082088,0.5406151087894818,0.0011641641297565816,0.9273019105566002,0.9668686875637588,0.00010210233446233564,488489.0,903580.0,356557112.0,688973714.0,1124068.0,1162586.0,377248965.0,349823686.0
5.2,x264,STREAM,5,1.955553845316623,17785.5,0.0009695685208898122,530292.0,875773.0,696811709.0,356324481.0,29139763.2,1.955553845316623,0.6055130724514229,0.0009695685208898122,0.861045786733017,0.9518427494931722,0.00013351145606980508,530292.0,875773.0,356324481.0,696811709.0,995361.0,1045720.0,377188606.0,324776660.0
5.4,x264,STREAM,5,1.9024619631215105,17938.600000000002,0.0009278146141786347,557039.0,887508.0,677618883.0,356179990.0,29390602.240000002,1.9024619631215105,0.6276439198294551,0.0009278146141786347,0.9975230559878673,0.9577105322703012,0.00013480364271390718,557039.0,887508.0,356179990.0,677618883.0,1151260.0,1202096.0,377111471.0,376177387.0
5.5,x264,STREAM,5,1.8782873291907236,17822.1,0.0008306688561993539,584533.0,879775.0,667593715.0,355426832.0,29199728.64,1.8782873291907236,0.6644119235031685,0.0008306688561993539,0.8790702405725886,0.9556430005217222,0.00013298846648894777,584533.0,879775.0,355426832.0,667593715.0,1080708.0,1130870.0,377190604.0,331577035.0
5.6,x264,STREAM,5,1.8823342432043149,18618.3,0.0008169611157404805,586839.0,877335.0,669322637.0,355581183.0,30504222.72,1.8823342432043149,0.6688881670057618,0.0008169611157404805,0.8865822351534016,0.9509647383360248,0.0001285489147879778,586839.0,877335.0,355581183.0,669322637.0,940429.0,988921.0,377226055.0,334441919.0
5.7,x264,STREAM,5,1.8754082859936554,13885.9,0.0008302553549202702,608702.0,904347.0,667812715.0,356089242.0,22750658.56,1.8754082859936554,0.6730845571445474,0.0008302553549202702,1.0969121190716642,0.9525160722695395,0.0001379162880233613,608702.0,904347.0,356089242.0,667812715.0,1043649.0,1095676.0,377236081.0,413794829.0
5.8,x264,STREAM,5,1.9715288222141822,3754.5000000000005,0.001007800121936875,551860.0,908234.0,697163651.0,353615754.0,6151372.800000001,1.9715288222141822,0.6076187414256679,0.001007800121936875,1.0203065364390504,0.28648434973227443,0.00021334580062222453,551860.0,908234.0,353615754.0,697163651.0,31888.0,111308.0,372259495.0,379818796.0
5.9,x264,STREAM,5,1.9749253806346452,12420.0,0.0011886259663437197,473774.0,897451.0,703947654.0,356442659.0,20348928.0,1.9749253806346452,0.5279107160168076,0.0011886259663437197,0.6519473123162184,0.9596516373719848,4.1117139015231204e-05,473774.0,897451.0,356442659.0,703947654.0,368916.0,384427.0,377239282.0,245940136.0
6.0,x264,STREAM,5,1.9034625237900475,17840.4,0.0009887937668575234,537313.0,890153.0,679229319.0,356838819.0,29229711.36,1.9034625237900475,0.6036187037509282,0.0009887937668575234,0.9482139047676197,0.959674073842156,0.00012291785678613786,537313.0,890153.0,356838819.0,679229319.0,1103463.0,1149831.0,377227534.0,357692393.0
6.1,x264,STREAM,5,1.8895740898742928,17818.899999999998,0.0008709551738738921,568874.0,879050.0,672939952.0,356133139.0,29194485.759999998,1.8895740898742928,0.6471463511745634,0.0008709551738738921,0.909638009416097,0.956421345843718,0.0001355308011725159,568874.0,879050.0,356133139.0,672939952.0,1122085.0,1173212.0,377235282.0,343147551.0
6.2,x264,STREAM,5,1.883472094670235,18589.399999999998,0.0008285472581488954,591271.0,887678.0,673798999.0,357743022.0,30456872.959999997,1.883472094670235,0.6660872523595268,0.0008285472581488954,0.8887080724597627,0.9516122380039594,0.00013050575715123204,591271.0,887678.0,357743022.0,673798999.0,969061.0,1018336.0,377569550.0,335549107.0
6.3,x264,STREAM,5,1.9174807841690313,17743.899999999998,0.0008395312736905959,569850.0,869539.0,684486590.0,356971812.0,29071605.759999998,1.9174807841690313,0.6553472587198504,0.0008395312736905959,0.8564368523914208,0.9492132302450429,0.00013882292886305755,569850.0,869539.0,356971812.0,684486590.0,980075.0,1032513.0,377732990.0,323504453.0
6.4,x264,STREAM,5,1.9075151768210195,17986.600000000002,0.0009369682136166094,559222.0,893782.0,681109848.0,357066542.0,29469245.44,1.9075151768210195,0.6256805350745483,0.0009369682136166094,0.9973689239810387,0.9581514157713305,0.0001322194140160801,559222.0,893782.0,357066542.0,681109848.0,1142929.0,1192848.0,377546674.0,376553320.0
6.5,x264,STREAM,5,1.8988362942659096,13128.199999999999,0.0008003595388698962,577465.0,863022.0,677478020.0,356785902.0,21509242.88,1.8988362942659096,0.6691196748170962,0.0008003595388698962,1.3454652279081958,0.8723765462351257,0.00026174282418912507,577465.0,863022.0,356785902.0,677478020.0,667512.0,765165.0,373087592.0,501976382.0
6.6,x264,STREAM,5,1.9366584974270162,3751.1000000000004,0.0010101936343295617,582703.0,941919.0,688658783.0,355591233.0,6145802.24,1.9366584974270162,0.6186338740380012,0.0010101936343295617,0.6060878826972859,0.21552007359222025,3.1605813333832155e-05,582703.0,941919.0,355591233.0,688658783.0,3280.0,15219.0,377746963.0,228947857.0
6.7,x264,STREAM,5,1.9160884534096119,13889.7,0.0010888413493278046,535158.0,927286.0,690047208.0,360133274.0,22756884.48,1.9160884534096119,0.5771229156915989,0.0010888413493278046,0.8116056958832522,0.9694680142210791,6.923169744713829e-05,535158.0,927286.0,360133274.0,690047208.0,832234.0,858444.0,378583813.0,307260779.0
6.8,x264,STREAM,5,1.9579672669306971,17826.600000000002,0.0010664143405251737,530929.0,917856.0,710409052.0,362829892.0,29207101.44,1.9579672669306971,0.5784447669351184,0.0010664143405251737,0.8719899400941148,0.956648202926437,0.00012713984746271441,530929.0,917856.0,362829892.0,710409052.0,1065951.0,1114256.0,379935960.0,331300335.0
6.9,x264,STREAM,5,1.8780626760495842,17628.600000000002,0.0007996431177956298,552736.0,839731.0,674043940.0,358903858.0,28882698.240000002,1.8780626760495842,0.6582298378885619,0.0007996431177956298,0.8674507800646963,0.9511310529829605,0.00012924914073116512,552736.0,839731.0,358903858.0,674043940.0,948816.0,997566.0,377178523.0,327183804.0
7.0,x264,STREAM,5,1.8595139040571802,18712.5,0.000794873263216028,598621.0,884268.0,668238061.0,359361691.0,30658560.0,1.8595139040571802,0.676967842328344,0.000794873263216028,0.9644539095575531,0.9549337637116154,0.00013849915738008587,598621.0,884268.0,359361691.0,668238061.0,1105862.0,1158051.0,376818177.0,363423764.0
7.1,x264,STREAM,5,2.267938980639702,17222.399999999998,0.001484679229489888,473382.0,1006978.0,815100760.0,359401539.0,28217180.159999996,2.267938980639702,0.47010163082013706,0.001484679229489888,0.89183047127609,0.9615147504661714,0.00012065285610661046,473382.0,1006978.0,359401539.0,815100760.0,1136996.0,1182505.0,377189579.0,336389160.0
7.2,x264,STREAM,5,1.8704543906906133,17794.3,0.0005842384522041865,517474.0,726379.0,668814716.0,357568043.0,29154181.12,1.8704543906906133,0.7124022032575281,0.0005842384522041865,0.8954326805540763,0.9539867492766348,0.00012321974827209835,517474.0,726379.0,357568043.0,668814716.0,963726.0,1010209.0,377236609.0,337789988.0
7.3,x264,STREAM,5,1.920847998958382,11745.9,0.0009081300058715332,534961.0,856386.0,679868041.0,353941614.0,19244482.56,1.920847998958382,0.6246727527073073,0.0009081300058715332,1.2976780206658425,0.8144769679793579,0.00023559266038419754,534961.0,856386.0,353941614.0,679868041.0,385101.0,472820.0,372333331.0,483168780.0
7.5,x264,STREAM,5,1.943371211648809,14742.1,0.0009753478274975032,544768.0,892396.0,692645463.0,356414389.0,24153456.64,1.943371211648809,0.6104554480297985,0.0009753478274975032,0.5668578262214973,0.49919366661779796,2.7168177796699592e-05,544768.0,892396.0,356414389.0,692645463.0,10215.0,20463.0,377206012.0,213822180.0
7.6,x264,STREAM,5,1.905760231773855,18423.3,0.0011620333903604892,519679.0,934235.0,679880927.0,356750506.0,30184734.72,1.905760231773855,0.5562615401906372,0.0011620333903604892,0.9100731821491934,0.9667428780212358,9.55603081170806e-05,519679.0,934235.0,356750506.0,679880927.0,1047783.0,1083828.0,377196356.0,343276288.0
7.8,x264,STREAM,5,1.951380174868149,17847.0,0.0009417443251855552,552436.0,891717.0,703021191.0,360268696.0,29240524.8,1.951380174868149,0.6195194215205049,0.0009417443251855552,0.9582158071932437,0.9569157272129821,0.00013509558993808268,552436.0,891717.0,360268696.0,703021191.0,1135725.0,1186860.0,378509765.0,362694040.0
7.9,x264,STREAM,5,1.8871970518510155,17984.100000000002,0.0008649796482867759,563646.0,872361.0,673548839.0,356904351.0,29465149.44,1.8871970518510155,0.6461155416163721,0.0008649796482867759,0.8809173824746426,0.9549192598194964,0.0001296527849616124,563646.0,872361.0,356904351.0,673548839.0,1036583.0,1085519.0,377438865.0,332492457.0
8.0,x264,STREAM,5,1.8837106454232944,18497.0,0.0008125349476737336,568807.0,858597.0,671824036.0,356649275.0,30305484.8,1.8837106454232944,0.6624842621159869,0.0008125349476737336,0.8723630169703296,0.9506858409064404,0.00013118869015972466,568807.0,858597.0,356649275.0,671824036.0,953748.0,1003221.0,377113301.0,328979697.0
8.1,x264,STREAM,5,1.8874202839205756,17816.7,0.0008415819030145395,569063.0,869589.0,673991285.0,357096557.0,29190881.28,1.8874202839205756,0.6544045520355019,0.0008415819030145395,1.0376289142580006,0.9551947938504542,0.0001359595052566851,569063.0,869589.0,357096557.0,673991285.0,1093507.0,1144800.0,377266745.0,391462883.0
8.2,x264,STREAM,5,1.9088278906068898,10070.699999999999,0.0009154492835212981,599572.0,923187.0,674778329.0,353504018.0,16499834.879999999,1.9088278906068898,0.649458885361254,0.0009154492835212981,1.1084804264772194,0.29822888044943036,0.0002153165728849606,599572.0,923187.0,353504018.0,674778329.0,34081.0,114278.0,372460879.0,412865594.0
8.3,x264,STREAM,5,1.9337244372580185,3849.5,0.0010183329598453202,491474.0,852937.0,686386343.0,354955613.0,6307020.8,1.9337244372580185,0.5762137180119985,0.0010183329598453202,0.6252305108641211,0.9598494663797268,3.87873487436926e-05,491474.0,852937.0,354955613.0,686386343.0,349677.0,364304.0,377107497.0,235779113.0
8.4,x264,STREAM,5,1.9373007144855983,15896.5,0.0010476700395973969,522351.0,893535.0,686375482.0,354294755.0,26044825.6,1.9373007144855983,0.5845892998035891,0.0010476700395973969,0.9948662343688781,0.962402081365504,0.00011949369403514854,522351.0,893535.0,354294755.0,686375482.0,1153385.0,1198444.0,377082660.0,375146806.0
8.5,x264,STREAM,5,1.9201426073486154,18806.5,0.0008511424848892109,568155.0,870025.0,681006364.0,354664472.0,30812569.6,1.9201426073486154,0.6530329588230224,0.0008511424848892109,0.8822190234463009,0.9540843456041092,0.00014127860692579394,568155.0,870025.0,354664472.0,681006364.0,1107067.0,1160345.0,377113005.0,332696267.0
8.6,x264,STREAM,5,1.8870165569971882,17477.8,0.0008448727266037232,585171.0,884956.0,669567428.0,354828592.0,28635627.52,1.8870165569971882,0.6612430448519474,0.0008448727266037232,0.9072332499288847,0.9459002578127652,0.00014366779595389637,585171.0,884956.0,354828592.0,669567428.0,947321.0,1001502.0,377126966.0,342142123.0
8.7,x264,STREAM,5,1.9241001002399534,17351.300000000003,0.0009661989821464742,583017.0,925532.0,682088429.0,354497372.0,28428369.92,1.9241001002399534,0.6299263558688408,0.0009661989821464742,0.8733300282809929,0.9436158669147623,0.00015651840781390474,583017.0,925532.0,354497372.0,682088429.0,987879.0,1046908.0,377137749.0,329365721.0
8.8,x264,STREAM,5,1.1339121241258459,17840.499999999996,0.0006159081928709746,413960.0,634198.0,405467148.0,357582514.0,29229875.199999996,1.1339121241258459,0.6527299045408532,0.0006159081928709746,0.9874399972217113,0.9593065325883432,0.00013014281935821209,413960.0,634198.0,357582514.0,405467148.0,1157364.0,1206459.0,377239407.0,372501279.0
8.9,x264,STREAM,5,1.5329009136004836,19838.399999999998,0.0010371576966553041,293185.0,663116.0,546751540.0,356677679.0,32503234.56,1.5329009136004836,0.4421322966117542,0.0010371576966553041,1.3424580409690545,0.887283544967111,0.00024103998103507115,293185.0,663116.0,356677679.0,546751540.0,707771.0,797683.0,373016956.0,500759612.0
9.0,x264,STREAM,5,2.348310597081296,7243.9000000000015,0.0015380041947785038,242003.0,790907.0,838097246.0,356893695.0,11868405.760000002,2.348310597081296,0.30598161351461045,0.0015380041947785038,0.6109619016922742,0.4020342868057877,3.319227156895542e-05,242003.0,790907.0,356893695.0,838097246.0,8419.0,20941.0,377256494.0,230489345.0
9.1,x264,STREAM,5,1.8716794637164769,3137.0000000000005,0.001303419680928569,391773.0,854933.0,665086674.0,355342187.0,5139660.800000001,1.8716794637164769,0.4582499447325112,0.001303419680928569,0.801673292852208,0.9694749344743051,6.498199939981057e-05,391773.0,854933.0,355342187.0,665086674.0,777865.0,802357.0,376904377.0,302154173.0
9.2,x264,STREAM,5,1.900879306230815,17705.899999999998,0.0010002624154222782,541114.0,897974.0,678169827.0,356766379.0,29009346.56,1.900879306230815,0.6025942844670336,0.0010002624154222782,0.8822992422747746,0.9564982651338052,0.00012368076458063717,541114.0,897974.0,356766379.0,678169827.0,1025765.0,1072417.0,377196892.0,332800532.0
9.3,x264,STREAM,5,1.8888673383342833,17919.8,0.0008391265078511809,574104.0,873958.0,674969056.0,357340636.0,29359800.32,1.8888673383342833,0.6569011325487037,0.0008391265078511809,0.8686946278019869,0.9506458097234537,0.00013368357789242348,574104.0,873958.0,357340636.0,674969056.0,971387.0,1021818.0,377241549.0,327707707.0
9.4,x264,STREAM,5,1.8977775675663127,18631.9,0.0008076232762958234,578952.0,865801.0,674046444.0,355176737.0,30526504.96,1.8977775675663127,0.6686894563531343,0.0008076232762958234,0.9845545042137809,0.9567517295475625,0.00013466799196448437,578952.0,865801.0,355176737.0,674046444.0,1123371.0,1174151.0,377075497.0,371251379.0
9.6,x264,STREAM,5,1.937396376311259,17977.4,0.0009116149189025668,548604.0,873369.0,690202103.0,356252397.0,29454172.16,1.937396376311259,0.6281468657577725,0.0009116149189025668,0.8840223158260627,0.9558547552606423,0.00013646900029655446,548604.0,873369.0,356252397.0,690202103.0,1114952.0,1166445.0,377323787.0,333562648.0
9.7,x264,STREAM,5,1.9148966200489623,18541.199999999997,0.0008742529752698413,546632.0,858469.0,683023832.0,356689664.0,30377902.08,1.9148966200489623,0.6367521715985085,0.0008742529752698413,0.8971732303478744,0.9523489751806962,0.00012641533580028943,546632.0,858469.0,356689664.0,683023832.0,953028.0,1000713.0,377208981.0,338421800.0
9.8,x264,STREAM,5,1.939907918043817,6817.799999999999,0.0008810887139273096,552791.0,863922.0,685022383.0,353121082.0,11170283.52,1.939907918043817,0.6398621634823514,0.0008810887139273096,1.3011176151229402,0.8123884682597866,0.00024550841744316377,552791.0,863922.0,353121082.0,685022383.0,395608.0,486969.0,372129807.0,484184647.0
9.9,x264,STREAM,5,1.935850607333478,5011.799999999999,0.0010575862750474298,544969.0,920801.0,687938774.0,355367698.0,8211333.119999999,1.935850607333478,0.5918423198932234,0.0010575862750474298,0.5658569747604704,0.5516107332386576,3.181045706019268e-05,544969.0,920801.0,355367698.0,687938774.0,14760.0,26758.0,377171569.0,213425163.0
10.0,x264,STREAM,5,1.9269767919800895,17818.3,0.001198954420204074,509556.0,937369.0,687587208.0,356821738.0,29193502.72,1.9269767919800895,0.5436023593696826,0.001198954420204074,0.8929272675269035,0.9665698853996499,9.282166439302113e-05,509556.0,937369.0,356821738.0,687587208.0,1012365.0,1047379.0,377217972.0,336828213.0
10.1,x264,STREAM,5,1.9226957244228557,17727.2,0.0009208820385176185,554994.0,882932.0,684696806.0,356112929.0,29044244.48,1.9226957244228557,0.6285806834501412,0.0009208820385176185,0.9129813140845892,0.9545915432187545,0.00013395035490559656,554994.0,882932.0,356112929.0,684696806.0,1061964.0,1112480.0,377124794.0,344307890.0
10.2,x264,STREAM,5,1.9548498089330106,18783.300000000003,0.0009753197141981467,549250.0,895728.0,694451719.0,355245562.0,30774558.720000003,1.9548498089330106,0.6131883786149367,0.0009753197141981467,0.9486624045061964,0.9563305018206212,0.0001366688452090933,549250.0,895728.0,355245562.0,694451719.0,1129083.0,1180641.0,377247645.0,357880658.0
10.3,x264,STREAM,5,1.889382297222582,17850.4,0.0008145717187588871,554333.0,843575.0,670890852.0,355084756.0,29246095.36,1.889382297222582,0.6571235515514329,0.0008145717187588871,0.8897959782126934,0.9529532769033046,0.00013415737732239963,554333.0,843575.0,355084756.0,670890852.0,1024724.0,1075314.0,377094432.0,335537109.0
10.4,x264,STREAM,5,1.908596877834188,17818.8,0.000798661957090455,567337.0,851026.0,677943822.0,355205350.0,29194321.919999998,1.908596877834188,0.6666506076195087,0.000798661957090455,0.8690852776893137,0.9508817610385207,0.00013214451823406767,567337.0,851026.0,355205350.0,677943822.0,964835.0,1014674.0,377155259.0,327780083.0
10.5,x264,STREAM,5,1.8716968167882668,18631.5,0.0007897261161073123,607442.0,889030.0,667379934.0,356564123.0,30525849.6,1.8716968167882668,0.6832637818746274,0.0007897261161073123,1.02519421071618,0.9566384011622145,0.00013321705208657034,607442.0,889030.0,356564123.0,667379934.0,1110220.0,1160543.0,377751941.0,387269103.0
10.6,x264,STREAM,5,1.9267440254655919,5356.800000000001,0.0008564473644630874,578171.0,879175.0,677166727.0,351456508.0,8776581.120000001,1.9267440254655919,0.6576290272130122,0.0008564473644630874,1.1258691397577962,0.2964008938334997,0.0001988377186418818,578171.0,879175.0,351456508.0,677166727.0,31171.0,105165.0,372132614.0,418972626.0
10.7,x264,STREAM,5,1.9596801705490818,6241.0,0.0010654809960800636,521307.0,899501.0,695591273.0,354951427.0,10225254.4,1.9596801705490818,0.5795513290146426,0.0010654809960800636,0.6273795063110896,0.9568081197482156,3.803458886357207e-05,521307.0,899501.0,354951427.0,695591273.0,317689.0,332030.0,377051532.0,236554404.0
10.8,x264,STREAM,5,1.9696617952801914,18651.5,0.0010435106976881593,512105.0,884545.0,702993118.0,356910572.0,30558617.6,1.9696617952801914,0.5789473684210527,0.0010435106976881593,0.9936273939544249,0.9613061313696811,0.000121993919332869,512105.0,884545.0,356910572.0,702993118.0,1143589.0,1189620.0,377322085.0,374917560.0
10.9,x264,STREAM,5,1.9017041531067052,17792.4,0.0008778522673959028,557773.0,872032.0,680783849.0,357986203.0,29151068.16,1.9017041531067052,0.6396244633224469,0.0008778522673959028,0.8718626712475592,0.9563708720840282,0.0001343911103474871,557773.0,872032.0,357986203.0,680783849.0,1112661.0,1163420.0,377696113.0,329299142.0
11.0,x264,STREAM,5,1.885495390278146,17772.600000000002,0.0008194099744504078,586396.0,881506.0,679060009.0,360149387.0,29118627.840000004,1.885495390278146,0.6652206564674545,0.0008194099744504078,0.8937066156945319,0.9520515286619012,0.00012428522165922797,586396.0,881506.0,360149387.0,679060009.0,934450.0,981512.0,378661271.0,338412083.0
11.1,x264,STREAM,5,1.8965343601373061,18655.4,0.0007962938528023633,593144.0,877447.0,677124916.0,357032770.0,30565007.36,1.8965343601373061,0.6759884072770207,0.0007962938528023633,0.887021129217459,0.9506410108549733,0.0001417773029588401,593144.0,877447.0,357032770.0,677124916.0,1030338.0,1083835.0,377331201.0,334700748.0
11.2,x264,STREAM,5,1.877531975851848,17774.3,0.0008409971855185956,606972.0,907569.0,671084861.0,357429258.0,29121413.119999997,1.877531975851848,0.6687888193624948,0.0008409971855185956,0.9661385308812453,0.9569230044745382,0.00013561851169757727,606972.0,907569.0,357429258.0,671084861.0,1137947.0,1189173.0,377721296.0,364931098.0
11.3,x264,STREAM,5,1.9265620194041697,17939.5,0.0008173584426419907,585579.0,877720.0,688593554.0,357420912.0,29392076.8,1.9265620194041697,0.6671592307341749,0.0008173584426419907,1.3621887183536985,0.8778168304698257,0.00025508939660895966,585579.0,877720.0,357420912.0,688593554.0,684073.0,779289.0,373265221.0,508457673.0
11.4,x264,STREAM,5,2.029589787078724,4144.6,0.0010882393229989943,514925.0,899132.0,716554334.0,353053774.0,6790512.640000001,2.029589787078724,0.5726912177522322,0.0010882393229989943,0.6107070473405475,0.2296817547863573,3.221705450757609e-05,514925.0,899132.0,353053774.0,716554334.0,3623.0,15774.0,377160488.0,230334568.0
11.5,x264,STREAM,5,1.942973825085707,7821.800000000001,0.0010281870696107304,484661.0,851628.0,693460652.0,356906842.0,12815237.120000001,1.942973825085707,0.5690994189951482,0.0010281870696107304,0.7987952997178625,0.9675572164737891,6.946899063451782e-05,484661.0,851628.0,356906842.0,693460652.0,781644.0,807853.0,377276246.0,301366492.0
11.7,x264,STREAM,5,1.905399966694271,18012.5,0.0009156585735305249,554773.0,880246.0,677278913.0,355452359.0,29511680.0,1.905399966694271,0.6302476807619688,0.0009156585735305249,0.884980747053886,0.954953787362621,0.00012900622385834436,554773.0,880246.0,355452359.0,677278913.0,1031564.0,1080224.0,377191104.0,333806865.0
11.8,x264,STREAM,5,1.890780207659488,17696.9,0.0008247519924800606,580264.0,875131.0,675995563.0,357522022.0,28994600.96,1.890780207659488,0.663059587650306,0.0008247519924800606,0.8661351881484113,0.9501586832249163,0.00013393336632674146,580264.0,875131.0,357522022.0,675995563.0,964031.0,1014600.0,377568349.0,327025233.0
11.9,x264,STREAM,5,1.891334906547376,18410.2,0.0007961728942329898,587660.0,873335.0,678630362.0,358810256.0,30163271.68,1.891334906547376,0.6728918456262488,0.0007961728942329898,0.9844383229024725,0.9551982247793477,0.00013979269396997956,587660.0,873335.0,358810256.0,678630362.0,1126940.0,1179797.0,378109889.0,372225865.0
12.0,x264,STREAM,5,1.9095637532147192,18076.7,0.0008414187852184518,588545.0,890078.0,684316178.0,358362572.0,29616865.28,1.9095637532147192,0.6612285664851845,0.0008414187852184518,0.8838163851710071,0.9546995935233918,0.00013838352765739633,588545.0,890078.0,358362572.0,684316178.0,1102489.0,1154802.0,378029097.0,334108310.0
12.1,x264,STREAM,5,2.1420007088268007,16082.7,0.0012167738269689083,479670.0,918104.0,771816354.0,360324976.0,26349895.68,2.1420007088268007,0.5224571508238718,0.0012167738269689083,0.892684912645368,0.9535391151764937,0.0001234645183094132,479670.0,918104.0,360324976.0,771816354.0,959678.0,1006438.0,378732292.0,338088603.0
12.2,x264,STREAM,5,2.0959946493533756,3618.0,0.0009725693051447244,433318.0,780837.0,748941963.0,357320551.0,5927731.2,2.0959946493533756,0.5549404036950093,0.0009725693051447244,1.2972815433047185,0.8325934832745264,0.00022741422138918382,433318.0,780837.0,357320551.0,748941963.0,422383.0,507310.0,373446302.0,484464995.0
12.3,x264,STREAM,5,1.9486610782999667,9484.400000000001,0.001044008687347141,536847.0,908854.0,694357787.0,356325579.0,15539240.96,1.9486610782999667,0.5906856326758754,0.001044008687347141,0.5665201593136278,0.5874767051807678,2.931796439090056e-05,536847.0,908854.0,356325579.0,694357787.0,15762.0,26830.0,377515978.0,213870412.0
12.4,x264,STREAM,5,1.9656506527871596,17917.4,0.0011900121614923037,502613.0,925356.0,698282825.0,355242588.0,29355868.16,1.9656506527871596,0.5431563636049261,0.0011900121614923037,0.9026550635125223,0.9659253151245906,9.745759118795562e-05,502613.0,925356.0,355242588.0,698282825.0,1042557.0,1079335.0,377374400.0,340638913.0
12.5,x264,STREAM,5,1.9408979080540907,18618.399999999998,0.0009582820943333296,524285.0,865216.0,690519283.0,355773109.0,30504386.56,1.9408979080540907,0.6059585120940898,0.0009582820943333296,0.9002388882445103,0.9563060451803409,0.0001277928167191206,524285.0,865216.0,355773109.0,690519283.0,1055781.0,1104020.0,377478181.0,339820538.0
12.6,x264,STREAM,5,1.9011362862394101,17869.5,0.0007805245874209363,555558.0,835053.0,680770465.0,358086093.0,29277388.8,1.9011362862394101,0.6652966937427923,0.0007805245874209363,0.9525040119648285,0.9573350421765973,0.00013491644013469763,555558.0,835053.0,358086093.0,680770465.0,1142857.0,1193790.0,377515149.0,359584694.0
12.7,x264,STREAM,5,1.8888967074146745,17708.8,0.0008173278291857277,592286.0,884282.0,674821367.0,357256892.0,29014097.919999998,1.8888967074146745,0.6697931202942048,0.0008173278291857277,0.8832222155781752,0.954004029635389,0.00013044588927524787,592286.0,884282.0,357256892.0,674821367.0,1020853.0,1070072.0,377313538.0,333251699.0
12.9,x264,STREAM,5,1.876212034209712,18789.399999999998,0.0008038415957109867,596141.0,884998.0,674208678.0,359345674.0,30784552.959999997,1.876212034209712,0.673607171993609,0.0008038415957109867,1.0198914786181217,0.9562338725876481,0.00013495452187459146,596141.0,884998.0,359345674.0,674208678.0,1113957.0,1164942.0,377793936.0,385308816.0
13.0,x264,STREAM,5,2.0021908344300727,15022.8,0.0010293874379112976,530621.0,899147.0,716794622.0,358005146.0,24613355.52,2.0021908344300727,0.5901382087689777,0.0010293874379112976,1.1240261064123729,0.34835708821693295,0.0001983458217531466,530621.0,899147.0,358005146.0,716794622.0,39619.0,113731.0,373650422.0,419992829.0
13.1,x264,STREAM,5,1.986415690388274,3721.8,0.0011421567152282432,480947.0,887355.0,706816514.0,355825076.0,6097797.12,1.986415690388274,0.5420006648973635,0.0011421567152282432,0.6176043439228475,0.9527487670438062,3.801451269068081e-05,480947.0,887355.0,355825076.0,706816514.0,289003.0,303336.0,377040214.0,232861674.0
13.2,x264,STREAM,5,1.9325796182937458,11086.0,0.0011308452866362043,496181.0,898385.0,687354196.0,355666690.0,18163302.4,1.9325796182937458,0.552303299810215,0.0011308452866362043,0.9958590162646513,0.9630194819181687,0.00011833177152608223,496181.0,898385.0,355666690.0,687354196.0,1162430.0,1207068.0,377227514.0,375665421.0
13.3,x264,STREAM,5,1.906869171458622,17769.8,0.0008670972493704043,576291.0,886020.0,681137764.0,357202148.0,29114040.32,1.906869171458622,0.6504266269384438,0.0008670972493704043,0.8711415087845695,0.9554203003981876,0.00013503075399909733,576291.0,886020.0,357202148.0,681137764.0,1092697.0,1143682.0,377580651.0,328926178.0
13.4,x264,STREAM,5,1.8943494853408793,18418.4,0.0008359063995691348,597562.0,894884.0,673797662.0,355688149.0,30176706.560000002,1.8943494853408793,0.6677535859396302,0.0008359063995691348,0.8906143294759425,0.951100777520452,0.00012769973187372552,597562.0,894884.0,355688149.0,673797662.0,937987.0,986212.0,377643706.0,336334896.0
13.5,x264,STREAM,5,1.9300709752261502,18071.199999999997,0.0009165059069292563,568769.0,897168.0,691575879.0,358316294.0,29607854.08,1.9300709752261502,0.6339604176698233,0.0009165059069292563,0.9018399134662779,0.9526835236764862,0.00013724979678182524,568769.0,897168.0,358316294.0,691575879.0,1044144.0,1096003.0,377843911.0,340754720.0
13.6,x264,STREAM,5,1.9123208378767742,17723.899999999998,0.0008914884003835644,554096.0,872583.0,683182559.0,357253106.0,29038837.759999998,1.9123208378767742,0.6350066412020404,0.0008914884003835644,0.9519506028385337,0.9566786300437151,0.0001355064780904251,554096.0,872583.0,357253106.0,683182559.0,1129671.0,1180826.0,377509627.0,359370517.0
13.8,x264,STREAM,5,1.889250311396391,13760.3,0.0007694197263590032,576149.0,852470.0,678484730.0,359129082.0,22544875.52,1.889250311396391,0.6758583879784625,0.0007694197263590032,1.3723013394039143,0.8730434435393707,0.00027240911857074365,576149.0,852470.0,359129082.0,678484730.0,699664.0,801408.0,373497042.0,512550491.0
13.9,x264,STREAM,5,1.9351739468973563,3803.6000000000004,0.0009668732392212424,572710.0,919201.0,693493551.0,358362385.0,6231818.24,1.9351739468973563,0.6230519766623405,0.0009668732392212424,0.6108334208840394,0.4505563985837127,3.451019688156013e-05,572710.0,919201.0,358362385.0,693493551.0,10689.0,23724.0,377714449.0,230720609.0
14.0,x264,STREAM,5,1.93742621505567,12519.0,0.001111401213008405,505399.0,903690.0,694312203.0,358368333.0,20511129.6,1.93742621505567,0.5592614724075734,0.001111401213008405,0.7790310750503118,0.9690084939868066,6.572600955715845e-05,505399.0,903690.0,358368333.0,694312203.0,776326.0,801155.0,377765213.0,294290840.0
14.1,x264,STREAM,5,1.99371189391299,17765.2,0.001090546374249658,498986.0,888698.0,712462549.0,357354817.0,29106503.68,1.99371189391299,0.5614798277930185,0.001090546374249658,0.8875013483354686,0.9565276378381558,0.00012126021493128978,498986.0,888698.0,357354817.0,712462549.0,1008205.0,1054026.0,377873320.0,335363081.0
14.2,x264,STREAM,5,1.8952025173295861,17871.9,0.0008553641143499717,550894.0,857250.0,678783050.0,358158584.0,29281320.96,1.8952025173295861,0.6426293379994168,0.0008553641143499717,0.8524436579003838,0.9504938695955775,0.00013309576976731208,550894.0,857250.0,358158584.0,678783050.0,965083.0,1015349.0,377667901.0,321940607.0
14.3,x264,STREAM,5,1.8785631389667674,18658.1,0.0008247154917150291,586940.0,885327.0,679675385.0,361805984.0,30569431.04,1.8785631389667674,0.6629640799388249,0.0008247154917150291,0.9994917505302816,0.9578228757845232,0.0001343259748362374,586940.0,885327.0,361805984.0,679675385.0,1156801.0,1207740.0,379219284.0,379026546.0
14.4,x264,STREAM,5,1.8765752507555193,17774.199999999997,0.0008222901166099112,595786.0,893861.0,680246736.0,362493716.0,29121249.279999997,1.8765752507555193,0.6665309259493366,0.0008222901166099112,0.865371359304456,0.955107910117075,0.00013410693317278836,595786.0,893861.0,362493716.0,680246736.0,1083313.0,1134231.0,379682085.0,328566002.0
14.5,x264,STREAM,5,1.8638342856812473,17956.9,0.0008334751193787536,602724.0,899255.0,663108750.0,355776667.0,29420584.96,1.8638342856812473,0.6702481498573819,0.0008334751193787536,0.8839608812926568,0.9535090229699587,0.00012135577921023675,602724.0,899255.0,355776667.0,663108750.0,939563.0,985374.0,377493353.0,333689357.0
14.6,x264,STREAM,5,1.9776560757930917,12931.3,0.0009727479713044966,545304.0,889962.0,700710778.0,354313769.0,21186641.919999998,1.9776560757930917,0.6127272849852016,0.0009727479713044966,1.3203567809280008,0.8366731641557211,0.0002407471244030818,545304.0,889962.0,354313769.0,700710778.0,459275.0,548930.0,372403202.0,491705093.0
14.7,x264,STREAM,5,1.9675468055029448,3753.8999999999996,0.0010267927091696038,506476.0,872237.0,700873585.0,356216982.0,6150389.76,1.9675468055029448,0.580663283029727,0.0010267927091696038,0.5729710024832513,0.4568824153564194,2.9864117153115372e-05,506476.0,872237.0,356216982.0,700873585.0,9473.0,20734.0,377074599.0,216052811.0
14.8,x264,STREAM,5,1.9243908552413629,13842.6,0.0010851303141898889,501135.0,888437.0,686848775.0,356917501.0,22679715.84,1.9243908552413629,0.5640636308483326,0.0010851303141898889,0.8693387803755543,0.9650206087507927,9.359043032441918e-05,501135.0,888437.0,356917501.0,686848775.0,973976.0,1009280.0,377218054.0,327930283.0
14.9,x264,STREAM,5,1.8894679577624622,17964.699999999997,0.0008963576198967935,567028.0,882836.0,665704272.0,352323663.0,29433364.479999997,1.8894679577624622,0.6422801063844248,0.0008963576198967935,0.9533475584589943,0.9558801519762425,0.00013493738565613158,567028.0,882836.0,352323663.0,665704272.0,1092138.0,1142547.0,373573267.0,356145162.0
15.0,x264,STREAM,5,1.8836644747021067,17702.1,0.0008228217883866802,597726.0,894185.0,678675862.0,360295515.0,29003120.64,1.8836644747021067,0.6684589877933538,0.0008228217883866802,0.9088338578087889,0.9549035324630237,0.00013917211263755425,597726.0,894185.0,360295515.0,678675862.0,1122216.0,1175214.0,380809050.0,346092158.0
15.1,x264,STREAM,5,2.1465338604871356,18651.300000000003,0.0012060570875785637,477004.0,907271.0,765786872.0,356755086.0,30558289.92,2.1465338604871356,0.5257569127636615,0.0012060570875785637,0.8925222758908189,0.9539505616336056,0.00012703210739696086,477004.0,907271.0,356755086.0,765786872.0,992535.0,1040447.0,377164490.0,336627709.0
15.2,x264,STREAM,5,2.056347319751956,17517.999999999996,0.0008559569547964135,456154.0,761862.0,734431589.0,357153474.0,28701491.199999996,2.056347319751956,0.5987357290427925,0.0008559569547964135,0.8590478936734345,0.9539236375649782,0.00012680799437697537,456154.0,761862.0,357153474.0,734431589.0,990395.0,1038233.0,377247509.0,324073678.0
15.3,x264,STREAM,5,1.8690283170237938,17808.699999999997,0.0008092267979321317,602897.0,891470.0,666501789.0,356603366.0,29177774.08,1.8690283170237938,0.6762953324284608,0.0008092267979321317,1.0066967780775826,0.9574074615702808,0.00013512576265202857,602897.0,891470.0,356603366.0,666501789.0,1145696.0,1196665.0,377196761.0,379722764.0
15.4,x264,STREAM,5,1.9359261334464162,11239.2,0.000924728809937771,570743.0,897237.0,683517438.0,353069999.0,18414305.28,1.9359261334464162,0.6361117519674289,0.000924728809937771,1.1707935449811162,0.3583778014941302,0.00020168938193218855,570743.0,897237.0,353069999.0,683517438.0,41975.0,117125.0,372602659.0,436240788.0
15.5,x264,STREAM,5,1.9938833115850791,3700.9000000000005,0.001121304171150129,510326.0,909355.0,709546334.0,355861514.0,6063554.5600000005,1.9938833115850791,0.5611955726861346,0.001121304171150129,0.6078519380404941,0.9545797186210482,3.707206196503267e-05,510326.0,909355.0,355861514.0,709546334.0,293791.0,307770.0,377076409.0,229206626.0
15.6,x264,STREAM,5,1.9307386736099044,15047.9,0.001057161503053758,504612.0,880179.0,685913864.0,355259815.0,24654479.36,1.9307386736099044,0.5733061115977546,0.001057161503053758,0.9967485162278048,0.9625112188856044,0.00012074474843154284,504612.0,880179.0,355259815.0,685913864.0,1168941.0,1214470.0,377068159.0,375842128.0
15.7,x264,STREAM,5,1.895872810087996,18730.0,0.0008600528974397965,556554.0,862747.0,674961953.0,356016474.0,30687232.0,1.895872810087996,0.6450952596763594,0.0008600528974397965,0.8780687668837288,0.9551552043488443,0.00013403631398052564,556554.0,862747.0,356016474.0,674961953.0,1076735.0,1127288.0,377158984.0,331171524.0
15.9,x264,STREAM,5,1.9019875556308428,17853.3,0.0008503033142921193,582288.0,884669.0,676376170.0,355615455.0,29250846.72,1.9019875556308428,0.6581987161299876,0.0008503033142921193,0.8887017079544945,0.9503908456625345,0.00013060497429219741,582288.0,884669.0,355615455.0,676376170.0,943836.0,993103.0,377221467.0,335237362.0
16.0,x264,STREAM,5,1.8879879862342712,18839.5,0.0008143011172865733,584950.0,874284.0,670831839.0,355315735.0,30866636.8,1.8879879862342712,0.6690617694021622,0.0008143011172865733,0.9247165451892094,0.9515737002000554,0.00014334233703078398,584950.0,874284.0,355315735.0,670831839.0,1062138.0,1116191.0,377090266.0,348701608.0
16.1,x264,STREAM,5,1.8763383679150785,17865.1,0.0008193182144902981,591549.0,882784.0,666963574.0,355460180.0,29270179.84,1.8763383679150785,0.6700948363359553,0.0008193182144902981,0.9453527902706138,0.9560982139377581,0.0001374124683305959,591549.0,882784.0,355460180.0,666963574.0,1128542.0,1180362.0,377112795.0,356504633.0
16.2,x264,STREAM,5,1.9551358033996118,9326.6,0.0009105208692283595,555225.0,878631.0,694440590.0,355187905.0,15280701.44,1.9551358033996118,0.6319205673371415,0.0009105208692283595,1.376643930362864,0.8734133829358999,0.00026986519772557896,555225.0,878631.0,355187905.0,694440590.0,698225.0,799421.0,374987219.0,516223879.0
16.3,x264,STREAM,5,1.9653852324101613,3605.2,0.0009757705294089887,508794.0,855208.0,697742901.0,355015846.0,5906759.68,1.9653852324101613,0.5949359687935567,0.0009757705294089887,0.6153270088692561,0.47724926546494084,3.515336550153748e-05,508794.0,855208.0,355015846.0,697742901.0,12020.0,25186.0,374530285.0,230458600.0
16.4,x264,STREAM,5,1.9252674877408567,16949.8,0.001111142598866733,528096.0,922656.0,683650812.0,355093937.0,27770552.32,1.9252674877408567,0.5723649984392883,0.001111142598866733,0.7867494551386736,0.9695288995197429,6.48563466657775e-05,528096.0,922656.0,355093937.0,683650812.0,778236.0,802695.0,377125775.0,296703498.0
16.5,x264,STREAM,5,1.8770644209963272,18534.6,0.00092526990352684,573544.0,899527.0,661310920.0,352311254.0,30367088.64,1.8770644209963272,0.6376062085962956,0.00092526990352684,0.8853841696093032,0.9550367757876892,0.00012421038305403885,573544.0,899527.0,352311254.0,661310920.0,994879.0,1041718.0,377094079.0,333873128.0
16.6,x264,STREAM,5,1.8999878615279666,18185.5,0.0008640299757031262,591085.0,897598.0,674017101.0,354748109.0,29795123.2,1.8999878615279666,0.6585186241502321,0.0008640299757031262,0.8641045457465922,0.9506001684182481,0.0001376731313479133,591085.0,897598.0,354748109.0,674017101.0,999038.0,1050955.0,377103357.0,325856725.0
16.7,x264,STREAM,5,1.9483882824657601,17921.0,0.0009437936626623321,549384.0,883431.0,689613934.0,353940711.0,29361766.4,1.9483882824657601,0.621875392645266,0.0009437936626623321,1.0071485741140815,0.9557676410784903,0.00013919720465113396,549384.0,883431.0,353940711.0,689613934.0,1134241.0,1186733.0,377105274.0,379801039.0
16.8,x264,STREAM,5,1.8979386633842799,18302.0,0.000882464870692836,557822.0,871503.0,674641357.0,355460042.0,29985996.799999997,1.8979386633842799,0.6400689383742798,0.000882464870692836,0.8758367791237981,0.954939496140234,0.00013920303570492642,557822.0,871503.0,355460042.0,674641357.0,1112473.0,1164967.0,377103845.0,330281417.0
16.9,x264,STREAM,5,1.8726006980159917,18300.0,0.0008241765532198944,574345.0,868148.0,667545929.0,356480658.0,29982720.0,1.8726006980159917,0.661574984910407,0.0008241765532198944,0.8984991967448867,0.952210901571699,0.0001238909534685797,574345.0,868148.0,356480658.0,667545929.0,931128.0,977859.0,377194611.0,338909055.0
17.0,x264,STREAM,5,1.8966657171533978,7465.1,0.0008077349652242215,601446.0,887216.0,671024761.0,353791791.0,12230819.84,1.8966657171533978,0.6779025626228562,0.0008077349652242215,1.3061465012338613,0.8224491435611176,0.0002491837014818883,601446.0,887216.0,353791791.0,671024761.0,429932.0,522746.0,372472194.0,486503253.0
17.1,x264,STREAM,5,1.9494764240522224,4110.0,0.0010827268169546788,539510.0,925899.0,695702955.0,356866565.0,6733824.0,1.9494764240522224,0.5826877445596118,0.0010827268169546788,0.5669477747708552,0.5788715064158904,3.174783066230292e-05,539510.0,925899.0,356866565.0,695702955.0,16466.0,28445.0,377317119.0,213919101.0
17.2,x264,STREAM,5,1.9958084641930087,17997.4,0.0011953029142338304,479060.0,905065.0,711304536.0,356399198.0,29486940.16,1.9958084641930087,0.5293100495544519,0.0011953029142338304,0.8814671938081893,0.9667971126748321,9.115414379422329e-05,479060.0,905065.0,356399198.0,711304536.0,1001043.0,1035422.0,377152355.0,332447428.0
17.3,x264,STREAM,5,1.917623329593822,17802.3,0.0008971286900772345,518211.0,837537.0,682563153.0,355942245.0,29167288.32,1.917623329593822,0.6187320679564007,0.0008971286900772345,0.9300802485501749,0.9558640447650979,0.0001317353144081112,518211.0,837537.0,355942245.0,682563153.0,1075673.0,1125341.0,377028743.0,350666987.0
17.4,x264,STREAM,5,1.8758075388358308,18882.7,0.0008594897780750696,585789.0,892108.0,668530917.0,356396327.0,30937415.68,1.8758075388358308,0.6566346227138419,0.0008594897780750696,0.9291153987341084,0.9565367799053474,0.00013561282324941462,585789.0,892108.0,356396327.0,668530917.0,1125377.0,1176512.0,377066112.0,350337931.0
17.5,x264,STREAM,5,1.8879859055457895,17935.5,0.0008391606275178437,596810.0,894045.0,668734295.0,354205131.0,29385523.2,1.8879859055457895,0.6675391059734129,0.0008391606275178437,0.8895931941022124,0.9527041849152164,0.00013035607763539896,596810.0,894045.0,354205131.0,668734295.0,990195.0,1039352.0,377097876.0,335463704.0
17.6,x264,STREAM,5,1.8737617973068308,17723.399999999998,0.0008299824777919066,603770.0,899261.0,667098116.0,356020769.0,29038018.56,1.8737617973068308,0.6714068551844237,0.0008299824777919066,0.8612371413867363,0.9502287638503033,0.00013432365040530575,603770.0,899261.0,356020769.0,667098116.0,967617.0,1018299.0,377312557.0,324955588.0
17.7,x264,STREAM,5,1.9321115664136619,18789.1,0.0008885757022736651,568206.0,884556.0,687868791.0,356019188.0,30784061.439999998,1.9321115664136619,0.6423629481909569,0.0008885757022736651,1.0051687226355033,0.9574693326739562,0.00013462629337128467,568206.0,884556.0,356019188.0,687868791.0,1142304.0,1193045.0,376902600.0,378850705.0
17.8,x264,STREAM,5,1.953330773175878,5890.6,0.0010029832308667101,546690.0,900831.0,689696988.0,353087658.0,9651159.040000001,1.953330773175878,0.6068729872750827,0.0010029832308667101,1.162831079542497,0.320226303651718,0.00021984948873913395,546690.0,900831.0,353087658.0,689696988.0,38602.0,120546.0,372727726.0,433419384.0
18.0,x264,STREAM,5,1.9443710948807404,5604.0,0.001074873850068799,515008.0,897462.0,691832351.0,355812917.0,9181593.6,1.9443710948807404,0.5738493663241452,0.001074873850068799,0.6069234081156328,0.9497512437810945,3.96465630380445e-05,515008.0,897462.0,355812917.0,691832351.0,282532.0,297480.0,377031421.0,228829195.0
18.1,x264,STREAM,5,1.9097101625407626,18312.7,0.0009928581850350536,533904.0,887483.0,680090490.0,356122360.0,30003527.68,1.9097101625407626,0.6015934953120229,0.0009928581850350536,0.9960253680985378,0.9625084097821599,0.00012086223463936625,533904.0,887483.0,356122360.0,680090490.0,1170262.0,1215846.0,377156687.0,375657628.0
18.2,x264,STREAM,5,2.068414122732933,17746.6,0.0011684714870066374,509041.0,924398.0,735259948.0,355470377.0,29076029.439999998,2.068414122732933,0.5506729785222383,0.0011684714870066374,0.8808207152004937,0.9564639262301242,0.00013058437096038317,509041.0,924398.0,355470377.0,735259948.0,1081842.0,1131085.0,377097195.0,332155021.0
18.3,x264,STREAM,5,2.123549719657928,17951.300000000003,0.0010003342963218684,426402.0,782340.0,755599446.0,355819051.0,29411409.92,2.123549719657928,0.5450341283840785,0.0010003342963218684,0.8917549842746647,0.9565102635312291,0.00011884207597627654,426402.0,782340.0,355819051.0,755599446.0,985724.0,1030542.0,377122325.0,336300713.0
18.4,x264,STREAM,5,1.8555050354547578,18222.5,0.0007405080526170923,595875.0,858605.0,658327531.0,354796952.0,29855744.0,1.8555050354547578,0.6940036454481397,0.0007405080526170923,0.9204610807875073,0.9497546601951368,0.00014789108197393457,595875.0,858605.0,354796952.0,658327531.0,1054316.0,1110093.0,377149178.0,347151140.0
18.5,x264,STREAM,5,1.878200720644333,17878.399999999998,0.0007915353419442519,578833.0,857922.0,662238479.0,352591963.0,29291970.56,1.878200720644333,0.6746918717552411,0.0007915353419442519,0.9480803873754463,0.9566561947771451,0.00013579518274610058,578833.0,857922.0,352591963.0,662238479.0,1130362.0,1181576.0,377141508.0,357560467.0
18.6,x264,STREAM,5,1.884059291249026,18620.0,0.000810054578760801,607512.0,889060.0,654836278.0,347566704.0,30507008.0,1.884059291249026,0.6833194610037567,0.000810054578760801,1.353920156237591,0.8812300993809671,0.0002479017647340694,607512.0,889060.0,347566704.0,654836278.0,703523.0,798342.0,382486184.0,517855754.0
18.7,x264,STREAM,5,1.973168013973205,4858.0,0.0010370612337447234,529693.0,895587.0,696169439.0,352818125.0,7959347.2,1.973168013973205,0.5914478437047433,0.0010370612337447234,0.6121383344587679,0.32217381334556294,3.1354563967175455e-05,529693.0,895587.0,352818125.0,696169439.0,5620.0,17444.0,377106185.0,230841152.0
18.8,x264,STREAM,5,1.986240046089357,6970.2,0.00121938356868627,472367.0,904229.0,703455107.0,354164195.0,11419975.68,1.986240046089357,0.5223975342529381,0.00121938356868627,0.8053288343064444,0.9658861385275563,7.26438455935134e-05,472367.0,904229.0,354164195.0,703455107.0,775651.0,803046.0,377113846.0,303700654.0
18.9,x264,STREAM,5,1.9416550138305413,18875.3,0.000925894526770086,527770.0,856123.0,688575459.0,354633266.0,30925291.52,1.9416550138305413,0.616465157459851,0.000925894526770086,0.8868777992003865,0.9556984788541689,0.00012769868096001704,527770.0,856123.0,354633266.0,688575459.0,1038979.0,1087141.0,377153465.0,334489035.0
19.0,x264,STREAM,5,1.8878443750113763,17941.8,0.0008560163970282265,582398.0,885778.0,669069224.0,354409099.0,29395845.12,1.8878443750113763,0.6574988315356669,0.0008560163970282265,0.8749945074652448,0.9507262854450803,0.00013286040132826042,582398.0,885778.0,354409099.0,669069224.0,966650.0,1016749.0,377079999.0,329942928.0
19.1,x264,STREAM,5,1.8807721878432957,17842.9,0.0008569157017660027,577777.0,881504.0,666624842.0,354442099.0,29233807.36,1.8807721878432957,0.6554445583911134,0.0008569157017660027,0.972901514364225,0.9548525212850317,0.00013874869472951706,577777.0,881504.0,354442099.0,666624842.0,1106591.0,1158913.0,377099043.0,366880230.0
19.2,x264,STREAM,5,1.886768004410815,18722.5,0.000829024733119483,581473.0,875819.0,669898729.0,355050927.0,30674944.0,1.886768004410815,0.6639191431106198,0.000829024733119483,0.9056687779414069,0.955129054290025,0.00013832982551181786,581473.0,875819.0,355050927.0,669898729.0,1110370.0,1162534.0,377098719.0,341526536.0
19.3,x264,STREAM,5,1.8924840130589828,17952.799999999996,0.0008053884482218629,530808.0,817278.0,673140888.0,355691717.0,29413867.519999996,1.8924840130589828,0.6494827953279055,0.0008053884482218629,0.8951529770859724,0.9522585494614202,0.0001300058730530313,530808.0,817278.0,355691717.0,673140888.0,978020.0,1027053.0,377159884.0,337615793.0
19.4,x264,STREAM,5,1.8975240626724224,17319.6,0.0008555964976581997,591982.0,894564.0,671060047.0,353650349.0,28376432.639999997,1.8975240626724224,0.6617547766286146,0.0008555964976581997,1.2937194205985327,0.8002807774894373,0.00023942715179005807,591982.0,894564.0,353650349.0,671060047.0,357419.0,446617.0,372547555.0,481972007.0
19.5,x264,STREAM,5,1.9981023146134904,3636.1000000000004,0.001105311279570559,514741.0,907064.0,709213331.0,354943451.0,5957386.24,1.9981023146134904,0.5674803541977193,0.001105311279570559,0.563975488006371,0.5257691468470435,2.882425245599633e-05,514741.0,907064.0,354943451.0,709213331.0,12048.0,22915.0,377008910.0,212623784.0
19.6,x264,STREAM,5,1.9087477348977742,8774.300000000001,0.001019080685025772,515631.0,877701.0,678160525.0,355290808.0,14375813.120000001,1.9087477348977742,0.5874791073497695,0.001019080685025772,0.9254005671050247,0.9633954548320558,0.00010773565462497364,515631.0,877701.0,355290808.0,678160525.0,1069552.0,1110190.0,377201031.0,349062048.0
19.7,x264,STREAM,5,1.9279099241765343,17574.3,0.0010431530288773994,545013.0,914373.0,682635040.0,354080360.0,28793733.12,1.9279099241765343,0.5960510644999361,0.0010431530288773994,0.8724468340571674,0.9476593295410258,0.0001463665679497114,545013.0,914373.0,354080360.0,682635040.0,999393.0,1054591.0,377121639.0,329018580.0
19.8,x264,STREAM,5,1.727205700418326,18103.800000000003,0.0009297190090725696,543523.0,869996.0,606512313.0,351152334.0,29661265.92,1.727205700418326,0.6247419528365648,0.0009297190090725696,1.0043454359443926,0.953684934406302,0.00014818627861871086,543523.0,869996.0,351152334.0,606512313.0,1139952.0,1195313.0,373590595.0,375214009.0
19.9,x264,STREAM,5,0.6825268503489218,18106.199999999997,0.00033010298188501815,290201.0,409350.0,246354611.0,360944937.0,29665198.08,0.6825268503489218,0.7089312324416758,0.00033010298188501815,0.8571177311897348,0.9685061322873021,9.376013139866747e-05,290201.0,409350.0,360944937.0,246354611.0,1097731.0,1133427.0,380716190.0,326318597.0
20.1,x264,STREAM,5,2.5803871507779363,17402.4,0.0019029817229307055,306557.0,984890.0,919799563.0,356457969.0,28512092.16,2.5803871507779363,0.31126014072637553,0.0019029817229307055,0.8814261121706124,0.9633209572487984,9.96050389711874e-05,306557.0,984890.0,356457969.0,919799563.0,986458.0,1024018.0,377089356.0,332376405.0
20.2,x264,STREAM,5,1.869567922188067,15495.599999999999,0.001083837313085206,291174.0,677301.0,666050748.0,356259187.0,25387991.04,1.869567922188067,0.4299033959790403,0.001083837313085206,1.0629448557572545,0.9627505326370849,0.00011243028844986514,291174.0,677301.0,356259187.0,666050748.0,1096259.0,1138674.0,377255992.0,401002316.0
20.3,x264,STREAM,5,1.9353287606868563,3622.5,0.0011285850280303002,506965.0,906385.0,684936442.0,353912191.0,5935104.0,1.9353287606868563,0.5593263348356383,0.0011285850280303002,1.0627092714545439,0.29479455463140686,0.0002131125203225712,506965.0,906385.0,353912191.0,684936442.0,33175.0,112536.0,372390134.0,395742448.0
20.4,x264,STREAM,5,1.9428707688812368,10596.900000000001,0.0010605490613676818,524325.0,902040.0,691954252.0,356150426.0,17361960.96,1.9428707688812368,0.5812657975256086,0.0010605490613676818,0.6377737167842983,0.9565324814121055,4.012368884211364e-05,524325.0,902040.0,356150426.0,691954252.0,332946.0,348076.0,377083973.0,240494247.0
20.5,x264,STREAM,5,1.9451236905686842,17891.5,0.0009777491849091984,538064.0,885652.0,691487821.0,355498123.0,29313433.6,1.9451236905686842,0.607534336285584,0.0009777491849091984,0.9805780851931105,0.9618145149962415,0.0001200273444527364,538064.0,885652.0,355498123.0,691487821.0,1129806.0,1174661.0,373706510.0,366448414.0
20.6,x264,STREAM,5,1.920890551665932,18727.5,0.000917948679015821,540267.0,866244.0,682136326.0,355114624.0,30683136.0,1.920890551665932,0.6236891684098245,0.000917948679015821,0.8777596148695505,0.9561525358469019,0.0001357577611615366,540267.0,866244.0,355114624.0,682136326.0,1095136.0,1145357.0,369930968.0,324710464.0
20.7,x264,STREAM,5,1.9060304587284271,17894.100000000002,0.0007989119861900449,552903.0,837268.0,678433120.0,355940335.0,29317693.44,1.9060304587284271,0.6603656176994702,0.0007989119861900449,0.8967950941000443,0.9520499261492239,0.0001260315357242868,552903.0,837268.0,355940335.0,678433120.0,944305.0,991865.0,377365869.0,338419860.0
20.8,x264,STREAM,5,1.8773175779588043,17741.0,0.0008005374113312499,582008.0,867669.0,669895509.0,356836540.0,29066854.4,1.8773175779588043,0.6707719187846979,0.0008005374113312499,0.8969400396230732,0.9508665811100513,0.00014233586255449186,582008.0,867669.0,356836540.0,669895509.0,1038778.0,1092454.0,377108053.0,338243312.0
20.9,x264,STREAM,5,1.8895516044069192,18710.4,0.0008349156746569112,591291.0,887160.0,669600249.0,354369919.0,30655119.36,1.8895516044069192,0.6664987150006764,0.0008349156746569112,0.9637269424530592,0.9561177282389547,0.0001381021366111298,591291.0,887160.0,354369919.0,669600249.0,1134819.0,1186903.0,377141160.0,363461097.0
21.0,x264,STREAM,5,1.8827119868103832,13872.7,0.0008218396353800243,605102.0,896511.0,667574541.0,354581341.0,22729031.68,1.8827119868103832,0.674952119940525,0.0008218396353800243,1.3694154022235774,0.8667512132646078,0.0002850024678415255,605102.0,896511.0,354581341.0,667574541.0,690285.0,796405.0,372347653.0,509898611.0
21.1,x264,STREAM,5,1.970057574444672,3699.3,0.0010820740846372652,539561.0,923818.0,699590189.0,355111545.0,6060933.12,1.970057574444672,0.5840555174287576,0.0010820740846372652,0.6132773557005222,0.5077566810089607,3.3065277871964326e-05,539561.0,923818.0,355111545.0,699590189.0,12863.0,25333.0,377132775.0,231286991.0
21.2,x264,STREAM,5,2.0127324380317226,12203.800000000001,0.0013098027821839314,460752.0,926071.0,715040965.0,355258827.0,19994705.92,2.0127324380317226,0.49753420634055057,0.0013098027821839314,0.7938987597505732,0.9679837585982964,6.727146228308752e-05,460752.0,926071.0,355258827.0,715040965.0,767645.0,793035.0,377426016.0,299638046.0
21.3,x264,STREAM,5,1.9241031413100869,17894.3,0.0009505891893775923,508453.0,846120.0,683477303.0,355218641.0,29318021.12,1.9241031413100869,0.6009230369214769,0.0009505891893775923,0.8881622869255722,0.9565148216849384,0.0001232643068955252,508453.0,846120.0,355218641.0,683477303.0,1022038.0,1068502.0,376946102.0,334789312.0
21.4,x264,STREAM,5,1.8836254226468645,17881.100000000002,0.0008417821470414903,584970.0,885394.0,672247904.0,356890439.0,29296394.240000002,1.8836254226468645,0.6606889136361891,0.0008417821470414903,0.8630292132848532,0.9497977519638399,0.00013452462075714194,584970.0,885394.0,356890439.0,672247904.0,959669.0,1010393.0,377061089.0,325414735.0
21.5,x264,STREAM,5,1.8733063150989435,18736.7,0.0008191205668811324,590970.0,881700.0,664891552.0,354929435.0,30698209.28,1.8733063150989435,0.6702619938754678,0.0008191205668811324,0.9992801470298213,0.9575246363031121,0.00013315631737765033,590970.0,881700.0,354929435.0,664891552.0,1131887.0,1182097.0,377075613.0,376804174.0
21.6,x264,STREAM,5,1.8863472819464797,17790.1,0.0008227158105959466,575367.0,865308.0,664785349.0,352419385.0,29147299.84,1.8863472819464797,0.6649274015726192,0.0008227158105959466,0.8735046188421955,0.9555353487833221,0.0001355612698701153,575367.0,865308.0,352419385.0,664785349.0,1088672.0,1139332.0,373705558.0,326433531.0
21.7,x264,STREAM,5,1.8917926444263076,17901.5,0.0007932841503764118,589186.0,875075.0,681776772.0,360386628.0,29329817.6,1.8917926444263076,0.6732977173385138,0.0007932841503764118,0.8985890586942503,0.9523102546368066,0.0001260876273014737,589186.0,875075.0,360386628.0,681776772.0,958306.0,1006296.0,380608320.0,342010472.0
21.8,x264,STREAM,5,1.9797059107462778,12855.3,0.0009350517209678015,547504.0,879595.0,703108182.0,355157894.0,21062123.52,1.9797059107462778,0.622450104877813,0.0009350517209678015,1.3068626410007027,0.8182544666901287,0.0002509328512570524,547504.0,879595.0,355157894.0,703108182.0,420834.0,514307.0,372502044.0,486809005.0
21.9,x264,STREAM,5,1.972440099190582,3809.4,0.0010618772445835163,507960.0,884358.0,699160390.0,354464701.0,6241320.96,1.972440099190582,0.574382772587572,0.0010618772445835163,0.569610727277862,0.5805320197044335,2.8225212481303516e-05,507960.0,884358.0,354464701.0,699160390.0,14731.0,25375.0,377109650.0,214805702.0
22.0,x264,STREAM,5,1.9252227466963787,13922.8,0.0010583901225147284,513947.0,890017.0,684075279.0,355322666.0,22811115.52,1.9252227466963787,0.5774575092385876,0.0010583901225147284,0.8958408168431855,0.9662792150271424,9.447398135486472e-05,513947.0,890017.0,355322666.0,684075279.0,1021017.0,1056648.0,377151460.0,337867672.0
22.2,x264,STREAM,5,1.8950659829151801,17805.8,0.0008824762073123568,590722.0,905245.0,675419726.0,356409609.0,29173022.72,1.8950659829151801,0.6525548332219454,0.0008824762073123568,0.9104134143074261,0.953608954313585,0.0001363039823904765,590722.0,905245.0,356409609.0,675419726.0,1056963.0,1108382.0,377237694.0,343442257.0
22.3,x264,STREAM,5,1.900342741618124,18547.7,0.0008231225111011036,585394.0,877128.0,673526215.0,354423547.0,30388551.68,1.900342741618124,0.6673986008883538,0.0008231225111011036,0.9526454615020218,0.9556462674890011,0.0001389112427803606,585394.0,877128.0,354423547.0,673526215.0,1128645.0,1181028.0,377096907.0,359239657.0
22.4,x264,STREAM,5,1.905669029430241,17996.100000000002,0.0008321580960580602,573386.0,869935.0,679106828.0,356361371.0,29484810.240000002,1.905669029430241,0.659113611936524,0.0008321580960580602,0.8852909862104951,0.951962501306965,0.0001363967710049171,573386.0,869935.0,356361371.0,679106828.0,1019727.0,1071184.0,377259664.0,333984580.0
22.5,x264,STREAM,5,1.946750053377367,17861.7,0.0009051010220976213,562173.0,884150.0,692529040.0,355735981.0,29264609.28,1.946750053377367,0.6358344172368942,0.0009051010220976213,0.8708103909786771,0.9507689674203363,0.00013269334112263385,562173.0,884150.0,355735981.0,692529040.0,966450.0,1016493.0,377132715.0,328411087.0
22.6,x264,STREAM,5,1.8934082663592346,11191.6,0.0008033858630679176,555059.0,841112.0,674165603.0,356059290.0,18336317.44,1.8934082663592346,0.6599109274389142,0.0008033858630679176,1.0273654578367868,0.9558833607307521,0.00013482447357746237,555059.0,841112.0,356059290.0,674165603.0,1101928.0,1152785.0,377208964.0,387531460.0
22.7,x264,STREAM,5,1.9369715599836568,3794.2000000000003,0.0008302218008816036,569482.0,862864.0,684482857.0,353377856.0,6216417.28,1.9369715599836568,0.6599904504070166,0.0008302218008816036,1.1153829673500484,0.3448483128245371,0.00020865573810591433,569482.0,862864.0,353377856.0,684482857.0,41308.0,119786.0,376112350.0,419509309.0
22.8,x264,STREAM,5,1.9484413731195611,14913.5,0.0011047040895872373,510822.0,904436.0,694243653.0,356307181.0,24434278.4,1.9484413731195611,0.5647961823722187,0.0011047040895872373,0.6142208381230227,0.9518080454391429,3.958688659528715e-05,510822.0,904436.0,356307181.0,694243653.0,294932.0,309865.0,377220875.0,231696922.0
22.9,x264,STREAM,5,1.9139652627346002,18570.4,0.0010301233310853215,526552.0,893921.0,682570216.0,356626230.0,30425743.36,1.9139652627346002,0.589036391358968,0.0010301233310853215,0.9994719849469329,0.9625588513606451,0.00011982767408915653,526552.0,893921.0,356626230.0,682570216.0,1161668.0,1206854.0,377091522.0,376892412.0
23.1,x264,STREAM,5,1.9556636179327058,17867.9,0.0009721098789398838,553807.0,900439.0,697344617.0,356576975.0,29274767.36,1.9556636179327058,0.6150411077263424,0.0009721098789398838,0.8982129534187668,0.9511427625041404,0.00012828021804465862,553807.0,900439.0,356576975.0,697344617.0,941852.0,990232.0,377143107.0,338754824.0
23.2,x264,STREAM,5,2.2833055856888325,17440.4,0.001267809940015811,347915.0,798159.0,810882300.0,355135250.0,28574351.36,2.2833055856888325,0.43589685764365244,0.001267809940015811,0.8999424118129806,0.9582467922507436,0.00012239670851183024,347915.0,798159.0,355135250.0,810882300.0,1059292.0,1105448.0,377101644.0,339369763.0
23.3,x264,STREAM,5,1.8713514468923464,18408.1,0.0007694515130663489,587349.0,861686.0,667203759.0,356535786.0,30159831.04,1.8713514468923464,0.681627646265577,0.0007694515130663489,0.9644538403055906,0.9577616024214188,0.00013296490120301424,587349.0,861686.0,356535786.0,667203759.0,1137249.0,1187403.0,377197287.0,363789372.0
23.4,x264,STREAM,5,1.8853730851907573,17891.3,0.0008273212983761084,603466.0,897824.0,670809094.0,355796473.0,29313105.919999998,1.8853730851907573,0.6721428698720462,0.0008273212983761084,1.366346146707035,0.8745479487816052,0.0002631467861081194,603466.0,897824.0,355796473.0,670809094.0,683405.0,781438.0,372541126.0,509020132.0
23.5,x264,STREAM,5,1.9794224539753063,9535.699999999999,0.0010361304733053343,538018.0,902405.0,696124502.0,351680613.0,15623290.879999999,1.9794224539753063,0.5962045866323878,0.0010361304733053343,0.6107685157737248,0.33038566864445457,3.1129010240428574e-05,538018.0,902405.0,351680613.0,696124502.0,5791.0,17528.0,377043790.0,230286476.0
23.6,x264,STREAM,5,1.9877720756337496,3796.6000000000004,0.0012214808407034277,456614.0,892180.0,708816629.0,356588483.0,6220349.44,1.9877720756337496,0.5117958259544039,0.0012214808407034277,0.7936396485388401,0.9696232375211957,6.82561141641219e-05,456614.0,892180.0,356588483.0,708816629.0,821714.0,847457.0,377153026.0,299323595.0
23.7,x264,STREAM,5,1.917561925863242,16562.0,0.0009554057875028945,529069.0,869397.0,683060563.0,356213040.0,27135180.8,1.917561925863242,0.6085470734313553,0.0009554057875028945,0.8848506786680748,0.9564602043422011,0.00012247483356468724,529069.0,869397.0,356213040.0,683060563.0,1015052.0,1061259.0,377277508.0,333834259.0
23.8,x264,STREAM,5,1.9026014946223362,18440.9,0.0008337641798055777,574354.0,871752.0,678644985.0,356693184.0,30213570.560000002,1.9026014946223362,0.6588502234580477,0.0008337641798055777,0.8635353913294703,0.9509394112298717,0.00013288448414195802,574354.0,871752.0,356693184.0,678644985.0,971629.0,1021757.0,377229895.0,325751365.0
23.9,x264,STREAM,5,1.8757426040248226,18016.9,0.0008089233331838721,590209.0,878827.0,669251407.0,356792774.0,29518888.96,1.8757426040248226,0.6715872407197321,0.0008089233331838721,0.9984730177413904,0.9568974775476232,0.0001362215490812695,590209.0,878827.0,356792774.0,669251407.0,1140484.0,1191856.0,377120950.0,376545093.0
24.0,x264,STREAM,5,1.8829585936675228,17831.0,0.0008033020574343141,591680.0,877989.0,671114915.0,356415121.0,29214310.4,1.8829585936675228,0.6739036593852542,0.0008033020574343141,0.876926791913915,0.9553642305881781,0.00013624889189245198,591680.0,877989.0,356415121.0,671114915.0,1099993.0,1151386.0,377199398.0,330776258.0
24.1,x264,STREAM,5,1.9380048979506646,18351.6,0.0008645208061630568,571597.0,879767.0,690827757.0,356463370.0,30067261.439999998,1.9380048979506646,0.649714072021342,0.0008645208061630568,0.9002910852258396,0.951237112363061,0.00012827818855926546,571597.0,879767.0,356463370.0,690827757.0,943846.0,992230.0,377180256.0,339572022.0
24.3,x264,STREAM,5,1.9508993139556707,7737.299999999999,0.0009537512074250696,537518.0,874688.0,689681666.0,353519867.0,12676792.319999998,1.9508993139556707,0.61452540791688,0.0009537512074250696,1.3057605821935838,0.8029336684907766,0.00027105080062580486,537518.0,874688.0,353519867.0,689681666.0,411420.0,512396.0,372535332.0,486441952.0
24.4,x264,STREAM,5,1.9484472213142567,3839.2,0.0010082101366699796,527803.0,886899.0,693981917.0,356171781.0,6290145.279999999,1.9484472213142567,0.5951106044769472,0.0010082101366699796,0.5647523751962091,0.628295057813651,3.0772912871202644e-05,527803.0,886899.0,356171781.0,693981917.0,19616.0,31221.0,377117371.0,212977931.0
24.5,x264,STREAM,5,1.9316253675848196,18082.4,0.0011421915364403451,492204.0,897127.0,684788421.0,354514096.0,29626204.16,1.9316253675848196,0.5486447292300867,0.0011421915364403451,0.8856476201204901,0.9654171332990469,9.537859362878414e-05,492204.0,897127.0,354514096.0,684788421.0,1004280.0,1040255.0,377181070.0,334049517.0
24.6,x264,STREAM,5,1.8902901656603566,17917.5,0.0009211186951377646,589028.0,916626.0,672286081.0,355652319.0,29356032.0,1.8902901656603566,0.6426045082727306,0.0009211186951377646,0.9231294398197062,0.9559227994666709,0.00013259564483179817,589028.0,916626.0,355652319.0,672286081.0,1084742.0,1134759.0,377214501.0,348217811.0
24.7,x264,STREAM,5,1.9128599226627576,18718.399999999998,0.0008408169797603366,566261.0,863928.0,677192883.0,354021157.0,30668226.56,1.9128599226627576,0.655449296700651,0.0008408169797603366,0.9347930749845593,0.9568806701952589,0.0001350202031448532,566261.0,863928.0,354021157.0,677192883.0,1129190.0,1180074.0,376862120.0,352288100.0
24.8,x264,STREAM,5,1.953800808832212,17757.4,0.0009808045937780327,544495.0,895165.0,698548247.0,357532991.0,29093724.160000004,1.953800808832212,0.6082621639585998,0.0009808045937780327,0.8863922626831435,0.9542358108325282,0.00012825598863136384,544495.0,895165.0,357532991.0,698548247.0,1009404.0,1057814.0,377448262.0,334567219.0
24.9,x264,STREAM,5,1.8837485351127556,17811.199999999997,0.0008214316806867811,551359.0,844571.0,672408538.0,356952388.0,29181870.08,1.8837485351127556,0.652827293383268,0.0008214316806867811,0.8602617982057689,0.9507603622844487,0.00013212556047567756,551359.0,844571.0,356952388.0,672408538.0,961561.0,1011360.0,376906632.0,324238377.0
25.0,x264,STREAM,5,1.8634070319654963,18634.6,0.0008134711736458226,586750.0,877779.0,666656057.0,357761909.0,30530928.64,1.8634070319654963,0.6684484363376203,0.0008134711736458226,0.9994629259349106,0.9571841711892481,0.00013487501637053135,586750.0,877779.0,357761909.0,666656057.0,1137242.0,1188112.0,377163995.0,376961430.0
25.1,x264,STREAM,5,1.932383314017915,6528.200000000001,0.0008789377719921308,577419.0,889478.0,686075424.0,355041062.0,10695802.88,1.932383314017915,0.6491661401406218,0.0008789377719921308,1.1623856228333451,0.3187239921155045,0.00021697938469146148,577419.0,889478.0,355041062.0,686075424.0,37837.0,118714.0,372740480.0,433268175.0
25.2,x264,STREAM,5,1.954936777353021,5272.200000000001,0.0011186667932001223,516177.0,916044.0,698791373.0,357449602.0,8637972.48,1.954936777353021,0.563484941771356,0.0011186667932001223,0.6077671685466445,0.9507037621678506,3.5790496235508856e-05,516177.0,916044.0,357449602.0,698791373.0,260181.0,273672.0,376943642.0,229093970.0
25.3,x264,STREAM,5,1.9623830845111276,18060.3,0.0011255579073292232,507944.0,910191.0,701307950.0,357375660.0,29589995.52,1.9623830845111276,0.5580630878573838,0.0011255579073292232,0.9880884145115194,0.9626764586825133,0.00012000227387238515,507944.0,910191.0,357375660.0,701307950.0,1167689.0,1212961.0,377259518.0,372765759.0
25.4,x264,STREAM,5,1.9105364507979323,17743.0,0.0008493370324572686,539162.0,843019.0,683509434.0,357757861.0,29070131.200000003,1.9105364507979323,0.6395609114385322,0.0008493370324572686,0.8782796114291866,0.9551421725680213,0.0001336795543111249,539162.0,843019.0,357757861.0,683509434.0,1073533.0,1123951.0,377155656.0,331248123.0
25.5,x264,STREAM,5,1.8828208188482516,18606.8,0.0008353279322501296,586027.0,882783.0,668885061.0,355256886.0,30485381.12,1.8828208188482516,0.6638403775333236,0.0008353279322501296,0.8787028487275274,0.9517608682255746,0.00012657325001872447,586027.0,882783.0,355256886.0,668885061.0,942130.0,989881.0,377259808.0,331499268.0
25.6,x264,STREAM,5,1.8361994729074405,17904.7,0.0008469257910900083,586142.0,885787.0,649653130.0,353803135.0,29335060.48,1.8361994729074405,0.6617189008192714,0.0008469257910900083,0.9408389638196254,0.953823821556463,0.00013894518486750733,586142.0,885787.0,353803135.0,649653130.0,1082219.0,1134611.0,377069562.0,354761736.0
25.7,x264,STREAM,5,1.8898294369803237,17836.300000000003,0.0008256300245475318,585378.0,879163.0,672460454.0,355831294.0,29222993.92,1.8898294369803237,0.6658355731531013,0.0008256300245475318,0.9253604951914871,0.957076181206866,0.00013380074584826135,585378.0,879163.0,355831294.0,672460454.0,1124955.0,1175408.0,377075626.0,348930888.0
25.8,x264,STREAM,5,1.923344375277702,18487.7,0.0008339016274958425,580707.0,878291.0,686359750.0,356857440.0,30290247.680000003,1.923344375277702,0.6611783566039047,0.0008339016274958425,1.3617986972435008,0.8975783648737112,0.00021687808973984234,580707.0,878291.0,356857440.0,686359750.0,717096.0,798923.0,377294913.0,513799721.0
25.9,x264,STREAM,5,1.9920039074473372,5255.1,0.0010839879220998876,504225.0,889458.0,707928221.0,355384956.0,8609955.84,1.9920039074473372,0.5668901735663742,0.0010839879220998876,0.6366448628991161,0.2991534957490364,0.00010213381326460654,504225.0,889458.0,355384956.0,707928221.0,16221.0,54223.0,372080497.0,236883137.0
26.0,x264,STREAM,5,1.9290356899947267,6171.4,0.0010602035496232504,503366.0,879549.0,684463312.0,354821487.0,10111221.76,1.9290356899947267,0.5723001219943403,0.0010602035496232504,0.7627222743295544,0.969629028903043,6.116163844682788e-05,503366.0,879549.0,354821487.0,684463312.0,736505.0,759574.0,377180870.0,287684251.0
26.1,x264,STREAM,5,1.906849773376949,18649.4,0.0009567541775518283,555732.0,895315.0,676802654.0,354932341.0,30555176.96,1.906849773376949,0.6207111463563103,0.0009567541775518283,0.8929945103475132,0.9547353145684361,0.0001210575511694173,555732.0,895315.0,354932341.0,676802654.0,962525.0,1008159.0,376961202.0,336624284.0
26.2,x264,STREAM,5,2.331475748318838,17591.0,0.0014282837704869913,412187.0,919951.0,828854515.0,355506385.0,28821094.4,2.331475748318838,0.44805321152974453,0.0014282837704869913,0.8719446550732606,0.9574017536262864,0.00012372484276344925,412187.0,919951.0,355506385.0,828854515.0,1048016.0,1094646.0,376884698.0,328622598.0
26.4,x264,STREAM,5,1.8792382455435326,18580.899999999998,0.0006599258048220857,535119.0,770654.0,670721431.0,356911335.0,30442946.56,1.8792382455435326,0.6943699766691667,0.0006599258048220857,0.9909514711197482,0.9568129626508842,0.00013652373858386832,535119.0,770654.0,356911335.0,670721431.0,1141209.0,1192719.0,377297022.0,373883039.0
26.5,x264,STREAM,5,1.8870551796709403,17916.600000000002,0.0007923024655529744,566117.0,848054.0,671499458.0,355845163.0,29354557.44,1.8870551796709403,0.6675482929153096,0.0007923024655529744,0.8766960486318401,0.9549300885881229,0.00013368433892251298,566117.0,848054.0,355845163.0,671499458.0,1068350.0,1118773.0,377179559.0,330671829.0
26.6,x264,STREAM,5,1.8719996057003163,17893.2,0.0008241576987030202,591016.0,882521.0,662127219.0,353700512.0,29316218.88,1.8719996057003163,0.6696905796009387,0.0008241576987030202,0.8845519992529658,0.9531912008615201,0.0001263274719815351,591016.0,882521.0,353700512.0,662127219.0,970097.0,1017736.0,377107206.0,333570933.0
26.7,x264,STREAM,5,1.8996754337857091,4330.3,0.0008143962675374002,600466.0,887962.0,670618359.0,353017335.0,7094763.5200000005,1.8996754337857091,0.6762293881945398,0.0008143962675374002,1.3356553645326974,0.8361419336543663,0.000251218766878396,600466.0,887962.0,353017335.0,670618359.0,477672.0,571281.0,372619455.0,497691174.0
26.8,x264,STREAM,5,1.953209993585295,7645.5,0.0010829829609031892,540626.0,924624.0,692558201.0,354574369.0,12526387.2,1.953209993585295,0.5846982124625794,0.0010829829609031892,0.5724357179092903,0.5296797764882871,2.9009362457566717e-05,540626.0,924624.0,354574369.0,692558201.0,12323.0,23265.0,377188572.0,215916211.0
26.9,x264,STREAM,5,1.995252110260394,18712.7,0.0011993300256064833,487448.0,913167.0,708242698.0,354964014.0,30658887.68,1.995252110260394,0.5337994036140158,0.0011993300256064833,0.8583116080136406,0.9663070561175976,8.861312934227107e-05,487448.0,913167.0,354964014.0,708242698.0,958307.0,991721.0,377077305.0,323649828.0
27.0,x264,STREAM,5,1.9076455902481173,17915.4,0.0009043207411259233,527640.0,849617.0,679203712.0,356042923.0,29352591.36,1.9076455902481173,0.621032771236922,0.0009043207411259233,0.9637044831349134,0.9566554548568937,0.00013283843083810158,527640.0,849617.0,356042923.0,679203712.0,1105821.0,1155924.0,377172477.0,363482807.0
27.1,x264,STREAM,5,1.880288344140114,17777.1,0.0008323187283186554,571110.0,867323.0,669173758.0,355888904.0,29126000.64,1.880288344140114,0.6584744091878112,0.0008323187283186554,0.9047695814447908,0.9554870783656335,0.00013837687098701505,571110.0,867323.0,355888904.0,669173758.0,1120300.0,1172491.0,377165632.0,341247991.0
27.2,x264,STREAM,5,1.8852705398166087,18548.2,0.0008245568520068038,572747.0,866200.0,670952275.0,355891773.0,30389370.880000003,1.8852705398166087,0.6612179635188178,0.0008245568520068038,0.8951111151740985,0.9519323848099785,0.00013073086158236886,572747.0,866200.0,355891773.0,670952275.0,976497.0,1025805.0,377171843.0,337610709.0
27.3,x264,STREAM,5,1.8755087915029112,18116.1,0.0008068185567306615,596509.0,883510.0,667154832.0,355719384.0,29681418.24,1.8755087915029112,0.6751581759119875,0.0008068185567306615,0.8593910282067522,0.948145549577072,0.0001437848035333911,596509.0,883510.0,355719384.0,667154832.0,991911.0,1046159.0,377286046.0,324236243.0
27.4,x264,STREAM,5,1.9040680377291452,16725.8,0.0008053612292516733,573819.0,860558.0,677920100.0,356037750.0,27403550.72,1.9040680377291452,0.6667987515077427,0.0008053612292516733,1.0081155654500566,0.9569640916302642,0.00013702040673319634,573819.0,860558.0,356037750.0,677920100.0,1149022.0,1200695.0,377119009.0,380179543.0
27.5,x264,STREAM,5,1.9895494378526646,3697.2000000000003,0.0011058185276700298,538354.0,928799.0,702474783.0,353082346.0,6057492.48,1.9895494378526646,0.5796237937379347,0.0011058185276700298,1.1689497880436686,0.4097296942119572,0.00019294800261014888,538354.0,928799.0,353082346.0,702474783.0,49885.0,121751.0,372463042.0,435390594.0
27.6,x264,STREAM,5,1.9514844569240133,9515.9,0.0010730459815726041,509487.0,889337.0,690810444.0,353992286.0,15590850.56,1.9514844569240133,0.5728840698183029,0.0010730459815726041,0.6144893429664049,0.9449582176875335,3.8967191287571356e-05,509487.0,889337.0,353992286.0,690810444.0,252284.0,266979.0,377112117.0,231731377.0
27.7,x264,STREAM,5,1.9131085217436334,17840.7,0.0010833846927069026,522262.0,906542.0,678585684.0,354703184.0,29230202.88,1.9131085217436334,0.5761034789342359,0.0010833846927069026,0.9803961490286306,0.962764441557753,0.00011920365624289046,522262.0,906542.0,354703184.0,678585684.0,1162126.0,1207072.0,377052193.0,369660518.0
27.8,x264,STREAM,5,1.9002264818346615,18622.7,0.0008960948011949714,583974.0,902402.0,675246991.0,355350795.0,30511431.68,1.9002264818346615,0.6471328742622467,0.0008960948011949714,0.8799036900735598,0.9539944052895444,0.0001343386997560561,583974.0,902402.0,355350795.0,675246991.0,1050386.0,1101040.0,377061860.0,331778122.0
27.9,x264,STREAM,5,1.9182556325190634,17895.7,0.0008822508757528567,570410.0,884621.0,683180983.0,356146997.0,29320314.880000003,1.9182556325190634,0.6448072112237896,0.0008822508757528567,0.8840770514373423,0.9507625190170764,0.00013152422583377082,570410.0,884621.0,356146997.0,683180983.0,958033.0,1007647.0,377223281.0,333494446.0
28.0,x264,STREAM,5,1.9124984958567104,17685.1,0.0009281440832013403,549791.0,880218.0,680865344.0,356008303.0,28975267.84,1.9124984958567104,0.624607767621203,0.0009281440832013403,0.9429199585135086,0.9536712583369364,0.0001389168364002963,549791.0,880218.0,356008303.0,680865344.0,1078565.0,1130961.0,377175304.0,355646122.0
28.2,x264,STREAM,5,1.887116712346542,18873.2,0.0008039569820628502,587598.0,873105.0,670166493.0,355127210.0,30921850.88,1.887116712346542,0.6729980930128678,0.0008039569820628502,1.3592324910440994,0.8974751718238175,0.0002138806071817383,587598.0,873105.0,355127210.0,670166493.0,706050.0,786707.0,377112264.0,512583242.0
28.3,x264,STREAM,5,1.9347372785082781,14949.0,0.0010337730380448544,565089.0,932131.0,686930123.0,355050854.0,24492441.6,1.9347372785082781,0.6062334586018489,0.0010337730380448544,0.639428290038396,0.22857718481375358,9.248462815762336e-05,565089.0,932131.0,355050854.0,686930123.0,10211.0,44672.0,372613273.0,238259468.0
28.5,x264,STREAM,5,2.001329950453105,11139.7,0.0012420402945648287,463029.0,904743.0,711744588.0,355635805.0,18251284.48,2.001329950453105,0.5117795882366595,0.0012420402945648287,0.7639297731219072,0.9706244949547272,6.014621905392973e-05,463029.0,904743.0,355635805.0,711744588.0,749524.0,772208.0,377147564.0,288114253.0
28.6,x264,STREAM,5,1.9312558078546367,17791.0,0.0010976575367844684,495627.0,885802.0,686487096.0,355461505.0,29148774.4,1.9312558078546367,0.5595234600960486,0.0010976575367844684,0.8916451420222471,0.9573079754697327,0.00011561606492261355,495627.0,885802.0,355461505.0,686487096.0,977825.0,1021432.0,377170768.0,336302483.0
28.7,x264,STREAM,5,1.8920886152291176,18571.100000000002,0.0008708252750104258,572895.0,882001.0,671611126.0,354957543.0,30426890.240000002,1.8920886152291176,0.6495400798865307,0.0008708252750104258,0.870057981715688,0.9503213589762095,0.00013871353257409824,572895.0,882001.0,354957543.0,671611126.0,1000715.0,1053028.0,377129751.0,328124750.0
28.8,x264,STREAM,5,1.8828846371410353,18077.8,0.0008572368263017525,581267.0,883924.0,664773372.0,353061127.0,29618667.52,1.8828846371410353,0.6575983908118798,0.0008572368263017525,0.9908692705585743,0.9575001943282886,0.0001348445415844212,581267.0,883924.0,353061127.0,664773372.0,1145581.0,1196429.0,377086083.0,373643012.0
28.9,x264,STREAM,5,1.8805181300174185,17925.2,0.0008623450439046211,608159.0,914504.0,668047356.0,355246432.0,29368647.68,1.8805181300174185,0.6650151338867846,0.0008623450439046211,0.8797671427155317,0.9542047726707229,0.00013567598555128994,608159.0,914504.0,355246432.0,668047356.0,1066112.0,1117278.0,377119059.0,331776957.0
29.0,x264,STREAM,5,1.9074515771117297,18424.5,0.0008598863252033365,566964.0,871942.0,676520547.0,354672462.0,30186700.8,1.9074515771117297,0.6502313227255941,0.0008598863252033365,0.8920115018912499,0.9509874037049801,0.00013048140742168734,566964.0,871942.0,354672462.0,676520547.0,954740.0,1003946.0,377111199.0,336387527.0
29.1,x264,STREAM,5,1.977163879878832,13555.1,0.0010377264430374154,532604.0,897595.0,695411615.0,351721788.0,22208675.84,1.977163879878832,0.5933678329313332,0.0010377264430374154,1.330527712108962,0.8337685688599683,0.00025028753308537345,532604.0,897595.0,351721788.0,695411615.0,467424.0,560616.0,372339760.0,495408369.0
29.2,x264,STREAM,5,1.9416087549897199,3756.5999999999995,0.0009652174343592955,512581.0,855678.0,690165879.0,355460840.0,6154813.4399999995,1.9416087549897199,0.5990349173404014,0.0009652174343592955,0.5724632340379935,0.5419901199717714,2.9255712066411443e-05,512581.0,855678.0,355460840.0,690165879.0,13056.0,24089.0,377122935.0,215889015.0
29.3,x264,STREAM,5,2.290030349936393,12586.900000000001,0.0016131187596615938,451165.0,1025150.0,814845815.0,355823151.0,20622376.96,2.290030349936393,0.440096571233478,0.0016131187596615938,0.8641809097617777,0.9692542650817603,8.471558247297935e-05,451165.0,1025150.0,355823151.0,814845815.0,1007187.0,1039136.0,377132507.0,325910713.0
29.4,x264,STREAM,5,1.8670276024878605,17564.8,0.0005631675038950804,522900.0,723253.0,664215493.0,355760939.0,28778168.32,1.8670276024878605,0.7229835202895806,0.0005631675038950804,0.9557950116027772,0.9557677988805895,0.00013403626019945844,522900.0,723253.0,355760939.0,664215493.0,1092369.0,1142923.0,377166596.0,360493951.0
29.5,x264,STREAM,5,1.9102355432051796,17763.899999999998,0.0009074580300240291,543948.0,867406.0,680892061.0,356444033.0,29104373.759999998,1.9102355432051796,0.6270973454184084,0.0009074580300240291,0.9117798360762432,0.9558210976624866,0.00013733366268385243,543948.0,867406.0,356444033.0,680892061.0,1120727.0,1172528.0,377190843.0,343915005.0
29.6,x264,STREAM,5,1.8945765273030564,18866.6,0.0007741639913419791,557672.0,832538.0,672667132.0,355048805.0,30911037.439999998,1.8945765273030564,0.6698457007367832,0.0007741639913419791,0.8936751701783928,0.9532539600612424,0.0001284958156610813,557672.0,832538.0,355048805.0,672667132.0,988083.0,1036537.0,377086209.0,336992582.0
29.7,x264,STREAM,5,1.8693235160638708,17899.4,0.0008256908504798056,595513.0,889017.0,664478635.0,355464760.0,29326376.96,1.8693235160638708,0.669855582064235,0.0008256908504798056,0.8530921204078952,0.9492186771634689,0.00013719836619694004,595513.0,889017.0,355464760.0,664478635.0,967232.0,1018977.0,377154637.0,321747649.0
29.8,x264,STREAM,5,1.8787796053314496,17733.7,0.000837335841133233,582799.0,880576.0,668139744.0,355624333.0,29054894.080000002,1.8787796053314496,0.6618383876008431,0.000837335841133233,1.0088854342760842,0.9573829886112435,0.00013593892900521924,582799.0,880576.0,355624333.0,668139744.0,1151591.0,1202853.0,377095806.0,380446466.0
29.9,x264,STREAM,5,1.930666386605739,12429.5,0.000966009605168105,570707.0,910696.0,679501871.0,351951987.0,20364492.8,1.930666386605739,0.6266712492423377,0.000966009605168105,1.1732163218601797,0.3803142653987701,0.00021295402720008933,570707.0,910696.0,351951987.0,679501871.0,48673.0,127981.0,372418409.0,436927356.0
30.0,x264,STREAM,5,2.025156342859712,3652.3,0.001156136908747068,504043.0,913121.0,716564708.0,353831797.0,5983928.32,2.025156342859712,0.5520002277901833,0.001156136908747068,0.6143433030049672,0.9488790967069225,3.7964689147639295e-05,504043.0,913121.0,353831797.0,716564708.0,265726.0,280042.0,377087244.0,231661023.0
30.1,x264,STREAM,5,1.9431111024029686,14285.5,0.0011064960520753638,476042.0,868982.0,690039585.0,355121014.0,23405363.2,1.9431111024029686,0.5478157200034063,0.0011064960520753638,0.9848889945536357,0.9623587515304923,0.00012105783691227592,476042.0,868982.0,355121014.0,690039585.0,1167192.0,1212845.0,377117262.0,371418641.0
30.2,x264,STREAM,5,1.9061262272453197,18204.9,0.000881160961916163,546333.0,859313.0,677037922.0,355190497.0,29826908.16,1.9061262272453197,0.6357788140060723,0.000881160961916163,0.883139766746766,0.9543524881914441,0.00013518533798991632,546333.0,859313.0,355190497.0,677037922.0,1065797.0,1116775.0,377097108.0,333029452.0
30.3,x264,STREAM,5,1.883272378005897,17899.8,0.0008594629860692652,588686.0,894226.0,669505321.0,355501057.0,29327032.32,1.883272378005897,0.6583190379165893,0.0008594629860692652,0.8871946166051499,0.9499573440563558,0.0001329958056613194,588686.0,894226.0,355501057.0,669505321.0,952052.0,1002205.0,377102118.0,334562969.0
30.4,x264,STREAM,5,1.889719848527213,18236.7,0.000816303064718881,537330.0,827608.0,671985837.0,355600772.0,29879009.28,1.889719848527213,0.64925665290814,0.000816303064718881,0.9339723596325128,0.9519739447145655,0.00014280195807758034,537330.0,827608.0,355600772.0,671985837.0,1067456.0,1121308.0,377109675.0,352210013.0
30.6,x264,STREAM,5,1.871862450975919,17893.5,0.0008516262925803513,588166.0,889810.0,663009212.0,354197613.0,29316710.400000002,1.871862450975919,0.6610017868983266,0.0008516262925803513,0.9332198163240357,0.9569982105931527,0.00013432588008986584,588166.0,889810.0,354197613.0,663009212.0,1127386.0,1178044.0,377127624.0,351942972.0
30.7,x264,STREAM,5,1.937067975876238,10053.199999999999,0.0008299399779467487,569091.0,863922.0,688131315.0,355243762.0,16471162.879999999,1.937067975876238,0.6587296075340134,0.0008299399779467487,1.3709721872316367,0.886403222836554,0.00024207731880363545,569091.0,863922.0,355243762.0,688131315.0,712459.0,803764.0,377172882.0,517093531.0
30.8,x264,STREAM,5,2.0091935217561785,3059.3,0.001652797050056369,386716.0,972041.0,711539991.0,354142089.0,5012357.12,2.0091935217561785,0.3978391857956609,0.001652797050056369,0.6208559458767209,0.3843806219480853,5.138634929554914e-05,386716.0,972041.0,354142089.0,711539991.0,11965.0,31128.0,372920051.0,231529631.0
30.9,x264,STREAM,5,2.033855033939204,15013.5,0.0017655837039111137,333907.0,955586.0,716139915.0,352109616.0,24598118.4,2.033855033939204,0.34942642525110246,0.0017655837039111137,0.7803877648627023,0.9682591922416159,6.624065273956608e-05,333907.0,955586.0,352109616.0,716139915.0,761989.0,786968.0,377094714.0,294280101.0
31.0,x264,STREAM,5,1.1331121273140252,20123.9,0.0006993161174729459,385153.0,637469.0,408831303.0,360803925.0,32970997.76,1.1331121273140252,0.6041909488932011,0.0006993161174729459,0.8881993580360202,0.9580985845535539,0.00011630185652257845,385153.0,637469.0,360803925.0,408831303.0,1012692.0,1056981.0,380810774.0,338235885.0
31.1,x264,STREAM,5,1.572363074019188,17586.199999999997,0.0010542689519298962,290748.0,666146.0,559877963.0,356074225.0,28813230.08,1.572363074019188,0.4364628775073332,0.0010542689519298962,0.8439796282301419,0.967242450889653,9.028216610749206e-05,290748.0,666146.0,356074225.0,559877963.0,1005346.0,1039394.0,377128745.0,318288978.0
31.2,x264,STREAM,5,2.31515202313039,17108.2,0.001446268193256056,255851.0,772350.0,826799421.0,357125326.0,28030074.88,2.31515202313039,0.33126302841975785,0.001446268193256056,1.005396021106972,0.9669093299531867,0.00010782085359860876,255851.0,772350.0,357125326.0,826799421.0,1188465.0,1229138.0,377227583.0,379263111.0
31.3,x264,STREAM,5,1.8366106166084584,18719.6,0.0012580923279020308,406812.0,855347.0,654788305.0,356519939.0,30670192.64,1.8366106166084584,0.47561048323078237,0.0012580923279020308,0.8694947131318684,0.9633342454604137,0.00011079653944821394,406812.0,855347.0,356519939.0,654788305.0,1098386.0,1140192.0,377322254.0,328079705.0
31.4,x264,STREAM,5,1.889927142056765,17841.300000000003,0.0009287908642126309,542556.0,873870.0,674166107.0,356715395.0,29231185.92,1.889927142056765,0.6208658038380995,0.0009287908642126309,0.883587126177081,0.9546585761422739,0.00012040936574715348,542556.0,873870.0,356715395.0,674166107.0,955934.0,1001336.0,377063692.0,333168624.0
31.5,x264,STREAM,5,1.9054379512750228,8889.8,0.000820536038842954,582457.0,873086.0,674894825.0,354194071.0,14565048.32,1.9054379512750228,0.6671244298957949,0.000820536038842954,1.3300823387076113,0.8404936790014983,0.00023980711557385228,582457.0,873086.0,354194071.0,674894825.0,470642.0,559959.0,372453502.0,495393825.0
31.6,x264,STREAM,5,1.9724770678949288,3623.8999999999996,0.001050113565014557,540486.0,912767.0,699272688.0,354514990.0,5937397.76,1.9724770678949288,0.5921401628235903,0.001050113565014557,0.5728873240753004,0.4625311840337747,2.9704098839777734e-05,540486.0,912767.0,354514990.0,699272688.0,9641.0,20844.0,377153337.0,216066366.0
31.7,x264,STREAM,5,1.9862383314248648,17268.1,0.0011556529146150112,481446.0,891702.0,705113259.0,354999321.0,28292055.04,1.9862383314248648,0.539918044369083,0.0011556529146150112,0.8651583087127541,0.9660113292245534,9.040216136246636e-05,481446.0,891702.0,354999321.0,705113259.0,968806.0,1002893.0,377059569.0,326216219.0
31.8,x264,STREAM,5,1.901786980036157,18183.1,0.0008672486566041436,530300.0,837921.0,674581169.0,354709111.0,29791191.04,1.901786980036157,0.6328758916413361,0.0008672486566041436,0.9555546364444258,0.9550215014172482,0.00013637901410582076,530300.0,837921.0,354709111.0,674581169.0,1091984.0,1143413.0,377103474.0,360342973.0
31.9,x264,STREAM,5,1.8929770078235784,18441.3,0.0008364033253785267,572324.0,869638.0,672891354.0,355467262.0,30214225.919999998,1.8929770078235784,0.6581175155639473,0.0008364033253785267,0.9202918138431435,0.9548132741545595,0.00014049885997012308,572324.0,869638.0,355467262.0,672891354.0,1120587.0,1173619.0,377455020.0,347368765.0
32.0,x264,STREAM,5,1.8959700946317948,17875.2,0.0008374808435737421,594463.0,890617.0,670462055.0,353624805.0,29286727.68,1.8959700946317948,0.6674732236191314,0.0008374808435737421,0.8928265193630534,0.9522030411855623,0.0001339208187487236,594463.0,890617.0,353624805.0,670462055.0,1005435.0,1055904.0,376857015.0,336467937.0
32.1,x264,STREAM,5,1.8842483773393826,18043.0,0.0008356679714679298,595818.0,892476.0,668898862.0,354995058.0,29561651.2,1.8842483773393826,0.6676011455770239,0.0008356679714679298,0.8657149877508351,0.9480221113028875,0.00014182561144137162,595818.0,892476.0,354995058.0,668898862.0,975492.0,1028976.0,377111013.0,326470656.0
32.2,x264,STREAM,5,1.8789783895735088,18605.6,0.0008239642346194566,593461.0,886010.0,667132414.0,355050605.0,30483415.04,1.8789783895735088,0.6698129817947879,0.0008239642346194566,1.009764709155314,0.9563125882115734,0.00013788642390559952,593461.0,886010.0,355050605.0,667132414.0,1138318.0,1190320.0,377136476.0,380819104.0
32.3,x264,STREAM,5,1.9867222259482387,6931.5,0.0010349983330007074,546202.0,910814.0,699887856.0,352282693.0,11356569.6,1.9867222259482387,0.599685555997163,0.0010349983330007074,1.1608772766819235,0.32918405791748234,0.00019505574866431492,546202.0,910814.0,352282693.0,699887856.0,35648.0,108292.0,372426860.0,432341879.0
32.4,x264,STREAM,5,1.9857259809763785,5026.1,0.0011393921478160907,480098.0,885840.0,707124788.0,356103911.0,8234762.24,1.9857259809763785,0.5419692043709925,0.0011393921478160907,0.6053903054935748,0.9491694937815465,3.746195685120727e-05,480098.0,885840.0,356103911.0,707124788.0,263834.0,277963.0,377155952.0,228326557.0
32.5,x264,STREAM,5,1.9325349474358793,17882.8,0.0010949316036314319,479200.0,866813.0,684130101.0,354006587.0,29299179.52,1.9325349474358793,0.5528297337488016,0.0010949316036314319,1.0028414365970881,0.9642056496860238,0.00011585967050389477,479200.0,866813.0,354006587.0,684130101.0,1176328.0,1219997.0,376912862.0,377983836.0
32.7,x264,STREAM,5,1.8933256728361425,18803.3,0.0008679010419045215,591999.0,899568.0,670961614.0,354382568.0,30807326.72,1.8933256728361425,0.6580925510911905,0.0008679010419045215,0.8780543678066035,0.9545870874915761,0.00013630018998151187,591999.0,899568.0,354382568.0,670961614.0,1080773.0,1132189.0,377226180.0,331225095.0
32.8,x264,STREAM,5,1.8928289118955839,17907.9,0.0007958315335354686,580907.0,862324.0,669330394.0,353613784.0,29340303.360000003,1.8928289118955839,0.6736528265477941,0.0007958315335354686,0.8941926477727997,0.9500337650556872,0.0001314550476929859,580907.0,862324.0,353613784.0,669330394.0,942576.0,992150.0,377117508.0,337215703.0
32.9,x264,STREAM,5,1.8984489775276312,17759.100000000002,0.0008101028374019333,582914.0,869068.0,670592354.0,353231697.0,29096509.44,1.8984489775276312,0.6707346260591807,0.0008101028374019333,0.9142072949321971,0.9513003772086559,0.00014310638553786812,582914.0,869068.0,353231697.0,670592354.0,1054174.0,1108140.0,377104067.0,344751289.0
33.0,x264,STREAM,5,1.915041897356429,18640.8,0.0008113644976024636,571665.0,860437.0,681580819.0,355909090.0,30541086.72,1.915041897356429,0.6643891417965522,0.0008113644976024636,0.9527518100328828,0.9557747751349871,0.00013782813361458966,571665.0,860437.0,355909090.0,681580819.0,1123497.0,1175483.0,377179888.0,359358821.0
33.2,x264,STREAM,5,1.9621480740356088,5206.2,0.0009322103203285852,538792.0,870891.0,699013301.0,356249006.0,8529838.08,1.9621480740356088,0.6186675485221457,0.0009322103203285852,0.6115966370314592,0.4739445114595899,3.473039716225338e-05,538792.0,870891.0,356249006.0,699013301.0,11787.0,24870.0,376701710.0,230389499.0
33.3,x264,STREAM,5,1.9280153559514395,6185.599999999999,0.0010461068768598512,529709.0,902176.0,686471059.0,356050618.0,10134487.04,1.9280153559514395,0.587145967084028,0.0010461068768598512,0.7835325135237965,0.9702600885221886,6.319186648956713e-05,529709.0,902176.0,356050618.0,686471059.0,777548.0,801381.0,377152968.0,295511613.0
33.4,x264,STREAM,5,1.8815413235175715,18662.9,0.0009027953570519677,584168.0,905387.0,669461598.0,355804887.0,30577295.36,1.8815413235175715,0.6452135937449952,0.0009027953570519677,0.8868118064550797,0.9545254830928325,0.00012537878979055562,584168.0,905387.0,355804887.0,669461598.0,992822.0,1040121.0,377248816.0,334548704.0
33.5,x264,STREAM,5,1.891131807478798,17787.9,0.0008265189623612129,578973.0,873315.0,673474589.0,356122501.0,29143695.36,1.891131807478798,0.6629601003074492,0.0008265189623612129,0.8592096253239327,0.9494117107562436,0.00013749012637445182,578973.0,873315.0,356122501.0,673474589.0,973072.0,1024921.0,377110716.0,324017157.0
33.6,x264,STREAM,5,1.9384957363078141,17890.899999999998,0.0008857073781616386,559740.0,874011.0,687826486.0,354824864.0,29312450.56,1.9384957363078141,0.6404267223181401,0.0008857073781616386,1.0107395987518866,0.9564379091536508,0.00013792154423251062,559740.0,874011.0,354824864.0,687826486.0,1141918.0,1193928.0,377098446.0,381148332.0
33.7,x264,STREAM,5,1.9384385285428323,18633.8,0.0008768163063197989,551962.0,864249.0,690394497.0,356160119.0,30529617.919999998,1.9384385285428323,0.6386608488988705,0.0008768163063197989,0.8771694806051752,0.9537929355959588,0.00014191542736479858,551962.0,864249.0,356160119.0,690394497.0,1105116.0,1158654.0,377252854.0,330914690.0
33.8,x264,STREAM,5,1.8809292241074351,17830.5,0.000786466745447778,559873.0,838727.0,666912671.0,354565532.0,29213491.2,1.8809292241074351,0.667527097613407,0.000786466745447778,0.9021312531066211,0.9509324441778785,0.00012801774896547999,559873.0,838727.0,354565532.0,666912671.0,935437.0,983705.0,377041468.0,340140892.0
33.9,x264,STREAM,5,1.9184035552176697,17838.699999999997,0.0008356091518767379,556360.0,851350.0,677242301.0,353023898.0,29226926.08,1.9184035552176697,0.6535032595289834,0.0008356091518767379,1.3073771952814643,0.8185239747745903,0.0002474407586319955,556360.0,851350.0,353023898.0,677242301.0,415599.0,507742.0,372384083.0,486846458.0
34.0,x264,STREAM,5,1.950321644094347,3995.5,0.0010176663539863808,534566.0,895773.0,692240465.0,354936565.0,6546227.2,1.950321644094347,0.5967650286400684,0.0010176663539863808,0.5672552363389339,0.5514612452350699,2.901496577510718e-05,534566.0,895773.0,354936565.0,692240465.0,13454.0,24397.0,377150195.0,213940423.0
34.1,x264,STREAM,5,1.9342404521541583,7888.199999999999,0.0011432456630176327,522118.0,929073.0,688521154.0,355964613.0,12924026.879999999,1.9342404521541583,0.5619773688396928,0.0011432456630176327,0.8889445161168886,0.9682878032810738,9.250023446682089e-05,522118.0,929073.0,355964613.0,688521154.0,1064768.0,1099640.0,376993639.0,335126428.0
34.2,x264,STREAM,5,2.1231437832599718,18667.1,0.0012215430372473615,471683.0,906786.0,756245340.0,356191298.0,30584176.64,2.1231437832599718,0.5201701393713621,0.0012215430372473615,0.9202260479761647,0.955602631444927,0.00013177310120413385,471683.0,906786.0,356191298.0,756245340.0,1069542.0,1119233.0,377095170.0,347012798.0
34.3,x264,STREAM,5,2.1256299158889265,17314.5,0.000995653042110261,416707.0,772072.0,758672392.0,356916501.0,28368076.8,2.1256299158889265,0.5397255696359925,0.000995653042110261,0.941953815655232,0.9617038385601345,0.00012145329568852895,416707.0,772072.0,356916501.0,758672392.0,1150519.0,1196334.0,377223193.0,355326826.0
34.4,x264,STREAM,5,1.8659053984256913,17835.2,0.0007595454502529259,585370.0,856982.0,667244201.0,357598087.0,29221191.68,1.8659053984256913,0.6830598542326444,0.0007595454502529259,0.8858104377671462,0.9532676494330813,0.00013074503855926175,585370.0,856982.0,357598087.0,667244201.0,1007296.0,1056677.0,377689284.0,334561110.0
34.5,x264,STREAM,5,1.8645798451509759,18407.9,0.0008271858268519106,603948.0,896756.0,660025689.0,353980920.0,30159503.36,1.8645798451509759,0.6734808576691987,0.0008271858268519106,0.8654922505851799,0.9498450541073038,0.00013428222536231884,603948.0,896756.0,353980920.0,660025689.0,959372.0,1010030.0,377250227.0,326507148.0
34.6,x264,STREAM,5,1.8797261805497527,18139.9,0.000817007913698439,583991.0,874876.0,669251963.0,356036943.0,29720412.16,1.8797261805497527,0.6675128818255387,0.000817007913698439,1.0152776251222186,0.9567958273773058,0.00013467993320637076,583991.0,874876.0,356036943.0,669251963.0,1124503.0,1175280.0,377019789.0,382779756.0
34.8,x264,STREAM,5,1.9865921649360032,3661.1000000000004,0.001028876770842327,532854.0,896800.0,702719988.0,353731380.0,5998346.24,1.9865921649360032,0.5941726137377341,0.001028876770842327,1.140742773450519,0.3166404630886872,0.00020536354337776666,532854.0,896800.0,353731380.0,702719988.0,35446.0,111944.0,372500390.0,424927128.0
34.9,x264,STREAM,5,1.9893348578254169,9430.5,0.0011291900396912025,476897.0,879786.0,709784096.0,356794681.0,15450931.2,1.9893348578254169,0.542060228282787,0.0011291900396912025,0.6042384327946356,0.9528277513469233,3.9691548524859984e-05,476897.0,879786.0,356794681.0,709784096.0,302418.0,317390.0,377208765.0,227924033.0
35.0,x264,STREAM,5,1.9174455804037496,17896.2,0.001102995747506643,487781.0,879242.0,680515012.0,354907080.0,29321134.080000002,1.9174455804037496,0.554774453449676,0.001102995747506643,0.9994279961181862,0.9635039828733593,0.00011860756001572464,487781.0,879242.0,354907080.0,680515012.0,1181860.0,1226627.0,377437998.0,377222102.0
35.1,x264,STREAM,5,1.8882482967824528,18592.5,0.0008932085591147812,570094.0,890655.0,677667893.0,358887067.0,30461952.0,1.8882482967824528,0.6400839831360067,0.0008932085591147812,0.8729951483960112,0.9558277735757349,0.00013275412178445986,570094.0,890655.0,358887067.0,677667893.0,1085525.0,1135691.0,377886572.0,329893144.0
35.2,x264,STREAM,5,1.8872067022702605,17786.600000000002,0.0008113749614037466,584536.0,875624.0,677052227.0,358758914.0,29141565.44,1.8872067022702605,0.6675650735932318,0.0008113749614037466,0.881351910136217,0.9504329783490603,0.00012969142011382744,584536.0,875624.0,358758914.0,677052227.0,939944.0,988964.0,377974117.0,333128210.0
35.3,x264,STREAM,5,1.8871112956505043,17755.100000000002,0.0008231485504506887,581725.0,876550.0,675901801.0,358167429.0,29089955.840000004,1.8871112956505043,0.663652957617934,0.0008231485504506887,0.9230298187303903,0.9527514987620382,0.000139586183432853,581725.0,876550.0,358167429.0,675901801.0,1063990.0,1116755.0,378010192.0,348914679.0
35.4,x264,STREAM,5,1.943185806234936,18583.0,0.0009266126732818836,559620.0,891982.0,696991461.0,358684928.0,30446387.2,1.943185806234936,0.6273893419373934,0.0009266126732818836,0.932091333397701,0.9559167068415755,0.00013777485642414583,559620.0,891982.0,358684928.0,696991461.0,1130209.0,1182330.0,378305602.0,352615373.0
35.5,x264,STREAM,5,1.8981626494973083,15263.400000000001,0.0008459723137041353,559071.0,861196.0,677897351.0,357133437.0,25007554.560000002,1.8981626494973083,0.6491797453773589,0.0008459723137041353,1.3666168639635168,0.885753928075899,0.0002417862245024697,559071.0,861196.0,357133437.0,677897351.0,708612.0,800010.0,378011610.0,516597041.0
35.6,x264,STREAM,5,1.9510671458715987,3611.5999999999995,0.0009598055676362265,547708.0,884674.0,684975493.0,351077355.0,5917245.4399999995,1.9510671458715987,0.619107151334842,0.0009598055676362265,0.6192241461485861,0.18252307692307693,5.351076255420066e-05,547708.0,884674.0,351077355.0,684975493.0,4449.0,24375.0,372373688.0,230582779.0
35.7,x264,STREAM,5,1.9332316710562032,11107.8,0.0011078085595218963,528693.0,921265.0,685075609.0,354368087.0,18199019.52,1.9332316710562032,0.5738772231659729,0.0011078085595218963,0.7779923796894065,0.9690558650805602,6.429837423911363e-05,528693.0,921265.0,354368087.0,685075609.0,759389.0,783638.0,377132397.0,293406131.0
35.8,x264,STREAM,5,1.9007652963518493,17928.2,0.0009099880777287108,565892.0,888777.0,674435872.0,354823330.0,29373562.880000003,1.9007652963518493,0.6367086457007776,0.0009099880777287108,0.8919695121108605,0.954721755742832,0.0001246960904057741,565892.0,888777.0,354823330.0,674435872.0,991490.0,1038512.0,377092817.0,336355296.0
35.9,x264,STREAM,5,1.9208297398588365,18593.3,0.0008824218707044416,564676.0,878433.0,682976926.0,355563490.0,30463262.72,1.9208297398588365,0.6428219340575775,0.0008824218707044416,0.8617440570019395,0.9484915930361902,0.00014035044137160305,564676.0,878433.0,355563490.0,682976926.0,974614.0,1027541.0,377106046.0,324968894.0
36.0,x264,STREAM,5,1.9150490120463444,18118.5,0.0009395424071267426,550683.0,884669.0,680756456.0,355477302.0,29685350.4,1.9150490120463444,0.6224734900849922,0.0009395424071267426,1.0101006512630524,0.9566576265456557,0.00013733771569934142,550683.0,884669.0,355477302.0,680756456.0,1143247.0,1195043.0,377143305.0,380952698.0
36.1,x264,STREAM,5,1.8968475991785088,17867.4,0.0007924958174621986,555138.0,836534.0,673524472.0,355075691.0,29273948.16,1.8968475991785088,0.6636167806688072,0.0007924958174621986,0.879708912916764,0.9541110103843989,0.0001416228966683396,555138.0,836534.0,355075691.0,673524472.0,1110361.0,1163765.0,377085918.0,331725843.0
36.2,x264,STREAM,5,1.8840710653317123,18283.399999999998,0.0008165514360053378,579848.0,869606.0,668573515.0,354855784.0,29955522.56,1.8840710653317123,0.6667939273648066,0.0008165514360053378,0.9032014873402722,0.9512187730445587,0.00012805074299063716,579848.0,869606.0,354855784.0,668573515.0,941640.0,989930.0,377116125.0,340611845.0
36.3,x264,STREAM,5,1.904911136089668,13431.800000000001,0.0008439265266262332,598594.0,895532.0,670248517.0,351852905.0,22006661.12,1.904911136089668,0.6684227922620297,0.0008439265266262332,1.308524165069318,0.8139363458363728,0.0002601736372893736,598594.0,895532.0,351852905.0,670248517.0,424012.0,520940.0,372551197.0,487492244.0
36.4,x264,STREAM,5,1.9598998246699886,3732.8999999999996,0.0010675875166319406,533481.0,912923.0,696587678.0,355420042.0,6115983.359999999,1.9598998246699886,0.584365822747373,0.0010675875166319406,0.5670665882108744,0.5970859884012315,2.984223989367158e-05,533481.0,912923.0,355420042.0,696587678.0,16679.0,27934.0,377149974.0,213869149.0
36.5,x264,STREAM,5,1.9890735635343382,13001.6,0.001195962550026242,483074.0,908518.0,707580194.0,355733547.0,21301821.44,1.9890735635343382,0.5317164877305678,0.001195962550026242,0.8842327935050137,0.9682063232808009,9.129022945475075e-05,483074.0,908518.0,355733547.0,707580194.0,1048642.0,1083077.0,377203565.0,333535762.0
36.6,x264,STREAM,5,1.9012858484765365,17893.4,0.0009040834386471997,532981.0,853839.0,674763798.0,354898659.0,29316546.560000002,1.9012858484765365,0.6242172119099737,0.0009040834386471997,0.9259373389910719,0.954905177024615,0.0001339286132195828,532981.0,853839.0,354898659.0,674763798.0,1069426.0,1119929.0,377088949.0,349160738.0
36.7,x264,STREAM,5,1.8849681475567033,17819.699999999997,0.0008662679650380726,579819.0,887981.0,670549504.0,355735191.0,29195796.479999997,1.8849681475567033,0.6529632953858246,0.0008662679650380726,0.9328598785876281,0.957112608505346,0.00013435051447982925,579819.0,887981.0,355735191.0,670549504.0,1130506.0,1181163.0,377051031.0,351735779.0
36.9,x264,STREAM,5,1.8813124760081332,17889.3,0.0008435290886760259,585720.0,884881.0,667215072.0,354654041.0,29309829.119999997,1.8813124760081332,0.6619195123412075,0.0008435290886760259,0.888094603947258,0.9525307430977559,0.00013154804089209954,585720.0,884881.0,354654041.0,667215072.0,995347.0,1044950.0,377071370.0,334875049.0
37.0,x264,STREAM,5,1.8778618702981131,17661.199999999997,0.0007945485264077352,592358.0,874734.0,667376637.0,355391761.0,28936110.08,1.8778618702981131,0.6771864361051474,0.0007945485264077352,0.8627641151707139,0.9489816657617207,0.0001377467361802778,592358.0,874734.0,355391761.0,667376637.0,966516.0,1018477.0,377221279.0,325452983.0
37.1,x264,STREAM,5,1.9023085473952241,12440.9,0.0008277588768882297,571708.0,867159.0,678988747.0,356928821.0,20383170.56,1.9023085473952241,0.6592885503119958,0.0008277588768882297,1.0043533574201402,0.9566717914089561,0.00013642449864069664,571708.0,867159.0,356928821.0,678988747.0,1136241.0,1187702.0,377212308.0,378854448.0
37.2,x264,STREAM,5,1.990494035359925,3731.1000000000004,0.0010532299836612392,515582.0,886242.0,700508465.0,351926935.0,6113034.24,1.990494035359925,0.5817620920696605,0.0010532299836612392,1.1594379358705749,0.33137910299943407,0.00020298242068293393,515582.0,886242.0,351926935.0,700508465.0,37475.0,113088.0,372510091.0,431902331.0
37.3,x264,STREAM,5,1.973477855627277,13794.099999999999,0.0010874752577836448,490685.0,876736.0,700579709.0,354997502.0,22600253.439999998,1.973477855627277,0.5596724669683919,0.0010874752577836448,0.6063068264580688,0.948528155976527,3.995887288230806e-05,490685.0,876736.0,354997502.0,700579709.0,277693.0,292762.0,377112739.0,228646028.0
37.4,x264,STREAM,5,2.2283314787711137,18170.6,0.0011185222726233953,445623.0,843152.0,791961328.0,355405529.0,29770711.04,2.2283314787711137,0.5285203616904188,0.0011185222726233953,1.004346729793885,0.9651653051131786,0.00011338319688866703,445623.0,843152.0,355405529.0,791961328.0,1184641.0,1227397.0,377092913.0,378732034.0
37.5,x264,STREAM,5,1.8830256249533508,17883.1,0.0007701269046529078,596233.0,869713.0,668681804.0,355110305.0,29299671.04,1.8830256249533508,0.6855514405326815,0.0007701269046529078,0.8792780165709457,0.9517698739292121,0.00014457725424446205,596233.0,869713.0,355110305.0,668681804.0,1075953.0,1130476.0,377120179.0,331593483.0
37.6,x264,STREAM,5,1.9413330996662779,18311.6,0.0009160631402570064,555947.0,881077.0,689019788.0,354920950.0,30001725.439999998,1.9413330996662779,0.6309857140749333,0.0009160631402570064,0.8999092814323733,0.9508485759392741,0.0001307696357482664,555947.0,881077.0,354920950.0,689019788.0,954013.0,1003328.0,377113538.0,339367973.0
37.7,x264,STREAM,5,1.8870508476699484,18256.4,0.000840550180454447,561728.0,859649.0,668838207.0,354435710.0,29911285.76,1.8870508476699484,0.6534387872259492,0.000840550180454447,0.9063620575123013,0.9520255006912068,0.0001393349032529778,561728.0,859649.0,354435710.0,668838207.0,1042645.0,1095186.0,377084268.0,341774873.0
37.8,x264,STREAM,5,1.8863906697706527,17798.1,0.0008138061155953378,569504.0,858016.0,668766595.0,354521789.0,29160407.04,1.8863906697706527,0.6637451982247418,0.0008138061155953378,0.95729702373411,0.9559553068496235,0.00013899475544763948,569504.0,858016.0,354521789.0,668766595.0,1138082.0,1190518.0,377251644.0,361141876.0
37.9,x264,STREAM,5,1.9014760970958682,10536.300000000001,0.0008338999098021321,592904.0,887959.0,672790611.0,353825437.0,17262673.92,1.9014760970958682,0.6677155138919703,0.0008338999098021321,1.3747614641375772,0.8705216164408045,0.0002766185788048273,592904.0,887959.0,353825437.0,672790611.0,691639.0,794511.0,371891145.0,511261615.0
38.0,x264,STREAM,5,1.9403421961284613,3758.5,0.0010731863304760934,557485.0,938956.0,689707143.0,355456447.0,6157926.4,1.9403421961284613,0.5937285666208001,0.0010731863304760934,0.611173588440284,0.5380239089730664,3.401002349880558e-05,557485.0,938956.0,355456447.0,689707143.0,14942.0,27772.0,377241727.0,230560180.0
38.1,x264,STREAM,5,1.9924825734995186,15303.0,0.0012066157182366777,471175.0,900988.0,709749508.0,356213659.0,25072435.2,1.9924825734995186,0.5229536908371699,0.0012066157182366777,0.7818393487602142,0.9694310876743011,6.435263798703557e-05,471175.0,900988.0,356213659.0,709749508.0,769547.0,793813.0,377078559.0,294814855.0
38.3,x264,STREAM,5,1.898576599653044,18908.800000000003,0.0008261854370133734,559026.0,853590.0,676908951.0,356534970.0,30980177.92,1.898576599653044,0.6549116086177205,0.0008261854370133734,0.859054331110864,0.9484114495247339,0.0001394997396913331,559026.0,853590.0,356534970.0,676908951.0,967337.0,1019955.0,377190668.0,324027277.0
38.4,x264,STREAM,5,1.870921138104821,17803.4,0.0008266597470610767,586556.0,880784.0,665905636.0,355923947.0,29169090.560000002,1.870921138104821,0.665947610310814,0.0008266597470610767,1.008061457290192,0.9568117386471022,0.00013745372967736763,586556.0,880784.0,355923947.0,665905636.0,1148176.0,1200002.0,377043243.0,380082761.0
38.5,x264,STREAM,5,1.8773323681834455,17778.2,0.0007961486889153754,599601.0,883119.0,668540344.0,356111872.0,29127802.88,1.8773323681834455,0.6789583283793011,0.0007961486889153754,0.8719197285865514,0.9548699248967232,0.00013704053887381694,599601.0,883119.0,356111872.0,668540344.0,1093539.0,1145223.0,377143876.0,328839186.0
38.6,x264,STREAM,5,1.8852978474694202,18759.6,0.0008663700604472459,592042.0,899631.0,669340858.0,355031890.0,30735728.64,1.8852978474694202,0.6580942630923123,0.0008663700604472459,0.8975578358521006,0.9516673954453844,0.00012747131053118606,592042.0,899631.0,355031890.0,669340858.0,946733.0,994815.0,377198601.0,338557560.0
38.7,x264,STREAM,5,1.9840774831406736,17917.1,0.0010386021394704634,536323.0,901906.0,698385812.0,351995231.0,29355376.64,1.9840774831406736,0.5946550970943757,0.0010386021394704634,1.311646180562781,0.8270962570050047,0.0002478712285419501,536323.0,901906.0,351995231.0,698385812.0,441590.0,533904.0,372427250.0,488492780.0
38.8,x264,STREAM,5,1.9526108408279084,8934.5,0.0009905031310687043,509858.0,860791.0,691805567.0,354297719.0,14638284.799999999,1.9526108408279084,0.5923133490010932,0.0009905031310687043,0.5692086198781311,0.5373999447971295,3.1114254962760134e-05,509858.0,860791.0,354297719.0,691805567.0,13629.0,25361.0,377061897.0,214626882.0
39.0,x264,STREAM,5,1.91737063520064,17049.7,0.0011569139817212937,511249.0,921431.0,679800689.0,354548399.0,27934228.48,1.91737063520064,0.5548424135936386,0.0011569139817212937,0.8804765195420029,0.9657453644860892,9.44654411099817e-05,511249.0,921431.0,354548399.0,679800689.0,1004493.0,1040122.0,377164385.0,332084385.0
39.1,x264,STREAM,5,1.885559062420479,18347.9,0.0009134833125494907,575963.0,900268.0,669411497.0,355020169.0,30061199.36,1.885559062420479,0.6397683800823755,0.0009134833125494907,0.9328641832948779,0.9557999846595072,0.00013293260272495861,575963.0,900268.0,355020169.0,669411497.0,1084119.0,1134253.0,377138482.0,351818982.0
39.2,x264,STREAM,5,1.894860891223167,18273.5,0.0008478892173176849,578342.0,880075.0,674312221.0,355863707.0,29939302.4,1.894860891223167,0.6571508110104253,0.0008478892173176849,0.926356164822181,0.955967341896261,0.0001365086608866392,578342.0,880075.0,355863707.0,674312221.0,1117370.0,1168837.0,377023697.0,349258226.0
39.3,x264,STREAM,5,1.9525320390315006,17787.499999999996,0.0009715940945334803,559531.0,906193.0,696657859.0,356797146.0,29143039.999999996,1.9525320390315006,0.6174523528652285,0.0009715940945334803,0.8912842397528503,0.953566884238872,0.00012974277228086086,559531.0,906193.0,356797146.0,696657859.0,1004967.0,1053903.0,377177080.0,336171987.0
39.4,x264,STREAM,5,1.884090358767786,18132.9,0.0008050660684665192,544521.0,831179.0,670863666.0,356067671.0,29708943.36,1.884090358767786,0.6551188131557703,0.0008050660684665192,0.8614337587161977,0.9500670478497499,0.00013465274590236277,544521.0,831179.0,356067671.0,670863666.0,966393.0,1017184.0,377199883.0,324932713.0
39.5,x264,STREAM,5,1.8707967024411911,18402.399999999998,0.0007971887195000764,588299.0,872762.0,667561431.0,356832696.0,30150492.159999996,1.8707967024411911,0.6740657819657593,0.0007971887195000764,1.003246256478266,0.9567891636289673,0.0001361675032078066,588299.0,872762.0,356832696.0,667561431.0,1138360.0,1189771.0,377557044.0,378782691.0
39.6,x264,STREAM,5,1.9276280378014494,7291.0,0.0008931686913562934,576900.0,892038.0,680127786.0,352831445.0,11945574.4,1.9276280378014494,0.6467213280151742,0.0008931686913562934,1.1623317670195834,0.3313546918198081,0.00019875345353159726,576900.0,892038.0,352831445.0,680127786.0,36675.0,110682.0,372355794.0,432800968.0
39.7,x264,STREAM,5,1.9441770608419322,4656.2,0.0011260370066653385,534171.0,932989.0,688585546.0,354178413.0,7628718.08,1.9441770608419322,0.5725372967955678,0.0011260370066653385,0.6068762809602037,0.9481480661188751,3.7257738267393825e-05,534171.0,932989.0,354178413.0,688585546.0,256859.0,270906.0,377022349.0,228805921.0
39.8,x264,STREAM,5,1.9739518467873598,18081.399999999998,0.0010978033467803337,520449.0,909732.0,699966801.0,354601761.0,29624565.759999998,1.9739518467873598,0.5720904618063342,0.0010978033467803337,1.0055966859061298,0.9613198822965536,0.00012433502881766854,520449.0,909732.0,354601761.0,699966801.0,1165311.0,1212199.0,377110139.0,379220706.0
39.9,x264,STREAM,5,1.8851470513896411,17844.6,0.0008282344139214846,547162.0,842178.0,671486880.0,356198674.0,29236592.64,1.8851470513896411,0.6496987572698408,0.0008282344139214846,0.8776664588036179,0.9548762237983328,0.0001362196558958562,547162.0,842178.0,356198674.0,671486880.0,1087287.0,1138668.0,377192261.0,331048996.0
40.0,x264,STREAM,5,1.8710611203765966,18804.0,0.0008605216926300633,603455.0,909330.0,665074251.0,355452980.0,30808473.599999998,1.8710611203765966,0.6636259663708445,0.0008605216926300633,0.8903596067316988,0.9507253580952653,0.00012824894261366198,603455.0,909330.0,355452980.0,665074251.0,933348.0,981722.0,377188295.0,335833222.0
40.1,x264,STREAM,5,1.8729598180974043,17769.6,0.00081904522944212,591165.0,882773.0,666837492.0,356034062.0,29113712.64,1.8729598180974043,0.6696681932954451,0.00081904522944212,0.9141677595159193,0.9512177480092983,0.0001430128170406474,591165.0,882773.0,356034062.0,666837492.0,1052063.0,1106017.0,377266885.0,344885223.0
40.2,x264,STREAM,5,1.8799339829547315,17688.5,0.0008294806218227495,585134.0,881158.0,670908473.0,356878741.0,28980838.4,1.8799339829547315,0.6640511690298448,0.0008294806218227495,0.9498432893757667,0.955928661327327,0.0001356148393137556,585134.0,881158.0,356878741.0,670908473.0,1140811.0,1193406.0,387826290.0,368374199.0
40.3,x264,STREAM,5,1.919167967730185,18799.3,0.0008390951166228337,580213.0,879452.0,684415738.0,356621072.0,30800773.119999997,1.919167967730185,0.6597437949996134,0.0008390951166228337,1.3623787926741484,0.8775223685074064,0.00025540027878846874,580213.0,879452.0,356621072.0,684415738.0,681920.0,777097.0,372658168.0,507701585.0
40.4,x264,STREAM,5,2.2997654188004573,5051.2,0.0013776852422270902,359570.0,850040.0,818739949.0,356010201.0,8275886.08,2.2997654188004573,0.42300362335890074,0.0013776852422270902,0.6096348914288133,0.2363815021801879,3.296960973853861e-05,359570.0,850040.0,356010201.0,818739949.0,3849.0,16283.0,377135189.0,229914770.0
40.5,x264,STREAM,5,1.9271942909342386,5782.6,0.0010859141136557921,501495.0,887927.0,685808882.0,355858714.0,9474211.84,1.9271942909342386,0.5647930516810503,0.0010859141136557921,0.7994359167656637,0.9687028351137459,6.634779520609049e-05,501495.0,887927.0,355858714.0,685808882.0,774692.0,799721.0,377239363.0,301578696.0
40.6,x264,STREAM,5,1.8715657623481343,18407.6,0.0008673368869647008,575476.0,883757.0,665218064.0,355433978.0,30159011.84,1.8715657623481343,0.6511699483002681,0.0008673368869647008,0.8801625144216902,0.9560220967543869,0.00012437117188958074,575476.0,883757.0,355433978.0,665218064.0,1019849.0,1066763.0,377209600.0,332005750.0
40.7,x264,STREAM,5,1.9480294836696876,17779.7,0.0009168934148340097,557046.0,883738.0,694089016.0,356303137.0,29130260.48,1.9480294836696876,0.6303293510067464,0.0009168934148340097,0.8673023861853933,0.9507257004196703,0.0001325430844957683,557046.0,883738.0,356303137.0,694089016.0,964612.0,1014606.0,377190558.0,327138271.0
40.8,x264,STREAM,5,1.8949729207287827,18164.0,0.0008841039401637584,550588.0,864597.0,673041398.0,355172040.0,29759897.6,1.8949729207287827,0.636814608424503,0.0008841039401637584,0.9897520992100596,0.9567044156021354,0.00013462340513716703,550588.0,864597.0,355172040.0,673041398.0,1121889.0,1172660.0,377133530.0,373268703.0
41.1,x264,STREAM,5,1.9095100999902384,18117.1,0.0008435328574297609,574725.0,872186.0,673364148.0,352637123.0,29683056.64,1.9095100999902384,0.6589477473841588,0.0008435328574297609,0.89662032222199,0.9518202582107004,0.00012653880998606906,574725.0,872186.0,352637123.0,673364148.0,942639.0,990354.0,377077989.0,338095788.0
41.2,x264,STREAM,5,1.8948129866569592,4520.200000000001,0.000826951709299403,612241.0,902852.0,665883498.0,351424390.0,7405895.680000001,1.8948129866569592,0.6781188943481323,0.000826951709299403,1.3007149088361032,0.816612428831898,0.00024226592660285743,612241.0,902852.0,351424390.0,665883498.0,401748.0,491969.0,372404825.0,484392508.0
41.3,x264,STREAM,5,1.9467862944273955,7021.5,0.0010575308056065132,522966.0,897760.0,689950419.0,354404806.0,11504025.6,1.9467862944273955,0.5825231687756193,0.0010575308056065132,0.5659638826301827,0.5782706525233045,2.7832873617579466e-05,522966.0,897760.0,354404806.0,689950419.0,14392.0,24888.0,377108025.0,213429522.0
41.4,x264,STREAM,5,1.9943572570414518,18859.6,0.0011516605217903506,480056.0,889108.0,708364843.0,355184529.0,30899568.64,1.9943572570414518,0.5399299072778561,0.0011516605217903506,0.9031762045746207,0.96673473169251,9.473665614734258e-05,480056.0,889108.0,355184529.0,708364843.0,1038247.0,1073973.0,377108518.0,340595440.0
41.5,x264,STREAM,5,1.9105194977753062,17947.9,0.0009532545832956683,525582.0,864161.0,678582398.0,355182137.0,29405839.36,1.9105194977753062,0.6081991665904849,0.0009532545832956683,0.9037718908676492,0.9537765097955497,0.0001372160933230439,525582.0,864161.0,355182137.0,678582398.0,1067790.0,1119539.0,377135063.0,340844069.0
41.6,x264,STREAM,5,1.873717358223914,17838.3,0.0008317207530333186,561295.0,856484.0,665007758.0,354913592.0,29226270.72,1.873717358223914,0.6553479107607381,0.0008317207530333186,0.9544436156854432,0.9560174666587836,0.0001380904551988211,561295.0,856484.0,354913592.0,665007758.0,1131896.0,1183970.0,377100647.0,359921305.0
41.7,x264,STREAM,5,1.8882509258680322,18789.8,0.0008305833842536746,551408.0,845223.0,667959962.0,353745338.0,30785208.32,1.8882509258680322,0.6523816791544953,0.0008305833842536746,0.8885536301419216,0.9550052486354902,0.00013218836588103024,551408.0,845223.0,353745338.0,667959962.0,1058057.0,1107907.0,377113369.0,335085453.0
41.8,x264,STREAM,5,1.8830899563502927,17482.6,0.0007381762359325101,613586.0,875526.0,668209784.0,354847511.0,28643491.84,1.8830899563502927,0.7008198500101653,0.0007381762359325101,0.8828382453378906,0.9483126311116528,0.00014171752926346845,613586.0,875526.0,354847511.0,668209784.0,980505.0,1033947.0,377102256.0,332920294.0
41.9,x264,STREAM,5,1.9005679978698573,16623.800000000003,0.0009444834833200907,574013.0,907960.0,671995850.0,353576326.0,27236433.92,1.9005679978698573,0.6322007577426318,0.0009444834833200907,1.0785652844975202,0.949922648130604,0.000149710029470093,574013.0,907960.0,353576326.0,671995850.0,1070863.0,1127316.0,377082285.0,406707862.0
42.0,x264,STREAM,5,2.018345232729698,2899.4,0.0015289962869626623,418986.0,959217.0,713129700.0,353323945.0,4750376.96,2.018345232729698,0.43680001501224436,0.0015289962869626623,1.067591970712183,0.3356928356928357,0.00019937129482096205,418986.0,959217.0,353323945.0,713129700.0,37560.0,111888.0,372811944.0,398011038.0
42.1,x264,STREAM,5,0.8452780026342421,10855.5,0.0005866656215846745,323036.0,533508.0,303251708.0,358759730.0,17785651.2,0.8452780026342421,0.6054942006492874,0.0005866656215846745,0.6357986906058003,0.9333425458770577,6.209863378539278e-05,323036.0,533508.0,358759730.0,303251708.0,330953.0,354589.0,380620290.0,241997882.0
42.2,x264,STREAM,5,2.039291748856731,17284.6,0.001436880937529436,300706.0,811068.0,724330728.0,355187397.0,28319088.64,2.039291748856731,0.3707531304403576,0.001436880937529436,0.9711274813521348,0.9709922037299933,9.168633610358164e-05,300706.0,811068.0,355187397.0,724330728.0,1157279.0,1191852.0,377079088.0,366191865.0
42.3,x264,STREAM,5,2.1029592072510472,18037.0,0.0013255586159734414,278527.0,749230.0,746756270.0,355097839.0,29551820.8,2.1029592072510472,0.3717509976909627,0.0013255586159734414,0.8938816733650919,0.9639185787580171,0.00011333120109965412,278527.0,749230.0,355097839.0,746756270.0,1141910.0,1184654.0,377160037.0,337136445.0
42.4,x264,STREAM,5,1.88127633399726,17809.9,0.0011023829444632657,482545.0,874196.0,668373691.0,355276723.0,29179740.16,1.88127633399726,0.5519871973790774,0.0011023829444632657,0.8916710501737333,0.9590180435872435,0.00011012600209411257,482545.0,874196.0,355276723.0,668373691.0,971796.0,1013324.0,377095320.0,336244980.0
42.5,x264,STREAM,5,1.9448943105366785,17870.4,0.0009603023097736744,529104.0,870109.0,690635311.0,355101718.0,29278863.36,1.9448943105366785,0.6080893313366487,0.0009603023097736744,0.8725531304801526,0.9540025088163594,0.00012877552677436046,529104.0,870109.0,355101718.0,690635311.0,1007689.0,1056275.0,377292186.0,329207478.0
42.6,x264,STREAM,5,1.9043093419437678,18651.6,0.0008669537468588334,555901.0,863734.0,676171318.0,355074306.0,30558781.439999998,1.9043093419437678,0.6436020811962943,0.0008669537468588334,0.9890129049139358,0.957374075915935,0.00013530709237992224,555901.0,863734.0,355074306.0,676171318.0,1145455.0,1196455.0,376920375.0,372779115.0
42.7,x264,STREAM,5,1.8916383084391264,15236.0,0.0007527679007740205,577326.0,844812.0,672168359.0,355336618.0,24962662.4,1.8916383084391264,0.6833780770159514,0.0007527679007740205,1.3517058551873582,0.8577249387429268,0.0003036362217821049,577326.0,844812.0,355336618.0,672168359.0,681200.0,794194.0,372136102.0,503018548.0
42.8,x264,STREAM,5,1.9435021940702673,3710.8999999999996,0.0009460236767505407,561224.0,897015.0,689845890.0,354949890.0,6079938.56,1.9435021940702673,0.6256573189968953,0.0009460236767505407,0.6074914093983959,0.41750826704799354,3.4568678129868406e-05,561224.0,897015.0,354949890.0,689845890.0,9343.0,22378.0,377075454.0,229070099.0
42.9,x264,STREAM,5,1.9425821050828223,10706.900000000001,0.0010564212735693706,514197.0,889651.0,690397136.0,355401779.0,17542184.96,1.9425821050828223,0.5779760827560471,0.0010564212735693706,0.8015955712464936,0.9667009369266382,7.135503603139016e-05,514197.0,889651.0,355401779.0,690397136.0,781366.0,808281.0,377198324.0,302360506.0
43.2,x264,STREAM,5,1.9326713639307738,17946.600000000002,0.0009018091908882327,569462.0,888465.0,683656775.0,353736692.0,29403709.44,1.9326713639307738,0.6409504032235372,0.0009018091908882327,0.8670660984420748,0.9501320490911915,0.00013446012391201117,569462.0,888465.0,353736692.0,683656775.0,966328.0,1017046.0,377197332.0,327055019.0
43.4,x264,STREAM,5,1.8855196555138318,17675.1,0.0008157216723265261,564527.0,854867.0,671113439.0,355930227.0,28958883.84,1.8855196555138318,0.6603682210215156,0.0008157216723265261,0.8853702967995395,0.954859247915398,0.000138951435387629,564527.0,854867.0,355930227.0,671113439.0,1108604.0,1161013.0,377174945.0,333939493.0
43.5,x264,STREAM,5,1.879037855614983,18628.4,0.0008247591894559665,593137.0,886726.0,668879901.0,355969359.0,30520770.560000002,1.879037855614983,0.6689067423307764,0.0008247591894559665,0.8939740918550416,0.9520464562227434,0.00012625361852764615,593137.0,886726.0,355969359.0,668879901.0,945484.0,993107.0,377201070.0,337207984.0
43.6,x264,STREAM,5,1.9089814506055758,13901.0,0.0008172342946179969,590455.0,879210.0,674504169.0,353331966.0,22775398.4,1.9089814506055758,0.671574481636924,0.0008172342946179969,1.2969087885299349,0.8140736707402654,0.00025432313569216566,590455.0,879210.0,353331966.0,674504169.0,414138.0,508723.0,371908752.0,482331729.0
43.7,x264,STREAM,5,1.9434610435496626,3641.0,0.001001087773379954,574682.0,929313.0,688462642.0,354245661.0,5965414.4,1.9434610435496626,0.618394448372077,0.001001087773379954,0.5670578124977005,0.5421420057892048,2.852215046884876e-05,574682.0,929313.0,354245661.0,688462642.0,12736.0,23492.0,377110415.0,213843407.0
43.8,x264,STREAM,5,1.9658342703984504,12163.199999999999,0.0011278188695132269,500824.0,900876.0,697306946.0,354712987.0,19928186.88,1.9658342703984504,0.5559300059053632,0.0011278188695132269,0.8970953808165693,0.9646929891495108,9.815582058991248e-05,500824.0,900876.0,354712987.0,697306946.0,1011415.0,1048432.0,377124859.0,338316969.0
43.9,x264,STREAM,5,1.944128996666858,17931.4,0.0009633412235932706,530315.0,871399.0,688345187.0,354063536.0,29378805.76,1.944128996666858,0.6085788484953506,0.0009633412235932706,0.9108154028328848,0.953488435142995,0.00013648723084213962,530315.0,871399.0,354063536.0,688345187.0,1055075.0,1106542.0,377082894.0,343452908.0
44.0,x264,STREAM,5,1.9096712856922213,18002.6,0.0007882182608104914,552750.0,832047.0,676672297.0,354339672.0,29495459.84,1.9096712856922213,0.6643254527688941,0.0007882182608104914,0.9510883416444426,0.9553302184342016,0.00014027239983602517,552750.0,832047.0,354339672.0,676672297.0,1131303.0,1184201.0,377109111.0,358664079.0
44.1,x264,STREAM,5,1.8818225739453265,18510.2,0.0008081454438110305,601390.0,887814.0,666958099.0,354421351.0,30327111.68,1.8818225739453265,0.6773828752418862,0.0008081454438110305,0.8874662140659514,0.9530583319123032,0.00013576472950798703,601390.0,887814.0,354421351.0,666958099.0,1039556.0,1090758.0,377137716.0,334696981.0
44.2,x264,STREAM,5,1.8940375706399022,17873.1,0.0008202892397946116,585230.0,875010.0,669098387.0,353265636.0,29283287.04,1.8940375706399022,0.6688266419812345,0.0008202892397946116,0.8684013765461706,0.9491515460671829,0.0001353418954206436,585230.0,875010.0,353265636.0,669098387.0,952671.0,1003708.0,377096832.0,327471408.0
44.3,x264,STREAM,5,1.895548228280566,17877.1,0.0008317971716026452,594704.0,889775.0,672425118.0,354739124.0,29289840.64,1.895548228280566,0.6683757129611418,0.0008317971716026452,1.0349165457625311,0.9549672366783748,0.00013858227227452473,594704.0,889775.0,354739124.0,672425118.0,1108186.0,1160444.0,377090079.0,390256762.0
44.4,x264,STREAM,5,1.9483328549494345,12944.5,0.0009616446391173863,557301.0,895935.0,686086857.0,352140475.0,21208268.8,1.9483328549494345,0.6220328483651157,0.0009616446391173863,1.111958999681379,0.30514013825586145,0.00023291180995298457,557301.0,895935.0,352140475.0,686086857.0,38094.0,124841.0,372445691.0,414144338.0
44.5,x264,STREAM,5,2.0347449669921795,3736.3,0.001269848043141749,485617.0,934375.0,719068779.0,353395040.0,6121553.92,2.0347449669921795,0.5197238795986622,0.001269848043141749,0.6110424740323799,0.9487314127503162,3.9872863692857306e-05,485617.0,934375.0,353395040.0,719068779.0,278243.0,293279.0,377098573.0,230423245.0
44.6,x264,STREAM,5,1.913857696786641,13683.3,0.0010209624485135501,487091.0,849751.0,679828757.0,355213848.0,22418718.72,1.913857696786641,0.5732161539086156,0.0010209624485135501,1.0002269418908365,0.9618992214479336,0.00012244344904237926,487091.0,849751.0,355213848.0,679828757.0,1165692.0,1211865.0,377096532.0,377182111.0
44.7,x264,STREAM,5,1.8940164585816954,17900.8,0.0008419171130731979,570599.0,869065.0,671443195.0,354507582.0,29328670.72,1.8940164585816954,0.6565665399020787,0.0008419171130731979,0.874583861066558,0.9553168872108794,0.00013573947347183719,570599.0,869065.0,354507582.0,671443195.0,1094604.0,1145802.0,377178419.0,329874158.0
44.8,x264,STREAM,5,1.9026799426880523,17746.600000000002,0.0008250023999593542,577077.0,869975.0,675502459.0,355026846.0,29076029.44,1.9026799426880523,0.6633259576424609,0.0008250023999593542,0.8945259226874476,0.9502842588205103,0.00013047295804298893,577077.0,869975.0,355026846.0,675502459.0,940560.0,989767.0,377143285.0,337364445.0
44.9,x264,STREAM,5,1.8865474643962863,18636.8,0.0007925835131705869,587506.0,868452.0,668721914.0,354468640.0,30534533.119999997,1.8865474643962863,0.6764979526790197,0.0007925835131705869,0.9034887597761719,0.9503461139783005,0.00014441162603076244,587506.0,868452.0,354468640.0,668721914.0,1042428.0,1096893.0,377151075.0,340751757.0
45.0,x264,STREAM,5,1.8813219111134385,17974.6,0.0007874140419025362,601758.0,881549.0,668488128.0,355328944.0,29449584.64,1.8813219111134385,0.6826143526905482,0.0007874140419025362,0.96061171122346,0.9550227299475632,0.0001408568363783654,601758.0,881549.0,355328944.0,668488128.0,1127921.0,1181041.0,377120496.0,362266365.0
45.3,x264,STREAM,5,2.020383354884192,3794.5,0.0011060486272651152,539085.0,930354.0,714718463.0,353753886.0,6216908.8,2.020383354884192,0.5794407290128274,0.0011060486272651152,0.6106187715529584,0.5031411994919153,3.839906031744718e-05,539085.0,930354.0,353753886.0,714718463.0,14656.0,29129.0,376910265.0,230148483.0
45.4,x264,STREAM,5,2.194826665130418,14029.2,0.0013685541553633365,452940.0,938793.0,779189567.0,355011892.0,22985441.28,2.194826665130418,0.4824705765807798,0.0013685541553633365,0.7831228973797727,0.9727750028520835,5.821484654331787e-05,452940.0,938793.0,355011892.0,779189567.0,784473.0,806428.0,377137471.0,295344989.0
45.5,x264,STREAM,5,1.9689512257314896,18537.6,0.0007549119008960403,489230.0,756866.0,698044672.0,354526137.0,30372003.84,1.9689512257314896,0.6463891891034873,0.0007549119008960403,0.8897316568060399,0.9543059211758412,0.0001261602313692412,489230.0,756866.0,354526137.0,698044672.0,993651.0,1041229.0,377123595.0,335538801.0
45.6,x264,STREAM,5,1.886686268239741,17806.2,0.0007706544712783788,593132.0,866289.0,668732331.0,354448083.0,29173678.080000002,1.886686268239741,0.6846814400275197,0.0007706544712783788,0.863240590408364,0.9483396527015787,0.00014032612859335387,593132.0,866289.0,354448083.0,668732331.0,971445.0,1024364.0,377114373.0,325540434.0
45.7,x264,STREAM,5,1.9057114326084879,18020.4,0.0008563634883587928,583987.0,886892.0,674070683.0,353710783.0,29524623.36,1.9057114326084879,0.6584646157593033,0.0008563634883587928,1.004805595583356,0.9567110973734282,0.00013593866908070927,583987.0,886892.0,353710783.0,674070683.0,1132833.0,1184091.0,377067102.0,378879134.0
45.8,x264,STREAM,5,1.9465995075586016,18562.6,0.0009248496742289587,552400.0,880522.0,690622640.0,354784144.0,30412963.84,1.9465995075586016,0.627355137066422,0.0009248496742289587,0.8751637816746123,0.9546604515760106,0.0001387666239491926,552400.0,880522.0,354784144.0,690622640.0,1101850.0,1154180.0,377107971.0,330031238.0
45.9,x264,STREAM,5,1.8798235223565571,17925.300000000003,0.0007700158481619161,557993.0,831065.0,666644940.0,354631662.0,29368811.520000003,1.8798235223565571,0.6714192030707586,0.0007700158481619161,0.9015091484211044,0.9511525577553549,0.00012702400354048583,557993.0,831065.0,354631662.0,666644940.0,932743.0,980645.0,377109827.0,339967959.0
46.0,x264,STREAM,5,1.9100581929077596,9718.6,0.0008181048733561304,590769.0,879423.0,673930636.0,352832515.0,15922954.24,1.9100581929077596,0.6717688757287449,0.0008181048733561304,1.3061424792656275,0.7919613261202303,0.00030188971936806415,590769.0,879423.0,352832515.0,673930636.0,427907.0,540313.0,372341265.0,486330743.0
46.1,x264,STREAM,5,1.940214497783131,3768.8999999999996,0.0009699924434460105,556443.0,899570.0,686335223.0,353741931.0,6174965.76,1.940214497783131,0.6185655368676145,0.0009699924434460105,0.5678796355334884,0.6202635351949205,3.0351918296215745e-05,556443.0,899570.0,353741931.0,686335223.0,18170.0,29294.0,366500723.0,208128297.0
46.2,x264,STREAM,5,1.9436758251978734,15987.9,0.0011306627115323486,505029.0,906982.0,690980892.0,355502128.0,26194575.36,1.9436758251978734,0.5568236194323591,0.0011306627115323486,0.8529429720515599,0.9643985090620693,9.354316395304226e-05,505029.0,906982.0,355502128.0,690980892.0,955771.0,991054.0,377184163.0,321716581.0
46.3,x264,STREAM,5,1.9540510501114066,18768.2,0.0009282719756739918,543046.0,872434.0,693375416.0,354839970.0,30749818.880000003,1.9540510501114066,0.6224493772594832,0.0009282719756739918,0.9718915738652869,0.9558973528418528,0.00013584433766270344,543046.0,872434.0,354839970.0,693375416.0,1109598.0,1160792.0,376857813.0,366264933.0
46.4,x264,STREAM,5,1.9298583764536703,17826.2,0.000934199332802637,554868.0,886556.0,685197305.0,355050564.0,29206446.080000002,1.9298583764536703,0.6258690934357221,0.000934199332802637,0.9023136482503364,0.9543299823196303,0.00014178334153605796,554868.0,886556.0,355050564.0,685197305.0,1117320.0,1170790.0,377124699.0,340284763.0
46.5,x264,STREAM,5,1.9075153491460792,17733.600000000002,0.0008023684120207336,560803.0,845082.0,675832383.0,354299840.0,29054730.240000002,1.9075153491460792,0.6636077919065843,0.0008023684120207336,0.8951463005732069,0.9518947707914052,0.00013012820810635935,560803.0,845082.0,354299840.0,675832383.0,971025.0,1020097.0,377105016.0,337564160.0
46.6,x264,STREAM,5,1.8821912244605146,18670.2,0.0008121016827676808,592151.0,880369.0,667996880.0,354903833.0,30589255.68,1.8821912244605146,0.6726168231730104,0.0008121016827676808,0.8621718551438469,0.9486116145871094,0.00014096125264723958,592151.0,880369.0,354903833.0,667996880.0,981315.0,1034475.0,377124912.0,325146485.0
46.7,x264,STREAM,5,1.8890297612036642,17956.5,0.0008353327329550061,580809.0,875363.0,666107349.0,352618769.0,29419929.6,1.8890297612036642,0.6635064538939845,0.0008353327329550061,1.0015180245680826,0.9570827105111223,0.00013619106095859117,580809.0,875363.0,352618769.0,666107349.0,1145472.0,1196837.0,377153975.0,377726504.0
46.8,x264,STREAM,5,1.9358854579594533,8242.2,0.0009431873332060034,592995.0,925243.0,681936715.0,352260880.0,13504020.48,1.9358854579594533,0.6409073075937889,0.0009431873332060034,1.1762506939576545,0.37657590600057156,0.0002519431720777694,592995.0,925243.0,352260880.0,681936715.0,56663.0,150469.0,372329995.0,437953415.0
46.9,x264,STREAM,5,1.9968331294455595,3732.7,0.0011678438266553084,499609.0,914122.0,708753407.0,354938726.0,6115655.68,1.9968331294455595,0.5465452095015764,0.0011678438266553084,0.618176569136964,0.948003738317757,3.688506929044177e-05,499609.0,914122.0,354938726.0,708753407.0,253591.0,267500.0,377090250.0,233108357.0
47.0,x264,STREAM,5,1.9491967255936564,17843.4,0.001099648151173205,488516.0,879562.0,693154062.0,355610110.0,29234626.560000002,1.9491967255936564,0.5554082600203283,0.001099648151173205,0.9687531850105487,0.9623205990836406,0.00011988413180365964,488516.0,879562.0,355610110.0,693154062.0,1154752.0,1199966.0,377147495.0,365362837.0
47.1,x264,STREAM,5,1.8885822226160376,18068.1,0.0008399592750156651,570917.0,869368.0,671043549.0,355316036.0,29602775.04,1.8885822226160376,0.6567034903516118,0.0008399592750156651,0.8846302776262658,0.9539395798134471,0.00013379948364249225,570917.0,869368.0,355316036.0,671043549.0,1045099.0,1095561.0,377146448.0,333635167.0
47.2,x264,STREAM,5,1.8870049168672016,18526.199999999997,0.0008157114348264194,582949.0,870812.0,665920414.0,352898081.0,30353326.08,1.8870049168672016,0.6694315190879317,0.0008157114348264194,0.8808419378957272,0.9515401538019819,0.00013247711838235013,582949.0,870812.0,352898081.0,665920414.0,980977.0,1030936.0,377114181.0,332177986.0
47.4,x264,STREAM,5,1.8848978425651106,17799.9,0.000813267978452058,583387.0,872174.0,669316889.0,355094517.0,29163356.16,1.8848978425651106,0.6688883181566981,0.000813267978452058,0.954257799768369,0.953642842074211,0.00014042245649776176,583387.0,872174.0,355094517.0,669316889.0,1089433.0,1142391.0,377133411.0,359882499.0
47.5,x264,STREAM,5,1.8968414452642166,18755.0,0.0008521226273172466,601718.0,904362.0,673691396.0,355164844.0,30728192.0,1.8968414452642166,0.6653508219053874,0.0008521226273172466,0.9172112733607553,0.9558513006450885,0.000136994731793661,601718.0,904362.0,355164844.0,673691396.0,1118563.0,1170227.0,377123991.0,345902376.0
47.6,x264,STREAM,5,1.962652989952356,6523.0,0.000917343205237932,559375.0,884977.0,696624486.0,354940221.0,10687283.2,1.962652989952356,0.6320785737934432,0.000917343205237932,1.3510102657267573,0.8974247688814742,0.00021679148830604326,559375.0,884977.0,354940221.0,696624486.0,715436.0,797210.0,377201156.0,509602634.0
47.7,x264,STREAM,5,1.9585752092787632,5201.900000000001,0.0009812242020164443,522682.0,865945.0,685171035.0,349831363.0,8522792.96,1.9585752092787632,0.6035972261517764,0.0009812242020164443,0.6490648828167883,0.12059148090929155,0.00010747901343868265,522682.0,865945.0,349831363.0,685171035.0,5464.0,45310.0,370732841.0,240629668.0
47.8,x264,STREAM,5,1.9278208189700534,18139.5,0.0010517617942421408,533884.0,906142.0,682328191.0,353937557.0,29719756.8,1.9278208189700534,0.5891835937413783,0.0010517617942421408,0.7591749894539285,0.9684248758707672,6.293672546398916e-05,533884.0,906142.0,353937557.0,682328191.0,727903.0,751636.0,377093022.0,286279591.0
47.9,x264,STREAM,5,1.8959884008452974,17856.4,0.0009056632175046302,572163.0,892823.0,671295498.0,354060973.0,29255925.76,1.8959884008452974,0.6408470659918035,0.0009056632175046302,0.8963749251376927,0.953761332085262,0.00012392849850204304,572163.0,892823.0,354060973.0,671295498.0,963896.0,1010626.0,377072268.0,337998126.0
48.0,x264,STREAM,5,1.8892632778338894,18602.3,0.0008141572729268426,592934.0,882015.0,670816482.0,355067761.0,30478008.32,1.8892632778338894,0.6722493381631832,0.0008141572729268426,0.8739281741342976,0.9497093116507438,0.00014134440980499184,592934.0,882015.0,355067761.0,670816482.0,1006595.0,1059898.0,377114313.0,329570823.0
48.1,x264,STREAM,5,1.921765360358447,17929.8,0.0008688008622022044,571288.0,881355.0,685860300.0,356890760.0,29376184.319999997,1.921765360358447,0.648192839434734,0.0008688008622022044,0.9856491105612297,0.9560613494458521,0.00013865393865574366,571288.0,881355.0,356890760.0,685860300.0,1137996.0,1190296.0,377198084.0,371784956.0
48.2,x264,STREAM,5,1.9145626769648032,17701.600000000002,0.0008840440147648441,555479.0,870561.0,682369008.0,356409856.0,29002301.44,1.9145626769648032,0.6380701639517506,0.0008840440147648441,0.8789413631275443,0.9546307040143317,0.000134562246808573,555479.0,870561.0,356409856.0,682369008.0,1067890.0,1118642.0,377163738.0,331504810.0
48.3,x264,STREAM,5,1.8920951800721475,18542.3,0.0007921459612210549,560773.0,843047.0,674230888.0,356340894.0,30379704.32,1.8920951800721475,0.6651740650284029,0.0007921459612210549,0.8845275755652163,0.9504549057569954,0.00013106729596111763,560773.0,843047.0,356340894.0,674230888.0,948458.0,997899.0,377218433.0,333660106.0
48.5,x264,STREAM,5,2.271234979428713,4549.700000000001,0.0013277136693270498,395176.0,867939.0,808725471.0,356073008.0,7454228.48,2.271234979428713,0.45530388656345666,0.0013277136693270498,0.5740018222114043,0.4615270935960591,2.898961839358958e-05,395176.0,867939.0,356073008.0,808725471.0,9369.0,20300.0,377066019.0,216436582.0
48.6,x264,STREAM,5,1.9727373865597964,6130.9,0.0011326597728636152,501629.0,900064.0,693948562.0,351769357.0,10044866.559999999,1.9727373865597964,0.5573259234898852,0.0011326597728636152,0.8463110540808536,0.9679000697378677,8.299113300727711e-05,501629.0,900064.0,351769357.0,693948562.0,943780.0,975080.0,377148725.0,319185135.0
48.7,x264,STREAM,5,1.911097624125676,19254.0,0.0008343332875773174,545676.0,838879.0,671601583.0,351421913.0,31545753.6,1.911097624125676,0.6504823699246256,0.0008343332875773174,0.9760087845350229,0.9596180917243514,0.00012525158976053804,545676.0,838879.0,351421913.0,671601583.0,1122068.0,1169286.0,376985235.0,367940901.0
48.8,x264,STREAM,5,1.8827607955185983,17942.0,0.0008502195101141289,589715.0,891933.0,669243878.0,355458792.0,29396172.8,1.8827607955185983,0.6611651323585964,0.0008502195101141289,0.8913572609098892,0.955434932095582,0.00013742735722216813,589715.0,891933.0,355458792.0,669243878.0,1111553.0,1163400.0,377268406.0,336280933.0
48.9,x264,STREAM,5,1.881264157785531,17834.9,0.0008540313007510527,594268.0,897233.0,667372724.0,354746951.0,29220700.16,1.881264157785531,0.662334087132328,0.0008540313007510527,0.8949349453316098,0.9517820413727687,0.00012884879431325578,594268.0,897233.0,354746951.0,667372724.0,959264.0,1007861.0,377163017.0,337536364.0
49.0,x264,STREAM,5,1.8844279126280654,18583.800000000003,0.0008290891536763851,595725.0,890635.0,670297800.0,355703604.0,30447697.92,1.8844279126280654,0.6688767003317857,0.0008290891536763851,0.8721056765367086,0.9497511471854296,0.00014065972872596183,595725.0,890635.0,355703604.0,670297800.0,1002790.0,1055845.0,377186850.0,328946793.0
49.1,x264,STREAM,5,1.9083343238009771,17865.800000000003,0.0008383475209825146,581286.0,880889.0,681987689.0,357373276.0,29271326.720000003,1.9083343238009771,0.6598856382586228,0.0008383475209825146,0.9839179276228754,0.9567098693832266,0.00013636743967267208,581286.0,880889.0,357373276.0,681987689.0,1138236.0,1189740.0,377685466.0,371611501.0
49.2,x264,STREAM,5,2.002435749814597,17798.699999999997,0.0010235231856744783,533569.0,893026.0,703246939.0,351195757.0,29161390.08,2.002435749814597,0.597484283772253,0.0010235231856744783,1.1819511825410163,0.4266027636784472,0.00024477394537468207,533569.0,893026.0,351195757.0,703246939.0,67826.0,158991.0,372445686.0,440212619.0
49.3,x264,STREAM,5,1.9315308220995262,4270.8,0.0010455674680826242,504308.0,877280.0,689010452.0,356717296.0,6997278.72,1.9315308220995262,0.5748540944738282,0.0010455674680826242,0.627051024056778,0.9456749045734765,3.705587263317513e-05,504308.0,877280.0,356717296.0,689010452.0,243290.0,257266.0,377160191.0,236498684.0
49.5,x264,STREAM,5,1.908406167441615,18777.0,0.0010264928590041035,518187.0,883707.0,679557209.0,356086257.0,30764236.8,1.908406167441615,0.5863787431807149,0.0010264928590041035,0.9483080223912634,0.9617281528268883,0.00012154500281819592,518187.0,883707.0,356086257.0,679557209.0,1151857.0,1197695.0,377127804.0,357633322.0
49.6,x264,STREAM,5,1.8839672716082323,17903.2,0.0008459377700434611,600815.0,901845.0,670416534.0,355853599.0,29332602.880000003,1.8839672716082323,0.6662064988994782,0.0008459377700434611,0.8829105367503924,0.9538099609285264,0.00013062851985781962,600815.0,901845.0,355853599.0,670416534.0,1017245.0,1066507.0,377115197.0,332958981.0
49.7,x264,STREAM,5,1.9160192470366482,17719.9,0.0008354668196362466,576114.0,873761.0,682609252.0,356264298.0,29032284.16,1.9160192470366482,0.65934963908895,0.0008354668196362466,0.8686990624170813,0.9499480502028818,0.00013634235263685707,576114.0,873761.0,356264298.0,682609252.0,975552.0,1026953.0,376999509.0,327499120.0
49.8,x264,STREAM,5,1.9279738460085876,18619.5,0.0009963719611633393,555803.0,909500.0,684401601.0,354984899.0,30506188.8,1.9279738460085876,0.611108301264431,0.0009963719611633393,0.985802067271477,0.9563059233996648,0.00013561916563712315,555803.0,909500.0,354984899.0,684401601.0,1120496.0,1171692.0,377498267.0,372138572.0
49.9,x264,STREAM,5,1.8942043733025338,17975.9,0.0008227033780123308,563445.0,855987.0,673553009.0,355586239.0,29451714.560000002,1.8942043733025338,0.6582401368245079,0.0008227033780123308,0.8827202045483773,0.9558120128697029,0.0001363162935241783,563445.0,855987.0,355586239.0,673553009.0,1111055.0,1162420.0,376807487.0,332615582.0
50.0,x264,STREAM,5,1.8810729712359417,17091.0,0.0008076156616661581,599094.0,886226.0,668778814.0,355530500.0,28001894.400000002,1.8810729712359417,0.6760058946589245,0.0008076156616661581,1.3343634665946733,0.9257284476474802,0.0001551523778784836,599094.0,886226.0,355530500.0,668778814.0,730247.0,788835.0,377615869.0,503876820.0
50.1,x264,STREAM,5,1.9382491372149593,3566.7000000000003,0.0010583813763469282,564839.0,939358.0,685869144.0,353860157.0,5843681.28,1.9382491372149593,0.601303230504238,0.0010583813763469282,0.6841178331075555,0.20861818935156412,0.00020532262682974842,564839.0,939358.0,353860157.0,685869144.0,20140.0,96540.0,372097324.0,254558415.0
50.2,x264,STREAM,5,1.9833974722784826,9018.9,0.0012088748122829358,488442.0,918951.0,706334894.0,356123724.0,14776565.76,1.9833974722784826,0.5315212671839956,0.0012088748122829358,0.7386017487072243,0.9671212026200425,6.117125581939299e-05,488442.0,918951.0,356123724.0,706334894.0,678598.0,701668.0,377137917.0,278554725.0
50.3,x264,STREAM,5,1.942454298103074,18189.1,0.001096929198354378,501339.0,891226.0,690416191.0,355434973.0,29801021.439999998,1.942454298103074,0.5625273499651042,0.001096929198354378,0.890152277989159,0.9559349734543282,0.0001185407873304982,501339.0,891226.0,355434973.0,690416191.0,969775.0,1014478.0,377110706.0,335685954.0
50.4,x264,STREAM,5,1.9025532425173879,18425.2,0.0008111344812607552,565821.0,854199.0,676403866.0,355524277.0,30187847.680000003,1.9025532425173879,0.6623995111209449,0.0008111344812607552,0.9189354667323214,0.9515004742878496,0.00014312150624092964,565821.0,854199.0,355524277.0,676403866.0,1059256.0,1113248.0,377245890.0,346664628.0
50.5,x264,STREAM,5,1.8800189508437815,17866.699999999997,0.0008078671382287094,595357.0,881828.0,666657775.0,354601625.0,29272801.279999997,1.8800189508437815,0.6751395963838753,0.0008078671382287094,0.9468150466153946,0.9563093746671468,0.0001370502101280105,595357.0,881828.0,354601625.0,666657775.0,1131270.0,1182954.0,377117262.0,357060298.0
50.6,x264,STREAM,5,1.8691690738792128,18020.1,0.0007968821127176845,597408.0,880317.0,663592199.0,355019890.0,29524131.84,1.8691690738792128,0.6786282668629596,0.0007968821127176845,0.8869994033841492,0.9523693638118091,0.000133904243366762,597408.0,880317.0,355019890.0,663592199.0,1009662.0,1060158.0,377105301.0,334492177.0
50.7,x264,STREAM,5,1.8872789318175847,18581.6,0.0007917390798339044,592336.0,872991.0,669001041.0,354479155.0,30444093.439999998,1.8872789318175847,0.6785132950969712,0.0007917390798339044,0.871911371078086,0.9492435339097538,0.00013719687585409942,592336.0,872991.0,354479155.0,669001041.0,967544.0,1019279.0,377085846.0,328785437.0
50.8,x264,STREAM,5,1.991960173890729,15527.2,0.0010869792653238949,547018.0,930659.0,703047075.0,352942335.0,25439764.48,1.991960173890729,0.5877748992917922,0.0010869792653238949,1.3654612584653694,0.83880431052021,0.0002786275499886215,547018.0,930659.0,352942335.0,703047075.0,540117.0,643913.0,372525976.0,508669788.0
50.9,x264,STREAM,5,1.9496234578100409,3730.0,0.0009796848462124141,521723.0,868874.0,690848425.0,354349668.0,6111232.0,1.9496234578100409,0.6004587546640825,0.0009796848462124141,0.5774349459680537,0.5481997677119629,2.991424920433228e-05,521723.0,868874.0,354349668.0,690848425.0,13688.0,24969.0,377111253.0,217757216.0
51.0,x264,STREAM,5,1.9292083336147403,10608.2,0.0011968422260014912,499154.0,924106.0,684986644.0,355061002.0,17380474.880000003,1.9292083336147403,0.5401479916806081,0.0011968422260014912,0.8138113223669168,0.9647936348994484,8.595835791805487e-05,499154.0,924106.0,355061002.0,684986644.0,888354.0,920771.0,377124468.0,306908162.0
51.1,x264,STREAM,5,1.903276748322384,17848.3,0.0009578938606030361,595375.0,935506.0,675819577.0,355082138.0,29242654.72,1.903276748322384,0.636420290195894,0.0009578938606030361,1.0061349659737349,0.959583653076343,0.00012905230468561522,595375.0,935506.0,355082138.0,675819577.0,1155427.0,1204092.0,377095164.0,379408630.0
51.2,x264,STREAM,5,1.9269692013681292,18713.8,0.0008896842698753673,560505.0,875758.0,682807196.0,354342558.0,30660689.919999998,1.9269692013681292,0.6400227003350241,0.0008896842698753673,0.8753607789723988,0.95482692925373,0.00013612772305200582,560505.0,875758.0,354342558.0,682807196.0,1085051.0,1136385.0,377101731.0,330100065.0
51.3,x264,STREAM,5,1.9391960245931155,17949.6,0.0009226627675760362,552292.0,878999.0,686652738.0,354091453.0,29408624.64,1.9391960245931155,0.6283192586112157,0.0009226627675760362,0.898932869150487,0.9521785901529476,0.00012601378122795758,552292.0,878999.0,354091453.0,686652738.0,946217.0,993739.0,377117483.0,339003301.0
51.4,x264,STREAM,5,1.8862422776956673,17731.600000000002,0.0007893844644880913,569111.0,849593.0,670214617.0,355317355.0,29051453.44,1.8862422776956673,0.6698630991545363,0.0007893844644880913,0.9027029363835758,0.9507543697324103,0.00014240522151312126,569111.0,849593.0,355317355.0,670214617.0,1036810.0,1090513.0,377113981.0,340421898.0
51.6,x264,STREAM,5,2.2146588676187124,13849.5,0.0012270611402836632,420312.0,856648.0,787520165.0,355594343.0,22691020.8,2.2146588676187124,0.49064726702216077,0.0012270611402836632,0.9557274277488298,0.9634672317148311,0.0001160282479119395,420312.0,856648.0,355594343.0,787520165.0,1154016.0,1197774.0,377132300.0,360435683.0
51.7,x264,STREAM,5,1.9323920792292861,3712.6,0.0008879179469820233,581585.0,896939.0,686310682.0,355161196.0,6082723.84,1.9323920792292861,0.6484108729802138,0.0008879179469820233,1.1985888073454949,0.5250541112947146,0.00021966697407072057,581585.0,896939.0,355161196.0,686310682.0,90240.0,171868.0,371598873.0,445394250.0
51.8,x264,STREAM,5,2.009152725307507,12181.199999999999,0.0011683790707115345,485775.0,900038.0,712369518.0,354562154.0,19957678.08,2.009152725307507,0.539727211517736,0.0011683790707115345,0.6400772518437452,0.9480788313568559,3.385619475337015e-05,485775.0,900038.0,354562154.0,712369518.0,233125.0,245892.0,377094948.0,241369898.0
51.9,x264,STREAM,5,1.9207165257645928,17863.0,0.0011270939688348,490724.0,890865.0,681892950.0,355020088.0,29266739.200000003,1.9207165257645928,0.5508399140161528,0.0011270939688348,0.9233127734793911,0.9625165997915209,0.0001183322376143787,490724.0,890865.0,355020088.0,681892950.0,1145902.0,1190527.0,377116168.0,348196175.0
52.0,x264,STREAM,5,1.9042475273061172,18044.8,0.0008935155118957379,574951.0,890750.0,673026329.0,353434267.0,29564600.32,1.9042475273061172,0.6454684254841426,0.0008935155118957379,0.8903361218054198,0.9525671476404981,0.00013053958312742213,574951.0,890750.0,353434267.0,673026329.0,988598.0,1037825.0,377104008.0,335749320.0
52.1,x264,STREAM,5,1.8869044690765802,18532.9,0.0008312419342291458,591623.0,886591.0,669572136.0,354852165.0,30364303.36,1.8869044690765802,0.6673009313200788,0.0008312419342291458,0.8627564200250055,0.948273958360815,0.00014037505992795524,591623.0,886591.0,354852165.0,669572136.0,970474.0,1023411.0,377111148.0,325355064.0
52.2,x264,STREAM,5,1.9143731320051267,17929.7,0.0008213954956850005,573029.0,865099.0,680708579.0,355577796.0,29376020.48,1.9143731320051267,0.6623854610859566,0.0008213954956850005,1.0078333419434529,0.9565226160891449,0.0001371811864598305,573029.0,865099.0,355577796.0,680708579.0,1138150.0,1189883.0,377114394.0,380068460.0
52.3,x264,STREAM,5,1.949889243230362,17812.0,0.0009515598872419167,564783.0,902579.0,692194780.0,354991845.0,29183180.799999997,1.949889243230362,0.625743563721292,0.0009515598872419167,0.874808780934615,0.9540495084973194,0.0001404837694481123,564783.0,902579.0,354991845.0,692194780.0,1099917.0,1152893.0,377096943.0,329887717.0
52.4,x264,STREAM,5,1.900399669726458,12900.5,0.0008678079661233011,551286.0,859336.0,674594082.0,354974847.0,21136179.2,1.900399669726458,0.6415255499595036,0.0008678079661233011,1.3377345562780132,0.9299521837825521,0.0001483605969730656,551286.0,859336.0,354974847.0,674594082.0,742737.0,798683.0,377094735.0,504452658.0
52.5,x264,STREAM,5,1.9527732452033206,3721.2,0.0009698813108918847,535525.0,877614.0,688767006.0,352712230.0,6096814.08,1.9527732452033206,0.6102056257078853,0.0009698813108918847,0.6890358162041066,0.15160590225153678,0.0001878701022623042,535525.0,877614.0,352712230.0,688767006.0,12504.0,82477.0,372454154.0,256634252.0
52.6,x264,STREAM,5,1.9346183768002485,13933.999999999998,0.001118098167171111,465673.0,864517.0,690110184.0,356716442.0,22829465.599999998,1.9346183768002485,0.5386510618067661,0.001118098167171111,0.7384660859446591,0.9676248913895626,6.064357529072832e-05,465673.0,864517.0,356716442.0,690110184.0,683776.0,706654.0,377253483.0,278588903.0
52.7,x264,STREAM,5,1.9039071196812607,17919.9,0.0009531632873959729,573322.0,912617.0,677728753.0,355967340.0,29359964.16,1.9039071196812607,0.6282175326560868,0.0009531632873959729,0.8830732792812849,0.953732413074097,0.00012236028736613318,573322.0,912617.0,355967340.0,677728753.0,951391.0,997545.0,377197545.0,333093073.0
52.8,x264,STREAM,5,1.8968247643101463,17712.9,0.0008724764559780336,591133.0,900792.0,673220298.0,354919606.0,29020815.36,1.8968247643101463,0.656236955923232,0.0008724764559780336,0.9245385170131252,0.9530925346446133,0.00013912787321691074,591133.0,900792.0,354919606.0,673220298.0,1066034.0,1118500.0,377106318.0,348649316.0
52.9,x264,STREAM,5,1.9157485178110485,18138.300000000003,0.0008358334967708133,583386.0,880621.0,681269072.0,355615085.0,29717790.720000003,1.9157485178110485,0.6624711425232875,0.0008358334967708133,0.9430244674472145,0.9514544774117257,0.00015064101414340072,583386.0,880621.0,355615085.0,681269072.0,1113569.0,1170386.0,377168199.0,355678840.0
53.0,x264,STREAM,5,1.9090133709871298,17481.0,0.0009734384309493401,560482.0,906906.0,679373268.0,355876642.0,28640870.4,1.9090133709871298,0.6180155385453399,0.0009734384309493401,0.8927399265753957,0.9486571001734974,0.0001456779318753432,560482.0,906906.0,355876642.0,679373268.0,1015379.0,1070333.0,377229408.0,336767754.0
53.1,x264,STREAM,5,1.906759874028378,17253.1,0.0010596291790633922,536451.0,908254.0,669044469.0,350880296.0,28267479.04,1.906759874028378,0.5906398430395021,0.0010596291790633922,0.8761613092668699,0.9472995890871289,0.0001422742717546765,536451.0,908254.0,350880296.0,669044469.0,964099.0,1017734.0,376983128.0,330298031.0
53.2,x264,STREAM,5,0.6303102317304113,13052.1,0.0003563459578095998,289550.0,419003.0,228978465.0,363278991.0,21384560.64,0.6303102317304113,0.6910451715142851,0.0003563459578095998,1.3497405955593242,0.8353741999356408,0.0002841663045896816,289550.0,419003.0,363278991.0,228978465.0,542558.0,649479.0,376262063.0,507856181.0
53.3,x264,STREAM,5,2.4808193367576754,2403.8999999999996,0.0018449848931545337,294468.0,947337.0,877866288.0,353861434.0,3938549.76,2.4808193367576754,0.3108376427818189,0.0018449848931545337,0.580137121943323,0.4990155057839035,3.238483414160095e-05,294468.0,947337.0,353861434.0,877866288.0,12165.0,24378.0,377120968.0,218781873.0
53.5,x264,STREAM,5,1.8829311223001446,14532.0,0.0011377839787453518,455933.0,860063.0,668799147.0,355190447.0,23809228.8,1.8829311223001446,0.5301158170971196,0.0011377839787453518,1.0012826985726768,0.9621072892449866,0.00012132130119057801,455933.0,860063.0,355190447.0,668799147.0,1161657.0,1207409.0,377114320.0,377598044.0
53.7,x264,STREAM,5,1.9050409520600735,17749.199999999997,0.0009054720937612819,553106.0,876310.0,679995397.0,356945291.0,29080289.279999997,1.9050409520600735,0.6311761819447456,0.0009054720937612819,0.8731947243622705,0.9565778893247886,0.00013226691358187085,553106.0,876310.0,356945291.0,679995397.0,1099196.0,1149092.0,377237199.0,329401532.0
53.8,x264,STREAM,5,1.8730836394294779,17839.7,0.0008411175434223709,591233.0,890659.0,666791397.0,355985917.0,29228564.48,1.8730836394294779,0.6638152199663395,0.0008411175434223709,0.8938573932884846,0.9525253142013942,0.00012375399902541767,591233.0,890659.0,355985917.0,666791397.0,935999.0,982650.0,376965596.0,336953485.0
53.9,x264,STREAM,5,1.8795431076994558,18768.699999999997,0.0008130964243162899,586385.0,875119.0,667433755.0,355104255.0,30750638.08,1.8795431076994558,0.6700631571249167,0.0008130964243162899,0.9001845866670595,0.9511743622373077,0.0001414456405920218,586385.0,875119.0,355104255.0,667433755.0,1038963.0,1092295.0,377049443.0,339414097.0
54.0,x264,STREAM,5,1.8945548358387392,17845.7,0.0008111677634318248,566864.0,854950.0,672850610.0,355149715.0,29238394.88,1.8945548358387392,0.6630376045382771,0.0008111677634318248,0.9652886048502521,0.957024604524795,0.0001346361402426993,566864.0,854950.0,355149715.0,672850610.0,1130715.0,1181490.0,377127567.0,364036943.0
54.1,x264,STREAM,5,2.001341286402331,9322.9,0.000997176891414615,533633.0,885820.0,706841875.0,353184077.0,15274639.36,2.001341286402331,0.6024169695875008,0.000997176891414615,1.195352914230113,0.4848305786799678,0.00023868517474569294,533633.0,885820.0,353184077.0,706841875.0,83690.0,172617.0,372570270.0,445352958.0
54.2,x264,STREAM,5,1.9715009316459753,3759.3,0.0011202375794379762,499339.0,898630.0,702710383.0,356434213.0,6159237.12,1.9715009316459753,0.5556669597053292,0.0011202375794379762,0.6364964572607965,0.9433506633711185,3.699615019778587e-05,499339.0,898630.0,356434213.0,702710383.0,232435.0,246393.0,377282499.0,240138974.0
54.3,x264,STREAM,5,1.9162112562118978,16419.9,0.0010807779161248273,522882.0,907218.0,681424887.0,355610523.0,26902364.16,1.9162112562118978,0.5763576119521439,0.0010807779161248273,0.9178672064992407,0.9624532766827117,0.00011849072602153179,522882.0,907218.0,355610523.0,681424887.0,1145304.0,1189984.0,377075924.0,346105625.0
54.4,x264,STREAM,5,1.895470675308422,18515.2,0.0008894442768045685,581214.0,896746.0,672421723.0,354751847.0,30335303.68,1.895470675308422,0.6481367076072824,0.0008894442768045685,0.8920460583952099,0.952117383156615,0.00013137591458554487,581214.0,896746.0,354751847.0,672421723.0,985153.0,1034697.0,377116309.0,336405117.0
54.5,x264,STREAM,5,1.8882376015045226,17934.8,0.0008399318449497472,600301.0,899580.0,672804424.0,356313434.0,29384376.32,1.8882376015045226,0.6673125236221348,0.0008399318449497472,0.8575790913498251,0.9487562028962614,0.0001393269759417636,600301.0,899580.0,356313434.0,672804424.0,972977.0,1025529.0,377184674.0,323465690.0
54.6,x264,STREAM,5,1.9110986747856535,17836.0,0.0008596174895849114,571758.0,877785.0,680358184.0,356003692.0,29222502.4,1.9110986747856535,0.6513645140894411,0.0008596174895849114,1.0058214106105061,0.9567222330168642,0.00013700019350607894,571758.0,877785.0,356003692.0,680358184.0,1142334.0,1194008.0,377181949.0,379377680.0
54.7,x264,STREAM,5,1.9362294648516352,18486.8,0.0009216007473338117,561566.0,889826.0,689655131.0,356184607.0,30288773.12,1.9362294648516352,0.6310964166027965,0.0009216007473338117,0.8747706829705842,0.9541226993111208,0.0001386078605882817,561566.0,889826.0,356184607.0,689655131.0,1087115.0,1139387.0,377121469.0,329894805.0
54.8,x264,STREAM,5,1.8906558501290673,18122.2,0.0008214445051426423,562801.0,854745.0,671945126.0,355403193.0,29691412.48,1.8906558501290673,0.6584431614107131,0.0008214445051426423,1.332880205988803,0.9412754603794643,0.0001249996410684821,562801.0,854745.0,355403193.0,671945126.0,755671.0,802816.0,377161083.0,502710542.0
54.9,x264,STREAM,5,1.9398620417983357,7988.099999999999,0.000953120764636934,552224.0,888242.0,683888745.0,352545042.0,13087703.04,1.9398620417983357,0.6217044454101472,0.000953120764636934,0.6959197453051106,0.24500761259270173,0.00020629485581867815,552224.0,888242.0,352545042.0,683888745.0,24943.0,101805.0,372583212.0,259288014.0
55.0,x264,STREAM,5,1.955791756088987,3776.8,0.0011264737618200255,496433.0,894610.0,691317739.0,353472059.0,6187909.12,1.955791756088987,0.5549155497926471,0.0011264737618200255,0.7336285977522676,0.9671065850830596,5.8584455557900966e-05,496433.0,894610.0,353472059.0,691317739.0,649767.0,671867.0,377233172.0,276749043.0
55.1,x264,STREAM,5,1.9251878695988751,18027.3,0.000956660061295235,538319.0,878712.0,685008710.0,355813955.0,29535928.32,1.9251878695988751,0.6126227933611923,0.000956660061295235,0.8808732760625587,0.9542443321802753,0.00012186769855991745,538319.0,878712.0,355813955.0,685008710.0,958610.0,1004575.0,377171314.0,332240131.0
55.2,x264,STREAM,5,1.9178401173611366,17847.7,0.0008985330003984329,573002.0,892884.0,682760157.0,356004732.0,29241671.68,1.9178401173611366,0.6417429363724739,0.0008985330003984329,0.9425176064036096,0.9537451717689791,0.00013898407206737397,573002.0,892884.0,356004732.0,682760157.0,1080764.0,1133179.0,377129546.0,355451237.0
55.3,x264,STREAM,5,1.9481807769881394,18620.2,0.0009438142883683303,551767.0,887959.0,693953037.0,356205669.0,30507335.68,1.9481807769881394,0.6213879244424574,0.0009438142883683303,0.9253270431072955,0.9554181366193266,0.00013729142868875257,551767.0,887959.0,356205669.0,693953037.0,1140689.0,1193916.0,387693540.0,358743317.0
55.4,x264,STREAM,5,1.880875907821376,17786.8,0.0008142938315865081,559596.0,848583.0,667509276.0,354892778.0,29141893.119999997,1.880875907821376,0.6594475731896585,0.0008142938315865081,0.8864078432610585,0.9537927531324077,0.00013025179088191373,559596.0,848583.0,354892778.0,667509276.0,1013958.0,1063080.0,377131091.0,334291957.0
55.5,x264,STREAM,5,1.8843886654033417,17758.300000000003,0.0008112045334711243,579428.0,866884.0,667746303.0,354356994.0,29095198.720000003,1.8843886654033417,0.6684031542859252,0.0008112045334711243,0.8687735233405972,0.9500589866188038,0.00013369252812300202,579428.0,866884.0,354356994.0,667746303.0,959133.0,1009551.0,377119056.0,327631051.0
55.8,x264,STREAM,5,1.9366562218968444,5342.0,0.0010416502324848062,563663.0,933266.0,687173033.0,354824478.0,8752332.8,1.9366562218968444,0.6039682148497856,0.0010416502324848062,0.5790534418971007,0.599548532731377,3.058146993231256e-05,563663.0,933266.0,354824478.0,687173033.0,17264.0,28795.0,377058396.0,218336962.0
55.9,x264,STREAM,5,1.9623766931081246,17976.1,0.0010648130434493005,502656.0,880725.0,696754983.0,355056695.0,29452042.24,1.9623766931081246,0.5707297964744954,0.0010648130434493005,0.8132720376958047,0.9654595608888907,8.722305909760801e-05,502656.0,880725.0,355056695.0,696754983.0,919439.0,952333.0,377125044.0,306705253.0
56.0,x264,STREAM,5,1.9670930744011326,17912.9,0.0009846195791641372,531282.0,880572.0,697818685.0,354746145.0,29348495.36,1.9670930744011326,0.6033373761600415,0.0009846195791641372,1.0088933416814043,0.9582330011122029,0.00013334299224103646,531282.0,880572.0,354746145.0,697818685.0,1153633.0,1203917.0,377102682.0,380456385.0
56.1,x264,STREAM,5,1.9032715359286927,18512.800000000003,0.0008594309314715334,543439.0,848397.0,675351398.0,354837124.0,30331371.520000003,1.9032715359286927,0.640547998165953,0.0008594309314715334,0.8780877918547599,0.9541019840341161,0.00014046347466353825,543439.0,848397.0,354837124.0,675351398.0,1100757.0,1153710.0,376987684.0,331028283.0
56.2,x264,STREAM,5,1.906264310683378,18075.6,0.0007918118126415858,558595.0,840457.0,678574710.0,355970946.0,29615063.04,1.906264310683378,0.6646324559138659,0.0007918118126415858,0.8972969370617337,0.9500215336859982,0.00013043998065043097,558595.0,840457.0,355970946.0,678574710.0,935300.0,984504.0,377215634.0,338474433.0
56.3,x264,STREAM,5,1.8704108142159197,17732.6,0.0008047137731489314,595388.0,882517.0,667379141.0,356808855.0,29053091.84,1.8704108142159197,0.6746476271845189,0.0008047137731489314,0.8989003534635082,0.949881624476416,0.00014573783839848126,595388.0,882517.0,356808855.0,667379141.0,1043160.0,1098200.0,377664446.0,339482704.0
56.4,x264,STREAM,5,1.8768876738817786,18436.399999999998,0.0008567730443006777,587409.0,893400.0,670318400.0,357143589.0,30206197.759999998,1.8768876738817786,0.6574983210208193,0.0008567730443006777,0.9541587799338093,0.9566001148974094,0.00013645996533659453,587409.0,893400.0,357143589.0,670318400.0,1135624.0,1187146.0,377561286.0,360253416.0
56.5,x264,STREAM,5,2.345108196091013,4092.2000000000003,0.001507886397255731,415006.0,947454.0,828078409.0,353108829.0,6704660.48,2.345108196091013,0.4380223208725701,0.001507886397255731,1.197936930686186,0.5189249325195147,0.00021242683652037298,415006.0,947454.0,353108829.0,828078409.0,85359.0,164492.0,372518846.0,446254083.0
56.6,x264,STREAM,5,1.969398649446666,6321.599999999999,0.0009472099586637744,453663.0,789563.0,698388990.0,354620427.0,10357309.44,1.969398649446666,0.5745747964380297,0.0009472099586637744,0.6393368644975254,0.9500322586951847,3.3883237678877225e-05,453663.0,789563.0,354620427.0,698388990.0,242966.0,255745.0,377148138.0,241124708.0
56.7,x264,STREAM,5,1.9243171333066882,18675.1,0.0010463541775649636,500979.0,874471.0,686877417.0,356946059.0,30597283.84,1.9243171333066882,0.572893783784711,0.0010463541775649636,0.9251088716658435,0.9611966035402412,0.0001227688170523696,500979.0,874471.0,356946059.0,686877417.0,1147167.0,1193478.0,377221196.0,348970675.0
56.8,x264,STREAM,5,1.8946045811407386,17919.3,0.0008898082358759239,577184.0,890896.0,667964364.0,352561358.0,29358981.119999997,1.8946045811407386,0.6478691115461288,0.0008898082358759239,0.8873330265515028,0.9529663801893102,0.0001294182812533096,577184.0,890896.0,352561358.0,667964364.0,988857.0,1037662.0,377110556.0,334622651.0
56.9,x264,STREAM,5,1.8810735524618432,17890.4,0.0008481893330930341,581068.0,883099.0,669829841.0,356089128.0,29311631.36,1.8810735524618432,0.6579873830680365,0.0008481893330930341,0.8592735618553246,0.9498548671393675,0.00013646047331998212,581068.0,883099.0,356089128.0,669829841.0,974837.0,1026301.0,377134849.0,324062005.0
57.0,x264,STREAM,5,1.9076874575432083,18711.8,0.0008485388311431241,564957.0,865924.0,676634881.0,354688541.0,30657413.12,1.9076874575432083,0.6524325460433017,0.0008485388311431241,1.007043115286535,0.9570209559429255,0.0001362797627981116,564957.0,865924.0,354688541.0,676634881.0,1144309.0,1195699.0,377091939.0,379747841.0
57.1,x264,STREAM,5,1.9380453917123852,17771.199999999997,0.0008985387707328034,557639.0,877079.0,688995556.0,355510536.0,29116334.08,1.9380453917123852,0.6357910746922455,0.0008985387707328034,0.873705376820611,0.9540993516680415,0.00013972971407484746,557639.0,877079.0,355510536.0,688995556.0,1095328.0,1148023.0,377120932.0,329492586.0
57.2,x264,STREAM,5,1.9024719011681175,17763.800000000003,0.0008505993634842873,555101.0,856558.0,674246298.0,354405391.0,29104209.92,1.9024719011681175,0.6480600262912728,0.0008505993634842873,1.3386962965131228,0.9335774117718009,0.00014017219435676672,555101.0,856558.0,354405391.0,674246298.0,743052.0,795919.0,377157540.0,504899402.0
57.3,x264,STREAM,5,1.9497553642758834,4000.0,0.0009396053410947352,550548.0,881250.0,686232794.0,351958408.0,6553600.0,1.9497553642758834,0.6247353191489362,0.0009396053410947352,0.6904794908406724,0.24811281029506918,0.0001965426111919641,550548.0,881250.0,351958408.0,686232794.0,24158.0,97367.0,372484112.0,257192640.0
57.4,x264,STREAM,5,1.947394755623871,7811.0,0.0011027448570753759,509829.0,898309.0,686037128.0,352284572.0,12797542.4,1.947394755623871,0.5675430169351526,0.0011027448570753759,0.7373380970439373,0.9688239551216776,5.837298296921222e-05,509829.0,898309.0,352284572.0,686037128.0,684074.0,706087.0,377109390.0,278057120.0
57.5,x264,STREAM,5,1.9135136992234274,18693.0,0.0009760128467006176,549742.0,895559.0,677988583.0,354316033.0,30626611.2,1.9135136992234274,0.613853470290623,0.0009760128467006176,0.8860614219241765,0.9543516942865934,0.00012156330237142571,549742.0,895559.0,354316033.0,677988583.0,958443.0,1004287.0,377120390.0,334151829.0
57.6,x264,STREAM,5,1.9178334413993567,17979.7,0.0008813992785939613,571220.0,884888.0,682509045.0,355875036.0,29457940.48,1.9178334413993567,0.6455280216253356,0.0008813992785939613,0.9299413063389952,0.9532448627328604,0.00013985623254506952,571220.0,884888.0,355875036.0,682509045.0,1075244.0,1127983.0,377094385.0,350675645.0
57.9,x264,STREAM,5,1.890315652482516,18072.6,0.0008724608003258885,557966.0,868090.0,671929617.0,355458950.0,29610147.84,1.890315652482516,0.6427513276273198,0.0008724608003258885,0.8860787276040415,0.9528952390422248,0.00013067523960743284,557966.0,868090.0,355458950.0,671929617.0,996656.0,1045924.0,377026284.0,334074970.0
58.0,x264,STREAM,5,1.8823574007092383,16798.5,0.0008033107118013917,564859.0,850932.0,670340406.0,356117497.0,27522662.400000002,1.8823574007092383,0.6638121495019579,0.0008033107118013917,0.8530275699429803,0.9483724722635136,0.0001378745928377974,564859.0,850932.0,356117497.0,670340406.0,946783.0,998324.0,373825220.0,318883219.0
58.1,x264,STREAM,5,1.9005109076836366,3531.3,0.0008439134841701327,592100.0,890587.0,672198999.0,353693839.0,5785681.92,1.9005109076836366,0.6648424016968584,0.0008439134841701327,1.3862265784402013,0.8519740660769427,0.00027142879588654335,592100.0,890587.0,353693839.0,672198999.0,587126.0,689136.0,375826005.0,520979997.0
58.2,x264,STREAM,5,1.9347560824616428,9304.6,0.0010362625615391292,563436.0,933032.0,690054949.0,356662504.0,15244656.64,1.9347560824616428,0.6038763943787566,0.0010362625615391292,0.5805512912253447,0.5782503550727419,2.9124611387436765e-05,563436.0,933032.0,356662504.0,690054949.0,15064.0,26051.0,377241085.0,219007799.0
58.3,x264,STREAM,5,1.9703334459913917,17930.9,0.0011036761573691505,506808.0,899750.0,701498134.0,356030161.0,29377986.560000002,1.9703334459913917,0.5632764656849125,0.0011036761573691505,0.8152937780490069,0.9653063485205986,8.305915511269511e-05,506808.0,899750.0,356030161.0,701498134.0,871411.0,902730.0,377068608.0,307421690.0
58.4,x264,STREAM,5,1.9144870266355885,18657.5,0.0009319974529412556,527010.0,859556.0,683108093.0,356809988.0,30568448.0,1.9144870266355885,0.6131188660192006,0.0009319974529412556,0.9841498176471077,0.9587537341587139,0.00013128274767437614,527010.0,859556.0,356809988.0,683108093.0,1151213.0,1200739.0,377246827.0,371267396.0
58.6,x264,STREAM,5,1.872281443358165,17873.5,0.0008582535917121391,594001.0,899218.0,665831324.0,355625660.0,29283942.4,1.872281443358165,0.6605750774561897,0.0008582535917121391,0.8798930854044136,0.9513018486592153,0.0001286600790609929,594001.0,899218.0,355625660.0,665831324.0,947978.0,996506.0,377179933.0,331878015.0
58.7,x264,STREAM,5,1.8867006628608918,17840.8,0.0008328480327893945,579690.0,876661.0,672746240.0,356572854.0,29230366.72,1.8867006628608918,0.6612476202317658,0.0008328480327893945,0.9430054010182491,0.9542383044678143,0.00013845711040482702,579690.0,876661.0,356572854.0,672746240.0,1088492.0,1140692.0,377012057.0,355524406.0
58.8,x264,STREAM,5,1.8799952531790398,18697.8,0.000831596019683922,591169.0,886077.0,666700690.0,354628922.0,30634475.52,1.8799952531790398,0.6671756517774414,0.000831596019683922,0.9199134603096816,0.9562618125391253,0.00013545513491562442,591169.0,886077.0,354628922.0,666700690.0,1116647.0,1167721.0,377054735.0,346857726.0
58.9,x264,STREAM,5,1.9932050347998387,15326.800000000001,0.0009910995739909193,561616.0,909847.0,700329009.0,351358238.0,25111429.12,1.9932050347998387,0.6172642213471056,0.0009910995739909193,1.220614338139938,0.5791487160098302,0.00022715038734166183,561616.0,909847.0,351358238.0,700329009.0,116417.0,201014.0,372427276.0,454590073.0
59.0,x264,STREAM,5,1.9692049582388074,3642.2000000000003,0.0010632507534554417,495233.0,872262.0,698280602.0,354600266.0,5967380.48,1.9692049582388074,0.5677571647051001,0.0010632507534554417,0.6564902419670983,0.9504145965247182,3.08581546200381e-05,495233.0,872262.0,354600266.0,698280602.0,223049.0,234686.0,377112635.0,247570765.0
59.1,x264,STREAM,5,1.928119944968117,10722.9,0.00109251730978594,506795.0,894595.0,684405554.0,354960051.0,17568399.36,1.928119944968117,0.5665077493167299,0.00109251730978594,0.8907194517424077,0.9625770480020072,0.00011707270445639707,506795.0,894595.0,354960051.0,684405554.0,1135633.0,1179784.0,377124627.0,335912241.0
59.2,x264,STREAM,5,1.9024691320363787,17801.9,0.0008765611723215187,578549.0,890033.0,676038038.0,355347704.0,29166632.96,1.9024691320363787,0.6500309539084506,0.0008765611723215187,0.8977418426727335,0.9515444616243399,0.00013004293551331373,578549.0,890033.0,355347704.0,676038038.0,963120.0,1012165.0,377144670.0,338578551.0
59.3,x264,STREAM,5,1.8775651951398948,18804.9,0.0008334358410044365,593756.0,889048.0,665234148.0,354306817.0,30809948.16,1.8775651951398948,0.6678559537842726,0.0008334358410044365,0.870719135038539,0.94860728729565,0.00014357386111057095,593756.0,889048.0,354306817.0,665234148.0,999206.0,1053340.0,377046348.0,328301470.0
59.4,x264,STREAM,5,1.9459660598880095,18000.4,0.0009212407424084345,555285.0,882165.0,690478999.0,354825818.0,29491855.36,1.9459660598880095,0.629457074356838,0.0009212407424084345,0.9966049308223979,0.9561626946351365,0.0001385944372503959,555285.0,882165.0,354825818.0,690478999.0,1140028.0,1192295.0,377121918.0,375841563.0
59.5,x264,STREAM,5,2.13813133437178,17836.0,0.0012008310289052012,480985.0,904898.0,754795343.0,353016361.0,29222502.400000002,2.13813133437178,0.5315350459388793,0.0012008310289052012,0.8792797899481976,0.9570744144123465,0.00012894331654827657,480985.0,904898.0,353016361.0,754795343.0,1084127.0,1132751.0,377095931.0,331572831.0
59.6,x264,STREAM,5,2.0090354173629312,17882.7,0.000770630347165504,471209.0,745033.0,713859915.0,355324704.0,29299015.68,2.0090354173629312,0.6324672866839456,0.000770630347165504,1.328679960841889,0.9464439175282549,0.00011905726743931708,471209.0,745033.0,355324704.0,713859915.0,786334.0,830830.0,373736110.0,496575680.0
59.7,x264,STREAM,5,1.9273908521223062,13722.8,0.0009408102256779741,604355.0,936481.0,680409924.0,353021248.0,22483435.52,1.9273908521223062,0.6453467822625338,0.0009408102256779741,0.7175333247421289,0.3125544547340813,0.00020957456404573514,604355.0,936481.0,353021248.0,680409924.0,34797.0,111331.0,365187447.0,262034163.0
59.8,x264,STREAM,5,1.9957481778788901,3771.5999999999995,0.0011744351242070528,494444.0,912601.0,710585075.0,356049467.0,6179389.4399999995,1.9957481778788901,0.5417964696510305,0.0011744351242070528,0.7156094859468229,0.9664177590195203,5.2640973102474547e-05,494444.0,912601.0,356049467.0,710585075.0,571524.0,591384.0,377272661.0,269979895.0
60.0,x264,STREAM,5,1.9290614972139852,22470.499999999996,0.0010165840785639757,385351.5,648680.5,499690921.5,259033173.5,36815667.199999996,1.9290614972139852,0.5940543919541285,0.0010165840785639757,0.9192248726172343,0.9563848666379069,0.00012625810091825506,385351.5,648680.5,259033173.5,499690921.5,760413.0,795091.0,274659604.0,252473939.5
