time_step,victim,attacker,run_id,IPC,Total_MB_per_sec,cache_dominance_score,LLC-load-misses,LLC-loads,instructions,cycles,cas_count_total,victim_IPC,victim_miss_rate,victim_cache_dominance,attacker_IPC,attacker_miss_rate,attacker_cache_dominance,victim_LLC-load-misses,victim_LLC-loads,victim_cycles,victim_instructions,attacker_LLC-load-misses,attacker_LLC-loads,attacker_cycles,attacker_instructions
0.1,sysbench,none,9,0.44757893853519815,76.3,2.9566510841032665e-06,898.0,2008.0,168032212.0,375424752.0,125009.92,0.44757893853519815,0.44721115537848605,2.9566510841032665e-06,0.8613587633918178,0.2204869453788243,0.0031338938687667053,898.0,2008.0,375424752.0,168032212.0,5506.0,24972.0,6211442.0,5350280.0
0.2,sysbench,none,9,0.44796411367071726,19.4,9.061513963267448e-07,518.0,868.0,173025656.0,386248922.0,31784.96,0.44796411367071726,0.5967741935483871,9.061513963267448e-07,0.6512657996267853,0.08826374334999194,0.011496273950994222,518.0,868.0,386248922.0,173025656.0,1095.0,12406.0,983884.0,640770.0
0.3,sysbench,none,9,0.44831255237525125,10.2,1.1882331605249687e-06,601.0,1061.0,173554973.0,387129408.0,16711.68,0.44831255237525125,0.5664467483506126,1.1882331605249687e-06,0.6098997529697714,0.16952227373513404,0.009095304218057711,601.0,1061.0,387129408.0,173554973.0,1682.0,9922.0,905962.0,552546.0
0.4,sysbench,none,9,0.4476695326650994,12.4,1.1284816782555379e-06,441.0,876.0,172564828.0,385473693.0,20316.16,0.4476695326650994,0.5034246575342466,1.1284816782555379e-06,0.6325142683570206,0.12610175407976262,0.010672890921008456,441.0,876.0,385473693.0,172564828.0,1445.0,11459.0,938265.0,593466.0
0.5,sysbench,none,9,0.44778334248454077,15.2,1.3135456532636906e-06,695.0,1202.0,172834613.0,385978210.0,24903.68,0.44778334248454077,0.5782029950083195,1.3135456532636906e-06,0.6225095015597543,0.13435843845637083,0.010531860307773342,695.0,1202.0,385978210.0,172834613.0,1800.0,13397.0,1101135.0,685467.0
0.6,sysbench,none,9,0.44797003769834953,9.6,1.186269407664723e-06,432.0,891.0,173331830.0,386927284.0,15728.64,0.44797003769834953,0.48484848484848486,1.186269407664723e-06,0.6054462311513256,0.16416510318949343,0.00987021388786728,432.0,891.0,386927284.0,173331830.0,1750.0,10660.0,902716.0,546546.0
0.7,sysbench,none,9,0.44775502443673654,8.7,1.9528500217830716e-06,752.0,1507.0,173108554.0,386614431.0,14254.079999999998,0.44775502443673654,0.49900464499004643,1.9528500217830716e-06,0.6367090859753873,0.13843336385582286,0.010287585220467424,752.0,1507.0,386614431.0,173108554.0,1663.0,12013.0,1006067.0,640572.0
0.8,sysbench,none,9,0.4475636550663641,18.8,1.4059092240957304e-06,620.0,1164.0,173179480.0,386938211.0,30801.920000000002,0.4475636550663641,0.5326460481099656,1.4059092240957304e-06,0.7103190011364794,0.153382084095064,0.01194786900429695,620.0,1164.0,386938211.0,173179480.0,1678.0,10940.0,775201.0,550640.0
0.9,sysbench,none,9,0.4474580727791053,9.299999999999999,1.1238283817850971e-06,572.0,1007.0,173197496.0,387069776.0,15237.119999999999,0.4474580727791053,0.5680238331678252,1.1238283817850971e-06,0.5818656675758794,0.19936777850446916,0.00851445138300425,572.0,1007.0,387069776.0,173197496.0,1829.0,9174.0,862651.0,501947.0
1.0,sysbench,none,9,0.4478382843633452,9.5,9.697686242745407e-07,482.0,857.0,173174665.0,386690176.0,15564.8,0.4478382843633452,0.5624270711785297,9.697686242745407e-07,0.6576674672853297,0.15583581010522934,0.010754624877579028,482.0,857.0,386690176.0,173174665.0,1940.0,12449.0,977161.0,642647.0
1.1,sysbench,none,9,0.4479118904219148,9.0,1.3720005887045239e-06,563.0,1094.0,173353580.0,387026073.0,14745.599999999999,0.4479118904219148,0.5146252285191956,1.3720005887045239e-06,0.6119760553115294,0.15000450734697557,0.009719927139203501,563.0,1094.0,387026073.0,173353580.0,1664.0,11093.0,970069.0,593659.0
1.3,sysbench,none,9,0.44807205517287074,9.0,8.721694607145888e-07,423.0,760.0,173131816.0,386392800.0,14745.599999999999,0.44807205517287074,0.5565789473684211,8.721694607145888e-07,0.625158874169315,0.1601796407185629,0.010514687880346225,423.0,760.0,386392800.0,173131816.0,1712.0,10688.0,853663.0,533675.0
1.4,sysbench,none,9,0.4482772834435339,9.5,1.4719531663720054e-06,628.0,1197.0,173286610.0,386561212.0,15564.8,0.4482772834435339,0.5246449456975772,1.4719531663720054e-06,0.5924824251126285,0.1551256553968541,0.00942368889121921,628.0,1197.0,386561212.0,173286610.0,1716.0,11062.0,991756.0,587598.0
1.5,sysbench,none,9,0.44815989462148814,8.6,1.0368186189067436e-06,374.0,774.0,172898089.0,385795541.0,14090.24,0.44815989462148814,0.48320413436692505,1.0368186189067436e-06,0.6692127422300519,0.14189189189189189,0.011220834074098018,374.0,774.0,385795541.0,172898089.0,1722.0,12136.0,928095.0,621093.0
1.6,sysbench,none,9,0.4475534510630006,8.0,1.2887542473671701e-06,490.0,988.0,172943460.0,386419677.0,13107.2,0.4475534510630006,0.4959514170040486,1.2887542473671701e-06,0.6525016385307737,0.13280023914505643,0.01031940900840653,490.0,988.0,386419677.0,172943460.0,1777.0,13381.0,1124483.0,733727.0
1.7,sysbench,none,9,0.44782708013565375,8.100000000000001,1.243553435793622e-06,418.0,899.0,173217185.0,386794798.0,13271.04,0.44782708013565375,0.4649610678531702,1.243553435793622e-06,0.5730472871158566,0.16142207370277545,0.009907505094128976,418.0,899.0,386794798.0,173217185.0,1739.0,10773.0,911834.0,522524.0
1.8,sysbench,none,9,0.4478650374192162,20.7,1.5773974481748458e-06,582.0,1192.0,173195204.0,386712937.0,33914.88,0.4478650374192162,0.48825503355704697,1.5773974481748458e-06,0.6002970462860183,0.13209058472293017,0.009785778560121906,582.0,1192.0,386712937.0,173195204.0,1814.0,13733.0,1217992.0,731157.0
1.9,sysbench,none,9,0.4475170240459642,8.0,8.328273971556126e-07,402.0,724.0,173025626.0,386634735.0,13107.2,0.4475170240459642,0.5552486187845304,8.328273971556126e-07,0.6148244604283619,0.16871670702179176,0.009821107772440482,402.0,724.0,386634735.0,173025626.0,1742.0,10325.0,873934.0,537316.0
2.0,sysbench,none,9,0.44790479756456997,9.1,1.1827692233281969e-06,546.0,1003.0,173062072.0,386381376.0,14909.439999999999,0.44790479756456997,0.5443668993020937,1.1827692233281969e-06,0.626564826167886,0.13663079154263033,0.010035293428750394,546.0,1003.0,386381376.0,173062072.0,1790.0,13101.0,1127122.0,706215.0
2.1,sysbench,none,9,0.44802746509080427,8.100000000000001,1.2322945421716147e-06,548.0,1024.0,173060146.0,386271288.0,13271.04,0.44802746509080427,0.53515625,1.2322945421716147e-06,0.6268880475932936,0.14667711871788172,0.010597079502433748,548.0,1024.0,386271288.0,173060146.0,1684.0,11481.0,924500.0,579558.0
2.2,sysbench,none,9,0.44802935561524,12.5,1.1210536313429427e-06,635.0,1068.0,173048555.0,386243787.0,20480.0,0.44802935561524,0.5945692883895131,1.1210536313429427e-06,0.6065612135960803,0.202099533437014,0.00956723215992317,635.0,1068.0,386243787.0,173048555.0,2599.0,12860.0,1072515.0,650546.0
2.3,sysbench,none,9,0.4477415251343105,8.200000000000001,9.171792059993048e-07,388.0,743.0,173301183.0,387056311.0,13434.880000000001,0.4477415251343105,0.522207267833109,9.171792059993048e-07,0.5582206450132786,0.18674171357098188,0.009440989459836591,388.0,743.0,387056311.0,173301183.0,1493.0,7995.0,688699.0,384446.0
2.4,sysbench,none,9,0.44831000793022524,10.5,1.3223740332100754e-06,627.0,1137.0,172899723.0,385670005.0,17203.2,0.44831000793022524,0.5514511873350924,1.3223740332100754e-06,0.6832529377180729,0.13818609152495506,0.010638161706543062,627.0,1137.0,385670005.0,172899723.0,1999.0,14466.0,1171913.0,800713.0
2.5,sysbench,none,9,0.4475285052369674,8.6,7.696832041397971e-07,460.0,756.0,172107741.0,384573807.0,14090.24,0.4475285052369674,0.6084656084656085,7.696832041397971e-07,0.6363744811090559,0.16793186446954267,0.010830285759041807,460.0,756.0,384573807.0,172107741.0,1814.0,10802.0,829895.0,528124.0
2.7,sysbench,none,9,0.44824577809442384,8.3,1.1355388334169834e-06,498.0,937.0,173292089.0,386600605.0,13598.720000000001,0.44824577809442384,0.5314834578441836,1.1355388334169834e-06,0.5986953198391906,0.1637856108160309,0.010104852873388843,498.0,937.0,386600605.0,173292089.0,1696.0,10355.0,856915.0,513031.0
2.8,sysbench,none,9,0.44806093389248614,9.5,1.5170454999781126e-06,586.0,1173.0,173371048.0,386936318.0,15564.8,0.44806093389248614,0.49957374254049447,1.5170454999781126e-06,0.6375361817649192,0.1582419541766961,0.009985479703840953,586.0,1173.0,386936318.0,173371048.0,1775.0,11217.0,945573.0,602837.0
2.9,sysbench,none,9,0.4476185389747391,8.4,8.272640866638548e-07,414.0,734.0,173146562.0,386817227.0,13762.560000000001,0.4476185389747391,0.5640326975476839,8.272640866638548e-07,0.6376113719434773,0.16154984279637508,0.010912434542843972,414.0,734.0,386817227.0,173146562.0,1747.0,10814.0,830887.0,529783.0
3.0,sysbench,none,9,0.4475111267104389,7.800000000000001,1.2053602743873853e-06,535.0,1001.0,173010667.0,386606403.0,12779.52,0.4475111267104389,0.5344655344655345,1.2053602743873853e-06,0.6692579092232649,0.15106986336684713,0.01049851751878341,535.0,1001.0,386606403.0,173010667.0,1758.0,11637.0,940990.0,629765.0
3.1,sysbench,none,9,0.4479381804681126,7.9,9.438429673686437e-07,420.0,785.0,173225252.0,386716872.0,12943.36,0.4479381804681126,0.535031847133758,9.438429673686437e-07,0.6872749271574625,0.14675446848541862,0.011431380209974414,420.0,785.0,386716872.0,173225252.0,1716.0,11693.0,872773.0,599835.0
3.2,sysbench,none,9,0.4476345167635208,8.799999999999999,1.240471277883814e-06,541.0,1021.0,173212046.0,386949709.0,14417.919999999998,0.4476345167635208,0.5298726738491675,1.240471277883814e-06,0.6635605058079694,0.15518625561978164,0.010744947638419187,541.0,1021.0,386949709.0,173212046.0,1933.0,12456.0,979344.0,649854.0
3.4,sysbench,none,9,0.44836884506996694,7.3,1.0130929156332633e-06,465.0,857.0,173489109.0,386933907.0,11960.32,0.44836884506996694,0.5425904317386231,1.0130929156332633e-06,0.6356361424950943,0.2143080613202628,0.009707024128409989,465.0,857.0,386933907.0,173489109.0,2055.0,9589.0,776139.0,493342.0
3.5,sysbench,none,9,0.4477826834364937,3.7,1.0525180450783887e-06,650.0,1056.0,172728411.0,385741605.0,6062.08,0.4477826834364937,0.615530303030303,1.0525180450783887e-06,0.6649359779061009,0.14417933259743568,0.011246687309956203,650.0,1056.0,385741605.0,172728411.0,1698.0,11777.0,896175.0,595899.0
3.6,sysbench,none,9,0.44840013051461475,12.4,1.0609261282182791e-06,507.0,917.0,173286385.0,386454805.0,20316.16,0.44840013051461475,0.5528898582333697,1.0609261282182791e-06,0.6397323333943052,0.18803846924464035,0.009503407390731333,507.0,917.0,386454805.0,173286385.0,1877.0,9982.0,852852.0,545597.0
3.7,sysbench,none,9,0.44837456316690594,8.600000000000001,1.018112140034017e-06,408.0,802.0,173516817.0,386990769.0,14090.240000000002,0.44837456316690594,0.5087281795511222,1.018112140034017e-06,0.6366977147549623,0.17651671077134176,0.01074702160916247,408.0,802.0,386990769.0,173516817.0,1801.0,10203.0,781798.0,497769.0
3.8,sysbench,none,9,0.44741525185255876,8.0,1.2483606382069303e-06,508.0,991.0,173108283.0,386907425.0,13107.2,0.44741525185255876,0.5126135216952573,1.2483606382069303e-06,0.652351351918654,0.13988095238095238,0.009821413399942228,508.0,991.0,386907425.0,173108283.0,1598.0,11424.0,1000467.0,652656.0
3.9,sysbench,none,9,0.44771297530509974,8.4,1.4173008644050729e-06,440.0,988.0,173108418.0,386650438.0,13762.56,0.44771297530509974,0.44534412955465585,1.4173008644050729e-06,0.5962782762765374,0.16881044969588194,0.009794257153297278,440.0,988.0,386650438.0,173108418.0,1693.0,10029.0,851111.0,507499.0
4.0,sysbench,none,9,0.4483333825101659,7.6,1.22673061505755e-06,509.0,984.0,173598306.0,387208075.0,12451.84,0.4483333825101659,0.5172764227642277,1.22673061505755e-06,0.6910709594086117,0.1479767737252767,0.010869200382869926,509.0,984.0,387208075.0,173598306.0,1631.0,11022.0,864001.0,597086.0
4.1,sysbench,none,9,0.4473883569611496,12.2,1.345479595179655e-06,521.0,1041.0,172906335.0,386479291.0,19988.48,0.4473883569611496,0.5004803073967339,1.345479595179655e-06,0.6995190257153918,0.15971439308530627,0.011737609826836134,521.0,1041.0,386479291.0,172906335.0,1700.0,10644.0,761995.0,533030.0
4.2,sysbench,none,9,0.44764206022447806,8.5,1.2488622845195755e-06,554.0,1037.0,173126467.0,386752011.0,13926.4,0.44764206022447806,0.5342333654773385,1.2488622845195755e-06,0.6645251677290437,0.13319381119665147,0.010788428835627396,554.0,1037.0,386752011.0,173126467.0,1782.0,13379.0,1074948.0,714330.0
4.3,sysbench,none,9,0.4482045092185954,8.4,8.348401228308802e-07,454.0,777.0,173410516.0,386900427.0,13762.56,0.4482045092185954,0.5842985842985843,8.348401228308802e-07,0.7174808918319185,0.15725843105172257,0.012094338711928795,454.0,777.0,386900427.0,173410516.0,1730.0,11001.0,766557.0,549990.0
4.4,sysbench,none,9,0.4475108978913209,8.200000000000001,1.3112041927582508e-06,640.0,1147.0,173037904.0,386667464.0,13434.880000000001,0.4475108978913209,0.5579773321708805,1.3112041927582508e-06,0.6965036962446929,0.06299840510366826,0.01137678458179424,640.0,1147.0,386667464.0,173037904.0,632.0,10032.0,826244.0,575482.0
4.5,sysbench,none,9,0.4476772238819488,8.299999999999999,8.550677165810117e-07,450.0,779.0,172250459.0,384764848.0,13598.72,0.4476772238819488,0.5776636713735558,8.550677165810117e-07,0.663213637540678,0.14318627869272121,0.011255881004453702,450.0,779.0,384764848.0,172250459.0,1678.0,11719.0,892067.0,591631.0
4.6,sysbench,none,9,0.44772995499110524,8.200000000000001,1.0113498124861745e-06,570.0,961.0,173097785.0,386612026.0,13434.880000000001,0.44772995499110524,0.5931321540062435,1.0113498124861745e-06,0.6459708167418993,0.16832586693213872,0.010217299799526895,570.0,961.0,386612026.0,173097785.0,2029.0,12054.0,981179.0,633813.0
4.7,sysbench,none,9,0.44732646505770723,9.299999999999999,9.097580987073012e-07,469.0,821.0,173077784.0,386916039.0,15237.119999999999,0.44732646505770723,0.5712545676004872,9.097580987073012e-07,0.6092894235660126,0.16828478964401294,0.010336302447449047,469.0,821.0,386916039.0,173077784.0,1768.0,10506.0,845370.0,515075.0
4.8,sysbench,none,9,0.4475120365525919,8.7,1.9170444783694718e-06,707.0,1449.0,173211386.0,387054139.0,14254.08,0.4475120365525919,0.48792270531400966,1.9170444783694718e-06,0.68449872690183,0.18137493905411994,0.010416821771219545,707.0,1449.0,387054139.0,173211386.0,1860.0,10255.0,805908.0,551643.0
4.9,sysbench,none,9,0.44742959596015175,8.9,8.63167291535608e-07,412.0,746.0,173131543.0,386947007.0,14581.76,0.44742959596015175,0.5522788203753352,8.63167291535608e-07,0.6695979099726735,0.17296317496660943,0.010412900513498094,412.0,746.0,386947007.0,173131543.0,1813.0,10482.0,832525.0,557457.0
5.0,sysbench,none,9,0.4480183750625219,8.0,1.3582434527154992e-06,532.0,1057.0,173171935.0,386528644.0,13107.2,0.4480183750625219,0.5033112582781457,1.3582434527154992e-06,0.6768740634979621,0.1465524625267666,0.010826751333513707,532.0,1057.0,386528644.0,173171935.0,1711.0,11675.0,920313.0,622936.0
5.1,sysbench,none,9,0.447496474829684,8.200000000000001,9.67146198784437e-07,400.0,774.0,173048999.0,386704720.0,13434.880000000001,0.447496474829684,0.5167958656330749,9.67146198784437e-07,0.6977751371468723,0.139765625,0.011830193584985936,400.0,774.0,386704720.0,173048999.0,1789.0,12800.0,930754.0,649457.0
5.2,sysbench,none,9,0.44778160190563937,7.6,1.1575851369437815e-06,515.0,963.0,173297109.0,387012571.0,12451.84,0.44778160190563937,0.5347871235721703,1.1575851369437815e-06,0.6542055459846058,0.1499591020630737,0.010256573341682174,515.0,963.0,387012571.0,173297109.0,1650.0,11003.0,911903.0,596572.0
5.3,sysbench,none,9,0.44770682686741997,7.4,1.1168773697190471e-06,440.0,872.0,173169727.0,386792688.0,12124.16,0.44770682686741997,0.5045871559633027,1.1168773697190471e-06,0.6726416562996395,0.17606768734891218,0.011269406317204855,440.0,872.0,386792688.0,173169727.0,1748.0,9928.0,725859.0,488243.0
5.5,sysbench,none,9,0.4480982515107459,7.7,1.2228302722722278e-06,488.0,960.0,172961350.0,385989790.0,12615.68,0.4480982515107459,0.5083333333333333,1.2228302722722278e-06,0.7269894321836695,0.14862914862914864,0.010930946064118336,488.0,960.0,385989790.0,172961350.0,1545.0,10395.0,809628.0,588591.0
5.6,sysbench,none,9,0.4473858342865034,7.800000000000001,1.0225526603876825e-06,368.0,763.0,172819857.0,386288174.0,12779.52,0.4473858342865034,0.48230668414154654,1.0225526603876825e-06,0.6746302334642309,0.12971613366870283,0.012005825452548238,368.0,763.0,386288174.0,172819857.0,1805.0,13915.0,1008677.0,680484.0
5.7,sysbench,none,9,0.448155437144771,7.9,1.2478265116264013e-06,512.0,995.0,173468887.0,387073039.0,12943.36,0.448155437144771,0.5145728643216081,1.2478265116264013e-06,0.6770722352439804,0.14125694741342454,0.010594038308582616,512.0,995.0,387073039.0,173468887.0,1652.0,11695.0,947986.0,641855.0
5.8,sysbench,none,9,0.44749007789875705,8.5,8.300617071751908e-07,416.0,737.0,173052574.0,386718237.0,13926.4,0.44749007789875705,0.5644504748982361,8.300617071751908e-07,0.617889205310088,0.18051800819743613,0.01019843371506464,416.0,737.0,386718237.0,173052574.0,2070.0,11467.0,921416.0,569333.0
5.9,sysbench,none,9,0.44827138540527645,7.800000000000001,1.679506220416903e-06,519.0,1169.0,173489325.0,387018513.0,12779.52,0.44827138540527645,0.4439692044482464,1.679506220416903e-06,0.5974151881255221,0.13784879561173385,0.009826235550586314,519.0,1169.0,387018513.0,173489325.0,1734.0,12579.0,1103678.0,659354.0
6.0,sysbench,none,9,0.44774477737397333,7.800000000000001,8.371669594158562e-07,414.0,738.0,173285993.0,387019574.0,12779.52,0.44774477737397333,0.5609756097560976,8.371669594158562e-07,0.6680928554321001,0.1708479190976274,0.011099280440691027,414.0,738.0,387019574.0,173285993.0,1757.0,10284.0,768248.0,513261.0
6.1,sysbench,none,9,0.44842853928824883,9.9,1.6088082115081636e-06,626.0,1248.0,173372158.0,386621597.0,16220.16,0.44842853928824883,0.5016025641025641,1.6088082115081636e-06,0.675337405724871,0.14884127678181022,0.010731927843690732,626.0,1248.0,386621597.0,173372158.0,1702.0,11435.0,906920.0,612477.0
6.2,sysbench,none,9,0.4474878759976655,12.8,8.918977971410402e-07,498.0,842.0,172593575.0,385694416.0,20971.52,0.4474878759976655,0.5914489311163895,8.918977971410402e-07,0.636903600113205,0.19479186111629643,0.010523914549766271,498.0,842.0,385694416.0,172593575.0,2087.0,10714.0,819752.0,522103.0
6.3,sysbench,none,9,0.44754775039687356,8.200000000000001,1.1418609529515285e-06,539.0,981.0,173240100.0,387087411.0,13434.880000000001,0.44754775039687356,0.5494393476044852,1.1418609529515285e-06,0.6130053713704856,0.1810344827586207,0.009610450710027656,539.0,981.0,387087411.0,173240100.0,1743.0,9628.0,820461.0,502947.0
6.4,sysbench,none,9,0.4475987160219808,8.200000000000001,7.558031243332609e-07,424.0,716.0,172927077.0,386343997.0,13434.880000000001,0.4475987160219808,0.5921787709497207,7.558031243332609e-07,0.7528644345453296,0.1397936804483795,0.012553015450047535,424.0,716.0,386343997.0,172927077.0,1721.0,12311.0,843622.0,635133.0
6.5,sysbench,none,9,0.4477618997783564,8.4,1.4098723778599374e-06,566.0,1110.0,172769165.0,385850527.0,13762.56,0.4477618997783564,0.5099099099099099,1.4098723778599374e-06,0.6343863951368988,0.15600652292081899,0.010272231784596283,566.0,1110.0,385850527.0,172769165.0,1722.0,11038.0,906911.0,575332.0
6.6,sysbench,none,9,0.447663496699653,8.100000000000001,9.92233239768856e-07,409.0,791.0,172346026.0,384990126.0,13271.04,0.447663496699653,0.5170670037926675,9.92233239768856e-07,0.7286411626161836,0.11646297627606039,0.012555444933986167,409.0,791.0,384990126.0,172346026.0,1782.0,15301.0,1076744.0,784560.0
6.7,sysbench,none,9,0.44831863241005077,8.3,1.2258290751419103e-06,577.0,1051.0,173354537.0,386677074.0,13598.720000000001,0.44831863241005077,0.5490009514747859,1.2258290751419103e-06,0.6932820559455053,0.14426828255997343,0.010900850792952567,577.0,1051.0,386677074.0,173354537.0,1738.0,12047.0,945706.0,655641.0
6.8,sysbench,none,9,0.4477811853280974,8.5,1.3385461523090322e-06,457.0,975.0,173285511.0,386987030.0,13926.4,0.4477811853280974,0.4687179487179487,1.3385461523090322e-06,0.6437651752356505,0.17881642733010153,0.010485292211242784,457.0,975.0,386987030.0,173285511.0,1955.0,10933.0,856247.0,551222.0
6.9,sysbench,none,9,0.4480335842603821,8.0,1.2200164164581868e-06,660.0,1132.0,173335251.0,386880040.0,13107.2,0.4480335842603821,0.5830388692579506,1.2200164164581868e-06,0.6470964031655144,0.1968405736853045,0.009661570005125833,660.0,1132.0,386880040.0,173335251.0,1894.0,9622.0,799870.0,517593.0
7.0,sysbench,none,9,0.44790251732740116,3.1,1.0464424572493568e-06,514.0,919.0,173349732.0,387025581.0,5079.04,0.44790251732740116,0.55930359085963,1.0464424572493568e-06,0.6426242481391363,0.17620706819313092,0.010630753775041687,514.0,919.0,387025581.0,173349732.0,1770.0,10045.0,778402.0,500220.0
7.1,sysbench,none,9,0.4476489826957913,7.3,1.1324195703653926e-06,499.0,937.0,173142764.0,386782436.0,11960.32,0.4476489826957913,0.5325506937033084,1.1324195703653926e-06,0.6195193759042269,0.16429468396818753,0.009620191560588775,499.0,937.0,386782436.0,173142764.0,1570.0,9556.0,830129.0,514281.0
7.2,sysbench,none,9,0.44760217988237816,7.5,8.274183971728128e-07,383.0,703.0,173107944.0,386745087.0,12288.0,0.44760217988237816,0.5448079658605974,8.274183971728128e-07,0.6727462918461821,0.1412703636662827,0.011468109162949998,383.0,703.0,386745087.0,173107944.0,1717.0,12154.0,910089.0,612259.0
7.3,sysbench,none,9,0.44790391828639553,8.0,1.3014760000582254e-06,577.0,1081.0,173451969.0,387252627.0,13107.2,0.44790391828639553,0.5337650323774283,1.3014760000582254e-06,0.6804665298433407,0.1538803449195484,0.010553358325211527,577.0,1081.0,387252627.0,173451969.0,1731.0,11249.0,901893.0,613708.0
7.4,sysbench,none,9,0.44779514887893546,7.800000000000001,9.902601305782413e-07,401.0,783.0,172740214.0,385757225.0,12779.52,0.44779514887893546,0.51213282247765,9.902601305782413e-07,0.6406794306624627,0.1370833001829899,0.011346161490839174,401.0,783.0,385757225.0,172740214.0,1723.0,12569.0,955918.0,612437.0
7.6,sysbench,none,9,0.4482268088854545,113.70000000000002,1.239258792330923e-06,529.0,1008.0,173249238.0,386521365.0,186286.08000000002,0.4482268088854545,0.5248015873015873,1.239258792330923e-06,0.7546551328323272,0.13195923334347429,0.011963977034363546,529.0,1008.0,386521365.0,173249238.0,1735.0,13148.0,953947.0,719901.0
7.7,sysbench,none,9,0.47133079625435553,14.399999999999999,6.40992132927484e-05,23039.0,47136.0,177188730.0,375932851.0,23592.96,0.47133079625435553,0.48877715546503736,6.40992132927484e-05,0.590865798191563,0.14000509727295896,0.00933354109367379,23039.0,47136.0,375932851.0,177188730.0,1648.0,11771.0,1084583.0,640843.0
7.9,sysbench,none,9,0.4477269796326681,10.899999999999999,2.095002448475917e-06,643.0,1453.0,173106649.0,386634393.0,17858.559999999998,0.4477269796326681,0.4425326909841707,2.095002448475917e-06,0.7016926387006106,0.1565940501288358,0.009950764375130414,643.0,1453.0,386634393.0,173106649.0,1337.0,8538.0,723663.0,507789.0
8.0,sysbench,none,9,0.4474899294181489,11.0,1.2307945213291816e-06,516.0,992.0,173063174.0,386742053.0,18022.4,0.4474899294181489,0.5201612903225806,1.2307945213291816e-06,0.7441342896458668,0.19889124632126481,0.012037895975300972,516.0,992.0,386742053.0,173063174.0,2906.0,14611.0,972346.0,723556.0
8.1,sysbench,none,9,0.44794161546415134,11.899999999999999,1.2642468443207057e-06,535.0,1023.0,172905718.0,386000568.0,19496.96,0.44794161546415134,0.52297165200391,1.2642468443207057e-06,0.7128000157903047,0.19014657980456026,0.011777593557555659,535.0,1023.0,386000568.0,172905718.0,2802.0,14736.0,1013280.0,722266.0
8.2,sysbench,none,9,0.4482204665676495,11.299999999999999,1.5773125282156322e-06,635.0,1245.0,173341985.0,386733757.0,18513.92,0.4482204665676495,0.5100401606425703,1.5773125282156322e-06,0.7599660500593,0.20255595774543841,0.012135417544924651,635.0,1245.0,386733757.0,173341985.0,2742.0,13537.0,889545.0,676024.0
8.3,sysbench,none,9,0.44756463787940876,11.7,1.1518665750650597e-06,550.0,995.0,172907408.0,386329467.0,19169.28,0.44756463787940876,0.5527638190954773,1.1518665750650597e-06,0.7541926251463265,0.1884224335847819,0.012274062022578917,550.0,995.0,386329467.0,172907408.0,2298.0,12196.0,806416.0,608193.0
8.4,sysbench,none,9,0.4477815729077709,10.1,1.2676130500132282e-06,484.0,974.0,173091442.0,386553294.0,16547.84,0.4477815729077709,0.49691991786447637,1.2676130500132282e-06,0.8178365976496922,0.16768591921479803,0.01233799664241746,484.0,974.0,386553294.0,173091442.0,2221.0,13245.0,893500.0,730737.0
8.5,sysbench,none,9,0.4477073727825392,10.0,1.543482359866964e-06,542.0,1137.0,172587581.0,385491934.0,16384.0,0.4477073727825392,0.4766930518909411,1.543482359866964e-06,0.8415195377371745,0.14247261345852896,0.012337395664845041,542.0,1137.0,385491934.0,172587581.0,2276.0,15975.0,1110364.0,934393.0
8.6,sysbench,none,9,0.4475899144295781,11.600000000000001,1.2234177026286544e-06,490.0,962.0,172682183.0,385804455.0,19005.440000000002,0.4475899144295781,0.5093555093555093,1.2234177026286544e-06,0.7462397935105314,0.19511868043449107,0.012027851228987082,490.0,962.0,385804455.0,172682183.0,2910.0,14914.0,998017.0,744760.0
8.7,sysbench,none,9,0.4482001055037442,11.200000000000001,2.5964741432812018e-06,677.0,1681.0,173309219.0,386678220.0,18350.08,0.4482001055037442,0.40273646638905414,2.5964741432812018e-06,0.7425742815867562,0.1895637994292703,0.012128104013743559,677.0,1681.0,386678220.0,173309219.0,2325.0,12265.0,819584.0,608602.0
8.8,sysbench,none,9,0.44789437439630075,11.5,2.376171202296477e-06,728.0,1646.0,173037631.0,386335799.0,18841.6,0.44789437439630075,0.4422843256379101,2.376171202296477e-06,0.756430759353656,0.16940621814475026,0.012605293894694503,728.0,1646.0,386335799.0,173037631.0,2659.0,15696.0,1034248.0,782337.0
8.9,sysbench,none,9,0.4480961737909604,11.0,1.1510589049997332e-06,534.0,979.0,173234225.0,386600545.0,18022.4,0.4480961737909604,0.5454545454545454,1.1510589049997332e-06,0.7538467063616554,0.17893290919606708,0.01199616781748333,534.0,979.0,386600545.0,173234225.0,2475.0,13832.0,946719.0,713681.0
9.0,sysbench,none,9,0.4480400694846381,8.7,1.114850752795728e-06,570.0,1001.0,173211768.0,386598833.0,14254.079999999998,0.4480400694846381,0.5694305694305695,1.114850752795728e-06,0.7039149682713823,0.18838291507395713,0.011800967565764991,570.0,1001.0,386598833.0,173211768.0,2267.0,12034.0,827644.0,582591.0
9.1,sysbench,none,9,0.4474916760317606,11.299999999999999,1.1456987839283532e-06,545.0,987.0,172638152.0,385790756.0,18513.92,0.4474916760317606,0.5521783181357649,1.1456987839283532e-06,0.7525832716181929,0.20359501100513572,0.011892032830994001,545.0,987.0,385790756.0,172638152.0,2775.0,13630.0,912796.0,686955.0
9.2,sysbench,none,9,0.4482900849054539,9.299999999999999,1.4914222516384796e-06,516.0,1093.0,173434035.0,386879034.0,15237.119999999999,0.4482900849054539,0.47209515096065874,1.4914222516384796e-06,0.7163585592824072,0.20927389014296463,0.011073425491138758,516.0,1093.0,386879034.0,173434035.0,2225.0,10632.0,759205.0,543863.0
9.3,sysbench,none,9,0.44828793999346966,12.1,1.5338108782373216e-06,557.0,1150.0,173316510.0,386618721.0,19824.64,0.44828793999346966,0.48434782608695653,1.5338108782373216e-06,0.7599007559404536,0.2536040011768167,0.010909106545463928,557.0,1150.0,386618721.0,173316510.0,2586.0,10197.0,697674.0,530163.0
9.4,sysbench,none,9,0.4479461520922569,11.099999999999998,1.1334213780925335e-06,515.0,953.0,173104565.0,386440567.0,18186.239999999998,0.4479461520922569,0.540398740818468,1.1334213780925335e-06,0.7341344838733743,0.20613752061375207,0.011472243635971782,515.0,953.0,386440567.0,173104565.0,2875.0,13947.0,965112.0,708522.0
9.7,sysbench,none,9,0.44826342230506866,10.1,1.5025131679180815e-06,544.0,1125.0,173336949.0,386685463.0,16547.84,0.44826342230506866,0.48355555555555557,1.5025131679180815e-06,0.7556542622645029,0.16073164266148274,0.012303363800286016,544.0,1125.0,386685463.0,173336949.0,1819.0,11317.0,771984.0,583353.0
9.8,sysbench,none,9,0.4482858543027441,11.400000000000002,1.6450074067881062e-06,536.0,1172.0,173318249.0,386624399.0,18677.760000000002,0.4482858543027441,0.45733788395904434,1.6450074067881062e-06,0.6805485909625707,0.2179552949798461,0.010410467636918478,536.0,1172.0,386624399.0,173318249.0,2974.0,13645.0,1025026.0,697580.0
9.9,sysbench,none,9,0.4473544188728497,10.700000000000001,1.1688103959499335e-06,508.0,960.0,172999999.0,386717984.0,17530.88,0.4473544188728497,0.5291666666666667,1.1688103959499335e-06,0.6935731538828466,0.19640358242373357,0.010913171632785315,508.0,960.0,386717984.0,172999999.0,2807.0,14292.0,1052398.0,729915.0
10.0,sysbench,none,9,0.4477576859043634,11.299999999999999,1.209060189618178e-06,491.0,958.0,172946592.0,386250415.0,18513.92,0.4477576859043634,0.5125260960334029,1.209060189618178e-06,0.7302377756390774,0.16653246468047728,0.012015415526964508,491.0,958.0,386250415.0,172946592.0,2275.0,13661.0,947616.0,691985.0
10.1,sysbench,none,9,0.4481181617479333,9.5,1.0786271578075323e-06,522.0,939.0,173243620.0,386602541.0,15564.8,0.4481181617479333,0.5559105431309904,1.0786271578075323e-06,0.7495864541698855,0.19903181189488242,0.012156568031437881,522.0,939.0,386602541.0,173243620.0,2878.0,14460.0,952736.0,714158.0
10.2,sysbench,none,9,0.44761214386150205,13.200000000000001,1.6162787695772513e-06,670.0,1293.0,172533582.0,385453309.0,21626.88,0.44761214386150205,0.5181747873163186,1.6162787695772513e-06,0.7118810410035948,0.18523788350377945,0.011439901808133793,670.0,1293.0,385453309.0,172533582.0,2083.0,11245.0,800881.0,570132.0
10.3,sysbench,none,9,0.4479806572766723,12.1,1.0889134142997792e-06,582.0,1003.0,173200049.0,386623945.0,19824.64,0.4479806572766723,0.580259222333001,1.0889134142997792e-06,0.7991565653377339,0.18850119415156988,0.012386557326616206,582.0,1003.0,386623945.0,173200049.0,3236.0,17167.0,1124687.0,898801.0
10.4,sysbench,none,9,0.44762019780610546,8.7,1.0630128598976493e-06,503.0,914.0,173066487.0,386636903.0,14254.079999999998,0.44762019780610546,0.550328227571116,1.0630128598976493e-06,0.8218071554941744,0.18879651930696917,0.011848655862423499,503.0,914.0,386636903.0,173066487.0,2430.0,12871.0,881197.0,724174.0
10.5,sysbench,none,9,0.4478119350614829,7.800000000000001,1.3899775569711412e-06,590.0,1126.0,172684225.0,385617737.0,12779.52,0.4478119350614829,0.5239786856127886,1.3899775569711412e-06,0.7188852899223255,0.21419072205272627,0.010929276861594771,590.0,1126.0,385617737.0,172684225.0,2738.0,12783.0,919091.0,660721.0
10.6,sysbench,none,9,0.4480760681586941,8.5,1.4408191054541386e-06,623.0,1179.0,172908794.0,385891607.0,13926.4,0.4480760681586941,0.5284139100932994,1.4408191054541386e-06,0.7334602078228459,0.18159342850307042,0.012479099150589479,623.0,1179.0,385891607.0,172908794.0,2277.0,12539.0,822335.0,603150.0
10.7,sysbench,none,9,0.4475728180404472,9.399999999999999,1.4737519905543912e-06,506.0,1074.0,172499418.0,385410845.0,15400.96,0.4475728180404472,0.47113594040968343,1.4737519905543912e-06,0.8029745464782723,0.15055945590171127,0.013540297839340219,506.0,1074.0,385410845.0,172499418.0,2745.0,18232.0,1143771.0,918419.0
10.8,sysbench,none,9,0.44751469051097004,12.2,1.8825987395071792e-06,551.0,1278.0,172815998.0,386168324.0,19988.48,0.44751469051097004,0.43114241001564946,1.8825987395071792e-06,0.758138998291924,0.17773003938417473,0.012266314582952782,551.0,1278.0,386168324.0,172815998.0,2482.0,13965.0,936141.0,709725.0
10.9,sysbench,none,9,0.4474506816294208,10.0,9.901208226085108e-07,577.0,960.0,173083534.0,386821478.0,16384.0,0.4474506816294208,0.6010416666666667,9.901208226085108e-07,0.7192291517866083,0.17843548512390275,0.011766093269874753,577.0,960.0,386821478.0,173083534.0,2297.0,12873.0,898854.0,646482.0
11.0,sysbench,none,9,0.44766163422795396,9.399999999999999,1.0092845822621448e-06,533.0,923.0,172981972.0,386412323.0,15400.96,0.44766163422795396,0.5774647887323944,1.0092845822621448e-06,0.7480225945300958,0.18760441029067826,0.012452085205755154,533.0,923.0,386412323.0,172981972.0,2246.0,11972.0,781074.0,584261.0
11.1,sysbench,none,9,0.4477846157463699,10.0,1.1463938783874093e-06,513.0,955.0,172646421.0,385556839.0,16384.0,0.4477846157463699,0.53717277486911,1.1463938783874093e-06,0.8071108393870443,0.14349911945102325,0.013558005558167054,513.0,955.0,385556839.0,172646421.0,2363.0,16467.0,1040271.0,839614.0
11.2,sysbench,none,9,0.44750102620395316,10.1,1.0392789614931038e-06,522.0,924.0,173096367.0,386806637.0,16547.84,0.44750102620395316,0.564935064935065,1.0392789614931038e-06,0.7603253031986572,0.18865435356200527,0.011631480649660748,522.0,924.0,386806637.0,173096367.0,2288.0,12128.0,845980.0,643220.0
11.3,sysbench,none,9,0.4482742095936113,10.600000000000001,1.8367775611719752e-06,587.0,1297.0,173278842.0,386546534.0,17367.04,0.4482742095936113,0.4525828835774865,1.8367775611719752e-06,0.7733590893248504,0.1849715549936789,0.01218683727057378,587.0,1297.0,386546534.0,173278842.0,2341.0,12656.0,846405.0,654575.0
11.4,sysbench,none,9,0.4473786848803394,9.9,1.1924457089944629e-06,485.0,946.0,172956783.0,386600410.0,16220.16,0.4473786848803394,0.5126849894291755,1.1924457089944629e-06,0.7815921233617323,0.17530700786822562,0.012311363888349159,485.0,946.0,386600410.0,172956783.0,2384.0,13599.0,910947.0,711989.0
11.5,sysbench,none,9,0.44774052542619813,10.3,1.3764985691712138e-06,487.0,1018.0,172721007.0,385761389.0,16875.52,0.44774052542619813,0.47838899803536344,1.3764985691712138e-06,0.765648928707939,0.16437046617556092,0.01248335622508684,487.0,1018.0,385761389.0,172721007.0,2923.0,17783.0,1190385.0,911417.0
11.8,sysbench,none,9,0.4479947702035021,10.8,1.0911569871087041e-06,533.0,955.0,173259939.0,386745450.0,17694.72,0.4479947702035021,0.5581151832460733,1.0911569871087041e-06,0.742127691669495,0.20406172401560838,0.01167110753934041,533.0,955.0,386745450.0,173259939.0,2301.0,11276.0,768993.0,570691.0
11.9,sysbench,none,9,0.4483946481829174,9.299999999999999,1.6033547353174893e-06,569.0,1189.0,173389379.0,386689225.0,15237.119999999999,0.4483946481829174,0.4785534062237174,1.6033547353174893e-06,0.7020954399255771,0.19129986751067274,0.011458589718452638,569.0,1189.0,386689225.0,173389379.0,2599.0,13586.0,958844.0,673200.0
12.0,sysbench,none,9,0.4473472735677245,13.200000000000001,1.0627293999020478e-06,525.0,936.0,173007098.0,386740030.0,21626.88,0.4473472735677245,0.5608974358974359,1.0627293999020478e-06,0.6578677015803445,0.21114262190101546,0.010533593771950076,525.0,936.0,386740030.0,173007098.0,2308.0,10931.0,818619.0,538543.0
12.1,sysbench,none,9,0.44791227435866815,11.7,1.4555057436483928e-06,689.0,1251.0,172947925.0,386120084.0,19169.28,0.44791227435866815,0.5507593924860112,1.4555057436483928e-06,0.7737852991802581,0.20280649926144756,0.012263748998755902,689.0,1251.0,386120084.0,172947925.0,2746.0,13540.0,880155.0,681051.0
12.2,sysbench,none,9,0.4479151167319682,10.4,1.28703547516736e-06,650.0,1147.0,172966338.0,386158742.0,17039.36,0.4479151167319682,0.5666957279860506,1.28703547516736e-06,0.7644234056477529,0.21648197284220383,0.012258612774353615,650.0,1147.0,386158742.0,172966338.0,2774.0,12814.0,819016.0,626075.0
12.3,sysbench,none,9,0.4474722574489503,9.9,1.145283385637624e-06,488.0,931.0,173083983.0,386803830.0,16220.16,0.4474722574489503,0.5241675617615468,1.145283385637624e-06,0.7870329614987536,0.19044756179024716,0.012206582227482186,488.0,931.0,386803830.0,173083983.0,2851.0,14970.0,992825.0,781386.0
12.4,sysbench,none,9,0.44760864289930485,10.700000000000001,1.203545271659515e-06,495.0,960.0,172937424.0,386358545.0,17530.88,0.44760864289930485,0.515625,1.203545271659515e-06,0.7453846081375176,0.1999814917638349,0.011635215470193255,495.0,960.0,386358545.0,172937424.0,2161.0,10806.0,743003.0,553823.0
12.5,sysbench,none,9,0.4479331546355572,11.099999999999998,1.2385815349673593e-06,475.0,953.0,172868755.0,385925340.0,18186.239999999998,0.4479331546355572,0.49842602308499473,1.2385815349673593e-06,0.7467333064666432,0.17438070404172099,0.01235835220669527,475.0,953.0,385925340.0,172868755.0,2675.0,15340.0,1024813.0,765262.0
12.6,sysbench,none,9,0.4474666202329619,11.5,1.2086346979227138e-06,662.0,1128.0,172524788.0,385559012.0,18841.6,0.4474666202329619,0.5868794326241135,1.2086346979227138e-06,0.7305569050986934,0.21068026700667516,0.011311798924282747,662.0,1128.0,385559012.0,172524788.0,2809.0,13333.0,930356.0,679678.0
12.7,sysbench,none,9,0.4479056281845375,11.600000000000001,1.2058947957143959e-06,551.0,1017.0,173086428.0,386435037.0,19005.440000000002,0.4479056281845375,0.5417895771878073,1.2058947957143959e-06,0.7992508662244954,0.18786846587187214,0.012750906848855782,551.0,1017.0,386435037.0,173086428.0,2868.0,15266.0,972323.0,777130.0
12.8,sysbench,none,9,0.4478295967384605,10.9,2.042818379425966e-06,638.0,1427.0,172965720.0,386231105.0,17858.56,0.4478295967384605,0.4470918009810792,2.042818379425966e-06,0.7599119105507808,0.16172669308978116,0.011982973314513328,638.0,1427.0,386231105.0,172965720.0,1877.0,11606.0,811902.0,616974.0
13.0,sysbench,none,9,0.44747504636888136,10.3,1.2310740182762091e-06,546.0,1022.0,173018128.0,386654249.0,16875.52,0.44747504636888136,0.5342465753424658,1.2310740182762091e-06,0.6892809004960085,0.2104983691117348,0.011195960504334562,546.0,1022.0,386654249.0,173018128.0,2775.0,13183.0,929621.0,640770.0
13.1,sysbench,none,9,0.44814329260436664,10.700000000000001,1.0484164027474682e-06,547.0,952.0,173116362.0,386296894.0,17530.88,0.44814329260436664,0.5745798319327731,1.0484164027474682e-06,0.7854370817705965,0.17371037911746426,0.012830828732081053,547.0,952.0,386296894.0,173116362.0,2236.0,12872.0,828941.0,651081.0
13.2,sysbench,none,9,0.44750702165683687,10.5,1.0869097317378942e-06,601.0,1021.0,172924157.0,386416634.0,17203.2,0.44750702165683687,0.5886385896180215,1.0869097317378942e-06,0.705660122318484,0.2338741590819153,0.011088620761151339,601.0,1021.0,386416634.0,172924157.0,2955.0,12635.0,872967.0,616018.0
13.3,sysbench,none,9,0.4474413837099411,10.4,1.0475101784882855e-06,519.0,924.0,172994749.0,386631088.0,17039.36,0.4474413837099411,0.5616883116883117,1.0475101784882855e-06,0.7781140135077977,0.1906489651191556,0.012103253142344861,519.0,924.0,386631088.0,172994749.0,2312.0,12127.0,810939.0,631003.0
13.4,sysbench,none,9,0.44752591069512565,10.0,1.4710036459329487e-06,640.0,1209.0,173107826.0,386810734.0,16384.0,0.44752591069512565,0.5293631100082713,1.4710036459329487e-06,0.7513842107548492,0.22007690419700565,0.011826736388956089,640.0,1209.0,386810734.0,173107826.0,2690.0,12223.0,806055.0,605657.0
13.5,sysbench,none,9,0.44775165721400734,9.9,1.1895587005972937e-06,556.0,1015.0,172768280.0,385857377.0,16220.16,0.44775165721400734,0.547783251231527,1.1895587005972937e-06,0.7113354190365833,0.13399926008139104,0.012408202729507755,556.0,1015.0,385857377.0,172768280.0,1811.0,13515.0,943247.0,670965.0
13.6,sysbench,none,9,0.4480480854842556,10.4,1.1084340299896461e-06,555.0,983.0,173004956.0,386130332.0,17039.36,0.4480480854842556,0.5645981688708036,1.1084340299896461e-06,0.7911280566219268,0.18336560180703454,0.012053830839136193,555.0,983.0,386130332.0,173004956.0,2273.0,12396.0,839816.0,664402.0
13.9,sysbench,none,9,0.44768292639397955,11.400000000000002,1.749740746530358e-06,551.0,1227.0,172959142.0,386342949.0,18677.760000000002,0.44768292639397955,0.4490627546862266,1.749740746530358e-06,0.67290188250351,0.1669806473711252,0.011614024698904499,551.0,1227.0,386342949.0,172959142.0,2925.0,17517.0,1256412.0,845442.0
14.0,sysbench,none,9,0.44787194633253774,9.5,1.1463752646645374e-06,494.0,937.0,173073581.0,386435414.0,15564.8,0.44787194633253774,0.5272145144076841,1.1463752646645374e-06,0.7492237155436775,0.17900280898876406,0.012517988384643058,494.0,937.0,386435414.0,173073581.0,2549.0,14240.0,933936.0,699727.0
14.1,sysbench,none,9,0.44752082800701,5.700000000000001,1.6265688314563497e-06,580.0,1209.0,173057909.0,386703586.0,9338.880000000001,0.44752082800701,0.47973531844499584,1.6265688314563497e-06,0.7360035948686301,0.23857783684997508,0.01075410113031868,580.0,1209.0,386703586.0,173057909.0,2872.0,12038.0,852326.0,627315.0
14.2,sysbench,none,9,0.4478331585547962,8.799999999999999,1.3163008981915483e-06,642.0,1149.0,172492028.0,385170291.0,14417.919999999998,0.4478331585547962,0.5587467362924282,1.3163008981915483e-06,0.6716630977872948,0.19284831634229224,0.011268386198032911,642.0,1149.0,385170291.0,172492028.0,2497.0,12948.0,927462.0,622942.0
14.3,sysbench,none,9,0.447629401179598,12.4,1.2458284109081503e-06,511.0,992.0,172824556.0,386088482.0,20316.16,0.447629401179598,0.5151209677419355,1.2458284109081503e-06,0.7887553817148324,0.14951069227981154,0.012779955829771244,511.0,992.0,386088482.0,172824556.0,2475.0,16554.0,1101647.0,868930.0
14.4,sysbench,none,9,0.4473109046558383,10.3,1.107327096727415e-06,532.0,960.0,172892967.0,386516325.0,16875.52,0.4473109046558383,0.5541666666666667,1.107327096727415e-06,0.7157892310529227,0.20801173201605433,0.01182578830905403,532.0,960.0,386516325.0,172892967.0,2695.0,12956.0,867680.0,621076.0
14.5,sysbench,none,9,0.4478366082309763,9.8,1.1812835965895066e-06,502.0,958.0,172874231.0,386020767.0,16056.32,0.4478366082309763,0.524008350730689,1.1812835965895066e-06,0.6925468065770587,0.1710206561360875,0.011684651424669,502.0,958.0,386020767.0,172874231.0,2252.0,13168.0,934217.0,646989.0
14.6,sysbench,none,9,0.447747343094963,11.600000000000001,1.1873382159122999e-06,537.0,994.0,172335509.0,384894543.0,19005.440000000002,0.447747343094963,0.540241448692153,1.1873382159122999e-06,0.70848124579887,0.16437712809674768,0.012689418590345915,537.0,994.0,384894543.0,172335509.0,2800.0,17034.0,1121722.0,794719.0
14.7,sysbench,none,9,0.44828299855128634,9.5,1.2176432410625951e-06,528.0,999.0,173401605.0,386812807.0,15564.8,0.44828299855128634,0.5285285285285285,1.2176432410625951e-06,0.762987138084712,0.16518889745566692,0.01236102410128562,528.0,999.0,386812807.0,173401605.0,1714.0,10376.0,700751.0,534664.0
14.8,sysbench,none,9,0.44762124002586823,10.4,1.1928542398685331e-06,512.0,972.0,172616036.0,385629681.0,17039.36,0.44762124002586823,0.5267489711934157,1.1928542398685331e-06,0.7696396632087006,0.20825296224855333,0.012272487012605648,512.0,972.0,385629681.0,172616036.0,3023.0,14516.0,936485.0,720756.0
14.9,sysbench,none,9,0.44833248129727105,10.899999999999999,1.5850109942102727e-06,576.0,1189.0,173391738.0,386748106.0,17858.559999999998,0.44833248129727105,0.48444070647603027,1.5850109942102727e-06,0.7401521868217972,0.17827756445419637,0.01228129146809804,576.0,1189.0,386748106.0,173391738.0,2275.0,12761.0,853819.0,631956.0
15.0,sysbench,none,9,0.4476194325455252,9.399999999999999,1.0139238331932653e-06,538.0,930.0,173057198.0,386616812.0,15400.96,0.4476194325455252,0.578494623655914,1.0139238331932653e-06,0.7429201581902154,0.17053785014275794,0.0123862662131143,538.0,930.0,386616812.0,173057198.0,2210.0,12959.0,867816.0,644718.0
15.1,sysbench,none,9,0.44768511714653825,9.2,9.394854588769976e-07,572.0,935.0,172977342.0,386381712.0,15073.279999999999,0.44768511714653825,0.611764705882353,9.394854588769976e-07,0.7177093812797996,0.1933867735470942,0.01116338761853614,572.0,935.0,386381712.0,172977342.0,2123.0,10978.0,793218.0,569300.0
15.2,sysbench,none,9,0.4476501157994357,10.2,9.96971764299136e-07,548.0,933.0,172868782.0,386169412.0,16711.68,0.4476501157994357,0.587352625937835,9.96971764299136e-07,0.7814983511620437,0.18158919166475843,0.012388816095061806,548.0,933.0,386169412.0,172868782.0,2379.0,13101.0,865458.0,676354.0
15.3,sysbench,none,9,0.44783721335321564,10.1,1.2627026038348232e-06,589.0,1077.0,173076827.0,386472633.0,16547.84,0.44783721335321564,0.5468895078922934,1.2627026038348232e-06,0.7574955160860717,0.19071159099778848,0.012121424681449701,589.0,1077.0,386472633.0,173076827.0,2932.0,15374.0,1026447.0,777529.0
15.4,sysbench,none,9,0.4476211978063049,11.400000000000002,1.1202459594435779e-06,527.0,960.0,173015557.0,386522260.0,18677.760000000002,0.4476211978063049,0.5489583333333333,1.1202459594435779e-06,0.7499768072373928,0.19246327443048755,0.011861143627306378,527.0,960.0,386522260.0,173015557.0,2712.0,14091.0,959351.0,719491.0
15.5,sysbench,none,9,0.4477001683279995,10.700000000000001,1.442707819082678e-06,537.0,1094.0,172847884.0,386079560.0,17530.88,0.4477001683279995,0.49085923217550276,1.442707819082678e-06,0.7295964084869685,0.1988228099678948,0.01188815313384012,537.0,1094.0,386079560.0,172847884.0,2601.0,13082.0,881634.0,643237.0
15.6,sysbench,none,9,0.4475191820278332,11.0,1.2859906122063056e-06,505.0,1001.0,172605859.0,385694884.0,18022.4,0.4475191820278332,0.5044955044955045,1.2859906122063056e-06,0.7784445002553505,0.15584179970972423,0.01303267645556762,505.0,1001.0,385694884.0,172605859.0,2577.0,16536.0,1071077.0,833774.0
15.7,sysbench,none,9,0.44749939374245934,9.399999999999999,1.208761966064021e-06,465.0,932.0,172889471.0,386345710.0,15400.96,0.44749939374245934,0.4989270386266094,1.208761966064021e-06,0.7726867774911627,0.14804225240250973,0.012810499665615744,465.0,932.0,386345710.0,172889471.0,1864.0,12591.0,837360.0,647017.0
16.0,sysbench,none,9,0.447326195818449,9.299999999999999,1.1400990795737116e-06,519.0,960.0,173029569.0,386808487.0,15237.119999999999,0.447326195818449,0.540625,1.1400990795737116e-06,0.7953614906587703,0.1926941979021492,0.012039296719548705,519.0,960.0,386808487.0,173029569.0,2627.0,13633.0,914173.0,727098.0
16.1,sysbench,none,9,0.44772478045932157,9.1,1.132646039578997e-06,498.0,936.0,173137456.0,386705100.0,14909.439999999999,0.44772478045932157,0.532051282051282,1.132646039578997e-06,0.7627788093743182,0.18059085133418043,0.011486345075722156,498.0,936.0,386705100.0,173137456.0,2274.0,12592.0,898284.0,685192.0
16.2,sysbench,none,9,0.4477907427209313,10.600000000000001,1.7951639347207315e-06,619.0,1311.0,172614427.0,385480115.0,17367.04,0.4477907427209313,0.47215865751334857,1.7951639347207315e-06,0.76366801896715,0.11811162845523664,0.0130713644257615,619.0,1311.0,385480115.0,172614427.0,2004.0,16967.0,1144716.0,874183.0
16.3,sysbench,none,9,0.4482273792294765,10.4,9.645420507557803e-07,535.0,908.0,173334913.0,386712015.0,17039.36,0.4482273792294765,0.5892070484581498,9.645420507557803e-07,0.762007529522493,0.2106187624750499,0.01211659975391795,535.0,908.0,386712015.0,173334913.0,2638.0,12525.0,815988.0,621789.0
16.4,sysbench,none,9,0.4477985232166335,10.700000000000001,1.193066467052758e-06,484.0,945.0,173029018.0,386399260.0,17530.88,0.4477985232166335,0.5121693121693122,1.193066467052758e-06,0.7657426826281305,0.1770962156814247,0.012732686302124794,484.0,945.0,386399260.0,173029018.0,2864.0,16172.0,1045184.0,800342.0
16.5,sysbench,none,9,0.44748003759485855,10.4,1.1028438210363452e-06,516.0,942.0,172849947.0,386274096.0,17039.36,0.44748003759485855,0.5477707006369427,1.1028438210363452e-06,0.7471849385853817,0.18899695166206998,0.012054223509080043,516.0,942.0,386274096.0,172849947.0,2604.0,13778.0,926978.0,692624.0
16.6,sysbench,none,9,0.4476180302577209,11.099999999999998,1.2596432181354546e-06,498.0,983.0,172346218.0,385029660.0,18186.239999999998,0.4476180302577209,0.5066124109867752,1.2596432181354546e-06,0.7589431525723068,0.15666666666666668,0.012592714007055831,498.0,983.0,385029660.0,172346218.0,2726.0,17400.0,1165277.0,884379.0
16.7,sysbench,none,9,0.4482612888010274,10.700000000000001,1.1339306895739306e-06,556.0,994.0,173148541.0,386266995.0,17530.88,0.4482612888010274,0.5593561368209256,1.1339306895739306e-06,0.6945861152154774,0.21416641360461586,0.011362813050933417,556.0,994.0,386266995.0,173148541.0,2821.0,13172.0,910954.0,632736.0
16.8,sysbench,none,9,0.4476076436426051,8.6,1.3916391329700198e-06,562.0,1100.0,173042642.0,386594475.0,14090.24,0.4476076436426051,0.5109090909090909,1.3916391329700198e-06,0.7709035806405453,0.17771464646464646,0.012743885808912649,562.0,1100.0,386594475.0,173042642.0,2252.0,12672.0,817647.0,630327.0
16.9,sysbench,none,9,0.4476014870051413,9.399999999999999,1.7848630944820227e-06,535.0,1225.0,173035695.0,386584272.0,15400.96,0.4476014870051413,0.43673469387755104,1.7848630944820227e-06,0.7447850154908776,0.1660576923076923,0.012038743850843392,535.0,1225.0,386584272.0,173035695.0,1727.0,10400.0,720424.0,536561.0
17.0,sysbench,none,9,0.44753266276729387,10.3,1.2461083061652638e-06,525.0,1007.0,173107540.0,386804259.0,16875.52,0.44753266276729387,0.5213505461767627,1.2461083061652638e-06,0.7143178670360111,0.20495822111732614,0.011073599569098183,525.0,1007.0,386804259.0,173107540.0,2968.0,14481.0,1039680.0,742662.0
17.1,sysbench,none,9,0.44817684622903453,10.3,1.0988990275439145e-06,531.0,956.0,173332722.0,386750729.0,16875.52,0.44817684622903453,0.555439330543933,1.0988990275439145e-06,0.7135915510797198,0.21051396385824925,0.011620489460727305,531.0,956.0,386750729.0,173332722.0,2691.0,12783.0,868466.0,619730.0
17.2,sysbench,none,9,0.44813396162441993,10.4,1.1186425041197764e-06,536.0,968.0,173061430.0,386182358.0,17039.36,0.44813396162441993,0.5537190082644629,1.1186425041197764e-06,0.6807248981022922,0.18900261842418473,0.011198886794933601,536.0,968.0,386182358.0,173061430.0,2382.0,12603.0,912680.0,621284.0
17.3,sysbench,none,9,0.44756777263514047,9.5,1.251499507794811e-06,553.0,1037.0,173090601.0,386736069.0,15564.8,0.44756777263514047,0.5332690453230472,1.251499507794811e-06,0.706864303805226,0.20624356231677363,0.011806842971817024,553.0,1037.0,386736069.0,173090601.0,2603.0,12621.0,848491.0,599768.0
17.4,sysbench,none,9,0.4479298327404962,11.299999999999999,1.1253446105936283e-06,493.0,928.0,173146497.0,386548259.0,18513.92,0.4479298327404962,0.53125,1.1253446105936283e-06,0.8164031535102259,0.16841067637245982,0.013172054633940111,493.0,928.0,386548259.0,173146497.0,2221.0,13188.0,832596.0,679734.0
17.5,sysbench,none,9,0.44791357896300665,12.3,9.472340355951348e-07,549.0,915.0,173068496.0,386388143.0,20152.32,0.44791357896300665,0.6,9.472340355951348e-07,0.7296150711286761,0.2497254371884768,0.010521215395259352,549.0,915.0,386388143.0,173068496.0,2956.0,11837.0,844104.0,615871.0
17.6,sysbench,none,9,0.4463083054643154,14.8,1.07192164434182e-05,1902.0,6062.0,173206928.0,388088068.0,24248.32,0.4463083054643154,0.31375783569778953,1.07192164434182e-05,0.7552661661840794,0.14910804442948503,0.012360492190105153,1902.0,6062.0,388088068.0,173206928.0,2215.0,14855.0,1022613.0,772345.0
17.7,sysbench,none,9,0.4755803411547988,43.5,9.037784695165637e-05,8826.0,43304.0,181427856.0,381487291.0,71270.4,0.4755803411547988,0.2038148900794384,9.037784695165637e-05,0.7892620201145966,0.12015858493443123,0.011733785819567319,8826.0,43304.0,381487291.0,181427856.0,1970.0,16395.0,1229356.0,970284.0
17.8,sysbench,none,9,0.44779423527551615,9.1,3.2039418031356244e-06,645.0,1884.0,173167021.0,386711144.0,14909.439999999999,0.44779423527551615,0.34235668789808915,3.2039418031356244e-06,0.6320878380683725,0.155643864130949,0.009821909108819136,645.0,1884.0,386711144.0,173167021.0,1645.0,10569.0,908581.0,574303.0
18.1,sysbench,none,9,0.4478740181929867,8.6,1.1684166605658688e-06,506.0,958.0,173259303.0,386848301.0,14090.24,0.4478740181929867,0.5281837160751566,1.1684166605658688e-06,0.7118430234794411,0.1566693326224118,0.010429201764941836,506.0,958.0,386848301.0,173259303.0,1763.0,11253.0,909945.0,647738.0
18.2,sysbench,none,9,0.4474904087625575,8.899999999999999,1.4049771809153602e-06,552.0,1094.0,172628997.0,385771390.0,14581.759999999998,0.4474904087625575,0.5045703839122486,1.4049771809153602e-06,0.7514705799810284,0.16826832485396645,0.0123876718249224,552.0,1094.0,385771390.0,172628997.0,1786.0,10614.0,712644.0,535531.0
18.3,sysbench,none,9,0.4474813819901301,9.0,1.131603482780993e-06,564.0,1002.0,173202759.0,387061375.0,14745.599999999999,0.4474813819901301,0.562874251497006,1.131603482780993e-06,0.8085209383803234,0.13527101335428124,0.013029377648367776,564.0,1002.0,387061375.0,173202759.0,1722.0,12730.0,844860.0,683087.0
18.4,sysbench,none,9,0.4475205914408328,8.100000000000001,7.985230228736635e-07,406.0,715.0,173174547.0,386964422.0,13271.04,0.4475205914408328,0.5678321678321678,7.985230228736635e-07,0.7748530112362162,0.15562565720294427,0.012829562752001486,406.0,715.0,386964422.0,173174547.0,1628.0,10461.0,688488.0,533477.0
18.5,sysbench,none,9,0.4484025712988045,8.0,1.1574336556315858e-06,554.0,1002.0,173560144.0,387063222.0,13107.2,0.4484025712988045,0.5528942115768463,1.1574336556315858e-06,0.7203558558734295,0.16163216797068436,0.011008332000369329,554.0,1002.0,387063222.0,173560144.0,1632.0,10097.0,768963.0,553927.0
18.6,sysbench,none,9,0.447510041650286,8.0,9.737169011067538e-07,379.0,754.0,172346054.0,385122205.0,13107.2,0.447510041650286,0.5026525198938993,9.737169011067538e-07,0.7442898377518954,0.14783859081513437,0.012647455836610129,379.0,754.0,385122205.0,172346054.0,1645.0,11127.0,749716.0,558006.0
18.7,sysbench,none,9,0.44775630780481546,9.2,2.6364029069832244e-06,605.0,1624.0,173062955.0,386511484.0,15073.279999999999,0.44775630780481546,0.3725369458128079,2.6364029069832244e-06,0.7470733014701584,0.0911976911976912,0.011749079363184228,605.0,1624.0,386511484.0,173062955.0,948.0,10395.0,804063.0,600694.0
18.8,sysbench,none,9,0.4482311194255178,7.9,1.428631738718742e-06,418.0,970.0,173189193.0,386383688.0,12943.36,0.4482311194255178,0.4309278350515464,1.428631738718742e-06,0.8012576276521985,0.14276250414044386,0.013466033776954506,418.0,970.0,386383688.0,173189193.0,1724.0,12076.0,768749.0,615966.0
18.9,sysbench,none,9,0.4473612094247691,7.9,1.3758708339301595e-06,514.0,1045.0,172653418.0,385937391.0,12943.36,0.4473612094247691,0.49186602870813395,1.3758708339301595e-06,0.7312888784024538,0.11865312667022983,0.011540299569900643,514.0,1045.0,385937391.0,172653418.0,1554.0,13097.0,1000234.0,731460.0
19.0,sysbench,none,9,0.44748874172366937,7.3,7.963619600076074e-07,378.0,686.0,173070211.0,386758805.0,11960.32,0.44748874172366937,0.5510204081632653,7.963619600076074e-07,0.8029786771169275,0.1382968735330016,0.013491067202507123,378.0,686.0,386758805.0,173070211.0,1473.0,10651.0,680302.0,546268.0
19.1,sysbench,none,9,0.44780799510255354,8.100000000000001,1.1267765645102002e-06,538.0,974.0,173276843.0,386944505.0,13271.04,0.44780799510255354,0.5523613963039015,1.1267765645102002e-06,0.7499936052919267,0.1387552133461662,0.011941978311374462,538.0,974.0,386944505.0,173276843.0,1730.0,12468.0,899181.0,674380.0
19.2,sysbench,none,9,0.44796732941069006,7.9,8.270670323077299e-07,402.0,721.0,172781132.0,385700297.0,12943.36,0.44796732941069006,0.5575589459084604,8.270670323077299e-07,0.7587064793607645,0.14365791159513133,0.012573543590008888,402.0,721.0,385700297.0,172781132.0,1794.0,12488.0,850516.0,645292.0
19.3,sysbench,none,9,0.4484296668131804,7.7,1.4656373112403252e-06,584.0,1151.0,173480587.0,386862422.0,12615.68,0.4484296668131804,0.5073848827106864,1.4656373112403252e-06,0.7494841348691907,0.14653883367050752,0.011408408807390363,584.0,1151.0,386862422.0,173480587.0,1666.0,11369.0,850513.0,637446.0
19.4,sysbench,none,9,0.4476629280441458,7.7,9.56165697406237e-07,387.0,757.0,173228640.0,386962219.0,12615.68,0.4476629280441458,0.5112285336856011,9.56165697406237e-07,0.793764535440579,0.14673060960988657,0.013128189992663991,387.0,757.0,386962219.0,173228640.0,1591.0,10843.0,704743.0,559400.0
19.5,sysbench,none,9,0.4479315628636499,7.9,1.0784557497463553e-06,522.0,939.0,173199004.0,386663987.0,12943.36,0.4479315628636499,0.5559105431309904,1.0784557497463553e-06,0.7704452295338037,0.15815132605304213,0.011314197653817526,522.0,939.0,386663987.0,173199004.0,1622.0,10256.0,763112.0,587936.0
19.6,sysbench,none,9,0.4477825800795085,7.7,8.733049183926614e-07,384.0,721.0,172795007.0,385890418.0,12615.68,0.4477825800795085,0.5325936199722607,8.733049183926614e-07,0.7730144334046997,0.12925827494563905,0.01295376206627601,384.0,721.0,385890418.0,172795007.0,1605.0,12417.0,834661.0,645205.0
19.7,sysbench,none,9,0.4474749836669107,10.1,1.5179919687777342e-06,520.0,1107.0,173036367.0,386695063.0,16547.84,0.4474749836669107,0.46973803071364045,1.5179919687777342e-06,0.7589698625128244,0.15233178755796659,0.011652311759477426,520.0,1107.0,386695063.0,173036367.0,1741.0,11429.0,831423.0,631025.0
19.8,sysbench,none,9,0.44750509008209194,7.800000000000001,1.3160015770507856e-06,419.0,928.0,173084968.0,386777652.0,12779.52,0.44750509008209194,0.4515086206896552,1.3160015770507856e-06,0.7093609320731529,0.14560366875385836,0.011695581682555741,419.0,928.0,386777652.0,173084968.0,1651.0,11339.0,828347.0,587597.0
19.9,sysbench,none,9,0.44749741356403616,7.9,1.4571361053764869e-06,560.0,1124.0,173208625.0,387060617.0,12943.36,0.44749741356403616,0.498220640569395,1.4571361053764869e-06,0.7743621496399687,0.13571090421335016,0.012264910420471226,560.0,1124.0,387060617.0,173208625.0,1720.0,12674.0,893117.0,691596.0
20.1,sysbench,none,9,0.44760405182017654,8.100000000000001,1.00319688596517e-06,400.0,788.0,173116937.0,386763561.0,13271.04,0.44760405182017654,0.5076142131979695,1.00319688596517e-06,0.7803494031511681,0.14211655345012514,0.01291524087233719,400.0,788.0,386763561.0,173116937.0,1590.0,11188.0,743153.0,579919.0
20.2,sysbench,none,9,0.448247372226623,8.4,1.5976962233884175e-06,663.0,1281.0,173385198.0,386806948.0,13762.560000000001,0.448247372226623,0.5175644028103045,1.5976962233884175e-06,0.7338998404481202,0.15283357551927515,0.01098901098901099,663.0,1281.0,386806948.0,173385198.0,1788.0,11699.0,901901.0,661905.0
20.3,sysbench,none,9,0.44803008394799565,8.200000000000001,9.125221715667571e-07,386.0,738.0,172824940.0,385744052.0,13434.880000000001,0.44803008394799565,0.5230352303523035,9.125221715667571e-07,0.7671993357047803,0.13595360824742267,0.012966810621471385,386.0,738.0,385744052.0,172824940.0,1688.0,12416.0,827343.0,634737.0
20.4,sysbench,none,9,0.4481124974354662,7.0,1.0784153618814895e-06,506.0,923.0,173275454.0,386678468.0,11468.8,0.4481124974354662,0.5482123510292525,1.0784153618814895e-06,0.7688846772879373,0.13548650858544561,0.011801039804093588,506.0,923.0,386678468.0,173275454.0,1657.0,12230.0,895938.0,688873.0
20.5,sysbench,none,9,0.4472595978410857,7.5,7.597512346015707e-07,387.0,681.0,173075496.0,386968769.0,12288.0,0.4472595978410857,0.5682819383259912,7.597512346015707e-07,0.7754500117527814,0.14705294705294705,0.012782834052224272,387.0,681.0,386968769.0,173075496.0,1472.0,10010.0,667927.0,517944.0
20.6,sysbench,none,9,0.4478816527621565,8.100000000000001,1.0621337987717626e-06,522.0,932.0,172889214.0,386015397.0,13271.04,0.4478816527621565,0.5600858369098712,1.0621337987717626e-06,0.7689612128481569,0.12647183396865735,0.01198529035737365,522.0,932.0,386015397.0,172889214.0,1493.0,11805.0,860388.0,661605.0
20.7,sysbench,none,9,0.44754542337869424,8.600000000000001,1.0147623799793679e-06,423.0,815.0,172885603.0,386297332.0,14090.240000000002,0.44754542337869424,0.5190184049079755,1.0147623799793679e-06,0.7718168858646591,0.14773323997899526,0.012540194168255976,423.0,815.0,386297332.0,172885603.0,1688.0,11426.0,776543.0,599349.0
20.8,sysbench,none,9,0.44759075792543757,7.800000000000001,2.1997044574281233e-06,545.0,1396.0,173159505.0,386870153.0,12779.52,0.44759075792543757,0.39040114613180515,2.1997044574281233e-06,0.7461858013847267,0.142364569764769,0.011566601219386173,545.0,1396.0,386870153.0,173159505.0,1858.0,13051.0,967700.0,722084.0
20.9,sysbench,none,9,0.44779670625128354,8.4,9.123591095906482e-07,456.0,809.0,173256600.0,386909054.0,13762.560000000001,0.44779670625128354,0.5636588380716935,9.123591095906482e-07,0.7639921711733693,0.14657145472855443,0.012361165625298355,456.0,809.0,386909054.0,173256600.0,1601.0,10923.0,754136.0,576154.0
21.0,sysbench,none,9,0.4481713986910104,7.3,1.2433830167168574e-06,467.0,947.0,173013680.0,386043555.0,11960.32,0.4481713986910104,0.4931362196409715,1.2433830167168574e-06,0.7790569135867219,0.12546738678853345,0.01273868647298753,467.0,947.0,386043555.0,173013680.0,1812.0,14442.0,991468.0,772410.0
21.1,sysbench,none,9,0.4473639866153412,5.300000000000001,7.213930145652741e-07,387.0,666.0,173018798.0,386751735.0,8683.52,0.4473639866153412,0.581081081081081,7.213930145652741e-07,0.7704990185118351,0.13014470149900356,0.012624163597289307,387.0,666.0,386751735.0,173018798.0,1502.0,11541.0,795221.0,612717.0
21.2,sysbench,none,9,0.4476352039214152,4.3,1.2392368399748272e-06,734.0,1213.0,173023635.0,386528212.0,7045.12,0.4476352039214152,0.605111294311624,1.2392368399748272e-06,0.7952740198419014,0.13033525328607296,0.01249615364210303,734.0,1213.0,386528212.0,173023635.0,1765.0,13542.0,942450.0,749506.0
21.3,sysbench,none,9,0.44751852774503526,7.7,8.487502190545393e-07,405.0,733.0,172943787.0,386450563.0,12615.68,0.44751852774503526,0.5525238744884038,8.487502190545393e-07,0.7255813021435203,0.15258557902403497,0.012434956281269413,405.0,733.0,386450563.0,172943787.0,1676.0,10984.0,748535.0,543123.0
21.4,sysbench,none,9,0.44812525547790905,8.6,1.341525582892866e-06,576.0,1095.0,173367553.0,386872980.0,14090.24,0.44812525547790905,0.5260273972602739,1.341525582892866e-06,0.7227433800150482,0.16436591201914227,0.011019150020630567,576.0,1095.0,386872980.0,173367553.0,1786.0,10866.0,824020.0,595555.0
21.5,sysbench,none,9,0.447472754235966,7.9,8.143785287296342e-07,401.0,716.0,173081574.0,386798017.0,12943.36,0.447472754235966,0.5600558659217877,8.143785287296342e-07,0.8099641392159711,0.13380736910148675,0.013422751563900813,401.0,716.0,386798017.0,173081574.0,1656.0,12376.0,798644.0,646873.0
21.6,sysbench,none,9,0.44772568068745755,7.5,1.2709814196367551e-06,517.0,1007.0,172611165.0,385528846.0,12288.0,0.44772568068745755,0.5134061569016882,1.2709814196367551e-06,0.7654034292915712,0.14871116986120292,0.012243977826123563,517.0,1007.0,385528846.0,172611165.0,1575.0,10591.0,736362.0,563614.0
21.7,sysbench,none,9,0.4478378642605869,7.9,1.133392635644722e-06,399.0,837.0,173067107.0,386450367.0,12943.36,0.4478378642605869,0.4767025089605735,1.133392635644722e-06,0.7562533501383517,0.16303382976624914,0.012293740130673504,399.0,837.0,386450367.0,173067107.0,1653.0,10139.0,690270.0,522019.0
21.8,sysbench,none,9,0.4477723360194881,7.7,1.7638041728399814e-06,535.0,1217.0,173137550.0,386664240.0,12615.68,0.4477723360194881,0.4396055875102712,1.7638041728399814e-06,0.6891233774032111,0.12866271820448877,0.010742212832433585,535.0,1217.0,386664240.0,173137550.0,1651.0,12832.0,1040847.0,717272.0
21.9,sysbench,none,9,0.44814105009388744,7.3,6.850645889235035e-07,408.0,673.0,173352090.0,386824840.0,11960.32,0.44814105009388744,0.6062407132243685,6.850645889235035e-07,0.7973034563614502,0.144983244628425,0.01300595800312443,408.0,673.0,386824840.0,173352090.0,1471.0,10146.0,667002.0,531803.0
22.0,sysbench,none,9,0.4476116314134298,7.6,1.3103623928412383e-06,522.0,1029.0,173188042.0,386915866.0,12451.84,0.4476116314134298,0.5072886297376094,1.3103623928412383e-06,0.709127045515925,0.15887656751995025,0.010640222558425519,522.0,1029.0,386915866.0,173188042.0,1533.0,9649.0,762766.0,540898.0
22.2,sysbench,none,9,0.4482298527677491,9.299999999999999,1.2555335440534541e-06,536.0,1021.0,173146691.0,386289958.0,15237.119999999999,0.4482298527677491,0.524975514201763,1.2555335440534541e-06,0.6826818535468244,0.15139442231075698,0.011244358024582736,536.0,1021.0,386289958.0,173146691.0,1596.0,10542.0,795599.0,543141.0
22.3,sysbench,none,9,0.447848022416665,8.4,1.0898605024895302e-06,582.0,1003.0,172998303.0,386287969.0,13762.560000000001,0.447848022416665,0.580259222333001,1.0898605024895302e-06,0.7361814160578958,0.17626622782958493,0.011393511136177117,582.0,1003.0,386287969.0,172998303.0,1928.0,10938.0,790801.0,582173.0
22.4,sysbench,none,9,0.4473542268868118,7.7,8.192132920576634e-07,391.0,708.0,173106676.0,386956612.0,12615.68,0.4473542268868118,0.5522598870056498,8.192132920576634e-07,0.8045517845667081,0.1546789141310588,0.013013215224969413,391.0,708.0,386956612.0,173106676.0,1886.0,12193.0,792041.0,637238.0
22.5,sysbench,none,9,0.4483790414664575,7.4,1.1626153770780597e-06,514.0,964.0,173548856.0,387058359.0,12124.16,0.4483790414664575,0.533195020746888,1.1626153770780597e-06,0.7266706358714462,0.15104855469488004,0.010875379071157676,514.0,964.0,387058359.0,173548856.0,1599.0,10586.0,826362.0,600493.0
22.6,sysbench,none,9,0.4481576862801982,8.100000000000001,7.790976557730634e-07,404.0,705.0,173143203.0,386344379.0,13271.04,0.4481576862801982,0.573049645390071,7.790976557730634e-07,0.7488744679862339,0.15185185185185185,0.012206589453484844,404.0,705.0,386344379.0,173143203.0,1599.0,10530.0,731654.0,547917.0
22.7,sysbench,none,9,0.4480327058345102,7.9,1.386010815122701e-06,507.0,1042.0,172940568.0,385999874.0,12943.36,0.4480327058345102,0.4865642994241843,1.386010815122701e-06,0.7267130431042824,0.13671363040629095,0.011331405163052245,507.0,1042.0,385999874.0,172940568.0,1669.0,12208.0,930070.0,675894.0
22.8,sysbench,none,9,0.44818871350669476,7.4,7.246999652203545e-07,405.0,685.0,173165235.0,386366791.0,12124.16,0.44818871350669476,0.5912408759124088,7.246999652203545e-07,0.8190175421679001,0.14737065309584393,0.012924792877060179,405.0,685.0,386366791.0,173165235.0,1390.0,9432.0,622215.0,509605.0
22.9,sysbench,none,9,0.44779247467514466,7.9,1.6457226371716792e-06,524.0,1161.0,173324350.0,387064008.0,12943.36,0.44779247467514466,0.45133505598621876,1.6457226371716792e-06,0.7271524717129916,0.15427527171299413,0.01074998013338142,524.0,1161.0,387064008.0,173324350.0,1604.0,10397.0,817955.0,594778.0
23.0,sysbench,none,9,0.44778956439884776,7.9,9.128956492661555e-07,409.0,761.0,172661494.0,385586239.0,12943.36,0.44778956439884776,0.5374507227332457,9.128956492661555e-07,0.7667693475165057,0.1328591284441174,0.012898141650928079,409.0,761.0,385586239.0,172661494.0,1625.0,12231.0,822289.0,630506.0
23.2,sysbench,none,9,0.4479355985819566,8.0,8.823305845906644e-07,426.0,767.0,173116564.0,386476459.0,13107.2,0.4479355985819566,0.5554106910039114,8.823305845906644e-07,0.7405362447235395,0.156221862056546,0.01220881755172234,426.0,767.0,386476459.0,173116564.0,1735.0,11106.0,767560.0,568406.0
23.3,sysbench,none,9,0.4476701896998426,7.7,9.769865115200372e-07,547.0,925.0,173205392.0,386904011.0,12615.68,0.4476701896998426,0.5913513513513513,9.769865115200372e-07,0.7357456153530856,0.15333453172748518,0.011322972773178737,547.0,925.0,386904011.0,173205392.0,1706.0,11126.0,831937.0,612094.0
23.4,sysbench,none,9,0.4474389275357812,8.799999999999999,1.0145503708419712e-06,407.0,799.0,172880583.0,386378056.0,14417.919999999998,0.4474389275357812,0.509386733416771,1.0145503708419712e-06,0.7647810762680332,0.18418264136403045,0.011628242252987385,407.0,799.0,386378056.0,172880583.0,1912.0,10381.0,728313.0,557000.0
23.5,sysbench,none,9,0.4480499904770937,7.800000000000001,9.509985096716289e-07,524.0,892.0,173378186.0,386961700.0,12779.52,0.4480499904770937,0.5874439461883408,9.509985096716289e-07,0.7320591112168557,0.1576206689365111,0.011119041954159727,524.0,892.0,386961700.0,173378186.0,1574.0,9986.0,756540.0,553832.0
23.6,sysbench,none,9,0.44774070783281156,8.0,7.617012013916655e-07,406.0,700.0,172818118.0,385978123.0,13107.2,0.44774070783281156,0.58,7.617012013916655e-07,0.7978804385316283,0.13306797783501131,0.013443010614750278,406.0,700.0,385978123.0,172818118.0,1705.0,12813.0,826303.0,659291.0
23.7,sysbench,none,9,0.4479106391113801,8.5,1.3284748026822932e-06,563.0,1090.0,177684143.0,396695518.0,13926.400000000001,0.4479106391113801,0.5165137614678899,1.3284748026822932e-06,0.7923152829632041,0.11495717420542224,0.012719356249809254,563.0,1090.0,396695518.0,177684143.0,1624.0,14127.0,982990.0,778838.0
23.8,sysbench,none,9,0.44773718219477376,9.8,1.684415712090041e-06,581.0,1232.0,173043331.0,386484165.0,16056.32,0.44773718219477376,0.4715909090909091,1.684415712090041e-06,0.6776303498757272,0.1974447339665462,0.010431267582552644,581.0,1232.0,386484165.0,173043331.0,2349.0,11897.0,915325.0,620252.0
23.9,sysbench,none,9,0.44763942615268715,9.0,9.979025278075752e-07,535.0,921.0,173152000.0,386811326.0,14745.599999999999,0.44763942615268715,0.5808903365906624,9.979025278075752e-07,0.7493532549524442,0.19988706945228685,0.011643465101787879,535.0,921.0,386811326.0,173152000.0,2124.0,10626.0,730195.0,547174.0
24.0,sysbench,none,9,0.44734127955852315,10.700000000000001,1.3701674926092323e-06,532.0,1062.0,173037880.0,386814023.0,17530.88,0.44734127955852315,0.5009416195856874,1.3701674926092323e-06,0.7419575281803543,0.1940742745044984,0.01199074074074074,532.0,1062.0,386814023.0,173037880.0,2869.0,14783.0,993600.0,737209.0
24.1,sysbench,none,9,0.4478975910449657,8.200000000000001,1.6451600106424261e-06,583.0,1219.0,173152074.0,386588536.0,13434.880000000001,0.4478975910449657,0.4782608695652174,1.6451600106424261e-06,0.7659564547105092,0.1752873563218391,0.01212780900922955,583.0,1219.0,386588536.0,173152074.0,1769.0,10092.0,686274.0,525656.0
24.3,sysbench,none,9,0.4475852980639482,11.099999999999998,1.1711055743669283e-06,518.0,970.0,172750057.0,385960079.0,18186.239999999998,0.4475852980639482,0.534020618556701,1.1711055743669283e-06,0.7434815490990561,0.1935483870967742,0.011867900860587997,518.0,970.0,385960079.0,172750057.0,2802.0,14477.0,983746.0,731397.0
24.4,sysbench,none,9,0.4474269156264613,9.399999999999999,1.1000393203231312e-06,504.0,929.0,172863311.0,386349826.0,15400.96,0.4474269156264613,0.542518837459634,1.1000393203231312e-06,0.7751990987141136,0.19855435905000737,0.01206080349858758,504.0,929.0,386349826.0,172863311.0,2692.0,13558.0,900935.0,698404.0
24.5,sysbench,none,9,0.4476925736161789,11.099999999999998,1.0499298266728778e-06,536.0,942.0,173119365.0,386692510.0,18186.239999999998,0.4476925736161789,0.5690021231422505,1.0499298266728778e-06,0.7983142776106495,0.1639438646995322,0.013503680180033572,536.0,942.0,386692510.0,173119365.0,2278.0,13895.0,860284.0,686777.0
24.6,sysbench,none,9,0.44773915584312457,9.399999999999999,1.061194170807619e-06,543.0,953.0,172987243.0,386357192.0,15400.96,0.44773915584312457,0.5697796432318992,1.061194170807619e-06,0.8355013610054735,0.24227613894222377,0.010664485127207335,543.0,953.0,386357192.0,172987243.0,2776.0,11458.0,814104.0,680185.0
24.7,sysbench,none,9,0.44768066129349376,6.0,1.4606023377721306e-06,591.0,1154.0,172561830.0,385457414.0,9830.4,0.44768066129349376,0.5121317157712305,1.4606023377721306e-06,0.814093736644665,0.1981532654849363,0.0125541468150329,591.0,1154.0,385457414.0,172561830.0,2940.0,14837.0,947655.0,771480.0
24.8,sysbench,none,9,0.44823487179795446,8.4,1.3501984954743337e-06,533.0,1055.0,173292004.0,386609822.0,13762.56,0.44823487179795446,0.5052132701421801,1.3501984954743337e-06,0.8449733670423906,0.18835299203359476,0.013154339040252696,533.0,1055.0,386609822.0,173292004.0,3050.0,16193.0,999138.0,844245.0
24.9,sysbench,none,9,0.4483373764594252,14.5,1.8214960283236424e-06,551.0,1255.0,173280374.0,386495490.0,23756.8,0.4483373764594252,0.43904382470119524,1.8214960283236424e-06,0.7380463130343088,0.19306443679291688,0.011584143034685346,551.0,1255.0,386495490.0,173280374.0,2355.0,12198.0,849696.0,627115.0
25.0,sysbench,none,9,0.44753392152105026,9.8,1.2096894543390968e-06,521.0,989.0,173140201.0,386876151.0,16056.32,0.44753392152105026,0.5267947421638018,1.2096894543390968e-06,0.807101621332216,0.1740680382970055,0.011797723384196377,521.0,989.0,386876151.0,173140201.0,1709.0,9818.0,687336.0,554750.0
25.1,sysbench,none,9,0.44807646491971503,10.2,1.227396213713141e-06,499.0,973.0,173039677.0,386183365.0,16711.68,0.44807646491971503,0.512846865364851,1.227396213713141e-06,0.7395731164121622,0.1983399209486166,0.011406583221603333,499.0,973.0,386183365.0,173039677.0,2509.0,12650.0,889048.0,657516.0
25.2,sysbench,none,9,0.44759647213954784,9.399999999999999,1.047809872461514e-06,560.0,965.0,173005214.0,386520504.0,15400.96,0.44759647213954784,0.5803108808290155,1.047809872461514e-06,0.7454849250202408,0.16503587736464448,0.012386417519039277,560.0,965.0,386520504.0,173005214.0,2277.0,13797.0,930051.0,693339.0
25.3,sysbench,none,9,0.44773049394481884,10.600000000000001,1.278943193187955e-06,510.0,1004.0,172938771.0,386256405.0,17367.04,0.44773049394481884,0.5079681274900398,1.278943193187955e-06,0.8061839662131509,0.19196535963435168,0.011782602391832039,510.0,1004.0,386256405.0,172938771.0,2394.0,12471.0,855244.0,689484.0
25.4,sysbench,none,9,0.4474189914671047,8.5,1.2589608347004433e-06,538.0,1025.0,173073731.0,386826966.0,13926.4,0.4474189914671047,0.5248780487804878,1.2589608347004433e-06,0.7545503320164162,0.15925925925925927,0.01233721440665566,538.0,1025.0,386826966.0,173073731.0,1677.0,10530.0,717585.0,541454.0
25.5,sysbench,none,9,0.4479042311595574,10.600000000000001,1.0998313301259957e-06,536.0,961.0,173080447.0,386422889.0,17367.04,0.4479042311595574,0.5577523413111343,1.0998313301259957e-06,0.7513743806042569,0.2003263656849794,0.011531798449577656,536.0,961.0,386422889.0,173080447.0,2578.0,12869.0,892402.0,670528.0
25.6,sysbench,none,9,0.44772847507719554,10.4,1.1553340803489836e-06,526.0,971.0,172451566.0,385169976.0,17039.36,0.44772847507719554,0.5417095777548918,1.1553340803489836e-06,0.7905524048627768,0.16179817905918056,0.012382035820761694,526.0,971.0,385169976.0,172451566.0,2559.0,15816.0,1070664.0,846416.0
25.7,sysbench,none,9,0.4479853544014537,11.099999999999998,1.3860439616926155e-06,554.0,1089.0,172918155.0,385990643.0,18186.239999999998,0.4479853544014537,0.5087235996326905,1.3860439616926155e-06,0.7689361005052987,0.16277506112469436,0.012328244343516715,554.0,1089.0,385990643.0,172918155.0,2663.0,16360.0,1111026.0,854308.0
25.8,sysbench,none,9,0.4479418929225469,11.8,1.68389333956786e-06,572.0,1223.0,173176154.0,386604059.0,19333.120000000003,0.4479418929225469,0.4677023712183156,1.68389333956786e-06,0.7184344403964165,0.20033227190917902,0.011521088918431847,572.0,1223.0,386604059.0,173176154.0,2894.0,14446.0,1002683.0,720362.0
25.9,sysbench,none,9,0.4477621163719082,10.700000000000001,1.0846105884940445e-06,532.0,951.0,172976669.0,386313765.0,17530.88,0.4477621163719082,0.5594111461619348,1.0846105884940445e-06,0.7787524721379527,0.2125965443108528,0.011252921617580455,532.0,951.0,386313765.0,172976669.0,2670.0,12559.0,878794.0,684363.0
26.0,sysbench,none,9,0.44757700561666375,9.8,9.958210949722855e-07,551.0,936.0,173040266.0,386615630.0,16056.32,0.44757700561666375,0.5886752136752137,9.958210949722855e-07,0.8090003749497432,0.17173563386460008,0.012794595302738037,551.0,936.0,386615630.0,173040266.0,2349.0,13678.0,885452.0,716331.0
26.1,sysbench,none,9,0.4475871605900956,9.8,1.8995411955854101e-06,665.0,1399.0,172951751.0,386409098.0,16056.32,0.4475871605900956,0.4753395282344532,1.8995411955854101e-06,0.7140154499157138,0.1982080053592363,0.011342811145452153,665.0,1399.0,386409098.0,172951751.0,2367.0,11942.0,844147.0,602734.0
26.2,sysbench,none,9,0.44775513982351356,11.600000000000001,1.1408573325572704e-06,549.0,989.0,172687904.0,385674867.0,19005.440000000002,0.44775513982351356,0.5551061678463094,1.1408573325572704e-06,0.7497619480028215,0.19675862068965516,0.011686371385196728,549.0,989.0,385674867.0,172687904.0,2853.0,14500.0,996631.0,747236.0
26.4,sysbench,none,9,0.44739454114263894,10.899999999999999,1.0946791262958559e-06,518.0,941.0,172879784.0,386414603.0,17858.559999999998,0.44739454114263894,0.5504782146652497,1.0946791262958559e-06,0.7419444719868566,0.20676500508647,0.011743945097025294,518.0,941.0,386414603.0,172879784.0,2439.0,11796.0,796751.0,591145.0
26.5,sysbench,none,9,0.44826057196843216,9.7,1.044443771128658e-06,516.0,920.0,173391116.0,386808760.0,15892.48,0.44826057196843216,0.5608695652173913,1.044443771128658e-06,0.7784391158588556,0.20655534941249226,0.012150311570733185,516.0,920.0,386808760.0,173391116.0,2672.0,12936.0,844752.0,657588.0
26.6,sysbench,none,9,0.4473055431756219,9.1,1.0556850171244142e-06,529.0,937.0,172874161.0,386478915.0,14909.439999999999,0.4473055431756219,0.5645677694770544,1.0556850171244142e-06,0.8144675875806522,0.15180193098174172,0.012807632904631994,529.0,937.0,386478915.0,172874161.0,1588.0,10461.0,692790.0,564255.0
26.7,sysbench,none,9,0.4478323147079135,9.7,1.2468779672730723e-06,517.0,998.0,172757358.0,385763493.0,15892.48,0.4478323147079135,0.5180360721442886,1.2468779672730723e-06,0.7874915636935347,0.10641081552551243,0.012657934606848812,517.0,998.0,385763493.0,172757358.0,976.0,9172.0,647499.0,509900.0
26.8,sysbench,none,9,0.44762640393613173,10.0,1.0547137882795737e-06,510.0,917.0,172733066.0,385886678.0,16384.0,0.44762640393613173,0.5561613958560524,1.0547137882795737e-06,0.7447536378596782,0.19695044472681067,0.011936284415971958,510.0,917.0,385886678.0,172733066.0,2325.0,11805.0,794217.0,591496.0
26.9,sysbench,none,9,0.44743216648745004,8.4,1.7070877808746533e-06,544.0,1204.0,172987724.0,386623352.0,13762.560000000001,0.44743216648745004,0.45182724252491696,1.7070877808746533e-06,0.7436521965255072,0.18974126191556967,0.012004586626374896,544.0,1204.0,386623352.0,172987724.0,2508.0,13218.0,892159.0,663456.0
27.0,sysbench,none,9,0.44774135516844105,9.9,1.0263003448984421e-06,519.0,916.0,173198147.0,386826334.0,16220.16,0.44774135516844105,0.5665938864628821,1.0263003448984421e-06,0.7623638374263133,0.19144723817065928,0.011853726638667413,519.0,916.0,386826334.0,173198147.0,1934.0,10102.0,689066.0,525319.0
27.1,sysbench,none,9,0.4479024170855597,9.8,1.0625554375341538e-06,523.0,933.0,172828621.0,385862220.0,16056.32,0.4479024170855597,0.5605573419078242,1.0625554375341538e-06,0.7966671287067498,0.1605427161776162,0.01289490715487351,523.0,933.0,385862220.0,172828621.0,2473.0,15404.0,1002799.0,798897.0
27.2,sysbench,none,9,0.4474255654059304,10.0,1.067508478867027e-06,535.0,948.0,173100975.0,386882173.0,16384.0,0.4474255654059304,0.5643459915611815,1.067508478867027e-06,0.7758572346308239,0.19161814281336192,0.012482741731115285,535.0,948.0,386882173.0,173100975.0,2501.0,13052.0,845247.0,655791.0
27.3,sysbench,none,9,0.44803431245710784,11.100000000000001,1.271823339065354e-06,554.0,1045.0,172968085.0,386059907.0,18186.24,0.44803431245710784,0.5301435406698565,1.271823339065354e-06,0.7510927925699997,0.212531949500426,0.01117467644876762,554.0,1045.0,386059907.0,172968085.0,2744.0,12911.0,909825.0,683363.0
27.4,sysbench,none,9,0.447737670947134,10.3,1.115507562514933e-06,533.0,964.0,172992943.0,386371204.0,16875.52,0.447737670947134,0.5529045643153527,1.115507562514933e-06,0.7902192727952241,0.18843700820011597,0.012045497015057485,533.0,964.0,386371204.0,172992943.0,2275.0,12073.0,813416.0,642777.0
27.5,sysbench,none,9,0.44753032256118797,10.0,1.3221596679705703e-06,563.0,1074.0,172965490.0,386488873.0,16384.0,0.44753032256118797,0.5242085661080075,1.3221596679705703e-06,0.7454734635694182,0.20311845083410177,0.011960045947914794,563.0,1074.0,386488873.0,172965490.0,2423.0,11929.0,794813.0,592512.0
27.6,sysbench,none,9,0.4476683931539827,10.7,1.3812596500779e-06,505.0,1038.0,172746126.0,385879657.0,17530.879999999997,0.4476683931539827,0.4865125240847784,1.3812596500779e-06,0.7642399396216386,0.17477013607944097,0.011646919468180417,505.0,1038.0,385879657.0,172746126.0,2376.0,13595.0,963259.0,736161.0
27.7,sysbench,none,9,0.47509102731330977,50.599999999999994,0.00010267086636019088,7300.0,46044.0,179280914.0,377361187.0,82903.04,0.47509102731330977,0.15854400138997482,0.00010267086636019088,0.7715298739483687,0.13389139870670563,0.013421211210263125,7300.0,46044.0,377361187.0,179280914.0,3023.0,22578.0,1457022.0,1124136.0
27.8,sysbench,none,9,0.447635245565017,10.0,3.2979534235754443e-06,597.0,1872.0,173057307.0,386603398.0,16384.0,0.447635245565017,0.3189102564102564,3.2979534235754443e-06,0.5767268949374457,0.20313847215037076,0.009640278464481592,597.0,1872.0,386603398.0,173057307.0,2356.0,11598.0,958686.0,552900.0
27.9,sysbench,none,9,0.4477021189071712,10.899999999999999,1.1224867789356044e-06,529.0,963.0,173100230.0,386641525.0,17858.559999999998,0.4477021189071712,0.54932502596054,1.1224867789356044e-06,0.8159819699140479,0.16608665984305698,0.013396502943810543,529.0,963.0,386641525.0,173100230.0,2434.0,14655.0,912253.0,744382.0
28.0,sysbench,none,9,0.4482232149206452,10.8,1.0653909558134272e-06,527.0,939.0,173333520.0,386712500.0,17694.72,0.4482232149206452,0.5612353567625133,1.0653909558134272e-06,0.6977646366535659,0.2224432948666932,0.011829433373773771,527.0,939.0,386712500.0,173333520.0,2795.0,12565.0,825906.0,576288.0
28.1,sysbench,none,9,0.4475636436497485,8.7,1.6028619379109609e-06,620.0,1240.0,173121248.0,386808112.0,14254.079999999998,0.4475636436497485,0.5,1.6028619379109609e-06,0.7937448843320554,0.18605923797797386,0.012815017447120148,620.0,1240.0,386808112.0,173121248.0,2720.0,14619.0,928520.0,737008.0
28.3,sysbench,none,9,0.4478070823143336,6.2,1.2916629609011632e-06,494.0,993.0,172998484.0,386323689.0,10158.08,0.4478070823143336,0.49748237663645517,1.2916629609011632e-06,0.7345570462585439,0.24210694588761889,0.010841453180060507,494.0,993.0,386323689.0,172998484.0,3029.0,12511.0,874606.0,642448.0
28.5,sysbench,none,9,0.44771390144056594,10.2,1.0265493139280035e-06,584.0,981.0,173145524.0,386732517.0,16711.68,0.44771390144056594,0.5953109072375128,1.0265493139280035e-06,0.7649115517561463,0.16701949047375722,0.012609731516924955,584.0,981.0,386732517.0,173145524.0,2288.0,13699.0,904936.0,692196.0
28.6,sysbench,none,9,0.4476606128886362,8.9,1.1917717082444622e-06,573.0,1034.0,173163653.0,386819050.0,14581.76,0.4476606128886362,0.5541586073500967,1.1917717082444622e-06,0.7439140693046383,0.19366229904283988,0.011958247428363525,573.0,1034.0,386819050.0,173163653.0,2084.0,10761.0,725608.0,539790.0
28.7,sysbench,none,9,0.4477738184114185,10.600000000000001,2.976934663509756e-06,516.0,1663.0,172525308.0,385295658.0,17367.04,0.4477738184114185,0.31028262176788934,2.976934663509756e-06,0.7891339909383143,0.15977961432506887,0.013137741430416051,516.0,1663.0,385295658.0,172525308.0,2494.0,15609.0,998269.0,787768.0
28.8,sysbench,none,9,0.44757654971583516,10.8,2.3370725241408e-06,549.0,1451.0,172743483.0,385952935.0,17694.72,0.44757654971583516,0.3783597518952447,2.3370725241408e-06,0.7640356537670936,0.14904667981591058,0.012908881825335637,549.0,1451.0,385952935.0,172743483.0,2267.0,15210.0,1002643.0,766055.0
28.9,sysbench,none,9,0.4476247043814634,10.0,1.1504640986393132e-06,536.0,981.0,173141425.0,386800423.0,16384.0,0.4476247043814634,0.54638124362895,1.1504640986393132e-06,0.7864713948426975,0.18127874202640556,0.012275478735885923,536.0,981.0,386800423.0,173141425.0,2444.0,13482.0,899191.0,707188.0
29.0,sysbench,none,9,0.447585427749818,9.5,1.2910362134519486e-06,521.0,1020.0,172996796.0,386511234.0,15564.8,0.447585427749818,0.5107843137254902,1.2910362134519486e-06,0.7752091812950148,0.18762949888726882,0.012065893960100256,521.0,1020.0,386511234.0,172996796.0,2445.0,13031.0,877349.0,680129.0
29.1,sysbench,none,9,0.4476774657669479,10.0,1.075244518034478e-06,524.0,940.0,173201372.0,386888743.0,16384.0,0.4476774657669479,0.5574468085106383,1.075244518034478e-06,0.758227813014822,0.20896806954126862,0.011076469943129299,524.0,940.0,386888743.0,173201372.0,2428.0,11619.0,829777.0,629160.0
29.2,sysbench,none,9,0.44803618177694804,10.1,1.674136832801078e-06,536.0,1182.0,172883941.0,385870490.0,16547.84,0.44803618177694804,0.45346869712351945,1.674136832801078e-06,0.7751701183431953,0.1754727876425581,0.012069949281487743,536.0,1182.0,385870490.0,172883941.0,2431.0,13854.0,946400.0,733621.0
29.3,sysbench,none,9,0.44748375034457893,10.3,1.221397256932216e-06,512.0,984.0,172926809.0,386442656.0,16875.52,0.44748375034457893,0.5203252032520326,1.221397256932216e-06,0.7856069412485968,0.15727593960809508,0.01305465098688663,512.0,984.0,386442656.0,172926809.0,2448.0,15565.0,1004776.0,789359.0
29.4,sysbench,none,9,0.44754907415882117,9.7,1.4248944140955584e-06,540.0,1091.0,173065132.0,386695319.0,15892.48,0.44754907415882117,0.49495875343721357,1.4248944140955584e-06,0.7704408060962001,0.1769563130100816,0.011538735934978173,540.0,1091.0,386695319.0,173065132.0,1843.0,10415.0,742889.0,572352.0
29.5,sysbench,none,9,0.447679199677968,11.200000000000001,1.1854791272560645e-06,529.0,987.0,172957135.0,386341682.0,18350.08,0.447679199677968,0.53596757852077,1.1854791272560645e-06,0.8106827663870382,0.1742029176843356,0.012412130352173114,529.0,987.0,386341682.0,172957135.0,2639.0,15149.0,1007885.0,817075.0
29.6,sysbench,none,9,0.4478457604531698,11.600000000000001,1.1928213053782524e-06,531.0,992.0,173082837.0,386478677.0,19005.440000000002,0.4478457604531698,0.5352822580645161,1.1928213053782524e-06,0.7699177305825637,0.21326349955739157,0.011561514520460033,531.0,992.0,386478677.0,173082837.0,2891.0,13556.0,922457.0,710216.0
29.7,sysbench,none,9,0.4478700699147263,10.4,1.855837188295102e-06,525.0,1241.0,172792620.0,385809706.0,17039.36,0.4478700699147263,0.42304593070104757,1.855837188295102e-06,0.7671419086728797,0.17512589451364963,0.012244817665428972,525.0,1241.0,385809706.0,172792620.0,2643.0,15092.0,1016675.0,779934.0
29.8,sysbench,none,9,0.4474357137620663,10.2,1.8954310768540542e-06,568.0,1300.0,172796018.0,386191832.0,16711.68,0.4474357137620663,0.4369230769230769,1.8954310768540542e-06,0.7236012807877935,0.17886691908568222,0.01140458169891359,568.0,1300.0,386191832.0,172796018.0,2551.0,14262.0,1026868.0,743043.0
29.9,sysbench,none,9,0.44756850413298843,10.1,1.1883966227590706e-06,505.0,964.0,172866482.0,386234689.0,16547.84,0.44756850413298843,0.5238589211618258,1.1883966227590706e-06,0.7625157408858465,0.17405499528404555,0.012652726882709978,505.0,964.0,386234689.0,172866482.0,2399.0,13783.0,899727.0,686056.0
30.0,sysbench,none,9,0.44739839361125616,9.399999999999999,9.647116770736855e-07,551.0,924.0,172983913.0,386644019.0,15400.96,0.44739839361125616,0.5963203463203464,9.647116770736855e-07,0.7654240087868851,0.1823699421965318,0.012169434315596578,551.0,924.0,386644019.0,172983913.0,1893.0,10380.0,697403.0,533809.0
30.1,sysbench,none,9,0.44744451661607954,10.3,1.5566814183521215e-06,657.0,1259.0,173035790.0,386720104.0,16875.52,0.44744451661607954,0.5218427323272439,1.5566814183521215e-06,0.8298128980795202,0.16328982141427084,0.012665808378732886,657.0,1259.0,386720104.0,173035790.0,2039.0,12487.0,824898.0,684511.0
30.2,sysbench,none,9,0.44759681578219823,12.5,1.0890792651881588e-06,629.0,1049.0,172614307.0,385646861.0,20480.0,0.44759681578219823,0.5996186844613918,1.0890792651881588e-06,0.7168566609769975,0.21542306319171725,0.011163943753556043,629.0,1049.0,385646861.0,172614307.0,3017.0,14005.0,984240.0,705559.0
30.3,sysbench,none,9,0.4476425740500196,10.0,1.2246965688407936e-06,526.0,998.0,172522158.0,385401586.0,16384.0,0.4476425740500196,0.5270541082164328,1.2246965688407936e-06,0.7524718481126484,0.17475030538190703,0.011735913837853303,526.0,998.0,385401586.0,172522158.0,2432.0,13917.0,978620.0,736384.0
30.4,sysbench,none,9,0.44751073439397954,10.2,1.0357291470404084e-06,552.0,952.0,172829252.0,386201355.0,16711.68,0.44751073439397954,0.5798319327731093,1.0357291470404084e-06,0.759241467314128,0.21011189390799834,0.011829574681482807,552.0,952.0,386201355.0,172829252.0,2535.0,12065.0,805608.0,611651.0
30.6,sysbench,none,9,0.44742865600931236,9.8,9.48772698530461e-07,575.0,942.0,173072346.0,386815515.0,16056.32,0.44742865600931236,0.6104033970276008,9.48772698530461e-07,0.7688812600969306,0.1892516398330352,0.01168343759667274,575.0,942.0,386815515.0,173072346.0,2539.0,13416.0,930976.0,715810.0
30.7,sysbench,none,9,0.44786232119029856,10.899999999999999,1.3992217492287367e-06,565.0,1104.0,172522898.0,385214138.0,17858.559999999998,0.44786232119029856,0.5117753623188406,1.3992217492287367e-06,0.7615998387363737,0.1596446700507614,0.012246418958092723,565.0,1104.0,385214138.0,172522898.0,2516.0,15760.0,1081459.0,823639.0
30.8,sysbench,none,9,0.4478397039138014,16.400000000000002,1.5495692968246088e-06,514.0,1111.0,172538462.0,385268346.0,26869.760000000002,0.4478397039138014,0.46264626462646263,1.5495692968246088e-06,0.7051113435802873,0.20203359858532272,0.011295498801091793,514.0,1111.0,385268346.0,172538462.0,2742.0,13572.0,958789.0,676053.0
30.9,sysbench,none,9,0.4483182330954423,9.9,1.7837898608267501e-06,564.0,1254.0,173417053.0,386816864.0,16220.16,0.4483182330954423,0.44976076555023925,1.7837898608267501e-06,0.7425646113687341,0.19003891050583657,0.011655186546815037,564.0,1254.0,386816864.0,173417053.0,2442.0,12850.0,892993.0,663105.0
31.0,sysbench,none,9,0.44769724036577346,9.299999999999999,1.276888166259793e-06,546.0,1040.0,173204234.0,386878047.0,15237.119999999999,0.44769724036577346,0.525,1.276888166259793e-06,0.7988922412951355,0.18787830519273654,0.012445808190286485,546.0,1040.0,386878047.0,173204234.0,2359.0,12556.0,819312.0,654542.0
31.1,sysbench,none,9,0.4473295258392433,9.6,1.0010395679513223e-06,533.0,920.0,172936747.0,386598105.0,15728.64,0.4473295258392433,0.5793478260869566,1.0010395679513223e-06,0.6909457713796642,0.20524969203070217,0.011146344445566713,533.0,920.0,386598105.0,172936747.0,2166.0,10553.0,752444.0,519898.0
31.2,sysbench,none,9,0.4477485979965675,8.799999999999999,1.1268551863789725e-06,517.0,952.0,172844428.0,386030082.0,14417.919999999998,0.4477485979965675,0.5430672268907563,1.1268551863789725e-06,0.8111188576890671,0.1940582588546839,0.01199638347039028,517.0,952.0,386030082.0,172844428.0,2345.0,12084.0,811828.0,658489.0
31.3,sysbench,none,9,0.4475759470400037,11.099999999999998,1.1973404642508308e-06,493.0,955.0,172699490.0,385855163.0,18186.239999999998,0.4475759470400037,0.5162303664921466,1.1973404642508308e-06,0.8122609996993603,0.1366272667205051,0.013046213103678567,493.0,955.0,385855163.0,172699490.0,1861.0,13621.0,901411.0,732181.0
31.4,sysbench,none,9,0.44781197742140594,9.5,1.528282623200564e-06,549.0,1140.0,173172733.0,386708578.0,15564.8,0.44781197742140594,0.48157894736842105,1.528282623200564e-06,0.7288004112244248,0.20361295984787536,0.011353505990593137,549.0,1140.0,386708578.0,173172733.0,2784.0,13673.0,959087.0,698983.0
31.5,sysbench,none,9,0.44743544482406444,9.299999999999999,1.1380288147033654e-06,512.0,952.0,172993507.0,386633444.0,15237.119999999999,0.44743544482406444,0.5378151260504201,1.1380288147033654e-06,0.7752152233642007,0.19417562724014337,0.012201757063871646,512.0,952.0,386633444.0,172993507.0,2167.0,11160.0,737025.0,571353.0
31.6,sysbench,none,9,0.44779034724684186,9.1,1.083770893761051e-06,498.0,917.0,173121604.0,386613077.0,14909.439999999999,0.44779034724684186,0.5430752453653217,1.083770893761051e-06,0.7723195127936396,0.17749151496451712,0.012889741516137261,498.0,917.0,386613077.0,173121604.0,2301.0,12964.0,827247.0,638899.0
31.7,sysbench,none,9,0.4474760592027365,9.399999999999999,1.5282931972532769e-06,530.0,1119.0,172456044.0,385397253.0,15400.96,0.4474760592027365,0.4736371760500447,1.5282931972532769e-06,0.7901040076164472,0.13193297144205807,0.013213817384900033,530.0,1119.0,385397253.0,172456044.0,2236.0,16948.0,1113380.0,879686.0
31.8,sysbench,none,9,0.4478963268947356,5.6000000000000005,2.0251506095703335e-06,595.0,1377.0,172952533.0,386144120.0,9175.04,0.4478963268947356,0.43209876543209874,2.0251506095703335e-06,0.7077349428964302,0.19570463320463322,0.010584458132693686,595.0,1377.0,386144120.0,172952533.0,2433.0,12432.0,944687.0,668588.0
31.9,sysbench,none,9,0.4474923391796526,6.000000000000001,1.1225952722422608e-06,468.0,902.0,173002399.0,386604158.0,9830.400000000001,0.4474923391796526,0.5188470066518847,1.1225952722422608e-06,0.8460918229627217,0.14636642784032752,0.014555312514543678,468.0,902.0,386604158.0,173002399.0,2145.0,14655.0,859480.0,727199.0
32.0,sysbench,none,9,0.4480601124988462,9.7,1.1620257690989835e-06,518.0,967.0,173127822.0,386394185.0,15892.48,0.4480601124988462,0.5356773526370218,1.1620257690989835e-06,0.6840798306664541,0.20416057766698187,0.01077302066981704,518.0,967.0,386394185.0,173127822.0,2375.0,11633.0,859369.0,587877.0
32.1,sysbench,none,9,0.447526301015942,10.0,1.6163973763724005e-06,599.0,1224.0,173041569.0,386662345.0,16384.0,0.447526301015942,0.48937908496732024,1.6163973763724005e-06,0.7691037178974899,0.18181124589913786,0.012173526099749355,599.0,1224.0,386662345.0,173041569.0,2383.0,13107.0,880928.0,677525.0
32.2,sysbench,none,9,0.4481497838573612,10.4,1.25329502656074e-06,522.0,1006.0,173067387.0,386182016.0,17039.36,0.4481497838573612,0.5188866799204771,1.25329502656074e-06,0.784016342638078,0.16376691521679093,0.012408602833529864,522.0,1006.0,386182016.0,173067387.0,2372.0,14484.0,976097.0,765276.0
32.3,sysbench,none,9,0.4475794715653726,10.8,1.1332825098388584e-06,524.0,962.0,172984059.0,386487920.0,17694.72,0.4475794715653726,0.5446985446985447,1.1332825098388584e-06,0.7739404789638229,0.18251566129372845,0.012354385998504368,524.0,962.0,386487920.0,172984059.0,2593.0,14207.0,940071.0,727559.0
32.4,sysbench,none,9,0.4476640881473168,10.1,1.0736794933627798e-06,570.0,985.0,173031708.0,386521306.0,16547.84,0.4476640881473168,0.5786802030456852,1.0736794933627798e-06,0.7042935830010124,0.19271294136572026,0.011252759375711215,570.0,985.0,386521306.0,173031708.0,2396.0,12433.0,891959.0,628201.0
32.5,sysbench,none,9,0.44822915188401163,10.0,1.026859164599839e-06,581.0,978.0,173292482.0,386615822.0,16384.0,0.44822915188401163,0.5940695296523517,1.026859164599839e-06,0.7969515291496716,0.16468335385036248,0.012504709486133634,581.0,978.0,386615822.0,173292482.0,2408.0,14622.0,976752.0,778424.0
32.7,sysbench,none,9,0.44778688835562785,11.400000000000002,1.0394508456241094e-06,555.0,956.0,172747507.0,385780628.0,18677.760000000002,0.44778688835562785,0.5805439330543933,1.0394508456241094e-06,0.7389098131214245,0.18158587579371224,0.011886138686238104,555.0,956.0,385780628.0,172747507.0,2345.0,12914.0,889187.0,657029.0
32.8,sysbench,none,9,0.44791772492180204,11.0,1.8155874568854066e-06,613.0,1313.0,172694742.0,385550141.0,18022.4,0.44791772492180204,0.4668697638994669,1.8155874568854066e-06,0.8059324272069697,0.19725135623869802,0.012367209621862926,613.0,1313.0,385550141.0,172694742.0,2727.0,13825.0,897373.0,723222.0
32.9,sysbench,none,9,0.44837840625979775,8.0,1.7041401967125491e-06,533.0,1192.0,173390294.0,386705273.0,13107.2,0.44837840625979775,0.4471476510067114,1.7041401967125491e-06,0.7782555329634654,0.19825138245404275,0.011747521895896087,533.0,1192.0,386705273.0,173390294.0,2653.0,13382.0,913299.0,710780.0
33.0,sysbench,none,9,0.44734470760929923,10.9,1.0935372013445204e-06,531.0,954.0,173041037.0,386818116.0,17858.56,0.44734470760929923,0.5566037735849056,1.0935372013445204e-06,0.7603289006192264,0.17081002693184172,0.012128475478661912,531.0,954.0,386818116.0,173041037.0,1649.0,9654.0,660017.0,501830.0
33.1,sysbench,none,9,0.44827509846513286,10.600000000000001,1.0788948648596603e-06,499.0,916.0,173261290.0,386506613.0,17367.04,0.44827509846513286,0.5447598253275109,1.0788948648596603e-06,0.7820760353590609,0.215702860658259,0.011563006994037665,499.0,916.0,386506613.0,173261290.0,2805.0,13004.0,882037.0,689820.0
33.2,sysbench,none,9,0.44802825127141593,11.200000000000001,1.084171810637123e-06,490.0,909.0,173149528.0,386470111.0,18350.08,0.44802825127141593,0.5390539053905391,1.084171810637123e-06,0.7041987525265677,0.21370243344765638,0.011940279999503986,490.0,909.0,386470111.0,173149528.0,2617.0,12246.0,806430.0,567887.0
33.4,sysbench,none,9,0.4477326763690384,10.1,1.4258849718201267e-06,523.0,1074.0,173015853.0,386426683.0,16547.84,0.4477326763690384,0.48696461824953446,1.4258849718201267e-06,0.7601702671103843,0.15753043693220445,0.012364592205191278,523.0,1074.0,386426683.0,173015853.0,2549.0,16181.0,1102503.0,838090.0
33.5,sysbench,none,9,0.4476394425024692,9.7,1.0630173908998548e-06,491.0,902.0,173073190.0,386635255.0,15892.48,0.4476394425024692,0.5443458980044346,1.0630173908998548e-06,0.7647303802740059,0.19690564761582685,0.012024309383872818,491.0,902.0,386635255.0,173073190.0,2329.0,11828.0,789983.0,604124.0
33.6,sysbench,none,9,0.44809389866497035,10.3,1.1544368738982149e-06,533.0,979.0,173114601.0,386335546.0,16875.52,0.44809389866497035,0.5444330949948928,1.1544368738982149e-06,0.7772101475117178,0.1843775317310289,0.012860569118240376,533.0,979.0,386335546.0,173114601.0,2731.0,14812.0,939383.0,730098.0
33.7,sysbench,none,9,0.4477334599415415,10.0,1.3603217154120117e-06,509.0,1034.0,172797408.0,385938116.0,16384.0,0.4477334599415415,0.4922630560928433,1.3603217154120117e-06,0.7935005609628829,0.17663660769601433,0.012166232170483893,509.0,1034.0,385938116.0,172797408.0,2566.0,14527.0,983131.0,780115.0
33.8,sysbench,none,9,0.4478215052223726,10.600000000000001,2.000184432051418e-06,486.0,1257.0,172619272.0,385464454.0,17367.04,0.4478215052223726,0.38663484486873506,2.000184432051418e-06,0.7580390183355236,0.1538655886811521,0.011910710570444438,486.0,1257.0,385464454.0,172619272.0,2436.0,15832.0,1124702.0,852568.0
33.9,sysbench,none,9,0.44726801077441786,10.0,1.0653812583197354e-06,505.0,917.0,172965705.0,386716020.0,16384.0,0.44726801077441786,0.5507088331515813,1.0653812583197354e-06,0.7679930579036098,0.18428121881955636,0.012564816150304898,505.0,917.0,386716020.0,172965705.0,2401.0,13029.0,845854.0,649610.0
34.0,sysbench,none,9,0.4475094791537313,10.2,1.0470246591680089e-06,522.0,927.0,173101309.0,386810374.0,16711.68,0.4475094791537313,0.5631067961165048,1.0470246591680089e-06,0.7595246340350186,0.21320861220869286,0.011939213654045468,522.0,927.0,386810374.0,173101309.0,2644.0,12401.0,817223.0,620701.0
34.1,sysbench,none,9,0.44753987295598774,10.1,1.6580146195762406e-06,562.0,1203.0,173022032.0,386606965.0,16547.84,0.44753987295598774,0.46716541978387366,1.6580146195762406e-06,0.8046300135715926,0.18475217026043125,0.012673712576088531,562.0,1203.0,386606965.0,173022032.0,2639.0,14284.0,918831.0,739319.0
34.2,sysbench,none,9,0.4473717716245375,12.7,1.0991655036985806e-06,671.0,1095.0,172572402.0,385747186.0,20807.68,0.4473717716245375,0.6127853881278539,1.0991655036985806e-06,0.7144189650903053,0.2148055927983145,0.010519482019114434,671.0,1095.0,385747186.0,172572402.0,2243.0,10442.0,779411.0,556826.0
34.3,sysbench,none,9,0.4475370121949037,12.5,1.0075140710218062e-06,560.0,949.0,172793515.0,386098826.0,20480.0,0.4475370121949037,0.5900948366701791,1.0075140710218062e-06,0.656374854674323,0.22350148367952521,0.009651985576610974,560.0,949.0,386098826.0,172793515.0,1883.0,8425.0,677788.0,444883.0
34.4,sysbench,none,9,0.44795710495730034,10.0,1.1148403627751586e-06,497.0,928.0,173181308.0,386602436.0,16384.0,0.44795710495730034,0.5355603448275862,1.1148403627751586e-06,0.7633548243213105,0.18160786581839214,0.011475376599152523,497.0,928.0,386602436.0,173181308.0,2512.0,13832.0,986460.0,753019.0
34.5,sysbench,none,9,0.44758099237599785,10.1,1.2228562779420883e-06,493.0,966.0,173124032.0,386799339.0,16547.84,0.44758099237599785,0.510351966873706,1.2228562779420883e-06,0.7694911295205655,0.18622488111673569,0.012030651514773548,493.0,966.0,386799339.0,173124032.0,2428.0,13038.0,881914.0,678625.0
34.6,sysbench,none,9,0.44760457796025244,10.2,1.1880804500989205e-06,526.0,985.0,172926422.0,386337474.0,16711.68,0.44760457796025244,0.534010152284264,1.1880804500989205e-06,0.7787516504565488,0.17663683466792274,0.01219013259442471,526.0,985.0,386337474.0,172926422.0,2250.0,12738.0,860368.0,670013.0
34.8,sysbench,none,9,0.4475471694060952,10.8,1.486267591679152e-06,503.0,1076.0,172542636.0,385529499.0,17694.72,0.4475471694060952,0.4674721189591078,1.486267591679152e-06,0.7722441016564245,0.174532831080582,0.012332423703059602,503.0,1076.0,385529499.0,172542636.0,2363.0,13539.0,906229.0,699830.0
34.9,sysbench,none,9,0.4482299734806012,9.399999999999999,2.043830466963726e-06,650.0,1440.0,173253939.0,386529124.0,15400.96,0.4482299734806012,0.4513888888888889,2.043830466963726e-06,0.7634909046362497,0.17856662632782036,0.01207051043301894,650.0,1440.0,386529124.0,173253939.0,2656.0,14874.0,1012219.0,772820.0
35.0,sysbench,none,9,0.44805855686545604,9.0,1.1173714635034756e-06,504.0,936.0,173229139.0,386621651.0,14745.599999999999,0.44805855686545604,0.5384615384615384,1.1173714635034756e-06,0.746326124785651,0.18409052524911332,0.01224561701458904,504.0,936.0,386621651.0,173229139.0,2180.0,11842.0,789017.0,588864.0
35.1,sysbench,none,9,0.4474604018328825,17.3,1.0494310373928485e-06,543.0,949.0,173111826.0,386876303.0,28344.32,0.4474604018328825,0.5721812434141201,1.0494310373928485e-06,0.7759125720853124,0.18365015909276333,0.012721087051596303,543.0,949.0,386876303.0,173111826.0,2251.0,12257.0,786568.0,610308.0
35.2,sysbench,none,9,0.44738009030065445,9.9,1.024832175320421e-06,538.0,934.0,172869783.0,386404730.0,16220.16,0.44738009030065445,0.576017130620985,1.024832175320421e-06,0.7115460412465457,0.2175470691363671,0.011207469754025244,538.0,934.0,386404730.0,172869783.0,2854.0,13119.0,915907.0,651710.0
35.3,sysbench,none,9,0.4475380078888268,10.3,1.1647842330987583e-06,544.0,993.0,172516557.0,385479119.0,16875.52,0.4475380078888268,0.5478348439073515,1.1647842330987583e-06,0.7889517643171984,0.1613808946461617,0.01323741528940604,544.0,993.0,385479119.0,172516557.0,2529.0,15671.0,992792.0,783265.0
35.4,sysbench,none,9,0.4474441102480628,6.5,1.5053153188265992e-06,664.0,1246.0,172995298.0,386629959.0,10649.6,0.4474441102480628,0.5329052969502408,1.5053153188265992e-06,0.7842639908362796,0.1939080975901811,0.012131567417432468,664.0,1246.0,386629959.0,172995298.0,2591.0,13362.0,887849.0,696308.0
35.5,sysbench,none,9,0.4482560346894358,7.5,1.1251772086204952e-06,505.0,940.0,173298369.0,386605769.0,12288.0,0.4482560346894358,0.5372340425531915,1.1251772086204952e-06,0.818269713496943,0.18424674674674674,0.013118352916793684,505.0,940.0,386605769.0,173298369.0,2945.0,15984.0,993951.0,813320.0
35.6,sysbench,none,9,0.4482459476593848,9.1,1.0656736933016977e-06,538.0,950.0,173296321.0,386609900.0,14909.439999999999,0.4482459476593848,0.5663157894736842,1.0656736933016977e-06,0.7134758091844,0.2041899185801848,0.011040418924184217,538.0,950.0,386609900.0,173296321.0,2232.0,10931.0,787923.0,562164.0
35.7,sysbench,none,9,0.44734817474165106,9.1,1.4541605852966805e-06,549.0,1110.0,172582264.0,385789579.0,14909.439999999999,0.44734817474165106,0.4945945945945946,1.4541605852966805e-06,0.7673719310594637,0.1756394640682095,0.013040026922671817,549.0,1110.0,385789579.0,172582264.0,2163.0,12315.0,778526.0,597419.0
35.8,sysbench,none,9,0.44766212067835437,8.6,1.6848229101949756e-06,545.0,1195.0,172706803.0,385797223.0,14090.24,0.44766212067835437,0.4560669456066946,1.6848229101949756e-06,0.7900845021343322,0.06410099276872165,0.013304294799198537,545.0,1195.0,385797223.0,172706803.0,523.0,8159.0,573950.0,453469.0
35.9,sysbench,none,9,0.4473973339046858,10.700000000000001,1.0780071850600718e-06,531.0,948.0,173064420.0,386824880.0,17530.88,0.4473973339046858,0.560126582278481,1.0780071850600718e-06,0.7042036008090362,0.21672382818879635,0.010618877290636413,531.0,948.0,386824880.0,173064420.0,2654.0,12246.0,903297.0,636105.0
36.0,sysbench,none,9,0.4477367010116557,10.3,1.1277327567404735e-06,518.0,954.0,173102360.0,386616419.0,16875.52,0.4477367010116557,0.5429769392033543,1.1277327567404735e-06,0.8008138048479859,0.18308582583838806,0.012758029708123458,518.0,954.0,386616419.0,173102360.0,2626.0,14343.0,918402.0,735469.0
36.1,sysbench,none,9,0.44820866981240626,10.0,1.5828913324822688e-06,623.0,1235.0,173292822.0,386634248.0,16384.0,0.44820866981240626,0.5044534412955466,1.5828913324822688e-06,0.7725298329355609,0.20742476121823752,0.012348729467920821,623.0,1235.0,386634248.0,173292822.0,2302.0,11098.0,712300.0,550273.0
36.2,sysbench,none,9,0.4474259853103082,11.5,1.0004738859602423e-06,540.0,927.0,173071840.0,386816693.0,18841.6,0.4474259853103082,0.5825242718446602,1.0004738859602423e-06,0.7663143368322067,0.23257372654155495,0.011186624900010381,540.0,927.0,386816693.0,173071840.0,2776.0,11936.0,818835.0,627485.0
36.3,sysbench,none,9,0.44786709849866696,11.099999999999998,1.0574605862085116e-06,554.0,962.0,172800555.0,385829983.0,18186.239999999998,0.44786709849866696,0.5758835758835759,1.0574605862085116e-06,0.7241788260529796,0.21797293043751967,0.011387464851027944,554.0,962.0,385829983.0,172800555.0,2770.0,12708.0,872714.0,632001.0
36.4,sysbench,none,9,0.4482250031337701,10.3,1.1748160703173064e-06,505.0,959.0,173213626.0,386443471.0,16875.52,0.4482250031337701,0.5265901981230449,1.1748160703173064e-06,0.7709946909216083,0.1960915876876625,0.01153650337429183,505.0,959.0,386443471.0,173213626.0,2338.0,11923.0,830841.0,640574.0
36.5,sysbench,none,9,0.4474033082516587,9.8,9.311420987039698e-07,568.0,928.0,172975952.0,386621978.0,16056.32,0.4474033082516587,0.6120689655172413,9.311420987039698e-07,0.721366076058167,0.1940029493691627,0.011489071484960737,568.0,928.0,386621978.0,172975952.0,2368.0,12206.0,856292.0,617700.0
36.6,sysbench,none,9,0.44739677889962454,9.1,9.966926321234263e-07,547.0,932.0,172819337.0,386277562.0,14909.439999999999,0.44739677889962454,0.5869098712446352,9.966926321234263e-07,0.8404093276893687,0.11090100111234705,0.013452944988176289,547.0,932.0,386277562.0,172819337.0,997.0,8990.0,594145.0,499325.0
36.7,sysbench,none,9,0.44783865677778567,11.400000000000002,1.1743914867827073e-06,563.0,1016.0,172745557.0,385731679.0,18677.760000000002,0.44783865677778567,0.5541338582677166,1.1743914867827073e-06,0.7091409201128285,0.1958505426952262,0.011508283434779979,563.0,1016.0,385731679.0,172745557.0,2039.0,10411.0,727476.0,515883.0
36.9,sysbench,none,9,0.4477487409490449,9.1,1.9865936846295404e-06,620.0,1388.0,173095805.0,386591383.0,14909.439999999999,0.4477487409490449,0.44668587896253603,1.9865936846295404e-06,0.7932692730454357,0.17891682785299806,0.012131664336402248,620.0,1388.0,386591383.0,173095805.0,2405.0,13442.0,909768.0,721691.0
37.0,sysbench,none,9,0.44830002069019204,9.8,1.233159436998448e-06,542.0,1019.0,173407512.0,386811296.0,16056.32,0.44830002069019204,0.5318940137389597,1.233159436998448e-06,0.7815993342762702,0.18387017052475493,0.012761851763111589,542.0,1019.0,386811296.0,173407512.0,2232.0,12139.0,776298.0,606754.0
37.1,sysbench,none,9,0.4482988515230206,10.5,1.16368662210964e-06,546.0,996.0,173358084.0,386702048.0,17203.2,0.4482988515230206,0.5481927710843374,1.16368662210964e-06,0.7592395368627349,0.21342842233431902,0.011660950514453698,546.0,996.0,386702048.0,173358084.0,2454.0,11498.0,775580.0,588851.0
37.2,sysbench,none,9,0.4476235113772828,9.8,1.1671301251543393e-06,498.0,949.0,172969748.0,386417924.0,16056.32,0.4476235113772828,0.5247629083245522,1.1671301251543393e-06,0.7736568446316953,0.19453040662108673,0.012078253962772387,498.0,949.0,386417924.0,172969748.0,2703.0,13895.0,926624.0,716889.0
37.3,sysbench,none,9,0.4477036570472647,10.0,1.0883757629472088e-06,501.0,922.0,173178461.0,386814935.0,16384.0,0.4477036570472647,0.5433839479392625,1.0883757629472088e-06,0.7726762716847986,0.2068228589520342,0.011785945310202882,501.0,922.0,386814935.0,173178461.0,2613.0,12634.0,850250.0,656968.0
37.4,sysbench,none,9,0.447565139188758,10.1,1.381872375727459e-06,552.0,1085.0,172629704.0,385708557.0,16547.84,0.447565139188758,0.5087557603686635,1.381872375727459e-06,0.7695410953654149,0.19948610137818268,0.011588717204189566,552.0,1085.0,385708557.0,172629704.0,2562.0,12843.0,887156.0,682703.0
37.5,sysbench,none,9,0.44726349337003274,10.4,1.128158004055407e-06,536.0,972.0,172854230.0,386470688.0,17039.36,0.44726349337003274,0.551440329218107,1.128158004055407e-06,0.7851572635824421,0.1856124623410978,0.011932716832958115,536.0,972.0,386470688.0,172854230.0,2526.0,13609.0,928791.0,729247.0
37.6,sysbench,none,9,0.44771931004843085,9.7,1.1140302753778676e-06,531.0,962.0,173215241.0,386883561.0,15892.48,0.44771931004843085,0.5519750519750519,1.1140302753778676e-06,0.7505371939746659,0.2040180657218502,0.011195100528103841,531.0,962.0,386883561.0,173215241.0,2620.0,12842.0,913078.0,685299.0
37.7,sysbench,none,9,0.4760454738048501,33.8,0.00010945422445084216,5045.0,45731.0,176954213.0,371717037.0,55377.92,0.4760454738048501,0.11031903960114584,0.00010945422445084216,0.7643482751807602,0.10834136327454019,0.013307231160542117,5045.0,45731.0,371717037.0,176954213.0,2586.0,23869.0,1599356.0,1222465.0
37.8,sysbench,none,9,0.44771186270561414,9.299999999999999,3.3387077275176393e-06,513.0,1800.0,172583291.0,385478486.0,15237.119999999999,0.44771186270561414,0.285,3.3387077275176393e-06,0.7476874019635011,0.15847846012832265,0.011833335696305642,513.0,1800.0,385478486.0,172583291.0,1729.0,10910.0,775859.0,580100.0
37.9,sysbench,none,9,0.44748294315933984,7.5,1.1445051564672247e-06,536.0,979.0,173205811.0,387066845.0,12288.0,0.44748294315933984,0.5474974463738509,1.1445051564672247e-06,0.7263292019872808,0.15968386973909732,0.011122370016359021,536.0,979.0,387066845.0,173205811.0,1677.0,10502.0,793446.0,576303.0
38.0,sysbench,none,9,0.4473977983976155,7.200000000000001,7.726835694720649e-07,405.0,704.0,173126422.0,386963062.0,11796.480000000001,0.4473977983976155,0.5752840909090909,7.726835694720649e-07,0.7805444231417815,0.16063258404615077,0.012820590728581455,405.0,704.0,386963062.0,173126422.0,1615.0,10054.0,658238.0,513784.0
38.1,sysbench,none,9,0.44847315619336364,7.6,1.6379780325857285e-06,629.0,1263.0,173587176.0,387062578.0,12451.84,0.44847315619336364,0.49802058590657167,1.6379780325857285e-06,0.7530142321958112,0.16186871202310987,0.011173807553940115,629.0,1263.0,387062578.0,173587176.0,1625.0,10039.0,753011.0,567028.0
38.2,sysbench,none,9,0.4474362648979435,11.400000000000002,7.276469586224153e-07,495.0,776.0,172789275.0,386176286.0,18677.760000000002,0.4474362648979435,0.6378865979381443,7.276469586224153e-07,0.7329717034601075,0.18478444632290786,0.01228301889195554,495.0,776.0,386176286.0,172789275.0,2186.0,11830.0,785149.0,575492.0
38.3,sysbench,none,9,0.4475348545382613,8.5,1.0812094252398557e-06,548.0,966.0,173018811.0,386604103.0,13926.4,0.4475348545382613,0.567287784679089,1.0812094252398557e-06,0.7902483333775996,0.12586131065826126,0.012668986215505563,548.0,966.0,386604103.0,173018811.0,1717.0,13642.0,941275.0,743841.0
38.5,sysbench,none,9,0.44798566354579544,7.7,1.0880764690838254e-06,508.0,929.0,173335211.0,386921335.0,12615.68,0.44798566354579544,0.5468245425188375,1.0880764690838254e-06,0.7206492327460471,0.13081591368846932,0.011402929685988173,508.0,929.0,386921335.0,173335211.0,1552.0,11864.0,904329.0,651704.0
38.6,sysbench,none,9,0.4478547975672016,7.4,8.535125600735762e-07,373.0,703.0,173157479.0,386637544.0,12124.16,0.4478547975672016,0.5305832147937412,8.535125600735762e-07,0.7713647114859777,0.15996840130344622,0.012583705233324409,373.0,703.0,386637544.0,173157479.0,1620.0,10127.0,676033.0,521468.0
38.7,sysbench,none,9,0.4478215601723992,8.4,2.9156526008330657e-06,565.0,1689.0,172637657.0,385505461.0,13762.560000000001,0.4478215601723992,0.3345174659561871,2.9156526008330657e-06,0.7699560539113672,0.12391891891891892,0.011913129525652369,565.0,1689.0,385505461.0,172637657.0,1834.0,14800.0,1088379.0,838004.0
39.0,sysbench,none,9,0.44826698242578694,6.3,1.0933988764698423e-06,640.0,1063.0,173419726.0,386867052.0,10321.92,0.44826698242578694,0.6020696142991533,1.0933988764698423e-06,0.6958817881962198,0.17207686461839106,0.011639851456813038,640.0,1063.0,386867052.0,173419726.0,1585.0,9211.0,655163.0,455916.0
39.1,sysbench,none,9,0.44743711490618115,10.0,1.0380755148576913e-06,540.0,941.0,172841263.0,386291743.0,16384.0,0.44743711490618115,0.5738575982996812,1.0380755148576913e-06,0.7915058541173418,0.18192707943400463,0.01265689358803879,540.0,941.0,386291743.0,172841263.0,2430.0,13357.0,863324.0,683326.0
39.2,sysbench,none,9,0.4481966603534586,10.0,1.0315065773241333e-06,550.0,949.0,173368228.0,386812851.0,16384.0,0.4481966603534586,0.5795574288724974,1.0315065773241333e-06,0.7576290444757061,0.18876855194544725,0.011894063789444959,550.0,949.0,386812851.0,173368228.0,2353.0,12465.0,850172.0,644115.0
39.3,sysbench,none,9,0.44771428953899345,10.1,1.346920543833466e-06,597.0,1118.0,173179588.0,386808266.0,16547.84,0.44771428953899345,0.5339892665474061,1.346920543833466e-06,0.7950461626631069,0.1754885078984802,0.012828397900489931,597.0,1118.0,386808266.0,173179588.0,2344.0,13357.0,858486.0,682536.0
39.4,sysbench,none,9,0.4478304687477564,9.7,1.6458537615751856e-06,520.0,1155.0,172781054.0,385817996.0,15892.48,0.4478304687477564,0.45021645021645024,1.6458537615751856e-06,0.7432336707285115,0.18798571728628438,0.01187229756289308,520.0,1155.0,385817996.0,172781054.0,2685.0,14283.0,976896.0,726062.0
39.5,sysbench,none,9,0.4472528962414373,12.6,1.208223105397379e-06,507.0,974.0,172871303.0,386518018.0,20643.84,0.4472528962414373,0.5205338809034907,1.208223105397379e-06,0.7820750398841028,0.17391959042312904,0.012189648353308715,507.0,974.0,386518018.0,172871303.0,2310.0,13282.0,900108.0,703952.0
39.6,sysbench,none,9,0.44776269548518455,9.8,1.1581949861020353e-06,489.0,937.0,173198546.0,386808789.0,16056.32,0.44776269548518455,0.5218783351120597,1.1581949861020353e-06,0.7298163813534673,0.1934465061192262,0.01129714192815615,489.0,937.0,386808789.0,173198546.0,2450.0,12665.0,904211.0,659908.0
39.7,sysbench,none,9,0.4476529097965765,14.2,1.928377037997184e-06,666.0,1411.0,172944093.0,386335237.0,23265.28,0.4476529097965765,0.47200566973777464,1.928377037997184e-06,0.7548477882302557,0.2078720787207872,0.011674346462063473,666.0,1411.0,386335237.0,172944093.0,2704.0,13008.0,882619.0,666243.0
39.8,sysbench,none,9,0.447587950805001,9.8,2.008206950240796e-06,552.0,1326.0,172508652.0,385418445.0,16056.32,0.447587950805001,0.416289592760181,2.008206950240796e-06,0.7087041380153906,0.17408578610232708,0.010834037981886544,552.0,1326.0,385418445.0,172508652.0,2147.0,12333.0,940185.0,666313.0
39.9,sysbench,none,9,0.4476969106341889,10.2,1.1931043105166135e-06,508.0,969.0,172984268.0,386387004.0,16711.68,0.4476969106341889,0.5242518059855521,1.1931043105166135e-06,0.807647935720151,0.17540725921691913,0.013053451173690864,508.0,969.0,386387004.0,172984268.0,2455.0,13996.0,884134.0,714069.0
40.0,sysbench,none,9,0.4473723709357158,10.2,1.0964562946314604e-06,505.0,929.0,172999039.0,386700320.0,16711.68,0.4473723709357158,0.5435952637244349,1.0964562946314604e-06,0.7655206793027737,0.20245113248526217,0.011518125196038894,505.0,929.0,386700320.0,172999039.0,2610.0,12892.0,892680.0,683365.0
40.1,sysbench,none,9,0.44757684372450873,9.299999999999999,1.587292883904124e-06,609.0,1223.0,173132624.0,386822121.0,15237.119999999999,0.44757684372450873,0.49795584627964024,1.587292883904124e-06,0.7775961152606095,0.18820456420126477,0.012570904264208262,609.0,1223.0,386822121.0,173132624.0,2738.0,14548.0,939471.0,730529.0
40.2,sysbench,none,9,0.44764846320576257,11.899999999999999,1.1428697786972817e-06,571.0,1013.0,173126129.0,386745724.0,19496.96,0.44764846320576257,0.5636722606120435,1.1428697786972817e-06,0.7464658008301849,0.1893028846153846,0.012139108033305096,571.0,1013.0,386745724.0,173126129.0,2205.0,11648.0,777899.0,580675.0
40.3,sysbench,none,9,0.44759715449437726,10.2,1.0682667319249171e-06,543.0,956.0,173044446.0,386607565.0,16711.68,0.44759715449437726,0.5679916317991632,1.0682667319249171e-06,0.7718030030365645,0.1964622062075178,0.012461217445196423,543.0,956.0,386607565.0,173044446.0,2399.0,12211.0,787403.0,607720.0
40.4,sysbench,none,9,0.44736042477304755,10.0,1.151352052637684e-06,491.0,936.0,172905749.0,386502112.0,16384.0,0.44736042477304755,0.5245726495726496,1.151352052637684e-06,0.7681420783378671,0.18841352009744214,0.01193426693980813,491.0,936.0,386502112.0,172905749.0,2475.0,13136.0,893310.0,686189.0
40.5,sysbench,none,9,0.44810370294680757,16.7,1.1577921059947017e-06,574.0,1021.0,173003732.0,386079675.0,27361.28,0.44810370294680757,0.5621939275220372,1.1577921059947017e-06,0.755043946105146,0.19068624361963576,0.012409846710419519,574.0,1021.0,386079675.0,173003732.0,3026.0,15869.0,1034904.0,781398.0
40.6,sysbench,none,9,0.4473728488226146,10.5,1.0781118817198026e-06,526.0,943.0,173038143.0,386787315.0,17203.2,0.4473728488226146,0.5577942735949099,1.0781118817198026e-06,0.700240401902668,0.21218176435760805,0.010936231854279463,526.0,943.0,386787315.0,173038143.0,2867.0,13512.0,973370.0,681593.0
40.7,sysbench,none,9,0.4482140727647405,11.099999999999998,1.661819399596421e-06,582.0,1223.0,172885947.0,385721818.0,18186.239999999998,0.4482140727647405,0.4758789860997547,1.661819399596421e-06,0.7931288173400228,0.16467266106858883,0.013210919898881991,582.0,1223.0,385721818.0,172885947.0,2216.0,13457.0,850887.0,674863.0
40.8,sysbench,none,9,0.4477089314860353,10.0,1.8931645594653076e-06,554.0,1285.0,172872045.0,386125969.0,16384.0,0.4477089314860353,0.4311284046692607,1.8931645594653076e-06,0.725835616870651,0.20231703871150042,0.011878251082160007,554.0,1285.0,386125969.0,172872045.0,2864.0,14156.0,950645.0,690012.0
41.1,sysbench,none,9,0.44779533903947616,10.4,1.2757678153606757e-06,517.0,1010.0,173043323.0,386433953.0,17039.36,0.44779533903947616,0.5118811881188119,1.2757678153606757e-06,0.7787403153339072,0.206959128925359,0.011852734112430572,517.0,1010.0,386433953.0,173043323.0,2623.0,12674.0,847990.0,660364.0
41.2,sysbench,none,9,0.4477400670704258,8.4,1.048091857937996e-06,538.0,943.0,173014155.0,386416512.0,13762.560000000001,0.4477400670704258,0.5705196182396607,1.048091857937996e-06,0.7456984864314352,0.1954644500040352,0.01191657322912956,538.0,943.0,386416512.0,173014155.0,2422.0,12391.0,836566.0,623826.0
41.3,sysbench,none,9,0.4472622806393154,10.700000000000001,8.738557931318388e-07,566.0,904.0,172997252.0,386791508.0,17530.88,0.4472622806393154,0.6261061946902655,8.738557931318388e-07,0.679911167242566,0.19522945294270158,0.011011856193104819,566.0,904.0,386791508.0,172997252.0,2259.0,11571.0,845634.0,574956.0
41.4,sysbench,none,9,0.44757340006188095,9.8,1.614326907081664e-06,544.0,1168.0,173004489.0,386538809.0,16056.32,0.44757340006188095,0.4657534246575342,1.614326907081664e-06,0.7833459325142057,0.1701507049100632,0.012348402918187309,544.0,1168.0,386538809.0,173004489.0,2100.0,12342.0,829419.0,649722.0
41.5,sysbench,none,9,0.44765273723573307,10.8,1.1303421863173239e-06,496.0,933.0,173066394.0,386608591.0,17694.72,0.44765273723573307,0.5316184351554126,1.1303421863173239e-06,0.7971277853447152,0.17327841607052533,0.012857425413222212,496.0,933.0,386608591.0,173066394.0,2398.0,13839.0,889836.0,709313.0
41.6,sysbench,none,9,0.4476784112501972,10.4,1.1733127543082547e-06,501.0,954.0,172842509.0,386086317.0,17039.36,0.4476784112501972,0.5251572327044025,1.1733127543082547e-06,0.6921919517291709,0.21704553452037442,0.010668566710427768,501.0,954.0,386086317.0,172842509.0,3084.0,14209.0,1042783.0,721806.0
41.7,sysbench,none,9,0.44742958466090244,9.2,1.3109899548381285e-06,519.0,1026.0,173034735.0,386730652.0,15073.279999999999,0.44742958466090244,0.5058479532163743,1.3109899548381285e-06,0.7478125597519307,0.18030513176144244,0.012282918637614411,519.0,1026.0,386730652.0,173034735.0,2600.0,14420.0,962312.0,719629.0
41.8,sysbench,none,9,0.44778062299812815,9.8,1.7755047164180221e-06,529.0,1213.0,172504158.0,385242570.0,16056.32,0.44778062299812815,0.4361088211046991,1.7755047164180221e-06,0.6826327559706852,0.146674387822634,0.011414097710873105,529.0,1213.0,385242570.0,172504158.0,1773.0,12088.0,903707.0,616900.0
41.9,sysbench,none,9,0.4480292667971077,9.9,1.238874463474377e-06,487.0,965.0,172864964.0,385834089.0,16220.16,0.4480292667971077,0.5046632124352332,1.238874463474377e-06,0.7648990484704442,0.17938017796870206,0.012556847153346222,487.0,965.0,385834089.0,172864964.0,2923.0,16295.0,1064917.0,814554.0
42.0,sysbench,none,9,0.4473584311627487,10.9,1.184844238255102e-06,500.0,958.0,172925820.0,386548700.0,17858.56,0.4473584311627487,0.5219206680584552,1.184844238255102e-06,0.7627662139879252,0.15938266262801096,0.012661390363178556,500.0,958.0,386548700.0,172925820.0,2210.0,13866.0,920594.0,702198.0
42.1,sysbench,none,9,0.44823625408631385,9.9,1.605457969721771e-06,608.0,1229.0,173380256.0,386805517.0,16220.16,0.44823625408631385,0.4947111472742067,1.605457969721771e-06,0.7643188778993777,0.18624264933457135,0.012822857533017304,608.0,1229.0,386805517.0,173380256.0,2407.0,12924.0,820176.0,626876.0
42.2,sysbench,none,9,0.4477961940945293,13.8,1.11682914099211e-06,637.0,1068.0,172810820.0,385913999.0,22609.920000000002,0.4477961940945293,0.596441947565543,1.11682914099211e-06,0.7679742998054386,0.2009710648907552,0.011723740237035582,637.0,1068.0,385913999.0,172810820.0,3063.0,15241.0,1038747.0,797731.0
42.3,sysbench,none,9,0.4479222833669144,11.400000000000002,1.4070984339589342e-06,651.0,1195.0,173171767.0,386611190.0,18677.760000000002,0.4479222833669144,0.5447698744769874,1.4070984339589342e-06,0.7726421193828374,0.18871814092953523,0.01229383661039604,651.0,1195.0,386611190.0,173171767.0,3021.0,16008.0,1056383.0,816206.0
42.4,sysbench,none,9,0.44815147549256895,6.3,1.0498239816241292e-06,530.0,936.0,173314291.0,386731497.0,10321.92,0.44815147549256895,0.5662393162393162,1.0498239816241292e-06,0.7599508316635714,0.2401037296926245,0.011586190535444114,530.0,936.0,386731497.0,173314291.0,3148.0,13111.0,859903.0,653484.0
42.5,sysbench,none,9,0.44753459020229186,5.9,1.2883060403801574e-06,730.0,1228.0,172996337.0,386554114.0,9666.560000000001,0.44753459020229186,0.5944625407166124,1.2883060403801574e-06,0.7476677732635131,0.15696615207594208,0.01237286919124611,730.0,1228.0,386554114.0,172996337.0,1637.0,10429.0,710587.0,531283.0
42.6,sysbench,none,9,0.44743354747460606,8.8,1.1243833929937624e-06,546.0,981.0,173102515.0,386878713.0,14417.92,0.44743354747460606,0.5565749235474006,1.1243833929937624e-06,0.6995983356828904,0.16341868391156164,0.011694441933363792,546.0,981.0,386878713.0,173102515.0,1870.0,11443.0,818594.0,572687.0
42.7,sysbench,none,9,0.4479961906213235,9.9,1.3662700512606634e-06,538.0,1065.0,172801850.0,385721695.0,16220.16,0.4479961906213235,0.5051643192488263,1.3662700512606634e-06,0.7721175306596719,0.1793387774518354,0.012535134343071042,538.0,1065.0,385721695.0,172801850.0,2262.0,12613.0,825759.0,637583.0
42.8,sysbench,none,9,0.4477722722011224,11.200000000000001,1.729232668144019e-06,539.0,1206.0,172714818.0,385720217.0,18350.08,0.4477722722011224,0.4469320066334992,1.729232668144019e-06,0.7539879714952563,0.18779578373727235,0.012347913107843382,539.0,1206.0,385720217.0,172714818.0,2619.0,13946.0,917321.0,691649.0
42.9,sysbench,none,9,0.4481600492049249,9.6,1.0846231301427282e-06,517.0,936.0,173128394.0,386309298.0,15728.64,0.4481600492049249,0.5523504273504274,1.0846231301427282e-06,0.7647260196422411,0.19210673633140513,0.011534122166587411,517.0,936.0,386309298.0,173128394.0,2059.0,10718.0,750729.0,574102.0
43.2,sysbench,none,9,0.4473779663509571,10.2,1.1426818242945316e-06,505.0,947.0,173049975.0,386809338.0,16711.68,0.4473779663509571,0.5332629355860612,1.1426818242945316e-06,0.7946078127160506,0.16481934648049518,0.012633958172060922,505.0,947.0,386809338.0,173049975.0,2290.0,13894.0,918477.0,729829.0
43.3,sysbench,none,9,0.44826649341612657,10.0,1.1220488032024516e-06,585.0,1019.0,173386093.0,386792445.0,16384.0,0.44826649341612657,0.5740922473012757,1.1220488032024516e-06,0.7456349898316472,0.18925373134328358,0.011622197284231405,585.0,1019.0,386792445.0,173386093.0,2536.0,13400.0,934763.0,696992.0
43.4,sysbench,none,9,0.44819926287023815,10.5,1.293647679163205e-06,536.0,1036.0,173230807.0,386503998.0,17203.2,0.44819926287023815,0.5173745173745173,1.293647679163205e-06,0.8149959258761467,0.15470717569458325,0.013321754981351432,536.0,1036.0,386503998.0,173230807.0,2322.0,15009.0,952352.0,776163.0
43.6,sysbench,none,9,0.44767048680929933,9.0,1.0392680773081433e-06,512.0,914.0,173163729.0,386810688.0,14745.599999999999,0.44767048680929933,0.5601750547045952,1.0392680773081433e-06,0.7893779209250116,0.17884720380625535,0.012873468768876725,512.0,914.0,386810688.0,173163729.0,2293.0,12821.0,817806.0,645558.0
43.7,sysbench,none,9,0.44822234453051574,11.400000000000002,1.1197193624346912e-06,518.0,951.0,173329391.0,386704039.0,18677.760000000002,0.44822234453051574,0.544689800210305,1.1197193624346912e-06,0.7281601315038728,0.24094151212553494,0.010785020152238839,518.0,951.0,386704039.0,173329391.0,3378.0,14020.0,986739.0,718504.0
43.8,sysbench,none,9,0.44784249062321424,10.8,1.3075063642029141e-06,526.0,1030.0,172628311.0,385466575.0,17694.72,0.44784249062321424,0.5106796116504855,1.3075063642029141e-06,0.7382772984040628,0.2173950821096533,0.011519037040731633,526.0,1030.0,385466575.0,172628311.0,2502.0,11509.0,781923.0,577276.0
43.9,sysbench,none,9,0.44758423521773744,12.3,1.905596183523887e-06,570.0,1304.0,172401074.0,385181292.0,20152.32,0.44758423521773744,0.4371165644171779,1.905596183523887e-06,0.6300922587027031,0.2001903785604452,0.010761873233941429,570.0,1304.0,385181292.0,172401074.0,2734.0,13657.0,1014972.0,639526.0
44.0,sysbench,none,9,0.44744584040959956,9.2,1.130484879813884e-06,512.0,949.0,172964571.0,386559792.0,15073.279999999999,0.44744584040959956,0.5395152792413066,1.130484879813884e-06,0.712113999366081,0.18053702468312208,0.011843197844193314,512.0,949.0,386559792.0,172964571.0,2165.0,11992.0,829759.0,590883.0
44.1,sysbench,none,9,0.4476501747616042,10.9,1.6842110578995855e-06,564.0,1215.0,173030727.0,386531128.0,17858.56,0.4476501747616042,0.4641975308641975,1.6842110578995855e-06,0.7797700884880714,0.18387369241764667,0.012679656222934219,564.0,1215.0,386531128.0,173030727.0,2830.0,15391.0,990642.0,772473.0
44.2,sysbench,none,9,0.4479221146530516,10.600000000000001,1.0577233401452784e-06,544.0,953.0,173202328.0,386679564.0,17367.04,0.4479221146530516,0.5708289611752361,1.0577233401452784e-06,0.8605198662441442,0.1592964824120603,0.013306276140168685,544.0,953.0,386679564.0,173202328.0,2219.0,13930.0,880111.0,757353.0
44.3,sysbench,none,9,0.448222811845808,10.0,9.701926471179368e-07,573.0,948.0,173247607.0,386521173.0,16384.0,0.448222811845808,0.6044303797468354,9.701926471179368e-07,0.7890287157547919,0.2007363971089595,0.012315457254163636,573.0,948.0,386521173.0,173247607.0,2944.0,14666.0,951812.0,751007.0
44.4,sysbench,none,9,0.4473562209810099,11.0,1.0418561547934135e-06,518.0,921.0,173041697.0,386809636.0,18022.4,0.4473562209810099,0.5624321389793703,1.0418561547934135e-06,0.7810277140265393,0.19196392624204847,0.012435622264410947,518.0,921.0,386809636.0,173041697.0,2384.0,12419.0,806956.0,630255.0
44.5,sysbench,none,9,0.4476341838088826,9.8,1.1401189280545997e-06,489.0,930.0,173145687.0,386801753.0,16056.32,0.4476341838088826,0.5258064516129032,1.1401189280545997e-06,0.7719013549975136,0.1919993712668972,0.011699613199248475,489.0,930.0,386801753.0,173145687.0,2443.0,12724.0,878747.0,678306.0
44.6,sysbench,none,9,0.4477001018323199,10.1,9.953853830226406e-07,540.0,925.0,173163623.0,386784864.0,16547.84,0.4477001018323199,0.5837837837837838,9.953853830226406e-07,0.7358554014291719,0.19839404622013318,0.011469805240297044,540.0,925.0,386784864.0,173163623.0,2026.0,10212.0,713700.0,525180.0
44.7,sysbench,none,9,0.44744147497018727,11.299999999999999,1.2787305086557774e-06,503.0,997.0,172855881.0,386320649.0,18513.92,0.44744147497018727,0.5045135406218656,1.2787305086557774e-06,0.7141345401767601,0.23557230473656987,0.010817463537462199,503.0,997.0,386320649.0,172855881.0,3188.0,13533.0,956324.0,682944.0
44.8,sysbench,none,9,0.4476529631719452,12.7,2.066952223680497e-06,618.0,1415.0,172611349.0,385591883.0,20807.68,0.4476529631719452,0.4367491166077738,2.066952223680497e-06,0.6794981825266212,0.20905665952574426,0.01097866711783072,618.0,1415.0,385591883.0,172611349.0,2830.0,13537.0,975255.0,662684.0
44.9,sysbench,none,9,0.4477249189887183,11.600000000000001,9.86229926435272e-07,546.0,927.0,172964934.0,386319650.0,19005.440000000002,0.4477249189887183,0.5889967637540453,9.86229926435272e-07,0.7132546851311582,0.19909864069201133,0.011697433741437665,546.0,927.0,386319650.0,172964934.0,2739.0,13757.0,941916.0,671826.0
45.0,sysbench,none,9,0.4473951799990871,10.600000000000001,1.1172076223041708e-06,608.0,1040.0,172998030.0,386678350.0,17367.04,0.4473951799990871,0.5846153846153846,1.1172076223041708e-06,0.7649751791930686,0.1897863386209129,0.012310185691853095,608.0,1040.0,386678350.0,172998030.0,2345.0,12356.0,813229.0,622100.0
45.3,sysbench,none,9,0.447312561057809,9.6,9.626278498199633e-07,572.0,944.0,172860439.0,386442175.0,15728.64,0.447312561057809,0.6059322033898306,9.626278498199633e-07,0.7122163498103457,0.1951283623937615,0.011107201543835722,572.0,944.0,386442175.0,172860439.0,2227.0,11413.0,827031.0,589025.0
45.4,sysbench,none,9,0.44773200013277836,10.5,1.541048327704775e-06,632.0,1228.0,173160223.0,386749714.0,17203.2,0.44773200013277836,0.5146579804560261,1.541048327704775e-06,0.7012482374656572,0.19574660633484162,0.011128698191508279,632.0,1228.0,386749714.0,173160223.0,2163.0,11050.0,798566.0,559993.0
45.5,sysbench,none,9,0.4476673939268517,10.3,9.050327516355132e-07,575.0,925.0,173124771.0,386726336.0,16875.52,0.4476673939268517,0.6216216216216216,9.050327516355132e-07,0.6923227116526086,0.19800091561117045,0.011401601929952446,575.0,925.0,386726336.0,173124771.0,2595.0,13106.0,921888.0,638244.0
45.6,sysbench,none,9,0.44798585113882106,10.700000000000001,1.5758787170355625e-06,500.0,1108.0,172840330.0,385816493.0,17530.88,0.44798585113882106,0.45126353790613716,1.5758787170355625e-06,0.795408282251865,0.168532220325049,0.012618490291881765,500.0,1108.0,385816493.0,172840330.0,2665.0,15813.0,1041963.0,828786.0
45.7,sysbench,none,9,0.4474744293090704,10.700000000000001,1.1459137801020945e-06,518.0,961.0,172989605.0,386591040.0,17530.88,0.4474744293090704,0.5390218522372529,1.1459137801020945e-06,0.729262985574872,0.1868915855447393,0.01244618898611783,518.0,961.0,386591040.0,172989605.0,2803.0,14998.0,979818.0,714545.0
45.8,sysbench,none,9,0.4482307293379995,9.5,1.3559174213105445e-06,517.0,1040.0,172890080.0,385716705.0,15564.8,0.4482307293379995,0.4971153846153846,1.3559174213105445e-06,0.7189666030268125,0.17997891129563728,0.01239881063888302,517.0,1040.0,385716705.0,172890080.0,2731.0,15174.0,1003564.0,721529.0
45.9,sysbench,none,9,0.44770744673400786,11.899999999999999,1.7933752049363273e-06,552.0,1242.0,172255163.0,384749381.0,19496.96,0.44770744673400786,0.4444444444444444,1.7933752049363273e-06,0.6574994960434224,0.17767924056957282,0.010922792193194138,552.0,1242.0,384749381.0,172255163.0,2845.0,16012.0,1205461.0,792590.0
46.0,sysbench,none,9,0.4475416330898499,5.9,1.119385209032236e-06,504.0,937.0,173117820.0,386819476.0,9666.560000000001,0.4475416330898499,0.5378868729989328,1.119385209032236e-06,0.7906401306359948,0.2196969696969697,0.012486005832982736,504.0,937.0,386819476.0,173117820.0,2958.0,13464.0,841422.0,665262.0
46.1,sysbench,none,9,0.4474963070264768,7.5,1.279303175810433e-06,634.0,1129.0,173149474.0,386929392.0,12288.0,0.4474963070264768,0.5615589016829052,1.279303175810433e-06,0.7923658751562885,0.1879550561797753,0.01190229943360654,634.0,1129.0,386929392.0,173149474.0,2091.0,11125.0,759013.0,601416.0
46.2,sysbench,none,9,0.4481168758463644,11.299999999999999,1.7500762287832913e-06,638.0,1313.0,172837552.0,385697485.0,18513.92,0.4481168758463644,0.4859101294744859,1.7500762287832913e-06,0.7094061468886415,0.20714051752374713,0.01181148084135453,638.0,1313.0,385697485.0,172837552.0,3162.0,15265.0,1024681.0,726915.0
46.3,sysbench,none,9,0.4473623886732084,10.2,9.597725412547684e-07,549.0,920.0,172927896.0,386549921.0,16711.68,0.4473623886732084,0.5967391304347827,9.597725412547684e-07,0.771023472247217,0.1764656756305328,0.012675784764891894,549.0,920.0,386549921.0,172927896.0,2113.0,11974.0,777940.0,599810.0
46.4,sysbench,none,9,0.4473668734148266,9.399999999999999,1.0318039046283633e-06,522.0,921.0,172997390.0,386701386.0,15400.96,0.4473668734148266,0.5667752442996743,1.0318039046283633e-06,0.7832602063638054,0.1939900426742532,0.011391221748111514,522.0,921.0,386701386.0,172997390.0,2182.0,11248.0,795876.0,623378.0
46.5,sysbench,none,9,0.44770323007629176,10.3,1.1295269028003743e-06,535.0,972.0,173210847.0,386887642.0,16875.52,0.44770323007629176,0.5504115226337448,1.1295269028003743e-06,0.7678634258467776,0.18055763753560186,0.012058770651733925,535.0,972.0,386887642.0,173210847.0,2409.0,13342.0,906643.0,696178.0
46.6,sysbench,none,9,0.44740076432150455,9.1,1.2370383836318188e-06,483.0,961.0,172878682.0,386406765.0,14909.439999999999,0.44740076432150455,0.5026014568158168,1.2370383836318188e-06,0.7977824101503608,0.15085714285714286,0.013106109578323817,483.0,961.0,386406765.0,172878682.0,2244.0,14875.0,963749.0,768862.0
46.7,sysbench,none,9,0.4478645616814863,8.299999999999999,1.4190897336331987e-06,519.0,1066.0,172633139.0,385458359.0,13598.72,0.4478645616814863,0.48686679174484054,1.4190897336331987e-06,0.700528728383983,0.17307271533804974,0.01145780278592968,519.0,1066.0,385458359.0,172633139.0,2373.0,13711.0,989544.0,693204.0
46.8,sysbench,none,9,0.44798554641172184,10.899999999999999,1.7908555535874287e-06,551.0,1242.0,172854819.0,385849098.0,17858.559999999998,0.44798554641172184,0.44363929146537845,1.7908555535874287e-06,0.6972114803335476,0.18525711390694924,0.011573652039572798,551.0,1242.0,385849098.0,172854819.0,2194.0,11843.0,833704.0,581268.0
46.9,sysbench,none,9,0.44795467562686264,11.099999999999998,1.1422786399657522e-06,515.0,956.0,172942052.0,386070425.0,18186.239999999998,0.44795467562686264,0.5387029288702929,1.1422786399657522e-06,0.7311163941397039,0.17006549568323906,0.011973791024005566,515.0,956.0,386070425.0,172942052.0,2285.0,13436.0,931284.0,680877.0
47.0,sysbench,none,9,0.4478678012338431,9.9,1.0800415671479802e-06,520.0,937.0,172920079.0,386096251.0,16220.16,0.4478678012338431,0.5549626467449307,1.0800415671479802e-06,0.7612997099886691,0.19407117843472596,0.012349191612133555,520.0,937.0,386096251.0,172920079.0,2383.0,12279.0,801348.0,610066.0
47.1,sysbench,none,9,0.44734643237740157,10.0,1.0712564218523333e-06,546.0,960.0,172882439.0,386462094.0,16384.0,0.44734643237740157,0.56875,1.0712564218523333e-06,0.7868130686339879,0.16378418329637842,0.012167423052932698,546.0,960.0,386462094.0,172882439.0,2216.0,13530.0,929860.0,731626.0
47.4,sysbench,none,9,0.44756611027153104,9.9,1.1611427734430457e-06,601.0,1050.0,173068453.0,386688020.0,16220.16,0.44756611027153104,0.5723809523809524,1.1611427734430457e-06,0.7779082801762988,0.1970532405315014,0.011896551031422804,601.0,1050.0,386688020.0,173068453.0,2180.0,11063.0,746687.0,580854.0
47.5,sysbench,none,9,0.4476218263294296,9.6,1.0888668572816467e-06,519.0,940.0,173068716.0,386640476.0,15728.64,0.4476218263294296,0.5521276595744681,1.0888668572816467e-06,0.7917582462909516,0.18402862486785396,0.011825114639029948,519.0,940.0,386640476.0,173068716.0,2263.0,12297.0,848533.0,671833.0
47.6,sysbench,none,9,0.4480231300387251,11.299999999999999,1.161140276970678e-06,505.0,953.0,172859702.0,385827629.0,18513.92,0.4480231300387251,0.5299055613850997,1.161140276970678e-06,0.7037840986579472,0.18222282168869705,0.01193176283284413,505.0,953.0,385827629.0,172859702.0,2702.0,14828.0,1016279.0,715241.0
47.7,sysbench,none,9,0.446573336856296,38.4,1.1878113305570605e-05,1582.0,6184.0,173018260.0,387435267.0,62914.56,0.446573336856296,0.25582147477360934,1.1878113305570605e-05,0.7881767862409277,0.13823917476310424,0.012919810676084907,1582.0,6184.0,387435267.0,173018260.0,2305.0,16674.0,1112168.0,876585.0
47.8,sysbench,none,9,0.47634321525677803,10.8,9.924081673828369e-05,3915.0,41463.0,180225593.0,378352388.0,17694.72,0.47634321525677803,0.09442153245061863,9.924081673828369e-05,0.7201101030767965,0.08770966758157975,0.01303063554078183,3915.0,41463.0,378352388.0,180225593.0,2876.0,32790.0,2295667.0,1653133.0
47.9,sysbench,none,9,0.44770918219701855,10.0,2.177109994740658e-06,516.0,1355.0,172535152.0,385373271.0,16384.0,0.44770918219701855,0.3808118081180812,2.177109994740658e-06,0.8297687951369045,0.1498237367802585,0.013532498571205904,516.0,1355.0,385373271.0,172535152.0,2295.0,15318.0,962350.0,798528.0
48.0,sysbench,none,9,0.4476404057046081,10.600000000000001,1.338971752880969e-06,512.0,1029.0,172841652.0,386117182.0,17367.04,0.4476404057046081,0.4975704567541302,1.338971752880969e-06,0.7390252061790797,0.1906464104855526,0.011690383401118483,512.0,1029.0,386117182.0,172841652.0,2560.0,13428.0,929653.0,687037.0
48.1,sysbench,none,9,0.4478861848247611,9.9,1.1745063990044884e-06,534.0,988.0,173128327.0,386545361.0,16220.16,0.4478861848247611,0.5404858299595142,1.1745063990044884e-06,0.7986779868986127,0.1511934011934012,0.012762308113492582,534.0,988.0,386545361.0,173128327.0,1723.0,11396.0,757935.0,605346.0
48.2,sysbench,none,9,0.448384357868883,11.899999999999999,1.931181556724936e-06,604.0,1351.0,173439475.0,386809825.0,19496.96,0.448384357868883,0.44707623982235384,1.931181556724936e-06,0.7705164689751929,0.20782203556663822,0.012028888463745935,604.0,1351.0,386809825.0,173439475.0,3167.0,15239.0,1003584.0,773278.0
48.3,sysbench,none,9,0.4479392871998118,9.9,1.1981360791099802e-06,542.0,1005.0,173098777.0,386433568.0,16220.16,0.4479392871998118,0.5393034825870647,1.1981360791099802e-06,0.7743574139654469,0.18505654281098546,0.012328706860523942,542.0,1005.0,386433568.0,173098777.0,2291.0,12380.0,818334.0,633683.0
48.4,sysbench,none,9,0.4476486182116833,18.700000000000003,1.083492591875407e-06,544.0,963.0,173111263.0,386712381.0,30638.08,0.4476486182116833,0.564901349948079,1.083492591875407e-06,0.7152159661664078,0.19624933967247754,0.011442903933004673,544.0,963.0,386712381.0,173111263.0,2229.0,11358.0,797787.0,570590.0
48.5,sysbench,none,9,0.44792007367506337,10.700000000000001,1.5715537528284102e-06,559.0,1164.0,172435492.0,384969333.0,17530.88,0.44792007367506337,0.4802405498281787,1.5715537528284102e-06,0.6884181156162386,0.13248278297722055,0.012639355470697161,559.0,1164.0,384969333.0,172435492.0,3001.0,22652.0,1554747.0,1070316.0
48.7,sysbench,none,9,0.4483259766043873,11.099999999999998,2.769714178349716e-06,539.0,1610.0,173359809.0,386682499.0,18186.239999999998,0.4483259766043873,0.3347826086956522,2.769714178349716e-06,0.777682218198661,0.18143094841930116,0.012946860920459807,539.0,1610.0,386682499.0,173359809.0,2726.0,15025.0,949960.0,738767.0
48.8,sysbench,none,9,0.447747939031539,10.5,2.429894455665169e-06,578.0,1514.0,172473364.0,385201916.0,17203.2,0.447747939031539,0.3817701453104359,2.429894455665169e-06,0.7450327846763497,0.12362484720524503,0.012802988365051974,578.0,1514.0,385201916.0,172473364.0,2225.0,17998.0,1231978.0,917864.0
48.9,sysbench,none,9,0.44755374777023604,10.8,1.358543112677335e-06,476.0,1000.0,172624749.0,385707303.0,17694.72,0.44755374777023604,0.476,1.358543112677335e-06,0.7994772561012299,0.15698209356642367,0.012573510860764544,476.0,1000.0,385707303.0,172624749.0,2218.0,14129.0,947309.0,757352.0
49.0,sysbench,none,9,0.4475193177745294,9.5,1.1814856137128132e-06,562.0,1019.0,173100989.0,386801155.0,15564.8,0.4475193177745294,0.5515210991167812,1.1814856137128132e-06,0.7683013932434187,0.18144108157935165,0.012355527521659276,562.0,1019.0,386801155.0,173100989.0,2362.0,13018.0,862448.0,662620.0
49.1,sysbench,none,9,0.4475071504712608,9.6,1.1127778769717179e-06,509.0,939.0,172925863.0,386420335.0,15728.64,0.4475071504712608,0.5420660276890309,1.1127778769717179e-06,0.7691342795440939,0.19519561705415467,0.012541470147513872,509.0,939.0,386420335.0,172925863.0,2779.0,14237.0,913609.0,702688.0
49.2,sysbench,none,9,0.44748414099966377,10.4,1.158471311770295e-06,521.0,969.0,173049512.0,386716525.0,17039.36,0.44748414099966377,0.5376676986584107,1.158471311770295e-06,0.7285837787666408,0.18109760193457378,0.012516966850726622,521.0,969.0,386716525.0,173049512.0,2696.0,14887.0,973958.0,709610.0
49.5,sysbench,none,9,0.4476031878683489,8.899999999999999,1.2224474239154356e-06,521.0,993.0,172824369.0,386110675.0,14581.759999999998,0.4476031878683489,0.5246727089627392,1.2224474239154356e-06,0.8346818761946054,0.15812439396038233,0.012370972436801683,521.0,993.0,386110675.0,172824369.0,2283.0,14438.0,982542.0,820110.0
49.6,sysbench,none,9,0.44830487360778987,5.9,9.565909027884557e-07,551.0,921.0,173399938.0,386790214.0,9666.560000000001,0.44830487360778987,0.5982627578718784,9.565909027884557e-07,0.7497339778413914,0.20499283505543406,0.01181934488469383,551.0,921.0,386790214.0,173399938.0,2718.0,13259.0,891843.0,668645.0
49.7,sysbench,none,9,0.4481127156897575,8.4,1.4345800476141778e-06,636.0,1190.0,173050256.0,386175732.0,13762.560000000001,0.4481127156897575,0.534453781512605,1.4345800476141778e-06,0.7758746553360756,0.1689813077096314,0.012509605388057678,636.0,1190.0,386175732.0,173050256.0,2251.0,13321.0,884920.0,686587.0
49.8,sysbench,none,9,0.4476445086681243,9.7,2.2227447658557557e-06,578.0,1436.0,172794913.0,386009232.0,15892.48,0.4476445086681243,0.4025069637883008,2.2227447658557557e-06,0.6914284737710101,0.17307099241349536,0.01145633059037658,578.0,1436.0,386009232.0,172794913.0,2806.0,16213.0,1170270.0,809158.0
49.9,sysbench,none,9,0.44800656721303267,11.200000000000001,1.1453055351269094e-06,558.0,1000.0,172896137.0,385923220.0,18350.08,0.44800656721303267,0.558,1.1453055351269094e-06,0.7999979062743723,0.1544926545951486,0.012953880458735285,558.0,1000.0,385923220.0,172896137.0,2261.0,14635.0,955235.0,764186.0
50.0,sysbench,none,9,0.44729690337884254,10.2,1.6253131651978715e-06,495.0,1121.0,172279329.0,385156543.0,16711.68,0.44729690337884254,0.4415700267618198,1.6253131651978715e-06,0.8078480114529841,0.13471980886185925,0.013364330865104544,495.0,1121.0,385156543.0,172279329.0,2481.0,18416.0,1192353.0,963240.0
50.1,sysbench,none,9,0.44755219009329394,9.6,1.6674821275692392e-06,625.0,1269.0,172849595.0,386211036.0,15728.64,0.44755219009329394,0.4925137903861308,1.6674821275692392e-06,0.7351997253160869,0.21221477520897658,0.01133071141617104,625.0,1269.0,386211036.0,172849595.0,2818.0,13279.0,923243.0,678768.0
50.2,sysbench,none,9,0.44732911304840595,13.700000000000001,1.2319498341313119e-06,599.0,1074.0,172475634.0,385567648.0,22446.08,0.44732911304840595,0.5577281191806331,1.2319498341313119e-06,0.6797692347609883,0.1704824202780049,0.011444629203038665,599.0,1074.0,385567648.0,172475634.0,2085.0,12230.0,886442.0,602576.0
50.3,sysbench,none,9,0.44749173440519696,12.5,1.115048537506607e-06,561.0,992.0,172969096.0,386530259.0,20480.0,0.44749173440519696,0.5655241935483871,1.115048537506607e-06,0.7575508199914139,0.21028701335606706,0.011434755236986229,561.0,992.0,386530259.0,172969096.0,2220.0,10557.0,729093.0,552325.0
50.4,sysbench,none,9,0.447702702267746,8.5,1.199572192225808e-06,521.0,985.0,173173449.0,386804565.0,13926.4,0.447702702267746,0.5289340101522843,1.199572192225808e-06,0.802307579332303,0.16257219205240928,0.013090116322155645,521.0,985.0,386804565.0,173173449.0,1886.0,11601.0,742163.0,595443.0
50.5,sysbench,none,9,0.4478409293728542,12.1,1.874204248421373e-06,949.0,1674.0,173238682.0,386830838.0,19824.64,0.4478409293728542,0.5669056152927121,1.874204248421373e-06,0.7620121177962519,0.2035667681600696,0.012188803298277304,949.0,1674.0,386830838.0,173238682.0,2808.0,13794.0,901319.0,686816.0
50.6,sysbench,none,9,0.4481908306814474,10.8,1.0392979710768133e-06,516.0,918.0,173360017.0,386799562.0,17694.72,0.4481908306814474,0.5620915032679739,1.0392979710768133e-06,0.7711368212321013,0.1806702668360864,0.012091075082564334,516.0,918.0,386799562.0,173360017.0,2275.0,12592.0,853274.0,657991.0
50.7,sysbench,none,9,0.4482514977136058,9.399999999999999,1.4287505104677096e-06,521.0,1073.0,173182669.0,386351568.0,15400.96,0.4482514977136058,0.48555452003727867,1.4287505104677096e-06,0.7739611913348067,0.16543470608940514,0.012260212275931822,521.0,1073.0,386351568.0,173182669.0,2350.0,14205.0,966949.0,748381.0
50.8,sysbench,none,9,0.4478024896123277,10.2,1.9539631358369673e-06,533.0,1287.0,172799103.0,385882408.0,16711.68,0.4478024896123277,0.41414141414141414,1.9539631358369673e-06,0.7442426705763378,0.18491114487679197,0.011939980741966547,533.0,1287.0,385882408.0,172799103.0,2799.0,15137.0,1033335.0,769052.0
50.9,sysbench,none,9,0.44766555223176446,11.5,1.2262785965543753e-06,508.0,981.0,172673491.0,385719853.0,18841.6,0.44766555223176446,0.5178389398572885,1.2262785965543753e-06,0.7474958863843315,0.17769411183804468,0.012519863289821258,508.0,981.0,385719853.0,172673491.0,2879.0,16202.0,1064149.0,795447.0
51.0,sysbench,none,9,0.44764222374165863,9.6,1.032314082723933e-06,508.0,907.0,173018319.0,386510275.0,15728.64,0.44764222374165863,0.5600882028665931,1.032314082723933e-06,0.7927464077934155,0.1773015567941572,0.01213610125089309,508.0,907.0,386510275.0,173018319.0,1845.0,10406.0,705416.0,559216.0
51.1,sysbench,none,9,0.44730813488983795,9.9,1.1199599442316852e-06,538.0,971.0,172938705.0,386620970.0,16220.16,0.44730813488983795,0.5540679711637487,1.1199599442316852e-06,0.7567325916206513,0.19437048307341195,0.012061943032092286,538.0,971.0,386620970.0,172938705.0,2555.0,13145.0,877968.0,664387.0
51.2,sysbench,none,9,0.4474059665204574,9.2,1.050901183096528e-06,484.0,890.0,172848623.0,386335087.0,15073.279999999999,0.4474059665204574,0.5438202247191011,1.050901183096528e-06,0.7654396423248883,0.17453313371680718,0.01301043219076006,484.0,890.0,386335087.0,172848623.0,2215.0,12691.0,805200.0,616332.0
51.3,sysbench,none,9,0.44749160887208816,9.9,1.0193195647113255e-06,548.0,942.0,172969989.0,386532363.0,16220.16,0.44749160887208816,0.5817409766454352,1.0193195647113255e-06,0.8186988510882833,0.06984844205968183,0.01329787591968788,548.0,942.0,386532363.0,172969989.0,742.0,10623.0,743051.0,608335.0
51.6,sysbench,none,9,0.4475204095747782,9.399999999999999,1.2467365216588539e-06,481.0,963.0,173015576.0,386609353.0,15400.96,0.4475204095747782,0.4994807892004154,1.2467365216588539e-06,0.8106161306446589,0.17199783139062078,0.012238671115514103,481.0,963.0,386609353.0,173015576.0,2538.0,14756.0,998311.0,809247.0
51.7,sysbench,none,9,0.4481240779321113,11.200000000000001,1.114199239542954e-06,553.0,983.0,172943354.0,385927386.0,18350.08,0.4481240779321113,0.5625635808748728,1.114199239542954e-06,0.7375007048270896,0.16935532964022645,0.011836757708639662,553.0,983.0,385927386.0,172943354.0,2782.0,16427.0,1152765.0,850165.0
51.8,sysbench,none,9,0.4473543449474526,10.3,1.1952200047542334e-06,579.0,1041.0,172920221.0,386539715.0,16875.52,0.4473543449474526,0.5561959654178674,1.1952200047542334e-06,0.7571209088345693,0.19711186043102186,0.011743187332410575,579.0,1041.0,386539715.0,172920221.0,2689.0,13642.0,932711.0,706175.0
51.9,sysbench,none,9,0.44795817920841186,11.400000000000002,1.7983233927396448e-06,590.0,1283.0,172624690.0,385358942.0,18677.760000000002,0.44795817920841186,0.4598597038191738,1.7983233927396448e-06,0.6724497880294574,0.1705085038418372,0.010601837445848753,590.0,1283.0,385358942.0,172624690.0,1975.0,11583.0,906258.0,609413.0
52.0,sysbench,none,9,0.44767118231132863,9.399999999999999,1.191001662068824e-06,527.0,985.0,172152070.0,384550261.0,15400.96,0.44767118231132863,0.5350253807106599,1.191001662068824e-06,0.807854652096943,0.13275096663325217,0.013149228691489623,527.0,985.0,384550261.0,172152070.0,2781.0,20949.0,1381678.0,1116195.0
52.1,sysbench,none,9,0.4473170973571066,10.7,1.628947811258068e-06,518.0,1148.0,173001105.0,386752722.0,17530.879999999997,0.4473170973571066,0.45121951219512196,1.628947811258068e-06,0.8031906915437583,0.1735499887158655,0.01248323977910597,518.0,1148.0,386752722.0,173001105.0,2307.0,13293.0,880060.0,706856.0
52.2,sysbench,none,9,0.44758473604459903,10.8,1.8572110832294352e-06,680.0,1398.0,173036788.0,386601182.0,17694.72,0.44758473604459903,0.4864091559370529,1.8572110832294352e-06,0.7624541375682145,0.2009845396507961,0.011326453287102911,680.0,1398.0,386601182.0,173036788.0,2613.0,13001.0,917145.0,699281.0
52.3,sysbench,none,9,0.4477699878951687,10.600000000000001,1.422643204131447e-06,616.0,1166.0,173109809.0,386604314.0,17367.04,0.4477699878951687,0.5283018867924528,1.422643204131447e-06,0.7545175004208243,0.19465302951838426,0.012175524856038927,616.0,1166.0,386604314.0,173109809.0,3007.0,15448.0,1021804.0,770969.0
52.4,sysbench,none,9,0.4473771654350691,9.6,1.052398848148168e-06,545.0,952.0,173016634.0,386735505.0,15728.64,0.4473771654350691,0.5724789915966386,1.052398848148168e-06,0.7552949832272414,0.20400218017597135,0.01241171992710558,545.0,952.0,386735505.0,173016634.0,2620.0,12843.0,823657.0,622104.0
52.5,sysbench,none,9,0.4479245324578139,11.099999999999998,1.0785597133954913e-06,535.0,952.0,173179591.0,386626716.0,18186.239999999998,0.4479245324578139,0.5619747899159664,1.0785597133954913e-06,0.6805356114642945,0.19875230647570513,0.01071575459171083,535.0,952.0,386626716.0,173179591.0,2262.0,11381.0,850990.0,579129.0
52.6,sysbench,none,9,0.44821635677832083,10.2,1.060137740645514e-06,545.0,955.0,173344179.0,386742198.0,16711.68,0.44821635677832083,0.5706806282722513,1.060137740645514e-06,0.6951528739695556,0.21879612924389044,0.011187934037463019,545.0,955.0,386742198.0,173344179.0,2668.0,12194.0,851453.0,591890.0
52.7,sysbench,none,9,0.4482144609071932,8.600000000000001,1.298005696729807e-06,548.0,1050.0,173345664.0,386747147.0,14090.240000000002,0.4482144609071932,0.5219047619047619,1.298005696729807e-06,0.7766640605846975,0.17366182489366824,0.01255920095331373,548.0,1050.0,386747147.0,173345664.0,2164.0,12461.0,819877.0,636769.0
52.8,sysbench,none,9,0.44794525781842254,9.9,2.1163040948178838e-06,567.0,1384.0,172929437.0,386050380.0,16220.16,0.44794525781842254,0.4096820809248555,2.1163040948178838e-06,0.7590963980043972,0.14608777874083997,0.013034201398076562,567.0,1384.0,386050380.0,172929437.0,1854.0,12691.0,831428.0,631134.0
52.9,sysbench,none,9,0.44771957541953594,10.899999999999999,1.310572582102195e-06,483.0,988.0,172518782.0,385327762.0,17858.559999999998,0.44771957541953594,0.4888663967611336,1.310572582102195e-06,0.7885692322437666,0.1794968316707447,0.012790395174114854,483.0,988.0,385327762.0,172518782.0,2861.0,15939.0,1022486.0,806301.0
53.0,sysbench,none,9,0.44735932787754656,10.5,1.3179679912338194e-06,519.0,1028.0,172770431.0,386200578.0,17203.2,0.44735932787754656,0.504863813229572,1.3179679912338194e-06,0.7534656953731023,0.19796987557301898,0.012052923820640053,519.0,1028.0,386200578.0,172770431.0,3023.0,15270.0,1016102.0,765598.0
53.1,sysbench,none,9,0.4482736956177314,6.1,9.800570264411446e-07,523.0,902.0,173352903.0,386712191.0,9994.24,0.4482736956177314,0.5798226164079823,9.800570264411446e-07,0.7384655116754546,0.20625088993307703,0.01199720219520069,523.0,902.0,386712191.0,173352903.0,2897.0,14046.0,929300.0,686256.0
53.2,sysbench,none,9,0.44778257597118715,6.6000000000000005,1.1376205690031112e-06,653.0,1093.0,173189848.0,386772191.0,10813.44,0.44778257597118715,0.5974382433668801,1.1376205690031112e-06,0.7632325744964548,0.14998608663389296,0.012443005765277442,653.0,1093.0,386772191.0,173189848.0,1617.0,10781.0,736478.0,562104.0
53.3,sysbench,none,9,0.4478656975852924,9.0,1.3765331027464438e-06,539.0,1071.0,173090317.0,386478174.0,14745.599999999999,0.4478656975852924,0.5032679738562091,1.3765331027464438e-06,0.6968449899392621,0.212610201511335,0.0116748911059342,539.0,1071.0,386478174.0,173090317.0,2701.0,12704.0,856796.0,597054.0
53.4,sysbench,none,9,0.4476946329619036,10.8,1.0059256285979474e-06,585.0,974.0,173127324.0,386708509.0,17694.72,0.4476946329619036,0.6006160164271047,1.0059256285979474e-06,0.7168645989556042,0.20217306946061311,0.011609417631859494,585.0,974.0,386708509.0,173127324.0,2605.0,12885.0,885488.0,634775.0
53.8,sysbench,none,9,0.4476906078519059,10.5,1.393315070598485e-06,540.0,1078.0,172866534.0,386129463.0,17203.2,0.4476906078519059,0.5009276437847866,1.393315070598485e-06,0.7911563386819114,0.15603053435114503,0.012991698051127785,540.0,1078.0,386129463.0,172866534.0,2044.0,13100.0,851005.0,673278.0
53.9,sysbench,none,9,0.4478601463444196,9.399999999999999,1.962932665022269e-06,488.0,1244.0,172487970.0,385138020.0,15400.96,0.4478601463444196,0.39228295819935693,1.962932665022269e-06,0.6815150330838675,0.1637604808191734,0.010956661397358345,488.0,1244.0,385138020.0,172487970.0,2207.0,13477.0,1028598.0,701005.0
54.0,sysbench,none,9,0.4481471239584157,10.8,1.1733484308318213e-06,554.0,1006.0,172636273.0,385222316.0,17694.72,0.4481471239584157,0.5506958250497018,1.1733484308318213e-06,0.7611026997412424,0.18068477856345366,0.012224352828379673,554.0,1006.0,385222316.0,172636273.0,2913.0,16122.0,1080548.0,822408.0
54.1,sysbench,none,9,0.4476436032960713,9.2,9.807286940993217e-07,552.0,931.0,172990682.0,386447345.0,15073.279999999999,0.4476436032960713,0.5929108485499462,9.807286940993217e-07,0.7277943087208677,0.16205823109320638,0.011855644061231707,552.0,931.0,386447345.0,172990682.0,1770.0,10922.0,771953.0,561823.0
54.2,sysbench,none,9,0.4476558994030927,11.0,1.8072322957690343e-06,742.0,1439.0,172648620.0,385672612.0,18022.4,0.4476558994030927,0.5156358582348853,1.8072322957690343e-06,0.735576858463234,0.19483945692040408,0.012012164800795628,742.0,1439.0,385672612.0,172648620.0,3028.0,15541.0,1041694.0,766246.0
54.3,sysbench,none,9,0.44821375423636334,11.600000000000001,1.1038852814288439e-06,549.0,976.0,173376053.0,386815557.0,19005.440000000002,0.44821375423636334,0.5625,1.1038852814288439e-06,0.7077484261928576,0.21263613192245306,0.010904598137639264,549.0,976.0,386815557.0,173376053.0,2753.0,12947.0,934835.0,661628.0
54.4,sysbench,none,9,0.4474544798582847,9.5,9.877425595783558e-07,521.0,903.0,173048746.0,386740448.0,15564.8,0.4474544798582847,0.5769656699889258,9.877425595783558e-07,0.7339409270863312,0.17980942993264334,0.012074081777266142,521.0,903.0,386740448.0,173048746.0,2189.0,12174.0,826978.0,606953.0
54.5,sysbench,none,9,0.44807085828666826,11.200000000000001,1.1641885030119403e-06,518.0,968.0,173195222.0,386535341.0,18350.08,0.44807085828666826,0.5351239669421488,1.1641885030119403e-06,0.7934439572587001,0.1720103986135182,0.01285467801083219,518.0,968.0,386535341.0,173195222.0,2382.0,13848.0,891971.0,707729.0
54.6,sysbench,none,9,0.4475920582073363,9.299999999999999,1.130245766743365e-06,485.0,922.0,173057697.0,386641572.0,15237.119999999999,0.4475920582073363,0.5260303687635575,1.130245766743365e-06,0.7704766724238458,0.20288124206911995,0.011747945567155476,485.0,922.0,386641572.0,173057697.0,2718.0,13397.0,909010.0,700371.0
54.7,sysbench,none,9,0.44825607002214984,10.5,1.1878762001014258e-06,533.0,992.0,173207895.0,386403903.0,17203.2,0.44825607002214984,0.5372983870967742,1.1878762001014258e-06,0.7293617659675714,0.2114193807800563,0.0114932290042874,533.0,992.0,386403903.0,173207895.0,2629.0,12435.0,853198.0,622290.0
54.8,sysbench,none,9,0.44728780841456256,10.600000000000001,1.1316727797109645e-06,514.0,951.0,172721988.0,386154026.0,17367.04,0.44728780841456256,0.5404837013669821,1.1316727797109645e-06,0.7719548345862374,0.19615504845264145,0.012522141400614787,514.0,951.0,386154026.0,172721988.0,2510.0,12796.0,821425.0,634103.0
54.9,sysbench,none,9,0.4478683195197498,9.7,1.936947740740266e-06,567.0,1314.0,172724141.0,385658314.0,15892.48,0.4478683195197498,0.4315068493150685,1.936947740740266e-06,0.7338409028289314,0.1592708083473255,0.01182516967403467,567.0,1314.0,385658314.0,172724141.0,1992.0,12507.0,889205.0,652535.0
55.0,sysbench,none,9,0.44762882990713504,11.8,1.1144988131235604e-06,507.0,937.0,172705789.0,385823650.0,19333.120000000003,0.44762882990713504,0.5410885805763074,1.1144988131235604e-06,0.7057034499012664,0.19451573686343374,0.011198258758088126,507.0,937.0,385823650.0,172705789.0,2880.0,14806.0,1064987.0,751565.0
55.1,sysbench,none,9,0.4476350343934048,9.299999999999999,1.0032504876230474e-06,521.0,909.0,173119670.0,386742897.0,15237.119999999999,0.4476350343934048,0.5731573157315731,1.0032504876230474e-06,0.7763165948094871,0.16378073280397973,0.012441801378120591,521.0,909.0,386742897.0,173119670.0,1712.0,10453.0,702551.0,545402.0
55.2,sysbench,none,9,0.44769765651940946,10.5,1.0780822251244839e-06,515.0,932.0,173168538.0,386797955.0,17203.2,0.44769765651940946,0.5525751072961373,1.0780822251244839e-06,0.7598276699077616,0.2106539160886255,0.01170809767636065,515.0,932.0,386797955.0,173168538.0,3128.0,14849.0,1001102.0,760665.0
55.3,sysbench,none,9,0.4473025112051286,9.2,1.2472605390766144e-06,538.0,1020.0,172858680.0,386446925.0,15073.279999999999,0.4473025112051286,0.5274509803921569,1.2472605390766144e-06,0.7977539865529417,0.15630818334958774,0.01278599184147305,538.0,1020.0,386446925.0,172858680.0,1763.0,11279.0,744252.0,593730.0
55.4,sysbench,none,9,0.44767006369185286,9.5,1.0809215273908373e-06,523.0,941.0,173117180.0,386707073.0,15564.8,0.44767006369185286,0.5557917109458024,1.0809215273908373e-06,0.7141471648420935,0.216210263563615,0.011686317179083288,523.0,941.0,386707073.0,173117180.0,2945.0,13621.0,913547.0,652407.0
55.5,sysbench,none,9,0.4475485095524453,12.2,1.0477802081650551e-06,553.0,958.0,172991573.0,386531447.0,19988.48,0.4475485095524453,0.5772442588726514,1.0477802081650551e-06,0.7372746597069191,0.20036908226275818,0.011557859056904964,553.0,958.0,386531447.0,172991573.0,2823.0,14089.0,974748.0,718657.0
55.8,sysbench,none,9,0.4475911067581139,11.099999999999998,1.217145920073917e-06,532.0,1002.0,172836976.0,386149263.0,18186.239999999998,0.4475911067581139,0.530938123752495,1.217145920073917e-06,0.7751911376983514,0.1737801073255959,0.012485714177947594,532.0,1002.0,386149263.0,172836976.0,2785.0,16026.0,1060492.0,822084.0
55.9,sysbench,none,9,0.4478380766867515,11.200000000000001,1.8543266936015009e-06,557.0,1272.0,172679510.0,385584699.0,18350.08,0.4478380766867515,0.4378930817610063,1.8543266936015009e-06,0.6361529751434194,0.1874194379994844,0.010535947821654347,557.0,1272.0,385584699.0,172679510.0,2908.0,15516.0,1196665.0,761262.0
56.0,sysbench,none,9,0.4480537555233993,10.1,1.1371315984718852e-06,547.0,985.0,172581208.0,385179693.0,16547.84,0.4480537555233993,0.5553299492385787,1.1371315984718852e-06,0.7542931550511136,0.1588278097506119,0.0123566680918879,547.0,985.0,385179693.0,172581208.0,2401.0,15117.0,1029080.0,776228.0
56.1,sysbench,none,9,0.44736815208725716,8.799999999999999,1.0448270313677142e-06,528.0,932.0,172982444.0,386666872.0,14417.919999999998,0.44736815208725716,0.5665236051502146,1.0448270313677142e-06,0.7762762860760485,0.18464363918909374,0.012556183564159128,528.0,932.0,386666872.0,172982444.0,2614.0,14157.0,919308.0,713637.0
56.2,sysbench,none,9,0.44780978113299763,10.3,1.64630144751236e-06,582.0,1218.0,172998099.0,386320501.0,16875.52,0.44780978113299763,0.47783251231527096,1.64630144751236e-06,0.7936181937215786,0.15414374140302614,0.012435258045191086,582.0,1218.0,386320501.0,172998099.0,1793.0,11632.0,791218.0,627925.0
56.3,sysbench,none,9,0.447458795042248,11.299999999999999,1.3507416992536552e-06,582.0,1104.0,172922396.0,386454346.0,18513.92,0.447458795042248,0.5271739130434783,1.3507416992536552e-06,0.7255078432123491,0.21468714874484826,0.011804806178148943,582.0,1104.0,386454346.0,172922396.0,2865.0,13345.0,887774.0,644087.0
56.4,sysbench,none,9,0.4482855233228033,10.3,1.0314953187187786e-06,526.0,925.0,173404494.0,386817073.0,16875.52,0.4482855233228033,0.5686486486486486,1.0314953187187786e-06,0.7361665045623464,0.19791356184798808,0.01210328949957553,526.0,925.0,386817073.0,173404494.0,2656.0,13420.0,889345.0,654706.0
56.5,sysbench,none,9,0.4472921576404651,11.099999999999998,1.0837364906362193e-06,530.0,949.0,172934487.0,386625350.0,18186.239999999998,0.4472921576404651,0.5584826132771338,1.0837364906362193e-06,0.7707450121054893,0.19387966090013095,0.012983567394994176,530.0,949.0,386625350.0,172934487.0,2813.0,14509.0,900831.0,694311.0
56.6,sysbench,none,9,0.44815091758879627,10.3,1.141001076000237e-06,483.0,924.0,173211541.0,386502703.0,16875.52,0.44815091758879627,0.5227272727272727,1.141001076000237e-06,0.7764931516574566,0.21647235802933434,0.01087570459260218,483.0,924.0,386502703.0,173211541.0,2878.0,13295.0,957823.0,743743.0
56.7,sysbench,none,9,0.4473625393903224,5.9,1.0913568933097441e-06,521.0,943.0,172983735.0,386674609.0,9666.560000000001,0.4473625393903224,0.5524920466595971,1.0913568933097441e-06,0.7999888952124484,0.23174146068314536,0.012119361323286866,521.0,943.0,386674609.0,172983735.0,2897.0,12501.0,792451.0,633952.0
56.8,sysbench,none,9,0.4479044341036182,7.800000000000001,2.2791446606540125e-06,701.0,1582.0,173136797.0,386548522.0,12779.52,0.4479044341036182,0.44310998735777496,2.2791446606540125e-06,0.7512756148381486,0.17588706600534149,0.011812767633016684,701.0,1582.0,386548522.0,173136797.0,2305.0,13105.0,914265.0,686865.0
56.9,sysbench,none,9,0.44755064972538444,8.4,1.128551717646634e-06,511.0,946.0,172508295.0,385449770.0,13762.560000000001,0.44755064972538444,0.540169133192389,1.128551717646634e-06,0.7184320786730842,0.18120018752930145,0.012095294158384985,511.0,946.0,385449770.0,172508295.0,2319.0,12798.0,866370.0,622428.0
57.0,sysbench,none,9,0.4478905681575424,11.099999999999998,1.242256140892241e-06,548.0,1027.0,172701567.0,385588756.0,18186.239999999998,0.4478905681575424,0.5335929892891919,1.242256140892241e-06,0.758751706989289,0.15364899500876839,0.012951958637959312,548.0,1027.0,385588756.0,172701567.0,2278.0,14826.0,968811.0,735087.0
57.1,sysbench,none,9,0.4482322804929021,9.2,1.1452976661855805e-06,516.0,959.0,173375801.0,386799007.0,15073.279999999999,0.4482322804929021,0.5380604796663191,1.1452976661855805e-06,0.7449395848394093,0.20417345434799472,0.011516148875887368,516.0,959.0,386799007.0,173375801.0,2632.0,12891.0,890836.0,663619.0
57.2,sysbench,none,9,0.4482328264927779,11.0,1.0497308327255624e-06,528.0,934.0,173361134.0,386765814.0,18022.4,0.4482328264927779,0.5653104925053534,1.0497308327255624e-06,0.7481130887471231,0.19974600870827286,0.011818481414895414,528.0,934.0,386765814.0,173361134.0,2202.0,11024.0,746458.0,558435.0
57.3,sysbench,none,9,0.4476930652416296,8.799999999999999,1.3404957834523984e-06,568.0,1086.0,172999431.0,386424192.0,14417.919999999998,0.4476930652416296,0.5230202578268877,1.3404957834523984e-06,0.7137263432673483,0.18655027481409633,0.011770182049536749,568.0,1086.0,386424192.0,172999431.0,2308.0,12372.0,855042.0,610266.0
57.4,sysbench,none,9,0.4481619630911978,10.700000000000001,1.0397172076787741e-06,538.0,940.0,173278953.0,386643596.0,17530.88,0.4481619630911978,0.5723404255319149,1.0397172076787741e-06,0.7554021224907301,0.1815214662314838,0.012380984933936433,538.0,940.0,386643596.0,173278953.0,2169.0,11949.0,789921.0,596708.0
57.5,sysbench,none,9,0.44780591420062393,8.799999999999999,1.3572777746162541e-06,550.0,1075.0,173212963.0,386803652.0,14417.919999999998,0.44780591420062393,0.5116279069767442,1.3572777746162541e-06,0.76059772616964,0.18102409638554218,0.011997176096836346,550.0,1075.0,386803652.0,173212963.0,1803.0,9960.0,679910.0,517138.0
57.6,sysbench,none,9,0.4473914783274424,10.1,1.0339005576298717e-06,558.0,958.0,173088785.0,386884403.0,16547.84,0.4473914783274424,0.5824634655532359,1.0339005576298717e-06,0.7647799093909056,0.20045127010699468,0.012288159293025337,558.0,958.0,386884403.0,173088785.0,2754.0,13739.0,893950.0,683675.0
57.8,sysbench,none,9,0.47504216882878425,11.7,0.00011028979401684496,4732.0,46583.0,180261374.0,379463942.0,19169.28,0.47504216882878425,0.1015821222334328,0.00011028979401684496,0.7491379731873832,0.11765402142392141,0.012569151833061025,4732.0,46583.0,379463942.0,180261374.0,1988.0,16897.0,1186158.0,888596.0
57.9,sysbench,none,9,0.4477419653752403,12.0,2.6445581947281275e-06,581.0,1601.0,172693044.0,385697695.0,19660.8,0.4477419653752403,0.36289818863210493,2.6445581947281275e-06,0.7803029925919436,0.15481171548117154,0.01266965803073731,581.0,1601.0,385697695.0,172693044.0,2331.0,15057.0,1004447.0,783773.0
58.0,sysbench,none,9,0.44775364137660834,11.200000000000001,1.4735342298272271e-06,519.0,1086.0,172290748.0,384789161.0,18350.08,0.44775364137660834,0.47790055248618785,1.4735342298272271e-06,0.7571274095532227,0.20629789272030652,0.010580287849587219,519.0,1086.0,384789161.0,172290748.0,3446.0,16704.0,1253085.0,948745.0
58.1,sysbench,none,9,0.4477666166876009,11.0,1.0839986827993094e-06,593.0,1012.0,173076052.0,386531835.0,18022.4,0.4477666166876009,0.5859683794466403,1.0839986827993094e-06,0.7337403611265203,0.19308490203611217,0.011817008525754485,593.0,1012.0,386531835.0,173076052.0,2513.0,13015.0,888719.0,652089.0
58.2,sysbench,none,9,0.44809151268952685,12.3,1.722144997159965e-06,693.0,1357.0,172768707.0,385565676.0,20152.32,0.44809151268952685,0.5106853352984525,1.722144997159965e-06,0.7101373957124194,0.18513297020185837,0.011433308547378188,693.0,1357.0,385565676.0,172768707.0,2889.0,15605.0,1112189.0,789807.0
58.3,sysbench,none,9,0.4472520189451222,8.7,9.759260730770545e-07,565.0,942.0,172773344.0,386299752.0,14254.08,0.4472520189451222,0.5997876857749469,9.759260730770545e-07,0.7783380089468497,0.17256737374499886,0.012591990111134852,565.0,942.0,386299752.0,172773344.0,2286.0,13247.0,870474.0,677523.0
58.4,sysbench,none,9,0.4479965290482403,11.200000000000001,1.04761154965194e-06,551.0,956.0,173192625.0,386593676.0,18350.08,0.4479965290482403,0.5763598326359832,1.04761154965194e-06,0.7789717063254452,0.1872566078382633,0.012339171870361331,551.0,956.0,386593676.0,173192625.0,2260.0,12069.0,794948.0,619242.0
58.5,sysbench,none,9,0.4482376182984509,25.099999999999998,1.0288884313868404e-06,571.0,969.0,173389618.0,386825226.0,41123.84,0.4482376182984509,0.5892672858617131,1.0288884313868404e-06,0.8146744673112262,0.17692536425810287,0.01316061609560465,571.0,969.0,386825226.0,173389618.0,2380.0,13452.0,841298.0,685384.0
58.6,sysbench,none,9,0.44736552922685874,9.8,1.8054683969655776e-06,469.0,1164.0,172209629.0,384941659.0,16056.32,0.44736552922685874,0.4029209621993127,1.8054683969655776e-06,0.7925914740963479,0.09851980362482005,0.01440487720287508,469.0,1164.0,384941659.0,172209629.0,2669.0,27091.0,1695398.0,1343758.0
58.8,sysbench,none,9,0.447694416029852,9.1,1.8741486165424496e-06,550.0,1274.0,172948268.0,386308745.0,14909.439999999999,0.447694416029852,0.4317111459968603,1.8741486165424496e-06,0.7910917433114747,0.16745626822157433,0.012763193731537156,550.0,1274.0,386308745.0,172948268.0,1838.0,10976.0,715965.0,566394.0
58.9,sysbench,none,9,0.44802082704722085,10.0,1.3841458090046333e-06,483.0,1016.0,172521637.0,385075038.0,16384.0,0.44802082704722085,0.47539370078740156,1.3841458090046333e-06,0.7539509722474623,0.1519512870190977,0.012428931176821827,483.0,1016.0,385075038.0,172521637.0,2745.0,18065.0,1232608.0,929326.0
59.0,sysbench,none,9,0.44773114644678264,10.2,1.286681117958493e-06,532.0,1027.0,172246965.0,384710705.0,16711.68,0.44773114644678264,0.5180136319376826,1.286681117958493e-06,0.7076716658709645,0.1365429234338747,0.012253263750555621,532.0,1027.0,384710705.0,172246965.0,2354.0,17240.0,1214860.0,859722.0
59.1,sysbench,none,9,0.44762616861209636,11.099999999999998,1.0445974946978727e-06,506.0,910.0,173120243.0,386751837.0,18186.239999999998,0.44762616861209636,0.5560439560439561,1.0445974946978727e-06,0.7009694872428661,0.19493422893926673,0.011703829835713057,506.0,910.0,386751837.0,173120243.0,2786.0,14292.0,983097.0,689121.0
59.2,sysbench,none,9,0.44823431132988373,10.8,1.4919669127040774e-06,577.0,1154.0,173349151.0,386737799.0,17694.72,0.44823431132988373,0.5,1.4919669127040774e-06,0.7456971136954536,0.19876041889292584,0.012348701777809008,577.0,1154.0,386737799.0,173349151.0,2790.0,14037.0,910784.0,679169.0
59.3,sysbench,none,9,0.4474726009597496,9.399999999999999,1.0503616838964918e-06,535.0,941.0,172963160.0,386533521.0,15400.96,0.4474726009597496,0.5685441020191286,1.0503616838964918e-06,0.7259067284960478,0.1812530672337641,0.01168052537859605,535.0,941.0,386533521.0,172963160.0,2216.0,12226.0,856982.0,622089.0
59.4,sysbench,none,9,0.4476662329326527,9.9,1.3630731477841088e-06,628.0,1155.0,173079563.0,386626353.0,16220.16,0.4476662329326527,0.5437229437229437,1.3630731477841088e-06,0.8069380357135254,0.19759917471630872,0.012143904415720084,628.0,1155.0,386626353.0,173079563.0,2107.0,10663.0,704551.0,568529.0
59.5,sysbench,none,9,0.44736097019894333,11.299999999999999,1.0861362274726133e-06,512.0,932.0,172990830.0,386691825.0,18513.92,0.44736097019894333,0.5493562231759657,1.0861362274726133e-06,0.6936976817371237,0.22078394298596465,0.011239903493129132,512.0,932.0,386691825.0,172990830.0,3036.0,13751.0,953300.0,661302.0
59.6,sysbench,none,9,0.44757207032150026,10.9,1.1071550323375408e-06,576.0,1004.0,173020797.0,386576394.0,17858.56,0.44757207032150026,0.5737051792828686,1.1071550323375408e-06,0.738320145079414,0.19140203067617195,0.01161649130030425,576.0,1004.0,386576394.0,173020797.0,2658.0,13887.0,966643.0,713692.0
59.7,sysbench,none,9,0.447275774070725,11.099999999999998,1.45911694790775e-06,518.0,1082.0,172887812.0,386535158.0,18186.239999999998,0.447275774070725,0.4787430683918669,1.45911694790775e-06,0.7843538789614559,0.1761154469150346,0.012632406016141033,518.0,1082.0,386535158.0,172887812.0,2392.0,13582.0,885817.0,694794.0
59.9,sysbench,none,9,0.44747457580225464,12.1,1.7126682714066083e-06,523.0,1184.0,172701684.0,385947478.0,19824.64,0.44747457580225464,0.44172297297297297,1.7126682714066083e-06,0.6912497781582436,0.17793010233635836,0.011111662090636711,523.0,1184.0,385947478.0,172701684.0,1843.0,10358.0,766312.0,529713.0
60.0,sysbench,none,9,0.4474676353509657,13.700000000000001,2.222269360908675e-06,892.0,1514.5,125344212.5,280119058.0,22446.08,0.4474676353509657,0.5889732585011554,2.222269360908675e-06,0.8395626568367796,0.20124595370426923,0.009676480152598047,892.0,1514.5,280119058.0,125344212.5,3295.0,16373.0,1351524.5,1134689.5
