time_step,victim,attacker,run_id,IPC,Total_MB_per_sec,cache_dominance_score,LLC-load-misses,LLC-loads,instructions,cycles,cas_count_total,victim_IPC,victim_miss_rate,victim_cache_dominance,attacker_IPC,attacker_miss_rate,attacker_cache_dominance,victim_LLC-load-misses,victim_LLC-loads,victim_cycles,victim_instructions,attacker_LLC-load-misses,attacker_LLC-loads,attacker_cycles,attacker_instructions
0.1,x264,mcf-attacker,10,1.9448545633502503,12946.599999999999,0.0010131062856092278,536104.0,886129.0,671941067.0,345496820.0,21211709.439999998,1.9448545633502503,0.6049954352018724,0.0010131062856092278,0.2220179429735081,0.8653779759298137,0.0035112912420626067,536104.0,886129.0,345496820.0,671941067.0,8349197.0,9648035.0,369903238.0,82125156.0
0.2,x264,mcf-attacker,10,2.014377701497725,12731.7,0.0011364991763505102,500501.0,902570.0,712643568.0,353778523.0,20859617.28,2.014377701497725,0.5545287346133818,0.0011364991763505102,0.22230302767435095,0.863786607162715,0.0035567781800999168,500501.0,902570.0,353778523.0,712643568.0,8505483.0,9846741.0,377099142.0,83830281.0
0.3,x264,mcf-attacker,10,1.947522043254772,12603.199999999999,0.0009885267334494297,502999.0,855211.0,693901956.0,356299924.0,20649082.88,1.947522043254772,0.5881577762680789,0.0009885267334494297,0.22173037795539863,0.8629599738186255,0.003568419060715642,502999.0,855211.0,356299924.0,693901956.0,8474890.0,9820722.0,377150771.0,83625783.0
0.4,x264,mcf-attacker,10,1.9362430422529269,12579.9,0.0009935554038909482,542373.0,897072.0,691238222.0,356999719.0,20610908.16,1.9362430422529269,0.6046036438546739,0.0009935554038909482,0.22178696494792285,0.8620116177727126,0.0035936746325598064,542373.0,897072.0,356999719.0,691238222.0,8468328.0,9823914.0,377214450.0,83661248.0
0.5,x264,mcf-attacker,10,1.9437850883772427,12702.4,0.0010235341707075423,524817.0,889768.0,693075358.0,356559664.0,20811612.16,1.9437850883772427,0.5898357774161355,0.0010235341707075423,0.22111317976315847,0.8639280777204484,0.0035340408862214257,524817.0,889768.0,356559664.0,693075358.0,8464401.0,9797576.0,377238137.0,83412324.0
0.6,x264,mcf-attacker,10,1.92643218191298,12714.099999999999,0.001005386611641564,538257.0,897361.0,688083066.0,357180010.0,20830781.439999998,1.92643218191298,0.5998221451567429,0.001005386611641564,0.2212567351677771,0.8628407838801441,0.003559150259330726,538257.0,897361.0,357180010.0,688083066.0,8450220.0,9793487.0,377412276.0,83505008.0
0.7,x264,mcf-attacker,10,1.9999127640025125,12655.1,0.001077030450354538,500928.0,884363.0,711991523.0,356011290.0,20734115.84,1.9999127640025125,0.566428039164913,0.001077030450354538,0.22115766748666638,0.8640594131080945,0.0035301519809742645,500928.0,884363.0,356011290.0,711991523.0,8462540.0,9793933.0,377148918.0,83409375.0
0.8,x264,mcf-attacker,10,1.9577221431898475,12728.899999999998,0.001050062219199402,512978.0,887986.0,699159966.0,357129314.0,20855029.759999998,1.9577221431898475,0.5776870356064172,0.001050062219199402,0.22144615690419014,0.8628056673461965,0.0035670277572379065,512978.0,887986.0,357129314.0,699159966.0,8461769.0,9807271.0,377205363.0,83530678.0
0.9,x264,mcf-attacker,10,2.2460917632115645,12453.800000000001,0.0014420182765478638,465633.0,980310.0,801662357.0,356914339.0,20404305.92,2.2460917632115645,0.4749854637818649,0.0014420182765478638,0.22168085078860722,0.8648763616031598,0.0035187582211747576,465633.0,980310.0,356914339.0,801662357.0,8496695.0,9824173.0,377257520.0,83630768.0
1.0,x264,mcf-attacker,10,1.9303700990536015,12177.5,0.0007076033809587437,501901.0,753783.0,687144090.0,355964947.0,19951616.0,1.9303700990536015,0.6658428221384669,0.0007076033809587437,0.22093270344612925,0.8665562202522301,0.003465635786501168,501901.0,753783.0,355964947.0,687144090.0,8482510.0,9788759.0,376914679.0,83272779.0
1.1,x264,mcf-attacker,10,1.9569564275114693,12768.999999999998,0.0009680293708424177,530688.0,876139.0,698359549.0,356860040.0,20920729.599999998,1.9569564275114693,0.6057121073254358,0.0009680293708424177,0.22175369227713712,0.8618865211053587,0.003598734471314403,530688.0,876139.0,356860040.0,698359549.0,8471786.0,9829352.0,377234278.0,83653094.0
1.3,x264,mcf-attacker,10,1.944809630710503,12673.7,0.0010665107112154992,507348.0,886434.0,691273042.0,355445094.0,20764590.080000002,1.944809630710503,0.5723471798238786,0.0010665107112154992,0.22123629803862316,0.8629766077417755,0.003556950132358447,507348.0,886434.0,355445094.0,691273042.0,8453403.0,9795634.0,377354461.0,83484504.0
1.4,x264,mcf-attacker,10,1.918969696945225,12725.4,0.0009687760404407578,531889.0,877377.0,684349091.0,356623188.0,20849295.36,1.918969696945225,0.6062262858497545,0.0009687760404407578,0.22137488331620378,0.862950115765875,0.0035635638081307217,531889.0,877377.0,356623188.0,684349091.0,8460224.0,9803839.0,377042498.0,83467739.0
1.5,x264,mcf-attacker,10,1.9306638144568151,12733.3,0.0009826476011360753,536380.0,886672.0,688238681.0,356477744.0,20862238.72,1.9306638144568151,0.6049362109100096,0.0009826476011360753,0.22121472316919394,0.8630066445453848,0.0035613886025307015,536380.0,886672.0,356477744.0,688238681.0,8459992.0,9802928.0,377082130.0,83416119.0
1.6,x264,mcf-attacker,10,1.930978411337572,12594.099999999999,0.0010276543015113981,541681.0,908140.0,688582159.0,356597544.0,20634173.439999998,1.930978411337572,0.5964730107692646,0.0010276543015113981,0.22129657248981532,0.8636352325586613,0.0035455278386207598,541681.0,908140.0,356597544.0,688582159.0,8468472.0,9805612.0,377134255.0,83458518.0
1.7,x264,mcf-attacker,10,2.006270588561137,6651.0,0.001136265396777729,496857.0,902557.0,716332628.0,357046867.0,10896998.4,2.006270588561137,0.5504993036450884,0.001136265396777729,0.44981730755745075,0.8598032459294728,0.003144812388655546,496857.0,902557.0,357046867.0,716332628.0,7211273.0,8387120.0,373900524.0,168186927.0
1.8,x264,mcf-attacker,10,1.974799920762729,3622.7999999999997,0.0010386932407941355,497089.0,866779.0,702867559.0,355918365.0,5935595.52,1.974799920762729,0.5734898976555731,0.0010386932407941355,1.0139172308487039,0.5808878157503715,2.3973528401253968e-05,497089.0,866779.0,355918365.0,702867559.0,12510.0,21536.0,376498605.0,381738423.0
1.9,x264,mcf-attacker,10,1.9565693217284477,10936.7,0.0011560205412416685,505983.0,918333.0,697904000.0,356697814.0,17918689.28,1.9565693217284477,0.5509798733139286,0.0011560205412416685,0.7399903434531782,0.8616176788591704,0.0012616312075681127,505983.0,918333.0,356697814.0,697904000.0,2964468.0,3440584.0,377381280.0,279258503.0
2.0,x264,mcf-attacker,10,1.9444038078391495,12709.8,0.001090685391105841,532109.0,919462.0,690548030.0,355146409.0,20823736.32,1.9444038078391495,0.5787177719144456,0.001090685391105841,0.22124008151714045,0.8640274144905165,0.0035321691365190586,532109.0,919462.0,355146409.0,690548030.0,8462993.0,9794820.0,377056406.0,83419990.0
2.1,x264,mcf-attacker,10,1.9854189928306376,12691.199999999999,0.0011249321454562032,509264.0,910016.0,707296556.0,356245487.0,20793262.08,1.9854189928306376,0.5596209297418947,0.0011249321454562032,0.22109997425468725,0.8644662931388205,0.0035193304235216654,509264.0,910016.0,356245487.0,707296556.0,8465198.0,9792398.0,377117190.0,83380601.0
2.2,x264,mcf-attacker,10,1.9753638227718209,12673.199999999999,0.0010878874954378338,491652.0,877156.0,699990264.0,354360172.0,20763770.88,1.9753638227718209,0.5605069109713665,0.0010878874954378338,0.22141725504324275,0.8637121803660031,0.0035452260358327108,491652.0,877156.0,354360172.0,699990264.0,8474173.0,9811339.0,377173694.0,83512764.0
2.3,x264,mcf-attacker,10,1.9386117544021546,12554.2,0.0010537024771251563,522655.0,897416.0,689488822.0,355661117.0,20568801.28,1.9386117544021546,0.582399912638063,0.0010537024771251563,0.22104174149545136,0.8635444115493826,0.003543423416594639,522655.0,897416.0,355661117.0,689488822.0,8458522.0,9795121.0,377205556.0,83378173.0
2.4,x264,mcf-attacker,10,1.9346224879355955,12690.3,0.0010188766409099002,541197.0,904489.0,689811548.0,356561320.0,20791787.52,1.9346224879355955,0.5983455851867739,0.0010188766409099002,0.22095708590164792,0.8632607287178155,0.0035499476202398954,541197.0,904489.0,356561320.0,689811548.0,8452759.0,9791664.0,377161903.0,83336595.0
2.5,x264,mcf-attacker,10,1.9271700155991223,12786.599999999999,0.0010410827359156412,537031.0,908308.0,687278616.0,356625835.0,20949565.439999998,1.9271700155991223,0.5912432787116264,0.0010410827359156412,0.22094637085612154,0.8636971983035967,0.00353726290786675,537031.0,908308.0,356625835.0,687278616.0,8456518.0,9791068.0,377283237.0,83359362.0
2.7,x264,mcf-attacker,10,1.9266583960392165,12751.5,0.0009896462626166277,507533.0,859380.0,684981091.0,355528044.0,20892057.6,1.9266583960392165,0.5905804184412018,0.0009896462626166277,0.22202293432751874,0.8632177278753451,0.003568518750193818,507533.0,859380.0,355528044.0,684981091.0,8493756.0,9839645.0,377156208.0,83737328.0
2.8,x264,mcf-attacker,10,1.928011223238079,12753.0,0.001022837660235043,534321.0,898944.0,687300892.0,356481790.0,20894515.2,1.928011223238079,0.5943874145664246,0.001022837660235043,0.22128931412426536,0.8637349027626219,0.0035412923098495797,534321.0,898944.0,356481790.0,687300892.0,8463791.0,9799061.0,377057267.0,83438744.0
2.9,x264,mcf-attacker,10,1.9301711351279163,12687.0,0.0010041210176819722,564440.0,931955.0,706455529.0,366006680.0,20786380.8,1.9301711351279163,0.6056515604294199,0.0010041210176819722,0.22151838648404065,0.8622899390096725,0.0035847133333247083,564440.0,931955.0,366006680.0,706455529.0,8466768.0,9818934.0,377203384.0,83557485.0
3.0,x264,mcf-attacker,10,2.0230582363052427,12571.0,0.001204286286812469,496136.0,922480.0,716207392.0,354022133.0,20596326.4,2.0230582363052427,0.537828462405689,0.001204286286812469,0.22185237793644388,0.8640013442634756,0.003545351481372654,496136.0,922480.0,354022133.0,716207392.0,8494348.0,9831406.0,377129886.0,83667162.0
3.1,x264,mcf-attacker,10,1.9436427997799575,12719.099999999999,0.0010005639100524378,497086.0,852263.0,689948150.0,354976825.0,20838973.439999998,1.9436427997799575,0.5832542302082808,0.0010005639100524378,0.22227568295812417,0.86304646462186,0.003578193391842198,497086.0,852263.0,354976825.0,689948150.0,8503394.0,9852765.0,377109578.0,83822289.0
3.4,x264,mcf-attacker,10,1.9188706557361468,12734.9,0.0010444926325178688,562177.0,933830.0,682775554.0,355821562.0,20864860.16,1.9188706557361468,0.602012143537903,0.0010444926325178688,0.22133162165049458,0.8634956582387419,0.003549531811098818,562177.0,933830.0,355821562.0,682775554.0,8468371.0,9807080.0,377150867.0,83475413.0
3.5,x264,mcf-attacker,10,1.9768115041348189,12669.9,0.0010778036189717244,510552.0,893967.0,703225680.0,355737347.0,20758364.16,1.9768115041348189,0.5711083295020957,0.0010778036189717244,0.2213248393958776,0.8630042650098203,0.003562377740726261,510552.0,893967.0,355737347.0,703225680.0,8468956.0,9813342.0,377384460.0,83524555.0
3.6,x264,mcf-attacker,10,1.9738259115287797,12610.4,0.001079349262781574,489940.0,872626.0,699824949.0,354552519.0,20660879.36,1.9738259115287797,0.561454735476596,0.001079349262781574,0.2223438731073173,0.8639198298364159,0.0035544298540783007,489940.0,872626.0,354552519.0,699824949.0,8503359.0,9842764.0,376826961.0,83785166.0
3.7,x264,mcf-attacker,10,1.9345514396257293,12713.5,0.0010167875089469914,529022.0,889610.0,686058816.0,354634569.0,20829798.4,1.9345514396257293,0.5946673261316757,0.0010167875089469914,0.22235406253974455,0.8625703975530327,0.0035907338102349855,529022.0,889610.0,354634569.0,686058816.0,8499340.0,9853503.0,377127092.0,83855741.0
3.8,x264,mcf-attacker,10,1.9433908302410048,12823.600000000002,0.001024245908677197,531407.0,894409.0,688755261.0,354409031.0,21010186.240000002,1.9433908302410048,0.5941431716362425,0.001024245908677197,0.2220239878041585,0.8639771570452125,0.0035463086144009114,531407.0,894409.0,354409031.0,688755261.0,8494626.0,9832003.0,377118053.0,83729254.0
3.9,x264,mcf-attacker,10,1.9441690164621033,12742.8,0.0010540922300184563,537869.0,912126.0,690280075.0,355051474.0,20877803.52,1.9441690164621033,0.5896871704128597,0.0010540922300184563,0.22228693224961862,0.8629892703718872,0.00357834425390172,537869.0,912126.0,355051474.0,690280075.0,8500377.0,9849922.0,377142305.0,83833806.0
4.0,x264,mcf-attacker,10,2.3487735138893067,11954.499999999998,0.001373700486764898,335029.0,822876.0,834128053.0,355133455.0,19586252.799999997,2.3487735138893067,0.40714396822850585,0.001373700486764898,0.22191789960968714,0.8665899736609366,0.0034784553043311303,335029.0,822876.0,355133455.0,834128053.0,8519797.0,9831405.0,377066222.0,83677744.0
4.1,x264,mcf-attacker,10,1.8913823294776428,12773.7,0.000799984279034967,570083.0,854233.0,671808563.0,355194480.0,20928430.080000002,1.8913823294776428,0.6673624175137228,0.000799984279034967,0.22156720575412847,0.862799125723084,0.0035687922069496387,570083.0,854233.0,355194480.0,671808563.0,8462622.0,9808334.0,377077712.0,83548055.0
4.2,x264,mcf-attacker,10,1.9095838366776736,12722.7,0.0009592114915421384,558245.0,898629.0,677631357.0,354858134.0,20844871.68,1.9095838366776736,0.6212185451393177,0.0009592114915421384,0.221380256348537,0.8629491684244736,0.0035645435496605513,558245.0,898629.0,354858134.0,677631357.0,8465162.0,9809572.0,377161895.0,83496197.0
4.3,x264,mcf-attacker,10,1.9191145826892595,12669.6,0.0009962490875683532,544018.0,897283.0,680508541.0,354595055.0,20757872.64,1.9191145826892595,0.6062947810222639,0.0009962490875683532,0.22214901148453706,0.8633697691450536,0.0035667595747494794,544018.0,897283.0,354595055.0,680508541.0,8499625.0,9844710.0,377116812.0,83776127.0
4.4,x264,mcf-attacker,10,2.01065841178252,12797.5,0.0011614612403117175,500675.0,912391.0,712740305.0,354481050.0,20967424.0,2.01065841178252,0.5487504808793598,0.0011614612403117175,0.22241008200743223,0.8629429790853248,0.003582637356428205,500675.0,912391.0,354481050.0,712740305.0,8506526.0,9857576.0,377110454.0,83873167.0
4.5,x264,mcf-attacker,10,1.9352980328182972,12782.5,0.0009900014647054793,509289.0,859455.0,684519766.0,353702507.0,20942848.0,1.9352980328182972,0.5925720369303803,0.0009900014647054793,0.22219285120533325,0.8622359174606297,0.003595536457181761,509289.0,859455.0,353702507.0,684519766.0,8486288.0,9842188.0,377106453.0,83790358.0
4.6,x264,mcf-attacker,10,1.9301442196585996,12734.3,0.0010248584619929318,530405.0,893463.0,683757149.0,354251844.0,20863877.119999997,1.9301442196585996,0.5936507723319264,0.0010248584619929318,0.2221502529911149,0.8629644386101823,0.00357700163275315,530405.0,893463.0,354251844.0,683757149.0,8494820.0,9843766.0,377116406.0,83776505.0
4.7,x264,mcf-attacker,10,1.9258347612103437,12713.099999999999,0.0010204564665359957,539386.0,901525.0,683439125.0,354879421.0,20829143.04,1.9258347612103437,0.5983039849144505,0.0010204564665359957,0.22217997600020592,0.8637387530327603,0.0035583917287299277,539386.0,901525.0,354879421.0,683439125.0,8505993.0,9847877.0,377104069.0,83784973.0
4.8,x264,mcf-attacker,10,1.9429123903587742,12650.4,0.0010444323046483164,540217.0,910925.0,689612111.0,354937317.0,20726415.36,1.9429123903587742,0.5930422372862749,0.0010444323046483164,0.22219662106600152,0.863485872821935,0.0035645781207475904,540217.0,910925.0,354937317.0,689612111.0,8502634.0,9846871.0,377109704.0,83792502.0
4.9,x264,mcf-attacker,10,1.9824207579430326,12730.7,0.0011257292584344008,487122.0,886901.0,704014915.0,355128906.0,20857978.880000003,1.9824207579430326,0.5492405578525675,0.0011257292584344008,0.22254519180287569,0.8630161571336431,0.0035825329400483077,487122.0,886901.0,355128906.0,704014915.0,8511351.0,9862331.0,377101906.0,83922216.0
5.0,x264,mcf-attacker,10,1.9361231399478998,12657.8,0.0009598233359714155,511527.0,851486.0,685753786.0,354189138.0,20738539.52,1.9361231399478998,0.6007462248351705,0.0009598233359714155,0.22236322428583288,0.8624184271006157,0.0035962115845681064,511527.0,851486.0,354189138.0,685753786.0,8500974.0,9857134.0,377107956.0,83854941.0
5.1,x264,mcf-attacker,10,1.9347590248811528,12749.6,0.0010397774716653992,546797.0,915510.0,686080266.0,354607606.0,20888944.64,1.9347590248811528,0.5972594510163733,0.0010397774716653992,0.2220844373574296,0.863367626860378,0.003568209945041016,546797.0,915510.0,354607606.0,686080266.0,8502965.0,9848603.0,377118505.0,83752151.0
5.2,x264,mcf-attacker,10,1.9221038471446839,12799.0,0.001041473595904786,555221.0,923160.0,679054150.0,353286921.0,20969881.6,1.9221038471446839,0.6014352874907924,0.001041473595904786,0.22173342577770158,0.8634922117942521,0.0035567100906991472,555221.0,923160.0,353286921.0,679054150.0,8484241.0,9825498.0,377106080.0,83617023.0
5.5,x264,mcf-attacker,10,1.950180426692866,12666.2,0.0010206211233309201,501277.0,862860.0,690904855.0,354277402.0,20752302.080000002,1.950180426692866,0.5809482418932388,0.0010206211233309201,0.22233879927483183,0.8628131771809793,0.0035858156660270035,501277.0,862860.0,354277402.0,690904855.0,8504784.0,9857040.0,377112525.0,83846746.0
5.6,x264,mcf-attacker,10,1.933810826685455,12685.900000000001,0.001047108072426119,541633.0,911514.0,683100342.0,353240520.0,20784578.560000002,1.933810826685455,0.5942124860397098,0.001047108072426119,0.2222428664373187,0.8629806918373198,0.003577427657582096,541633.0,911514.0,353240520.0,683100342.0,8496945.0,9846043.0,377113985.0,83810893.0
5.7,x264,mcf-attacker,10,1.9175591181498504,10379.9,0.0010428418084005553,548288.0,917562.0,679014516.0,354103563.0,17006428.16,1.9175591181498504,0.5975487215032881,0.0010428418084005553,0.2221187450394023,0.8635893288113836,0.003557322582388929,548288.0,917562.0,354103563.0,679014516.0,8492629.0,9834106.0,377102995.0,83761644.0
5.8,x264,mcf-attacker,10,2.009929448783358,3784.0999999999995,0.0011303712540015134,517404.0,915623.0,708078954.0,352290452.0,6199869.4399999995,2.009929448783358,0.5650841012075931,0.0011303712540015134,1.0358118294271632,0.837686331292207,0.0005480699737032896,517404.0,915623.0,352290452.0,708078954.0,1053507.0,1257639.0,372456091.0,385794425.0
5.9,x264,mcf-attacker,10,2.003912460969664,7313.8,0.0011942385890500987,466554.0,891021.0,712248556.0,355428977.0,11982929.92,2.003912460969664,0.5236172884814163,0.0011942385890500987,0.9562684704952712,0.8618502834850981,0.000289980804430076,466554.0,891021.0,355428977.0,712248556.0,682220.0,791576.0,377114617.0,360622818.0
6.0,x264,mcf-attacker,10,1.940773476805539,12602.2,0.001080158202539,503470.0,885348.0,686139023.0,353538953.0,20647444.48,1.940773476805539,0.5686690431333216,0.001080158202539,0.22231269677420606,0.862382544254356,0.003596639675465215,503470.0,885348.0,353538953.0,686139023.0,8499137.0,9855414.0,377095601.0,83833140.0
6.1,x264,mcf-attacker,10,1.9258326221739726,12715.7,0.0010244145699369249,551469.0,913631.0,680840955.0,353530700.0,20833402.880000003,1.9258326221739726,0.603601453978685,0.0010244145699369249,0.22198712586565156,0.8636240906907101,0.0035572783772952897,551469.0,913631.0,353530700.0,680840955.0,8495351.0,9836862.0,377117239.0,83715172.0
6.2,x264,mcf-attacker,10,1.9788460387071474,12800.599999999999,0.001072422986405603,506187.0,885936.0,700716801.0,354103749.0,20972503.04,1.9788460387071474,0.5713584276968088,0.001072422986405603,0.22222670675338987,0.8631717041408699,0.0035720431035209483,506187.0,885936.0,354103749.0,700716801.0,8497537.0,9844550.0,377098753.0,83801414.0
6.3,x264,mcf-attacker,10,1.9613552105321934,12753.5,0.0011305975651650796,501080.0,903655.0,698385171.0,356072764.0,20895334.4,1.9613552105321934,0.5545036546026968,0.0011305975651650796,0.2210564162639169,0.8646172748218838,0.0035137578607078814,501080.0,903655.0,356072764.0,698385171.0,8465779.0,9791360.0,377254510.0,83394530.0
6.4,x264,mcf-attacker,10,1.9296662632066957,12700.1,0.0010278969789107384,540544.0,906656.0,687300371.0,356175772.0,20807843.84,1.9296662632066957,0.5961952493558748,0.0010278969789107384,0.22138141244905063,0.8631100022852883,0.003560489366392788,540544.0,906656.0,356175772.0,687300371.0,8467608.0,9810578.0,377186915.0,83502172.0
6.5,x264,mcf-attacker,10,1.939694848447897,12690.1,0.0010427580836114845,538864.0,909090.0,688678876.0,355044958.0,20791459.84,1.939694848447897,0.5927509927509927,0.0010427580836114845,0.22135968668607853,0.8632402224607326,0.0035558227540448168,538864.0,909090.0,355044958.0,688678876.0,8462722.0,9803438.0,377048040.0,83463236.0
6.6,x264,mcf-attacker,10,1.9463917720439974,12619.1,0.0011214127982175652,541401.0,940135.0,692066809.0,355563982.0,20675133.44,1.9463917720439974,0.5758758050705484,0.0011214127982175652,0.2210218666665875,0.8643267078411189,0.0035220157304320853,541401.0,940135.0,355563982.0,692066809.0,8463902.0,9792480.0,377220916.0,83374071.0
6.7,x264,mcf-attacker,10,1.973654198440105,12683.2,0.0011150944580149982,494304.0,891415.0,702864037.0,356123194.0,20780154.880000003,1.973654198440105,0.5545161344603804,0.0011150944580149982,0.22145448574653281,0.8641111202121325,0.0035359689206737144,494304.0,891415.0,356123194.0,702864037.0,8481897.0,9815748.0,377223621.0,83537863.0
6.8,x264,mcf-attacker,10,1.9323655243339601,12755.8,0.0010013929265965864,518007.0,875572.0,689985180.0,357067631.0,20899102.72,1.9323655243339601,0.5916212487379678,0.0010013929265965864,0.22120686635928674,0.863420898595497,0.003548951279543797,518007.0,875572.0,357067631.0,689985180.0,8464027.0,9802898.0,377258208.0,83452106.0
6.9,x264,mcf-attacker,10,2.0136018485953415,12570.699999999999,0.0011700546918831554,504505.0,921283.0,717252755.0,356203862.0,20595834.88,2.0136018485953415,0.5476113203000598,0.0011700546918831554,0.22172442530110487,0.8631695583004497,0.0035630598767263815,504505.0,921283.0,356203862.0,717252755.0,8478710.0,9822763.0,377218752.0,83638611.0
7.0,x264,mcf-attacker,10,2.215826686356246,12248.099999999999,0.0011964574195960013,432324.0,858562.0,789388339.0,356250037.0,20067287.04,2.215826686356246,0.5035442984898004,0.0011964574195960013,0.22167767088602067,0.8673570076919587,0.003454805965462253,432324.0,858562.0,356250037.0,789388339.0,8524546.0,9828186.0,377341018.0,83648078.0
7.1,x264,mcf-attacker,10,1.8993321833644616,12633.0,0.0008771879033375782,532500.0,845035.0,676716792.0,356291963.0,20697907.2,1.8993321833644616,0.6301514138467638,0.0008771879033375782,0.2214106545861812,0.8632225158073326,0.003556756274440264,532500.0,845035.0,356291963.0,676716792.0,8461800.0,9802571.0,376964542.0,83463966.0
7.2,x264,mcf-attacker,10,1.9134575407013523,12742.4,0.000942449310473325,541164.0,875488.0,678778977.0,354739503.0,20877148.16,1.9134575407013523,0.6181284038159289,0.000942449310473325,0.22181282107941205,0.8616305549100151,0.0036045697261753175,541164.0,875488.0,354739503.0,678778977.0,8464494.0,9823809.0,377108810.0,83647569.0
7.3,x264,mcf-attacker,10,1.9063766797802992,12785.2,0.0010103987939626775,548165.0,905941.0,675036260.0,354093851.0,20947271.68,1.9063766797802992,0.6050780348830663,0.0010103987939626775,0.2214775765685239,0.8633570395266846,0.0035558989771298354,548165.0,905941.0,354093851.0,675036260.0,8471678.0,9812485.0,377065549.0,83511564.0
7.6,x264,mcf-attacker,10,2.0013520948859145,12670.699999999999,0.0011495734750720736,494038.0,902522.0,711150985.0,355335269.0,20759674.88,2.0013520948859145,0.5473971825617547,0.0011495734750720736,0.22141645098217821,0.8632139077020967,0.0035564470930942484,494038.0,902522.0,355335269.0,711150985.0,8465487.0,9806940.0,377189078.0,83515867.0
7.8,x264,mcf-attacker,10,1.9296328216980272,12663.199999999999,0.001032753981320427,532749.0,899486.0,685223940.0,355105869.0,20747386.88,1.9296328216980272,0.592281591931392,0.001032753981320427,0.2214494669649872,0.8637403840214681,0.0035449839085608436,532749.0,899486.0,355105869.0,685223940.0,8474169.0,9811014.0,377108905.0,83510566.0
7.9,x264,mcf-attacker,10,1.9207090249729872,12647.6,0.0010359862570914183,534488.0,902267.0,681858895.0,355003744.0,20721827.84,1.9207090249729872,0.5923834075722596,0.0010359862570914183,0.22222824800613786,0.8633269491409378,0.0035683249555045443,534488.0,902267.0,355003744.0,681858895.0,8498682.0,9844106.0,377046378.0,83790356.0
8.0,x264,mcf-attacker,10,1.9542032526032422,12668.900000000001,0.0010236641031332715,525523.0,888230.0,692417754.0,354322281.0,20756725.76,1.9542032526032422,0.5916519369983,0.0010236641031332715,0.22214388140799787,0.8626691332573554,0.003584886890521637,525523.0,888230.0,354322281.0,692417754.0,8492190.0,9844087.0,377110085.0,83772698.0
8.1,x264,mcf-attacker,10,1.9120048340454772,12812.8,0.0009777049499673626,510094.0,856746.0,677914436.0,354556863.0,20992491.52,1.9120048340454772,0.5953853300744911,0.0009777049499673626,0.2222327920484486,0.8632589599311168,0.0035715193555607176,510094.0,856746.0,354556863.0,677914436.0,8502853.0,9849713.0,377111214.0,83806478.0
8.2,x264,mcf-attacker,10,2.0171556065992844,12722.5,0.0012046256813301555,480347.0,905965.0,712700840.0,353319713.0,20844544.0,2.0171556065992844,0.5302048092365599,0.0012046256813301555,0.22189319283086797,0.8639555382944891,0.0035483862405072436,480347.0,905965.0,353319713.0,712700840.0,8497763.0,9835880.0,377105791.0,83677208.0
8.3,x264,mcf-attacker,10,1.938701266532873,12788.800000000001,0.0009970231471191529,522215.0,875255.0,686482653.0,354094086.0,20953169.92,1.938701266532873,0.5966432639630737,0.0009970231471191529,0.22230007182433248,0.8634172675271604,0.0035678495452040456,522215.0,875255.0,354094086.0,686482653.0,8505533.0,9851011.0,377111754.0,83831970.0
8.4,x264,mcf-attacker,10,1.9256744318658563,12253.199999999999,0.0011082002059830218,531769.0,924441.0,682330166.0,354333087.0,20075642.88,1.9256744318658563,0.5752330327192325,0.0011082002059830218,0.22382956749021543,0.8577331370695406,0.003743705133224004,531769.0,924441.0,354333087.0,682330166.0,8511611.0,9923379.0,377104486.0,84407134.0
8.5,x264,mcf-attacker,10,1.9777228207364317,12195.5,0.0013289092761984951,457502.0,927295.0,699160096.0,353517737.0,19981107.2,1.9777228207364317,0.4933726591861274,0.0013289092761984951,0.22434684167844005,0.8549394205450436,0.00382436116166631,457502.0,927295.0,353517737.0,699160096.0,8499865.0,9942067.0,377109258.0,84603271.0
8.6,x264,mcf-attacker,10,1.5656198057119115,12125.0,0.0010743357606804438,409802.0,787834.0,550902621.0,351875097.0,19865600.0,1.5656198057119115,0.520162876951236,0.0010743357606804438,0.22379031644072483,0.8584127532286816,0.0037238729616640384,409802.0,787834.0,351875097.0,550902621.0,8451374.0,9845350.0,374335004.0,83772549.0
8.7,x264,mcf-attacker,10,0.9982373975240904,13734.6,0.000593142296150831,282768.0,493169.0,354097403.0,354722638.0,22502768.64,0.9982373975240904,0.5733693723652541,0.000593142296150831,0.21982686628394899,0.873394313168886,0.0032689367362135806,282768.0,493169.0,354722638.0,354097403.0,8485707.0,9715780.0,376291467.0,82718974.0
8.8,x264,mcf-attacker,10,2.579314325526748,12428.400000000001,0.0019388744474387988,290214.0,979497.0,916963715.0,355506774.0,20362690.560000002,2.579314325526748,0.2962888094603659,0.0019388744474387988,0.22399872227380277,0.8657392146245464,0.0035359574841232412,290214.0,979497.0,355506774.0,916963715.0,8598534.0,9932014.0,377119919.0,84474380.0
8.9,x264,mcf-attacker,10,1.7622859613992632,11964.2,0.001056192870647662,307254.0,681916.0,625133535.0,354728772.0,19602145.28,1.7622859613992632,0.4505745575701406,0.001056192870647662,0.22190969138519967,0.86766552386609,0.0034504383083519144,307254.0,681916.0,354728772.0,625133535.0,8531382.0,9832570.0,377108032.0,83683927.0
9.0,x264,mcf-attacker,10,1.9961211883429746,12613.400000000001,0.0012237688095246507,470191.0,904214.0,707946223.0,354660943.0,20665794.560000002,1.9961211883429746,0.5199996903387915,0.0012237688095246507,0.22186947072356925,0.8669119098976681,0.0034709801650286724,470191.0,904214.0,354660943.0,707946223.0,8525959.0,9834862.0,377098957.0,83666746.0
9.1,x264,mcf-attacker,10,1.9615994946304485,12686.399999999998,0.001099240748448362,472237.0,862454.0,696343791.0,354987750.0,20785397.759999998,1.9615994946304485,0.5475503621062688,0.001099240748448362,0.22238033903993928,0.8649471023455039,0.003526486819735094,472237.0,862454.0,354987750.0,696343791.0,8517327.0,9847223.0,377116396.0,83863272.0
9.2,x264,mcf-attacker,10,1.932466951443273,12619.3,0.0010236611337443545,515492.0,878171.0,684665226.0,354295956.0,20675461.119999997,1.932466951443273,0.587006403080949,0.0010236611337443545,0.2221796449862372,0.8637531533452107,0.0035590530275618174,515492.0,878171.0,354295956.0,684665226.0,8508530.0,9850650.0,377100310.0,83784013.0
9.3,x264,mcf-attacker,10,1.933569518320784,12676.900000000001,0.0010326976595120096,527094.0,892833.0,684790728.0,354158835.0,20769832.96,1.933569518320784,0.5903612433680206,0.0010326976595120096,0.22219176122401516,0.8636727694311829,0.0035561938169728084,527094.0,892833.0,354158835.0,684790728.0,8496247.0,9837345.0,377116116.0,83792094.0
9.4,x264,mcf-attacker,10,1.940260864860662,12691.300000000001,0.001044583784313441,529961.0,900434.0,688134618.0,354660876.0,20793425.92,1.940260864860662,0.5885617380063392,0.001044583784313441,0.22220263653617028,0.8634952297867389,0.0035620969307376413,529961.0,900434.0,354660876.0,688134618.0,8497445.0,9840755.0,377112141.0,83795312.0
9.5,x264,mcf-attacker,10,1.957331025874877,12735.4,0.001030434256630623,504212.0,859828.0,675499893.0,345112750.0,20865679.36,1.957331025874877,0.5864103053168773,0.001030434256630623,0.222308617626994,0.8635735085234488,0.0035606449017389357,504212.0,859828.0,345112750.0,675499893.0,8499515.0,9842260.0,377107248.0,83834191.0
9.7,x264,mcf-attacker,10,2.0171065152076983,12751.6,0.001220481773943698,492653.0,925030.0,714595238.0,354267478.0,20892221.44,2.0171065152076983,0.5325805649546501,0.001220481773943698,0.22231818973556736,0.864081220827224,0.003548588206779442,492653.0,925030.0,354267478.0,714595238.0,8507443.0,9845652.0,377110254.0,83838469.0
9.8,x264,mcf-attacker,10,1.96433065812267,4722.3,0.0010285321827038438,498925.0,860668.0,690870813.0,351708003.0,7737016.32,1.96433065812267,0.5796950740587543,0.0010285321827038438,0.8320521092955956,0.8547961577101212,0.001465436728967316,498925.0,860668.0,351708003.0,690870813.0,3212830.0,3758592.0,372422766.0,309875148.0
9.9,x264,mcf-attacker,10,1.9662739409492198,3815.4,0.0011642187087259315,511545.0,924822.0,697992387.0,354982270.0,6251151.36,1.9662739409492198,0.5531280613999234,0.0011642187087259315,1.0169330701769808,0.7016194474826236,2.242647096845998e-05,511545.0,924822.0,354982270.0,697992387.0,19886.0,28343.0,377099010.0,383484454.0
10.0,x264,mcf-attacker,10,1.9548086447141073,12623.699999999999,0.0012152189790060487,512372.0,943930.0,694206825.0,355127765.0,20682670.08,1.9548086447141073,0.5428071996864174,0.0012152189790060487,0.3621594139266764,0.8636307863701589,0.00292652742775315,512372.0,943930.0,355127765.0,694206825.0,6989294.0,8092919.0,377110766.0,136574214.0
10.1,x264,mcf-attacker,10,1.9815186035015981,12628.900000000001,0.0010911750336422472,503921.0,890213.0,701486710.0,354014698.0,20691189.76,1.9815186035015981,0.5660678961102568,0.0010911750336422472,0.22129781457170483,0.864424624353458,0.003526879847800041,503921.0,890213.0,354014698.0,701486710.0,8479735.0,9809687.0,377090249.0,83449248.0
10.2,x264,mcf-attacker,10,1.9775688568659218,12745.7,0.001124017877476697,491956.0,891642.0,703197522.0,355586871.0,20882554.880000003,1.9775688568659218,0.5517416182728045,0.001124017877476697,0.22168078943607125,0.8638194315618867,0.003550648524819172,491956.0,891642.0,355586871.0,703197522.0,8493432.0,9832416.0,377109700.0,83597976.0
10.3,x264,mcf-attacker,10,1.938741261510112,12702.0,0.0010014470481197152,521200.0,873980.0,682960865.0,352270248.0,20810956.8,1.938741261510112,0.5963523192750406,0.0010014470481197152,0.22112626697792348,0.8631825318232973,0.0035545832960150875,521200.0,873980.0,352270248.0,682960865.0,8456929.0,9797382.0,377105525.0,83387937.0
10.4,x264,mcf-attacker,10,1.9369282721639964,12686.100000000002,0.0010245422916277643,530715.0,893511.0,685876840.0,354105441.0,20784906.240000002,1.9369282721639964,0.5939658269456112,0.0010245422916277643,0.22126863866775076,0.8636034157613477,0.0035477604755700083,530715.0,893511.0,354105441.0,685876840.0,8470984.0,9808882.0,377110577.0,83442744.0
10.5,x264,mcf-attacker,10,1.9501584879471332,12686.800000000001,0.0010058766944359234,532063.0,888979.0,691976234.0,354830768.0,20786053.12,1.9501584879471332,0.5985102010283707,0.0010058766944359234,0.22152062240076073,0.8632784054950787,0.0035598723961115016,532063.0,888979.0,354830768.0,691976234.0,8476377.0,9818822.0,377104809.0,83536492.0
10.6,x264,mcf-attacker,10,1.980532979481388,12583.199999999999,0.0010418594176808836,513623.0,883069.0,702302033.0,354602544.0,20616314.88,1.980532979481388,0.5816340512462786,0.0010418594176808836,0.22145580521800765,0.8636592185678292,0.0035497663212385195,513623.0,883069.0,354602544.0,702302033.0,8487009.0,9826803.0,377431605.0,83584420.0
10.7,x264,mcf-attacker,10,1.975144315424867,12649.6,0.0011232632535019295,500674.0,899003.0,700421079.0,354617672.0,20725104.64,1.975144315424867,0.5569213895837944,0.0011232632535019295,0.22153658409789412,0.8638674562119605,0.0035434030118708013,500674.0,899003.0,354617672.0,700421079.0,8474132.0,9809528.0,376868224.0,83490099.0
10.8,x264,mcf-attacker,10,1.9452472410957227,12632.9,0.0010130468414963408,522424.0,882151.0,690745902.0,355094143.0,20697743.36,1.9452472410957227,0.5922160718516445,0.0010130468414963408,0.22154356831131075,0.8631145460301654,0.003563281940554983,522424.0,882151.0,355094143.0,690745902.0,8473268.0,9817084.0,377128732.0,83550445.0
10.9,x264,mcf-attacker,10,1.9405952496416838,12751.0,0.0010171149099076936,547669.0,908771.0,688961315.0,355025766.0,20891238.4,1.9405952496416838,0.6026479718212839,0.0010171149099076936,0.22136867247845274,0.8637572502945643,0.003547295462591266,547669.0,908771.0,355025766.0,688961315.0,8481007.0,9818739.0,377113216.0,83481052.0
11.0,x264,mcf-attacker,10,1.940523144333839,12710.599999999999,0.0010594144352913052,536500.0,911468.0,686826664.0,353938919.0,20825047.04,1.940523144333839,0.5886109002181097,0.0010594144352913052,0.2214254871540044,0.8634058922704606,0.0035536314684698153,536500.0,911468.0,353938919.0,686826664.0,8470807.0,9810921.0,377111136.0,83502017.0
11.1,x264,mcf-attacker,10,2.003480539308283,12682.4,0.001132385023198465,499462.0,901168.0,710721298.0,354743300.0,20778844.16,2.003480539308283,0.5542384993697068,0.001132385023198465,0.2214460997606876,0.8640546588604898,0.0035381485079717077,499462.0,901168.0,354743300.0,710721298.0,8480369.0,9814621.0,377104578.0,83508338.0
11.2,x264,mcf-attacker,10,1.9665532378491033,12675.9,0.0010618944516568936,492013.0,869116.0,698368020.0,355122865.0,20768194.56,1.9665532378491033,0.5661074010833996,0.0010618944516568936,0.22160626391821212,0.8635096693501205,0.0035558973111842903,492013.0,869116.0,355122865.0,698368020.0,8483682.0,9824652.0,377111565.0,83570285.0
11.3,x264,mcf-attacker,10,1.9472985518751988,12607.8,0.0009945420892830269,522264.0,874863.0,690383574.0,354534015.0,20656619.52,1.9472985518751988,0.5969666107722009,0.0009945420892830269,0.22149326710742437,0.863029679046967,0.0035658113341192612,522264.0,874863.0,354534015.0,690383574.0,8472938.0,9817667.0,377117260.0,83528934.0
11.4,x264,mcf-attacker,10,1.941500274390861,12570.0,0.0010259731685037295,535528.0,899454.0,688675348.0,354712980.0,20594688.0,1.941500274390861,0.5953923157826859,0.0010259731685037295,0.2214213554964136,0.8635865077413472,0.00354973545719563,535528.0,899454.0,354712980.0,688675348.0,8474225.0,9812827.0,377099087.0,83497791.0
11.5,x264,mcf-attacker,10,1.9452274171283945,12684.400000000001,0.0010297979978370225,531388.0,895189.0,687198539.0,353274138.0,20782120.96,1.9452274171283945,0.5936042556376363,0.0010297979978370225,0.2211954273545192,0.8634013501950001,0.0035521128174239116,531388.0,895189.0,353274138.0,687198539.0,8467529.0,9807176.0,377140893.0,83421841.0
11.6,x264,mcf-attacker,10,1.982841723073631,12582.4,0.0010517870533638854,501979.0,874410.0,702111443.0,354093539.0,20615004.16,1.982841723073631,0.574077377889091,0.0010517870533638854,0.22153593122753706,0.8637644838544334,0.0035503941521066625,501979.0,874410.0,354093539.0,702111443.0,8488268.0,9827063.0,377083485.0,83537541.0
11.8,x264,mcf-attacker,10,1.9866945597686059,12558.099999999999,0.0011413718879320772,496998.0,902118.0,705159912.0,354941281.0,20575191.04,1.9866945597686059,0.550923493378915,0.0011413718879320772,0.22162576025016673,0.8640449570815014,0.003543191950582349,496998.0,902118.0,354941281.0,705159912.0,8492176.0,9828396.0,377123232.0,83580223.0
11.9,x264,mcf-attacker,10,2.2199608569706886,12250.599999999999,0.0013748381718327537,452775.0,940953.0,788264447.0,355080336.0,20071383.04,2.2199608569706886,0.4811876895020261,0.0013748381718327537,0.2220515681269805,0.8649035313798358,0.003529343471224532,452775.0,940953.0,355080336.0,788264447.0,8520502.0,9851390.0,377092230.0,83733921.0
12.0,x264,mcf-attacker,10,1.960111880932979,12633.0,0.0007502935491178702,481132.0,747418.0,695661522.0,354909089.0,20697907.2,1.960111880932979,0.6437254655360186,0.0007502935491178702,0.22149211781414552,0.8657800584089401,0.0034961677393299407,481132.0,747418.0,354909089.0,695661522.0,8505580.0,9824181.0,377156103.0,83537104.0
12.1,x264,mcf-attacker,10,1.9216223321937955,12648.199999999999,0.000905498574962264,552414.0,873447.0,681286751.0,354537278.0,20722810.88,1.9216223321937955,0.6324527990822568,0.000905498574962264,0.2217935859337438,0.8615027256534905,0.003610863006790035,552414.0,873447.0,354537278.0,681286751.0,8469149.0,9830670.0,377062491.0,83630042.0
12.2,x264,mcf-attacker,10,1.9951862904165005,12681.399999999998,0.0011767352610962416,502624.0,919915.0,707528116.0,354617571.0,20777205.759999998,1.9951862904165005,0.5463809156280743,0.0011767352610962416,0.22167414798880417,0.8631636794994645,0.003564726277898098,502624.0,919915.0,354617571.0,707528116.0,8480029.0,9824358.0,377119839.0,83597719.0
12.3,x264,mcf-attacker,10,1.926987658975493,12772.9,0.000954092994067777,498557.0,835918.0,681370147.0,353593415.0,20927119.36,1.926987658975493,0.5964185482308073,0.000954092994067777,0.2215336768976867,0.8632063671591549,0.0035615523807964724,498557.0,835918.0,353593415.0,681370147.0,8474639.0,9817628.0,377079671.0,83535846.0
12.4,x264,mcf-attacker,10,1.9232123587414285,12723.000000000002,0.000987509809611774,538726.0,889516.0,683176670.0,355226851.0,20845363.200000003,1.9232123587414285,0.6056394713529605,0.000987509809611774,0.22150545314928524,0.863020047339498,0.00356667683564596,538726.0,889516.0,355226851.0,683176670.0,8474604.0,9819707.0,377130607.0,83536486.0
12.5,x264,mcf-attacker,10,1.9268245627155947,12680.9,0.0010205378381867205,538326.0,900698.0,684175779.0,355079436.0,20776386.56,1.9268245627155947,0.5976764686942794,0.0010205378381867205,0.22162742980941263,0.8629995542677034,0.0035665102862692177,538326.0,900698.0,355079436.0,684175779.0,8472543.0,9817552.0,377121862.0,83580549.0
12.6,x264,mcf-attacker,10,1.9380930657978348,12691.199999999999,0.0010176858146045233,532665.0,892862.0,685963485.0,353937330.0,20793262.08,1.9380930657978348,0.596581554596343,0.0010176858146045233,0.2212241040978285,0.863540971042561,0.003548751036039747,532665.0,892862.0,353937330.0,685963485.0,8468609.0,9806841.0,377099432.0,83423484.0
12.7,x264,mcf-attacker,10,2.0174265521254657,12661.100000000002,0.0011526508149655574,489038.0,898116.0,715988579.0,354901931.0,20743946.240000002,2.0174265521254657,0.5445154078092362,0.0011526508149655574,0.22174446803061193,0.8637506689701624,0.003551145358751463,489038.0,898116.0,354901931.0,715988579.0,8489408.0,9828540.0,377098616.0,83619532.0
12.8,x264,mcf-attacker,10,1.9387904903982422,12569.300000000001,0.0009670512250979818,503909.0,847313.0,688472743.0,355104250.0,20593541.12,1.9387904903982422,0.59471411391068,0.0009670512250979818,0.22156774701761994,0.8635057039847738,0.003555864487108937,503909.0,847313.0,355104250.0,688472743.0,8483618.0,9824623.0,377124889.0,83558712.0
13.0,x264,mcf-attacker,10,1.9217569378105583,12692.3,0.0010446742152460647,547210.0,918080.0,682243311.0,355010198.0,20795064.32,1.9217569378105583,0.5960373823631927,0.0010446742152460647,0.22124368366545952,0.8637115974594356,0.0035455356880016694,547210.0,918080.0,355010198.0,682243311.0,8712030.0,10086735.0,387728434.0,85782467.0
13.1,x264,mcf-attacker,10,1.9559499150720165,12743.099999999999,0.0010222644183974503,523621.0,885656.0,692699770.0,354150055.0,20878295.04,1.9559499150720165,0.5912239063473854,0.0010222644183974503,0.22143453136161226,0.863663493784983,0.0035495318872199515,523621.0,885656.0,354150055.0,692699770.0,8479443.0,9817994.0,377106346.0,83504367.0
13.2,x264,mcf-attacker,10,2.0187574690742474,12602.6,0.0012042280048002551,492428.0,918679.0,714563510.0,353962039.0,20648099.84,2.0187574690742474,0.5360174772689916,0.0012042280048002551,0.22155349029478424,0.8639742023655979,0.003541935289952321,492428.0,918679.0,353962039.0,714563510.0,8483799.0,9819505.0,377111915.0,83550461.0
13.3,x264,mcf-attacker,10,1.9379242027476704,12732.0,0.0009935539392763458,498053.0,849390.0,685281844.0,353616433.0,20860108.8,1.9379242027476704,0.5863655093655447,0.0009935539392763458,0.22133366410947322,0.8631055415773711,0.0035621112301557774,498053.0,849390.0,353616433.0,685281844.0,8469577.0,9812910.0,377117084.0,83468706.0
13.4,x264,mcf-attacker,10,1.9235316442299923,12701.900000000001,0.0010509562457798013,534580.0,907641.0,682801631.0,354972913.0,20810792.96,1.9235316442299923,0.5889773599914504,0.0010509562457798013,0.2213205602678783,0.8638180759282185,0.0035431168073893063,534580.0,907641.0,354972913.0,682801631.0,8475104.0,9811214.0,377100184.0,83460024.0
13.5,x264,mcf-attacker,10,1.931021845702098,12665.4,0.0010503306661569236,549643.0,922337.0,685193986.0,354834922.0,20750991.36,1.931021845702098,0.5959242662931228,0.0010503306661569236,0.22146123993704023,0.8636200139762745,0.003550922165537115,549643.0,922337.0,354834922.0,685193986.0,8480315.0,9819498.0,377136681.0,83521157.0
13.6,x264,mcf-attacker,10,1.9831769095585117,12626.0,0.0011024117460832798,506454.0,897370.0,703235962.0,354600721.0,20686438.4,1.9831769095585117,0.5643758984588297,0.0011024117460832798,0.22155805902125575,0.8638737084522526,0.003545199000589266,506454.0,897370.0,354600721.0,703235962.0,8483575.0,9820388.0,377076999.0,83544448.0
13.9,x264,mcf-attacker,10,1.9724475368328998,3685.7999999999997,0.0010595815548064603,511895.0,887516.0,699231421.0,354499376.0,6038814.72,1.9724475368328998,0.5767727004358232,0.0010595815548064603,1.01515409417169,0.6223558325287457,2.2818597077595093e-05,511895.0,887516.0,354499376.0,699231421.0,14181.0,22786.0,377104691.0,382819371.0
14.0,x264,mcf-attacker,10,1.9596742106611835,8779.7,0.0012794195273522655,498161.0,952044.0,695208093.0,354756974.0,14384660.48,1.9596742106611835,0.5232541773279387,0.0012794195273522655,0.6080038730247552,0.8649735958586504,0.001815341801366255,498161.0,952044.0,354756974.0,695208093.0,4385449.0,5070038.0,377113004.0,229286167.0
14.1,x264,mcf-attacker,10,2.00053299014192,12577.5,0.0011907993965966164,480733.0,902677.0,708862378.0,354336760.0,20606976.0,2.00053299014192,0.5325636966489674,0.0011907993965966164,0.2219999952237811,0.8648525457596908,0.003527030911420963,480733.0,902677.0,354336760.0,708862378.0,8515576.0,9846275.0,377285891.0,83757466.0
14.2,x264,mcf-attacker,10,1.9682340638086608,12704.2,0.0010896700163418355,486634.0,873042.0,697955690.0,354610106.0,20814561.28,1.9682340638086608,0.5574004457975675,0.0010896700163418355,0.2220179237087033,0.8637382743942211,0.0035557634902557817,486634.0,873042.0,354610106.0,697955690.0,8496241.0,9836592.0,376951674.0,83690028.0
14.3,x264,mcf-attacker,10,1.9379020185520717,12735.3,0.0010721348736691181,524105.0,902819.0,684531996.0,353233543.0,20865515.52,1.9379020185520717,0.5805205694607668,0.0010721348736691181,0.22170653546761449,0.8641019026442458,0.003538658566490393,524105.0,902819.0,353233543.0,684531996.0,8484633.0,9819019.0,377088090.0,83602894.0
14.4,x264,mcf-attacker,10,1.9503883732893592,12694.400000000001,0.0010523860875138152,521233.0,892073.0,687278208.0,352380181.0,20798504.96,1.9503883732893592,0.58429411045957,0.0010523860875138152,0.221484864994046,0.8639957608486127,0.003539619981575007,521233.0,892073.0,352380181.0,687278208.0,8480267.0,9815172.0,377132293.0,83529095.0
14.5,x264,mcf-attacker,10,1.929866820778303,13279.7,0.0009901911459081914,545813.0,891315.0,673377912.0,348924550.0,21757460.48,1.929866820778303,0.6123682424283222,0.0009901911459081914,0.22108929854356768,0.867551846149339,0.0034420550894946503,545813.0,891315.0,348924550.0,673377912.0,8262058.0,9523417.0,366455204.0,81019324.0
14.6,x264,mcf-attacker,10,2.0147822746365303,12761.800000000001,0.001094831375282585,498230.0,886292.0,714137772.0,354449104.0,20908933.12,2.0147822746365303,0.5621510743637537,0.001094831375282585,0.22196928063817112,0.865199019026906,0.003513495342383,498230.0,886292.0,354449104.0,714137772.0,8503702.0,9828608.0,377090581.0,83702525.0
14.7,x264,mcf-attacker,10,1.9462924348406674,12698.600000000002,0.0010231764535977462,499505.0,862897.0,691246459.0,355160636.0,20805386.240000002,1.9462924348406674,0.578869783995077,0.0010231764535977462,0.22212120069777624,0.8630362814821051,0.0035719103194109063,499505.0,862897.0,355160636.0,691246459.0,8487715.0,9834714.0,377108852.0,83763871.0
14.8,x264,mcf-attacker,10,1.9249218539260202,12704.300000000001,0.0010157090636114194,540660.0,901029.0,682953602.0,354795495.0,20814725.12,1.9249218539260202,0.6000472792773596,0.0010157090636114194,0.22185908157484682,0.8643464381207999,0.003538134704066659,540660.0,901029.0,354795495.0,682953602.0,8501798.0,9836100.0,377120181.0,83667537.0
14.9,x264,mcf-attacker,10,2.321375656983212,12268.900000000001,0.0015109439247821149,425524.0,962398.0,824839502.0,355323577.0,20101365.76,2.321375656983212,0.44214971352808297,0.0015109439247821149,0.22289054664126626,0.8659106393435124,0.003513417394522127,425524.0,962398.0,355323577.0,824839502.0,8556018.0,9880948.0,377105778.0,84053313.0
15.0,x264,mcf-attacker,10,1.9285365706384057,12612.0,0.0007337212341672845,504125.0,764963.0,685595017.0,355500138.0,20663500.8,1.9285365706384057,0.6590188022165778,0.0007337212341672845,0.2220204152101708,0.865136084746793,0.003517928834126324,504125.0,764963.0,355500138.0,685595017.0,8510117.0,9836738.0,377102853.0,83724532.0
15.1,x264,mcf-attacker,10,1.9112883907301772,12786.199999999999,0.0009011087579883569,532484.0,851768.0,677214373.0,354323490.0,20948910.08,1.9112883907301772,0.625151449690526,0.0009011087579883569,0.22241865618612816,0.8610194233357984,0.0036328975354316716,532484.0,851768.0,354323490.0,677214373.0,8487697.0,9857730.0,377118536.0,83878198.0
15.2,x264,mcf-attacker,10,1.9195698275666324,12736.400000000001,0.0009976288906527804,540630.0,894668.0,681215900.0,354879458.0,20867317.76,1.9195698275666324,0.6042800234276849,0.0009976288906527804,0.2222598394381747,0.8624573920185962,0.0035941010417442558,540630.0,894668.0,354879458.0,681215900.0,8498725.0,9854081.0,377105703.0,83815453.0
15.3,x264,mcf-attacker,10,1.915698929841026,12630.3,0.0010109760894705434,543677.0,900911.0,676922826.0,353355538.0,20693483.52,1.915698929841026,0.6034747050485564,0.0010109760894705434,0.22161078460368336,0.8636616086603435,0.003550187794145555,543677.0,900911.0,353355538.0,676922826.0,8478148.0,9816516.0,376985128.0,83543970.0
15.4,x264,mcf-attacker,10,1.9489261260221875,12665.1,0.0010810644236775328,542008.0,925514.0,691378651.0,354748516.0,20750499.84,1.9489261260221875,0.5856291747072437,0.0010810644236775328,0.2222228506851674,0.8634235853079125,0.0035674022889081868,542008.0,925514.0,354748516.0,691378651.0,8504895.0,9850200.0,377110539.0,83802579.0
15.5,x264,mcf-attacker,10,1.9943422204468841,12667.3,0.0011696187792739575,484012.0,898547.0,706832574.0,354418899.0,20754104.32,1.9943422204468841,0.5386607489647175,0.0011696187792739575,0.22218029544332815,0.8635910382451958,0.003562232888982401,484012.0,898547.0,354418899.0,706832574.0,8504629.0,9847982.0,377109819.0,83786371.0
15.6,x264,mcf-attacker,10,1.9482439376116663,12799.2,0.0009700914729037188,501044.0,844579.0,689924610.0,354126399.0,20970209.28,1.9482439376116663,0.5932470497135259,0.0009700914729037188,0.22225899411465425,0.8628698239731002,0.003579177711062264,501044.0,844579.0,354126399.0,689924610.0,8493018.0,9842757.0,377108685.0,83815797.0
15.7,x264,mcf-attacker,10,1.908345610479556,12740.0,0.0010276051151629983,544066.0,908982.0,677678455.0,355113063.0,20873216.0,1.908345610479556,0.5985443056078118,0.0010276051151629983,0.22190696398360976,0.8639941058716034,0.0035464887872697025,544066.0,908982.0,355113063.0,677678455.0,8496099.0,9833515.0,377109891.0,83683311.0
15.8,x264,mcf-attacker,10,1.9296246192160318,12777.8,0.0010186723473725166,542622.0,903981.0,684505891.0,354735260.0,20935147.52,1.9296246192160318,0.6002581912672943,0.0010186723473725166,0.2219522667929503,0.8636028721076757,0.0035540366008245056,542622.0,903981.0,354735260.0,684505891.0,8485843.0,9826094.0,377106696.0,83699686.0
16.0,x264,mcf-attacker,10,1.9765576521938844,12583.3,0.0010755861125643109,509376.0,891238.0,701731130.0,355026897.0,20616478.72,1.9765576521938844,0.5715375690892893,0.0010755861125643109,0.22208590548115492,0.8636046165291728,0.0035592177520322997,509376.0,891238.0,355026897.0,701731130.0,8498347.0,9840553.0,377107020.0,83750154.0
16.1,x264,mcf-attacker,10,1.9766761472691132,12717.6,0.0010720689390027462,486795.0,866422.0,699954647.0,354106892.0,20836515.84,1.9766761472691132,0.5618451516697406,0.0010720689390027462,0.22197943597594869,0.8631442827644132,0.0035680021470296044,486795.0,866422.0,354106892.0,699954647.0,8486350.0,9831902.0,377116365.0,83712078.0
16.2,x264,mcf-attacker,10,1.9263208689983882,12780.1,0.0010642106380093469,536837.0,914204.0,683069593.0,354598034.0,20938915.84,1.9263208689983882,0.5872179513544022,0.0010642106380093469,0.2219091677194415,0.8632340311014403,0.003562878128171,536837.0,914204.0,354598034.0,683069593.0,8481062.0,9824754.0,377136672.0,83690085.0
16.3,x264,mcf-attacker,10,1.9261484201838721,12812.8,0.0010589675394676486,540561.0,915668.0,682279417.0,354219545.0,20992491.52,1.9261484201838721,0.5903460642940455,0.0010589675394676486,0.22166877285900577,0.8641590867496992,0.0035381820196536897,540561.0,915668.0,354219545.0,682279417.0,8489867.0,9824426.0,377187774.0,83610751.0
16.4,x264,mcf-attacker,10,1.95633395508887,12705.8,0.001040275583153099,532467.0,897527.0,686528921.0,350926241.0,20817182.72,1.95633395508887,0.593260147048501,0.001040275583153099,0.2205686874664604,0.8650806986114946,0.003494848741281588,532467.0,897527.0,350926241.0,686528921.0,8448725.0,9766401.0,377033771.0,83161844.0
16.5,x264,mcf-attacker,10,1.9977404245482637,12672.2,0.0012035693917901672,494670.0,923332.0,711513114.0,356158941.0,20762132.48,1.9977404245482637,0.5357444559486728,0.0012035693917901672,0.221589677728356,0.864036531417777,0.0035394917560557107,494670.0,923332.0,356158941.0,711513114.0,8483833.0,9818836.0,377173643.0,83577786.0
16.6,x264,mcf-attacker,10,1.929415728285743,12569.9,0.0010105861938978227,505085.0,864098.0,685429242.0,355252231.0,20594524.16,1.929415728285743,0.5845228203282498,0.0010105861938978227,0.22084757135224808,0.863621154229488,0.0035388205248854457,505085.0,864098.0,355252231.0,685429242.0,8452781.0,9787603.0,377194037.0,83302387.0
16.7,x264,mcf-attacker,10,1.9199261083078303,12703.899999999998,0.0010612000142531104,544289.0,922098.0,683533126.0,356020538.0,20814069.759999998,1.9199261083078303,0.5902724005474472,0.0010612000142531104,0.2208535150279995,0.864405124428068,0.00351928431734178,544289.0,922098.0,356020538.0,683533126.0,8461826.0,9789190.0,377168731.0,83299040.0
16.8,x264,mcf-attacker,10,1.9263828093755326,12734.3,0.0010384858583053925,546696.0,916769.0,686482401.0,356358247.0,20863877.119999997,1.9263828093755326,0.596329064355361,0.0010384858583053925,0.2210021316225671,0.8645768403643259,0.003514839620319285,546696.0,916769.0,356358247.0,686482401.0,8462332.0,9787831.0,377115073.0,83343235.0
16.9,x264,mcf-attacker,10,2.015386783665212,12725.3,0.0011682782520497472,484125.0,900148.0,717677706.0,356099242.0,20849131.52,2.015386783665212,0.5378282238031968,0.0011682782520497472,0.22139522301498665,0.863878127686119,0.00353584552109289,484125.0,900148.0,356099242.0,717677706.0,8464328.0,9798058.0,377202565.0,83510846.0
17.0,x264,mcf-attacker,10,1.9370944857203964,12687.3,0.0009977557553187096,495953.0,851856.0,690968441.0,356703530.0,20786872.32,1.9370944857203964,0.5822028605773746,0.0009977557553187096,0.22142259035144984,0.8632758937734419,0.0035554195814020005,495953.0,851856.0,356703530.0,690968441.0,8469106.0,9810428.0,377261240.0,83534161.0
17.1,x264,mcf-attacker,10,1.9190057161248433,12673.099999999999,0.0010326396900279837,543916.0,911312.0,682750267.0,355783342.0,20763607.04,1.9190057161248433,0.596849377600646,0.0010326396900279837,0.22092590169164403,0.864102085705728,0.003529438342924937,543916.0,911312.0,355783342.0,682750267.0,8461565.0,9792321.0,377044694.0,83298939.0
17.2,x264,mcf-attacker,10,1.923205940977417,12625.599999999999,0.0010658162673124565,553712.0,933693.0,685654497.0,356516420.0,20685783.04,1.923205940977417,0.5930343271289386,0.0010658162673124565,0.22119595709178866,0.8640306120886138,0.003531361075842542,553712.0,933693.0,356516420.0,685654497.0,8462124.0,9793778.0,377093696.0,83411601.0
17.3,x264,mcf-attacker,10,2.008776409046213,12634.9,0.0011718455798918025,504646.0,920449.0,712769047.0,354827468.0,20701020.16,2.008776409046213,0.5482606858174651,0.0011718455798918025,0.22096863199974473,0.8645984772653484,0.003514537099807194,504646.0,920449.0,354827468.0,712769047.0,8465684.0,9791463.0,377227203.0,83355379.0
17.4,x264,mcf-attacker,10,1.9471637682640404,12737.8,0.001023643860475189,498374.0,863534.0,694603220.0,356725629.0,20869611.52,1.9471637682640404,0.5771330370315471,0.001023643860475189,0.2211405582649181,0.8634266281923709,0.003546853677088147,498374.0,863534.0,356725629.0,694603220.0,8458407.0,9796324.0,377212347.0,83416949.0
17.5,x264,mcf-attacker,10,1.9105535513234728,12787.0,0.0010755426373706299,553498.0,935642.0,678826251.0,355303441.0,20950220.8,1.9105535513234728,0.5915702800857593,0.0010755426373706299,0.220983967729108,0.863759811028793,0.0035333763206644633,553498.0,935642.0,355303441.0,678826251.0,8449498.0,9782231.0,377183996.0,83351616.0
17.6,x264,mcf-attacker,10,1.937699145815388,12717.5,0.0010584875909818202,538282.0,915024.0,689675210.0,355924815.0,20836352.0,1.937699145815388,0.5882709087411915,0.0010584875909818202,0.2211026512570027,0.8642033480168297,0.003526549132330351,538282.0,915024.0,355924815.0,689675210.0,8466156.0,9796486.0,377232799.0,83407172.0
17.7,x264,mcf-attacker,10,1.9838043176247495,12602.3,0.0011082523166283569,506217.0,901507.0,707580753.0,356678704.0,20647608.32,1.9838043176247495,0.561523094107977,0.0011082523166283569,0.22122772178836755,0.8648001675039827,0.0035158130670975896,506217.0,901507.0,356678704.0,707580753.0,8483617.0,9809916.0,377238202.0,83455548.0
17.8,x264,mcf-attacker,10,1.9982519176049707,3709.9,0.0011255749271984843,483012.0,882674.0,709526606.0,355073652.0,6078300.16,1.9982519176049707,0.5472144868887041,0.0011255749271984843,1.1195954172222975,0.7193312785064245,0.00017530518426834315,483012.0,882674.0,355073652.0,709526606.0,167333.0,232623.0,372436219.0,416977884.0
17.9,x264,mcf-attacker,10,2.225901281487367,4172.7,0.0012335641787871879,422385.0,861952.0,793175390.0,356338979.0,6836551.68,2.225901281487367,0.4900330876893377,0.0012335641787871879,0.8733935576335786,0.846782551765463,0.000732390399226006,422385.0,861952.0,356338979.0,793175390.0,1526207.0,1802360.0,377057100.0,329319242.0
18.1,x264,mcf-attacker,10,1.907998844708259,12757.4,0.0008963844571274338,558824.0,877698.0,678739149.0,355733522.0,20901724.16,1.907998844708259,0.6366928032193305,0.0008963844571274338,0.22162004285470918,0.8606431937299286,0.003624225126949753,558824.0,877698.0,355733522.0,678739149.0,8441290.0,9808118.0,377136616.0,83581033.0
18.2,x264,mcf-attacker,10,1.9786145643802957,12721.8,0.0010781624096772929,496513.0,880228.0,704183415.0,355897216.0,20843397.119999997,1.9786145643802957,0.5640731719509037,0.0010781624096772929,0.22151292115965346,0.8625862812352277,0.0035774793281697897,496513.0,880228.0,355897216.0,704183415.0,8470530.0,9819922.0,377190719.0,83552618.0
18.3,x264,mcf-attacker,10,1.9032034855274695,12571.300000000001,0.0009881314239560466,513618.0,865516.0,677777757.0,356124693.0,20596817.92,1.9032034855274695,0.5934240383771069,0.0009881314239560466,0.22117603745438882,0.8624701666991175,0.0035757153941345524,513618.0,865516.0,356124693.0,677777757.0,8451735.0,9799452.0,376908353.0,83363096.0
18.4,x264,mcf-attacker,10,1.9218202846178785,12690.0,0.0010388399393134523,539262.0,906934.0,680181307.0,353925553.0,20791296.0,1.9218202846178785,0.5945989454579936,0.0010388399393134523,0.2207317394467511,0.864356270651356,0.0035184782420038118,539262.0,906934.0,353925553.0,680181307.0,8454649.0,9781440.0,377092285.0,83236236.0
18.5,x264,mcf-attacker,10,1.9335693195339074,12628.699999999999,0.0010281202279208718,531696.0,896418.0,685926850.0,354746449.0,20690862.08,1.9335693195339074,0.5931340066799194,0.0010281202279208718,0.22103225708864507,0.8633152372045678,0.0035494339306183895,531696.0,896418.0,354746449.0,685926850.0,8454030.0,9792518.0,377099004.0,83351044.0
18.6,x264,mcf-attacker,10,1.974268223995489,12687.8,0.0010503673350271252,515053.0,888446.0,701828694.0,355488016.0,20787691.52,1.974268223995489,0.5797234722200336,0.0010503673350271252,0.22102537639019318,0.8639885054088827,0.0035306703161907486,515053.0,888446.0,355488016.0,701828694.0,8455738.0,9786864.0,377017926.0,83330529.0
18.7,x264,mcf-attacker,10,1.979169871327408,12764.7,0.0011706755709973316,496082.0,910626.0,700837205.0,354106646.0,20913684.48,1.979169871327408,0.544770300869951,0.0011706755709973316,0.22174815260196112,0.8639154025338025,0.003547728264077989,496082.0,910626.0,354106646.0,700837205.0,8493421.0,9831311.0,377111746.0,83623833.0
18.8,x264,mcf-attacker,10,1.940165446954098,12731.5,0.0010024172506758091,498013.0,852970.0,687014620.0,354101049.0,20859289.6,1.940165446954098,0.5838575799852281,0.0010024172506758091,0.2216179657000932,0.8634689030747011,0.003554241309442786,498013.0,852970.0,354101049.0,687014620.0,8476410.0,9816694.0,377094261.0,83570863.0
18.9,x264,mcf-attacker,10,1.9363209448359449,12666.199999999999,0.0010702101465378533,532538.0,912971.0,688313775.0,355475045.0,20752302.08,1.9363209448359449,0.5833022078466895,0.0010702101465378533,0.2219548079780012,0.8635928834766111,0.003556818524346674,532538.0,912971.0,355475045.0,688313775.0,8491809.0,9833116.0,377108641.0,83701076.0
19.0,x264,mcf-attacker,10,1.9284279745028248,12586.2,0.0010080919769042962,489572.0,847756.0,685187524.0,355308849.0,20621230.080000002,1.9284279745028248,0.577491636744535,0.0010080919769042962,0.2217603219797717,0.8636862158014287,0.003552276367667821,489572.0,847756.0,355308849.0,685187524.0,8487650.0,9827238.0,377106920.0,83627352.0
19.1,x264,mcf-attacker,10,1.9385352759278025,12803.600000000002,0.001083156336003005,537401.0,921912.0,688163022.0,354991230.0,20977418.240000002,1.9385352759278025,0.5829200617846388,0.001083156336003005,0.22181240965942786,0.8637013088956259,0.0035545965220784843,537401.0,921912.0,354991230.0,688163022.0,8494378.0,9834856.0,377111155.0,83647934.0
19.2,x264,mcf-attacker,10,2.0001905653090617,12671.5,0.0011783601365526065,495019.0,913413.0,710196913.0,355064625.0,20760985.6,2.0001905653090617,0.5419443340526137,0.0011783601365526065,0.2221422168789934,0.864266568135686,0.003543696954309113,495019.0,913413.0,355064625.0,710196913.0,8511884.0,9848679.0,377231749.0,83799097.0
19.3,x264,mcf-attacker,10,1.9254767069100778,12367.8,0.0010367843844031957,504255.0,871553.0,682131940.0,354266524.0,20263403.52,1.9254767069100778,0.5785706663851768,0.0010367843844031957,0.2227421031488896,0.8596383263287272,0.003676107195624088,504255.0,871553.0,354266524.0,682131940.0,8487437.0,9873265.0,376982478.0,83969870.0
19.4,x264,mcf-attacker,10,1.9720597472517378,12165.699999999999,0.0013625568430624727,450621.0,933668.0,699124994.0,354515118.0,19932282.88,1.9720597472517378,0.48263515510866817,0.0013625568430624727,0.22355806128019307,0.8572988963178688,0.003751438147544254,450621.0,933668.0,354515118.0,699124994.0,8499413.0,9914177.0,377125770.0,84309506.0
19.5,x264,mcf-attacker,10,1.7402350686051309,12092.3,0.0013022324694072118,426616.0,887971.0,616530588.0,354280062.0,19812024.32,1.7402350686051309,0.48043911343951545,0.0013022324694072118,0.2233387454222758,0.8600498228037287,0.0036712888492428796,426616.0,887971.0,354280062.0,616530588.0,8507489.0,9891856.0,377079292.0,84216416.0
19.6,x264,mcf-attacker,10,0.7705700599503768,13353.800000000001,0.00040264631952593283,273412.0,416926.0,274651937.0,356426951.0,21878865.92,0.7705700599503768,0.6557806421283393,0.00040264631952593283,0.21885972648675184,0.8733719496606381,0.003256540967769099,273412.0,416926.0,356426951.0,274651937.0,8472197.0,9700560.0,377198694.0,82553603.0
19.7,x264,mcf-attacker,10,2.5994475360511817,12926.8,0.001975072208276675,291909.0,993075.0,922824099.0,355007780.0,21179269.119999997,2.5994475360511817,0.29394456612038367,0.001975072208276675,0.22326575471958085,0.866446196382174,0.003505583863214974,291909.0,993075.0,355007780.0,922824099.0,8571572.0,9892792.0,376890142.0,84146662.0
19.8,x264,mcf-attacker,10,1.8461867433685293,11747.4,0.0011063678319118279,292373.0,685313.0,655695690.0,355162170.0,19246940.16,1.8461867433685293,0.4266269573173134,0.0011063678319118279,0.22170217485120094,0.8676716532748381,0.0034485508416460483,292373.0,685313.0,355162170.0,655695690.0,8527700.0,9828257.0,377131456.0,83610864.0
19.9,x264,mcf-attacker,10,1.946968872157265,12556.5,0.001214596208235533,473159.0,904567.0,691536777.0,355186355.0,20572569.6,1.946968872157265,0.52307789251653,0.001214596208235533,0.22162803002825304,0.866440361984237,0.0034758074186166457,473159.0,904567.0,355186355.0,691536777.0,8503166.0,9813908.0,377104322.0,83576888.0
20.0,x264,mcf-attacker,10,1.970084997585296,12694.7,0.0010857854927156104,494258.0,880256.0,700367498.0,355501158.0,20798996.48,1.970084997585296,0.5614934746255634,0.0010857854927156104,0.22183534935033747,0.8647885700297733,0.003527106265787626,494258.0,880256.0,355501158.0,700367498.0,8506939.0,9837016.0,377101482.0,83654439.0
20.2,x264,mcf-attacker,10,1.9748186276070785,12724.6,0.0011418709891179246,488730.0,893283.0,699657674.0,354289586.0,20847984.64,1.9748186276070785,0.5471166472439305,0.0011418709891179246,0.2218698790650954,0.8640477362710126,0.0035454761658550112,488730.0,893283.0,354289586.0,699657674.0,8497652.0,9834702.0,377114367.0,83670319.0
20.3,x264,mcf-attacker,10,1.9431226792356018,12611.300000000001,0.0009918157796151884,497508.0,849875.0,690342222.0,355274646.0,20662353.92,1.9431226792356018,0.5853896161200176,0.0009918157796151884,0.22213012623224007,0.8625842825495745,0.003587004940874596,497508.0,849875.0,355274646.0,690342222.0,8491127.0,9843823.0,377110158.0,83767527.0
20.4,x264,mcf-attacker,10,1.9416432874981242,12591.5,0.0010326688800052983,526653.0,892411.0,687705013.0,354187104.0,20629913.6,1.9416432874981242,0.5901462442753395,0.0010326688800052983,0.2216454416551964,0.8640827626194794,0.0035407504160684384,526653.0,892411.0,354187104.0,687705013.0,8488457.0,9823662.0,377096616.0,83581746.0
20.5,x264,mcf-attacker,10,1.9275718925392216,12697.0,0.001027024977711534,537987.0,901636.0,682514648.0,354079996.0,20802764.8,1.9275718925392216,0.5966787040446477,0.001027024977711534,0.22173147629720225,0.863061487900378,0.0035676241156354905,537987.0,901636.0,354079996.0,682514648.0,8479416.0,9824811.0,377112318.0,83617671.0
20.6,x264,mcf-attacker,10,1.9534792049915581,12674.7,0.001065164480521903,537065.0,914064.0,691404680.0,353935009.0,20766228.48,1.9534792049915581,0.5875573264016524,0.001065164480521903,0.2217099662179058,0.8633789295952615,0.003559870021528687,537065.0,914064.0,353935009.0,691404680.0,8483709.0,9826171.0,377109836.0,83609009.0
20.7,x264,mcf-attacker,10,2.0127276356088855,12718.699999999999,0.0011885910620717415,489931.0,910817.0,712716855.0,354104968.0,20838318.08,2.0127276356088855,0.5379027839840494,0.0011885910620717415,0.2217793095436317,0.8643446713495427,0.0035338405549095063,489931.0,910817.0,354104968.0,712716855.0,8491093.0,9823735.0,377108695.0,83634906.0
20.8,x264,mcf-attacker,10,1.9414326673329787,12762.7,0.001001205541607418,501637.0,856598.0,688303103.0,354533595.0,20910407.68,1.9414326673329787,0.5856154228704713,0.001001205541607418,0.2218150040598734,0.8635743227011443,0.003556880838720514,501637.0,856598.0,354533595.0,688303103.0,8490851.0,9832218.0,377118903.0,83650631.0
20.9,x264,mcf-attacker,10,1.931545332745273,12724.5,0.0010605367581611339,538490.0,915204.0,686105562.0,355210696.0,20847820.8,1.931545332745273,0.5883824808458005,0.0010605367581611339,0.2217295036337427,0.8636696074223043,0.0035515673834180792,538490.0,915204.0,355210696.0,686105562.0,8484793.0,9824119.0,377108430.0,83616065.0
21.0,x264,mcf-attacker,10,1.9272419610494784,12686.099999999999,0.0010243668493764462,544380.0,908016.0,684144121.0,354986107.0,20784906.24,1.9272419610494784,0.599526880583602,0.0010243668493764462,0.22167660434479833,0.8633236985989292,0.0035636396306293226,544380.0,908016.0,354986107.0,684144121.0,8488613.0,9832480.0,377105190.0,83595398.0
21.1,x264,mcf-attacker,10,1.9597107694638733,12589.3,0.001045515997030347,531337.0,902766.0,696204949.0,355259031.0,20626309.119999997,1.9597107694638733,0.588565586209494,0.001045515997030347,0.22190903367908363,0.8632060677376217,0.0035692181326142662,531337.0,902766.0,355259031.0,696204949.0,8493359.0,9839318.0,377101917.0,83682322.0
21.2,x264,mcf-attacker,10,2.004097926913838,12690.9,0.0011554516095552407,494282.0,904383.0,711308511.0,354927023.0,20792770.56,2.004097926913838,0.5465405696480363,0.0011554516095552407,0.2220857234904709,0.8634748313864322,0.003564586040068525,494282.0,904383.0,354927023.0,711308511.0,8502059.0,9846331.0,377118685.0,83752676.0
21.3,x264,mcf-attacker,10,1.9443307769845453,12656.599999999999,0.0009915920703152193,497102.0,848538.0,689101750.0,354415904.0,20736573.439999998,1.9443307769845453,0.585833516000462,0.0009915920703152193,0.2217793066047546,0.8630766827210612,0.0035663712217326587,497102.0,848538.0,354415904.0,689101750.0,8485404.0,9831576.0,377462669.0,83713409.0
21.4,x264,mcf-attacker,10,1.9367373442871048,12694.400000000001,0.00101912014927593,530411.0,890558.0,684423858.0,353390128.0,20798504.96,1.9367373442871048,0.5955939983695615,0.00101912014927593,0.22071960693783607,0.8642180585699664,0.0035224230896741446,530411.0,890558.0,353390128.0,684423858.0,8447563.0,9774805.0,376798007.0,83166708.0
21.5,x264,mcf-attacker,10,1.9346408075466601,12699.499999999998,0.0010113749548111843,547326.0,907365.0,688712073.0,355989634.0,20806860.799999997,1.9346408075466601,0.60320378238085,0.0010113749548111843,0.2210858569654431,0.8631978953820693,0.0035542508205872333,547326.0,907365.0,355989634.0,688712073.0,8457840.0,9798263.0,377132360.0,83378631.0
21.6,x264,mcf-attacker,10,1.974570744329728,12733.800000000001,0.0010796719858274292,527056.0,909871.0,700115692.0,354566021.0,20863057.92,1.974570744329728,0.5792645331041434,0.0010796719858274292,0.22190943708151895,0.8634032674310933,0.0035635864528087173,527056.0,909871.0,354566021.0,700115692.0,8494429.0,9838310.0,377114746.0,83685321.0
21.7,x264,mcf-attacker,10,1.9935784427435224,12711.300000000001,0.0011323834179112556,497552.0,899184.0,707079320.0,354678454.0,20826193.92,1.9935784427435224,0.5533372479937365,0.0011323834179112556,0.22188901007341638,0.8640382182293336,0.0035475796690445835,497552.0,899184.0,354678454.0,707079320.0,8501698.0,9839493.0,377100763.0,83674515.0
21.8,x264,mcf-attacker,10,1.9723458751698404,7373.5,0.001007496845552311,509375.0,864904.0,696008290.0,352883487.0,12080742.4,1.9723458751698404,0.5889381942967081,0.001007496845552311,0.8840943302283188,0.8523391817590916,0.0012270475602930656,509375.0,864904.0,352883487.0,696008290.0,2637036.0,3093881.0,372312382.0,329159266.0
21.9,x264,mcf-attacker,10,1.9882843735221514,3621.0,0.0012368247238383014,501051.0,938859.0,703807733.0,353977400.0,5932646.4,1.9882843735221514,0.5336807763466079,0.0012368247238383014,1.017444924174177,0.7075098814229249,2.25669408922123e-05,501051.0,938859.0,353977400.0,703807733.0,20585.0,29095.0,377100292.0,383678778.0
22.0,x264,mcf-attacker,10,1.9594579463508235,10079.0,0.0011623516227759528,496449.0,909433.0,696196198.0,355300403.0,16513433.6,1.9594579463508235,0.5458884821641616,0.0011623516227759528,0.31039391607405153,0.8633147535220709,0.003164498399735877,496449.0,909433.0,355300403.0,696196198.0,7534488.0,8727394.0,376965272.0,117007727.0
22.1,x264,mcf-attacker,10,2.0255597170960993,12710.1,0.0011692386970347949,487153.0,902464.0,719474333.0,355197789.0,20824227.84,2.0255597170960993,0.5398032497695199,0.0011692386970347949,0.22126669720419506,0.8644945265857962,0.0035207838731241706,487153.0,902464.0,355197789.0,719474333.0,8471500.0,9799368.0,377151239.0,83451009.0
22.3,x264,mcf-attacker,10,1.9579509300558107,12660.699999999999,0.0010009941994232484,495844.0,852796.0,698200350.0,356597471.0,20743290.88,1.9579509300558107,0.5814333087866266,0.0010009941994232484,0.22131939319886063,0.8631344457526291,0.003557946405400164,495844.0,852796.0,356597471.0,698200350.0,8462978.0,9804936.0,377172067.0,83475493.0
22.4,x264,mcf-attacker,10,1.9338702749359393,12617.3,0.001005984887374605,533061.0,890032.0,686228605.0,354847279.0,20672184.32,1.9338702749359393,0.5989234094953889,0.001005984887374605,0.22071093333189792,0.863706383693719,0.0035338767161530783,533061.0,890032.0,354847279.0,686228605.0,8445638.0,9778367.0,377129455.0,83236594.0
22.5,x264,mcf-attacker,10,1.9431142587210513,12560.3,0.0010096776887539862,532620.0,891450.0,690564620.0,355390640.0,20578795.52,1.9431142587210513,0.5974760222110046,0.0010096776887539862,0.22152811121734492,0.8633691400986011,0.0035546399032543845,532620.0,891450.0,355390640.0,690564620.0,8473002.0,9813881.0,377219363.0,83564693.0
22.6,x264,mcf-attacker,10,1.9446246360576358,12688.000000000002,0.001011661018228807,534446.0,892482.0,688220277.0,353909060.0,20788019.200000003,1.9446246360576358,0.5988311248854319,0.001011661018228807,0.2214585964038326,0.8627780117669337,0.0035663929097780934,534446.0,892482.0,353909060.0,688220277.0,8456108.0,9801024.0,377108197.0,83513852.0
22.7,x264,mcf-attacker,10,2.002275127100515,12728.800000000001,0.0011240778310510054,512677.0,912689.0,712525464.0,355857921.0,20854865.92,2.002275127100515,0.5617214626230841,0.0011240778310510054,0.22101425090463128,0.8636946641529117,0.0035397905138876825,512677.0,912689.0,355857921.0,712525464.0,8457749.0,9792522.0,377076834.0,83339354.0
22.8,x264,mcf-attacker,10,2.1947099460057076,12081.300000000001,0.0013669499264376862,452458.0,937775.0,779201949.0,355036414.0,19794001.92,2.1947099460057076,0.4824803391005305,0.0013669499264376862,0.22236455329285396,0.8653276129225678,0.0035210731477108292,452458.0,937775.0,355036414.0,779201949.0,8532042.0,9859898.0,377116846.0,83857419.0
22.9,x264,mcf-attacker,10,2.007931933740392,12798.0,0.0008310219537851418,465431.0,760434.0,712792173.0,354988215.0,20968243.2,2.007931933740392,0.6120596922283854,0.0008310219537851418,0.22187643201746293,0.8658134972980089,0.003500165520739778,465431.0,760434.0,354988215.0,712792173.0,8516371.0,9836265.0,377094738.0,83668435.0
23.0,x264,mcf-attacker,10,1.9115173787229296,12682.6,0.0009016882029918863,556984.0,878384.0,681346039.0,356442503.0,20779171.84,1.9115173787229296,0.6341008032933204,0.0009016882029918863,0.2214734127724054,0.8616230277633229,0.003599241619053055,556984.0,878384.0,356442503.0,681346039.0,8452733.0,9810245.0,377166121.0,83532268.0
23.2,x264,mcf-attacker,10,1.9536406977039882,12593.199999999999,0.0010290660790484552,495465.0,859787.0,691650712.0,354031687.0,20632698.88,1.9536406977039882,0.5762648190772831,0.0010290660790484552,0.22192530280643966,0.8627123727359197,0.003582091136957958,495465.0,859787.0,354031687.0,691650712.0,8488642.0,9839481.0,377109054.0,83690041.0
23.3,x264,mcf-attacker,10,1.9226684630739135,12707.4,0.0009688677784560491,523423.0,868535.0,684857081.0,356201339.0,20819804.16,1.9226684630739135,0.602650440108919,0.0009688677784560491,0.22129578873969516,0.8627278762629671,0.003564912771581557,523423.0,868535.0,356201339.0,684857081.0,8449386.0,9793802.0,377124515.0,83456067.0
23.4,x264,mcf-attacker,10,1.9334842428712844,12693.099999999999,0.0010238596501509544,533660.0,894954.0,682277357.0,352874537.0,20796375.04,1.9334842428712844,0.5962988041843491,0.0010238596501509544,0.22141064357908843,0.8635397682089986,0.003547153076276939,533660.0,894954.0,352874537.0,682277357.0,8464732.0,9802365.0,377100444.0,83494052.0
23.5,x264,mcf-attacker,10,1.9389783938622707,12685.8,0.0010011367992269545,536260.0,891072.0,687191603.0,354409108.0,20784414.72,1.9389783938622707,0.6018144437262084,0.0010011367992269545,0.2217721293504492,0.8629845529260626,0.0035688154695762988,536260.0,891072.0,354409108.0,687191603.0,8476784.0,9822637.0,377114763.0,83633544.0
23.6,x264,mcf-attacker,10,1.9768207857568252,12738.199999999999,0.0010902258000849445,515928.0,902576.0,701078440.0,354649468.0,20870266.88,1.9768207857568252,0.5716172377727748,0.0010902258000849445,0.22216851539360455,0.8633121789489872,0.003568428794348595,515928.0,902576.0,354649468.0,701078440.0,8499652.0,9845398.0,377125642.0,83785444.0
23.7,x264,mcf-attacker,10,1.9730079517828014,12748.2,0.001039804872358725,494924.0,863258.0,698906045.0,354233770.0,20886650.880000003,1.9730079517828014,0.5733210697149635,0.001039804872358725,0.22191939902125896,0.8631186092749629,0.0035712978514083117,494924.0,863258.0,354233770.0,698906045.0,8491688.0,9838379.0,377087282.0,83682983.0
23.8,x264,mcf-attacker,10,1.9391911730924531,12719.7,0.0010177529708594606,526729.0,887552.0,687499616.0,354529056.0,20839956.48,1.9391911730924531,0.5934626928901067,0.0010177529708594606,0.22171461306058105,0.8635445571295651,0.003555304292558786,526729.0,887552.0,354529056.0,687499616.0,8485618.0,9826497.0,377148871.0,83619416.0
23.9,x264,mcf-attacker,10,1.9351071316600652,12584.5,0.0010498342746417227,538348.0,908548.0,682371187.0,352627085.0,20618444.8,1.9351071316600652,0.5925366628950809,0.0010498342746417227,0.2217295823028405,0.8638341894251126,0.0035486463848895915,538348.0,908548.0,352627085.0,682371187.0,8488750.0,9826828.0,377067156.0,83606943.0
24.0,x264,mcf-attacker,10,1.9475101265280257,12669.8,0.0010305871792668148,531834.0,897063.0,690176620.0,354389233.0,20758200.32,1.9475101265280257,0.5928613709405025,0.0010305871792668148,0.2216839282630823,0.8634645864248912,0.003556073173334595,531834.0,897063.0,354389233.0,690176620.0,8481336.0,9822448.0,377132847.0,83604291.0
24.1,x264,mcf-attacker,10,1.982833677536027,12641.900000000001,0.001122082409128215,513761.0,909744.0,699742213.0,352900105.0,20712488.96,1.982833677536027,0.5647313969644208,0.001122082409128215,0.2217292848334159,0.8636558618896394,0.0035529983638425615,513761.0,909744.0,352900105.0,699742213.0,8486330.0,9826055.0,377068848.0,83607206.0
24.4,x264,mcf-attacker,10,1.933408534478058,12753.3,0.0010191672283567574,525405.0,887034.0,686027352.0,354827932.0,20895006.72,1.933408534478058,0.5923166417521764,0.0010191672283567574,0.22188585998188023,0.8634701134222212,0.00355889426577337,525405.0,887034.0,354827932.0,686027352.0,8487375.0,9829379.0,377084538.0,83669727.0
24.5,x264,mcf-attacker,10,1.9421630502548612,12695.1,0.001053799171846157,530283.0,903564.0,687960842.0,354224040.0,20799651.84,1.9421630502548612,0.5868792913396284,0.001053799171846157,0.22160871197333937,0.8639060139743956,0.003544678448952585,530283.0,903564.0,354224040.0,687960842.0,8485995.0,9822822.0,377136324.0,83576695.0
24.6,x264,mcf-attacker,10,1.9303121012745765,12590.5,0.0010281824505865168,536922.0,900697.0,682952023.0,353803938.0,20628275.2,1.9303121012745765,0.5961183394637708,0.0010281824505865168,0.22158786180243303,0.8639180759144521,0.0035409496612268184,536922.0,900697.0,353803938.0,682952023.0,8476689.0,9811913.0,377080763.0,83556520.0
24.7,x264,mcf-attacker,10,2.017361072651947,12717.7,0.0011573229018969349,492594.0,902183.0,713965742.0,353910736.0,20836679.68,2.017361072651947,0.546002307735792,0.0011573229018969349,0.22172323962411505,0.8637892999412782,0.003549991131982314,492594.0,902183.0,353910736.0,713965742.0,8490534.0,9829404.0,377147421.0,83622348.0
24.8,x264,mcf-attacker,10,1.9456996038592083,12759.9,0.0009652587312168784,492853.0,834660.0,688990136.0,354109203.0,20905820.16,1.9456996038592083,0.5904835501881005,0.0009652587312168784,0.22165851640860085,0.8638022757950929,0.0035463205234137767,492853.0,834660.0,354109203.0,688990136.0,8485458.0,9823380.0,377270467.0,83625212.0
24.9,x264,mcf-attacker,10,1.9143062934018178,12762.2,0.001060852572279599,551583.0,927447.0,678245818.0,354303708.0,20909588.48,1.9143062934018178,0.5947326370132202,0.001060852572279599,0.22169353824086,0.8640709889381444,0.003541759494462806,551583.0,927447.0,354303708.0,678245818.0,8485769.0,9820685.0,376907580.0,83557975.0
25.0,x264,mcf-attacker,10,1.9480770463419728,12730.3,0.0010410668417099314,537573.0,906945.0,691180514.0,354801426.0,20857323.52,1.9480770463419728,0.5927294378380167,0.0010410668417099314,0.2217386984321899,0.8638450212553301,0.0035485669673448973,537573.0,906945.0,354801426.0,691180514.0,8490788.0,9829064.0,377131392.0,83624624.0
25.1,x264,mcf-attacker,10,1.9778796024322731,12706.300000000001,0.0010954196621432866,518117.0,906177.0,700677544.0,354256924.0,20818001.92,1.9778796024322731,0.5717613667087115,0.0010954196621432866,0.2218958695653425,0.8637493718964669,0.0035535660597211054,518117.0,906177.0,354256924.0,700677544.0,8495115.0,9835162.0,377099223.0,83676760.0
25.2,x264,mcf-attacker,10,1.9726629449775497,12593.699999999999,0.0011039273454119417,494479.0,884523.0,696989117.0,353323977.0,20633518.08,1.9726629449775497,0.5590346435310332,0.0011039273454119417,0.22176854342876917,0.862918749036313,0.003571778426892992,494479.0,884523.0,353323977.0,696989117.0,8478647.0,9825545.0,377094500.0,83627698.0
25.3,x264,mcf-attacker,10,1.9376624397747744,12697.5,0.0010164146495279505,529876.0,890801.0,688056608.0,355096220.0,20803584.0,1.9376624397747744,0.594830944284975,0.0010164146495279505,0.22166044123173764,0.863721462887864,0.003551051926874028,529876.0,890801.0,355096220.0,688056608.0,8487815.0,9827028.0,377131348.0,83595101.0
25.4,x264,mcf-attacker,10,1.9414795126602813,12625.9,0.0010285851430238107,528739.0,891748.0,685188330.0,352920711.0,20686274.56,1.9414795126602813,0.5929242342006935,0.0010285851430238107,0.22160801625246648,0.8638927982968806,0.0035444594697982756,528739.0,891748.0,352920711.0,685188330.0,8484324.0,9821038.0,377127743.0,83574531.0
25.5,x264,mcf-attacker,10,1.9389204729213791,12748.199999999999,0.0010185711790668072,529647.0,891357.0,688539926.0,355115094.0,20886650.88,1.9389204729213791,0.5942029961059373,0.0010185711790668072,0.22132779267792674,0.864115848510033,0.0035326996961869304,529647.0,891357.0,355115094.0,688539926.0,8468668.0,9800385.0,376968640.0,83433637.0
25.6,x264,mcf-attacker,10,2.002402260828942,12753.199999999999,0.0011717206930190046,489859.0,906021.0,711196563.0,355171674.0,20894842.88,2.002402260828942,0.5406706908559514,0.0011717206930190046,0.22136774617267732,0.8638694742819519,0.0035390016941011437,489859.0,906021.0,355171674.0,711196563.0,8470527.0,9805332.0,377169924.0,83493256.0
25.7,x264,mcf-attacker,10,1.9384819878281025,12798.600000000002,0.0009846660121544829,510297.0,859277.0,687026297.0,354414589.0,20969226.240000002,1.9384819878281025,0.5938678679866911,0.0009846660121544829,0.22167383643484098,0.8635473806302622,0.0035541927624467974,510297.0,859277.0,354414589.0,687026297.0,8482290.0,9822611.0,377109822.0,83595381.0
25.8,x264,mcf-attacker,10,2.3046930401642847,11107.2,0.0014995230427908475,461960.0,990146.0,811795860.0,352236001.0,18198036.48,2.3046930401642847,0.4665574571830821,0.0014995230427908475,0.6582883200613407,0.8596317293004506,0.0022113784735671503,461960.0,990146.0,352236001.0,811795860.0,5044570.0,5868292.0,372492547.0,245207493.0
25.9,x264,mcf-attacker,10,2.000403731299772,3149.3,0.000979955473384273,428456.0,776329.0,710120476.0,354988578.0,5159813.12,2.000403731299772,0.5519000320740305,0.000979955473384273,1.0176349635613797,0.6651922693763698,2.2279814266325124e-05,428456.0,776329.0,354988578.0,710120476.0,16693.0,25095.0,377112659.0,383763027.0
26.0,x264,mcf-attacker,10,1.9977440104296975,6224.300000000001,0.0012488654118487869,446074.0,889157.0,708776463.0,354788431.0,10197893.120000001,1.9977440104296975,0.5016819301878072,0.0012488654118487869,0.5335670933018275,0.8640660314071456,0.002166303180293622,446074.0,889157.0,354788431.0,708776463.0,5193341.0,6010352.0,377145271.0,201232306.0
26.1,x264,mcf-attacker,10,1.9459462077327574,12741.900000000001,0.001106565688032383,512546.0,904969.0,690093735.0,354631455.0,20876328.96,1.9459462077327574,0.5663685717411314,0.001106565688032383,0.22168439043595117,0.864574905068331,0.0035289132985108153,512546.0,904969.0,354631455.0,690093735.0,8496009.0,9826805.0,377112127.0,83599872.0
26.2,x264,mcf-attacker,10,1.929095547218413,12724.400000000001,0.0010417396639055567,550138.0,919369.0,683742688.0,354436922.0,20847656.96,1.929095547218413,0.5983865020465123,0.0010417396639055567,0.22202134173144344,0.8638217765069771,0.003553241795579515,550138.0,919369.0,354436922.0,683742688.0,8499545.0,9839466.0,377098176.0,83723843.0
26.5,x264,mcf-attacker,10,1.9858572318088663,12762.4,0.0011404530847384737,493291.0,895148.0,699748758.0,352366095.0,20909916.16,1.9858572318088663,0.5510720015014277,0.0011404530847384737,0.22169729633827717,0.8648475501269843,0.0035218141399518716,493291.0,895148.0,352366095.0,699748758.0,8499368.0,9827591.0,377141708.0,83611297.0
26.6,x264,mcf-attacker,10,1.9588847535645142,12778.699999999999,0.00099177261098329,499148.0,850815.0,694589785.0,354584303.0,20936622.08,1.9588847535645142,0.5866704277663182,0.00099177261098329,0.2222060981261295,0.8632494391378132,0.003567882773237756,499148.0,850815.0,354584303.0,694589785.0,8493014.0,9838424.0,377089183.0,83791516.0
26.7,x264,mcf-attacker,10,1.912179192554115,12804.8,0.001031731688870864,551302.0,915873.0,675684471.0,353358343.0,20979384.32,1.912179192554115,0.601941535562245,0.001031731688870864,0.22212401323507097,0.8634751023943333,0.0035647092968163043,551302.0,915873.0,353358343.0,675684471.0,8501990.0,9846248.0,377101718.0,83763347.0
26.8,x264,mcf-attacker,10,1.9415985455747842,12730.0,0.0010193978482809412,532249.0,893312.0,687699505.0,354192429.0,20856832.0,1.9415985455747842,0.5958153478292019,0.0010193978482809412,0.22202371513966393,0.864145479994803,0.0035434578003650757,532249.0,893312.0,354192429.0,687699505.0,8499989.0,9836294.0,377118926.0,83729345.0
26.9,x264,mcf-attacker,10,1.9859320060781165,12715.0,0.0011070341487068223,504253.0,896741.0,704092536.0,354540102.0,20832256.0,1.9859320060781165,0.5623173246232748,0.0011070341487068223,0.22223644241072,0.8640608485618877,0.0035505493585549263,504253.0,896741.0,354540102.0,704092536.0,8510455.0,9849370.0,377100799.0,83805540.0
27.0,x264,mcf-attacker,10,1.9655122112264065,12618.199999999999,0.0010514146956904207,488390.0,861113.0,696767518.0,354496662.0,20673658.88,1.9655122112264065,0.5671613365493263,0.0010514146956904207,0.22236106908130426,0.8628067580545997,0.003587590064440047,488390.0,861113.0,354496662.0,696767518.0,8508549.0,9861477.0,377113320.0,83855321.0
27.1,x264,mcf-attacker,10,1.9303629332107493,12733.800000000001,0.001063333796561085,533462.0,910626.0,684698829.0,354699532.0,20863057.92,1.9303629332107493,0.5858189860601388,0.001063333796561085,0.22197367176430663,0.8640347547807792,0.0035479150813507196,533462.0,910626.0,354699532.0,684698829.0,8502623.0,9840603.0,377117256.0,83710102.0
27.2,x264,mcf-attacker,10,1.9173563507689302,12800.9,0.0010426473434565178,556813.0,925313.0,677646013.0,353427266.0,20972994.56,1.9173563507689302,0.6017563786524127,0.0010426473434565178,0.22215411443172675,0.8638833570961675,0.0035528077602585543,556813.0,925313.0,353427266.0,677646013.0,8503292.0,9843102.0,377113002.0,83777205.0
27.3,x264,mcf-attacker,10,1.9719576004695512,12751.900000000001,0.001072888901767071,518915.0,898441.0,697564472.0,353742125.0,20892712.96,1.9719576004695512,0.5775727064993694,0.001072888901767071,0.22233206282849913,0.8635216534232935,0.003561822705830156,518915.0,898441.0,353742125.0,697564472.0,8498262.0,9841400.0,377092885.0,83839839.0
27.4,x264,mcf-attacker,10,1.983598432356583,12754.1,0.001172608816752485,497783.0,911683.0,700157955.0,352973638.0,20896317.44,1.983598432356583,0.5460044774334939,0.001172608816752485,0.22199175723248413,0.8638493117800868,0.003550807765458223,497783.0,911683.0,352973638.0,700157955.0,8496218.0,9835301.0,377120669.0,83717680.0
27.5,x264,mcf-attacker,10,1.9359022970209518,12693.4,0.001009393360768114,508398.0,865725.0,685312770.0,354001734.0,20796866.56,1.9359022970209518,0.5872511478818332,0.001009393360768114,0.22188097837610038,0.8636248945745439,0.003555876676318638,508398.0,865725.0,354001734.0,685312770.0,8491831.0,9832777.0,377107004.0,83672871.0
27.6,x264,mcf-attacker,10,1.9258409074057703,12613.800000000001,0.0010606640574912182,539523.0,914530.0,680897798.0,353558695.0,20666449.92,1.9258409074057703,0.5899456551452659,0.0010606640574912182,0.22204225710495049,0.8638031595292852,0.0035546548955861126,539523.0,914530.0,353558695.0,680897798.0,8502183.0,9842732.0,377124936.0,83737672.0
27.7,x264,mcf-attacker,10,1.933648087722115,12776.6,0.0010417726862562706,545614.0,913248.0,682370339.0,352892723.0,20933181.44,1.933648087722115,0.5974434107712253,0.0010417726862562706,0.22199599881379897,0.8639667367176792,0.003547650292637617,545614.0,913248.0,352892723.0,682370339.0,8496064.0,9833786.0,377072679.0,83708626.0
27.8,x264,mcf-attacker,10,2.007741214566233,12789.2,0.0011243639550215121,493986.0,892281.0,711222806.0,354240278.0,20953825.28,2.007741214566233,0.553621560920831,0.0011243639550215121,0.22229120838214167,0.8642047372638052,0.0035477691150661212,493986.0,892281.0,354240278.0,711222806.0,8514451.0,9852354.0,377111068.0,83828475.0
27.9,x264,mcf-attacker,10,1.949821334827151,12770.1,0.0010207048329316471,494728.0,857112.0,692251111.0,355033099.0,20922531.84,1.949821334827151,0.5772034459907224,0.0010207048329316471,0.22242091370269673,0.8630762953647847,0.0035764493002712885,494728.0,857112.0,355033099.0,692251111.0,8501456.0,9850179.0,377112294.0,83877661.0
28.0,x264,mcf-attacker,10,1.926488306716395,12745.1,0.0010200701661262166,535104.0,896637.0,682785479.0,354419737.0,20881571.84,1.926488306716395,0.5967900053198786,0.0010200701661262166,0.22219869259599184,0.8634637573163819,0.003565411044601421,535104.0,896637.0,354419737.0,682785479.0,8502892.0,9847422.0,377103785.0,83791968.0
28.1,x264,mcf-attacker,10,1.9259976825013276,12723.5,0.0010825573671061866,551858.0,935567.0,682663725.0,354446805.0,20846182.4,1.9259976825013276,0.5898647558111819,0.0010825573671061866,0.22206005778553886,0.8638209572275506,0.003552472972834012,551858.0,935567.0,354446805.0,682663725.0,8498122.0,9837828.0,377119266.0,83743126.0
28.3,x264,mcf-attacker,10,1.96060352886372,12651.300000000001,0.0010782141891257505,495798.0,878269.0,695477763.0,354726365.0,20727889.92,1.96060352886372,0.5645172492710092,0.0010782141891257505,0.22257353368754879,0.863015238663505,0.003581532239772202,495798.0,878269.0,354726365.0,695477763.0,8513282.0,9864579.0,377295780.0,83976055.0
28.6,x264,mcf-attacker,10,1.920265549143013,12758.600000000002,0.0010419674156501967,542888.0,911526.0,679371390.0,353790334.0,20903690.240000002,1.920265549143013,0.5955814754598333,0.0010419674156501967,0.22212289878029717,0.863735389947528,0.0035564738806888392,542888.0,911526.0,353790334.0,679371390.0,8501053.0,9842196.0,377099072.0,83762339.0
28.7,x264,mcf-attacker,10,1.9560657077263743,12747.5,0.001049191328349572,525844.0,897057.0,692073028.0,353808681.0,20885504.0,1.9560657077263743,0.586187945693529,0.001049191328349572,0.22225432186204044,0.8632055463592391,0.003570347825736008,525844.0,897057.0,353808681.0,692073028.0,8496281.0,9842709.0,377113958.0,83815207.0
28.8,x264,mcf-attacker,10,1.9889527175441628,12743.099999999999,0.0011339289378962418,488613.0,890391.0,704733267.0,354323791.0,20878295.04,1.9889527175441628,0.5487622853330728,0.0011339289378962418,0.22222260880014813,0.8642630848021073,0.0035441499604297847,488613.0,890391.0,354323791.0,704733267.0,8509702.0,9846194.0,377098039.0,83799710.0
28.9,x264,mcf-attacker,10,2.25009739323834,11978.5,0.001255700181219352,394010.0,839605.0,798464604.0,354857797.0,19625574.4,2.25009739323834,0.4692801972356048,0.001255700181219352,0.22250148191893443,0.8673689491455584,0.0034685099047581263,394010.0,839605.0,354857797.0,798464604.0,8554598.0,9862698.0,377136014.0,83913322.0
29.0,x264,mcf-attacker,10,1.8834468507840323,12856.199999999999,0.0008363183009109397,580300.0,876369.0,666767934.0,354014733.0,21063598.08,1.8834468507840323,0.6621639971290633,0.0008363183009109397,0.22227719838518728,0.863099468735935,0.0035765830713089847,580300.0,876369.0,354014733.0,666767934.0,8502909.0,9851598.0,377088683.0,83818216.0
29.1,x264,mcf-attacker,10,1.9395405377642314,12793.5,0.0009805746418119084,530399.0,878562.0,688653595.0,355060171.0,20960870.4,1.9395405377642314,0.603712657729335,0.0009805746418119084,0.2225235723269266,0.861754573683422,0.003616637031530577,530399.0,878562.0,355060171.0,688653595.0,8501607.0,9865462.0,377105855.0,83914942.0
29.2,x264,mcf-attacker,10,1.9595417645093989,12763.900000000001,0.0010678808326067095,502040.0,880320.0,694136870.0,354234282.0,20912373.76,1.9595417645093989,0.57029262086514,0.0010678808326067095,0.22255246025877382,0.8620707049638777,0.003603386053470398,502040.0,880320.0,354234282.0,694136870.0,8493568.0,9852519.0,377131670.0,83931581.0
29.3,x264,mcf-attacker,10,1.9222516484757446,12753.599999999999,0.0009969623083086934,514763.0,864921.0,675142668.0,351224913.0,20895498.24,1.9222516484757446,0.5951560894000724,0.0009969623083086934,0.22223798765469313,0.8626795795592712,0.0035862739053778465,514763.0,864921.0,351224913.0,675142668.0,8495791.0,9848142.0,377090829.0,83803907.0
29.4,x264,mcf-attacker,10,1.9314867807342846,12613.199999999999,0.001038912959914625,547571.0,918484.0,689579959.0,357020284.0,20665466.88,1.9314867807342846,0.5961682511616969,0.001038912959914625,0.22224091527329728,0.8632848061925291,0.0035698224051403608,547571.0,918484.0,357020284.0,689579959.0,8501179.0,9847479.0,377133607.0,83814518.0
29.5,x264,mcf-attacker,10,1.9480547986002656,12682.5,0.0010166417456010145,533210.0,893415.0,690212734.0,354308685.0,20779008.0,1.9480547986002656,0.5968223054235714,0.0010166417456010145,0.22207760343413357,0.8638350332884513,0.0035525557133190425,533210.0,893415.0,354308685.0,690212734.0,8498752.0,9838397.0,377093312.0,83743979.0
29.6,x264,mcf-attacker,10,1.9732839433890534,12689.499999999998,0.0011202532848208068,514514.0,911638.0,699518960.0,354494832.0,20790476.799999997,1.9732839433890534,0.5643841086045118,0.0011202532848208068,0.2224097874500655,0.8635996758480945,0.0035632116112173404,514514.0,911638.0,354494832.0,699518960.0,8507266.0,9850937.0,377095482.0,83869726.0
29.7,x264,mcf-attacker,10,1.9693936437146737,12799.099999999999,0.001119573943592063,483237.0,879491.0,697033111.0,353932853.0,20970045.439999998,1.9693936437146737,0.549450761861122,0.001119573943592063,0.22235368958342008,0.8630502000736764,0.0035791778290760862,483237.0,879491.0,353932853.0,697033111.0,8506757.0,9856619.0,377143038.0,83859146.0
29.8,x264,mcf-attacker,10,1.9442720439770824,12760.1,0.001002809877808651,508443.0,863441.0,688278708.0,354003294.0,20906147.84,1.9442720439770824,0.5888566792635513,0.001002809877808651,0.4929678320298506,0.860726879928637,0.002945747416392652,508443.0,863441.0,354003294.0,688278708.0,6902891.0,8019839.0,379173039.0,186920111.0
29.9,x264,mcf-attacker,10,1.963740052675835,5562.799999999999,0.001096326037927797,482528.0,870174.0,694351817.0,353586421.0,9114091.52,1.963740052675835,0.554518981261219,0.001096326037927797,1.0143377577706967,0.5671379814724524,2.332488899488808e-05,482528.0,870174.0,353586421.0,694351817.0,11632.0,20510.0,380623462.0,386080749.0
30.0,x264,mcf-attacker,10,1.9704401273997891,3725.1,0.0011562310824705117,521801.0,931770.0,698666020.0,354573585.0,6103203.84,1.9704401273997891,0.5600105176170085,0.0011562310824705117,0.6875908419272164,0.8632300033462089,0.001484088703645482,521801.0,931770.0,354573585.0,698666020.0,3531644.0,4091197.0,377034741.0,259245635.0
30.1,x264,mcf-attacker,10,1.9815214240246504,12011.100000000002,0.0011789483027649416,508167.0,926179.0,702575110.0,354563469.0,19678986.240000002,1.9815214240246504,0.5486703974069808,0.0011789483027649416,0.2212127632039576,0.8648186728151096,0.0035146228914893856,508167.0,926179.0,354563469.0,702575110.0,8479151.0,9804542.0,377107599.0,83421014.0
30.2,x264,mcf-attacker,10,1.9474950561324016,12347.3,0.0010834394359483673,485306.0,869127.0,689922736.0,354261611.0,20229816.32,1.9474950561324016,0.5583832972626556,0.0010834394359483673,0.22239765575231352,0.8594013239002003,0.0036747098531525997,485306.0,869127.0,354261611.0,689922736.0,8470415.0,9856181.0,377108957.0,83868148.0
30.3,x264,mcf-attacker,10,1.9747587442181556,12126.5,0.0014451996202824362,455733.0,966953.0,698544444.0,353736600.0,19868057.6,1.9747587442181556,0.4713083262578429,0.0014451996202824362,0.22292833434536005,0.8580545435185796,0.00371885511938785,455733.0,966953.0,353736600.0,698544444.0,8477548.0,9879964.0,377109609.0,84068417.0
30.4,x264,mcf-attacker,10,1.8127049251273604,12051.5,0.0013442667390599241,401356.0,871091.0,633424099.0,349435857.0,19745177.6,1.8127049251273604,0.4607509433572382,0.0013442667390599241,0.2224648886077465,0.8614774957275552,0.0036233913257518206,401356.0,871091.0,349435857.0,633424099.0,8416779.0,9770167.0,373514169.0,83093788.0
30.7,x264,mcf-attacker,10,2.5982555146685122,11544.2,0.0019324856294796488,295903.0,982512.0,923155957.0,355298373.0,18914017.28,2.5982555146685122,0.301169858485189,0.0019324856294796488,0.22292470750074092,0.8662143553542422,0.003508152647316178,295903.0,982512.0,355298373.0,923155957.0,8565662.0,9888617.0,377108733.0,84066854.0
30.8,x264,mcf-attacker,10,1.90252688701594,12549.8,0.0011614201017805309,275679.0,685445.0,671239314.0,352814627.0,20561592.32,1.90252688701594,0.4021898182932256,0.0011614201017805309,0.22094957259523804,0.8680117683212036,0.0034292736645837566,275679.0,685445.0,352814627.0,671239314.0,8504926.0,9798169.0,377118634.0,83324201.0
30.9,x264,mcf-attacker,10,1.9364636984143968,12540.599999999999,0.0012383555715198699,462559.0,902265.0,687584993.0,355072493.0,20546519.04,1.9364636984143968,0.5126642394418491,0.0012383555715198699,0.2209260190487452,0.8665834516686944,0.0034658377252820716,462559.0,902265.0,355072493.0,687584993.0,8489321.0,9796311.0,377106519.0,83312642.0
31.0,x264,mcf-attacker,10,1.9425427078320703,12738.800000000001,0.0010608406473603068,508252.0,884693.0,689314386.0,354851599.0,20871249.92,1.9425427078320703,0.5744953334094426,0.0010608406473603068,0.22115476784127458,0.8649708536712047,0.0035089744956823187,508252.0,884693.0,354851599.0,689314386.0,8476595.0,9799862.0,377109324.0,83399525.0
31.1,x264,mcf-attacker,10,1.9745527557018276,12703.599999999999,0.0011172201856527164,509330.0,905835.0,700775058.0,354903183.0,20813578.24,1.9745527557018276,0.5622767943389249,0.0011172201856527164,0.22148234133482053,0.8640374488791897,0.0035369501503822584,509330.0,905835.0,354903183.0,700775058.0,8477557.0,9811562.0,377162511.0,83534836.0
31.2,x264,mcf-attacker,10,1.9558528525014662,12607.9,0.0010782524928277153,487960.0,870305.0,693539374.0,354596908.0,20656783.36,1.9558528525014662,0.5606770040388139,0.0010782524928277153,0.2214752964235594,0.8627151988171127,0.0035739717470569554,487960.0,870305.0,354596908.0,693539374.0,8468396.0,9815981.0,377055303.0,83508435.0
31.3,x264,mcf-attacker,10,1.9391871497193032,12677.9,0.0009783385812547139,505241.0,852095.0,687507201.0,354533703.0,20771471.36,1.9391871497193032,0.5929397543701113,0.0009783385812547139,0.22115157538867486,0.8633271251681102,0.0035488188581789155,505241.0,852095.0,354533703.0,687507201.0,8453650.0,9791943.0,377109414.0,83398341.0
31.4,x264,mcf-attacker,10,1.9349859262231173,12681.6,0.0010249998419143646,536450.0,899058.0,684528278.0,353763957.0,20777533.44,1.9349859262231173,0.5966800807066952,0.0010249998419143646,0.2214035162471324,0.8631276804849239,0.0035634656254626166,536450.0,899058.0,353763957.0,684528278.0,8474147.0,9817953.0,377106486.0,83492702.0
31.5,x264,mcf-attacker,10,1.9259427438058507,12565.9,0.0010554103513051325,549330.0,922152.0,680336160.0,353248383.0,20587970.56,1.9259427438058507,0.5957043958045962,0.0010554103513051325,0.2209908218364871,0.8639247906175258,0.00353528701426918,549330.0,922152.0,353248383.0,680336160.0,8464304.0,9797501.0,377111390.0,83338156.0
31.6,x264,mcf-attacker,10,1.9539625861713066,12632.2,0.0010551004678787956,530050.0,904187.0,692872122.0,354598459.0,20696596.48,1.9539625861713066,0.5862172316124873,0.0010551004678787956,0.22147876992975996,0.863835212682454,0.00354490673564738,530050.0,904187.0,354598459.0,692872122.0,8480621.0,9817406.0,377100189.0,83519686.0
31.7,x264,mcf-attacker,10,2.0093180431010325,12613.899999999998,0.0011815493365489073,492404.0,909701.0,709646534.0,353177804.0,20666613.759999998,2.0093180431010325,0.5412811462227699,0.0011815493365489073,0.2212151134265688,0.863356645681508,0.0035529699035182403,492404.0,909701.0,353177804.0,709646534.0,8465919.0,9805819.0,377121123.0,83424892.0
31.8,x264,mcf-attacker,10,1.9311506732431414,12786.399999999998,0.0010136580825649234,505634.0,864575.0,683829356.0,354104610.0,20949237.759999998,1.9311506732431414,0.5848353237139635,0.0010136580825649234,0.221037669026914,0.863872356035193,0.003535763462329141,505634.0,864575.0,354104610.0,683829356.0,8461463.0,9794807.0,377102149.0,83353780.0
31.9,x264,mcf-attacker,10,1.936261012326519,12676.5,0.0010275448845303826,530192.0,893959.0,685466757.0,354015679.0,20769177.6,1.936261012326519,0.5930831279734305,0.0010275448845303826,0.22130458855311816,0.8633483265137252,0.003554206586727778,530192.0,893959.0,354015679.0,685466757.0,8467925.0,9808237.0,377105823.0,83455249.0
32.0,x264,mcf-attacker,10,1.9279969296001294,12646.199999999999,0.0010259901411238332,541179.0,905467.0,684554478.0,355059942.0,20719534.08,1.9279969296001294,0.5976794295098551,0.0010259901411238332,0.22133326608560225,0.8635522979560102,0.0035502426665931608,541179.0,905467.0,355059942.0,684554478.0,8473290.0,9812133.0,377113095.0,83467673.0
32.1,x264,mcf-attacker,10,1.9468182902887967,12706.099999999999,0.0010405549330761636,542408.0,911384.0,690332824.0,354595407.0,20817674.24,1.9468182902887967,0.5951475996945306,0.0010405549330761636,0.2215870172626147,0.8633143941227145,0.003557555629632569,542408.0,911384.0,354595407.0,690332824.0,8473202.0,9814735.0,377094033.0,83559142.0
32.2,x264,mcf-attacker,10,2.0106200272560497,12596.800000000001,0.0011530790950474705,485406.0,893788.0,712094280.0,354166511.0,20638597.12,2.0106200272560497,0.5430885176350544,0.0011530790950474705,0.2207664723557266,0.8635518924437823,0.0035393246768263696,485406.0,893788.0,354166511.0,712094280.0,8446085.0,9780634.0,377063175.0,83242907.0
32.3,x264,mcf-attacker,10,1.9350131252894038,12515.699999999999,0.0009681467738474134,496029.0,840013.0,687513064.0,355301499.0,20505722.88,1.9350131252894038,0.5905015755708543,0.0009681467738474134,0.22041712147727907,0.863055638972152,0.0035473749672078076,496029.0,840013.0,355301499.0,687513064.0,8432259.0,9770238.0,377174393.0,83135694.0
32.4,x264,mcf-attacker,10,1.9313117464643075,12631.400000000001,0.000993159819319151,536703.0,887234.0,681647228.0,352945209.0,20695285.76,1.9313117464643075,0.6049170793725218,0.000993159819319151,0.21991562451230834,0.8635180576887733,0.0035292440441157496,536703.0,887234.0,352945209.0,681647228.0,8419757.0,9750528.0,377069702.0,82923519.0
32.5,x264,mcf-attacker,10,1.9298587734085673,12672.4,0.0010497469670922189,544734.0,915445.0,681516497.0,353143197.0,20762460.16,1.9298587734085673,0.5950483098383846,0.0010497469670922189,0.22102458198056843,0.8636720083654463,0.003541852437781569,544734.0,915445.0,353143197.0,681516497.0,8461779.0,9797445.0,377109443.0,83350457.0
32.8,x264,mcf-attacker,10,2.0160391083301894,12706.100000000002,0.0011184707813166241,505660.0,900687.0,712034587.0,353184908.0,20817674.240000002,2.0160391083301894,0.5614158969764191,0.0011184707813166241,0.22072106738349664,0.8645014554534775,0.0035162995828301436,505660.0,900687.0,353184908.0,712034587.0,8460268.0,9786297.0,377109222.0,83235950.0
32.9,x264,mcf-attacker,10,1.9494502996591527,12656.7,0.001044896173434273,498394.0,867948.0,689472480.0,353675331.0,20736737.28,1.9494502996591527,0.5742210362832797,0.001044896173434273,0.22120580092955486,0.8632129335430967,0.003557241176374425,498394.0,867948.0,353675331.0,689472480.0,8465739.0,9807243.0,377119215.0,83420958.0
33.0,x264,mcf-attacker,10,1.938442603318137,12565.8,0.0010279973593968704,531082.0,894544.0,685361902.0,353563165.0,20587806.72,1.938442603318137,0.5936901929921837,0.0010279973593968704,0.22121281002446638,0.863604854860342,0.003546456750541986,531082.0,894544.0,353563165.0,685361902.0,8467947.0,9805349.0,377109350.0,83421419.0
33.1,x264,mcf-attacker,10,1.939138488048877,12608.699999999999,0.001037492249993036,533637.0,901759.0,688043249.0,354819036.0,20658094.08,1.939138488048877,0.5917734117430489,0.001037492249993036,0.22138314328896633,0.8635186074389394,0.0035508523287428526,533637.0,901759.0,354819036.0,688043249.0,8472070.0,9811103.0,377101855.0,83483994.0
33.2,x264,mcf-attacker,10,1.951996184120634,12635.5,0.0010044605614784581,537690.0,893971.0,692370790.0,354698844.0,20702003.2,1.951996184120634,0.6014624635474752,0.0010044605614784581,0.22150125129766865,0.8630089398723936,0.0035637420490631892,537690.0,893971.0,354698844.0,692370790.0,8466393.0,9810319.0,377110908.0,83530538.0
33.4,x264,mcf-attacker,10,1.9560783773324222,12664.0,0.0010434660380800312,491996.0,863291.0,696028519.0,355828543.0,20748697.6,1.9560783773324222,0.5699074819498872,0.0010434660380800312,0.22104196333469492,0.8626545230640099,0.003568460794936972,491996.0,863291.0,355828543.0,696028519.0,8452264.0,9797971.0,377111331.0,83357429.0
33.5,x264,mcf-attacker,10,1.9447539811616865,12615.2,0.0009708853200556406,509625.0,853531.0,688868756.0,354218972.0,20668743.68,1.9447539811616865,0.5970784892405783,0.0009708853200556406,0.22046688572715858,0.8638162576210253,0.0035284462455285473,509625.0,853531.0,354218972.0,688868756.0,8440486.0,9771159.0,377127185.0,83144056.0
33.6,x264,mcf-attacker,10,1.9321950573116162,12667.6,0.0010426821840574052,546769.0,917185.0,686418139.0,355253025.0,20754595.84,1.9321950573116162,0.596138183681591,0.0010426821840574052,0.2204622412605959,0.8633739479527889,0.003540690351910239,546769.0,917185.0,355253025.0,686418139.0,8438958.0,9774395.0,377168537.0,83151421.0
33.7,x264,mcf-attacker,10,2.0825761946775447,12668.3,0.0012435629392109563,478812.0,920859.0,740289478.0,355468136.0,20755742.72,2.0825761946775447,0.5199623395112607,0.0012435629392109563,0.22080037946028627,0.8646358228249554,0.0035112864688836643,478812.0,920859.0,355468136.0,740289478.0,8456939.0,9780926.0,377066073.0,83256332.0
33.8,x264,mcf-attacker,10,2.2033962920734615,11845.500000000002,0.0011609009893979185,410650.0,822202.0,781127899.0,354510853.0,19407667.200000003,2.2033962920734615,0.4994514729956872,0.0011609009893979185,0.22171883992105354,0.8657730137837802,0.003494562371239441,410650.0,822202.0,354510853.0,781127899.0,8500401.0,9818279.0,377122472.0,83615157.0
33.9,x264,mcf-attacker,10,1.9501411746612658,10359.9,0.0008529290333438893,529826.0,830429.0,687300191.0,352436121.0,16973660.16,1.9501411746612658,0.6380148092130694,0.0008529290333438893,0.9894346307552989,0.8507389865280038,0.000722077798487484,529826.0,830429.0,352436121.0,687300191.0,1532682.0,1801589.0,372407240.0,368472620.0
34.0,x264,mcf-attacker,10,1.9564706435591657,3691.7000000000003,0.0012469547662470346,517038.0,956499.0,689513821.0,352427379.0,6048481.28,1.9564706435591657,0.540552577681733,0.0012469547662470346,1.001329064742295,0.8906710914454278,6.289974618414392e-05,517038.0,956499.0,352427379.0,689513821.0,193240.0,216960.0,377108040.0,377609241.0
34.1,x264,mcf-attacker,10,1.9575515408892332,7324.9,0.0012252454012294362,472307.0,907311.0,694997712.0,355034183.0,12001116.16,1.9575515408892332,0.5205568983512819,0.0012252454012294362,0.2214833414084434,0.8644668818809529,0.003526018694632251,472307.0,907311.0,355034183.0,694997712.0,8481014.0,9810687.0,377103219.0,83522081.0
34.2,x264,mcf-attacker,10,2.021727135685918,12684.300000000001,0.001171397896022937,482948.0,897556.0,715576020.0,353942927.0,20781957.12,2.021727135685918,0.5380700479970052,0.001171397896022937,0.22118333584706537,0.8643759274229877,0.003524735193465337,482948.0,897556.0,353942927.0,715576020.0,8471471.0,9800679.0,377108613.0,83410141.0
34.3,x264,mcf-attacker,10,1.948352672093603,12675.8,0.0010241607875155895,497799.0,861473.0,691849579.0,355094634.0,20768030.72,1.948352672093603,0.5778463167156719,0.0010241607875155895,0.2214323518281578,0.8632792548063498,0.0035575206065492134,497799.0,861473.0,355094634.0,691849579.0,8471052.0,9812644.0,377114330.0,83505313.0
34.4,x264,mcf-attacker,10,1.9333489040563,12558.0,0.0010155702514411007,530745.0,889711.0,683366337.0,353462500.0,20575027.2,1.9333489040563,0.596536403393911,0.0010155702514411007,0.22105670974000644,0.863526522503154,0.003548361035428091,530745.0,889711.0,353462500.0,683366337.0,8466938.0,9805070.0,377112697.0,83363292.0
34.5,x264,mcf-attacker,10,1.9308940351905963,12642.8,0.0010127948019314935,540836.0,899584.0,683953326.0,354215878.0,20713963.52,1.9308940351905963,0.6012067800227661,0.0010127948019314935,0.22136325702119153,0.8639128830428552,0.003540319749757189,540836.0,899584.0,354215878.0,683953326.0,8475210.0,9810260.0,377098707.0,83475798.0
34.6,x264,mcf-attacker,10,1.954184348909089,12616.199999999999,0.0009987814085111405,537424.0,891857.0,693472481.0,354865436.0,20670382.08,1.954184348909089,0.6025898770767062,0.0009987814085111405,0.22133723005454425,0.8635743184738404,0.003550069093094132,537424.0,891857.0,354865436.0,693472481.0,8474456.0,9813233.0,377112942.0,83469134.0
34.9,x264,mcf-attacker,10,1.9453463973715108,12698.8,0.001014218341015684,500648.0,858176.0,685765361.0,352515810.0,20805713.919999998,1.9453463973715108,0.5833861585502275,0.001014218341015684,0.22078360281719359,0.8638667011272785,0.0035364142578576314,500648.0,858176.0,352515810.0,685765361.0,8463036.0,9796692.0,377120977.0,83262128.0
35.0,x264,mcf-attacker,10,1.935849677440556,12624.2,0.0010154723233502506,531198.0,890424.0,684811905.0,353752625.0,20683489.28,1.935849677440556,0.5965674779655535,0.0010154723233502506,0.22111385786448512,0.8635945443286054,0.003545491332818684,531198.0,890424.0,353752625.0,684811905.0,8464876.0,9801910.0,377108241.0,83383858.0
35.1,x264,mcf-attacker,10,1.9410059386798415,12623.099999999999,0.0010486141755691202,538749.0,909745.0,686721061.0,353796476.0,20681687.04,1.9410059386798415,0.5921978136730622,0.0010486141755691202,0.2212039915178915,0.8635534979358835,0.0035488982967359223,538749.0,909745.0,353796476.0,686721061.0,8470003.0,9808313.0,377105763.0,83417300.0
35.2,x264,mcf-attacker,10,1.9330201239113403,12568.5,0.0010357575207619325,543261.0,910342.0,685078260.0,354408240.0,20592230.4,1.9330201239113403,0.5967658308635656,0.0010357575207619325,0.22119645217113412,0.8634153125171982,0.0035473377483421233,543261.0,910342.0,354408240.0,685078260.0,8456211.0,9793909.0,377099136.0,83412991.0
35.3,x264,mcf-attacker,10,2.0133632880506465,12678.699999999999,0.0011941564091745487,494039.0,917453.0,713881529.0,354571643.0,20772782.08,2.0133632880506465,0.5384897100995909,0.0011941564091745487,0.22135601054854995,0.8634911006598491,0.003549544933743753,494039.0,917453.0,354571643.0,713881529.0,8467158.0,9805727.0,377110031.0,83475572.0
35.4,x264,mcf-attacker,10,1.9340897464186306,12746.5,0.0010007315442966346,502570.0,857735.0,686418839.0,354905371.0,20883865.6,1.9340897464186306,0.585926888840959,0.0010007315442966346,0.22141524745685282,0.8633279154566765,0.003557707599829072,502570.0,857735.0,354905371.0,686418839.0,8475190.0,9816884.0,377123179.0,83500822.0
35.5,x264,mcf-attacker,10,1.9158977699517408,12705.699999999999,0.0010144966448427468,539887.0,898577.0,677393439.0,353564501.0,20817018.88,1.9158977699517408,0.6008244146021988,0.0010144966448427468,0.2209090223230096,0.8637473174103033,0.003538321460407647,539887.0,898577.0,353564501.0,677393439.0,8458484.0,9792776.0,377097450.0,83304229.0
35.6,x264,mcf-attacker,10,1.9345136154009142,12695.0,0.001017285997101017,552858.0,913345.0,685517162.0,354361508.0,20799488.0,1.9345136154009142,0.6053112460242296,0.001017285997101017,0.2212443501851634,0.8635892746460495,0.003548347093973017,552858.0,913345.0,354361508.0,685517162.0,8471189.0,9809280.0,377102624.0,83431825.0
35.7,x264,mcf-attacker,10,1.9818444846137344,12647.7,0.0010581452886874213,502688.0,876517.0,700159940.0,353287024.0,20721991.68,1.9818444846137344,0.5735062754059533,0.0010581452886874213,0.22128616842459703,0.8631367439082086,0.003557982426127211,502688.0,876517.0,353287024.0,700159940.0,8461566.0,9803274.0,377097984.0,83446568.0
35.8,x264,mcf-attacker,10,1.9704443421518187,12600.599999999999,0.0011136617790688179,498585.0,892458.0,696894550.0,353673806.0,20644823.04,1.9704443421518187,0.5586649455772709,0.0011136617790688179,0.22108919453983442,0.8639507133240613,0.0035345446887284668,498585.0,892458.0,353673806.0,696894550.0,8464869.0,9797861.0,377132592.0,83379941.0
35.9,x264,mcf-attacker,10,1.9381183688459425,12672.2,0.0010149502268269976,525592.0,885394.0,687067057.0,354502113.0,20762132.48,1.9381183688459425,0.593624985034911,0.0010149502268269976,0.2211320570571809,0.8637367130258404,0.003542256640804396,525592.0,885394.0,354502113.0,687067057.0,8467230.0,9803022.0,377101982.0,83389337.0
36.0,x264,mcf-attacker,10,1.939615543184303,12700.599999999999,0.001029075135371348,540527.0,904196.0,685448536.0,353394021.0,20808663.04,1.939615543184303,0.597798486168928,0.001029075135371348,0.22115325466615982,0.8635980163382574,0.003546947523107622,540527.0,904196.0,353394021.0,685448536.0,8468709.0,9806309.0,377112994.0,83399766.0
36.1,x264,mcf-attacker,10,1.9306086932964555,12726.800000000001,0.0010467183003918662,541936.0,912392.0,683283720.0,353921394.0,20851589.12,1.9306086932964555,0.5939727660917675,0.0010467183003918662,0.2213590548302473,0.8636678198575432,0.003546140224808019,541936.0,912392.0,353921394.0,683283720.0,8471481.0,9808726.0,377098737.0,83474220.0
36.2,x264,mcf-attacker,10,2.016313172025944,12684.6,0.0011739259804074205,494005.0,909206.0,713141424.0,353685843.0,20782448.64,2.016313172025944,0.5433367135720618,0.0011739259804074205,0.2211748663925805,0.8636973154007358,0.003545849950205535,494005.0,909206.0,353685843.0,713141424.0,8473122.0,9810291.0,377108174.0,83406850.0
36.3,x264,mcf-attacker,10,1.945263319744568,12690.599999999999,0.001001047659804279,494831.0,849058.0,688343640.0,353856279.0,20792279.04,1.945263319744568,0.582799997173338,0.001001047659804279,0.22122547009422536,0.8632281695954424,0.0035568511704758606,494831.0,849058.0,353856279.0,688343640.0,8465727.0,9807056.0,377111365.0,83426639.0
36.4,x264,mcf-attacker,10,1.9355288325871949,12569.8,0.0010079946044957138,531097.0,888338.0,685966227.0,354407651.0,20594360.32,1.9355288325871949,0.5978546454164969,0.0010079946044957138,0.22115339053669517,0.8635310444736186,0.003543193504911597,531097.0,888338.0,354407651.0,685966227.0,8454848.0,9791018.0,377108955.0,83398924.0
36.5,x264,mcf-attacker,10,1.9131148250218022,12657.6,0.001017124208536632,565751.0,925620.0,676879690.0,353810279.0,20738211.84,1.9131148250218022,0.6112130247833885,0.001017124208536632,0.22113213980021204,0.863780567253597,0.003539127015336217,565751.0,925620.0,353810279.0,676879690.0,8463062.0,9797699.0,377109099.0,83390942.0
36.6,x264,mcf-attacker,10,1.975056617663474,12651.6,0.0010452813233817455,516697.0,886823.0,699352212.0,354092235.0,20728381.44,1.975056617663474,0.5826382491207377,0.0010452813233817455,0.22118646611998916,0.8643243956045751,0.0035251060753687053,516697.0,886823.0,354092235.0,699352212.0,8468341.0,9797642.0,377095319.0,83408381.0
36.7,x264,mcf-attacker,10,2.194920886385235,12698.600000000002,0.0013561971309092567,445041.0,925857.0,778170855.0,354532530.0,20805386.240000002,2.194920886385235,0.4806800618238022,0.0013561971309092567,0.22143552471850558,0.8651156615250676,0.0035104871111445316,445041.0,925857.0,354532530.0,778170855.0,8490079.0,9813808.0,377078439.0,83498562.0
37.0,x264,mcf-attacker,10,1.8867552449738159,12570.8,0.0008958663352022136,595165.0,913835.0,671140627.0,355711547.0,20595998.72,1.8867552449738159,0.6512827808083517,0.0008958663352022136,0.22094974399368328,0.8613975576315716,0.0035992587350083417,595165.0,913835.0,355711547.0,671140627.0,8434568.0,9791725.0,377065696.0,83312569.0
37.1,x264,mcf-attacker,10,1.9350814661752387,12622.7,0.0009877151618590033,538761.0,889857.0,687849482.0,355462803.0,20681031.68,1.9350814661752387,0.6054467178434287,0.0009877151618590033,0.2209034355608856,0.8625094551080456,0.0035700655759812413,538761.0,889857.0,355462803.0,687849482.0,8447114.0,9793648.0,377173464.0,83318914.0
37.2,x264,mcf-attacker,10,1.9855295036520357,12619.2,0.0011305559042499684,500894.0,902195.0,704781579.0,354959006.0,20675297.28,1.9855295036520357,0.5551948303858922,0.0011305559042499684,0.2206686753687268,0.8628341181146277,0.0035576745427285048,500894.0,902195.0,354959006.0,704781579.0,8440906.0,9782768.0,377173905.0,83230466.0
37.3,x264,mcf-attacker,10,1.9227734310895628,12742.5,0.0009731986745721623,519893.0,864631.0,681107655.0,354231884.0,20877312.0,1.9227734310895628,0.6012888735194551,0.0009731986745721623,0.22069028695559725,0.8624149397457807,0.0035688059268246244,519893.0,864631.0,354231884.0,681107655.0,8434400.0,9779979.0,377038995.0,83208844.0
37.4,x264,mcf-attacker,10,1.9236407514294274,12685.1,0.0010222550370600479,535642.0,896609.0,679254008.0,353108556.0,20783267.84,1.9236407514294274,0.5974086809300375,0.0010222550370600479,0.22133055396165924,0.863089520919619,0.0035606573885398262,535642.0,896609.0,353108556.0,679254008.0,8464785.0,9807540.0,377108734.0,83465685.0
37.5,x264,mcf-attacker,10,1.9167434271272366,12676.0,0.0010218625097368726,539542.0,901323.0,678605338.0,354040780.0,20768358.4,1.9167434271272366,0.5986111527166177,0.0010218625097368726,0.22119130622379551,0.8634174116097448,0.0035526327917780793,539542.0,901323.0,354040780.0,678605338.0,8469188.0,9808915.0,377108212.0,83413058.0
37.6,x264,mcf-attacker,10,1.9302289432887665,12747.3,0.0009956804761941825,536705.0,890276.0,685433725.0,355104884.0,20885176.32,1.9302289432887665,0.602852373870575,0.0009956804761941825,0.22145243160549272,0.8636439921609873,0.0035506820252899224,536705.0,890276.0,355104884.0,685433725.0,8480642.0,9819604.0,377099946.0,83509700.0
37.7,x264,mcf-attacker,10,1.993498603336598,12633.800000000001,0.0011554720351260972,493324.0,903148.0,707056118.0,354681020.0,20699217.92,1.993498603336598,0.5462271964284924,0.0011554720351260972,0.22146485361680507,0.8628456800019066,0.00357090720285168,493324.0,903148.0,354681020.0,707056118.0,8471890.0,9818546.0,377118733.0,83518545.0
37.8,x264,mcf-attacker,10,1.9345057020297194,12578.0,0.0009620190713160845,506978.0,847128.0,684001112.0,353579269.0,20607795.2,1.9345057020297194,0.5984668196541727,0.0009620190713160845,0.22110549898876655,0.8635843168257349,0.003545261558031768,506978.0,847128.0,353579269.0,684001112.0,8463660.0,9800618.0,377111245.0,83381370.0
37.9,x264,mcf-attacker,10,1.940647230429773,5952.6,0.000983317580823405,537932.0,883138.0,681288610.0,351062573.0,9752739.84,1.940647230429773,0.6091143173547056,0.000983317580823405,0.6741465299205052,0.8584009062523166,0.002149070916220109,537932.0,883138.0,351062573.0,681288610.0,4851930.0,5652289.0,372420935.0,251066281.0
38.0,x264,mcf-attacker,10,1.9591841489004282,3759.5,0.0012661903396222014,517676.0,967493.0,696004628.0,355252276.0,6159564.8,1.9591841489004282,0.535069504378843,0.0012661903396222014,1.0135016563814703,0.6679607035335129,2.2228467219892608e-05,517676.0,967493.0,355252276.0,696004628.0,16862.0,25244.0,377084030.0,382175289.0
38.1,x264,mcf-attacker,10,2.0335094720886664,11577.4,0.0013598433140844034,462147.0,944727.0,721650054.0,354879121.0,18968412.16,2.0335094720886664,0.489185764776491,0.0013598433140844034,0.5197124070063102,0.8650394040690743,0.0021837635922610367,462147.0,944727.0,354879121.0,721650054.0,5278281.0,6101781.0,377101259.0,195984203.0
38.2,x264,mcf-attacker,10,1.9486670611964143,12646.900000000001,0.0010721276037410298,477765.0,858660.0,692303358.0,355270211.0,20720680.96,1.9486670611964143,0.5564076584445531,0.0010721276037410298,0.22063556918281407,0.8646052388443375,0.003511967762034973,477765.0,858660.0,355270211.0,692303358.0,8459685.0,9784448.0,377213884.0,83226800.0
38.3,x264,mcf-attacker,10,1.9226609769250422,12540.500000000002,0.0010740778685162258,534862.0,914202.0,679040353.0,353177373.0,20546355.200000003,1.9226609769250422,0.5850588819538789,0.0010740778685162258,0.2205566474144885,0.8642969043332829,0.0035184996990035603,534862.0,914202.0,353177373.0,679040353.0,8450389.0,9777183.0,377090838.0,83169891.0
38.5,x264,mcf-attacker,10,1.971403415475198,12654.099999999999,0.00111890306394622,511847.0,907688.0,697435126.0,353775955.0,20732477.439999998,1.971403415475198,0.5639019134328095,0.00111890306394622,0.2210200910512293,0.8644842311814384,0.0035212699438061656,511847.0,907688.0,353775955.0,697435126.0,8471100.0,9799022.0,377114513.0,83349884.0
38.6,x264,mcf-attacker,10,1.9610811006348172,12706.399999999998,0.0010691413686147475,497264.0,876457.0,695537791.0,354670590.0,20818165.759999998,1.9610811006348172,0.5673569838565954,0.0010691413686147475,0.22102553185393806,0.8631824268005444,0.0035530593791032123,497264.0,876457.0,354670590.0,695537791.0,8453502.0,9793413.0,377114722.0,83351982.0
38.7,x264,mcf-attacker,10,1.9308523010602057,12706.100000000002,0.0010117468504956476,530150.0,888212.0,683337770.0,353904734.0,20817674.240000002,1.9308523010602057,0.5968732689943392,0.0010117468504956476,0.22067117149029772,0.864201444049373,0.003522976216213374,530150.0,888212.0,353904734.0,683337770.0,8454761.0,9783322.0,377113247.0,83218022.0
38.8,x264,mcf-attacker,10,1.9269807148925744,12654.9,0.0010205459018792246,541190.0,901070.0,679520459.0,352634800.0,20733788.16,1.9269807148925744,0.6006081658472705,0.0010205459018792246,0.22091468341360027,0.8640152425512643,0.0035304380485152117,541190.0,901070.0,352634800.0,679520459.0,8459130.0,9790487.0,377108161.0,83308730.0
39.1,x264,mcf-attacker,10,1.9820583361031598,12675.900000000001,0.0011921718470109496,493373.0,916703.0,703811919.0,355091425.0,20768194.560000002,1.9820583361031598,0.5382037584692098,0.0011921718470109496,0.2210943313939258,0.8633520750983399,0.00354778922531259,493373.0,916703.0,355091425.0,703811919.0,8452898.0,9790789.0,377105548.0,83375899.0
39.2,x264,mcf-attacker,10,1.9350299604612562,12690.699999999999,0.0010157888522395982,522303.0,882715.0,686567899.0,354809958.0,20792442.88,1.9350299604612562,0.5917006055182024,0.0010157888522395982,0.2208969507371287,0.8639356554023808,0.0035343013402448537,522303.0,882715.0,354809958.0,686567899.0,8463118.0,9796005.0,377128850.0,83306613.0
39.3,x264,mcf-attacker,10,1.9340955565242284,12686.000000000002,0.0010550738020944231,548443.0,920500.0,682031711.0,352635995.0,20784742.400000002,1.9340955565242284,0.5958098859315589,0.0010550738020944231,0.22067678300409363,0.8638986145568663,0.003531681028857399,548443.0,920500.0,352635995.0,682031711.0,8453584.0,9785389.0,377102289.0,83217720.0
39.4,x264,mcf-attacker,10,1.9263099062334146,12729.300000000001,0.0010409483483020357,549010.0,917546.0,681988255.0,354038700.0,20855685.12,1.9263099062334146,0.5983460229786844,0.0010409483483020357,0.221125343604371,0.8637366968498822,0.003540662851713963,549010.0,917546.0,354038700.0,681988255.0,8463508.0,9798713.0,377105942.0,83387681.0
39.5,x264,mcf-attacker,10,2.010116653735718,12669.7,0.0011714795657543323,502110.0,916472.0,710994866.0,353708261.0,20758036.48,2.010116653735718,0.5478727118777224,0.0011714795657543323,0.22100067593536502,0.8636241590456964,0.003542361245938212,502110.0,916472.0,353708261.0,710994866.0,8459304.0,9795122.0,377098186.0,83338954.0
39.6,x264,mcf-attacker,10,1.9402349953712519,12566.300000000001,0.001007488125624888,498368.0,854730.0,686287020.0,353713350.0,20588625.92,1.9402349953712519,0.5830706772899044,0.001007488125624888,0.22082053584929626,0.8633521627677735,0.0035442827518904632,498368.0,854730.0,353713350.0,686287020.0,8444874.0,9781494.0,377120025.0,83275846.0
39.7,x264,mcf-attacker,10,1.9309634576487082,12627.5,0.0010207850307381587,531014.0,892317.0,683457211.0,353946217.0,20688896.0,1.9309634576487082,0.5950956890880708,0.0010207850307381587,0.22104967036542197,0.8635856957638597,0.003545043013254503,531014.0,892317.0,353946217.0,683457211.0,8463145.0,9800006.0,377107131.0,83359407.0
39.8,x264,mcf-attacker,10,2.298621282184003,12259.9,0.0015659119481172762,439648.0,994163.0,813979344.0,354116335.0,20086620.16,2.298621282184003,0.44222929237961983,0.0015659119481172762,0.2216925295830666,0.8665039067567646,0.003479156856647508,439648.0,994163.0,354116335.0,813979344.0,8515977.0,9827973.0,377101710.0,83600632.0
39.9,x264,mcf-attacker,10,1.923883115852165,12568.599999999999,0.0007255282514020136,505337.0,762515.0,681958850.0,354470001.0,20592394.24,1.923883115852165,0.6627240119866494,0.0007255282514020136,0.2210444773565533,0.8643905242375118,0.0035240774001037162,505337.0,762515.0,354470001.0,681958850.0,8471130.0,9800119.0,377116859.0,83359599.0
40.0,x264,mcf-attacker,10,1.8950356671538449,12740.3,0.0008759428665045293,521493.0,832194.0,672177946.0,354704641.0,20873707.52,1.8950356671538449,0.6266483536290817,0.0008759428665045293,0.22130326291779862,0.8616772001841276,0.00359846114520299,521493.0,832194.0,354704641.0,672177946.0,8453560.0,9810588.0,377113423.0,83456431.0
40.1,x264,mcf-attacker,10,1.9085052292516893,12682.8,0.0009570378983507592,545049.0,884099.0,676126514.0,354270192.0,20779499.52,1.9085052292516893,0.6165022242984101,0.0009570378983507592,0.22106048799177155,0.8620270346324348,0.0035820007902935868,545049.0,884099.0,354270192.0,676126514.0,8439530.0,9790331.0,377107957.0,83363669.0
40.2,x264,mcf-attacker,10,1.8975584457044234,12561.0,0.0010446656413560355,557728.0,928079.0,672715403.0,354516302.0,20579942.4,1.8975584457044234,0.6009488416395588,0.0010446656413560355,0.22109115155298303,0.8630192426102097,0.003563233118587444,557728.0,928079.0,354516302.0,672715403.0,8465770.0,9809480.0,377104151.0,83374391.0
40.3,x264,mcf-attacker,10,1.9528454980059804,12696.999999999998,0.001037101209674885,521268.0,888063.0,690669298.0,353673293.0,20802764.799999997,1.9528454980059804,0.5869718702389357,0.001037101209674885,0.22124639049203698,0.863527256947897,0.003548694218841591,521268.0,888063.0,353673293.0,690669298.0,8467459.0,9805665.0,377098143.0,83431603.0
40.4,x264,mcf-attacker,10,2.0084351679223755,12694.6,0.0011367461382765533,496994.0,900162.0,712328604.0,354668458.0,20798832.64,2.0084351679223755,0.5521161746441197,0.0011367461382765533,0.22121509556982547,0.8631975110120897,0.0035547189758337976,496994.0,900162.0,354668458.0,712328604.0,8458475.0,9799003.0,377112230.0,83422918.0
40.5,x264,mcf-attacker,10,1.9257473903841693,12634.1,0.001032508261582347,511477.0,876131.0,680121908.0,353172961.0,20699709.44,1.9257473903841693,0.5837905518695263,0.001032508261582347,0.22071634065063678,0.8634236109314689,0.0035420172797515173,511477.0,876131.0,353172961.0,680121908.0,8444491.0,9780241.0,377115608.0,83235577.0
40.6,x264,mcf-attacker,10,1.930738222204306,12696.7,0.0010244925316136477,524499.0,887058.0,683271471.0,353891306.0,20802273.28,1.930738222204306,0.5912792624608537,0.0010244925316136477,0.22099925766225723,0.863624566675066,0.0035433609319494067,524499.0,887058.0,353891306.0,683271471.0,8462107.0,9798363.0,377115407.0,83342225.0
40.7,x264,mcf-attacker,10,1.9329937326883657,12680.699999999999,0.0010416556987325166,527476.0,896485.0,684767611.0,354252370.0,20776058.88,1.9329937326883657,0.5883824046135742,0.0010416556987325166,0.22125304116887612,0.8636933955721259,0.0035465006341405935,527476.0,896485.0,354252370.0,684767611.0,8474462.0,9811887.0,377111169.0,83436993.0
40.8,x264,mcf-attacker,10,1.9310609028034755,12695.7,0.0010403318762286942,533550.0,901777.0,683501851.0,353951473.0,20800634.880000003,1.9310609028034755,0.5916651234174303,0.0010403318762286942,0.22116207815574646,0.8642589904994005,0.0035257259069040757,533550.0,901777.0,353951473.0,683501851.0,8465110.0,9794645.0,377095394.0,83399201.0
40.9,x264,mcf-attacker,10,1.9165338970461003,12676.099999999999,0.0010013547691178268,511306.0,866033.0,678926531.0,354247077.0,20768522.24,1.9165338970461003,0.5904001348678399,0.0010013547691178268,0.2209127427109515,0.8640136419687554,0.0035325698054149094,511306.0,866033.0,354247077.0,678926531.0,8464085.0,9796240.0,377106490.0,83307629.0
41.2,x264,mcf-attacker,10,1.9247422918128223,12131.300000000001,0.0010008725578750722,542797.0,898031.0,683137826.0,354924308.0,19875921.92,1.9247422918128223,0.6044301365988479,0.0010008725578750722,0.22190307796915595,0.8613255678030773,0.0036183901403014735,542797.0,898031.0,354924308.0,683137826.0,8475205.0,9839723.0,377106378.0,83681066.0
41.3,x264,mcf-attacker,10,1.9662467174398437,12117.1,0.00131059605921436,443298.0,906972.0,695635756.0,353788642.0,19852656.64,1.9662467174398437,0.4887670181659412,0.00131059605921436,0.22290556920039736,0.857515204610148,0.0037314460085227413,443298.0,906972.0,353788642.0,695635756.0,8468779.0,9875952.0,377111982.0,84060361.0
41.4,x264,mcf-attacker,10,1.9941874866936717,11847.9,0.0015109148604325801,428965.0,963275.0,705211355.0,353633427.0,19411599.36,1.9941874866936717,0.44531935324803407,0.0015109148604325801,0.22267387336775743,0.8591513934983552,0.003686431654823382,428965.0,963275.0,353633427.0,705211355.0,8479899.0,9870087.0,377109392.0,83972409.0
41.5,x264,mcf-attacker,10,0.9136196245874968,14735.3,0.0005844385268329829,326046.0,531892.0,321787385.0,352211551.0,24142315.52,0.9136196245874968,0.6129928632128326,0.0005844385268329829,0.21985539139989468,0.869387320390966,0.0033723750025145558,326046.0,531892.0,352211551.0,321787385.0,8464967.0,9736704.0,377104266.0,82908406.0
41.6,x264,mcf-attacker,10,1.9350712133031933,11351.100000000002,0.0013412148139578838,287360.0,762327.0,685270517.0,354131937.0,18597642.240000002,1.9350712133031933,0.37695109841314817,0.0013412148139578838,0.2210366426351712,0.8693161326403255,0.003395816034747958,287360.0,762327.0,354131937.0,685270517.0,8518281.0,9798830.0,377096105.0,83352057.0
41.7,x264,mcf-attacker,10,2.1522825970766086,12127.0,0.001380519123969101,262489.0,752563.0,764044281.0,354992547.0,19868876.8,2.1522825970766086,0.3487933900550519,0.001380519123969101,0.22188937748491597,0.8661049162485664,0.0034904260981730296,262489.0,752563.0,354992547.0,764044281.0,8514829.0,9831175.0,377130460.0,83681243.0
41.8,x264,mcf-attacker,10,1.9086868620753417,12680.3,0.0012738452153605538,435766.0,886420.0,675244809.0,353774536.0,20775403.52,1.9086868620753417,0.49160217504117687,0.0012738452153605538,0.22042177384465006,0.8681112644897813,0.0034173902391165193,435766.0,886420.0,353774536.0,675244809.0,8482336.0,9771024.0,377097115.0,83120415.0
41.9,x264,mcf-attacker,10,1.9972021423672857,10708.599999999999,0.0011957117880023913,469400.0,893848.0,708957178.0,354975174.0,17544970.24,1.9972021423672857,0.5251452148463721,0.0011957117880023913,0.26112827620912005,0.8659455396046051,0.0034010001719364906,469400.0,893848.0,354975174.0,708957178.0,8284714.0,9567246.0,377104362.0,98472612.0
42.0,x264,mcf-attacker,10,1.9979384011734942,3673.0,0.0011254920573196365,476866.0,874545.0,705947359.0,353337900.0,6017843.2,1.9979384011734942,0.5452732563790313,0.0011254920573196365,1.1110336411832749,0.3217444342787435,0.00011344064407697516,476866.0,874545.0,353337900.0,705947359.0,20045.0,62301.0,372494359.0,413853764.0
42.1,x264,mcf-attacker,10,1.9685290438060183,6827.1,0.0011814272447637504,485406.0,904703.0,698645072.0,354907170.0,11185520.64,1.9685290438060183,0.5365362997580422,0.0011814272447637504,0.8415425373277823,0.8552226057333526,0.000845578782025908,485406.0,904703.0,354907170.0,698645072.0,1883343.0,2202167.0,377048250.0,317302141.0
42.2,x264,mcf-attacker,10,1.9402369902603016,12578.3,0.0010535181530001343,514789.0,888684.0,688592700.0,354901336.0,20608286.72,1.9402369902603016,0.5792711469993833,0.0010535181530001343,0.22133714896473036,0.8636820766601014,0.0035463215372082474,514789.0,888684.0,354901336.0,688592700.0,8472906.0,9810214.0,377097222.0,83465624.0
42.3,x264,mcf-attacker,10,1.9418099077668445,12559.8,0.0009892548628858612,534728.0,883803.0,685199860.0,352866600.0,20577976.32,1.9418099077668445,0.6050307591171336,0.0009892548628858612,0.22121257943741818,0.8631924410907831,0.0035585529069304405,534728.0,883803.0,352866600.0,685199860.0,8467267.0,9809246.0,377113685.0,83422291.0
42.4,x264,mcf-attacker,10,1.9837119657016054,12686.6,0.0011320981716342804,519548.0,920766.0,703031740.0,354402127.0,20785725.44,1.9837119657016054,0.5642562822693279,0.0011320981716342804,0.22148802739693807,0.8632280638578558,0.0035614317023170343,519548.0,920766.0,354402127.0,703031740.0,8476411.0,9819434.0,377101995.0,83523577.0
42.5,x264,mcf-attacker,10,1.9574289319165847,12636.5,0.0010775324055208072,501532.0,882603.0,692247766.0,353651545.0,20703641.6,1.9574289319165847,0.5682418935806925,0.0010775324055208072,0.22122675402791925,0.862884223429639,0.003565839622246108,501532.0,882603.0,353651545.0,692247766.0,8462605.0,9807347.0,377117914.0,83428572.0
42.6,x264,mcf-attacker,10,1.9406542266769393,12724.7,0.0010086921858329064,528341.0,885320.0,686802986.0,353902811.0,20848148.48,1.9406542266769393,0.5967796954773416,0.0010086921858329064,0.22115124390051125,0.8636681944888908,0.0035461378260766944,528341.0,885320.0,353902811.0,686802986.0,8471679.0,9808951.0,377106606.0,83397595.0
42.7,x264,mcf-attacker,10,1.9357219562384083,12752.2,0.0010569194286441416,549768.0,924061.0,685508430.0,354135793.0,20893204.48,1.9357219562384083,0.5949477361343029,0.0010569194286441416,0.22118693400736839,0.8635232192321238,0.0035493054020176665,549768.0,924061.0,354135793.0,685508430.0,8468795.0,9807258.0,377105616.0,83410835.0
42.8,x264,mcf-attacker,10,1.944828932160008,12704.0,0.0010422411833367902,529679.0,898185.0,687634630.0,353570753.0,20814233.6,1.944828932160008,0.5897214939015905,0.0010422411833367902,0.22118975741936928,0.8641466083697791,0.0035320047312078287,529679.0,898185.0,353570753.0,687634630.0,8472350.0,9804297.0,377107932.0,83412412.0
42.9,x264,mcf-attacker,10,1.9844800688814745,12678.699999999999,0.0011226597139998367,506053.0,904869.0,704970877.0,355242105.0,20772782.08,1.9844800688814745,0.5592555386470307,0.0011226597139998367,0.2217775038830162,0.8636795252527358,0.0035538582523751997,506053.0,904869.0,355242105.0,704970877.0,8490760.0,9830915.0,377098608.0,83631988.0
43.0,x264,mcf-attacker,10,1.97109096291844,12561.7,0.00108068388813287,494221.0,876713.0,697638350.0,353935137.0,20581089.28,1.97109096291844,0.5637203965265714,0.00108068388813287,0.2211947220428769,0.8628882647408616,0.003562078291874528,494221.0,876713.0,353935137.0,697638350.0,8376449.0,9707455.0,373659951.0,82651609.0
43.3,x264,mcf-attacker,10,1.9415432480919796,12753.199999999999,0.0010150230938638521,529157.0,887349.0,685152154.0,352890493.0,20894842.88,1.9415432480919796,0.5963347003264781,0.0010150230938638521,0.2212594832521001,0.8633882003960215,0.0035537529462598364,529157.0,887349.0,352890493.0,685152154.0,8469903.0,9810075.0,377114566.0,83440174.0
43.4,x264,mcf-attacker,10,1.9500882215553093,12679.3,0.0010149428252446621,525258.0,884269.0,689795627.0,353725344.0,20773765.119999997,1.9500882215553093,0.5940025037629952,0.0010149428252446621,0.22146852480650028,0.863476146569835,0.003557133172839319,525258.0,884269.0,353725344.0,689795627.0,8483673.0,9825023.0,377087372.0,83512984.0
43.6,x264,mcf-attacker,10,1.9717369027459861,12658.4,0.0010754739834000905,495144.0,875333.0,697025398.0,353508319.0,20739522.56,1.9717369027459861,0.5656635817454615,0.0010754739834000905,0.22117381446720782,0.8629820034633282,0.0035622253712733315,495144.0,875333.0,353508319.0,697025398.0,8461057.0,9804442.0,377119598.0,83408980.0
43.7,x264,mcf-attacker,10,1.9408870791391195,12637.2,0.0010261384453941402,526264.0,889569.0,687172363.0,354050666.0,20704788.48,1.9408870791391195,0.5915943563680839,0.0010261384453941402,0.2211726621823634,0.8635334459632062,0.0035486353530738927,526264.0,889569.0,354050666.0,687172363.0,8467948.0,9806161.0,377106371.0,83405620.0
43.8,x264,mcf-attacker,10,1.9396655774459604,12687.2,0.0010171121533284436,551069.0,910406.0,685267212.0,353291423.0,20786708.48,1.9396655774459604,0.6053002726256198,0.0010171121533284436,0.2208192758846784,0.8641549664255282,0.003525527364357792,551069.0,910406.0,353291423.0,685267212.0,8457527.0,9787049.0,377112943.0,83273807.0
43.9,x264,mcf-attacker,10,1.948093595169925,12555.9,0.0010330586158772306,525465.0,891140.0,689572803.0,353973138.0,20571586.56,1.948093595169925,0.5896548241578203,0.0010330586158772306,0.22144949805753497,0.863425569835313,0.0035527600060059443,525465.0,891140.0,353973138.0,689572803.0,8469736.0,9809457.0,377093020.0,83507060.0
44.0,x264,mcf-attacker,10,1.988540679170055,12692.9,0.0011068844197472901,515112.0,908285.0,706343400.0,355206915.0,20796047.36,1.988540679170055,0.5671259571610232,0.0011068844197472901,0.22159948524405193,0.8635509405251693,0.003552116014030836,515112.0,908285.0,355206915.0,706343400.0,8477401.0,9816909.0,377101422.0,83565481.0
44.1,x264,mcf-attacker,10,1.9745314860963037,12688.699999999999,0.0010745962209068906,487367.0,868607.0,700514639.0,354775117.0,20789166.08,1.9745314860963037,0.5610903435040243,0.0010745962209068906,0.22143652382997164,0.8624344097998042,0.0035789619035244812,487367.0,868607.0,354775117.0,700514639.0,8461601.0,9811298.0,377119689.0,83508073.0
44.2,x264,mcf-attacker,10,1.947302434041826,12622.9,0.0009912341886541946,516066.0,867889.0,691164401.0,354934287.0,20681359.36,1.947302434041826,0.5946221233360487,0.0009912341886541946,0.22145794300018662,0.863262679701634,0.0035577392680539014,516066.0,867889.0,354934287.0,691164401.0,8470658.0,9812376.0,377126568.0,83517674.0
44.3,x264,mcf-attacker,10,1.943868347956863,12701.900000000001,0.001034346776898397,516779.0,881590.0,685596525.0,352696995.0,20810792.96,1.943868347956863,0.5861897253825474,0.001034346776898397,0.22121119614916643,0.8633069332331085,0.003555135717300971,516779.0,881590.0,352696995.0,685596525.0,8466698.0,9807286.0,377084901.0,83415402.0
44.4,x264,mcf-attacker,10,1.9365268247181568,12692.2,0.0010206644215741988,546003.0,908098.0,687010016.0,354764007.0,20794900.48,1.9365268247181568,0.6012599961678144,0.0010206644215741988,0.22134665702463469,0.8630255366417876,0.003566687023660485,546003.0,908098.0,354764007.0,687010016.0,8474714.0,9819772.0,377116913.0,83473568.0
44.5,x264,mcf-attacker,10,1.965011961818928,12857.2,0.0009924519535121359,528661.0,876409.0,688526006.0,350392781.0,21065236.48,1.965011961818928,0.6032126552785286,0.0009924519535121359,0.22053321654114616,0.8658035512420709,0.003476966397666542,528661.0,876409.0,350392781.0,688526006.0,8459331.0,9770497.0,377100567.0,83163201.0
44.6,x264,mcf-attacker,10,1.999791046591243,12880.900000000001,0.00114236469538464,492539.0,885447.0,687813536.0,343942702.0,21104066.560000002,1.999791046591243,0.5562602843535525,0.00114236469538464,0.2210116586723873,0.8650149756350064,0.0035048925405173257,492539.0,885447.0,343942702.0,687813536.0,8387257.0,9696083.0,373428282.0,82532004.0
44.7,x264,mcf-attacker,10,2.2988616734109515,12252.3,0.0013010048689595527,341781.0,803062.0,815078588.0,354557474.0,20074168.32,2.2988616734109515,0.4255972764244853,0.0013010048689595527,0.22155521574709236,0.8673622208497744,0.003456018770555881,341781.0,803062.0,354557474.0,815078588.0,8606190.0,9922256.0,380804066.0,84369127.0
44.8,x264,mcf-attacker,10,1.8910291538948794,12425.7,0.000801428457203837,572044.0,854548.0,666588883.0,352500585.0,20358266.880000003,1.8910291538948794,0.6694111974985606,0.000801428457203837,0.2212364227342207,0.8633721777828345,0.003553820013904978,572044.0,854548.0,352500585.0,666588883.0,8468702.0,9808866.0,377105198.0,83429405.0
44.9,x264,mcf-attacker,10,1.9065085357490854,12686.5,0.0009543609122512533,568333.0,906325.0,675200152.0,354155326.0,20785561.6,1.9065085357490854,0.6270741731718754,0.0009543609122512533,0.2216066176637201,0.8618565635552293,0.003599633688034889,568333.0,906325.0,354155326.0,675200152.0,8468912.0,9826359.0,377106983.0,83569403.0
45.0,x264,mcf-attacker,10,1.9584468592707818,12753.800000000001,0.0010401604556537999,516422.0,884439.0,692913996.0,353807913.0,20895825.92,1.9584468592707818,0.5838978154513765,0.0010401604556537999,0.2213010993563438,0.8634124367428309,0.0035523187105829346,516422.0,884439.0,353807913.0,692913996.0,8467990.0,9807584.0,377104114.0,83453555.0
45.1,x264,mcf-attacker,10,1.9648266307577515,12720.3,0.0010836721077197543,493231.0,877655.0,697006509.0,354741990.0,20840939.52,1.9648266307577515,0.5619873412673545,0.0010836721077197543,0.22169415473600107,0.8622348336009384,0.0035895797823124473,493231.0,877655.0,354741990.0,697006509.0,8472360.0,9826047.0,377115730.0,83604353.0
45.3,x264,mcf-attacker,10,1.9381081360465484,12569.0,0.00099724862759504,529174.0,881498.0,684725947.0,353296049.0,20593049.6,1.9381081360465484,0.6003121958302798,0.00099724862759504,0.2211921101989584,0.8629746928131843,0.0035604629046480226,529174.0,881498.0,353296049.0,684725947.0,8456012.0,9798679.0,377104617.0,83412566.0
45.5,x264,mcf-attacker,10,1.9212906317310185,12613.800000000001,0.00101721300425262,552936.0,913932.0,681841689.0,354887323.0,20666449.92,1.9212906317310185,0.6050078123974213,0.00101721300425262,0.221679106024986,0.863188985293254,0.003564759529396605,552936.0,913932.0,354887323.0,681841689.0,8481373.0,9825627.0,377095282.0,83594145.0
45.6,x264,mcf-attacker,10,1.97006462769971,12770.2,0.0010294098771832351,508500.0,872699.0,696996972.0,353793963.0,20922695.68,1.97006462769971,0.5826751262462774,0.0010294098771832351,0.22132789309255005,0.8640253345399536,0.0035369695476787934,508500.0,872699.0,353793963.0,696996972.0,8475412.0,9809217.0,377103897.0,83463611.0
45.7,x264,mcf-attacker,10,1.985222060680352,12690.8,0.0011365596712247061,495198.0,898431.0,704324698.0,354783836.0,20792606.72,1.985222060680352,0.5511808920217579,0.0011365596712247061,0.22142947847504987,0.8627643083382177,0.0035725509012822783,495198.0,898431.0,354783836.0,704324698.0,8469790.0,9817038.0,377110932.0,83503477.0
45.8,x264,mcf-attacker,10,1.9569565964195483,12728.599999999999,0.0009906828909542825,501017.0,851420.0,692172509.0,353698447.0,20854538.24,1.9569565964195483,0.5884487092151934,0.0009906828909542825,0.22101821509491257,0.8643328975547556,0.003525617976752829,501017.0,851420.0,353698447.0,692172509.0,8470535.0,9800084.0,377110909.0,83348380.0
45.9,x264,mcf-attacker,10,1.9274476068327528,12681.099999999999,0.001043410954837703,535268.0,904238.0,681582209.0,353619059.0,20776714.24,1.9274476068327528,0.5919547729690634,0.001043410954837703,0.2210212322074923,0.8639109685282121,0.0035372750567961367,535268.0,904238.0,353619059.0,681582209.0,8468070.0,9802017.0,377111471.0,83349642.0
46.0,x264,mcf-attacker,10,1.9530508310402557,6133.5,0.0010593207243859417,535091.0,907856.0,687260219.0,351890595.0,10049126.4,1.9530508310402557,0.5894007419678892,0.0010593207243859417,0.8575138648114163,0.853715451300357,0.0013479291416495743,535091.0,907856.0,351890595.0,687260219.0,2929738.0,3431750.0,372432040.0,319365638.0
46.1,x264,mcf-attacker,10,2.0268576325321424,3586.2,0.0012687578559725918,489454.0,939455.0,718882612.0,354678395.0,5875630.08,2.0268576325321424,0.5209978125615383,0.0012687578559725918,1.0173259410699171,0.6994912020351919,2.25422045530212e-05,489454.0,939455.0,354678395.0,718882612.0,19797.0,28302.0,377292291.0,383829235.0
46.2,x264,mcf-attacker,10,1.9783363201889468,11331.399999999998,0.0011810099103480348,454753.0,874128.0,702504515.0,355098629.0,18565365.759999998,1.9783363201889468,0.5202361667856423,0.0011810099103480348,0.3369810759573674,0.8612738401271363,0.0031020920353358973,454753.0,874128.0,355098629.0,702504515.0,7258921.0,8428122.0,376907257.0,127010613.0
46.3,x264,mcf-attacker,10,1.928200406193567,12737.3,0.001032093736152092,520321.0,885286.0,681842779.0,353616137.0,20868792.32,1.928200406193567,0.5877433959195107,0.001032093736152092,0.22200242847406726,0.8643020069886593,0.003540791291168764,520321.0,885286.0,353616137.0,681842779.0,8505176.0,9840514.0,377129825.0,83723737.0
46.4,x264,mcf-attacker,10,1.9254439076747707,12866.900000000001,0.0010335905731915737,539042.0,905270.0,682234813.0,354325987.0,21081128.96,1.9254439076747707,0.5954488716073657,0.0010335905731915737,0.2219184230962869,0.8641480878857527,0.003543360455522525,539042.0,905270.0,354325987.0,682234813.0,8499758.0,9835997.0,377110660.0,83687803.0
46.5,x264,mcf-attacker,10,1.938579498165516,12740.1,0.0010348634236112863,528372.0,894938.0,686677407.0,354216790.0,20873379.84,1.938579498165516,0.5904006758010052,0.0010348634236112863,0.22245816398695445,0.8638518370299056,0.003558246635123594,528372.0,894938.0,354216790.0,686677407.0,8513481.0,9855256.0,377088813.0,83886485.0
46.6,x264,mcf-attacker,10,2.0164478828659194,12668.600000000002,0.0011597751533426813,483118.0,892503.0,711778929.0,352986524.0,20756234.240000002,2.0164478828659194,0.5413068639545189,0.0011597751533426813,0.222045400344816,0.8632663093263703,0.0035670541060784508,483118.0,892503.0,352986524.0,711778929.0,8492700.0,9837868.0,377108942.0,83735306.0
46.7,x264,mcf-attacker,10,1.9291279094555238,12641.300000000001,0.0010101341419163105,499299.0,857768.0,684594772.0,354872670.0,20711505.92,1.9291279094555238,0.5820909616586303,0.0010101341419163105,0.22225347227082673,0.8632556187218572,0.0035722061173388505,499299.0,857768.0,354872670.0,684594772.0,8506116.0,9853531.0,377194080.0,83832694.0
46.8,x264,mcf-attacker,10,1.9337253871400437,12725.599999999999,0.0010510469059313785,538092.0,909108.0,682598516.0,352996615.0,20849623.04,1.9337253871400437,0.5918900724666376,0.0010510469059313785,0.2216729812177893,0.8645454869328447,0.0035294569934265366,538092.0,909108.0,352996615.0,682598516.0,8493511.0,9824250.0,377037885.0,83579112.0
46.9,x264,mcf-attacker,10,1.939104642763757,12789.6,0.0010569611700153082,535783.0,909887.0,686332501.0,353942993.0,20954480.64,1.939104642763757,0.5888456478661636,0.0010569611700153082,0.22230821953172827,0.863903895151853,0.0035563910635558736,535783.0,909887.0,353942993.0,686332501.0,8513258.0,9854404.0,377108697.0,83834363.0
47.0,x264,mcf-attacker,10,1.9777930502434242,12756.7,0.0010895730693896363,508155.0,893914.0,700229742.0,354046012.0,20900577.28,1.9777930502434242,0.5684607244097307,0.0010895730693896363,0.22228329148601986,0.8637254737705725,0.003558942877254286,508155.0,893914.0,354046012.0,700229742.0,8506301.0,9848385.0,377101866.0,83823444.0
47.1,x264,mcf-attacker,10,1.9673461554577294,12749.2,0.0011358087645642783,492832.0,894937.0,696490246.0,354025266.0,20888289.28,1.9673461554577294,0.5506890429158701,0.0011358087645642783,0.22230381685868467,0.8630750169046133,0.0035778180910650244,492832.0,894937.0,354025266.0,696490246.0,8504585.0,9853819.0,377110844.0,83833180.0
47.2,x264,mcf-attacker,10,1.9356457707075385,12709.400000000001,0.001012709628381393,522348.0,880591.0,684728898.0,353747007.0,20823080.96,1.9356457707075385,0.5931788991711249,0.001012709628381393,0.22220622507077234,0.863512760672453,0.0035621204866855332,522348.0,880591.0,353747007.0,684728898.0,8498690.0,9841997.0,377108805.0,83795924.0
47.4,x264,mcf-attacker,10,1.9290881692339035,12729.9,0.0010186520427050564,541525.0,902874.0,684310296.0,354732514.0,20856668.16,1.9290881692339035,0.5997791496930912,0.0010186520427050564,0.22209553156981462,0.8643854339439758,0.0035364646903513564,541525.0,902874.0,354732514.0,684310296.0,8500426.0,9834069.0,377111923.0,83754873.0
47.6,x264,mcf-attacker,10,2.016444197734137,12756.900000000001,0.0011575269364523892,488484.0,897490.0,712499856.0,353344693.0,20900904.96,2.016444197734137,0.5442779306733223,0.0011575269364523892,0.22206126948710983,0.8632471201559426,0.0035703614464329676,488484.0,897490.0,353344693.0,712499856.0,8499248.0,9845672.0,377111399.0,83741836.0
47.7,x264,mcf-attacker,10,1.9324030484923975,12024.400000000001,0.0010021549645920838,500572.0,855117.0,683650596.0,353782611.0,19700776.96,1.9324030484923975,0.585384222276016,0.0010021549645920838,0.22232340575058754,0.863695248634327,0.003561527257629104,500572.0,855117.0,353782611.0,683650596.0,8510479.0,9853567.0,377110128.0,83840408.0
47.8,x264,mcf-attacker,10,2.2578937143459483,12860.3,0.0011683307882420556,410278.0,824498.0,800513642.0,354540002.0,21070315.52,2.2578937143459483,0.4976094544801807,0.0011683307882420556,0.22237527304359492,0.8678580270773811,0.0034547794451541525,410278.0,824498.0,354540002.0,800513642.0,8556536.0,9859373.0,377111483.0,83860269.0
47.9,x264,mcf-attacker,10,1.900580936691561,12656.900000000001,0.0008414672379500058,591209.0,889630.0,674028932.0,354643635.0,20737064.96,1.900580936691561,0.6645560513921518,0.0008414672379500058,0.22238889360380196,0.8637512682149788,0.0035583114832381437,591209.0,889630.0,354643635.0,674028932.0,8506644.0,9848488.0,377101332.0,83863148.0
48.0,x264,mcf-attacker,10,1.9856558591899904,12743.699999999999,0.001102006191613653,505070.0,896318.0,704972340.0,355032488.0,20879278.08,1.9856558591899904,0.5634942062973186,0.001102006191613653,0.222213321897574,0.8617522176533223,0.003611302748712009,505070.0,896318.0,355032488.0,704972340.0,8489664.0,9851630.0,377139801.0,83805488.0
48.1,x264,mcf-attacker,10,1.9278935209501822,12760.699999999999,0.0010010350979062293,505907.0,861589.0,685007973.0,355314215.0,20907130.88,1.9278935209501822,0.5871790378010862,0.0010010350979062293,0.2220240263733319,0.8627505880230334,0.003577976781218565,505907.0,861589.0,355314215.0,685007973.0,8483015.0,9832523.0,377170698.0,83740957.0
48.2,x264,mcf-attacker,10,1.9205421764191493,12689.0,0.0010012587929454165,540405.0,894582.0,679356697.0,353731725.0,20789657.6,1.9205421764191493,0.6040866013400672,0.0010012587929454165,0.2222106600061584,0.8625822054928022,0.003586640614546248,540405.0,894582.0,353731725.0,679356697.0,8489886.0,9842408.0,377099951.0,83795629.0
48.3,x264,mcf-attacker,10,1.9313806119745545,12760.4,0.0010514295039116906,528490.0,899154.0,680876141.0,352533383.0,20906639.36,1.9313806119745545,0.5877636089034803,0.0010514295039116906,0.2221610744326169,0.8632575505507819,0.003569001011046184,528490.0,899154.0,352533383.0,680876141.0,8496893.0,9842825.0,377117293.0,83780783.0
48.4,x264,mcf-attacker,10,1.9259593526400594,12919.300000000001,0.0010300098823330126,539463.0,903497.0,680687340.0,353427677.0,21166981.12,1.9259593526400594,0.5970833328721623,0.0010300098823330126,0.22177409488718233,0.8634431369857196,0.0035556929342860123,539463.0,903497.0,353427677.0,680687340.0,8478263.0,9819133.0,377105117.0,83632146.0
48.5,x264,mcf-attacker,10,1.989041350057986,12726.0,0.0010968321307027154,502351.0,891008.0,704806891.0,354345017.0,20850278.4,1.989041350057986,0.5638007739548916,0.0010968321307027154,0.2223349304999018,0.8631080158022381,0.003575463738443192,502351.0,891008.0,354345017.0,704806891.0,8501393.0,9849744.0,377112201.0,83845215.0
48.7,x264,mcf-attacker,10,1.9306462674939044,12628.0,0.001018352121943969,514922.0,875351.0,683320522.0,353933568.0,20689715.2,1.9306462674939044,0.5882463149068202,0.001018352121943969,0.22233119174971058,0.8632525430318239,0.0035724416863184474,514922.0,875351.0,353933568.0,683320522.0,8504272.0,9851430.0,377097268.0,83840485.0
48.8,x264,mcf-attacker,10,1.927293361420825,12773.800000000001,0.0010087125995882492,541636.0,897788.0,680480630.0,353075792.0,20928593.92,1.927293361420825,0.6033005564788124,0.0010087125995882492,0.22178631154103262,0.864214431918871,0.0035386245892837895,541636.0,897788.0,353075792.0,680480630.0,8493254.0,9827716.0,377113188.0,83638543.0
48.9,x264,mcf-attacker,10,1.9440821888010165,12736.199999999999,0.0010214428822458163,533894.0,895888.0,688972531.0,354394755.0,20866990.08,1.9440821888010165,0.5959383315771615,0.0010214428822458163,0.2225636251261508,0.8635030339487088,0.0035694992713702976,533894.0,895888.0,354394755.0,688972531.0,8515354.0,9861406.0,377098270.0,83928358.0
49.0,x264,mcf-attacker,10,1.9805865290237348,12800.2,0.0011958252590377723,495029.0,919194.0,702523616.0,354704834.0,20971847.68,1.9805865290237348,0.5385468138390808,0.0011958252590377723,0.22236983245145764,0.863238242800317,0.003570736243430943,495029.0,919194.0,354704834.0,702523616.0,8499764.0,9846371.0,377123066.0,83860793.0
49.1,x264,mcf-attacker,10,1.9358999182699173,12779.1,0.001017316604366677,513999.0,874238.0,685515844.0,354107068.0,20937277.44,1.9358999182699173,0.5879394398321739,0.001017316604366677,0.2218157054512263,0.8635216839803772,0.003554204882177347,513999.0,874238.0,354107068.0,685515844.0,8480333.0,9820637.0,377103753.0,83647535.0
49.2,x264,mcf-attacker,10,1.933409494493655,12725.5,0.0010689713892458462,537325.0,914680.0,682508201.0,353007577.0,20849459.2,1.933409494493655,0.58744588271308,0.0010689713892458462,0.2221933040383716,0.8636883713736674,0.0035594478179393953,537325.0,914680.0,353007577.0,682508201.0,8505008.0,9847311.0,377109897.0,83791294.0
49.3,x264,mcf-attacker,10,1.9427753290752083,12602.5,0.0010584849076485255,539985.0,914179.0,686807026.0,353518503.0,20647936.0,1.9427753290752083,0.5906775368937593,0.0010584849076485255,0.2221289740721993,0.8640870446850089,0.003546207260203383,539985.0,914179.0,353518503.0,686807026.0,8502143.0,9839452.0,377109656.0,83766981.0
49.5,x264,mcf-attacker,10,1.943813619284922,12739.7,0.0010436127708091435,490669.0,860900.0,689585333.0,354758978.0,20872724.48,1.943813619284922,0.5699488906957835,0.0010436127708091435,0.22223284826784534,0.8634219261607419,0.003563715649091064,490669.0,860900.0,354758978.0,689585333.0,8495811.0,9839698.0,377102758.0,83804620.0
49.7,x264,mcf-attacker,10,1.9334772699667204,12749.099999999999,0.001043473152672365,529063.0,898604.0,684731679.0,354145192.0,20888125.439999998,1.9334772699667204,0.5887610115245425,0.001043473152672365,0.22177155584458896,0.8641686356648756,0.0035383967429438988,529063.0,898604.0,354145192.0,684731679.0,8491741.0,9826486.0,377217451.0,83656101.0
49.8,x264,mcf-attacker,10,1.919401144808643,12844.6,0.0010329118396149627,541427.0,906719.0,678801284.0,353652641.0,21044592.64,1.919401144808643,0.5971276657928201,0.0010329118396149627,0.22207563451284573,0.864093864299916,0.0035448703745686824,541427.0,906719.0,353652641.0,678801284.0,8416511.0,9740274.0,373430580.0,82929833.0
49.9,x264,mcf-attacker,10,1.972482980429598,12635.699999999999,0.001055435333539751,519547.0,893281.0,698464350.0,354104120.0,20702330.88,1.972482980429598,0.5816165349985055,0.001055435333539751,0.22234939771350865,0.8641642126972947,0.0035504283213499237,519547.0,893281.0,354104120.0,698464350.0,8596264.0,9947489.0,380580842.0,84621921.0
50.0,x264,mcf-attacker,10,1.9904957189243515,9323.1,0.0011694745005676442,480711.0,893069.0,701850988.0,352601104.0,15274967.040000001,1.9904957189243515,0.5382685996266806,0.0011694745005676442,0.6797210242551777,0.8567427476563408,0.002160709182767006,480711.0,893069.0,352601104.0,701850988.0,4812659.0,5617391.0,372438830.0,253154503.0
50.1,x264,mcf-attacker,10,1.9628945783005756,3721.9,0.001142256888638485,510281.0,916824.0,698617849.0,355912058.0,6097960.96,1.9628945783005756,0.5565746533685855,0.001142256888638485,1.0128374764327719,0.6870484033874602,2.1356369426104884e-05,510281.0,916824.0,355912058.0,698617849.0,17686.0,25742.0,377217674.0,382060197.0
50.2,x264,mcf-attacker,10,1.9384766742683526,8176.800000000001,0.0012006155009176987,520020.0,947497.0,690191150.0,356048210.0,13396869.120000001,1.9384766742683526,0.5488355108248364,0.0012006155009176987,0.5148387852016576,0.862645696242659,0.0022395091576174115,520020.0,947497.0,356048210.0,690191150.0,5303676.0,6148151.0,377080396.0,194135613.0
50.3,x264,mcf-attacker,10,1.9700499371130862,12812.6,0.001080811471903273,510421.0,893156.0,697630514.0,354118188.0,20992163.84,1.9700499371130862,0.57148023413603,0.001080811471903273,0.22037275651954452,0.8663308760130571,0.0034619855887122685,510421.0,893156.0,354118188.0,697630514.0,8461108.0,9766601.0,377093713.0,83101181.0
50.4,x264,mcf-attacker,10,1.9634511686127152,12659.3,0.0011368525698160848,504900.0,907960.0,696122478.0,354540255.0,20740997.119999997,1.9634511686127152,0.5560817657165514,0.0011368525698160848,0.2203824052051805,0.8635812398796918,0.003533845076506518,504900.0,907960.0,354540255.0,696122478.0,8437687.0,9770577.0,377178391.0,83123481.0
50.5,x264,mcf-attacker,10,1.9308075023951135,12562.7,0.001014815849264761,525665.0,886237.0,686030991.0,355307813.0,20582727.68,1.9308075023951135,0.5931426920789812,0.001014815849264761,0.22062714445008197,0.8639277565952854,0.003527958770302514,525665.0,886237.0,355307813.0,686030991.0,8449064.0,9779827.0,377204805.0,83221619.0
50.6,x264,mcf-attacker,10,1.9351557213800772,12666.0,0.001025502847409815,531501.0,894809.0,685573479.0,354273029.0,20751974.4,1.9351557213800772,0.5939826264599485,0.001025502847409815,0.2204466039247132,0.8640473928111708,0.00352325142864105,531501.0,894809.0,354273029.0,685573479.0,8445029.0,9773803.0,377144245.0,83140168.0
50.7,x264,mcf-attacker,10,2.0954611955446936,12659.699999999997,0.001293378110752471,470193.0,930899.0,746410920.0,356203647.0,20741652.479999997,2.0954611955446936,0.5050956118762615,0.001293378110752471,0.22088441361768218,0.864454277090261,0.0035188314719711796,470193.0,930899.0,356203647.0,746410920.0,8462085.0,9788933.0,377070630.0,83289025.0
50.8,x264,mcf-attacker,10,2.137440890978703,12211.0,0.0010434091195220935,416184.0,787684.0,761023913.0,356044425.0,20006502.4,2.137440890978703,0.5283641663408168,0.0010434091195220935,0.22053618569895053,0.8670266950440739,0.0034450110501004685,416184.0,787684.0,356044425.0,761023913.0,8473073.0,9772563.0,377209240.0,83188287.0
50.9,x264,mcf-attacker,10,1.8845345621166243,12707.2,0.0008702310817577388,568811.0,878002.0,669570575.0,355297583.0,20819476.48,1.8845345621166243,0.6478470436286022,0.0008702310817577388,0.22080295404289377,0.8624530932504085,0.0035662436631969737,568811.0,878002.0,355297583.0,669570575.0,8433219.0,9778177.0,377135756.0,83272689.0
51.0,x264,mcf-attacker,10,1.9050387332860503,12575.900000000001,0.0009621907654010179,547938.0,890034.0,677314888.0,355538644.0,20604354.560000002,1.9050387332860503,0.6156371554345115,0.0009621907654010179,0.22088847365567219,0.8628049166980524,0.003558595974481714,547938.0,890034.0,355538644.0,677314888.0,8439547.0,9781524.0,377108559.0,83298934.0
51.1,x264,mcf-attacker,10,1.9180743832718463,12669.7,0.0010318876677726696,547540.0,914395.0,681910638.0,355518349.0,20758036.48,1.9180743832718463,0.5988002996516822,0.0010318876677726696,0.22090987846314922,0.8632357483734564,0.003551092476373089,547540.0,914395.0,355518349.0,681910638.0,8453672.0,9793005.0,377160834.0,83318554.0
51.2,x264,mcf-attacker,10,1.9844926742572515,12668.800000000001,0.0011443364203886973,484333.0,890556.0,704466408.0,354985643.0,20756561.92,1.9844926742572515,0.5438546256495942,0.0011443364203886973,0.2207420613619235,0.8624719746018967,0.003566751425904974,484333.0,890556.0,354985643.0,704466408.0,8433025.0,9777738.0,377013377.0,83222710.0
51.3,x264,mcf-attacker,10,1.9384602226674954,12612.2,0.000986414259414306,504132.0,854252.0,688041243.0,354942152.0,20663828.48,1.9384602226674954,0.5901443602122091,0.000986414259414306,0.22075270440788708,0.863431507663658,0.0035423178292996846,504132.0,854252.0,354942152.0,688041243.0,8445929.0,9781817.0,377122569.0,83250827.0
51.4,x264,mcf-attacker,10,1.9348964646331641,12730.699999999999,0.0010273664417998474,541218.0,906362.0,687696041.0,355417488.0,20857978.88,1.9348964646331641,0.5971322716530482,0.0010273664417998474,0.2209212656839907,0.8638022795033786,0.0035352383662230584,541218.0,906362.0,355417488.0,687696041.0,8451191.0,9783710.0,376924796.0,83270703.0
51.6,x264,mcf-attacker,10,1.9401958121931542,12654.7,0.0010251952920306933,525245.0,887223.0,685048210.0,353081996.0,20733460.48,1.9401958121931542,0.5920101259773473,0.0010251952920306933,0.22043907451694542,0.8637347918020374,0.003531358949127596,525245.0,887223.0,353081996.0,685048210.0,8442219.0,9774087.0,377154523.0,83139594.0
51.8,x264,mcf-attacker,10,2.0121827918591695,12659.5,0.0011884635229484468,486358.0,908587.0,714874215.0,355272999.0,20741324.8,2.0121827918591695,0.5352905115305414,0.0011884635229484468,0.22087687660116576,0.8629825007241826,0.003556273019491801,486358.0,908587.0,355272999.0,714874215.0,8448899.0,9790348.0,377206416.0,83316175.0
51.9,x264,mcf-attacker,10,1.9095347958836644,12670.7,0.0009821122712089015,507365.0,856744.0,679302537.0,355742424.0,20759674.880000003,1.9095347958836644,0.5922014043868413,0.0009821122712089015,0.2206065774298485,0.8643909722534084,0.003515826449078143,507365.0,856744.0,355742424.0,679302537.0,8449860.0,9775507.0,377051319.0,83180001.0
52.0,x264,mcf-attacker,10,1.9286196490592673,12650.2,0.0010561310420298675,490634.0,866282.0,685977483.0,355683135.0,20726087.68,1.9286196490592673,0.5663675338977376,0.0010561310420298675,0.2203875273844032,0.8642304097923076,0.0035152635804981337,490634.0,866282.0,355683135.0,685977483.0,8437561.0,9763092.0,377078694.0,83103441.0
52.1,x264,mcf-attacker,10,1.9614687050983926,12413.0,0.0010673962237227898,538084.0,916563.0,695500600.0,354581543.0,20337459.2,1.9614687050983926,0.587067119226938,0.0010673962237227898,0.2217588546247974,0.8632489685713925,0.0035640258203375745,538084.0,916563.0,354581543.0,695500600.0,8484111.0,9828116.0,377103048.0,83625940.0
52.2,x264,mcf-attacker,10,1.93350125488264,12091.8,0.0011497885992571722,483239.0,891087.0,685843137.0,354715641.0,19811205.119999997,1.93350125488264,0.5423028278944705,0.0011497885992571722,0.22331306950436114,0.8573432718323407,0.003746230586423914,483239.0,891087.0,354715641.0,685843137.0,8490303.0,9903038.0,377108394.0,84213233.0
52.3,x264,mcf-attacker,10,1.9823783100099575,12108.800000000001,0.0014885906696220949,441959.0,968785.0,701582011.0,353909245.0,19839057.92,1.9823783100099575,0.45619925989770693,0.0014885906696220949,0.22324250986067062,0.8583622703606624,0.0037168089607386404,441959.0,968785.0,353909245.0,701582011.0,8494032.0,9895626.0,377096056.0,84183870.0
52.4,x264,mcf-attacker,10,1.4217857793668702,13519.400000000001,0.0009982629561733469,371289.0,725214.0,504081143.0,354540853.0,22150184.96,1.4217857793668702,0.5119716387162961,0.0009982629561733469,0.22169211067642064,0.8646444540567665,0.0035249637420955043,371289.0,725214.0,354540853.0,504081143.0,8491438.0,9820728.0,377107425.0,83601741.0
52.5,x264,mcf-attacker,10,1.2295666148773194,12838.900000000001,0.000794626701793779,285285.0,567346.0,436447439.0,354960385.0,21035253.76,1.2295666148773194,0.5028412996654599,0.000794626701793779,0.22025960001468234,0.8718891719399368,0.003315915231102228,285285.0,567346.0,354960385.0,436447439.0,8510253.0,9760705.0,377106142.0,83061248.0
52.6,x264,mcf-attacker,10,2.5167148012352865,11740.3,0.001773534404722164,269946.0,898996.0,892646594.0,354687227.0,19235307.52,2.5167148012352865,0.30027497341478715,0.001773534404722164,0.22289631432408508,0.8655964099667993,0.0035181850502991377,269946.0,898996.0,354687227.0,892646594.0,8544973.0,9871775.0,377126837.0,84060182.0
52.7,x264,mcf-attacker,10,1.8459660331102552,12631.0,0.0012492717275327265,340431.0,783139.0,654160270.0,354372864.0,20694630.4,1.8459660331102552,0.43470060870420196,0.0012492717275327265,0.22127682550056088,0.867465288513381,0.003447782243366804,340431.0,783139.0,354372864.0,654160270.0,8509530.0,9809649.0,377088490.0,83440944.0
52.8,x264,mcf-attacker,10,1.9417665648204834,12682.4,0.0011402505175196487,451145.0,855441.0,688487699.0,354567697.0,20778844.16,1.9417665648204834,0.5273829521848964,0.0011402505175196487,0.22101235496780536,0.8665657742843683,0.0034653583622679764,451145.0,855441.0,354567697.0,688487699.0,8487088.0,9793934.0,377117130.0,83347545.0
52.9,x264,mcf-attacker,10,1.9346110939924341,12669.0,0.0010367128071626336,510876.0,878272.0,685598145.0,354385513.0,20756889.6,1.9346110939924341,0.5816831232237849,0.0010367128071626336,0.2211925670517744,0.8651064652650801,0.0035072533117268346,510876.0,878272.0,354385513.0,685598145.0,8482272.0,9804888.0,377108775.0,83413658.0
53.0,x264,mcf-attacker,10,1.93862174284218,12643.4,0.0010496113526742195,526397.0,898398.0,687082152.0,354417851.0,20714946.56,1.93862174284218,0.5859285083003302,0.0010496113526742195,0.22147453238160947,0.8639447964338443,0.0035411187382560247,526397.0,898398.0,354417851.0,687082152.0,8479759.0,9815163.0,377113590.0,83521056.0
53.1,x264,mcf-attacker,10,1.9255940403662897,12569.6,0.0010239790286785946,527241.0,890537.0,683178652.0,354788516.0,20594032.64,1.9255940403662897,0.592048393272823,0.0010239790286785946,0.2216654945610556,0.8635255050298403,0.003555782001907414,527241.0,890537.0,354788516.0,683178652.0,8484107.0,9824964.0,377092015.0,83588288.0
53.2,x264,mcf-attacker,10,2.0062822387359422,12695.5,0.0011151731009860432,486774.0,882145.0,711302859.0,354537784.0,20800307.2,2.0062822387359422,0.5518072425734998,0.0011151731009860432,0.2215019376379241,0.8634534047774612,0.003554837445127028,486774.0,882145.0,354537784.0,711302859.0,8481594.0,9822874.0,377311205.0,83575163.0
53.3,x264,mcf-attacker,10,1.9559401724021304,12611.6,0.0010692038478958084,502368.0,881326.0,693244022.0,354430075.0,20662845.44,1.9559401724021304,0.570013820084736,0.0010692038478958084,0.22156328438870018,0.8630115155803973,0.003566802332543944,502368.0,881326.0,354430075.0,693244022.0,8469677.0,9814095.0,376925289.0,83512805.0
53.4,x264,mcf-attacker,10,1.9277735272223766,12742.6,0.001029138204988747,528833.0,893216.0,682559347.0,354066148.0,20877475.84,1.9277735272223766,0.592055001253896,0.001029138204988747,0.22082998655874092,0.8640873573240864,0.003527824076579224,528833.0,893216.0,354066148.0,682559347.0,8458978.0,9789494.0,377149192.0,83285851.0
53.5,x264,mcf-attacker,10,1.9359289046622377,12712.1,0.0010585634249712433,539638.0,915867.0,688057587.0,355414698.0,20827504.64,1.9359289046622377,0.5892100053828776,0.0010585634249712433,0.22105026948309076,0.8634657803854959,0.003546143293879161,539638.0,915867.0,355414698.0,688057587.0,8458111.0,9795537.0,377149452.0,83368988.0
53.9,x264,mcf-attacker,10,1.9622782967405659,12571.7,0.0010690486704368512,492535.0,870989.0,694666287.0,354010075.0,20597473.28,1.9622782967405659,0.5654893460192953,0.0010690486704368512,0.22142641319049533,0.8634032087374546,0.003555440585896809,492535.0,870989.0,354010075.0,694666287.0,8475121.0,9815948.0,377119788.0,83504282.0
54.0,x264,mcf-attacker,10,1.9419802212362425,12634.3,0.0010035581176118956,519105.0,875109.0,688901534.0,354741787.0,20700037.119999997,1.9419802212362425,0.593188962746355,0.0010035581176118956,0.2845391866860529,0.8635924639085919,0.0034199187912783546,519105.0,875109.0,354741787.0,688901534.0,8164746.0,9454397.0,377099890.0,107299696.0
54.1,x264,mcf-attacker,10,1.9597366559856235,5045.7,0.0010658210375953847,542664.0,918899.0,691787359.0,353000163.0,8266874.88,1.9597366559856235,0.5905589188800946,0.0010658210375953847,1.0983049976860684,0.3429954100977849,0.00010606762155465681,542664.0,918899.0,353000163.0,691787359.0,20625.0,60132.0,372469934.0,409085590.0
54.2,x264,mcf-attacker,10,1.9761590099673105,3674.9,0.0011957264436460507,482793.0,905694.0,698922087.0,353677049.0,6020956.16,1.9761590099673105,0.5330641474935243,0.0011957264436460507,0.8303574833336748,0.8572313193054485,0.0008712414669686348,482793.0,905694.0,353677049.0,698922087.0,1972683.0,2301226.0,377097524.0,313125751.0
54.3,x264,mcf-attacker,10,2.029011186629609,12444.9,0.0012135278886270249,466313.0,896085.0,718576148.0,354150905.0,20389724.16,2.029011186629609,0.5203892487877824,0.0012135278886270249,0.2213392799701904,0.8642611188023537,0.0035299619945444224,466313.0,896085.0,354150905.0,718576148.0,8475782.0,9806969.0,377110859.0,83469446.0
54.4,x264,mcf-attacker,10,1.9472031303822184,12714.5,0.001014512218011592,492345.0,851628.0,689589509.0,354143591.0,20831436.8,1.9472031303822184,0.5781221378348292,0.001014512218011592,0.22121508697277287,0.8635508291290849,0.003546084771923359,492345.0,851628.0,354143591.0,689589509.0,8463147.0,9800404.0,377108018.0,83421983.0
54.5,x264,mcf-attacker,10,1.9401023990115347,12672.8,0.0010400657446772994,533040.0,901018.0,686413339.0,353802634.0,20763115.52,1.9401023990115347,0.5915975041564098,0.0010400657446772994,0.22132497008086588,0.8634314510838696,0.003555087288012838,533040.0,901018.0,353802634.0,686413339.0,8476348.0,9817048.0,377121542.0,83466414.0
54.6,x264,mcf-attacker,10,1.942574351426698,12571.900000000001,0.0010237665183238562,546839.0,909413.0,687976155.0,354156923.0,20597800.96,1.942574351426698,0.6013098559180482,0.0010237665183238562,0.2213057066975969,0.8631661736256018,0.0035602930252219256,546839.0,909413.0,354156923.0,687976155.0,8469295.0,9811894.0,377103511.0,83455159.0
54.7,x264,mcf-attacker,10,1.9455009842539321,12675.300000000003,0.0010233316565632325,530376.0,892491.0,688432811.0,353858886.0,20767211.520000003,1.9455009842539321,0.5942648161157927,0.0010233316565632325,0.2214153808888375,0.8642240659438243,0.003535601144702467,530376.0,892491.0,353858886.0,688432811.0,8486466.0,9819752.0,377103057.0,83496417.0
54.8,x264,mcf-attacker,10,2.017639025497338,12668.5,0.0011950650946195226,499764.0,922323.0,713410117.0,353586597.0,20756070.4,2.017639025497338,0.5418535588942268,0.0011950650946195226,0.22126662444481057,0.8633010227741073,0.003555973898389197,499764.0,922323.0,353586597.0,713410117.0,8468718.0,9809693.0,377104849.0,83440717.0
54.9,x264,mcf-attacker,10,1.9426861336344337,12721.300000000001,0.0009953698374385402,495457.0,847990.0,688046739.0,354172878.0,20842577.92,1.9426861336344337,0.5842722201912759,0.0009953698374385402,0.22119290383480167,0.8634426121664686,0.0035503688845333558,495457.0,847990.0,354172878.0,688046739.0,8465826.0,9804735.0,377118278.0,83415887.0
55.0,x264,mcf-attacker,10,1.9397159241596276,12744.1,0.0010098969141992995,527784.0,885980.0,687989512.0,354685706.0,20879933.44,1.9397159241596276,0.595706449355516,0.0010098969141992995,0.22136073046515983,0.8635916625962528,0.003548739101535541,527784.0,885980.0,354685706.0,687989512.0,8472380.0,9810632.0,377106336.0,83476534.0
55.1,x264,mcf-attacker,10,1.9465939757594608,12661.599999999999,0.0010262912385355088,537638.0,901672.0,690473001.0,354708280.0,20744765.439999998,1.9465939757594608,0.5962678224454125,0.0010262912385355088,0.2215336991154766,0.8627969868369523,0.0035748692057218467,537638.0,901672.0,354708280.0,690473001.0,8477574.0,9825688.0,377108622.0,83542268.0
55.2,x264,mcf-attacker,10,1.9373500484143305,12685.5,0.0010347315145308987,523932.0,890811.0,686915435.0,354564440.0,20783923.2,1.9373500484143305,0.5881516954774919,0.0010347315145308987,0.22139113294922597,0.8638074578756817,0.0035461929018678205,523932.0,890811.0,354564440.0,686915435.0,8481855.0,9819150.0,377107235.0,83488198.0
55.3,x264,mcf-attacker,10,1.9986523618152334,12585.0,0.0010886140970177188,498637.0,884042.0,707588314.0,354032711.0,20619264.0,1.9986523618152334,0.5640422061395273,0.0010886140970177188,0.22147999741864263,0.8632170725587005,0.0035602280971202185,498637.0,884042.0,354032711.0,707588314.0,8472801.0,9815377.0,377103928.0,83520977.0
55.4,x264,mcf-attacker,10,1.9690068137588115,12571.199999999999,0.0010599617773173267,487911.0,863257.0,697250455.0,354112769.0,20596654.08,1.9690068137588115,0.5651978495395925,0.0010599617773173267,0.22136552524550546,0.8628568289026506,0.0035676597408371914,487911.0,863257.0,354112769.0,697250455.0,8464918.0,9810339.0,377115840.0,83480446.0
55.5,x264,mcf-attacker,10,1.9395189254340142,12670.5,0.0010239819512000317,524818.0,887720.0,687370804.0,354402731.0,20759347.2,1.9395189254340142,0.5911976749425495,0.0010239819512000317,0.2212806495806985,0.8633838055644323,0.0035539526530419144,524818.0,887720.0,354402731.0,687370804.0,8470093.0,9810345.0,377115885.0,83448448.0
55.6,x264,mcf-attacker,10,2.3182753748075613,12693.5,0.0015440252596304069,443338.0,987926.0,817671176.0,352706665.0,20797030.4,2.3182753748075613,0.4487562833653533,0.0015440252596304069,0.2219972271271837,0.8663189170109244,0.0034890150939424934,443338.0,987926.0,352706665.0,817671176.0,8526264.0,9841946.0,377092665.0,83713526.0
55.8,x264,mcf-attacker,10,1.9943318007756945,12777.9,0.0010527035201965671,508552.0,881843.0,707194474.0,354602215.0,20935311.36,1.9943318007756945,0.5766922229920746,0.0010527035201965671,0.22100367602321858,0.8655586545991317,0.00349505964893757,508552.0,881843.0,354602215.0,707194474.0,8485403.0,9803383.0,377097999.0,83340044.0
56.0,x264,mcf-attacker,10,1.9083825853524248,12585.5,0.0009526069052087069,516284.0,853195.0,674942709.0,353672641.0,20620083.2,1.9083825853524248,0.6051184078669003,0.0009526069052087069,0.221111773466778,0.8626141929591951,0.0035694973136808465,516284.0,853195.0,353672641.0,674942709.0,8451893.0,9797999.0,377113605.0,83384258.0
56.1,x264,mcf-attacker,10,1.9179014329198598,12649.7,0.0010005020447539494,531037.0,886062.0,680561284.0,354846851.0,20725268.48,1.9179014329198598,0.5993226207646869,0.0010005020447539494,0.2212921403704212,0.8628320343485004,0.003567532810578578,531037.0,886062.0,354846851.0,680561284.0,8462805.0,9808172.0,377114121.0,83452391.0
56.2,x264,mcf-attacker,10,1.9193541895056343,12628.4,0.0010072745749297098,550858.0,908491.0,681467014.0,355050161.0,20690370.56,1.9193541895056343,0.606343926357003,0.0010072745749297098,0.2216768295726809,0.8628552220704779,0.003576857465377395,550858.0,908491.0,355050161.0,681467014.0,8486402.0,9835256.0,377105885.0,83595637.0
56.3,x264,mcf-attacker,10,1.9643258188987813,12749.5,0.0010430758365054047,514201.0,884324.0,697017551.0,354838054.0,20888780.8,1.9643258188987813,0.5814622242526495,0.0010430758365054047,0.22159426010214656,0.8633982289919268,0.003554836011955496,514201.0,884324.0,354838054.0,697017551.0,8472867.0,9813394.0,377099533.0,83563092.0
56.4,x264,mcf-attacker,10,1.9817113766065917,12700.3,0.0011292620874726346,488667.0,888522.0,701694683.0,354085207.0,20808171.52,1.9817113766065917,0.5499773781628368,0.0011292620874726346,0.2214178821938829,0.8625370090472788,0.003576528510783888,488667.0,888522.0,354085207.0,701694683.0,8463032.0,9811790.0,377113728.0,83499723.0
56.5,x264,mcf-attacker,10,1.945034571429654,12704.5,0.0009837104297604,502941.0,851634.0,689450797.0,354467117.0,20815052.8,1.945034571429654,0.5905600293083648,0.0009837104297604,0.22121797617840147,0.8635237464827586,0.003549891512088795,502941.0,851634.0,354467117.0,689450797.0,8470459.0,9809179.0,377115750.0,83424783.0
56.6,x264,mcf-attacker,10,1.9424794378075723,12686.7,0.0010115228014785026,533256.0,890993.0,686980823.0,353661825.0,20785889.28,1.9424794378075723,0.5984962844825942,0.0010115228014785026,0.22110723857206477,0.8630532952823782,0.003558970271119722,533256.0,890993.0,353661825.0,686980823.0,8458088.0,9800192.0,377104583.0,83380553.0
56.7,x264,mcf-attacker,10,1.9327160402818202,12579.6,0.0010325132641633868,544514.0,910081.0,684288744.0,354055500.0,20610416.64,1.9327160402818202,0.5983137764660508,0.0010325132641633868,0.22120393881949096,0.8634113135085287,0.003552104331451465,544514.0,910081.0,354055500.0,684288744.0,8467568.0,9807108.0,377111671.0,83418587.0
56.8,x264,mcf-attacker,10,1.9686138558445228,12618.400000000001,0.0010692913281175915,515348.0,894288.0,697645735.0,354384245.0,20673986.560000002,1.9686138558445228,0.5762662587443866,0.0010692913281175915,0.2213390922964528,0.8646345541318532,0.003521412506343415,515348.0,894288.0,354384245.0,697645735.0,8486338.0,9814942.0,377292918.0,83509672.0
56.9,x264,mcf-attacker,10,1.9927355137998304,12682.5,0.0011401155696988186,488812.0,892543.0,705655745.0,354114101.0,20779008.0,1.9927355137998304,0.5476621294436235,0.0011401155696988186,0.22147511001476627,0.862969492895913,0.0035682076693340195,488812.0,892543.0,354114101.0,705655745.0,8469728.0,9814632.0,376913040.0,83476857.0
57.0,x264,mcf-attacker,10,1.9502856605814032,12722.9,0.0010365993809324466,507134.0,873662.0,689595533.0,353586937.0,20845199.36,1.9502856605814032,0.5804693348228491,0.0010365993809324466,0.22105733545893996,0.8637189865386968,0.0035384608498250183,507134.0,873662.0,353586937.0,689595533.0,8457082.0,9791474.0,377110856.0,83363121.0
57.1,x264,mcf-attacker,10,1.92355141294047,12702.5,0.0010333506364051807,534007.0,901070.0,683276835.0,355216310.0,20811776.0,1.92355141294047,0.5926365321229206,0.0010333506364051807,0.22139357952051647,0.863269562460807,0.0035592705009199308,534007.0,901070.0,355216310.0,683276835.0,8474555.0,9816812.0,377115760.0,83491008.0
57.2,x264,mcf-attacker,10,1.9356124716335015,12704.8,0.0010640704877941834,543778.0,921082.0,686340178.0,354585532.0,20815544.32,1.9356124716335015,0.5903687185288606,0.0010640704877941834,0.22130653357691107,0.8633777379490482,0.0035535883104451022,543778.0,921082.0,354585532.0,686340178.0,8468583.0,9808665.0,377106711.0,83456179.0
57.3,x264,mcf-attacker,10,1.9865078727969652,12693.3,0.0011146761922195463,503796.0,898924.0,704173004.0,354477832.0,20796702.72,1.9865078727969652,0.5604433745233189,0.0011146761922195463,0.22138174666046215,0.8635768668411838,0.0035468661477528014,503796.0,898924.0,354477832.0,704173004.0,8466676.0,9804195.0,377098809.0,83482793.0
57.4,x264,mcf-attacker,10,1.9576161815320623,12601.599999999999,0.0010586588989616585,491124.0,866123.0,693428366.0,354220798.0,20646461.439999998,1.9576161815320623,0.5670372452873321,0.0010586588989616585,0.22143315828199248,0.86317603367493,0.003560787290825205,491124.0,866123.0,354220798.0,693428366.0,8471472.0,9814304.0,377116601.0,83506120.0
57.5,x264,mcf-attacker,10,1.9370847552667234,12667.3,0.001012364142891589,517485.0,876431.0,686816922.0,354562143.0,20754104.32,1.9370847552667234,0.5904457966457143,0.001012364142891589,0.2211409027990515,0.8634717459270383,0.0035475693726254504,517485.0,876431.0,354562143.0,686816922.0,8461170.0,9799012.0,377115106.0,83395575.0
57.6,x264,mcf-attacker,10,1.9428455834820852,12654.1,0.0010277809747903383,525028.0,888213.0,686539633.0,353368090.0,20732477.44,1.9428455834820852,0.5911059621960048,0.0010277809747903383,0.22104224163546474,0.8632161121716097,0.0035524951401793288,525028.0,888213.0,353368090.0,686539633.0,8454456.0,9794136.0,377109594.0,83357150.0
57.7,x264,mcf-attacker,10,1.9440589010579346,12729.2,0.001075366314506463,537682.0,918610.0,688645775.0,354230921.0,20855521.28,1.9440589010579346,0.5853213006607809,0.001075366314506463,0.22135869012459813,0.8644289453407504,0.0035265175292533268,537682.0,918610.0,354230921.0,688645775.0,8479206.0,9809026.0,377091561.0,83472494.0
57.9,x264,mcf-attacker,10,1.9481853905143338,12745.1,0.0009873313655287003,504500.0,853569.0,688776990.0,353547970.0,20881571.84,1.9481853905143338,0.5910477067466133,0.0009873313655287003,0.2214162717611497,0.8636011922901073,0.0035487515029468623,504500.0,853569.0,353547970.0,688776990.0,8473401.0,9811706.0,377119953.0,83500494.0
58.1,x264,mcf-attacker,10,1.9472508166755176,3630.6,0.0011306831329256633,543383.0,940885.0,684573840.0,351559149.0,5948375.04,1.9472508166755176,0.5775232892436376,0.0011306831329256633,0.8712467584939573,0.8539846122085667,0.0012854907914315117,543383.0,940885.0,351559149.0,684573840.0,2800517.0,3279353.0,372492750.0,324533101.0
58.2,x264,mcf-attacker,10,1.987136817701081,8041.599999999999,0.001203929848657263,485310.0,912232.0,704652705.0,354607040.0,13175357.44,1.987136817701081,0.5320028238430574,0.001203929848657263,1.0171824068385251,0.7240557568635132,2.241585885976055e-05,485310.0,912232.0,354607040.0,704652705.0,22180.0,30633.0,377099091.0,383578561.0
58.3,x264,mcf-attacker,10,2.0185349340054075,12679.9,0.0011699475059590934,483570.0,898887.0,716555118.0,354987722.0,20774748.16,2.0185349340054075,0.537965283734218,0.0011699475059590934,0.3230541213632756,0.8604830934363743,0.003164917678919687,483570.0,898887.0,354987722.0,716555118.0,7361247.0,8554784.0,377114706.0,121828460.0
58.4,x264,mcf-attacker,10,1.932106074067937,12795.4,0.0009843349687621995,499478.0,848864.0,685793794.0,354946244.0,20963983.36,1.932106074067937,0.588407565876277,0.0009843349687621995,0.22155095952256143,0.8635657472715411,0.003551392532997396,499478.0,848864.0,354946244.0,685793794.0,8476903.0,9816164.0,377108694.0,83548793.0
58.5,x264,mcf-attacker,10,1.9194028250344217,12709.0,0.0010113413836829702,531886.0,889992.0,679641592.0,354090128.0,20822425.6,1.9194028250344217,0.5976300910569983,0.0010113413836829702,0.22130317028343327,0.8635416807929291,0.003548805464240637,531886.0,889992.0,354090128.0,679641592.0,8469084.0,9807383.0,377112528.0,83456198.0
58.6,x264,mcf-attacker,10,1.9334373898033428,12264.5,0.0010288571637853954,551510.0,916651.0,686176164.0,354899604.0,20094156.8,1.9334373898033428,0.6016575556018594,0.0010288571637853954,0.22155801476478593,0.863348735295432,0.003559960476905486,551510.0,916651.0,354899604.0,686176164.0,8481601.0,9824073.0,377103063.0,83550206.0
58.7,x264,mcf-attacker,10,2.3711635464369647,12326.900000000001,0.0014461842912333273,356066.0,868121.0,839565301.0,354073131.0,20196392.96,2.3711635464369647,0.41015710943520545,0.0014461842912333273,0.22192253994688324,0.8667438952577072,0.003477363767602281,356066.0,868121.0,354073131.0,839565301.0,8529553.0,9840915.0,377113839.0,83690061.0
58.9,x264,mcf-attacker,10,1.908568029531932,12815.9,0.0009519841080899497,562521.0,899601.0,675788709.0,354081541.0,20997570.56,1.908568029531932,0.6253005499104604,0.0009519841080899497,0.2212673564479382,0.8623661524031074,0.003577449607555442,562521.0,899601.0,354081541.0,675788709.0,8452838.0,9801913.0,377105242.0,83441080.0
59.0,x264,mcf-attacker,10,1.9139143200576072,12746.900000000001,0.0009941032132928776,549354.0,901036.0,677081823.0,353768095.0,20884520.96,1.9139143200576072,0.6096915106610613,0.0009941032132928776,0.22119642574250134,0.8634557921086476,0.003548504482472951,549354.0,901036.0,353768095.0,677081823.0,8462036.0,9800196.0,377105343.0,83414354.0
59.1,x264,mcf-attacker,10,1.9560466951718065,12725.8,0.0010180688044099646,530819.0,891443.0,692877908.0,354223603.0,20849950.72,1.9560466951718065,0.5954603939904178,0.0010180688044099646,0.22168328029700346,0.8629244771417323,0.0035719994696367,530819.0,891443.0,354223603.0,692877908.0,8479706.0,9826707.0,377100000.0,83596765.0
59.2,x264,mcf-attacker,10,1.9823262107707802,12687.9,0.0011690782506296876,499105.0,913410.0,702508716.0,354386030.0,20787855.36,1.9823262107707802,0.5464194611401233,0.0011690782506296876,0.22165013134569586,0.8623746176484921,0.0035872374442095373,499105.0,913410.0,354386030.0,702508716.0,8476826.0,9829633.0,377116659.0,83587957.0
59.3,x264,mcf-attacker,10,1.9476500073031369,12573.4,0.0009789138519616933,501686.0,847885.0,688798594.0,353656248.0,20600258.56,1.9476500073031369,0.5916910901832206,0.0009789138519616933,0.22128010517179375,0.8632396348421065,0.003556708178371881,501686.0,847885.0,353656248.0,688798594.0,8466303.0,9807593.0,377115561.0,83448171.0
59.4,x264,mcf-attacker,10,1.9301906843889851,12618.099999999999,0.0010156329752224224,533194.0,892297.0,682468256.0,353575562.0,20673495.04,1.9301906843889851,0.5975521603233004,0.0010156329752224224,0.22109378917592268,0.8633220808865166,0.003549743157761646,533194.0,892297.0,353575562.0,682468256.0,8455392.0,9794018.0,377105030.0,83375580.0
59.5,x264,mcf-attacker,10,1.9112295468001146,12659.400000000001,0.0010241949890145876,555977.0,919409.0,678193102.0,354846493.0,20741160.96,1.9112295468001146,0.6047112873595973,0.0010241949890145876,0.22153684944805108,0.8631270515413647,0.0035608768527558236,555977.0,919409.0,354846493.0,678193102.0,8468067.0,9810916.0,377111890.0,83544180.0
59.6,x264,mcf-attacker,10,1.9709085287901535,12760.8,0.0010647138245247839,501662.0,878555.0,697672568.0,353985260.0,20907294.72,1.9709085287901535,0.5710080757607663,0.0010647138245247839,0.22132314652913618,0.8635397431605917,0.00355009330031917,501662.0,878555.0,353985260.0,697672568.0,8471881.0,9810644.0,377106427.0,83462381.0
59.7,x264,mcf-attacker,10,1.9667712293850748,12715.3,0.0010852576928281985,490675.0,874869.0,696260170.0,354011773.0,20832747.52,1.9667712293850748,0.5608553966365251,0.0010852576928281985,0.22078713601927702,0.8631983417757789,0.003548636790157757,490675.0,874869.0,354011773.0,696260170.0,8444249.0,9782513.0,377120590.0,83263375.0
59.8,x264,mcf-attacker,10,1.93490502655814,12724.8,0.0009887459017002564,517057.0,867648.0,686081517.0,354581495.0,20848312.32,1.93490502655814,0.5959294552629638,0.0009887459017002564,0.22040196645440632,0.8641258239649207,0.003518081869148613,517057.0,867648.0,354581495.0,686081517.0,8437646.0,9764372.0,377116295.0,83117173.0
60.0,x264,mcf-attacker,10,1.8893907484324581,16437.2,0.001017002420879769,306562.0,502000.0,363085418.0,192170634.0,26930708.48,1.8893907484324581,0.6106812749003984,0.001017002420879769,0.22090647858410534,0.864035550391758,0.0035286072147377163,306562.0,502000.0,192170634.0,363085418.0,6163531.5,7133423.5,274865390.5,60719545.5
