time_step,victim,attacker,run_id,IPC,Total_MB_per_sec,cache_dominance_score,LLC-load-misses,LLC-loads,instructions,cycles,cas_count_total,victim_IPC,victim_miss_rate,victim_cache_dominance,attacker_IPC,attacker_miss_rate,attacker_cache_dominance,victim_LLC-load-misses,victim_LLC-loads,victim_cycles,victim_instructions,attacker_LLC-load-misses,attacker_LLC-loads,attacker_cycles,attacker_instructions
0.1,sysbench,none,10,0.4479496968933742,75.0,2.6785334367312863e-06,859.0,1893.0,172922981.0,386032142.0,122880.0,0.4479496968933742,0.4537770734284205,2.6785334367312863e-06,0.7599956366002358,0.03202249739193541,0.010300809111396534,859.0,1893.0,386032142.0,172922981.0,706.0,22047.0,2071779.0,1574543.0
0.2,sysbench,none,10,0.4475174074205478,19.1,1.0624800543664305e-06,561.0,971.0,172692312.0,385889597.0,31293.440000000002,0.4475174074205478,0.5777548918640577,1.0624800543664305e-06,0.6717716622401225,0.14087103464167755,0.011491890947759929,561.0,971.0,385889597.0,172692312.0,1834.0,13019.0,973295.0,653832.0
0.3,sysbench,none,10,0.44781231326128296,9.2,1.1619815535920074e-06,566.0,1015.0,173038658.0,386408888.0,15073.279999999999,0.44781231326128296,0.5576354679802956,1.1619815535920074e-06,0.607656899638339,0.1479205253409665,0.009884879874439268,566.0,1015.0,386408888.0,173038658.0,1757.0,11878.0,1023887.0,622172.0
0.4,sysbench,none,10,0.447562239111574,9.8,7.207103432737164e-07,464.0,743.0,173259432.0,387118074.0,16056.32,0.447562239111574,0.6244952893674294,7.207103432737164e-07,0.5939388852530417,0.17970904250261482,0.009785028803849133,464.0,743.0,387118074.0,173259432.0,1890.0,10517.0,881653.0,523648.0
0.5,sysbench,none,10,0.44757556134542953,8.9,1.7121722761196524e-06,638.0,1301.0,173313516.0,387227389.0,14581.76,0.44757556134542953,0.49039200614911604,1.7121722761196524e-06,0.6471884823465484,0.15372454198828234,0.010323324246539133,638.0,1301.0,387227389.0,173313516.0,1653.0,10753.0,881499.0,570496.0
0.6,sysbench,none,10,0.44809265551308247,8.5,9.18437488741056e-07,391.0,746.0,173199477.0,386526034.0,13926.4,0.44809265551308247,0.5241286863270778,9.18437488741056e-07,0.7314553103227018,0.14059662775616083,0.012359188688090588,391.0,746.0,386526034.0,173199477.0,1626.0,11565.0,804179.0,588221.0
0.7,sysbench,none,10,0.44765733956079784,8.899999999999999,1.830982349844062e-06,795.0,1504.0,173343590.0,387223831.0,14581.759999999998,0.44765733956079784,0.5285904255319149,1.830982349844062e-06,0.6277731364552063,0.14262613195342821,0.010265336290442026,795.0,1504.0,387223831.0,173343590.0,1764.0,12368.0,1032991.0,648484.0
0.8,sysbench,none,10,0.4473016200900249,20.8,7.543284288784708e-07,463.0,755.0,173150140.0,387099291.0,34078.72,0.4473016200900249,0.6132450331125828,7.543284288784708e-07,0.6305126208766844,0.1596218020022247,0.010334721403679964,463.0,755.0,387099291.0,173150140.0,1722.0,10788.0,877237.0,553109.0
0.9,sysbench,none,10,0.44832769104126297,7.9,1.1665230799409811e-06,588.0,1035.0,171794696.0,383190018.0,12943.36,0.44832769104126297,0.5681159420289855,1.1665230799409811e-06,0.5369465788764819,0.1500991220617389,0.008333773024790266,588.0,1035.0,383190018.0,171794696.0,1590.0,10593.0,1080303.0,580065.0
1.0,sysbench,none,10,0.4476917064974736,15.2,8.507288114291991e-07,429.0,761.0,174713310.0,390253622.0,24903.68,0.4476917064974736,0.5637319316688568,8.507288114291991e-07,0.6915326909509976,0.1641549595572584,0.010754207691936917,429.0,761.0,390253622.0,174713310.0,1928.0,11745.0,912852.0,631267.0
1.2,sysbench,none,10,0.4478965646302225,11.7,9.473256352823947e-07,472.0,838.0,173045188.0,386350782.0,19169.28,0.4478965646302225,0.5632458233890215,9.473256352823947e-07,0.6412857505307418,0.15329321297225007,0.01098348249039894,472.0,838.0,386350782.0,173045188.0,1834.0,11964.0,922294.0,591454.0
1.3,sysbench,none,10,0.4478707722899339,12.2,1.532627606464113e-06,516.0,1106.0,172412238.0,384959789.0,19988.48,0.4478707722899339,0.4665461121157324,1.532627606464113e-06,0.704849389951816,0.10763128293173879,0.012134947247235564,516.0,1106.0,384959789.0,172412238.0,1818.0,16891.0,1242115.0,875504.0
1.4,sysbench,none,10,0.4476824890396833,10.0,1.0180859260273067e-06,582.0,975.0,172813722.0,386018498.0,16384.0,0.4476824890396833,0.5969230769230769,1.0180859260273067e-06,0.7183821040812709,0.15185735512630014,0.012265838629440806,582.0,975.0,386018498.0,172813722.0,2044.0,13460.0,930715.0,668609.0
1.5,sysbench,none,10,0.44750747610337366,8.7,1.3214328589739339e-06,508.0,1019.0,173051789.0,386701448.0,14254.08,0.44750747610337366,0.4985279685966634,1.3214328589739339e-06,0.632581570124504,0.12205984690327071,0.010779183939904511,508.0,1019.0,386701448.0,173051789.0,1754.0,14370.0,1170404.0,740376.0
1.6,sysbench,none,10,0.448300944475186,8.7,7.110839783300287e-07,432.0,707.0,173372996.0,386733506.0,14254.08,0.448300944475186,0.611032531824611,7.110839783300287e-07,0.6395821892909902,0.145004625346901,0.010722738276627505,432.0,707.0,386733506.0,173372996.0,1881.0,12972.0,1034344.0,661548.0
1.7,sysbench,none,10,0.4476097597467092,11.0,1.6138813410193192e-06,717.0,1341.0,173066311.0,386645526.0,18022.4,0.4476097597467092,0.5346756152125279,1.6138813410193192e-06,0.6147756146855414,0.14164684898929844,0.009908056665505724,717.0,1341.0,386645526.0,173066311.0,1906.0,13456.0,1165718.0,716655.0
1.8,sysbench,none,10,0.447402787787212,8.100000000000001,9.287570635661254e-07,409.0,768.0,172938228.0,386538110.0,13271.04,0.447402787787212,0.5325520833333334,9.287570635661254e-07,0.6842401296850997,0.16766115621637484,0.011287750754152816,409.0,768.0,386538110.0,172938228.0,1714.0,10223.0,753826.0,515798.0
1.9,sysbench,none,10,0.4483287726320416,9.1,1.1659426115652806e-06,527.0,978.0,173418721.0,386811491.0,14909.439999999999,0.4483287726320416,0.5388548057259713,1.1659426115652806e-06,0.628446233397409,0.1574886681454335,0.009860813088152464,527.0,978.0,386811491.0,173418721.0,1633.0,10369.0,885931.0,556760.0
2.0,sysbench,none,10,0.44763158712792317,8.899999999999999,1.1808784822280739e-06,421.0,877.0,172854368.0,386153196.0,14581.759999999998,0.44763158712792317,0.48004561003420754,1.1808784822280739e-06,0.6259960171044021,0.1558381288286616,0.010666794894950541,421.0,877.0,386153196.0,172854368.0,1679.0,10774.0,852646.0,533753.0
2.1,sysbench,none,10,0.44775752302987804,9.9,1.0927394138907785e-06,543.0,965.0,172917415.0,386185393.0,16220.16,0.44775752302987804,0.5626943005181347,1.0927394138907785e-06,0.7011724949526575,0.17633946999091885,0.010771622599138442,543.0,965.0,386185393.0,172917415.0,2136.0,12113.0,926230.0,649447.0
2.2,sysbench,none,10,0.4475917021637734,8.600000000000001,1.034811596365362e-06,465.0,864.0,172581260.0,385577434.0,14090.240000000002,0.4475917021637734,0.5381944444444444,1.034811596365362e-06,0.6601735468863853,0.13549801342649678,0.011052491452272856,465.0,864.0,385577434.0,172581260.0,1978.0,14598.0,1141824.0,753802.0
2.3,sysbench,none,10,0.4483031355419643,7.7,8.714250504871867e-07,397.0,734.0,173369077.0,386722874.0,12615.68,0.4483031355419643,0.5408719346049047,8.714250504871867e-07,0.7487215346638921,0.13161465400271372,0.013094566116125214,397.0,734.0,386722874.0,173369077.0,1649.0,12529.0,830879.0,622097.0
2.4,sysbench,none,10,0.44835791846000933,8.200000000000001,1.1104875393587775e-06,599.0,1029.0,173611948.0,387217312.0,13434.880000000001,0.44835791846000933,0.5821185617103984,1.1104875393587775e-06,0.5959301207804804,0.1681346643178704,0.009078829877681459,599.0,1029.0,387217312.0,173611948.0,1718.0,10218.0,936244.0,557936.0
2.5,sysbench,none,10,0.4475208892379141,7.800000000000001,9.044811609469493e-07,481.0,831.0,173173658.0,386962178.0,12779.52,0.4475208892379141,0.5788206979542719,9.044811609469493e-07,0.6642908423444427,0.15853426998291248,0.01093421951827263,481.0,831.0,386962178.0,173173658.0,1670.0,10534.0,810666.0,538518.0
2.6,sysbench,none,10,0.44832116855971704,8.200000000000001,1.3277077580697212e-06,562.0,1076.0,173560092.0,387133386.0,13434.880000000001,0.44832116855971704,0.5223048327137546,1.3277077580697212e-06,0.642420461765023,0.1471100278551532,0.010255165000559964,562.0,1076.0,387133386.0,173560092.0,1690.0,11488.0,955421.0,613782.0
2.8,sysbench,none,10,0.4473911085958632,7.800000000000001,9.034307729240627e-07,410.0,759.0,172829509.0,386305194.0,12779.52,0.4473911085958632,0.5401844532279315,9.034307729240627e-07,0.6249161917020931,0.1675107128944293,0.010439247074800356,410.0,759.0,386305194.0,172829509.0,1720.0,10268.0,818833.0,511702.0
2.9,sysbench,none,10,0.44789373284792355,12.2,1.3230940565883657e-06,525.0,1037.0,173322214.0,386971733.0,19988.48,0.44789373284792355,0.506268081002893,1.3230940565883657e-06,0.5884774886995178,0.1340484530064215,0.009542986865626994,525.0,1037.0,386971733.0,173322214.0,1837.0,13704.0,1243531.0,731790.0
3.0,sysbench,none,10,0.44766794449377684,7.800000000000001,8.739583657404679e-07,648.0,986.0,173133837.0,386746112.0,12779.52,0.44766794449377684,0.6572008113590264,8.739583657404679e-07,0.6697263247287979,0.1692505274745436,0.010226967302163067,648.0,986.0,386746112.0,173133837.0,1845.0,10901.0,885502.0,593044.0
3.1,sysbench,none,10,0.44753930667223013,9.5,8.200533879072569e-07,386.0,703.0,173000883.0,386560198.0,15564.8,0.44753930667223013,0.5490753911806543,8.200533879072569e-07,0.6548972690046788,0.13795866047107835,0.011382232504313297,386.0,703.0,386560198.0,173000883.0,1722.0,12482.0,945333.0,619096.0
3.3,sysbench,none,10,0.4476691154438612,7.800000000000001,1.5213971051301675e-06,567.0,1154.0,172723985.0,385829576.0,12779.52,0.4476691154438612,0.4913344887348354,1.5213971051301675e-06,0.6631850625717047,0.1199247858485967,0.010771265941251981,567.0,1154.0,385829576.0,172723985.0,1722.0,14359.0,1173214.0,778058.0
3.4,sysbench,none,10,0.4477510710973351,2.7,1.0743358378374347e-06,590.0,1006.0,173376368.0,387215976.0,4423.68,0.4477510710973351,0.5864811133200796,1.0743358378374347e-06,0.6290506087764666,0.14861416630004398,0.010081329952052211,590.0,1006.0,387215976.0,173376368.0,1689.0,11365.0,959794.0,603759.0
3.5,sysbench,none,10,0.4477552657236419,8.0,8.325019732494365e-07,417.0,739.0,173185410.0,386785870.0,13107.2,0.4477552657236419,0.564276048714479,8.325019732494365e-07,0.5414288842935179,0.1630034902367701,0.009342478215273946,417.0,739.0,386785870.0,173185410.0,1728.0,10601.0,949748.0,514221.0
3.6,sysbench,none,10,0.4475228943160837,7.6,1.067296132600003e-06,517.0,930.0,173173077.0,386959146.0,12451.84,0.4475228943160837,0.5559139784946237,1.067296132600003e-06,0.6266753921919443,0.1547792776358993,0.009958059451774817,517.0,930.0,386959146.0,173173077.0,1697.0,10964.0,930603.0,583186.0
3.7,sysbench,none,10,0.44824779732556047,8.299999999999999,9.776648760493063e-07,424.0,802.0,173308535.0,386635553.0,13598.72,0.44824779732556047,0.5286783042394015,9.776648760493063e-07,0.6383151138054425,0.16021274610432024,0.011066979821206793,424.0,802.0,386635553.0,173308535.0,1717.0,10717.0,813230.0,519097.0
3.8,sysbench,none,10,0.44787209719503485,8.0,1.2482791354352546e-06,518.0,1001.0,173296354.0,386932687.0,13107.2,0.44787209719503485,0.5174825174825175,1.2482791354352546e-06,0.7101957472178061,0.12481678623775361,0.01127285373608903,518.0,1001.0,386932687.0,173296354.0,1618.0,12963.0,1006400.0,714741.0
3.9,sysbench,none,10,0.44753339546057147,8.200000000000001,9.43854555083182e-07,416.0,780.0,172592435.0,385652639.0,13434.880000000001,0.44753339546057147,0.5333333333333333,9.43854555083182e-07,0.620284695620802,0.17547925005266485,0.010382954340467525,416.0,780.0,385652639.0,172592435.0,1666.0,9494.0,753928.0,467650.0
4.0,sysbench,none,10,0.4477245689986301,7.9,1.9157644523499302e-06,627.0,1368.0,173175729.0,386790766.0,12943.36,0.4477245689986301,0.4583333333333333,1.9157644523499302e-06,0.6501388905934863,0.1385627446082105,0.010580435858728426,627.0,1368.0,386790766.0,173175729.0,1664.0,12009.0,977748.0,635672.0
4.1,sysbench,none,10,0.4478696762048275,7.9,8.500424048059347e-07,404.0,732.0,172816383.0,385863103.0,12943.36,0.4478696762048275,0.5519125683060109,8.500424048059347e-07,0.667177591630082,0.12980278148817476,0.01164299170745656,404.0,732.0,385863103.0,172816383.0,1652.0,12727.0,951216.0,634630.0
4.2,sysbench,none,10,0.44791238473876516,8.4,1.2119625834520728e-06,601.0,1069.0,172961607.0,386150535.0,13762.560000000001,0.44791238473876516,0.5622076707202993,1.2119625834520728e-06,0.6539639637806077,0.14821139672838396,0.009644054308735923,601.0,1069.0,386150535.0,172961607.0,1649.0,11126.0,982678.0,642636.0
4.3,sysbench,none,10,0.44798851450245375,7.9,9.242304750273585e-07,394.0,751.0,173043309.0,386267289.0,12943.36,0.44798851450245375,0.5246338215712384,9.242304750273585e-07,0.6493566424698166,0.14595607927155865,0.011233804510430635,394.0,751.0,386267289.0,173043309.0,1635.0,11202.0,851626.0,553009.0
4.4,sysbench,none,10,0.448381968537444,7.800000000000001,1.138880624759024e-06,512.0,953.0,173623507.0,387222322.0,12779.52,0.448381968537444,0.5372507869884575,1.138880624759024e-06,0.6301576668362009,0.15155990400590733,0.009883881595571608,512.0,953.0,387222322.0,173623507.0,1642.0,10834.0,929999.0,586046.0
4.5,sysbench,none,10,0.4477728748646213,8.0,9.947642662805968e-07,489.0,874.0,173299909.0,387026367.0,13107.2,0.4477728748646213,0.5594965675057209,9.947642662805968e-07,0.6049020242156248,0.1859442260902115,0.009703875080038284,489.0,874.0,387026367.0,173299909.0,1987.0,10686.0,896446.0,542262.0
4.6,sysbench,none,10,0.4480805764320042,9.0,1.1812033777960599e-06,556.0,1013.0,173359497.0,386893577.0,14745.599999999999,0.4480805764320042,0.5488647581441264,1.1812033777960599e-06,0.6919001970245447,0.1326416600159617,0.011612053970194162,556.0,1013.0,386893577.0,173359497.0,1662.0,12530.0,935924.0,647566.0
4.7,sysbench,none,10,0.4483145434039332,10.600000000000001,1.732885278170957e-06,581.0,1251.0,173335620.0,386638405.0,17367.04,0.4483145434039332,0.4644284572342126,1.732885278170957e-06,0.6509602364584158,0.13964035646085296,0.010837677391420265,581.0,1251.0,386638405.0,173335620.0,1755.0,12568.0,997723.0,649478.0
4.8,sysbench,none,10,0.44762194413482836,8.200000000000001,8.718300363360133e-07,409.0,746.0,173025233.0,386543232.0,13434.880000000001,0.44762194413482836,0.5482573726541555,8.718300363360133e-07,0.6521577056383493,0.14952142795550574,0.011175178255593539,409.0,746.0,386543232.0,173025233.0,1734.0,11597.0,882581.0,575582.0
4.9,sysbench,none,10,0.44776489565100797,9.399999999999999,1.7220482877203875e-06,559.0,1224.0,172912489.0,386168033.0,15400.96,0.44776489565100797,0.45669934640522875,1.7220482877203875e-06,0.5214590098768246,0.15558534405719393,0.008478796726927829,559.0,1224.0,386168033.0,172912489.0,1741.0,11190.0,1114427.0,581128.0
5.0,sysbench,none,10,0.4481332170312081,8.200000000000001,9.753532780022232e-07,367.0,744.0,173215415.0,386526614.0,13434.880000000001,0.4481332170312081,0.4932795698924731,9.753532780022232e-07,0.642721023204682,0.15918823310370508,0.0109352336812946,367.0,744.0,386526614.0,173215415.0,1710.0,10742.0,825954.0,530858.0
5.1,sysbench,none,10,0.4479163931109719,8.4,1.214412502576095e-06,558.0,1027.0,172983058.0,386194970.0,13762.56,0.4479163931109719,0.5433300876338851,1.214412502576095e-06,0.6514236402614536,0.13611559449696412,0.010531602302710481,558.0,1027.0,386194970.0,172983058.0,1771.0,13011.0,1067264.0,695241.0
5.2,sysbench,none,10,0.44811864476267343,8.7,1.1546468909102768e-06,442.0,888.0,173092672.0,386265276.0,14254.08,0.44811864476267343,0.49774774774774777,1.1546468909102768e-06,0.6529064589821171,0.14127981947130883,0.01178735196667902,442.0,888.0,386265276.0,173092672.0,1753.0,12408.0,903935.0,590185.0
5.4,sysbench,none,10,0.4478427842973809,10.5,1.206831128231826e-06,630.0,1095.0,172556781.0,385306601.0,17203.2,0.4478427842973809,0.5753424657534246,1.206831128231826e-06,0.766928891818217,0.14455857331904973,0.012800095046009622,630.0,1095.0,385306601.0,172556781.0,2294.0,15869.0,1060539.0,813358.0
5.5,sysbench,none,10,0.4475815213693847,8.100000000000001,8.988206574154052e-07,426.0,773.0,172793968.0,386061443.0,13271.04,0.4475815213693847,0.5510996119016818,8.988206574154052e-07,0.5901549568450201,0.17389028475711893,0.010144055616832114,426.0,773.0,386061443.0,172793968.0,1661.0,9552.0,777894.0,459078.0
5.6,sysbench,none,10,0.4479674032888304,8.100000000000001,1.150307568019869e-06,523.0,967.0,172908127.0,385983725.0,13271.04,0.4479674032888304,0.5408479834539814,1.150307568019869e-06,0.6804094286956203,0.12319228709159079,0.011430626327797825,523.0,967.0,385983725.0,172908127.0,1840.0,14936.0,1145694.0,779541.0
5.7,sysbench,none,10,0.44763677851953015,9.9,9.798927684469564e-07,403.0,782.0,173135617.0,386777015.0,16220.16,0.44763677851953015,0.5153452685421995,9.798927684469564e-07,0.6156603635346384,0.2027491408934708,0.010198685200849891,403.0,782.0,386777015.0,173135617.0,1947.0,9603.0,750685.0,462167.0
5.8,sysbench,none,10,0.44817244148470337,8.3,1.1173102518553867e-06,653.0,1085.0,173282662.0,386642832.0,13598.720000000001,0.44817244148470337,0.6018433179723502,1.1173102518553867e-06,0.6378872634729421,0.15047668126771452,0.010257543043102214,653.0,1085.0,386642832.0,173282662.0,1752.0,11643.0,964266.0,615093.0
5.9,sysbench,none,10,0.44766223239790504,8.0,9.000410783403539e-07,422.0,770.0,173088163.0,386649019.0,13107.2,0.44766223239790504,0.548051948051948,9.000410783403539e-07,0.5884460428910219,0.15508211273857078,0.010085896487632645,422.0,770.0,386649019.0,173088163.0,1747.0,11265.0,943694.0,555313.0
6.0,sysbench,none,10,0.44836245488273774,8.0,1.6031092176374055e-06,570.0,1189.0,173123800.0,386124659.0,13107.2,0.44836245488273774,0.479394449116905,1.6031092176374055e-06,0.629389399750861,0.15237507711289328,0.010076617072835983,570.0,1189.0,386124659.0,173123800.0,1729.0,11347.0,954487.0,600744.0
6.1,sysbench,none,10,0.44804669798167035,7.800000000000001,1.0643070532167045e-06,480.0,891.0,173020739.0,386166754.0,12779.52,0.44804669798167035,0.5387205387205387,1.0643070532167045e-06,0.6191322258730468,0.16578108395324123,0.010140237071344524,480.0,891.0,386166754.0,173020739.0,1716.0,10351.0,851558.0,527227.0
6.2,sysbench,none,10,0.44780621789155883,8.4,8.350345823089075e-07,420.0,742.0,172679797.0,385612772.0,13762.560000000001,0.44780621789155883,0.5660377358490566,8.350345823089075e-07,0.7227927242865497,0.15703184230477635,0.012014084640205517,420.0,742.0,385612772.0,172679797.0,1657.0,10552.0,740381.0,535142.0
6.3,sysbench,none,10,0.4480383698690282,7.9,1.217971956760627e-06,520.0,990.0,172892350.0,385887374.0,12943.36,0.4480383698690282,0.5252525252525253,1.217971956760627e-06,0.6136341804981875,0.14373187238156623,0.010746371279645292,520.0,990.0,385887374.0,172892350.0,1784.0,12412.0,988985.0,606875.0
6.4,sysbench,none,10,0.4476055173133341,7.6,8.024931505138652e-07,414.0,724.0,172908280.0,386296132.0,12451.84,0.4476055173133341,0.5718232044198895,8.024931505138652e-07,0.688932447884103,0.14801102118133289,0.011146972180446892,414.0,724.0,386296132.0,172908280.0,1719.0,11614.0,887685.0,611555.0
6.5,sysbench,none,10,0.44761356002213126,8.6,1.2281963121726672e-06,518.0,992.0,172748302.0,385931789.0,14090.24,0.44761356002213126,0.5221774193548387,1.2281963121726672e-06,0.6988606273901302,0.15250689753591476,0.010648967798468165,518.0,992.0,385931789.0,172748302.0,1603.0,10511.0,836513.0,584606.0
6.6,sysbench,none,10,0.44770717288174566,8.6,1.4043739504446326e-06,525.0,1066.0,172468010.0,385225032.0,14090.24,0.44770717288174566,0.4924953095684803,1.4043739504446326e-06,0.5870028349020322,0.15883817427385893,0.010085843102252497,525.0,1066.0,385225032.0,172468010.0,1914.0,12050.0,1004973.0,589922.0
6.7,sysbench,none,10,0.44766516768461645,7.800000000000001,1.271324521157751e-06,532.0,1024.0,173245508.0,386997963.0,12779.52,0.44766516768461645,0.51953125,1.271324521157751e-06,0.5928972230321072,0.1464053391906733,0.010336520017800421,532.0,1024.0,386997963.0,173245508.0,1733.0,11837.0,977505.0,579560.0
6.8,sysbench,none,10,0.4482049229876174,7.5,9.599915177116052e-07,510.0,881.0,173214058.0,386461748.0,12288.0,0.4482049229876174,0.5788876276958003,9.599915177116052e-07,0.6519285780698884,0.19123832974248486,0.00951881847348726,510.0,881.0,386461748.0,173214058.0,1864.0,9747.0,828149.0,539894.0
6.9,sysbench,none,10,0.4476982755500241,3.1,1.1382767644619563e-06,579.0,1019.0,173057421.0,386549224.0,5079.04,0.4476982755500241,0.5682041216879293,1.1382767644619563e-06,0.6181056406025467,0.15819155935708243,0.010149730050725985,579.0,1019.0,386549224.0,173057421.0,1683.0,10639.0,882388.0,545409.0
7.0,sysbench,none,10,0.4483771218733391,9.1,1.7183596611135956e-06,566.0,1230.0,173259659.0,386415030.0,14909.439999999999,0.4483771218733391,0.46016260162601624,1.7183596611135956e-06,0.5587186531295023,0.13941419649925235,0.008938694479186746,566.0,1230.0,386415030.0,173259659.0,1585.0,11369.0,1094567.0,611555.0
7.1,sysbench,none,10,0.4478681287805285,7.800000000000001,7.89275998834211e-07,364.0,669.0,173069724.0,386430096.0,12779.52,0.4478681287805285,0.5440956651718983,7.89275998834211e-07,0.6432595268281707,0.13626559852102912,0.01111508719688266,364.0,669.0,386430096.0,173069724.0,1769.0,12982.0,1008809.0,648926.0
7.2,sysbench,none,10,0.4480038747487367,9.9,1.06215700019817e-06,603.0,1013.0,172932616.0,386006965.0,16220.16,0.4480038747487367,0.5952615992102666,1.06215700019817e-06,0.6757958366197062,0.1698145752479517,0.010287683208611472,603.0,1013.0,386006965.0,172932616.0,1969.0,11595.0,935682.0,632330.0
7.3,sysbench,none,10,0.4475895228075975,8.4,1.252856568210379e-06,444.0,926.0,172197006.0,384720815.0,13762.560000000001,0.4475895228075975,0.4794816414686825,1.252856568210379e-06,0.6756839946526206,0.1263699545576049,0.011905022092544631,444.0,926.0,384720815.0,172197006.0,1891.0,14964.0,1098108.0,741974.0
7.5,sysbench,none,10,0.4477375525647187,7.800000000000001,1.2960802043611665e-06,550.0,1051.0,173073019.0,386550152.0,12779.52,0.4477375525647187,0.5233111322549953,1.2960802043611665e-06,0.6001091058949797,0.1450751663517621,0.0102850095022933,550.0,1051.0,386550152.0,173073019.0,1766.0,12173.0,1011861.0,607227.0
7.6,sysbench,none,10,0.4480233529458601,112.30000000000001,8.067441097744363e-07,429.0,741.0,173268431.0,386739731.0,183992.32,0.4480233529458601,0.5789473684210527,8.067441097744363e-07,0.6133902637714542,0.15853073750839167,0.00985870389617686,429.0,741.0,386739731.0,173268431.0,1653.0,10427.0,889975.0,545902.0
7.7,sysbench,none,10,0.4713777513450713,11.299999999999999,6.372490663281485e-05,22195.0,46349.0,178668888.0,379035471.0,18513.92,0.4713777513450713,0.4788668579688882,6.372490663281485e-05,0.6234455879666281,0.10863859408878238,0.010570475475170682,22195.0,46349.0,379035471.0,178668888.0,1904.0,17526.0,1477890.0,921384.0
7.9,sysbench,none,10,0.44751987186457004,8.3,1.3637088587474557e-06,538.0,1065.0,172942319.0,386446122.0,13598.720000000001,0.44751987186457004,0.5051643192488263,1.3637088587474557e-06,0.6733796520021881,0.12950310559006212,0.011171481038274178,538.0,1065.0,386446122.0,172942319.0,1668.0,12880.0,1003627.0,675822.0
8.0,sysbench,none,10,0.4475592547982772,8.200000000000001,2.034006347955481e-06,486.0,1273.0,173170125.0,386921113.0,13434.880000000001,0.4475592547982772,0.38177533385703066,2.034006347955481e-06,0.6601436660125205,0.07470368059887711,0.01095310270218379,486.0,1273.0,386921113.0,173170125.0,479.0,6412.0,541673.0,357582.0
8.1,sysbench,none,10,0.4478064869788663,8.5,1.4735748224466215e-06,498.0,1066.0,172610227.0,385457183.0,13926.4,0.4478064869788663,0.46716697936210133,1.4735748224466215e-06,0.6564372340425532,0.1779259519213897,0.009968085106382979,498.0,1066.0,385457183.0,172610227.0,2028.0,11398.0,940000.0,617051.0
8.2,sysbench,none,10,0.44779460391079723,9.9,1.0879423089682488e-06,377.0,797.0,172871054.0,386049882.0,16220.16,0.44779460391079723,0.4730238393977415,1.0879423089682488e-06,0.6553417115142841,0.1354963248942015,0.011572424554132689,377.0,797.0,386049882.0,172871054.0,1825.0,13469.0,1006185.0,659395.0
8.3,sysbench,none,10,0.44759470470376045,8.6,1.1842263210008334e-06,554.0,1011.0,172729466.0,385905964.0,14090.24,0.44759470470376045,0.5479723046488625,1.1842263210008334e-06,0.6209695587067522,0.1567357512953368,0.009954097999700305,554.0,1011.0,385905964.0,172729466.0,1815.0,11580.0,981003.0,609173.0
8.4,sysbench,none,10,0.4481298866420732,7.800000000000001,1.0263118018758562e-06,359.0,755.0,172909865.0,385847653.0,12779.52,0.4481298866420732,0.47549668874172185,1.0263118018758562e-06,0.6493954927708538,0.1491587085038654,0.011326186919010802,359.0,755.0,385847653.0,172909865.0,1640.0,10995.0,825962.0,536376.0
8.5,sysbench,none,10,0.44813609653917236,8.5,1.5992524518620151e-06,585.0,1202.0,172893261.0,385805255.0,13926.4,0.44813609653917236,0.48668885191347755,1.5992524518620151e-06,0.6145382380704382,0.16258491240614945,0.009530019204478874,585.0,1202.0,385805255.0,172893261.0,1819.0,11188.0,983104.0,604155.0
8.6,sysbench,none,10,0.4481142398972283,8.799999999999999,1.0405303283866607e-06,517.0,919.0,173125107.0,386341454.0,14417.919999999998,0.4481142398972283,0.5625680087051143,1.0405303283866607e-06,0.5742226829305841,0.15511204481792717,0.00990614207493239,517.0,919.0,386341454.0,173125107.0,1772.0,11424.0,974345.0,559491.0
8.7,sysbench,none,10,0.4482564886460582,8.5,2.6855266359556888e-06,675.0,1712.0,173091554.0,386144001.0,13926.4,0.4482564886460582,0.3942757009345794,2.6855266359556888e-06,0.6560984870611601,0.12343111771258819,0.011491130712463734,675.0,1712.0,386144001.0,173091554.0,1662.0,13465.0,1027140.0,673905.0
8.8,sysbench,none,10,0.44794915999307,8.200000000000001,8.921114079069514e-07,443.0,788.0,173232243.0,386723000.0,13434.880000000001,0.44794915999307,0.5621827411167513,8.921114079069514e-07,0.6842871929786729,0.14626108998732573,0.010894270372846269,443.0,788.0,386723000.0,173232243.0,1731.0,11835.0,927460.0,634649.0
8.9,sysbench,none,10,0.44734811343420755,8.100000000000001,9.900646802534545e-07,595.0,978.0,173053671.0,386843413.0,13271.04,0.44734811343420755,0.6083844580777096,9.900646802534545e-07,0.6088199016106594,0.16785600170412185,0.009338142841434438,595.0,978.0,386843413.0,173053671.0,1576.0,9389.0,836676.0,509385.0
9.0,sysbench,none,10,0.44755774998286907,8.100000000000001,1.4585569690201725e-06,439.0,1002.0,172756374.0,385997950.0,13271.04,0.44755774998286907,0.43812375249500995,1.4585569690201725e-06,0.5865747688121138,0.15207577232893688,0.00993405298783833,439.0,1002.0,385997950.0,172756374.0,1718.0,11297.0,964259.0,565610.0
9.1,sysbench,none,10,0.4478628004465519,8.0,1.4826826317102301e-06,554.0,1127.0,173081804.0,386461666.0,13107.2,0.4478628004465519,0.49157054125998223,1.4826826317102301e-06,0.6318245014010605,0.1347305389221557,0.010267898465425083,554.0,1127.0,386461666.0,173081804.0,1710.0,12692.0,1069547.0,675766.0
9.2,sysbench,none,10,0.4478615658556794,8.100000000000001,8.072214005797883e-07,449.0,761.0,173103449.0,386511061.0,13271.04,0.4478615658556794,0.5900131406044679,8.072214005797883e-07,0.6717066065208296,0.15039858281665192,0.011368606196080011,449.0,761.0,386511061.0,173103449.0,1698.0,11290.0,843727.0,566737.0
9.3,sysbench,none,10,0.44768093508309226,9.0,1.6185614107711723e-06,721.0,1344.0,172316738.0,384909708.0,14745.599999999999,0.44768093508309226,0.5364583333333334,1.6185614107711723e-06,0.6288155544332453,0.17800133022946457,0.00971464280731266,721.0,1344.0,384909708.0,172316738.0,2141.0,12028.0,1017742.0,639972.0
9.4,sysbench,none,10,0.4476414180662617,11.8,1.018022335067228e-06,446.0,838.0,172368945.0,385060314.0,19333.120000000003,0.4476414180662617,0.5322195704057279,1.018022335067228e-06,0.5716970829396774,0.16725503291670643,0.009667047308500423,446.0,838.0,385060314.0,172368945.0,1753.0,10481.0,902861.0,516163.0
9.6,sysbench,none,10,0.44747655728883556,7.4,1.1262626356690226e-06,532.0,968.0,173227605.0,387121073.0,12124.16,0.44747655728883556,0.5495867768595041,1.1262626356690226e-06,0.6862814374652338,0.11048629305386926,0.011437407718113912,532.0,968.0,387121073.0,173227605.0,1729.0,15649.0,1217059.0,835245.0
9.7,sysbench,none,10,0.44772673093950693,9.7,1.5131052115115883e-06,369.0,953.0,172805175.0,385961264.0,15892.48,0.44772673093950693,0.38719832109129065,1.5131052115115883e-06,0.6506412603174541,0.1298691058192714,0.010918542822257798,369.0,953.0,385961264.0,172805175.0,1647.0,12682.0,1010666.0,657581.0
9.8,sysbench,none,10,0.44754272664452494,11.5,1.3601266713474368e-06,636.0,1175.0,177355194.0,396286619.0,18841.6,0.44754272664452494,0.5412765957446809,1.3601266713474368e-06,0.6336530923753463,0.13981541450777202,0.010490242346812843,636.0,1175.0,396286619.0,177355194.0,1727.0,12352.0,1012846.0,641793.0
9.9,sysbench,none,10,0.4475591897649339,10.8,1.226867135445179e-06,576.0,1050.0,172914450.0,386349904.0,17694.72,0.4475591897649339,0.5485714285714286,1.226867135445179e-06,0.7844587557029061,0.16740223121245557,0.013284042620818481,576.0,1050.0,386349904.0,172914450.0,2731.0,16314.0,1022505.0,802113.0
10.0,sysbench,none,10,0.4478259950731935,11.7,1.6803128535725616e-06,581.0,1231.0,173233750.0,386832725.0,19169.28,0.4478259950731935,0.4719740048740861,1.6803128535725616e-06,0.6695994750530068,0.20059744727075224,0.01116523819216954,581.0,1231.0,386832725.0,173233750.0,2216.0,11047.0,790937.0,529611.0
10.1,sysbench,none,10,0.44815516906460656,10.2,1.298786396363e-06,507.0,1008.0,172873492.0,385744724.0,16711.68,0.44815516906460656,0.5029761904761905,1.298786396363e-06,0.7704129715905117,0.16585911293328365,0.012421450146026969,507.0,1008.0,385744724.0,172873492.0,2225.0,13415.0,900861.0,694035.0
10.2,sysbench,none,10,0.44776913178810024,10.600000000000001,1.254174717241441e-06,512.0,995.0,172442075.0,385113807.0,17367.04,0.44776913178810024,0.5145728643216081,1.254174717241441e-06,0.814975675898129,0.13445052817875117,0.013559116448117971,512.0,995.0,385113807.0,172442075.0,2431.0,18081.0,1154205.0,940649.0
10.3,sysbench,none,10,0.448053021810745,11.099999999999998,1.2627959771095594e-06,499.0,986.0,172792617.0,385652163.0,18186.239999999998,0.448053021810745,0.5060851926977687,1.2627959771095594e-06,0.7683620265617315,0.224739098778416,0.010474941247198994,499.0,986.0,385652163.0,172792617.0,2778.0,12361.0,914850.0,702936.0
10.4,sysbench,none,10,0.44754291455944956,5.300000000000001,1.0174659736530731e-06,548.0,941.0,172865108.0,386253703.0,8683.52,0.44754291455944956,0.5823591923485654,1.0174659736530731e-06,0.7555387550768062,0.15932072558857585,0.01260923527205198,548.0,941.0,386253703.0,172865108.0,2064.0,12955.0,863732.0,652583.0
10.5,sysbench,none,10,0.4477963557092932,6.0,1.5975239114699267e-06,625.0,1242.0,172949118.0,386222701.0,9830.4,0.4477963557092932,0.5032206119162641,1.5975239114699267e-06,0.8325811977664264,0.15882527001035657,0.013593430778224213,625.0,1242.0,386222701.0,172949118.0,2147.0,13518.0,836507.0,696460.0
10.6,sysbench,none,10,0.44740273854550394,9.8,1.3531158245956527e-06,536.0,1059.0,172928014.0,386515323.0,16056.32,0.44740273854550394,0.506137865911237,1.3531158245956527e-06,0.7525479429707255,0.16154975872438632,0.01286743398316254,536.0,1059.0,386515323.0,172928014.0,2310.0,14299.0,931732.0,701173.0
10.7,sysbench,none,10,0.44823429650334284,8.200000000000001,1.338463294654428e-06,553.0,1070.0,173136710.0,386263861.0,13434.880000000001,0.44823429650334284,0.516822429906542,1.338463294654428e-06,0.7048200328600817,0.1656037185169171,0.011667293940534437,553.0,1070.0,386263861.0,173136710.0,1532.0,9251.0,661593.0,466304.0
10.8,sysbench,none,10,0.4482277632792164,10.899999999999999,1.03822733903001e-06,561.0,962.0,173121364.0,386235254.0,17858.559999999998,0.4482277632792164,0.5831600831600832,1.03822733903001e-06,0.7356951685409803,0.19106086696114397,0.012238065196437652,561.0,962.0,386235254.0,173121364.0,2552.0,13357.0,882901.0,649546.0
10.9,sysbench,none,10,0.44769307304813244,8.100000000000001,9.565456314147373e-07,542.0,912.0,173171495.0,386808520.0,13271.04,0.44769307304813244,0.5942982456140351,9.565456314147373e-07,0.7514580618447939,0.16094335898954015,0.012057281659404126,542.0,912.0,386808520.0,173171495.0,1631.0,10134.0,705217.0,529941.0
11.0,sysbench,none,10,0.44797869356906833,8.5,1.702685836594018e-06,530.0,1187.0,172857491.0,385860965.0,13926.4,0.44797869356906833,0.44650379106992416,1.702685836594018e-06,0.6907120690858927,0.16770584999083074,0.01092648188228723,530.0,1187.0,385860965.0,172857491.0,1829.0,10906.0,830734.0,573798.0
11.1,sysbench,none,10,0.4477094166196691,10.7,1.1133539035737492e-06,529.0,959.0,172914514.0,386220409.0,17530.879999999997,0.4477094166196691,0.5516162669447341,1.1133539035737492e-06,0.7825770999762856,0.17648612945838837,0.012689779272342735,529.0,959.0,386220409.0,172914514.0,2672.0,15140.0,982523.0,768900.0
11.2,sysbench,none,10,0.4476662403289035,10.2,1.445379888080161e-06,547.0,1104.0,172515266.0,385365816.0,16711.68,0.4476662403289035,0.4954710144927536,1.445379888080161e-06,0.7489028106646446,0.15870511768789045,0.011921538890756783,547.0,1104.0,385365816.0,172515266.0,2515.0,15847.0,1118312.0,837507.0
11.3,sysbench,none,10,0.44746093521442837,10.700000000000001,1.4575695123474379e-06,574.0,1135.0,172222033.0,384887304.0,17530.88,0.44746093521442837,0.505726872246696,1.4575695123474379e-06,0.7692128718025322,0.16249920871051465,0.011977348959111341,574.0,1135.0,384887304.0,172222033.0,2567.0,15797.0,1104585.0,849661.0
11.4,sysbench,none,10,0.4480608649323766,9.8,1.1185063656553382e-06,497.0,929.0,173054262.0,386229362.0,16056.32,0.4480608649323766,0.534983853606028,1.1185063656553382e-06,0.7081058890110559,0.19288101906224592,0.01157003601552514,497.0,929.0,386229362.0,173054262.0,2135.0,11069.0,772167.0,546776.0
11.7,sysbench,none,10,0.44745267823894264,10.700000000000001,1.3859717150737242e-06,505.0,1041.0,173044394.0,386732279.0,17530.88,0.44745267823894264,0.4851104707012488,1.3859717150737242e-06,0.7545284935425693,0.21364791288566243,0.011227430087688384,505.0,1041.0,386732279.0,173044394.0,2943.0,13775.0,964780.0,727954.0
11.8,sysbench,none,10,0.44742960249256036,10.4,1.164769131783367e-06,513.0,963.0,172861141.0,386342656.0,17039.36,0.44742960249256036,0.5327102803738317,1.164769131783367e-06,0.7332647296254738,0.21319078688782328,0.01193489881748035,513.0,963.0,386342656.0,172861141.0,2712.0,12721.0,838633.0,614940.0
11.9,sysbench,none,10,0.4481216113456556,10.4,1.0223536751061325e-06,519.0,914.0,173137771.0,386363359.0,17039.36,0.4481216113456556,0.5678336980306345,1.0223536751061325e-06,0.7632931260616225,0.19890420056450275,0.012205101352932323,519.0,914.0,386363359.0,173137771.0,2396.0,12046.0,790653.0,603500.0
12.0,sysbench,none,10,0.447608324838237,9.299999999999999,1.9460295966828037e-06,587.0,1339.0,172968315.0,386427833.0,15237.119999999999,0.447608324838237,0.438386855862584,1.9460295966828037e-06,0.8084122101653897,0.17212717323543672,0.012664089063978444,587.0,1339.0,386427833.0,172968315.0,2485.0,14437.0,943771.0,762956.0
12.1,sysbench,none,10,0.4476142294396218,10.700000000000001,1.1809529292026256e-06,498.0,954.0,172836769.0,386128853.0,17530.88,0.4476142294396218,0.5220125786163522,1.1809529292026256e-06,0.7941065809483138,0.17279022403258656,0.012284307806959495,498.0,954.0,386128853.0,172836769.0,2121.0,12275.0,826583.0,656395.0
12.2,sysbench,none,10,0.44763766448028147,9.8,1.285781967941201e-06,529.0,1024.0,172331429.0,384979734.0,16056.32,0.44763766448028147,0.5166015625,1.285781967941201e-06,0.7540215438792025,0.2054548296342607,0.012054849744188667,529.0,1024.0,384979734.0,172331429.0,2629.0,12796.0,843395.0,635938.0
12.3,sysbench,none,10,0.4475765770474431,9.9,1.1521863258428238e-06,527.0,971.0,172475576.0,385354339.0,16220.16,0.4475765770474431,0.5427394438722966,1.1521863258428238e-06,0.76370503638045,0.08835683033543996,0.012190741797130844,527.0,971.0,385354339.0,172475576.0,727.0,8228.0,615303.0,469910.0
12.4,sysbench,none,10,0.4475053932041435,9.6,1.115464083888862e-06,504.0,935.0,172909937.0,386386264.0,15728.64,0.4475053932041435,0.5390374331550802,1.115464083888862e-06,0.7812167202372935,0.15475956176605654,0.012484846957908701,504.0,935.0,386386264.0,172909937.0,2359.0,15243.0,1031971.0,806193.0
12.5,sysbench,none,10,0.4474151115331485,9.299999999999999,9.72076268948943e-07,507.0,883.0,173060579.0,386800925.0,15237.119999999999,0.4474151115331485,0.5741789354473387,9.72076268948943e-07,0.7720466545827094,0.19471193079810675,0.012151272755930333,507.0,883.0,386800925.0,173060579.0,2386.0,12254.0,812096.0,626976.0
12.6,sysbench,none,10,0.4480294163064685,10.3,1.6307315934840533e-06,579.0,1209.0,173087057.0,386329671.0,16875.52,0.4480294163064685,0.47890818858560796,1.6307315934840533e-06,0.7738540282913869,0.18990846857934005,0.01181650091552077,579.0,1209.0,386329671.0,173087057.0,2469.0,13001.0,891296.0,689733.0
12.7,sysbench,none,10,0.44774644267216585,10.5,1.1561509769297289e-06,546.0,993.0,173111180.0,386627706.0,17203.2,0.44774644267216585,0.5498489425981873,1.1561509769297289e-06,0.7409185675462835,0.1928437206388976,0.011731890622226068,546.0,993.0,386627706.0,173111180.0,2463.0,12772.0,878716.0,651057.0
12.8,sysbench,none,10,0.4476985060995093,11.7,1.529559978000261e-06,622.0,1212.0,172691573.0,385731850.0,19169.28,0.4476985060995093,0.5132013201320133,1.529559978000261e-06,0.8289699787728697,0.17942727957799548,0.012949144076917133,622.0,1212.0,385731850.0,172691573.0,2381.0,13270.0,840905.0,697085.0
13.0,sysbench,none,10,0.4481501959001426,10.0,1.1697222680543157e-06,530.0,982.0,173172636.0,386416513.0,16384.0,0.4481501959001426,0.539714867617108,1.1697222680543157e-06,0.7744781854995937,0.18952741643339371,0.011561426833221367,530.0,982.0,386416513.0,173172636.0,2302.0,12146.0,851452.0,659431.0
13.1,sysbench,none,10,0.44776146447215676,9.8,9.618521104831971e-07,577.0,948.0,172707947.0,385714182.0,16056.32,0.44776146447215676,0.6086497890295358,9.618521104831971e-07,0.7942904130384364,0.14793371930525054,0.013498070800565056,577.0,948.0,385714182.0,172707947.0,2223.0,15027.0,948580.0,753448.0
13.2,sysbench,none,10,0.4478161206738647,14.0,9.637203035806003e-07,557.0,929.0,172858864.0,386004112.0,22937.6,0.4478161206738647,0.5995694294940797,9.637203035806003e-07,0.7556779010943129,0.22097748489840746,0.011478795058275964,557.0,929.0,386004112.0,172858864.0,2012.0,9105.0,617922.0,466950.0
13.3,sysbench,none,10,0.44765499669118863,11.7,1.6362739915357237e-06,724.0,1353.0,172083034.0,384409948.0,19169.28,0.44765499669118863,0.5351071692535108,1.6362739915357237e-06,0.7056859321560467,0.19106944615764154,0.011933606349304555,724.0,1353.0,384409948.0,172083034.0,3098.0,16214.0,1099081.0,775606.0
13.4,sysbench,none,10,0.44769673581730346,12.3,9.927077831943056e-07,590.0,974.0,173178401.0,386820781.0,20152.32,0.44769673581730346,0.6057494866529775,9.927077831943056e-07,0.7354725821240153,0.21463100225588141,0.011698741797199408,590.0,974.0,386820781.0,173178401.0,2664.0,12412.0,833252.0,612834.0
13.5,sysbench,none,10,0.4476297381970782,11.099999999999998,1.1279976888649836e-06,531.0,966.0,172623524.0,385639088.0,18186.239999999998,0.4476297381970782,0.5496894409937888,1.1279976888649836e-06,0.8224668289498112,0.12451152135830751,0.013552102693107556,531.0,966.0,385639088.0,172623524.0,1848.0,14842.0,958818.0,788596.0
13.8,sysbench,none,10,0.4473445799069971,9.2,1.0443979677008243e-06,534.0,938.0,173044391.0,386825724.0,15073.279999999999,0.4473445799069971,0.5692963752665245,1.0443979677008243e-06,0.7403586336934266,0.18488018398991024,0.01227281003450506,534.0,938.0,386825724.0,173044391.0,2492.0,13479.0,895231.0,662792.0
13.9,sysbench,none,10,0.4477361801406517,10.3,1.2525116294148876e-06,611.0,1094.0,172658337.0,385625162.0,16875.52,0.4477361801406517,0.5585009140767825,1.2525116294148876e-06,0.7835711747949566,0.18589156325476805,0.01227184105235274,611.0,1094.0,385625162.0,172658337.0,2232.0,12007.0,796539.0,624145.0
14.0,sysbench,none,10,0.4477759432620447,5.6000000000000005,1.9426264949984037e-06,649.0,1399.0,172875207.0,386075245.0,9175.04,0.4477759432620447,0.4639027877055039,1.9426264949984037e-06,0.7779147047074573,0.19197945774488331,0.012107282815217673,649.0,1399.0,386075245.0,172875207.0,2542.0,13241.0,883683.0,687430.0
14.1,sysbench,none,10,0.4477060121210038,7.800000000000001,1.0851915062314622e-06,525.0,944.0,172862410.0,386106966.0,12779.52,0.4477060121210038,0.5561440677966102,1.0851915062314622e-06,0.8496294806574947,0.1824297586070439,0.013622891204795047,525.0,944.0,386106966.0,172862410.0,2766.0,15162.0,909939.0,773111.0
14.2,sysbench,none,10,0.44741474413917426,9.8,1.1178817453334662e-06,539.0,970.0,172501032.0,385550620.0,16056.32,0.44741474413917426,0.5556701030927835,1.1178817453334662e-06,0.7173927671181827,0.19262173396674584,0.011259776088115486,539.0,970.0,385550620.0,172501032.0,2595.0,13472.0,966005.0,693005.0
14.3,sysbench,none,10,0.44803801962431716,12.2,1.221726296455481e-06,530.0,1001.0,172727646.0,385520064.0,19988.48,0.44803801962431716,0.5294705294705294,1.221726296455481e-06,0.7993414860522785,0.16695186370061751,0.012183378507332114,530.0,1001.0,385520064.0,172727646.0,2244.0,13441.0,919039.0,734626.0
14.4,sysbench,none,10,0.44811242187493006,8.799999999999999,1.0768347087765502e-06,521.0,937.0,173113632.0,386317414.0,14417.919999999998,0.44811242187493006,0.5560298826040555,1.0768347087765502e-06,0.7523095929401968,0.16464617987031294,0.012094239555469687,521.0,937.0,386317414.0,173113632.0,1752.0,10641.0,734978.0,552931.0
14.5,sysbench,none,10,0.4472794397644138,8.299999999999999,1.0343923509457817e-06,537.0,937.0,172963166.0,386700462.0,13598.72,0.4472794397644138,0.5731056563500534,1.0343923509457817e-06,0.8105133157852408,0.15209634255129348,0.012956599141497514,537.0,937.0,386700462.0,172963166.0,1705.0,11210.0,733603.0,594595.0
14.6,sysbench,none,10,0.4478257175018882,10.3,1.5980245148544963e-06,581.0,1199.0,173186513.0,386727484.0,16875.52,0.4478257175018882,0.4845704753961635,1.5980245148544963e-06,0.7643210303477798,0.200721908349027,0.011900311235314459,581.0,1199.0,386727484.0,173186513.0,2558.0,12744.0,855944.0,654216.0
14.7,sysbench,none,10,0.4477274297708585,8.5,1.457308000350427e-06,526.0,1089.0,172969985.0,386328765.0,13926.4,0.4477274297708585,0.4830119375573921,1.457308000350427e-06,0.6922518683443182,0.17130664499085552,0.011837806377262587,526.0,1089.0,386328765.0,172969985.0,1686.0,9842.0,688979.0,476947.0
14.8,sysbench,none,10,0.4472534936656211,11.5,9.69531563146576e-07,581.0,956.0,172990820.0,386784726.0,18841.6,0.4472534936656211,0.6077405857740585,9.69531563146576e-07,0.7395378364652108,0.22261035249285488,0.01184067329318726,581.0,956.0,386784726.0,172990820.0,2804.0,12596.0,826980.0,611583.0
14.9,sysbench,none,10,0.4476648491017393,10.5,9.963107338116579e-07,576.0,961.0,172989170.0,386425627.0,17203.2,0.4476648491017393,0.5993756503642039,9.963107338116579e-07,0.7900269732072118,0.18511918021831142,0.012297630907462961,576.0,961.0,386425627.0,172989170.0,2493.0,13467.0,892367.0,704994.0
15.0,sysbench,none,10,0.44761396313707036,10.5,1.7091731998949013e-06,572.0,1232.0,172846857.0,386151620.0,17203.2,0.44761396313707036,0.4642857142857143,1.7091731998949013e-06,0.6790823973199344,0.19910583519617667,0.010319404950732042,572.0,1232.0,386151620.0,172846857.0,2583.0,12973.0,1006841.0,683728.0
15.1,sysbench,none,10,0.44762793175557575,10.3,1.1781120951494492e-06,519.0,974.0,172878888.0,386211127.0,16875.52,0.44762793175557575,0.5328542094455853,1.1781120951494492e-06,0.7796623021528182,0.18669328959566425,0.012717751773571609,519.0,974.0,386211127.0,172878888.0,2618.0,14023.0,896778.0,699184.0
15.2,sysbench,none,10,0.44780289748079527,8.6,1.036054875433879e-06,536.0,936.0,172887714.0,386079936.0,14090.24,0.44780289748079527,0.5726495726495726,1.036054875433879e-06,0.759969000841699,0.1367669335641636,0.01228367309232001,536.0,936.0,386079936.0,172887714.0,1896.0,13863.0,974220.0,740377.0
15.3,sysbench,none,10,0.4479294997945024,10.700000000000001,1.3007899897131093e-06,608.0,1110.0,172864652.0,385919329.0,17530.88,0.4479294997945024,0.5477477477477477,1.3007899897131093e-06,0.7396591959242642,0.2007710100231303,0.011782986622229446,608.0,1110.0,385919329.0,172864652.0,2604.0,12970.0,879743.0,650710.0
15.4,sysbench,none,10,0.44768824849395694,11.5,1.2578235134370102e-06,589.0,1075.0,172978551.0,386381710.0,18841.6,0.44768824849395694,0.5479069767441861,1.2578235134370102e-06,0.7592667427566635,0.20895163230929653,0.011289862820496675,589.0,1075.0,386381710.0,172978551.0,2605.0,12467.0,873527.0,663240.0
15.5,sysbench,none,10,0.4474760874487516,9.2,1.1268828512405443e-06,549.0,984.0,172734990.0,386020605.0,15073.279999999999,0.4474760874487516,0.5579268292682927,1.1268828512405443e-06,0.7623624960702815,0.18931222167243938,0.011868112127002707,549.0,984.0,386020605.0,172734990.0,1913.0,10105.0,690253.0,526223.0
15.6,sysbench,none,10,0.44771497770233687,10.1,1.0320172167785298e-06,562.0,961.0,173096217.0,386621457.0,16547.84,0.44771497770233687,0.5848074921956296,1.0320172167785298e-06,0.6477584079476065,0.21176567793109147,0.010061062422881007,562.0,961.0,386621457.0,173096217.0,2563.0,12103.0,948210.0,614211.0
15.9,sysbench,none,10,0.44767548820971387,9.2,1.145252833034295e-06,552.0,995.0,173167213.0,386814149.0,15073.279999999999,0.44767548820971387,0.5547738693467337,1.145252833034295e-06,0.7245375674018528,0.1916772643775611,0.0106126901467373,552.0,995.0,386814149.0,173167213.0,2713.0,14154.0,1078049.0,781087.0
16.0,sysbench,none,10,0.44813675810113257,11.400000000000002,1.921755206537278e-06,553.0,1296.0,173261199.0,386625725.0,18677.760000000002,0.44813675810113257,0.42669753086419754,1.921755206537278e-06,0.782999382239229,0.15121713050149962,0.012066662634199355,553.0,1296.0,386625725.0,173261199.0,2168.0,14337.0,1008481.0,789640.0
16.1,sysbench,none,10,0.4476348113444165,10.2,1.2211156097723069e-06,503.0,975.0,173025084.0,386531788.0,16711.68,0.4476348113444165,0.5158974358974359,1.2211156097723069e-06,0.7187643863364331,0.2004730105731775,0.010798795164875636,503.0,975.0,386531788.0,173025084.0,2882.0,14376.0,1064378.0,765037.0
16.2,sysbench,none,10,0.4474174395379868,10.0,1.2467558201795215e-06,533.0,1014.0,172614224.0,385801287.0,16384.0,0.4474174395379868,0.5256410256410257,1.2467558201795215e-06,0.6979636705957024,0.15593201068728327,0.011327096615221246,533.0,1014.0,385801287.0,172614224.0,2743.0,17591.0,1310839.0,914918.0
16.3,sysbench,none,10,0.44754493340739904,11.200000000000001,1.2908474822792548e-06,479.0,976.0,172313023.0,385018375.0,18350.08,0.44754493340739904,0.49077868852459017,1.2908474822792548e-06,0.6646153772715013,0.15646301439030547,0.010633024990194386,479.0,976.0,385018375.0,172313023.0,2479.0,15844.0,1256933.0,835377.0
16.4,sysbench,none,10,0.44787537896346086,11.7,1.3186721255158646e-06,531.0,1039.0,172537728.0,385236019.0,19169.28,0.44787537896346086,0.5110683349374399,1.3186721255158646e-06,0.726696305582376,0.13885048390282442,0.011934031629289563,531.0,1039.0,385236019.0,172537728.0,2812.0,20252.0,1461367.0,1061970.0
16.5,sysbench,none,10,0.4476345438446878,9.5,1.0840958591504574e-06,531.0,950.0,173009492.0,386497187.0,15564.8,0.4476345438446878,0.5589473684210526,1.0840958591504574e-06,0.7238840691545196,0.17272274763563963,0.011001855392838296,531.0,950.0,386497187.0,173009492.0,2429.0,14063.0,1057458.0,765477.0
16.6,sysbench,none,10,0.4477395680658082,10.5,1.5837102257452125e-06,619.0,1231.0,173021940.0,386434330.0,17203.2,0.4477395680658082,0.5028432168968319,1.5837102257452125e-06,0.7309625397569933,0.16698601944503583,0.011282383506843153,619.0,1231.0,386434330.0,173021940.0,2353.0,14091.0,1040383.0,760481.0
16.7,sysbench,none,10,0.4475342878585692,9.9,1.2864133136126778e-06,507.0,1004.0,172902860.0,386345504.0,16220.16,0.4475342878585692,0.5049800796812749,1.2864133136126778e-06,0.7263502958733479,0.18628993637545324,0.011026531722833004,507.0,1004.0,386345504.0,172902860.0,2723.0,14617.0,1078671.0,783493.0
16.8,sysbench,none,10,0.44732789731662015,10.0,1.1617400297370183e-06,553.0,1001.0,172502361.0,385628444.0,16384.0,0.44732789731662015,0.5524475524475524,1.1617400297370183e-06,0.6658604553799994,0.15387216773757187,0.010911326934231125,553.0,1001.0,385628444.0,172502361.0,2275.0,14785.0,1146515.0,763419.0
16.9,sysbench,none,10,0.4477763874077347,9.7,1.091004498570907e-06,528.0,950.0,173199685.0,386799505.0,15892.48,0.4477763874077347,0.5557894736842105,1.091004498570907e-06,0.7272021291835365,0.16561712846347607,0.011238718870869241,528.0,950.0,386799505.0,173199685.0,2367.0,14292.0,1061064.0,771608.0
17.0,sysbench,none,10,0.4476223041706416,9.9,1.6010557553052947e-06,560.0,1179.0,173059686.0,386619890.0,16220.16,0.4476223041706416,0.47497879558948264,1.6010557553052947e-06,0.6966814759365166,0.15883357581124677,0.010963091694085388,560.0,1179.0,386619890.0,173059686.0,2511.0,15809.0,1212979.0,845060.0
17.1,sysbench,none,10,0.4481798710257904,10.2,1.0603798630853557e-06,533.0,943.0,173290491.0,386653891.0,16711.68,0.4481798710257904,0.5652173913043478,1.0603798630853557e-06,0.7077082770044535,0.19128627511354016,0.010883516538159126,533.0,943.0,386653891.0,173290491.0,2485.0,12991.0,965313.0,683160.0
17.2,sysbench,none,10,0.44775649476215196,9.399999999999999,1.1755415418229895e-06,508.0,962.0,172925789.0,386204982.0,15400.96,0.44775649476215196,0.5280665280665281,1.1755415418229895e-06,0.691270266164391,0.1743141837864436,0.010905566599590065,508.0,962.0,386204982.0,172925789.0,2834.0,16258.0,1230931.0,850906.0
17.3,sysbench,none,10,0.4476475189418657,14.100000000000001,1.284411102193204e-06,646.0,1141.0,172519158.0,385390627.0,23101.440000000002,0.4476475189418657,0.5661700262927257,1.284411102193204e-06,0.7299122785431754,0.21725512528473803,0.008823501090767474,646.0,1141.0,385390627.0,172519158.0,2289.0,10536.0,934663.0,682222.0
17.4,sysbench,none,10,0.44790106089908416,9.299999999999999,1.235835332139373e-06,513.0,990.0,172878053.0,385973752.0,15237.119999999999,0.44790106089908416,0.5181818181818182,1.235835332139373e-06,0.7498086048572858,0.16590223295111647,0.011589363712822594,513.0,990.0,385973752.0,172878053.0,2749.0,16570.0,1192559.0,894191.0
17.5,sysbench,none,10,0.4476288625480217,5.1,1.4416246949844375e-06,650.0,1207.0,172950198.0,386369630.0,8355.84,0.4476288625480217,0.5385252692626347,1.4416246949844375e-06,0.6754494171190971,0.16943448679493744,0.009705135865918157,650.0,1207.0,386369630.0,172950198.0,2316.0,13669.0,1169793.0,790136.0
17.6,sysbench,none,10,0.46769309975055223,19.3,7.300042848712653e-05,6982.0,34470.0,176107842.0,376545735.0,31621.120000000003,0.46769309975055223,0.2025529445894981,7.300042848712653e-05,0.7188221867838633,0.13029035433070865,0.011785801518699478,6982.0,34470.0,376545735.0,176107842.0,2118.0,16256.0,1199579.0,862284.0
17.7,sysbench,none,10,0.45395577612310856,43.6,2.6965432405068528e-05,3334.0,13878.0,177505394.0,391019133.0,71434.24,0.45395577612310856,0.24023634529471105,2.6965432405068528e-05,0.7530562567941897,0.1331299939857376,0.012146175450508204,3334.0,13878.0,391019133.0,177505394.0,3099.0,23278.0,1661346.0,1251087.0
18.1,sysbench,none,10,0.4482783734656283,8.5,1.926472584962898e-06,595.0,1339.0,173124244.0,386198073.0,13926.4,0.4482783734656283,0.4443614637789395,1.926472584962898e-06,0.6584011724896576,0.13735255570117955,0.010871516143204946,595.0,1339.0,386198073.0,173124244.0,1572.0,11445.0,908153.0,597929.0
18.2,sysbench,none,10,0.4474892267676095,8.799999999999999,1.2236447022753706e-06,519.0,991.0,172611310.0,385732884.0,14417.919999999998,0.4474892267676095,0.5237134207870837,1.2236447022753706e-06,0.6574489794969245,0.14355302974389253,0.01079334429038226,519.0,991.0,385732884.0,172611310.0,1945.0,13549.0,1075107.0,706828.0
18.3,sysbench,none,10,0.44772047473508664,8.7,1.1835932176993907e-06,533.0,989.0,172492148.0,385267500.0,14254.08,0.44772047473508664,0.538928210313448,1.1835932176993907e-06,0.6707500771155362,0.12439184746877055,0.011411385680501766,533.0,989.0,385267500.0,172492148.0,1892.0,15210.0,1167080.0,782819.0
18.4,sysbench,none,10,0.44762799883997506,11.5,1.1831799542476247e-06,565.0,1021.0,172516756.0,385402067.0,18841.6,0.44762799883997506,0.5533790401567091,1.1831799542476247e-06,0.7076427634556847,0.14105747683362607,0.011321607249915978,565.0,1021.0,385402067.0,172516756.0,2329.0,16511.0,1252649.0,886428.0
18.5,sysbench,none,10,0.4477941686049631,11.299999999999999,1.572589500744804e-06,622.0,1229.0,172842983.0,385987570.0,18513.92,0.4477941686049631,0.5061025223759154,1.572589500744804e-06,0.6820730453680215,0.14294464436107496,0.010938434418251961,622.0,1229.0,385987570.0,172842983.0,1867.0,13061.0,1023364.0,698009.0
18.6,sysbench,none,10,0.4474001675594586,10.4,1.28267199098023e-06,638.0,1133.0,172657612.0,385913159.0,17039.36,0.4474001675594586,0.5631067961165048,1.28267199098023e-06,0.6960410651484431,0.149888570518943,0.011297823872079287,638.0,1133.0,385913159.0,172657612.0,2354.0,15705.0,1181732.0,822534.0
18.7,sysbench,none,10,0.4482117304947602,9.299999999999999,2.6974221947594845e-06,698.0,1740.0,173141833.0,386294738.0,15237.119999999999,0.4482117304947602,0.4011494252873563,2.6974221947594845e-06,0.6996119453044841,0.15711858647638463,0.011182719304098197,698.0,1740.0,386294738.0,173141833.0,2312.0,14715.0,1109122.0,775955.0
18.8,sysbench,none,10,0.4474770897088409,9.8,1.1948963720937369e-06,558.0,1019.0,172640024.0,385807515.0,16056.32,0.4474770897088409,0.5475956820412169,1.1948963720937369e-06,0.668309136292892,0.15617477569479904,0.011025196500681926,558.0,1019.0,385807515.0,172640024.0,2141.0,13709.0,1049233.0,701212.0
18.9,sysbench,none,10,0.4482381573208789,10.7,1.1954493744655894e-06,556.0,1018.0,173228606.0,386465550.0,17530.879999999997,0.4482381573208789,0.5461689587426326,1.1954493744655894e-06,0.699483576913191,0.18344281980645616,0.0104624095399798,556.0,1018.0,386465550.0,173228606.0,2597.0,14157.0,1104908.0,772865.0
19.0,sysbench,none,10,0.4473968733999446,9.6,1.6282307103307132e-06,568.0,1197.0,172833390.0,386308891.0,15728.64,0.4473968733999446,0.47451963241436923,1.6282307103307132e-06,0.6539388266446479,0.16586025330866658,0.01043075466594536,568.0,1197.0,386308891.0,172833390.0,2331.0,14054.0,1123888.0,734954.0
19.1,sysbench,none,10,0.4481298090422347,8.299999999999999,1.055669567725124e-06,569.0,977.0,173195257.0,386484571.0,13598.72,0.4481298090422347,0.5823950870010235,1.055669567725124e-06,0.6702609566508978,0.15939499709133217,0.010685679393699939,569.0,977.0,386484571.0,173195257.0,1918.0,12033.0,946594.0,634465.0
19.2,sysbench,none,10,0.4477066022586298,9.8,1.1982231129302203e-06,553.0,1015.0,172622651.0,385570930.0,16056.32,0.4477066022586298,0.5448275862068965,1.1982231129302203e-06,0.6903868651734918,0.14012961989840603,0.0115708349276263,553.0,1015.0,385570930.0,172622651.0,2400.0,17127.0,1272769.0,878703.0
19.3,sysbench,none,10,0.44819755258092525,9.8,1.453597389637581e-06,592.0,1153.0,172976939.0,385939053.0,16056.32,0.44819755258092525,0.5134431916738942,1.453597389637581e-06,0.6872281062575655,0.14853504759550007,0.011101404378023169,592.0,1153.0,385939053.0,172976939.0,2403.0,16178.0,1240834.0,852736.0
19.4,sysbench,none,10,0.4477283338923815,9.5,1.1441266750072896e-06,577.0,1018.0,172575467.0,385446830.0,15564.8,0.4477283338923815,0.5667976424361493,1.1441266750072896e-06,0.6947221153805513,0.1431240657698057,0.011630197260250814,577.0,1018.0,385446830.0,172575467.0,2298.0,16056.0,1182955.0,821825.0
19.5,sysbench,none,10,0.44742626863317014,11.5,9.83540598208338e-07,598.0,978.0,172867274.0,386359242.0,18841.6,0.44742626863317014,0.6114519427402862,9.83540598208338e-07,0.7767903566071226,0.17867526229300973,0.011094614565662275,598.0,978.0,386359242.0,172867274.0,2827.0,15822.0,1171289.0,909846.0
19.6,sysbench,none,10,0.4477067054221896,10.5,1.2913828462810752e-06,512.0,1010.0,172650535.0,385633123.0,17203.2,0.4477067054221896,0.5069306930693069,1.2913828462810752e-06,0.755456384305133,0.1641946697566628,0.011733005401281636,512.0,1010.0,385633123.0,172650535.0,2834.0,17260.0,1229523.0,928851.0
19.7,sysbench,none,10,0.4477828497650849,12.4,1.7485661187922873e-06,663.0,1338.0,172857875.0,386030584.0,20316.16,0.4477828497650849,0.49551569506726456,1.7485661187922873e-06,0.6971839563464514,0.1502054402662922,0.011056165238209306,663.0,1338.0,386030584.0,172857875.0,2888.0,19227.0,1477818.0,1030311.0
19.8,sysbench,none,10,0.44782503335633583,11.7,1.0231150730754505e-06,579.0,974.0,172894421.0,386075829.0,19169.28,0.44782503335633583,0.5944558521560575,1.0231150730754505e-06,0.6925163768505966,0.17597571003858561,0.010887534203756606,579.0,974.0,386075829.0,172894421.0,2782.0,15809.0,1196506.0,828600.0
20.1,sysbench,none,10,0.44754829659148326,8.200000000000001,1.1859681520371397e-06,528.0,986.0,172835265.0,386182377.0,13434.880000000001,0.44754829659148326,0.5354969574036511,1.1859681520371397e-06,0.6520090231786416,0.13837353123067409,0.011194606983522455,528.0,986.0,386182377.0,172835265.0,1790.0,12936.0,995658.0,649178.0
20.2,sysbench,none,10,0.44786232797815934,9.399999999999999,1.2487061771878002e-06,551.0,1033.0,172874649.0,385999532.0,15400.96,0.44786232797815934,0.5333978702807357,1.2487061771878002e-06,0.6794679784681442,0.14825046040515655,0.010951411252131086,551.0,1033.0,385999532.0,172874649.0,1932.0,13032.0,1013568.0,688687.0
20.3,sysbench,none,10,0.44766361587064474,11.299999999999999,1.08221681604027e-06,559.0,976.0,172493834.0,385320200.0,18513.92,0.44766361587064474,0.5727459016393442,1.08221681604027e-06,0.6501352593450921,0.16163556531284304,0.010646500463933018,559.0,976.0,385320200.0,172493834.0,2356.0,14576.0,1147795.0,746222.0
20.4,sysbench,none,10,0.4481087769784651,11.7,1.367828880672249e-06,653.0,1180.0,172648296.0,385282112.0,19169.28,0.4481087769784651,0.5533898305084746,1.367828880672249e-06,0.6448857424557823,0.19012256233774075,0.010743757303536374,653.0,1180.0,385282112.0,172648296.0,3149.0,16563.0,1248539.0,805165.0
20.5,sysbench,none,10,0.4476201883109184,12.3,1.0893597508265265e-06,570.0,991.0,172989776.0,386465536.0,20152.32,0.4476201883109184,0.5751765893037336,1.0893597508265265e-06,0.6924944022888418,0.1708090358376267,0.011386677447443714,570.0,991.0,386465536.0,172989776.0,3017.0,17663.0,1286240.0,890714.0
20.6,sysbench,none,10,0.44733346402530205,9.2,1.3273605214803609e-06,616.0,1129.0,172886012.0,386481285.0,15073.279999999999,0.44733346402530205,0.545615589016829,1.3273605214803609e-06,0.7231076741338778,0.16575192096597147,0.011891211065084823,616.0,1129.0,386481285.0,172886012.0,3020.0,18220.0,1278255.0,924316.0
20.7,sysbench,none,10,0.44762909794694217,10.0,1.5593932747875276e-06,621.0,1223.0,172806130.0,386047580.0,16384.0,0.44762909794694217,0.5077677841373671,1.5593932747875276e-06,0.6866583894407039,0.1556769092835602,0.010789905672955137,621.0,1223.0,386047580.0,172806130.0,1910.0,12269.0,960064.0,659236.0
20.8,sysbench,none,10,0.4473394448392918,10.8,1.1240775354184592e-06,599.0,1033.0,172715238.0,386094363.0,17694.72,0.4473394448392918,0.579864472410455,1.1240775354184592e-06,0.71382580858575,0.1496726518441693,0.011856064234959392,599.0,1033.0,386094363.0,172715238.0,2309.0,15427.0,1106438.0,789804.0
20.9,sysbench,none,10,0.4476467422979055,7.9,1.2802619057178437e-06,528.0,1022.0,172728322.0,385858548.0,12943.36,0.4476467422979055,0.5166340508806262,1.2802619057178437e-06,0.8046391759711778,0.14642765685019207,0.011533579977273323,528.0,1022.0,385858548.0,172728322.0,2859.0,19525.0,1444998.0,1162702.0
21.0,sysbench,none,10,0.4482665417303588,8.100000000000001,1.8041063764793915e-06,720.0,1417.0,173183679.0,386340855.0,13271.04,0.4482665417303588,0.5081157374735357,1.8041063764793915e-06,0.6264696479653903,0.1581636128329133,0.010262520914899712,720.0,1417.0,386340855.0,173183679.0,2322.0,14681.0,1204285.0,754448.0
21.1,sysbench,none,10,0.447614165735456,8.100000000000001,1.2439177604504643e-06,552.0,1032.0,172724280.0,385877600.0,13271.04,0.447614165735456,0.5348837209302325,1.2439177604504643e-06,0.7656953792647453,0.17792646485643757,0.011216366411347718,552.0,1032.0,385877600.0,172724280.0,2739.0,15394.0,1128262.0,863905.0
21.2,sysbench,none,10,0.44783865092424346,8.2,1.1146452306252698e-06,554.0,984.0,172764046.0,385772969.0,13434.88,0.44783865092424346,0.5630081300813008,1.1146452306252698e-06,0.7321067924575987,0.15419981403037503,0.012170510540020411,554.0,984.0,385772969.0,172764046.0,2985.0,19358.0,1345301.0,984904.0
21.3,sysbench,none,10,0.4475588502725199,12.2,1.5561432587042706e-06,610.0,1209.0,172277038.0,384926000.0,19988.48,0.4475588502725199,0.5045492142266336,1.5561432587042706e-06,0.688029237258303,0.1648561657614162,0.011809542502903314,610.0,1209.0,384926000.0,172277038.0,3278.0,19884.0,1406151.0,967473.0
21.4,sysbench,none,10,0.4477595296463087,11.400000000000002,1.118283771664076e-06,623.0,1053.0,172171503.0,384517786.0,18677.760000000002,0.4477595296463087,0.5916429249762583,1.118283771664076e-06,0.6625733929823994,0.1667642276422764,0.010918710959706198,623.0,1053.0,384517786.0,172171503.0,2564.0,15375.0,1173307.0,777402.0
21.5,sysbench,none,10,0.44769965360380237,12.2,1.0816059166100003e-06,593.0,1011.0,173019075.0,386462383.0,19988.48,0.44769965360380237,0.5865479723046488,1.0816059166100003e-06,0.7305754468018096,0.15710972910298304,0.012166519970574564,593.0,1011.0,386462383.0,173019075.0,2981.0,18974.0,1314509.0,960348.0
21.6,sysbench,none,10,0.4474644772288878,10.1,1.1072553067725295e-06,599.0,1025.0,172155298.0,384735117.0,16547.84,0.4474644772288878,0.584390243902439,1.1072553067725295e-06,0.7611680894606483,0.14063828143111043,0.01092615389754508,599.0,1025.0,384735117.0,172155298.0,1820.0,12941.0,1017833.0,774742.0
21.7,sysbench,none,10,0.44769622899258216,11.400000000000002,1.3018962378563907e-06,615.0,1116.0,172283938.0,384823295.0,18677.760000000002,0.44769622899258216,0.5510752688172043,1.3018962378563907e-06,0.7493602203595688,0.16693697868396665,0.011062591870971812,615.0,1116.0,384823295.0,172283938.0,2882.0,17264.0,1300057.0,974211.0
21.8,sysbench,none,10,0.4475689188345497,11.5,1.2779566463446934e-06,669.0,1162.0,172659595.0,385772085.0,18841.6,0.4475689188345497,0.5757314974182444,1.2779566463446934e-06,0.7430963573576919,0.17300776074200264,0.01168051687646207,669.0,1162.0,385772085.0,172659595.0,2742.0,15849.0,1122125.0,833847.0
21.9,sysbench,none,10,0.4475881675098142,17.1,2.0077801324085744e-06,551.0,1323.0,172099554.0,384504253.0,28016.64,0.4475881675098142,0.41647770219198793,2.0077801324085744e-06,0.6837729888640752,0.09267541244285431,0.011499312900466926,551.0,1323.0,384504253.0,172099554.0,1865.0,20124.0,1587834.0,1085718.0
22.2,sysbench,none,10,0.44757783088819264,10.8,1.2961897375317867e-06,563.0,1062.0,172306053.0,384974503.0,17694.72,0.44757783088819264,0.5301318267419962,1.2961897375317867e-06,0.6930146664274204,0.15548875947147597,0.011578261440680512,563.0,1062.0,384974503.0,172306053.0,2483.0,15969.0,1164769.0,807202.0
22.3,sysbench,none,10,0.44789965970358797,9.5,1.3052981280293963e-06,517.0,1020.0,172599289.0,385352579.0,15564.8,0.44789965970358797,0.5068627450980392,1.3052981280293963e-06,0.6887421599501171,0.14750476955517622,0.011121474269964945,517.0,1020.0,385352579.0,172599289.0,2938.0,19918.0,1526776.0,1051555.0
22.4,sysbench,none,10,0.4477346281487717,10.2,1.0588593575119111e-06,592.0,1000.0,172521239.0,385320295.0,16711.68,0.4477346281487717,0.592,1.0588593575119111e-06,0.7198546109236322,0.12277580071174377,0.012637480284565718,592.0,1000.0,385320295.0,172521239.0,2346.0,19108.0,1326372.0,954795.0
22.5,sysbench,none,10,0.4474610902457513,17.3,1.0965759237905554e-06,565.0,988.0,172606417.0,385746204.0,28344.32,0.4474610902457513,0.5718623481781376,1.0965759237905554e-06,0.6896562970237292,0.16134944338854196,0.011192836584585865,565.0,988.0,385746204.0,172606417.0,2377.0,14732.0,1103831.0,761264.0
22.6,sysbench,none,10,0.44803623960178035,11.8,1.4909428251847642e-06,716.0,1292.0,173091060.0,386332722.0,19333.120000000003,0.44803623960178035,0.5541795665634675,1.4909428251847642e-06,0.68772149080031,0.18759630200308167,0.0109215570857205,716.0,1292.0,386332722.0,173091060.0,2922.0,15576.0,1158626.0,796812.0
22.7,sysbench,none,10,0.44807856631149656,10.4,1.4160836273010125e-06,577.0,1123.0,172765854.0,385570449.0,17039.36,0.44807856631149656,0.5138023152270703,1.4160836273010125e-06,0.7468409483141272,0.17368515099172077,0.011298878256683995,577.0,1123.0,385570449.0,172765854.0,2916.0,16789.0,1227821.0,916987.0
22.8,sysbench,none,10,0.4478773820682886,12.1,1.2770923868010083e-06,603.0,1094.0,172194116.0,384467095.0,19824.64,0.4478773820682886,0.5511882998171846,1.2770923868010083e-06,0.6853961970055726,0.17254212057649368,0.01069663251569857,603.0,1094.0,384467095.0,172194116.0,2550.0,14779.0,1143257.0,783584.0
22.9,sysbench,none,10,0.44781473851732695,11.0,1.1053535679961508e-06,560.0,987.0,172991610.0,386301734.0,18022.4,0.44781473851732695,0.5673758865248227,1.1053535679961508e-06,0.7206840936784034,0.1733541098558629,0.011714926791565947,560.0,987.0,386301734.0,172991610.0,3115.0,17969.0,1267955.0,913795.0
23.0,sysbench,none,10,0.44803406260108497,11.7,1.8016598502961686e-06,596.0,1291.0,172831555.0,385755391.0,19169.28,0.44803406260108497,0.4616576297443842,1.8016598502961686e-06,0.6524502975039033,0.17685960441693968,0.010373259972994505,596.0,1291.0,385755391.0,172831555.0,2915.0,16482.0,1307882.0,853328.0
23.2,sysbench,none,10,0.4478558373697978,10.2,1.1515030540772244e-06,598.0,1041.0,172296665.0,384714568.0,16711.68,0.4478558373697978,0.574447646493756,1.1515030540772244e-06,0.6943015474960835,0.1465589660743134,0.011117761396189472,598.0,1041.0,384714568.0,172296665.0,2268.0,15475.0,1187919.0,824774.0
23.3,sysbench,none,10,0.44797336662043447,11.0,1.1536752882540667e-06,664.0,1109.0,172793983.0,385723786.0,18022.4,0.44797336662043447,0.5987376014427412,1.1536752882540667e-06,0.7447228621127356,0.16091745340111352,0.011639757684842543,664.0,1109.0,385723786.0,172793983.0,2659.0,16524.0,1191176.0,887096.0
23.4,sysbench,none,10,0.44792998364398223,10.8,1.0902367829459139e-06,616.0,1036.0,172559389.0,385237415.0,17694.72,0.44792998364398223,0.5945945945945946,1.0902367829459139e-06,0.7221386293486622,0.14638129118796292,0.011777475949391533,616.0,1036.0,385237415.0,172559389.0,2510.0,17147.0,1242796.0,897471.0
23.5,sysbench,none,10,0.44744064887407087,11.8,9.656637740946153e-07,611.0,984.0,172829681.0,386262807.0,19333.120000000003,0.44744064887407087,0.6209349593495935,9.656637740946153e-07,0.671626837653709,0.1674986134220743,0.01055310652239635,611.0,984.0,386262807.0,172829681.0,2416.0,14424.0,1137864.0,764220.0
23.6,sysbench,none,10,0.447516616363246,8.299999999999999,9.421772345592236e-07,607.0,971.0,172893212.0,386339201.0,13598.72,0.447516616363246,0.6251287332646756,9.421772345592236e-07,0.6246034666163434,0.15380047505938244,0.010516239287404866,607.0,971.0,386339201.0,172893212.0,1813.0,11788.0,948533.0,592457.0
23.7,sysbench,none,10,0.4473709136732941,11.7,1.4283771618572749e-06,561.0,1111.0,172261227.0,385052362.0,19169.28,0.4473709136732941,0.504950495049505,1.4283771618572749e-06,0.7684584000709201,0.13553711513172811,0.012706969836943662,561.0,1111.0,385052362.0,172261227.0,2989.0,22053.0,1500279.0,1152902.0
23.8,sysbench,none,10,0.4480328149422342,10.1,1.1993000470480487e-06,580.0,1043.0,172966885.0,386058519.0,16547.84,0.4480328149422342,0.5560882070949185,1.1993000470480487e-06,0.6449187382333731,0.17014049714373938,0.010325815499289199,580.0,1043.0,386058519.0,172966885.0,2204.0,12954.0,1041080.0,671412.0
23.9,sysbench,none,10,0.44768898571714605,11.0,2.417694399718323e-06,630.0,1562.0,172580180.0,385491235.0,18022.4,0.44768898571714605,0.4033290653008963,2.417694399718323e-06,0.7053169654392372,0.1437519974432726,0.010884844584635437,630.0,1562.0,385491235.0,172580180.0,2249.0,15645.0,1230702.0,868035.0
24.0,sysbench,none,10,0.44755605123147224,10.0,1.1654742639040665e-06,528.0,978.0,172805380.0,386108912.0,16384.0,0.44755605123147224,0.5398773006134969,1.1654742639040665e-06,0.7820354093039482,0.15465765703647522,0.011622351317326213,528.0,978.0,386108912.0,172805380.0,2243.0,14503.0,1054864.0,824941.0
24.3,sysbench,none,10,0.44747436507823674,12.9,9.681163905126373e-07,663.0,1035.0,171942615.0,384251319.0,21135.36,0.44747436507823674,0.6405797101449275,9.681163905126373e-07,0.7297643589817262,0.11176202564603267,0.012252542811171128,663.0,1035.0,384251319.0,171942615.0,1717.0,15363.0,1113728.0,812759.0
24.4,sysbench,none,10,0.44757171942761237,11.5,1.2734655221905537e-06,576.0,1066.0,172215218.0,384776809.0,18841.6,0.44757171942761237,0.5403377110694184,1.2734655221905537e-06,0.6876908010792805,0.1741963509991312,0.010923323310504924,576.0,1066.0,384776809.0,172215218.0,2807.0,16114.0,1218219.0,837758.0
24.5,sysbench,none,10,0.4474512489472668,9.399999999999999,1.097647918780531e-06,592.0,1015.0,172434052.0,385369473.0,15400.96,0.4474512489472668,0.5832512315270936,1.097647918780531e-06,0.7617133271633503,0.16299204129920414,0.011846519642465721,592.0,1015.0,385369473.0,172434052.0,3031.0,18596.0,1313888.0,1000806.0
24.6,sysbench,none,10,0.4481884838100363,8.3,1.7218213380543932e-06,741.0,1406.0,173098878.0,386218933.0,13598.720000000001,0.4481884838100363,0.527027027027027,1.7218213380543932e-06,0.7707321721549195,0.1765992003998001,0.010922092772741587,741.0,1406.0,386218933.0,173098878.0,2827.0,16008.0,1206820.0,930135.0
24.7,sysbench,none,10,0.44750298001835825,9.0,1.4595193532123655e-06,530.0,1093.0,172621334.0,385743429.0,14745.599999999999,0.44750298001835825,0.484903934126258,1.4595193532123655e-06,0.7519615150314454,0.1827943162090915,0.01109270569507016,530.0,1093.0,385743429.0,172621334.0,2843.0,15553.0,1145798.0,861596.0
24.8,sysbench,none,10,0.44750815548612954,7.3,1.1232674795679917e-06,541.0,974.0,172506580.0,385482539.0,11960.32,0.44750815548612954,0.555441478439425,1.1232674795679917e-06,0.7723471119662184,0.1317537528113395,0.013068026161243697,541.0,974.0,385482539.0,172506580.0,2519.0,19119.0,1270276.0,981094.0
24.9,sysbench,none,10,0.44743014209008464,12.2,1.1529527981981344e-06,587.0,1031.0,172304524.0,385098159.0,19988.48,0.44743014209008464,0.5693501454898157,1.1529527981981344e-06,0.70180972681816,0.19243647823517826,0.011123701895641588,587.0,1031.0,385098159.0,172304524.0,2931.0,15231.0,1105747.0,776024.0
25.0,sysbench,none,10,0.4477223552058496,10.0,1.691298434024708e-06,584.0,1237.0,172862868.0,386093895.0,16384.0,0.4477223552058496,0.4721099434114794,1.691298434024708e-06,0.6004337422115227,0.16519582816716505,0.009757494797736152,584.0,1237.0,386093895.0,172862868.0,2265.0,13711.0,1173047.0,704337.0
25.1,sysbench,none,10,0.4474920761468519,9.5,1.2088060179904368e-06,591.0,1057.0,172510150.0,385504368.0,15564.8,0.4474920761468519,0.5591296121097445,1.2088060179904368e-06,0.6722646967202172,0.14809014774971063,0.011136131013306039,591.0,1057.0,385504368.0,172510150.0,2175.0,14687.0,1123550.0,755323.0
25.2,sysbench,none,10,0.4475984737894122,9.6,1.1601226088166587e-06,555.0,1002.0,172461528.0,385304102.0,15728.64,0.4475984737894122,0.5538922155688623,1.1601226088166587e-06,0.7034377828494006,0.15488701147056802,0.011387088832989981,555.0,1002.0,385304102.0,172461528.0,2255.0,14559.0,1080522.0,760080.0
25.3,sysbench,none,10,0.44777713699494426,12.5,1.5454342568403554e-06,629.0,1223.0,172106719.0,384357987.0,20480.0,0.44777713699494426,0.5143090760425184,1.5454342568403554e-06,0.6679621514606251,0.20533371161075253,0.010638611017476226,629.0,1223.0,384357987.0,172106719.0,2895.0,14099.0,1053145.0,703461.0
25.4,sysbench,none,10,0.4477868936678407,12.000000000000002,1.252766625931132e-06,575.0,1057.0,172285307.0,384748436.0,19660.800000000003,0.4477868936678407,0.5439924314096499,1.252766625931132e-06,0.6708685041916016,0.1715878176630615,0.011276049616424647,575.0,1057.0,384748436.0,172285307.0,2586.0,15071.0,1107214.0,742795.0
25.5,sysbench,none,10,0.44768111470069305,12.000000000000002,1.4476624276399127e-06,533.0,1090.0,172248983.0,384758207.0,19660.800000000003,0.44768111470069305,0.4889908256880734,1.4476624276399127e-06,0.7111193965525882,0.1313179643323184,0.01000817853255477,533.0,1090.0,384758207.0,172248983.0,3019.0,22990.0,1995468.0,1419016.0
25.6,sysbench,none,10,0.4479709002835696,10.700000000000001,1.1726758815658247e-06,575.0,1028.0,173049366.0,386295998.0,17530.88,0.4479709002835696,0.5593385214007782,1.1726758815658247e-06,0.7883797904957619,0.15317935889231485,0.011993800401606095,575.0,1028.0,386295998.0,173049366.0,2633.0,17189.0,1213627.0,956799.0
25.7,sysbench,none,10,0.4475381247008767,8.4,1.0644299252461742e-06,602.0,1013.0,172804395.0,386122177.0,13762.560000000001,0.4475381247008767,0.5942744323790721,1.0644299252461742e-06,0.6349327045682187,0.0969926849092387,0.011115668991185504,602.0,1013.0,386122177.0,172804395.0,1074.0,11073.0,899541.0,571148.0
25.8,sysbench,none,10,0.44753192299709094,11.299999999999999,1.173276719512893e-06,586.0,1038.0,172409821.0,385245861.0,18513.92,0.44753192299709094,0.5645472061657033,1.173276719512893e-06,0.7750267017772318,0.1630372819518869,0.011772837637157326,586.0,1038.0,385245861.0,172409821.0,2860.0,17542.0,1247108.0,966542.0
25.9,sysbench,none,10,0.44740903644278335,9.8,1.2887358323151714e-06,572.0,1067.0,171848619.0,384097336.0,16056.32,0.44740903644278335,0.5360824742268041,1.2887358323151714e-06,0.7171647785998628,0.11677561962093778,0.01201148190218893,572.0,1067.0,384097336.0,171848619.0,2483.0,21263.0,1563504.0,1121290.0
26.0,sysbench,none,10,0.4477964005550893,11.899999999999999,1.8463374257570695e-06,666.0,1379.0,172925506.0,386169933.0,19496.96,0.4477964005550893,0.48295866569978246,1.8463374257570695e-06,0.6553767664633479,0.2016161346333645,0.010309669530032572,666.0,1379.0,386169933.0,172925506.0,3019.0,14974.0,1159591.0,759969.0
26.1,sysbench,none,10,0.4476945757000818,9.7,1.2666441288800747e-06,529.0,1017.0,172483295.0,385270013.0,15892.48,0.4476945757000818,0.52015732546706,1.2666441288800747e-06,0.7398726014454099,0.09319469232559945,0.011783912529205166,529.0,1017.0,385270013.0,172483295.0,1201.0,12887.0,991691.0,733725.0
26.4,sysbench,none,10,0.447574876367849,11.5,1.2629599604349468e-06,537.0,1023.0,172231422.0,384810299.0,18841.6,0.447574876367849,0.5249266862170088,1.2629599604349468e-06,0.7382198615286655,0.14755403171493295,0.011221981316847884,537.0,1023.0,384810299.0,172231422.0,2410.0,16333.0,1240690.0,915902.0
26.5,sysbench,none,10,0.4474709383119749,10.1,1.2529175074460147e-06,578.0,1060.0,172143011.0,384702103.0,16547.84,0.4474709383119749,0.5452830188679245,1.2529175074460147e-06,0.7226659272990519,0.14613830154270788,0.011978308502981094,578.0,1060.0,384702103.0,172143011.0,2965.0,20289.0,1446281.0,1045178.0
26.6,sysbench,none,10,0.44783341287177414,10.899999999999999,1.4967120090511596e-06,642.0,1219.0,172645023.0,385511706.0,17858.559999999998,0.44783341287177414,0.5266611977030353,1.4967120090511596e-06,0.67802036555309,0.1577028258887876,0.011092365272364109,642.0,1219.0,385511706.0,172645023.0,2249.0,14261.0,1082907.0,734233.0
26.7,sysbench,none,10,0.4473523033345194,9.5,1.2484284274001143e-06,548.0,1030.0,172716197.0,386085409.0,15564.8,0.4473523033345194,0.5320388349514563,1.2484284274001143e-06,0.7987682294486164,0.16108740837982716,0.011946164756905634,548.0,1030.0,386085409.0,172716197.0,2945.0,18282.0,1283843.0,1025493.0
26.8,sysbench,none,10,0.4473373074020649,9.8,1.0668362832780743e-06,553.0,965.0,172756564.0,386188590.0,16056.32,0.4473373074020649,0.5730569948186528,1.0668362832780743e-06,0.7035443572606875,0.14954395743602736,0.011620942796261772,553.0,965.0,386188590.0,172756564.0,2361.0,15788.0,1155414.0,812885.0
26.9,sysbench,none,10,0.44751355181286556,8.799999999999999,1.049282927819594e-06,584.0,989.0,172730332.0,385977880.0,14417.919999999998,0.44751355181286556,0.5904954499494439,1.049282927819594e-06,0.6548486297841439,0.16625669222977862,0.010620013804912079,584.0,989.0,385977880.0,172730332.0,2298.0,13822.0,1085121.0,710590.0
27.0,sysbench,none,10,0.4474361907520492,11.0,1.6615612428212248e-06,622.0,1262.0,172343429.0,385179904.0,18022.4,0.4474361907520492,0.4928684627575277,1.6615612428212248e-06,0.6322976705065599,0.1394388861680543,0.010513620266840811,622.0,1262.0,385179904.0,172343429.0,1993.0,14293.0,1169911.0,739732.0
27.1,sysbench,none,10,0.4475122450521673,10.2,1.1398150180218614e-06,543.0,983.0,172752056.0,386027551.0,16711.68,0.4475122450521673,0.5523906408952187,1.1398150180218614e-06,0.7509670591723909,0.1482747288859678,0.011505274101458423,543.0,983.0,386027551.0,172752056.0,2256.0,15215.0,1126353.0,845854.0
27.2,sysbench,none,10,0.44797775900999753,11.400000000000002,1.054667306429064e-06,594.0,1001.0,172876268.0,385903685.0,18677.760000000002,0.44797775900999753,0.5934065934065934,1.054667306429064e-06,0.6580633564922701,0.17691047646179048,0.010438683011601146,594.0,1001.0,385903685.0,172876268.0,2484.0,14041.0,1107132.0,728563.0
27.3,sysbench,none,10,0.44787479375358397,11.099999999999998,1.421376171169547e-06,625.0,1173.0,172674477.0,385541851.0,18186.239999999998,0.44787479375358397,0.5328218243819267,1.421376171169547e-06,0.7752124481922511,0.16556366310311668,0.01161722076578212,625.0,1173.0,385541851.0,172674477.0,2927.0,17679.0,1269839.0,984395.0
27.4,sysbench,none,10,0.4473047500067096,10.700000000000001,1.2991760581267373e-06,565.0,1065.0,172149397.0,384859309.0,17530.88,0.4473047500067096,0.5305164319248826,1.2991760581267373e-06,0.7675059097682795,0.14649399251526493,0.011886743671387394,565.0,1065.0,384859309.0,172149397.0,2975.0,20308.0,1458179.0,1119161.0
27.5,sysbench,none,10,0.4476970816228607,9.9,1.0924604838748813e-06,578.0,999.0,172528411.0,385368630.0,16220.16,0.4476970816228607,0.5785785785785785,1.0924604838748813e-06,0.668432858177571,0.17591516560139453,0.010756419153365719,578.0,999.0,385368630.0,172528411.0,2422.0,13768.0,1054812.0,705071.0
27.6,sysbench,none,10,0.4481597196033014,11.5,9.94034007213234e-07,572.0,956.0,173126202.0,386304691.0,18841.6,0.4481597196033014,0.5983263598326359,9.94034007213234e-07,0.6773200080805308,0.1649092604547737,0.011093577883739457,572.0,956.0,386304691.0,173126202.0,2299.0,13941.0,1049436.0,710804.0
27.7,sysbench,none,10,0.47563219560723435,37.1,0.00010347162104400572,6232.0,45202.0,179134979.0,376625007.0,60784.64,0.47563219560723435,0.13787000575195787,0.00010347162104400572,0.6969241502565238,0.12438317537401113,0.012101189280937785,6232.0,45202.0,376625007.0,179134979.0,3176.0,25534.0,1847587.0,1287628.0
27.8,sysbench,none,10,0.44736823800053466,10.7,2.399864823855909e-06,585.0,1511.0,172619301.0,385855066.0,17530.879999999997,0.44736823800053466,0.3871608206485771,2.399864823855909e-06,0.7672653614032461,0.14480491813257046,0.011952909789135357,585.0,1511.0,385855066.0,172619301.0,2379.0,16429.0,1175446.0,901879.0
27.9,sysbench,none,10,0.44766127341597367,11.299999999999999,1.6332373057956926e-06,609.0,1240.0,172953595.0,386349245.0,18513.92,0.44766127341597367,0.49112903225806454,1.6332373057956926e-06,0.7077385909588554,0.14605457722812207,0.01188860920583529,609.0,1240.0,386349245.0,172953595.0,2173.0,14878.0,1068670.0,756339.0
28.0,sysbench,none,10,0.4475381429545418,9.8,2.088624308744133e-06,589.0,1391.0,171847847.0,383984806.0,16056.32,0.4475381429545418,0.42343637670740475,2.088624308744133e-06,0.7056588978496106,0.15160709694008742,0.011367269540099994,589.0,1391.0,383984806.0,171847847.0,2948.0,19445.0,1451272.0,1024103.0
28.1,sysbench,none,10,0.44744282427163795,8.799999999999999,1.3352501487516538e-06,692.0,1208.0,172911793.0,386444443.0,14417.919999999998,0.44744282427163795,0.5728476821192053,1.3352501487516538e-06,0.7232563523223943,0.17683130040658535,0.011436032298688791,692.0,1208.0,386444443.0,172911793.0,2653.0,15003.0,1079920.0,781059.0
28.5,sysbench,none,10,0.4478580206028965,10.4,1.572781465790004e-06,610.0,1215.0,172277019.0,384668826.0,17039.36,0.4478580206028965,0.5020576131687243,1.572781465790004e-06,0.7078326202780333,0.1350691167490146,0.012112740223704743,610.0,1215.0,384668826.0,172277019.0,2433.0,18013.0,1286249.0,910449.0
28.6,sysbench,none,10,0.4480139149246714,11.0,1.507233497130164e-06,583.0,1165.0,172995159.0,386137915.0,18022.4,0.4480139149246714,0.5004291845493563,1.507233497130164e-06,0.6806049591068415,0.13563501849568435,0.011200431400353508,583.0,1165.0,386137915.0,172995159.0,1760.0,12976.0,1001390.0,681551.0
28.7,sysbench,none,10,0.44778030432674404,11.200000000000001,2.720461283796655e-06,705.0,1756.0,172991655.0,386331541.0,18350.08,0.44778030432674404,0.40148063781321186,2.720461283796655e-06,0.7054659781629691,0.1558354324097397,0.011016400052886902,705.0,1756.0,386331541.0,172991655.0,2784.0,17865.0,1368959.0,965754.0
28.8,sysbench,none,10,0.44798513775589405,9.399999999999999,1.116059368485497e-06,558.0,989.0,173002978.0,386180173.0,15400.96,0.44798513775589405,0.564206268958544,1.116059368485497e-06,0.7088298491407418,0.1468171145316984,0.011765277276852327,558.0,989.0,386180173.0,173002978.0,2251.0,15332.0,1111831.0,788099.0
28.9,sysbench,none,10,0.44762652723093993,10.899999999999999,1.0508867527369493e-06,593.0,999.0,172936208.0,386340392.0,17858.559999999998,0.44762652723093993,0.5935935935935935,1.0508867527369493e-06,0.6940672724677672,0.1761971472236373,0.011190740844863305,593.0,999.0,386340392.0,172936208.0,2767.0,15704.0,1156045.0,802373.0
29.0,sysbench,none,10,0.4476822264714366,10.0,1.8023921752934948e-06,566.0,1262.0,172874047.0,386153474.0,16384.0,0.4476822264714366,0.44849445324881143,1.8023921752934948e-06,0.6760683099003222,0.14308204662428095,0.01117959234618186,566.0,1262.0,386153474.0,172874047.0,2363.0,16515.0,1265878.0,855820.0
29.1,sysbench,none,10,0.447393221728542,10.700000000000001,1.2093792949266287e-06,544.0,1010.0,172390285.0,385321629.0,17530.88,0.447393221728542,0.5386138613861386,1.2093792949266287e-06,0.7234596766108589,0.15052241321199866,0.011280308780774243,544.0,1010.0,385321629.0,172390285.0,2233.0,14835.0,1117168.0,808226.0
29.2,sysbench,none,10,0.44820787175164895,10.4,1.0974515265366964e-06,567.0,991.0,173164949.0,386349638.0,17039.36,0.44820787175164895,0.5721493440968718,1.0974515265366964e-06,0.7223681163273479,0.17367193900056715,0.010963377653370654,567.0,991.0,386349638.0,173164949.0,2756.0,15869.0,1196073.0,864005.0
29.3,sysbench,none,10,0.4481923755229134,11.400000000000002,1.4503147827807117e-06,620.0,1179.0,172748386.0,385433567.0,18677.760000000002,0.4481923755229134,0.5258693808312129,1.4503147827807117e-06,0.6840134725391517,0.16948359553190245,0.01109765246475571,620.0,1179.0,385433567.0,172748386.0,2898.0,17099.0,1279640.0,875291.0
29.4,sysbench,none,10,0.4473550517518492,15.8,1.1765263544539544e-06,588.0,1041.0,172245898.0,385031749.0,25886.72,0.4473550517518492,0.5648414985590778,1.1765263544539544e-06,0.6337799175379807,0.22415847482871612,0.009667896884427894,588.0,1041.0,385031749.0,172245898.0,3010.0,13428.0,1077587.0,682953.0
29.5,sysbench,none,10,0.44817956727031194,8.899999999999999,1.0715526228258634e-06,574.0,987.0,172738284.0,385422042.0,14581.759999999998,0.44817956727031194,0.5815602836879432,1.0715526228258634e-06,0.6885466862143377,0.13914972273567466,0.011281900219669055,574.0,987.0,385422042.0,172738284.0,1882.0,13525.0,1032007.0,710585.0
29.6,sysbench,none,10,0.4477975907991128,10.9,1.0855213430115654e-06,546.0,965.0,172845234.0,385989647.0,17858.56,0.4477975907991128,0.5658031088082901,1.0855213430115654e-06,0.6996309326710817,0.1753659892519612,0.011511796357615893,546.0,965.0,385989647.0,172845234.0,2839.0,16189.0,1159680.0,811348.0
29.7,sysbench,none,10,0.44745488401882266,9.399999999999999,1.2652361493658877e-06,583.0,1071.0,172582789.0,385698749.0,15400.96,0.44745488401882266,0.5443510737628384,1.2652361493658877e-06,0.6881543921086649,0.14497148220345102,0.011077313908047911,583.0,1071.0,385698749.0,172582789.0,2008.0,13851.0,1069122.0,735721.0
29.8,sysbench,none,10,0.4476016610322362,10.3,1.0849169802624809e-06,582.0,1001.0,172865850.0,386204666.0,16875.52,0.4476016610322362,0.5814185814185814,1.0849169802624809e-06,0.6933988697549701,0.16861949335602539,0.010933162318853055,582.0,1001.0,386204666.0,172865850.0,2576.0,15277.0,1161695.0,805518.0
29.9,sysbench,none,10,0.44766791085327634,12.2,1.2929501689122327e-06,566.0,1063.0,172080067.0,384392231.0,19988.48,0.44766791085327634,0.5324553151458138,1.2929501689122327e-06,0.7050059230566733,0.16355166102822916,0.011816341368633498,566.0,1063.0,384392231.0,172080067.0,2949.0,18031.0,1276368.0,899847.0
30.0,sysbench,none,10,0.4475996139811555,10.0,1.773225944799865e-06,613.0,1297.0,172656021.0,385737645.0,16384.0,0.4475996139811555,0.4726291441788743,1.773225944799865e-06,0.7295898191753244,0.13519746324589219,0.01147316159795135,613.0,1297.0,385737645.0,172656021.0,2345.0,17345.0,1307399.0,953865.0
30.1,sysbench,none,10,0.44757784234422987,11.7,1.1252375291512681e-06,634.0,1068.0,172629137.0,385696343.0,19169.28,0.44757784234422987,0.5936329588014981,1.1252375291512681e-06,0.730154270058221,0.16862544711292796,0.011397459447678945,634.0,1068.0,385696343.0,172629137.0,2970.0,17613.0,1284760.0,938073.0
30.2,sysbench,none,10,0.4475205527008821,10.3,1.2253287567416526e-06,609.0,1082.0,172751370.0,386018852.0,16875.52,0.4475205527008821,0.5628465804066544,1.2253287567416526e-06,0.6920032675724755,0.15435030966267813,0.01159312293046187,609.0,1082.0,386018852.0,172751370.0,2567.0,16631.0,1213133.0,839492.0
30.3,sysbench,none,10,0.4477228840446,10.3,1.1648033634861923e-06,591.0,1039.0,172200612.0,384614274.0,16875.52,0.4477228840446,0.5688161693936478,1.1648033634861923e-06,0.6622294072304894,0.1450381679389313,0.01105723409668245,591.0,1039.0,384614274.0,172200612.0,1976.0,13624.0,1053428.0,697611.0
30.6,sysbench,none,10,0.44764445221041144,11.0,1.7138435419111e-06,640.0,1301.0,172648772.0,385682814.0,18022.4,0.44764445221041144,0.49192928516525747,1.7138435419111e-06,0.7398361572479045,0.16506401137980084,0.011790057592430708,640.0,1301.0,385682814.0,172648772.0,2901.0,17575.0,1244608.0,920806.0
30.7,sysbench,none,10,0.44822893351185816,10.0,1.2319862962540778e-06,636.0,1112.0,173181287.0,386367934.0,16384.0,0.44822893351185816,0.5719424460431655,1.2319862962540778e-06,0.7447059427618072,0.16446670595167942,0.011935355977316174,636.0,1112.0,386367934.0,173181287.0,2791.0,16970.0,1187983.0,884698.0
30.8,sysbench,none,10,0.447891043641206,10.0,1.4722915940273503e-06,524.0,1092.0,172793293.0,385793142.0,16384.0,0.447891043641206,0.47985347985347987,1.4722915940273503e-06,0.7111763378950309,0.16034117958212113,0.011367542483940963,524.0,1092.0,385793142.0,172793293.0,2425.0,15124.0,1117128.0,794475.0
30.9,sysbench,none,10,0.4475111028150994,8.5,1.092973931043653e-06,561.0,983.0,172785169.0,386102530.0,13926.4,0.4475111028150994,0.5707019328585962,1.092973931043653e-06,0.7041336982625741,0.15548539857932123,0.010302751653134275,561.0,983.0,386102530.0,172785169.0,2364.0,15204.0,1246269.0,877540.0
31.0,sysbench,none,10,0.4481862341291336,11.099999999999998,1.5558134282515864e-06,598.0,1199.0,173131252.0,386293105.0,18186.239999999998,0.4481862341291336,0.4987489574645538,1.5558134282515864e-06,0.6354937517651343,0.14872724526021602,0.010234373510135845,598.0,1199.0,386293105.0,173131252.0,1969.0,13239.0,1101191.0,699800.0
31.1,sysbench,none,10,0.4476785709844165,10.899999999999999,1.18132235167767e-06,581.0,1036.0,172428592.0,385161594.0,17858.559999999998,0.4476785709844165,0.5608108108108109,1.18132235167767e-06,0.7106181797261145,0.16582466567607726,0.011874404587657388,581.0,1036.0,385161594.0,172428592.0,2790.0,16825.0,1181954.0,839918.0
31.2,sysbench,none,10,0.44772367045940514,10.600000000000001,1.058297105977629e-06,552.0,961.0,173031732.0,386469922.0,17367.04,0.44772367045940514,0.5744016649323621,1.058297105977629e-06,0.7160835572140571,0.1691846596122087,0.011540690215350317,552.0,961.0,386469922.0,173031732.0,2766.0,16349.0,1176966.0,842806.0
31.3,sysbench,none,10,0.44810327382226983,11.8,1.2529066398584685e-06,630.0,1114.0,173103069.0,386301728.0,19333.120000000003,0.44810327382226983,0.5655296229802513,1.2529066398584685e-06,0.712332901471683,0.1578525641025641,0.011952449145447564,630.0,1114.0,386301728.0,173103069.0,2561.0,16224.0,1143113.0,814277.0
31.4,sysbench,none,10,0.447769686644808,11.299999999999999,1.039527488353695e-06,569.0,970.0,172728135.0,385752185.0,18513.92,0.447769686644808,0.5865979381443299,1.039527488353695e-06,0.6989435904381391,0.18255417579741903,0.011367407056274125,569.0,970.0,385752185.0,172728135.0,2999.0,16428.0,1181360.0,825704.0
31.5,sysbench,none,10,0.44782207901880333,10.1,1.3406483890044073e-06,521.0,1037.0,172361519.0,384888390.0,16547.84,0.44782207901880333,0.502410800385728,1.3406483890044073e-06,0.781282757044484,0.1346562721474132,0.012919413614515454,521.0,1037.0,384888390.0,172361519.0,2850.0,21165.0,1417634.0,1107573.0
31.6,sysbench,none,10,0.44760833598739735,9.2,1.0467874773767589e-06,572.0,976.0,172751176.0,385942714.0,15073.279999999999,0.44760833598739735,0.5860655737704918,1.0467874773767589e-06,0.6886571625052899,0.1702112725486067,0.011167326642887372,572.0,976.0,385942714.0,172751176.0,2425.0,14247.0,1058624.0,729029.0
31.7,sysbench,none,10,0.4483054152853723,14.5,1.4289620300170094e-06,791.0,1343.0,173177862.0,386294379.0,23756.8,0.4483054152853723,0.5889798957557707,1.4289620300170094e-06,0.7000825611884938,0.17038798352954823,0.011544846543527018,791.0,1343.0,386294379.0,173177862.0,2938.0,17243.0,1239081.0,867459.0
31.8,sysbench,none,10,0.44787211545041733,9.8,1.353920133337589e-06,529.0,1050.0,172345005.0,384808518.0,16056.32,0.44787211545041733,0.5038095238095238,1.353920133337589e-06,0.75049098279904,0.15033509341998375,0.011921069484127918,529.0,1050.0,384808518.0,172345005.0,2961.0,19696.0,1403817.0,1053552.0
31.9,sysbench,none,10,0.4474745011426504,7.199999999999999,2.144819026122643e-06,564.0,1391.0,172537360.0,385580317.0,11796.48,0.4474745011426504,0.40546369518332137,2.144819026122643e-06,0.7221372793434893,0.14096916299559473,0.012203021748947563,564.0,1391.0,385580317.0,172537360.0,2368.0,16798.0,1182494.0,853923.0
32.0,sysbench,none,10,0.44743265584916353,10.899999999999999,1.1312850648374809e-06,550.0,987.0,172837136.0,386286369.0,17858.559999999998,0.44743265584916353,0.5572441742654508,1.1312850648374809e-06,0.7290086651864576,0.15030244113199395,0.012184232597797964,550.0,987.0,386286369.0,172837136.0,2783.0,18516.0,1291259.0,941339.0
32.1,sysbench,none,10,0.4476640769770311,8.799999999999999,1.11797629834219e-06,562.0,993.0,172582565.0,385518012.0,14417.919999999998,0.4476640769770311,0.5659617321248741,1.11797629834219e-06,0.6244046618080039,0.1376689864810815,0.010241764547723487,562.0,993.0,385518012.0,172582565.0,1721.0,12501.0,1052553.0,657219.0
32.2,sysbench,none,10,0.4482087938672217,8.299999999999999,1.0973295747207357e-06,598.0,1022.0,173184550.0,386392575.0,13598.72,0.4482087938672217,0.5851272015655578,1.0973295747207357e-06,0.6889299580680229,0.14344453064391,0.011431381684526582,598.0,1022.0,386392575.0,173184550.0,1849.0,12890.0,965850.0,665403.0
32.3,sysbench,none,10,0.44761417734044284,11.299999999999999,1.0800011583206668e-06,581.0,998.0,172828622.0,386110697.0,18513.92,0.44761417734044284,0.5821643286573146,1.0800011583206668e-06,0.6876978905888568,0.17452632837248222,0.011328774809122736,581.0,998.0,386110697.0,172828622.0,2920.0,16731.0,1219108.0,838378.0
32.4,sysbench,none,10,0.4477959482030173,10.2,1.0448165400009845e-06,579.0,981.0,172292421.0,384756543.0,16711.68,0.4477959482030173,0.5902140672782875,1.0448165400009845e-06,0.6661043049724958,0.16501933820369574,0.01092668771773942,579.0,981.0,384756543.0,172292421.0,2304.0,13962.0,1066929.0,710686.0
32.7,sysbench,none,10,0.4476777705950022,11.099999999999998,1.2172683942469504e-06,730.0,1200.0,172853048.0,386110411.0,18186.239999999998,0.4476777705950022,0.6083333333333333,1.2172683942469504e-06,0.6783060141610683,0.16420945602440265,0.010978548519117061,730.0,1200.0,386110411.0,172853048.0,2261.0,13769.0,1048226.0,711018.0
32.8,sysbench,none,10,0.4476814580928829,16.8,1.3582037371960785e-06,556.0,1080.0,172717154.0,385803680.0,27525.12,0.4476814580928829,0.5148148148148148,1.3582037371960785e-06,0.7142724756644798,0.15722999641191246,0.011219799736510492,556.0,1080.0,385803680.0,172717154.0,2191.0,13935.0,1046721.0,747644.0
32.9,sysbench,none,10,0.44766487398621724,10.0,1.0956358717431864e-06,592.0,1015.0,172833189.0,386077173.0,16384.0,0.44766487398621724,0.5832512315270936,1.0956358717431864e-06,0.7378382314242574,0.14868475743720683,0.012209672186014191,592.0,1015.0,386077173.0,172833189.0,2504.0,16841.0,1174233.0,866394.0
33.0,sysbench,none,10,0.4477465311460557,9.7,1.8323907746184135e-06,617.0,1323.0,172511811.0,385288995.0,15892.48,0.4477465311460557,0.46636432350718066,1.8323907746184135e-06,0.6727420415349415,0.18245416532647155,0.010022446257626256,617.0,1323.0,385288995.0,172511811.0,2269.0,12436.0,1014423.0,682445.0
33.1,sysbench,none,10,0.4476174068520486,9.2,1.0685708844762765e-06,553.0,966.0,173003019.0,386497523.0,15073.279999999999,0.4476174068520486,0.572463768115942,1.0685708844762765e-06,0.6780854328765827,0.15595122627130387,0.010294634588214616,553.0,966.0,386497523.0,173003019.0,2251.0,14434.0,1183432.0,802468.0
33.2,sysbench,none,10,0.44773246561644947,11.099999999999998,1.1359415602778727e-06,572.0,1010.0,172638124.0,385583216.0,18186.239999999998,0.44773246561644947,0.5663366336633663,1.1359415602778727e-06,0.6756944674081977,0.15676681367144432,0.010648703306954508,572.0,1010.0,385583216.0,172638124.0,2275.0,14512.0,1149154.0,776477.0
33.4,sysbench,none,10,0.4476544432120726,9.399999999999999,1.1700252674350233e-06,613.0,1064.0,172553670.0,385461761.0,15400.96,0.4476544432120726,0.5761278195488722,1.1700252674350233e-06,0.6577187506864196,0.13792827409542108,0.010752076232010814,613.0,1064.0,385461761.0,172553670.0,1723.0,12492.0,1001574.0,658754.0
33.5,sysbench,none,10,0.44776181699148015,12.0,1.1211756292826487e-06,598.0,1029.0,172127665.0,384417917.0,19660.8,0.44776181699148015,0.5811467444120505,1.1211756292826487e-06,0.6973952769373417,0.17536077264304564,0.010790071899525813,598.0,1029.0,384417917.0,172127665.0,3123.0,17809.0,1361066.0,949201.0
33.6,sysbench,none,10,0.4481987487685308,10.0,1.2918007434165716e-06,624.0,1123.0,173131326.0,386282484.0,16384.0,0.4481987487685308,0.5556544968833482,1.2918007434165716e-06,0.7073510850358197,0.15324152267117058,0.01134652379418703,624.0,1123.0,386282484.0,173131326.0,2359.0,15394.0,1148810.0,812612.0
33.7,sysbench,none,10,0.44762453103019484,11.200000000000001,1.2523414994010967e-06,525.0,1008.0,172638732.0,385677549.0,18350.08,0.44762453103019484,0.5208333333333334,1.2523414994010967e-06,0.7156744750964921,0.17014655123634922,0.011559345091298018,525.0,1008.0,385677549.0,172638732.0,3007.0,17673.0,1268757.0,908017.0
33.8,sysbench,none,10,0.4474920580824986,10.899999999999999,1.407396921575572e-06,640.0,1183.0,172650788.0,385818664.0,17858.559999999998,0.4474920580824986,0.5409974640743872,1.407396921575572e-06,0.7526163281495502,0.16828478964401294,0.011210930778682267,640.0,1183.0,385818664.0,172650788.0,2808.0,16686.0,1237899.0,931663.0
33.9,sysbench,none,10,0.4475807664439292,11.5,1.1637435277903658e-06,566.0,1014.0,172302727.0,384964547.0,18841.6,0.4475807664439292,0.5581854043392505,1.1637435277903658e-06,0.675679169173854,0.18435828877005347,0.010877404114015735,566.0,1014.0,384964547.0,172302727.0,2758.0,14960.0,1121775.0,757960.0
34.0,sysbench,none,10,0.44769592269814057,11.099999999999998,1.6987204699751742e-06,594.0,1248.0,172360985.0,384995655.0,18186.239999999998,0.44769592269814057,0.47596153846153844,1.6987204699751742e-06,0.7109338221448075,0.15229885057471265,0.011717646643442237,594.0,1248.0,384995655.0,172360985.0,2862.0,18792.0,1359488.0,966506.0
34.1,sysbench,none,10,0.4474098599545875,11.299999999999999,1.0710055685770402e-06,555.0,969.0,172947450.0,386552612.0,18513.92,0.4474098599545875,0.5727554179566563,1.0710055685770402e-06,0.7169795599759684,0.17541498429789143,0.01128433165375187,555.0,969.0,386552612.0,172947450.0,2737.0,15603.0,1140165.0,817475.0
34.2,sysbench,none,10,0.4481910659979188,8.200000000000001,1.1531148378515827e-06,563.0,1008.0,172961979.0,385911260.0,13434.880000000001,0.4481910659979188,0.558531746031746,1.1531148378515827e-06,0.6865789137507403,0.12927904564315354,0.01114055010924873,563.0,1008.0,385911260.0,172961979.0,1994.0,15424.0,1205506.0,827675.0
34.3,sysbench,none,10,0.447786424510304,9.399999999999999,9.794963049084933e-07,574.0,952.0,172806439.0,385912635.0,15400.96,0.447786424510304,0.6029411764705882,9.794963049084933e-07,0.6317788247146845,0.15052247470558966,0.010573397525888978,574.0,952.0,385912635.0,172806439.0,1815.0,12058.0,968752.0,612037.0
34.4,sysbench,none,10,0.4475731699914619,9.8,1.2435464062870527e-06,606.0,1085.0,172400119.0,385188681.0,16056.32,0.4475731699914619,0.5585253456221199,1.2435464062870527e-06,0.7360740954261228,0.16302490234375,0.011041365061523424,606.0,1085.0,385188681.0,172400119.0,2671.0,16384.0,1241966.0,914179.0
34.5,sysbench,none,10,0.44794102021031684,11.400000000000002,1.4144827796558069e-06,653.0,1198.0,172591607.0,385299848.0,18677.760000000002,0.44794102021031684,0.5450751252086812,1.4144827796558069e-06,0.7061965568125922,0.17013574660633485,0.010825381210034431,653.0,1198.0,385299848.0,172591607.0,2820.0,16575.0,1270625.0,897311.0
34.8,sysbench,none,10,0.44786074353980987,10.899999999999999,1.3333823485376422e-06,674.0,1188.0,172643970.0,385485829.0,17858.559999999998,0.44786074353980987,0.5673400673400674,1.3333823485376422e-06,0.7255669332783669,0.15925900324877307,0.011192354268425101,674.0,1188.0,385485829.0,172643970.0,2304.0,14467.0,1086724.0,788491.0
34.9,sysbench,none,10,0.447667888133235,12.000000000000002,8.101764708269794e-07,689.0,1002.0,172950035.0,386335584.0,19660.800000000003,0.447667888133235,0.687624750499002,8.101764708269794e-07,0.740994260017549,0.17354455961927115,0.011586904065516232,689.0,1002.0,386335584.0,172950035.0,2662.0,15339.0,1094080.0,810707.0
35.0,sysbench,none,10,0.4482200116346285,9.7,1.7073324321485237e-06,600.0,1259.0,173004965.0,385982242.0,15892.48,0.4482200116346285,0.4765687053216839,1.7073324321485237e-06,0.6635817322985518,0.14984308131241084,0.01115142025488319,600.0,1259.0,385982242.0,173004965.0,2626.0,17525.0,1336063.0,886587.0
35.1,sysbench,none,10,0.4481591307829521,9.1,1.0303177362177631e-06,589.0,987.0,173118765.0,386288604.0,14909.439999999999,0.4481591307829521,0.596757852077001,1.0303177362177631e-06,0.6838261297715741,0.16994307400379507,0.010683714759665265,589.0,987.0,386288604.0,173118765.0,2239.0,13175.0,1023614.0,699974.0
35.2,sysbench,none,10,0.44769980452245717,8.799999999999999,1.040507982623237e-06,522.0,924.0,172968708.0,386349751.0,14417.919999999998,0.44769980452245717,0.564935064935065,1.040507982623237e-06,0.7109912653473983,0.14839763216983057,0.012077210778013223,522.0,924.0,386349751.0,172968708.0,2181.0,14697.0,1036332.0,736823.0
35.3,sysbench,none,10,0.447378761033009,9.299999999999999,1.623836942677988e-06,728.0,1354.0,172467504.0,385506687.0,15237.119999999999,0.447378761033009,0.5376661742983752,1.623836942677988e-06,0.657654336415896,0.18380645161290324,0.009881123469132717,728.0,1354.0,385506687.0,172467504.0,2849.0,15500.0,1280320.0,842008.0
35.4,sysbench,none,10,0.44789775545619315,10.5,1.237594715108369e-06,536.0,1013.0,172631013.0,385425046.0,17203.2,0.44789775545619315,0.5291214215202369,1.237594715108369e-06,0.69981215532007,0.16673178900362826,0.011239059647273616,536.0,1013.0,385425046.0,172631013.0,2987.0,17915.0,1328225.0,929508.0
35.5,sysbench,none,10,0.44806667083825286,9.0,1.1914120743872121e-06,548.0,1007.0,172620881.0,385257133.0,14745.599999999999,0.44806667083825286,0.5441906653426017,1.1914120743872121e-06,0.7198306034895914,0.1492689388150186,0.012125995916126652,548.0,1007.0,385257133.0,172620881.0,2930.0,19629.0,1377124.0,991296.0
35.6,sysbench,none,10,0.4474492824259285,9.8,1.2802294901028904e-06,541.0,1035.0,172656502.0,385868318.0,16056.32,0.4474492824259285,0.5227053140096618,1.2802294901028904e-06,0.7108639360166283,0.1314811638941291,0.012071569717228265,541.0,1035.0,385868318.0,172656502.0,2300.0,17493.0,1258577.0,894677.0
35.7,sysbench,none,10,0.44806889940926964,11.0,1.460975313340608e-06,584.0,1148.0,172974079.0,386043484.0,18022.4,0.44806889940926964,0.5087108013937283,1.460975313340608e-06,0.7010622384703901,0.17094446187637277,0.011120716722658871,584.0,1148.0,386043484.0,172974079.0,2724.0,15935.0,1187963.0,832836.0
35.8,sysbench,none,10,0.4474112949058666,8.799999999999999,1.236830404230688e-06,560.0,1037.0,172550082.0,385663223.0,14417.919999999998,0.4474112949058666,0.5400192864030858,1.236830404230688e-06,0.6748070766538167,0.13043816034804226,0.011117986942101641,560.0,1037.0,385663223.0,172550082.0,1679.0,12872.0,1006747.0,679360.0
35.9,sysbench,none,10,0.4477159617030064,11.0,1.3278718301457173e-06,593.0,1106.0,172967212.0,386332467.0,18022.4,0.4477159617030064,0.5361663652802894,1.3278718301457173e-06,0.7499423348928299,0.175600624024961,0.011499075182243499,593.0,1106.0,386332467.0,172967212.0,2814.0,16025.0,1148875.0,861590.0
36.0,sysbench,none,10,0.4477768514180997,9.9,1.7520314623650728e-06,584.0,1261.0,173024820.0,386408586.0,16220.16,0.4477768514180997,0.4631245043616178,1.7520314623650728e-06,0.6721242151783874,0.17106706648138667,0.010917665734866596,584.0,1261.0,386408586.0,173024820.0,2339.0,13673.0,1038134.0,697755.0
36.1,sysbench,none,10,0.4474114677412206,9.9,1.0297195376180504e-06,558.0,956.0,172930354.0,386513012.0,16220.16,0.4474114677412206,0.5836820083682008,1.0297195376180504e-06,0.7521600835967797,0.1420699265264758,0.011954374798112719,558.0,956.0,386513012.0,172930354.0,2243.0,15788.0,1133058.0,852241.0
36.2,sysbench,none,10,0.44758314848569336,8.200000000000001,1.2020336066731848e-06,576.0,1040.0,172772691.0,386012502.0,13434.880000000001,0.44758314848569336,0.5538461538461539,1.2020336066731848e-06,0.6397709474751355,0.14824734147302088,0.010705156255878282,576.0,1040.0,386012502.0,172772691.0,1882.0,12695.0,1010074.0,646216.0
36.3,sysbench,none,10,0.44767537235027943,9.399999999999999,9.86892019893474e-07,586.0,967.0,172829766.0,386060473.0,15400.96,0.44767537235027943,0.6059979317476732,9.86892019893474e-07,0.7588900968520794,0.15880467993144048,0.011437036016328781,586.0,967.0,386060473.0,172829766.0,2131.0,13419.0,986969.0,749001.0
36.4,sysbench,none,10,0.44746610008766,12.9,1.1202461392369952e-06,593.0,1025.0,172556145.0,385629537.0,21135.36,0.44746610008766,0.5785365853658536,1.1202461392369952e-06,0.6727208642314383,0.1575175676615877,0.011085782294241509,593.0,1025.0,385629537.0,172556145.0,2264.0,14373.0,1092300.0,734813.0
36.5,sysbench,none,10,0.4478000821222273,11.200000000000001,1.4415322816129865e-06,628.0,1184.0,172716802.0,385700693.0,18350.08,0.4478000821222273,0.5304054054054054,1.4415322816129865e-06,0.7301695366676069,0.14997045710909385,0.011839361744310186,628.0,1184.0,385700693.0,172716802.0,2792.0,18617.0,1336643.0,975976.0
36.6,sysbench,none,10,0.4476849722668734,10.0,1.2044513350918256e-06,644.0,1109.0,172836798.0,386067902.0,16384.0,0.4476849722668734,0.5807033363390441,1.2044513350918256e-06,0.6787957866433921,0.15101877746703954,0.011217903598175573,644.0,1109.0,386067902.0,172836798.0,2268.0,15018.0,1136576.0,771503.0
36.9,sysbench,none,10,0.44807606251699,8.7,1.2255914554727945e-06,692.0,1165.0,172928733.0,385936111.0,14254.08,0.44807606251699,0.5939914163090129,1.2255914554727945e-06,0.7093828861055052,0.1557792339390664,0.011120187362299033,692.0,1165.0,385936111.0,172928733.0,2306.0,14803.0,1123812.0,797213.0
37.0,sysbench,none,10,0.4473701059739426,9.399999999999999,1.5531740071214788e-06,649.0,1249.0,172821630.0,386305718.0,15400.96,0.4473701059739426,0.5196156925540433,1.5531740071214788e-06,0.6665791579610593,0.1348433530906012,0.011099423166752968,649.0,1249.0,386305718.0,172821630.0,1911.0,14172.0,1104652.0,736338.0
37.1,sysbench,none,10,0.4482393817996643,10.2,1.0634208571304583e-06,528.0,939.0,173239395.0,386488564.0,16711.68,0.4482393817996643,0.5623003194888179,1.0634208571304583e-06,0.6697601366259812,0.1675204097967024,0.010649331767486005,528.0,939.0,386488564.0,173239395.0,2093.0,12494.0,976681.0,654142.0
37.2,sysbench,none,10,0.4478148266304646,10.0,1.1267206880109818e-06,540.0,975.0,172890630.0,386076163.0,16384.0,0.4478148266304646,0.5538461538461539,1.1267206880109818e-06,0.768487861463253,0.16581279006690375,0.01146739580744055,540.0,975.0,386076163.0,172890630.0,2751.0,16591.0,1206900.0,927488.0
37.3,sysbench,none,10,0.44753448137103874,11.299999999999999,1.1479708484127274e-06,527.0,970.0,172702796.0,385898301.0,18513.92,0.44753448137103874,0.5432989690721649,1.1479708484127274e-06,0.663046935467449,0.08787793161910144,0.011634077973190804,527.0,970.0,385898301.0,172702796.0,1244.0,14156.0,1109843.0,735878.0
37.4,sysbench,none,10,0.4480636774335298,12.1,1.5541116708864262e-06,665.0,1263.0,172408511.0,384785734.0,19824.64,0.4480636774335298,0.5265241488519399,1.5541116708864262e-06,0.7170501993429839,0.15887451171875,0.011298152008965721,665.0,1263.0,384785734.0,172408511.0,2603.0,16384.0,1219757.0,874627.0
37.5,sysbench,none,10,0.4480105766654892,10.5,1.1101289611135908e-06,581.0,1009.0,172726353.0,385540793.0,17203.2,0.4480105766654892,0.5758176412289395,1.1101289611135908e-06,0.6813513392121929,0.1529989658738366,0.01114773867158099,581.0,1009.0,385540793.0,172726353.0,2959.0,19340.0,1469446.0,1001209.0
37.6,sysbench,none,10,0.4474946259689302,9.8,1.1739237301389727e-06,530.0,983.0,172681632.0,385885376.0,16056.32,0.4474946259689302,0.5391658189216684,1.1739237301389727e-06,0.6529100186648428,0.16633918287146826,0.010761585059729246,530.0,983.0,385885376.0,172681632.0,2455.0,14759.0,1143326.0,746489.0
37.7,sysbench,none,10,0.4757667631182973,36.6,0.0001068666170822533,6429.0,46565.0,178684189.0,375570979.0,59965.44,0.4757667631182973,0.13806507033179427,0.0001068666170822533,0.6824309348044256,0.1457379614069653,0.011345655372831996,6429.0,46565.0,375570979.0,178684189.0,2515.0,17257.0,1299352.0,886718.0
37.8,sysbench,none,10,0.44765398496718406,12.5,2.6212140631714304e-06,608.0,1617.0,172318193.0,384936131.0,20480.0,0.44765398496718406,0.37600494743351887,2.6212140631714304e-06,0.6962070963885846,0.15945750213970636,0.011596896351887277,608.0,1617.0,384936131.0,172318193.0,2422.0,15189.0,1100898.0,766453.0
37.9,sysbench,none,10,0.4475996513674964,12.000000000000002,1.6334127383662868e-06,574.0,1204.0,172637187.0,385695535.0,19660.800000000003,0.4475996513674964,0.47674418604651164,1.6334127383662868e-06,0.7177331025591518,0.1876079033186265,0.01100044763726316,574.0,1204.0,385695535.0,172637187.0,2934.0,15639.0,1154953.0,828948.0
38.0,sysbench,none,10,0.44743281437802207,10.5,2.053928559516082e-06,614.0,1407.0,172749057.0,386089378.0,17203.2,0.44743281437802207,0.43638948116560056,2.053928559516082e-06,0.7301208445716355,0.15291728415390526,0.012096998599278397,614.0,1407.0,386089378.0,172749057.0,2786.0,18219.0,1275771.0,931467.0
38.1,sysbench,none,10,0.44749942333231485,11.099999999999998,1.2367582119675754e-06,541.0,1018.0,172594144.0,385685735.0,18186.239999999998,0.44749942333231485,0.5314341846758349,1.2367582119675754e-06,0.7364464487191263,0.17871152184030317,0.010704710141787798,541.0,1018.0,385685735.0,172594144.0,2688.0,15041.0,1153978.0,849843.0
38.2,sysbench,none,10,0.4482138029683949,8.3,1.17629376619569e-06,566.0,1020.0,172991707.0,385958009.0,13598.720000000001,0.4482138029683949,0.5549019607843138,1.17629376619569e-06,0.7255207832012963,0.15772765246449458,0.012030097916071712,566.0,1020.0,385958009.0,172991707.0,2832.0,17955.0,1257097.0,912050.0
38.3,sysbench,none,10,0.4473893950260582,11.5,1.2264100926176607e-06,544.0,1017.0,172548469.0,385678496.0,18841.6,0.4473893950260582,0.5349065880039331,1.2264100926176607e-06,0.6155920797397714,0.13333843915141302,0.01055313497866245,544.0,1017.0,385678496.0,172548469.0,1741.0,13057.0,1072288.0,660092.0
38.5,sysbench,none,10,0.447666240238012,10.2,1.6872226583952367e-06,616.0,1266.0,172462748.0,385248501.0,16711.68,0.447666240238012,0.48657187993680884,1.6872226583952367e-06,0.7136989067976598,0.13818546720972788,0.011889715558914354,616.0,1266.0,385248501.0,172462748.0,2341.0,16941.0,1227952.0,876388.0
38.6,sysbench,none,10,0.4476667764040208,11.600000000000001,1.1806304250081302e-06,662.0,1118.0,172904277.0,386234329.0,19005.440000000002,0.4476667764040208,0.592128801431127,1.1806304250081302e-06,0.661113089366418,0.1628926748616203,0.010826686550456821,662.0,1118.0,386234329.0,172904277.0,2266.0,13911.0,1075583.0,711082.0
38.7,sysbench,none,10,0.4476203788128438,11.600000000000001,2.683450238339902e-06,606.0,1641.0,172646053.0,385697482.0,19005.440000000002,0.4476203788128438,0.3692870201096892,2.683450238339902e-06,0.712104444958962,0.12906220984215414,0.01152372267085001,606.0,1641.0,385697482.0,172646053.0,1807.0,14001.0,1058165.0,753524.0
39.0,sysbench,none,10,0.44780685779276663,8.7,1.6474427325399023e-06,590.0,1226.0,172877124.0,386052873.0,14254.08,0.44780685779276663,0.4812398042414356,1.6474427325399023e-06,0.6673990072976279,0.1747741935483871,0.01124084281275046,590.0,1226.0,386052873.0,172877124.0,2709.0,15500.0,1137904.0,759436.0
39.1,sysbench,none,10,0.4481839377032601,8.100000000000001,1.1075171031045686e-06,549.0,977.0,173200689.0,386450014.0,13271.04,0.4481839377032601,0.5619242579324463,1.1075171031045686e-06,0.68024965987517,0.16562325321408608,0.011195244402377798,549.0,977.0,386450014.0,173200689.0,2963.0,17890.0,1333334.0,907000.0
39.2,sysbench,none,10,0.44740536885339904,10.2,1.3020357116090711e-06,631.0,1134.0,172840805.0,386318129.0,16711.68,0.44740536885339904,0.5564373897707231,1.3020357116090711e-06,0.6950697288225749,0.18293998651382334,0.011228708128650582,631.0,1134.0,386318129.0,172840805.0,2713.0,14830.0,1079109.0,750056.0
39.3,sysbench,none,10,0.4476805266329658,9.399999999999999,1.182298226482656e-06,567.0,1023.0,172665674.0,385689490.0,15400.96,0.4476805266329658,0.5542521994134897,1.182298226482656e-06,0.6776113247282237,0.13856797420741537,0.011702304327434581,567.0,1023.0,385689490.0,172665674.0,2063.0,14888.0,1095938.0,742620.0
39.4,sysbench,none,10,0.4478569457797065,11.600000000000001,1.419471156800687e-06,645.0,1193.0,172899326.0,386059271.0,19005.440000000002,0.4478569457797065,0.5406538139145013,1.419471156800687e-06,0.6743450917674666,0.18848735507492034,0.01044867586669274,645.0,1193.0,386059271.0,172899326.0,2780.0,14749.0,1145504.0,772465.0
39.5,sysbench,none,10,0.4473127930625005,143.89999999999998,1.4802111852095884e-06,589.0,1159.0,172251294.0,385080187.0,235765.75999999998,0.4473127930625005,0.5081967213114754,1.4802111852095884e-06,0.7287116191219009,0.12870330613997424,0.011145997183634319,589.0,1159.0,385080187.0,172251294.0,2398.0,18632.0,1456487.0,1061359.0
39.6,sysbench,none,10,0.44703737915263214,13.3,1.3444759904308193e-06,604.0,1122.0,172234658.0,385280216.0,21790.72,0.44703737915263214,0.5383244206773619,1.3444759904308193e-06,0.7124880755403251,0.13962072037673412,0.011608906916658867,604.0,1122.0,385280216.0,172234658.0,2194.0,15714.0,1164623.0,829780.0
39.7,sysbench,none,10,0.44816858184474095,17.2,1.8316654430476544e-06,620.0,1327.0,172987479.0,385987519.0,28180.48,0.44816858184474095,0.46721929163526754,1.8316654430476544e-06,0.7256961785758939,0.15388971837512228,0.0112279483954364,620.0,1327.0,385987519.0,172987479.0,2989.0,19423.0,1463669.0,1062179.0
39.8,sysbench,none,10,0.4471532932974541,10.7,1.2007874603368297e-06,569.0,1032.0,172413505.0,385580309.0,17530.879999999997,0.4471532932974541,0.5513565891472868,1.2007874603368297e-06,0.7145428245521221,0.14713719373497108,0.011532424893797641,569.0,1032.0,385580309.0,172413505.0,2264.0,15387.0,1137922.0,813094.0
39.9,sysbench,none,10,0.4473161417813684,11.0,1.2516288796711877e-06,530.0,1013.0,172618018.0,385897136.0,18022.4,0.4473161417813684,0.5231984205330701,1.2516288796711877e-06,0.7527112645742832,0.15887219314536552,0.011591950318883338,530.0,1013.0,385897136.0,172618018.0,2823.0,17769.0,1289343.0,970503.0
40.0,sysbench,none,10,0.44765362410658505,11.0,2.2214596161322967e-06,627.0,1484.0,172696885.0,385782390.0,18022.4,0.44765362410658505,0.4225067385444744,2.2214596161322967e-06,0.667719227485839,0.1423444976076555,0.011237880486630004,627.0,1484.0,385782390.0,172696885.0,1785.0,12540.0,957031.0,639028.0
40.1,sysbench,none,10,0.4476690003222237,11.0,7.864161917299232e-07,650.0,954.0,173052612.0,386563760.0,18022.4,0.4476690003222237,0.6813417190775681,7.864161917299232e-07,0.707915714712745,0.1378106220561962,0.011214307669394985,650.0,954.0,386563760.0,173052612.0,1697.0,12314.0,946737.0,670210.0
40.2,sysbench,none,10,0.44751997900539586,9.9,1.2057655901751902e-06,574.0,1040.0,172955931.0,386476446.0,16220.16,0.44751997900539586,0.551923076923077,1.2057655901751902e-06,0.6633707534511329,0.06612059607223922,0.011050865746520255,574.0,1040.0,386476446.0,172955931.0,670.0,10133.0,856313.0,568053.0
40.3,sysbench,none,10,0.4476407591803471,9.5,1.2268184229470673e-06,545.0,1018.0,172587952.0,385550128.0,15564.8,0.4476407591803471,0.5353634577603144,1.2268184229470673e-06,0.6535112802713576,0.1549395420632879,0.01079629118350819,545.0,1018.0,385550128.0,172587952.0,2409.0,15548.0,1216992.0,795318.0
40.4,sysbench,none,10,0.4474688659036543,11.299999999999999,1.1444951612379577e-06,585.0,1026.0,172419925.0,385322730.0,18513.92,0.4474688659036543,0.5701754385964912,1.1444951612379577e-06,0.7688919498612724,0.16089975325644115,0.011509868356323422,585.0,1026.0,385322730.0,172419925.0,2804.0,17427.0,1270475.0,976858.0
40.5,sysbench,none,10,0.4471677598541695,12.1,1.647669406578895e-06,608.0,1242.0,172063861.0,384785927.0,19824.64,0.4471677598541695,0.4895330112721417,1.647669406578895e-06,0.720664112308618,0.16153457849570924,0.011651270891853386,608.0,1242.0,384785927.0,172063861.0,2880.0,17829.0,1283036.0,924638.0
40.6,sysbench,none,10,0.447313813542161,10.2,1.5221700652892911e-06,635.0,1223.0,172793125.0,386290608.0,16711.68,0.447313813542161,0.5192150449713818,1.5221700652892911e-06,0.7375759682047444,0.1513211108115395,0.011220125113618135,635.0,1223.0,386290608.0,172793125.0,2245.0,14836.0,1122180.0,827693.0
40.7,sysbench,none,10,0.4478118073519548,10.1,1.6150257223306233e-06,600.0,1223.0,172744466.0,385752370.0,16547.84,0.4478118073519548,0.49059689288634506,1.6150257223306233e-06,0.7131585692256625,0.15911505530904319,0.011306865212586711,600.0,1223.0,385752370.0,172744466.0,2546.0,16001.0,1189985.0,848648.0
40.8,sysbench,none,10,0.4472987718810595,13.0,1.324919755820141e-06,554.0,1065.0,172515861.0,385683735.0,21299.2,0.4472987718810595,0.5201877934272301,1.324919755820141e-06,0.7109199033985685,0.18857894135132044,0.011101500325341608,554.0,1065.0,385683735.0,172515861.0,3299.0,17494.0,1278656.0,909022.0
41.1,sysbench,none,10,0.44758415177070277,10.7,1.0570820662630806e-06,607.0,1015.0,172753223.0,385968141.0,17530.879999999997,0.44758415177070277,0.5980295566502463,1.0570820662630806e-06,0.6716193318554066,0.1799581335674252,0.010864372480501564,607.0,1015.0,385968141.0,172753223.0,2665.0,14809.0,1117782.0,750724.0
41.2,sysbench,none,10,0.44749812222606167,8.0,1.047929896770832e-06,553.0,958.0,172947389.0,386476234.0,13107.2,0.44749812222606167,0.5772442588726514,1.047929896770832e-06,0.7758978247476422,0.15200405151208218,0.011109426093550069,553.0,958.0,386476234.0,172947389.0,2101.0,13822.0,1055050.0,818611.0
41.3,sysbench,none,10,0.4483482749072689,12.0,1.3558424851752338e-06,696.0,1220.0,173275656.0,386475572.0,19660.8,0.4483482749072689,0.5704918032786885,1.3558424851752338e-06,0.6639539175857336,0.1424612453451113,0.010845884818061431,696.0,1220.0,386475572.0,173275656.0,1645.0,11547.0,912973.0,606172.0
41.4,sysbench,none,10,0.44782075753600065,13.4,1.123856549932526e-06,620.0,1053.0,172536600.0,385280488.0,21954.56,0.44782075753600065,0.5887939221272555,1.123856549932526e-06,0.6271239859317983,0.19281357924902637,0.009670788233067317,620.0,1053.0,385280488.0,172536600.0,2624.0,13609.0,1135895.0,712347.0
41.5,sysbench,none,10,0.44731932428055565,12.7,1.1924242426049129e-06,571.0,1031.0,172561813.0,385768742.0,20807.68,0.44731932428055565,0.553831231813773,1.1924242426049129e-06,0.6719951103260304,0.17384937238493725,0.01090511436700722,571.0,1031.0,385768742.0,172561813.0,2493.0,14340.0,1086371.0,730036.0
41.6,sysbench,none,10,0.4469103112919544,11.8,1.8045084379646607e-06,718.0,1412.0,171878252.0,384592272.0,19333.120000000003,0.4469103112919544,0.5084985835694051,1.8045084379646607e-06,0.6971279464329262,0.13552297570325855,0.01162686993541015,718.0,1412.0,384592272.0,171878252.0,2616.0,19303.0,1435210.0,1000525.0
41.7,sysbench,none,10,0.4477113834404672,10.700000000000001,1.5214682193156695e-06,531.0,1119.0,173026482.0,386468802.0,17530.88,0.4477113834404672,0.4745308310991957,1.5214682193156695e-06,0.7259375321605422,0.16825019794140933,0.01173296358848228,531.0,1119.0,386468802.0,173026482.0,2975.0,17682.0,1253477.0,909946.0
41.8,sysbench,none,10,0.44781785756408315,10.7,1.0988102499850074e-06,578.0,1002.0,172800328.0,385871901.0,17530.879999999997,0.44781785756408315,0.5768463073852296,1.0988102499850074e-06,0.7367988450546935,0.16887860708632654,0.011532558019697934,578.0,1002.0,385871901.0,172800328.0,2774.0,16426.0,1183779.0,872207.0
41.9,sysbench,none,10,0.4476484008591934,11.400000000000002,1.3217880041869778e-06,547.0,1056.0,172382436.0,385084445.0,18677.760000000002,0.4476484008591934,0.5179924242424242,1.3217880041869778e-06,0.7170846540526367,0.1528577015475725,0.011263782589607724,547.0,1056.0,385084445.0,172382436.0,2736.0,17899.0,1346173.0,965320.0
42.0,sysbench,none,10,0.44806838314655956,9.6,1.6429440660003695e-06,596.0,1230.0,172906285.0,385892626.0,15728.64,0.44806838314655956,0.4845528455284553,1.6429440660003695e-06,0.6851333068401524,0.18715289394446302,0.010848511098112584,596.0,1230.0,385892626.0,172906285.0,2797.0,14945.0,1119785.0,767202.0
42.1,sysbench,none,10,0.44768313017764566,9.1,1.1292832792057413e-06,546.0,982.0,172844005.0,386085589.0,14909.439999999999,0.44768313017764566,0.5560081466395111,1.1292832792057413e-06,0.6940941042762312,0.16133393420459666,0.010921158546545007,546.0,982.0,386085589.0,172844005.0,2148.0,13314.0,1022419.0,709655.0
42.2,sysbench,none,10,0.4476337440422688,9.2,1.1443352726105545e-06,570.0,1011.0,172507556.0,385376568.0,15073.279999999999,0.4476337440422688,0.5637982195845698,1.1443352726105545e-06,0.6739742171020463,0.15344827586206897,0.01132871464435592,570.0,1011.0,385376568.0,172507556.0,2314.0,15080.0,1126871.0,759482.0
42.3,sysbench,none,10,0.4480845481529439,9.2,1.1494383981194525e-06,505.0,949.0,173084125.0,386275594.0,15073.279999999999,0.4480845481529439,0.5321390937829295,1.1494383981194525e-06,0.6965816461191843,0.15821823703810833,0.011132170739824119,505.0,949.0,386275594.0,173084125.0,2188.0,13829.0,1045708.0,728421.0
42.4,sysbench,none,10,0.44804157760450364,8.7,1.3524936917245739e-06,707.0,1229.0,172923323.0,385953741.0,14254.08,0.44804157760450364,0.5752644426362896,1.3524936917245739e-06,0.6473467786010892,0.18508604206500956,0.010767330172019595,707.0,1229.0,385953741.0,172923323.0,2904.0,15690.0,1187481.0,768712.0
42.5,sysbench,none,10,0.44707217812465827,9.0,1.4033427926780412e-06,536.0,1076.0,172031365.0,384795506.0,14745.599999999999,0.44707217812465827,0.49814126394052044,1.4033427926780412e-06,0.7174440417481507,0.14111116294257592,0.012230571379984697,536.0,1076.0,384795506.0,172031365.0,3025.0,21437.0,1505408.0,1080046.0
42.6,sysbench,none,10,0.44734201977987925,7.4,1.8368136032160356e-06,628.0,1335.0,172184487.0,384905686.0,12124.16,0.44734201977987925,0.4704119850187266,1.8368136032160356e-06,0.76085513704395,0.13025008974512384,0.010780054119030722,628.0,1335.0,384905686.0,172184487.0,2177.0,16714.0,1348509.0,1026020.0
42.7,sysbench,none,10,0.4474182875928702,9.6,1.4762346997176107e-06,571.0,1141.0,172756015.0,386117465.0,15728.64,0.4474182875928702,0.5004382120946538,1.4762346997176107e-06,0.6644087488220588,0.1510082644628099,0.011050917180514378,571.0,1141.0,386117465.0,172756015.0,2284.0,15125.0,1161985.0,772033.0
42.8,sysbench,none,10,0.44755760105911796,11.100000000000001,1.0257490175390158e-06,577.0,973.0,172783797.0,386059351.0,18186.24,0.44755760105911796,0.593011305241521,1.0257490175390158e-06,0.6956006714391347,0.16268203883495147,0.011249621928243407,577.0,973.0,386059351.0,172783797.0,2681.0,16480.0,1226619.0,853237.0
42.9,sysbench,none,10,0.44771687622743583,11.299999999999999,1.8820638688536006e-06,608.0,1334.0,172705325.0,385746739.0,18513.92,0.44771687622743583,0.45577211394302847,1.8820638688536006e-06,0.6661989600768218,0.16608747753145597,0.010700614220484317,608.0,1334.0,385746739.0,172705325.0,2772.0,16690.0,1300673.0,866507.0
43.2,sysbench,none,10,0.4476775249464969,10.700000000000001,9.88890483309403e-07,606.0,988.0,172934028.0,386291512.0,17530.88,0.4476775249464969,0.6133603238866396,9.88890483309403e-07,0.6542908154720848,0.1658471166741171,0.01059327446288522,606.0,988.0,386291512.0,172934028.0,2226.0,13422.0,1056897.0,691518.0
43.3,sysbench,none,10,0.44752872667769905,11.5,1.3183657294946893e-06,607.0,1116.0,172783710.0,386084065.0,18841.6,0.44752872667769905,0.5439068100358423,1.3183657294946893e-06,0.7541876943684864,0.176397127692788,0.011253642076164718,607.0,1116.0,386084065.0,172783710.0,2825.0,16015.0,1172065.0,883957.0
43.4,sysbench,none,10,0.4475918345954138,10.8,1.5310254060531957e-06,727.0,1318.0,172777521.0,386015802.0,17694.72,0.4475918345954138,0.5515933232169955,1.5310254060531957e-06,0.732665853710716,0.15901912364325504,0.012049521195275642,727.0,1318.0,386015802.0,172777521.0,2769.0,17413.0,1215318.0,890422.0
43.6,sysbench,none,10,0.44678068668073884,10.700000000000001,1.1029230749445386e-06,561.0,985.0,171757229.0,384432976.0,17530.88,0.44678068668073884,0.5695431472081218,1.1029230749445386e-06,0.7345722017681849,0.17603945475717514,0.010648591179613202,561.0,985.0,384432976.0,171757229.0,2570.0,14599.0,1129633.0,829797.0
43.7,sysbench,none,10,0.44751418137097065,11.200000000000001,1.3785944979288145e-06,626.0,1158.0,172695847.0,385900278.0,18350.08,0.44751418137097065,0.540587219343696,1.3785944979288145e-06,0.7637342068320074,0.1733140412682436,0.011180499425702982,626.0,1158.0,385900278.0,172695847.0,2755.0,15896.0,1175350.0,897655.0
43.8,sysbench,none,10,0.4473222303854143,10.700000000000001,1.3486912944254967e-06,565.0,1086.0,172800761.0,386300410.0,17530.88,0.4473222303854143,0.5202578268876611,1.3486912944254967e-06,0.7206221513158523,0.16393238876460353,0.011678140247051603,565.0,1086.0,386300410.0,172800761.0,2638.0,16092.0,1152067.0,830205.0
43.9,sysbench,none,10,0.4478899111864147,11.0,1.5481829363921297e-06,566.0,1164.0,173001627.0,386259263.0,18022.4,0.4478899111864147,0.48625429553264604,1.5481829363921297e-06,0.6724537512175642,0.1984554343205328,0.010555022709206465,566.0,1164.0,386259263.0,173001627.0,2801.0,14114.0,1071812.0,720744.0
44.0,sysbench,none,10,0.4475678697532505,9.7,1.7652204859794044e-06,562.0,1243.0,172666090.0,385787501.0,15892.48,0.4475678697532505,0.45213193885760256,1.7652204859794044e-06,0.7191458392133505,0.15825886422600172,0.011025327102009763,562.0,1243.0,385787501.0,172666090.0,2196.0,13876.0,1059379.0,761848.0
44.1,sysbench,none,10,0.44778423553839747,11.0,1.2324861960118957e-06,553.0,1028.0,172575979.0,385399854.0,18022.4,0.44778423553839747,0.5379377431906615,1.2324861960118957e-06,0.743857135598521,0.14501541623843783,0.011906798067489031,553.0,1028.0,385399854.0,172575979.0,2822.0,19460.0,1397353.0,1039431.0
44.2,sysbench,none,10,0.44767893643665635,11.200000000000001,1.2192637964047529e-06,574.0,1045.0,172937784.0,386298684.0,18350.08,0.44767893643665635,0.5492822966507177,1.2192637964047529e-06,0.7007558699681182,0.17328263951540146,0.011508492548051476,574.0,1045.0,386298684.0,172937784.0,2689.0,15518.0,1114742.0,781162.0
44.3,sysbench,none,10,0.44765435212755017,11.299999999999999,1.2333379476409797e-06,557.0,1033.0,172769736.0,385944502.0,18513.92,0.44765435212755017,0.5392061955469506,1.2333379476409797e-06,0.7377448306269009,0.15601586602027326,0.011448470672635016,557.0,1033.0,385944502.0,172769736.0,2832.0,18152.0,1338170.0,987228.0
44.4,sysbench,none,10,0.44765399177088105,9.6,1.119024398057867e-06,579.0,1011.0,172817076.0,386050564.0,15728.64,0.44765399177088105,0.5727002967359051,1.119024398057867e-06,0.68597288364607,0.1479459013270684,0.01110998880639029,579.0,1011.0,386050564.0,172817076.0,2330.0,15749.0,1207832.0,828540.0
44.5,sysbench,none,10,0.448038842139893,11.0,1.0952642286889336e-06,571.0,994.0,173036264.0,386208176.0,18022.4,0.448038842139893,0.5744466800804829,1.0952642286889336e-06,0.6709818883246567,0.15847937077411342,0.010832014522021928,571.0,994.0,386208176.0,173036264.0,2297.0,14494.0,1126014.0,755535.0
44.6,sysbench,none,10,0.44732531363646266,9.399999999999999,1.7766106957761246e-06,608.0,1292.0,172221475.0,385002748.0,15400.96,0.44732531363646266,0.47058823529411764,1.7766106957761246e-06,0.709245771594709,0.15015268663504647,0.011748189943441628,608.0,1292.0,385002748.0,172221475.0,2311.0,15391.0,1113363.0,789648.0
44.7,sysbench,none,10,0.4474297447995519,9.6,1.5750826757523178e-06,586.0,1193.0,172428952.0,385376596.0,15728.64,0.4474297447995519,0.4911986588432523,1.5750826757523178e-06,0.7012620929776269,0.0724735975196202,0.01111398774245455,586.0,1193.0,385376596.0,172428952.0,748.0,10321.0,861347.0,604030.0
44.8,sysbench,none,10,0.4476068362063782,9.399999999999999,9.81672007489054e-07,626.0,1005.0,172810256.0,386075998.0,15400.96,0.4476068362063782,0.6228855721393035,9.81672007489054e-07,0.6973618404079183,0.14584658440401985,0.011212407874819131,626.0,1005.0,386075998.0,172810256.0,2293.0,15722.0,1197691.0,835224.0
44.9,sysbench,none,10,0.4477368700516471,9.7,1.6301523046633264e-06,624.0,1253.0,172760846.0,385853517.0,15892.48,0.4477368700516471,0.4980047885075818,1.6301523046633264e-06,0.6643445305715063,0.15480485405050837,0.010438675515574165,624.0,1253.0,385853517.0,172760846.0,2360.0,15245.0,1234352.0,820035.0
45.0,sysbench,none,10,0.4481611383208844,11.5,1.0976913908690725e-06,566.0,990.0,173109058.0,386265214.0,18841.6,0.4481611383208844,0.5717171717171717,1.0976913908690725e-06,0.7010077483914705,0.16971887058247076,0.011276134704725146,566.0,990.0,386265214.0,173109058.0,2771.0,16327.0,1202185.0,842741.0
45.3,sysbench,none,10,0.4476353943517691,10.700000000000001,1.0891678485474492e-06,568.0,989.0,173026133.0,386533628.0,17530.88,0.4476353943517691,0.5743174924165824,1.0891678485474492e-06,0.7608800090549712,0.17158671586715868,0.011293561328565498,568.0,989.0,386533628.0,173026133.0,2790.0,16260.0,1192715.0,907513.0
45.4,sysbench,none,10,0.4476393140707391,15.8,1.3560255365484508e-06,633.0,1156.0,172648195.0,385685952.0,25886.72,0.4476393140707391,0.5475778546712803,1.3560255365484508e-06,0.6874138217881244,0.2025754722711535,0.0106542442896156,633.0,1156.0,385685952.0,172648195.0,3335.0,16463.0,1232185.0,847021.0
45.5,sysbench,none,10,0.4474321990601953,8.799999999999999,1.2867895199212452e-06,684.0,1180.0,172465168.0,385455424.0,14417.919999999998,0.4474321990601953,0.5796610169491525,1.2867895199212452e-06,0.7014584840031683,0.16869331541820626,0.01065364879291938,684.0,1180.0,385455424.0,172465168.0,2511.0,14885.0,1161480.0,814730.0
45.6,sysbench,none,10,0.4473383473897707,10.700000000000001,1.0106731149546364e-06,579.0,969.0,172619567.0,385881443.0,17530.88,0.4473383473897707,0.5975232198142415,1.0106731149546364e-06,0.6603424663508928,0.14296606938619902,0.01089410138686563,579.0,969.0,385881443.0,172619567.0,1875.0,13115.0,1031751.0,681309.0
45.7,sysbench,none,10,0.4472451210707175,10.1,1.5261827830266453e-06,593.0,1181.0,172312343.0,385274953.0,16547.84,0.4472451210707175,0.502116850127011,1.5261827830266453e-06,0.7392699187584247,0.1549265224228621,0.011354876316077088,593.0,1181.0,385274953.0,172312343.0,2857.0,18441.0,1372450.0,1014611.0
45.8,sysbench,none,10,0.4473242617138001,10.0,1.2523125834202866e-06,553.0,1037.0,172884107.0,386484977.0,16384.0,0.4473242617138001,0.5332690453230472,1.2523125834202866e-06,0.6613364929903847,0.16260044885253022,0.011026071936850073,553.0,1037.0,386484977.0,172884107.0,2246.0,13813.0,1049059.0,693781.0
45.9,sysbench,none,10,0.447379983264586,7.9,1.0448517603860802e-06,559.0,962.0,172554749.0,385700647.0,12943.36,0.447379983264586,0.581081081081081,1.0448517603860802e-06,0.704087305143191,0.14184438715725334,0.012152725921058309,559.0,962.0,385700647.0,172554749.0,2421.0,17068.0,1205244.0,848597.0
46.0,sysbench,none,10,0.44757634577104394,7.800000000000001,1.9387329783612474e-06,700.0,1449.0,172914314.0,386334791.0,12779.52,0.44757634577104394,0.4830917874396135,1.9387329783612474e-06,0.6754307453387611,0.1560476289951953,0.011137351479007195,700.0,1449.0,386334791.0,172914314.0,2241.0,14361.0,1088230.0,735024.0
46.1,sysbench,none,10,0.447363621987742,8.200000000000001,1.1472557918561217e-06,559.0,1002.0,172744462.0,386138822.0,13434.880000000001,0.447363621987742,0.5578842315369261,1.1472557918561217e-06,0.7529216369114279,0.18753801446239102,0.010857471081664944,559.0,1002.0,386138822.0,172744462.0,2775.0,14797.0,1107256.0,833677.0
46.2,sysbench,none,10,0.44769388348641564,8.100000000000001,1.0895677711050107e-06,510.0,931.0,172985224.0,386391752.0,13271.04,0.44769388348641564,0.547798066595059,1.0895677711050107e-06,0.7911338248661751,0.15367542144480262,0.012940107059892939,510.0,931.0,386391752.0,172985224.0,2908.0,18923.0,1237625.0,979127.0
46.3,sysbench,none,10,0.4478568636367929,7.800000000000001,1.127874939608779e-06,545.0,980.0,172729909.0,385681058.0,12779.52,0.4478568636367929,0.5561224489795918,1.127874939608779e-06,0.6773457517259728,0.13168178131681782,0.01135257271642378,545.0,980.0,385681058.0,172729909.0,1786.0,13563.0,1037386.0,702669.0
46.4,sysbench,none,10,0.44727915882273417,11.299999999999999,1.1331134405112221e-06,546.0,984.0,172893785.0,386545587.0,18513.92,0.44727915882273417,0.5548780487804879,1.1331134405112221e-06,0.7024234913558446,0.19498163166285437,0.01149584569791681,546.0,984.0,386545587.0,172893785.0,2813.0,14427.0,1010278.0,709643.0
46.5,sysbench,none,10,0.44746670542431205,8.5,1.3817080539124753e-06,579.0,1112.0,172612263.0,385754428.0,13926.4,0.44746670542431205,0.52068345323741,1.3817080539124753e-06,0.6857494561417139,0.16001030662200463,0.011872620619998447,579.0,1112.0,385754428.0,172612263.0,1863.0,11643.0,823744.0,564882.0
46.6,sysbench,none,10,0.4473127867902608,10.5,1.6073345683288922e-06,624.0,1243.0,172264456.0,385109617.0,17203.2,0.4473127867902608,0.50201126307321,1.6073345683288922e-06,0.7342305543527758,0.15058600686634308,0.012353001435014173,624.0,1243.0,385109617.0,172264456.0,2544.0,16894.0,1161661.0,852927.0
46.7,sysbench,none,10,0.4473898957423338,11.600000000000001,1.4910168701285601e-06,611.0,1185.0,172232659.0,384972170.0,19005.440000000002,0.4473898957423338,0.5156118143459916,1.4910168701285601e-06,0.7459334367065429,0.18820161229563775,0.011994038044754737,611.0,1185.0,384972170.0,172232659.0,2498.0,13273.0,898363.0,670119.0
46.8,sysbench,none,10,0.44793805121882435,8.5,1.1654236154790756e-06,544.0,994.0,172960390.0,386125692.0,13926.4,0.44793805121882435,0.5472837022132797,1.1654236154790756e-06,0.6742124091486238,0.1473900607794065,0.012148327010192165,544.0,994.0,386125692.0,172960390.0,1649.0,11188.0,785211.0,529399.0
46.9,sysbench,none,10,0.4473696817004135,11.7,1.1545152171188823e-06,546.0,992.0,172823082.0,386309330.0,19169.28,0.4473696817004135,0.5504032258064516,1.1545152171188823e-06,0.819857000213212,0.20523083293078462,0.012156248482711888,546.0,992.0,386309330.0,172823082.0,2974.0,14491.0,947414.0,776744.0
47.0,sysbench,none,10,0.4475200619442497,9.5,1.7940847382466533e-06,579.0,1271.0,172613855.0,385711993.0,15564.8,0.4475200619442497,0.4555468135326515,1.7940847382466533e-06,0.6816064634559384,0.16440356256387795,0.011302358328009328,579.0,1271.0,385711993.0,172613855.0,2252.0,13698.0,1012709.0,690269.0
47.1,sysbench,none,10,0.4481744137997045,9.6,9.453410634640452e-07,635.0,1000.0,173041950.0,386104036.0,15728.64,0.4481744137997045,0.635,9.453410634640452e-07,0.7421535405404517,0.16327579875137715,0.012488995936033365,635.0,1000.0,386104036.0,173041950.0,2223.0,13615.0,912163.0,676965.0
47.4,sysbench,none,10,0.44831218456780025,11.400000000000002,1.358486689920026e-06,608.0,1133.0,173254474.0,386459436.0,18677.760000000002,0.44831218456780025,0.5366284201235657,1.358486689920026e-06,0.776524052360667,0.17546299222552303,0.012977749303111276,608.0,1133.0,386459436.0,173254474.0,2776.0,15821.0,1005182.0,780548.0
47.5,sysbench,none,10,0.4476419343613693,9.9,1.115712693958012e-06,545.0,976.0,172924154.0,386300167.0,16220.16,0.4476419343613693,0.5584016393442623,1.115712693958012e-06,0.7715623783013191,0.17990317937982467,0.012550043498675017,545.0,976.0,386300167.0,172924154.0,2750.0,15286.0,998881.0,770699.0
47.6,sysbench,none,10,0.4475069542801684,9.1,1.210823215291371e-06,673.0,1140.0,172598068.0,385688013.0,14909.439999999999,0.4475069542801684,0.5903508771929824,1.210823215291371e-06,0.7040848839826831,0.17289612474203164,0.011767571699974225,673.0,1140.0,385688013.0,172598068.0,2262.0,13083.0,919561.0,647449.0
47.7,sysbench,none,10,0.4502287889136724,47.0,1.7802802294341873e-05,2319.0,9159.0,172982032.0,384209176.0,77004.8,0.4502287889136724,0.25319358008516213,1.7802802294341873e-05,0.6259792042927916,0.14996637525218562,0.011224842067404556,2319.0,9159.0,384209176.0,172982032.0,1784.0,11896.0,900859.0,563919.0
47.8,sysbench,none,10,0.471528754701827,12.4,8.466624005916533e-05,5900.0,38125.0,179469575.0,380612154.0,20316.16,0.471528754701827,0.15475409836065573,8.466624005916533e-05,0.7553613258430872,0.13102366106454144,0.013546299389695569,5900.0,38125.0,380612154.0,179469575.0,3173.0,24217.0,1553487.0,1173444.0
47.9,sysbench,none,10,0.44726327575390007,11.7,1.8933538807358649e-06,570.0,1300.0,172446469.0,385559196.0,19169.28,0.44726327575390007,0.43846153846153846,1.8933538807358649e-06,0.7664938493161583,0.1652523694070972,0.01295830742213596,570.0,1300.0,385559196.0,172446469.0,2999.0,18148.0,1169057.0,896075.0
48.0,sysbench,none,10,0.4473662453296203,8.8,2.630187995664073e-06,634.0,1650.0,172810501.0,386284175.0,14417.92,0.4473662453296203,0.3842424242424242,2.630187995664073e-06,0.7781161212498245,0.17599705032876545,0.01271617208037296,634.0,1650.0,386284175.0,172810501.0,2864.0,16273.0,1054484.0,820511.0
48.1,sysbench,none,10,0.4475128654562684,11.899999999999999,1.1318511070537257e-06,552.0,989.0,172781668.0,386093186.0,19496.96,0.4475128654562684,0.5581395348837209,1.1318511070537257e-06,0.7286215976743723,0.15986769570011025,0.012327519264082194,552.0,989.0,386093186.0,172781668.0,1885.0,11791.0,803568.0,585497.0
48.2,sysbench,none,10,0.4477885040367797,8.299999999999999,1.3616906110684214e-06,582.0,1108.0,172973766.0,386284517.0,13598.72,0.4477885040367797,0.5252707581227437,1.3616906110684214e-06,0.7926573118812569,0.16642059883068563,0.01307786028972348,582.0,1108.0,386284517.0,172973766.0,2818.0,16933.0,1079305.0,855519.0
48.3,sysbench,none,10,0.4472228907354969,10.0,1.1287729801247158e-06,534.0,969.0,172348170.0,385374214.0,16384.0,0.4472228907354969,0.5510835913312694,1.1287729801247158e-06,0.7202545342744163,0.1610177360943449,0.01202529371131043,534.0,969.0,385374214.0,172348170.0,1734.0,10769.0,751333.0,541151.0
48.4,sysbench,none,10,0.4474182369330655,9.7,1.2803803411791653e-06,550.0,1044.0,172624182.0,385822856.0,15892.48,0.4474182369330655,0.5268199233716475,1.2803803411791653e-06,0.7386037244454334,0.16740584301302358,0.012184392603856313,550.0,1044.0,385822856.0,172624182.0,2378.0,14205.0,970668.0,716939.0
48.5,sysbench,none,10,0.4482139428312272,9.9,1.5177579650332185e-06,611.0,1197.0,173053528.0,386095816.0,16220.16,0.4482139428312272,0.5104427736006684,1.5177579650332185e-06,0.7095055046312618,0.16303034610191172,0.011795495336687927,611.0,1197.0,386095816.0,173053528.0,2294.0,14071.0,998432.0,708393.0
48.7,sysbench,none,10,0.4478622388333768,9.0,2.780659656382665e-06,581.0,1654.0,172820928.0,385879659.0,14745.599999999999,0.4478622388333768,0.3512696493349456,2.780659656382665e-06,0.7717729073305192,0.13140089737198205,0.013214350724210563,581.0,1654.0,385879659.0,172820928.0,1845.0,14041.0,922936.0,712297.0
48.8,sysbench,none,10,0.44790249118427733,9.5,1.4052999393758273e-06,683.0,1225.0,172748282.0,385682789.0,15564.8,0.44790249118427733,0.5575510204081633,1.4052999393758273e-06,0.7701890302523317,0.15259319839160362,0.012937044019660478,683.0,1225.0,385682789.0,172748282.0,2239.0,14673.0,961116.0,740241.0
48.9,sysbench,none,10,0.447455191601052,11.8,1.2750315548929734e-06,546.0,1038.0,172660789.0,385872803.0,19333.120000000003,0.447455191601052,0.5260115606936416,1.2750315548929734e-06,0.6774488741201394,0.20902244536326048,0.01143925545001025,546.0,1038.0,385872803.0,172660789.0,2831.0,13544.0,936512.0,634439.0
49.0,sysbench,none,10,0.4477431098292553,10.3,1.781467708365409e-06,601.0,1289.0,172917678.0,386198412.0,16875.52,0.4477431098292553,0.4662529092319628,1.781467708365409e-06,0.6493198612461071,0.1801206132383928,0.010869889807985188,601.0,1289.0,386198412.0,172917678.0,2479.0,13763.0,1038097.0,674057.0
49.1,sysbench,none,10,0.4472589376991123,10.700000000000001,1.0956051072852006e-06,577.0,1000.0,172681315.0,386088014.0,17530.88,0.4472589376991123,0.577,1.0956051072852006e-06,0.8103860637928796,0.17869371406421602,0.012319968369089314,577.0,1000.0,386088014.0,172681315.0,2766.0,15479.0,1031902.0,836239.0
49.2,sysbench,none,10,0.4473883348954661,8.799999999999999,1.115614960007313e-06,566.0,997.0,172841329.0,386334009.0,14417.919999999998,0.4473883348954661,0.567703109327984,1.115614960007313e-06,0.7621910684199399,0.14912464253330543,0.013294492795319954,566.0,997.0,386334009.0,172841329.0,2138.0,14337.0,917598.0,699385.0
49.5,sysbench,none,10,0.4474080335597518,9.9,1.1345202646351923e-06,571.0,1009.0,172729148.0,386066264.0,16220.16,0.4474080335597518,0.5659068384539148,1.1345202646351923e-06,0.796401965446188,0.18206770356816102,0.012651993750424563,571.0,1009.0,386066264.0,172729148.0,2985.0,16395.0,1059912.0,844116.0
49.6,sysbench,none,10,0.4477868292116296,9.6,1.1639516862786347e-06,741.0,1190.0,172735938.0,385754843.0,15728.64,0.4477868292116296,0.6226890756302521,1.1639516862786347e-06,0.6803556040149256,0.21129893238434164,0.011416331213116655,741.0,1190.0,385754843.0,172735938.0,2850.0,13488.0,931823.0,633971.0
49.7,sysbench,none,10,0.4472248020842383,8.799999999999999,1.694453666699108e-06,619.0,1271.0,172085302.0,384784791.0,14417.919999999998,0.4472248020842383,0.48701809598741147,1.694453666699108e-06,0.8028015609341115,0.21900230680507496,0.01163718701026122,619.0,1271.0,384784791.0,172085302.0,3038.0,13872.0,930981.0,747393.0
49.8,sysbench,none,10,0.44798416757000153,8.100000000000001,1.6937124137958002e-06,505.0,1159.0,172981932.0,386134030.0,13271.04,0.44798416757000153,0.4357204486626402,1.6937124137958002e-06,0.8405897223289582,0.13758533441542942,0.014613626711428396,505.0,1159.0,386134030.0,172981932.0,2882.0,20947.0,1236175.0,1039116.0
49.9,sysbench,none,10,0.4471251244800458,10.3,1.0915407476970636e-06,621.0,1042.0,172453184.0,385693343.0,16875.52,0.4471251244800458,0.5959692898272553,1.0915407476970636e-06,0.716832993365591,0.18062787136294028,0.011980224401100732,621.0,1042.0,385693343.0,172453184.0,2359.0,13060.0,893222.0,640291.0
50.0,sysbench,none,10,0.4474895918910971,11.5,2.3419830478698764e-06,596.0,1498.0,172347794.0,385143693.0,18841.6,0.4474895918910971,0.3978638184245661,2.3419830478698764e-06,0.7394990864933406,0.17878411098750083,0.012306596959685084,596.0,1498.0,385143693.0,172347794.0,2732.0,15281.0,1019697.0,754065.0
50.1,sysbench,none,10,0.4480098217709099,9.8,1.12931073935842e-06,552.0,988.0,172965930.0,386076201.0,16056.32,0.4480098217709099,0.5587044534412956,1.12931073935842e-06,0.7455699347942324,0.15946843853820597,0.012629596185717741,552.0,988.0,386076201.0,172965930.0,2160.0,13545.0,901454.0,672097.0
50.2,sysbench,none,10,0.4478881996921179,9.1,1.043257388794736e-06,544.0,947.0,173014777.0,386290099.0,14909.439999999999,0.4478881996921179,0.5744456177402323,1.043257388794736e-06,0.7403975155576317,0.17923115327009487,0.011784256357752054,544.0,947.0,386290099.0,173014777.0,2154.0,12018.0,837049.0,619749.0
50.3,sysbench,none,10,0.44756604451645016,9.6,1.1442242978468243e-06,530.0,972.0,172889347.0,386287899.0,15728.64,0.44756604451645016,0.5452674897119342,1.1442242978468243e-06,0.7694676238211311,0.15475119385424596,0.012782177585714271,530.0,972.0,386287899.0,172889347.0,2236.0,14449.0,955471.0,735204.0
50.4,sysbench,none,10,0.44797707813015086,11.099999999999998,1.3919622366710724e-06,597.0,1134.0,172823432.0,385786328.0,18186.239999999998,0.44797707813015086,0.5264550264550265,1.3919622366710724e-06,0.7445912068336022,0.17803149112351796,0.01229819389342066,597.0,1134.0,385786328.0,172823432.0,2838.0,15941.0,1065441.0,793318.0
50.5,sysbench,none,10,0.4476936615779636,11.5,1.2179640566212625e-06,560.0,1030.0,172760452.0,385889877.0,18841.6,0.4476936615779636,0.5436893203883495,1.2179640566212625e-06,0.8077033375520517,0.15860064826198725,0.01362051979797194,560.0,1030.0,385889877.0,172760452.0,2838.0,17894.0,1105391.0,892828.0
50.6,sysbench,none,10,0.4478396135711792,9.6,1.7494308470724956e-06,606.0,1280.0,172538343.0,385268158.0,15728.64,0.4478396135711792,0.4734375,1.7494308470724956e-06,0.7405107729268354,0.177125739304094,0.011328068824917733,606.0,1280.0,385268158.0,172538343.0,2306.0,13019.0,945704.0,700304.0
50.7,sysbench,none,10,0.4472496012586981,13.900000000000002,1.6923631781432489e-06,584.0,1235.0,172043149.0,384669206.0,22773.760000000002,0.4472496012586981,0.4728744939271255,1.6923631781432489e-06,0.5884060812842333,0.21860120622156384,0.009653973358432356,584.0,1235.0,384669206.0,172043149.0,2066.0,9451.0,764970.0,450113.0
50.8,sysbench,none,10,0.44761893630392524,11.899999999999999,1.1947247227898496e-06,574.0,1035.0,172719561.0,385862945.0,19496.96,0.44761893630392524,0.5545893719806764,1.1947247227898496e-06,0.8325546939162949,0.18098119163488097,0.012849613913158319,574.0,1035.0,385862945.0,172719561.0,2752.0,15206.0,969212.0,806922.0
50.9,sysbench,none,10,0.4476732735184602,10.0,1.8245196679851067e-06,611.0,1315.0,172736962.0,385854980.0,16384.0,0.4476732735184602,0.464638783269962,1.8245196679851067e-06,0.7759006301393254,0.15413751043204724,0.012930564946745817,611.0,1315.0,385854980.0,172736962.0,2401.0,15577.0,1018981.0,790628.0
51.0,sysbench,none,10,0.4481923518182554,11.5,1.1624722174965326e-06,562.0,1011.0,173112409.0,386245790.0,18841.6,0.4481923518182554,0.5558852621167161,1.1624722174965326e-06,0.6827838582846442,0.20207622298065983,0.010722287778101575,562.0,1011.0,386245790.0,173112409.0,2842.0,14064.0,1046605.0,714605.0
51.1,sysbench,none,10,0.4475100118465819,9.1,1.1448074922542766e-06,535.0,977.0,172779639.0,386091114.0,14909.439999999999,0.4475100118465819,0.5475946775844421,1.1448074922542766e-06,0.7576218563289501,0.159447983014862,0.012970560965568005,535.0,977.0,386091114.0,172779639.0,2253.0,14130.0,915689.0,693746.0
51.2,sysbench,none,10,0.4473817689780245,10.0,1.0127018295321032e-06,550.0,941.0,172732256.0,386095876.0,16384.0,0.4473817689780245,0.5844845908607864,1.0127018295321032e-06,0.7169268271504405,0.17704250829062407,0.011562413631343365,550.0,941.0,386095876.0,172732256.0,2349.0,13268.0,944353.0,677032.0
51.3,sysbench,none,10,0.4481511950023209,9.2,1.2885166775313894e-06,604.0,1102.0,173206369.0,386490923.0,15073.279999999999,0.4481511950023209,0.5480943738656987,1.2885166775313894e-06,0.764255214360171,0.1689285150702225,0.012591209463788767,604.0,1102.0,386490923.0,173206369.0,2141.0,12674.0,836536.0,639327.0
51.6,sysbench,none,10,0.44792806785561673,9.2,9.509583029659354e-07,610.0,977.0,172867307.0,385926490.0,15073.279999999999,0.44792806785561673,0.6243602865916069,9.509583029659354e-07,0.7365969454024276,0.14219474497681608,0.012428897747122318,610.0,977.0,385926490.0,172867307.0,1472.0,10352.0,714464.0,526272.0
51.7,sysbench,none,10,0.4472193759618357,11.400000000000002,1.5548102259868565e-06,623.0,1221.0,172006321.0,384612855.0,18677.760000000002,0.4472193759618357,0.5102375102375102,1.5548102259868565e-06,0.7569400828002129,0.12278390691036829,0.013225194898262321,623.0,1221.0,384612855.0,172006321.0,2237.0,18219.0,1208451.0,914725.0
51.8,sysbench,none,10,0.4471717024671729,11.5,1.4990084655491652e-06,556.0,1134.0,172424139.0,385588216.0,18841.6,0.4471717024671729,0.49029982363315694,1.4990084655491652e-06,0.7592255181782106,0.18857031655422937,0.011932789462437803,556.0,1134.0,385588216.0,172424139.0,2907.0,15416.0,1048288.0,795887.0
51.9,sysbench,none,10,0.4475805030917263,11.899999999999999,1.2205814390309768e-06,579.0,1049.0,172346416.0,385062385.0,19496.96,0.4475805030917263,0.551954242135367,1.2205814390309768e-06,0.7872976984551557,0.16033755274261605,0.013028620063764774,579.0,1049.0,385062385.0,172346416.0,2888.0,18012.0,1160829.0,913918.0
52.0,sysbench,none,10,0.4481683396564774,11.299999999999999,2.0443571821478146e-06,675.0,1464.0,172966262.0,385940386.0,18513.92,0.4481683396564774,0.4610655737704918,2.0443571821478146e-06,0.7224887692212213,0.15034336167429693,0.012403983405659071,675.0,1464.0,385940386.0,172966262.0,1839.0,12232.0,837876.0,605356.0
52.1,sysbench,none,10,0.44729301058366294,11.099999999999998,1.5033027756038033e-06,583.0,1164.0,172870857.0,386482357.0,18186.239999999998,0.44729301058366294,0.5008591065292096,1.5033027756038033e-06,0.7729712589407599,0.17567741106973161,0.012801502915188796,583.0,1164.0,386482357.0,172870857.0,2736.0,15574.0,1002851.0,775175.0
52.2,sysbench,none,10,0.44762317312654065,9.7,1.3124021070579517e-06,584.0,1090.0,172582263.0,385552566.0,15892.48,0.44762317312654065,0.5357798165137615,1.3124021070579517e-06,0.7617010850542527,0.1936829151569016,0.011794589729486474,584.0,1090.0,385552566.0,172582263.0,2833.0,14627.0,999950.0,761663.0
52.3,sysbench,none,10,0.4482135285181826,10.700000000000001,1.068626140958288e-06,583.0,996.0,173224461.0,386477538.0,17530.88,0.4482135285181826,0.5853413654618473,1.068626140958288e-06,0.7443569813721916,0.16123696512046026,0.012286852656796169,583.0,996.0,386477538.0,173224461.0,2242.0,13905.0,949226.0,706563.0
52.4,sysbench,none,10,0.4476321166309811,11.0,1.1942510371584526e-06,519.0,980.0,172793156.0,386015993.0,18022.4,0.4476321166309811,0.5295918367346939,1.1942510371584526e-06,0.7461616848432283,0.1704572803850782,0.012302418009162343,519.0,980.0,386015993.0,172793156.0,2833.0,16620.0,1120674.0,836204.0
52.5,sysbench,none,10,0.44771053961875523,9.5,1.1590046159290505e-06,552.0,999.0,172671108.0,385675772.0,15564.8,0.44771053961875523,0.5525525525525525,1.1590046159290505e-06,0.8027592926210523,0.1780179067613461,0.012235743961175043,552.0,999.0,385675772.0,172671108.0,2883.0,16195.0,1087960.0,873370.0
52.6,sysbench,none,10,0.4480143441255959,9.8,1.7043161456719414e-06,620.0,1278.0,172968753.0,386078605.0,16056.32,0.4480143441255959,0.48513302034428796,1.7043161456719414e-06,0.7283057044346335,0.1493493625734857,0.011974589099943837,620.0,1278.0,386078605.0,172968753.0,2261.0,15139.0,1075444.0,783252.0
52.7,sysbench,none,10,0.4476107007823692,11.099999999999998,1.4914814607025748e-06,543.0,1118.0,172564098.0,385522727.0,18186.239999999998,0.4476107007823692,0.4856887298747764,1.4914814607025748e-06,0.7070247005906426,0.1717468202001957,0.011997087122508738,543.0,1118.0,385522727.0,172564098.0,2282.0,13287.0,917306.0,648558.0
52.8,sysbench,none,10,0.44790416353960844,11.099999999999998,1.2889247995498257e-06,553.0,1050.0,172708578.0,385592705.0,18186.239999999998,0.44790416353960844,0.5266666666666666,1.2889247995498257e-06,0.7614665890253494,0.16501314845804446,0.01320690150644322,553.0,1050.0,385592705.0,172708578.0,2761.0,16732.0,1057856.0,805522.0
52.9,sysbench,none,10,0.44741443600488584,11.299999999999999,1.9708065210046164e-06,572.0,1330.0,172081906.0,384614112.0,18513.92,0.44741443600488584,0.43007518796992483,1.9708065210046164e-06,0.683010029427662,0.16147882434621616,0.012434259632626097,572.0,1330.0,384614112.0,172081906.0,2791.0,17284.0,1165570.0,796096.0
53.0,sysbench,none,10,0.44809935640102627,8.799999999999999,1.3003150699678298e-06,544.0,1046.0,172993363.0,386060280.0,14417.919999999998,0.44809935640102627,0.5200764818355641,1.3003150699678298e-06,0.708396571393648,0.15897435897435896,0.011693523743557357,544.0,1046.0,386060280.0,172993363.0,1736.0,10920.0,785392.0,556369.0
53.1,sysbench,none,10,0.447468427859654,8.6,1.169132084295727e-06,693.0,1145.0,172996475.0,386611578.0,14090.24,0.447468427859654,0.605240174672489,1.169132084295727e-06,0.7987805964696553,0.19885291676099917,0.011824249066623896,693.0,1145.0,386611578.0,172996475.0,2635.0,13251.0,897816.0,717158.0
53.2,sysbench,none,10,0.44763494567710665,10.1,1.1613576592483823e-06,579.0,1027.0,172677602.0,385755410.0,16547.84,0.44763494567710665,0.563777994157741,1.1613576592483823e-06,0.7474757061988008,0.23738118649623074,0.010905699156440012,579.0,1027.0,385755410.0,172677602.0,2897.0,12204.0,853407.0,637901.0
53.3,sysbench,none,10,0.44764438138877083,9.6,1.382309479740181e-06,610.0,1143.0,172605671.0,385586591.0,15728.64,0.44764438138877083,0.5336832895888014,1.382309479740181e-06,0.8311030926722975,0.1800842499414931,0.012597578647221054,610.0,1143.0,385586591.0,172605671.0,3078.0,17092.0,1112436.0,924549.0
53.4,sysbench,none,10,0.4479323691076053,11.7,1.1525836195271846e-06,569.0,1014.0,172941816.0,386089124.0,19169.28,0.4479323691076053,0.5611439842209073,1.1525836195271846e-06,0.71298234037583,0.15184456047248138,0.011931625248951814,569.0,1014.0,386089124.0,172941816.0,1774.0,11683.0,830482.0,592119.0
53.8,sysbench,none,10,0.4473185509721188,11.5,1.533995337889675e-06,542.0,1133.0,172337723.0,385268446.0,18841.6,0.4473185509721188,0.4783759929390997,1.533995337889675e-06,0.7506885030925783,0.16130699437234408,0.012534232056223392,542.0,1133.0,385268446.0,172337723.0,2809.0,17414.0,1165209.0,874709.0
53.9,sysbench,none,10,0.44758459524105476,9.9,1.1041882911640325e-06,636.0,1062.0,172679822.0,385803765.0,16220.16,0.44758459524105476,0.5988700564971752,1.1041882911640325e-06,0.7662156350920473,0.17545149955054343,0.012154122463926107,636.0,1062.0,385803765.0,172679822.0,2147.0,12237.0,830171.0,636090.0
54.0,sysbench,none,10,0.4476205344329972,11.200000000000001,2.025888207244748e-06,592.0,1372.0,172341206.0,385016309.0,18350.08,0.4476205344329972,0.4314868804664723,2.025888207244748e-06,0.7847860253476855,0.17085361895488477,0.012233279923073902,592.0,1372.0,385016309.0,172341206.0,2632.0,15405.0,1044119.0,819410.0
54.1,sysbench,none,10,0.44759792195987635,8.4,9.583947176515803e-07,596.0,966.0,172800651.0,386062228.0,13762.560000000001,0.44759792195987635,0.6169772256728778,9.583947176515803e-07,0.7124175889211103,0.1311576830871549,0.013298218618689708,596.0,966.0,386062228.0,172800651.0,1696.0,12931.0,844850.0,601886.0
54.2,sysbench,none,10,0.44741408901578655,10.1,1.2886062519392329e-06,620.0,1118.0,172909464.0,386464057.0,16547.84,0.44741408901578655,0.554561717352415,1.2886062519392329e-06,0.7489750616772596,0.16419802508673606,0.012593822823903632,620.0,1118.0,386464057.0,172909464.0,2461.0,14988.0,994694.0,745001.0
54.3,sysbench,none,10,0.4477985304158233,9.5,1.0930000683228644e-06,540.0,962.0,172892011.0,386093297.0,15564.8,0.4477985304158233,0.5613305613305614,1.0930000683228644e-06,0.7969922651748507,0.18248175182481752,0.012201414320141074,540.0,962.0,386093297.0,172892011.0,2275.0,12467.0,835313.0,665738.0
54.4,sysbench,none,10,0.44734148347476255,8.200000000000001,1.071197945061471e-06,541.0,955.0,172889964.0,386483191.0,13434.880000000001,0.44734148347476255,0.5664921465968586,1.071197945061471e-06,0.7452248980999602,0.14979509983433603,0.012502388031761784,541.0,955.0,386483191.0,172889964.0,1718.0,11469.0,779931.0,581224.0
54.5,sysbench,none,10,0.4477772501775782,11.0,1.0327746011496497e-06,589.0,987.0,172559768.0,385369663.0,18022.4,0.4477772501775782,0.596757852077001,1.0327746011496497e-06,0.79305483774517,0.19572807558020128,0.01207085927297424,589.0,987.0,385369663.0,172559768.0,2859.0,14607.0,973253.0,771843.0
54.6,sysbench,none,10,0.4473618458319198,11.299999999999999,1.6335019700267117e-06,629.0,1259.0,172536041.0,385674466.0,18513.92,0.4473618458319198,0.4996028594122319,1.6335019700267117e-06,0.7320192039884879,0.20411810967326804,0.01187923982255839,629.0,1259.0,385674466.0,172536041.0,2855.0,13987.0,937097.0,685973.0
54.7,sysbench,none,10,0.44759755608173935,9.6,1.7860670089517628e-06,536.0,1225.0,172666935.0,385763802.0,15728.64,0.44759755608173935,0.43755102040816324,1.7860670089517628e-06,0.7459241053855421,0.1458414176691243,0.012062145576863186,536.0,1225.0,385763802.0,172666935.0,2255.0,15462.0,1094913.0,816722.0
54.8,sysbench,none,10,0.44746450406182553,9.2,1.090433397286432e-06,593.0,1014.0,172759342.0,386085020.0,15073.279999999999,0.44746450406182553,0.5848126232741617,1.090433397286432e-06,0.77544243510459,0.175914445133292,0.012093188284823355,593.0,1014.0,386085020.0,172759342.0,2270.0,12904.0,879338.0,681876.0
54.9,sysbench,none,10,0.4473711990164906,11.200000000000001,1.1901757664796113e-06,550.0,1009.0,172531979.0,385657323.0,18350.08,0.4473711990164906,0.5450941526263627,1.1901757664796113e-06,0.7537615176049066,0.18303458722544813,0.012262708444254129,550.0,1009.0,385657323.0,172531979.0,2900.0,15844.0,1055558.0,795639.0
55.0,sysbench,none,10,0.4479404580800164,9.299999999999999,2.079851277738564e-06,554.0,1354.0,172297111.0,384642887.0,15237.119999999999,0.4479404580800164,0.4091580502215657,2.079851277738564e-06,0.7418464943805541,0.1637892543533264,0.011472695047046523,554.0,1354.0,384642887.0,172297111.0,2201.0,13438.0,979456.0,726606.0
55.1,sysbench,none,10,0.44769796267858825,10.8,1.1391866538691128e-06,544.0,984.0,172919076.0,386240480.0,17694.72,0.44769796267858825,0.5528455284552846,1.1391866538691128e-06,0.8162906757405445,0.18031613868470694,0.012170728244376556,544.0,984.0,386240480.0,172919076.0,2772.0,15373.0,1035353.0,845149.0
55.2,sysbench,none,10,0.44811508160885716,8.4,1.006880524535367e-06,545.0,934.0,173125572.0,386341766.0,13762.560000000001,0.44811508160885716,0.5835117773019272,1.006880524535367e-06,0.7392348223323902,0.15421345830754266,0.01241337244010694,545.0,934.0,386341766.0,173125572.0,1744.0,11309.0,770540.0,569610.0
55.3,sysbench,none,10,0.44797338552601507,10.3,1.302011118470882e-06,625.0,1128.0,173063509.0,386325426.0,16875.52,0.44797338552601507,0.5540780141843972,1.302011118470882e-06,0.7561536552029993,0.1679937852010099,0.012610001461943835,625.0,1128.0,386325426.0,173063509.0,2595.0,15447.0,1019191.0,770665.0
55.4,sysbench,none,10,0.44761900190700715,11.600000000000001,1.1850630870792509e-06,578.0,1036.0,172994590.0,386477315.0,19005.440000000002,0.44761900190700715,0.5579150579150579,1.1850630870792509e-06,0.7407010514813714,0.17642361324405675,0.012850693479281887,578.0,1036.0,386477315.0,172994590.0,2872.0,16279.0,1043290.0,772766.0
55.5,sysbench,none,10,0.4475648850028278,10.5,1.0365191318071182e-06,570.0,970.0,172718427.0,385907011.0,17203.2,0.4475648850028278,0.5876288659793815,1.0365191318071182e-06,0.7736044150801543,0.16800975147287872,0.011872630619713437,570.0,970.0,385907011.0,172718427.0,2481.0,14767.0,1034817.0,800539.0
55.8,sysbench,none,10,0.4473013777797625,11.299999999999999,1.375203202490187e-06,585.0,1115.0,172388873.0,385397590.0,18513.92,0.4473013777797625,0.5246636771300448,1.375203202490187e-06,0.7447542057783738,0.1644345238095238,0.011764941180056077,585.0,1115.0,385397590.0,172388873.0,2431.0,14784.0,1049984.0,781980.0
55.9,sysbench,none,10,0.4476109573685909,10.3,1.206903668204736e-06,579.0,1045.0,172827966.0,386112009.0,16875.52,0.4476109573685909,0.554066985645933,1.206903668204736e-06,0.8057498962248973,0.1633017997231195,0.012893000980419171,579.0,1045.0,386112009.0,172827966.0,2831.0,17336.0,1125029.0,906492.0
56.0,sysbench,none,10,0.4478073165841234,10.899999999999999,1.905465362822654e-06,572.0,1307.0,172733855.0,385732543.0,17858.559999999998,0.4478073165841234,0.43764345830145374,1.905465362822654e-06,0.7569639946031687,0.15276398543528633,0.012998610163580868,572.0,1307.0,385732543.0,172733855.0,2769.0,18126.0,1181434.0,894303.0
56.1,sysbench,none,10,0.4481309289259812,9.7,1.0996871328007203e-06,544.0,969.0,173190755.0,386473559.0,15892.48,0.4481309289259812,0.5614035087719298,1.0996871328007203e-06,0.7622959895041823,0.17196180013731976,0.012998274539313754,544.0,969.0,386473559.0,173190755.0,2755.0,16021.0,1020597.0,777997.0
56.2,sysbench,none,10,0.4476370731160459,8.0,7.96912351708842e-07,657.0,965.0,173008008.0,386491688.0,13107.2,0.4476370731160459,0.6808290155440414,7.96912351708842e-07,0.7414322242172162,0.16425302018458768,0.01229146825550098,657.0,965.0,386491688.0,173008008.0,2189.0,13327.0,906157.0,671854.0
56.3,sysbench,none,10,0.44769336558367395,11.200000000000001,1.3358008751043812e-06,580.0,1096.0,172937285.0,386285119.0,18350.08,0.44769336558367395,0.5291970802919708,1.3358008751043812e-06,0.7565809541409414,0.13119904256114892,0.012930353099388382,580.0,1096.0,386285119.0,172937285.0,1754.0,13369.0,898274.0,679617.0
56.4,sysbench,none,10,0.44759539372070456,11.099999999999998,1.0225411772931286e-06,534.0,929.0,172902749.0,386292512.0,18186.239999999998,0.44759539372070456,0.5748116254036598,1.0225411772931286e-06,0.7675286872240483,0.18544467588209304,0.012639420496526976,534.0,929.0,386292512.0,172902749.0,2938.0,15843.0,1021012.0,783656.0
56.5,sysbench,none,10,0.448260145714976,10.9,1.2165852910453428e-06,609.0,1079.0,173175091.0,386327209.0,17858.56,0.448260145714976,0.5644114921223355,1.2165852910453428e-06,0.7867122285279698,0.15950654691050753,0.013548199722128465,609.0,1079.0,386327209.0,173175091.0,2948.0,18482.0,1146573.0,902023.0
56.6,sysbench,none,10,0.44743096003591154,9.7,1.1657100966184824e-06,637.0,1087.0,172722131.0,386030799.0,15892.48,0.44743096003591154,0.5860165593376265,1.1657100966184824e-06,0.7175163593422129,0.18153446033810142,0.012418597905964735,637.0,1087.0,386030799.0,172722131.0,2792.0,15380.0,1013641.0,727304.0
56.7,sysbench,none,10,0.44702121266686456,8.5,1.4292547831258668e-06,697.0,1247.0,172020881.0,384815924.0,13926.4,0.44702121266686456,0.5589414595028067,1.4292547831258668e-06,0.728655468204366,0.18933386201427438,0.010983864902132842,697.0,1247.0,384815924.0,172020881.0,2865.0,15132.0,1116820.0,813777.0
56.8,sysbench,none,10,0.4475954602823154,9.299999999999999,1.5856395472226254e-06,559.0,1170.0,172473515.0,385333477.0,15237.119999999999,0.4475954602823154,0.4777777777777778,1.5856395472226254e-06,0.7087179518343188,0.20770328102710414,0.011250407660162335,559.0,1170.0,385333477.0,172473515.0,2912.0,14020.0,987342.0,699747.0
56.9,sysbench,none,10,0.44725878209632347,7.4,1.0975517087875963e-06,533.0,956.0,172374990.0,385403254.0,12124.16,0.44725878209632347,0.5575313807531381,1.0975517087875963e-06,0.803620560694572,0.14298245614035088,0.013875344398261677,533.0,956.0,385403254.0,172374990.0,2445.0,17100.0,1056190.0,848776.0
57.0,sysbench,none,10,0.4482735996326446,10.600000000000001,1.8996172087323285e-06,577.0,1310.0,172974085.0,385867214.0,17367.04,0.4482735996326446,0.4404580152671756,1.8996172087323285e-06,0.6192150799961595,0.1473956777213425,0.010537730762886902,577.0,1310.0,385867214.0,172974085.0,1480.0,10041.0,812414.0,503059.0
57.1,sysbench,none,10,0.4477470816987651,9.9,1.1175175838798977e-06,577.0,1008.0,172685419.0,385676258.0,16220.16,0.4477470816987651,0.5724206349206349,1.1175175838798977e-06,0.6822321045672218,0.17677791640673737,0.01178994532199271,577.0,1008.0,385676258.0,172685419.0,2267.0,12824.0,895424.0,610887.0
57.2,sysbench,none,10,0.4475927218456395,8.200000000000001,1.0453208938629005e-06,528.0,932.0,172987511.0,386484191.0,13434.880000000001,0.4475927218456395,0.5665236051502146,1.0453208938629005e-06,0.7123395449597448,0.17430936657055157,0.01195935677872024,528.0,932.0,386484191.0,172987511.0,1874.0,10751.0,742264.0,528744.0
57.3,sysbench,none,10,0.4476365122421775,10.2,1.5349346829806576e-06,678.0,1270.0,172646314.0,385684164.0,16711.68,0.4476365122421775,0.5338582677165354,1.5349346829806576e-06,0.7137313407639683,0.16002397362900808,0.011829649668491265,678.0,1270.0,385684164.0,172646314.0,2136.0,13348.0,947788.0,676466.0
57.4,sysbench,none,10,0.4473973767972212,10.3,1.0478926149868866e-06,578.0,983.0,172914605.0,386489984.0,16875.52,0.4473973767972212,0.5879959308240081,1.0478926149868866e-06,0.7409486417408914,0.17627511591962905,0.012462497924670812,578.0,983.0,386489984.0,172914605.0,2281.0,12940.0,855286.0,633723.0
57.5,sysbench,none,10,0.4480483273519818,11.099999999999998,1.1834423447308559e-06,544.0,1001.0,173019063.0,386161609.0,18186.239999999998,0.4480483273519818,0.5434565434565435,1.1834423447308559e-06,0.7953088503133264,0.18980247419861937,0.012197606577282034,544.0,1001.0,386161609.0,173019063.0,2777.0,14631.0,971830.0,772905.0
57.6,sysbench,none,10,0.44751921798055866,8.299999999999999,1.302561928002135e-06,612.0,1115.0,172814944.0,386162062.0,13598.72,0.44751921798055866,0.5488789237668161,1.302561928002135e-06,0.7069437309955473,0.15449699636179035,0.012164067007661426,612.0,1115.0,386162062.0,172814944.0,1826.0,11819.0,821518.0,580767.0
57.9,sysbench,none,10,0.44775011741886445,10.4,2.039453246373949e-06,577.0,1364.0,172781280.0,385887738.0,17039.36,0.44775011741886445,0.42302052785923755,2.039453246373949e-06,0.675499300999508,0.16121449559255632,0.01193667041604119,577.0,1364.0,385887738.0,172781280.0,1646.0,10210.0,717453.0,484639.0
58.0,sysbench,none,10,0.4473142424319364,10.600000000000001,1.3625468888394619e-06,589.0,1114.0,172353685.0,385307841.0,17367.04,0.4473142424319364,0.5287253141831239,1.3625468888394619e-06,0.7068615478131131,0.18415686274509804,0.011496145663526096,589.0,1114.0,385307841.0,172353685.0,2348.0,12750.0,904825.0,639586.0
58.1,sysbench,none,10,0.4483024809471151,9.9,2.2441613962626977e-06,608.0,1474.0,172995556.0,385890249.0,16220.16,0.4483024809471151,0.412483039348711,2.2441613962626977e-06,0.7849031206963114,0.14968093674493527,0.012955311961080261,608.0,1474.0,385890249.0,172995556.0,2416.0,16141.0,1059411.0,831535.0
58.2,sysbench,none,10,0.4474866329317645,10.0,1.1373108438982733e-06,568.0,1007.0,172729059.0,385998254.0,16384.0,0.4474866329317645,0.564051638530288,1.1373108438982733e-06,0.7385791008065659,0.17674885321100917,0.01252259540220361,568.0,1007.0,385998254.0,172729059.0,2466.0,13952.0,917222.0,677441.0
58.3,sysbench,none,10,0.44745406301496915,10.4,9.992207165645772e-07,600.0,986.0,172851969.0,386301038.0,17039.36,0.44745406301496915,0.6085192697768763,9.992207165645772e-07,0.7453122941408971,0.1740284064304667,0.01245035854774049,600.0,986.0,386301038.0,172851969.0,2230.0,12814.0,850096.0,633587.0
58.4,sysbench,none,10,0.4477511872409032,13.4,1.172155545920707e-06,572.0,1025.0,173041273.0,386467480.0,21954.56,0.4477511872409032,0.5580487804878049,1.172155545920707e-06,0.7617275374314557,0.17956656346749225,0.012533810248754749,572.0,1025.0,386467480.0,173041273.0,2784.0,15504.0,1014855.0,773043.0
58.5,sysbench,none,10,0.4478574107261257,9.8,1.1551642913376455e-06,600.0,1046.0,172914283.0,386092267.0,16056.32,0.4478574107261257,0.5736137667304015,1.1551642913376455e-06,0.7614199611914333,0.20116246101502694,0.011601393814305642,600.0,1046.0,386092267.0,172914283.0,2838.0,14108.0,971435.0,739670.0
58.6,sysbench,none,10,0.4481224721690954,10.5,1.61500690337682e-06,731.0,1354.0,172866320.0,385756865.0,17203.2,0.4481224721690954,0.5398818316100443,1.61500690337682e-06,0.7179426128457066,0.16728076639646278,0.01195786176500156,731.0,1354.0,385756865.0,172866320.0,2270.0,13570.0,944985.0,678445.0
58.7,sysbench,none,10,0.44783442734478784,8.6,3.094805132938041e-06,599.0,1793.0,172778021.0,385807813.0,14090.24,0.44783442734478784,0.3340769659788065,3.094805132938041e-06,0.7234722057197996,0.14872015751907458,0.01245332814857221,599.0,1793.0,385807813.0,172778021.0,2417.0,16252.0,1110948.0,803740.0
58.9,sysbench,none,10,0.4475626458162244,10.0,1.1426875290868711e-06,566.0,1007.0,172728871.0,385932277.0,16384.0,0.4475626458162244,0.5620655412115194,1.1426875290868711e-06,0.7347152632236394,0.17749356624814785,0.012198873914511884,566.0,1007.0,385932277.0,172728871.0,2276.0,12823.0,864588.0,635226.0
59.0,sysbench,none,10,0.44755407054158924,10.4,2.1052896964441382e-06,561.0,1373.0,172619429.0,385695138.0,17039.36,0.44755407054158924,0.4085943190094683,2.1052896964441382e-06,0.7192444405711753,0.15918503674014697,0.01166956234737414,561.0,1373.0,385695138.0,172619429.0,2383.0,14970.0,1078618.0,775790.0
59.1,sysbench,none,10,0.44749741388072395,10.1,1.1162946406712432e-06,571.0,1002.0,172778206.0,386098781.0,16547.84,0.44749741388072395,0.5698602794411177,1.1162946406712432e-06,0.7540415156764779,0.10932887226923833,0.012624593058775285,571.0,1002.0,386098781.0,172778206.0,1111.0,10162.0,716934.0,540598.0
59.2,sysbench,none,10,0.4476474802350121,11.099999999999998,1.21128662141267e-06,595.0,1062.0,172586215.0,385540459.0,18186.239999999998,0.4476474802350121,0.5602636534839924,1.21128662141267e-06,0.8440698924421008,0.1752120758483034,0.01271444752778371,595.0,1062.0,385540459.0,172586215.0,2809.0,16032.0,1039998.0,877831.0
59.3,sysbench,none,10,0.44771223788670866,9.8,1.3532567923011643e-06,636.0,1159.0,173029614.0,386475060.0,16056.32,0.44771223788670866,0.548748921484038,1.3532567923011643e-06,0.7445107032478858,0.16604424016087332,0.01258784771869651,636.0,1159.0,386475060.0,173029614.0,2312.0,13924.0,922477.0,686794.0
59.4,sysbench,none,10,0.4475653716820645,10.899999999999999,1.23393129565824e-06,559.0,1033.0,171926903.0,384138081.0,17858.559999999998,0.4475653716820645,0.5411423039690223,1.23393129565824e-06,0.7268638765440074,0.18693319708775066,0.012094606020417663,559.0,1033.0,384138081.0,171926903.0,2927.0,15658.0,1052618.0,765110.0
59.5,sysbench,none,10,0.4477963822079453,20.9,1.2597507265916885e-06,591.0,1077.0,172755639.0,385790609.0,34242.56,0.4477963822079453,0.5487465181058496,1.2597507265916885e-06,0.72755154950707,0.18161538461538462,0.012018522012116803,591.0,1077.0,385790609.0,172755639.0,2361.0,13000.0,885217.0,644041.0
59.6,sysbench,none,10,0.447827903215876,9.9,1.2609972619891358e-06,648.0,1135.0,172952151.0,386202266.0,16220.16,0.447827903215876,0.5709251101321586,1.2609972619891358e-06,0.7367768590747412,0.16652342071336484,0.012092311816839457,648.0,1135.0,386202266.0,172952151.0,2325.0,13962.0,962347.0,709035.0
59.7,sysbench,none,10,0.44734844553677744,9.0,1.9531761122017035e-06,528.0,1281.0,172464417.0,385525911.0,14745.6,0.44734844553677744,0.41217798594847777,1.9531761122017035e-06,0.665222162251375,0.16703065598964653,0.011483921617607045,528.0,1281.0,385525911.0,172464417.0,2065.0,12363.0,896732.0,596526.0
60.0,sysbench,none,10,0.44762776961443185,12.1,2.579630350970709e-06,864.5,1561.0,120859464.0,269999924.5,19824.64,0.44762776961443185,0.5538116591928252,2.579630350970709e-06,0.8124365338822295,0.17270906035931238,0.010333373693344633,864.5,1561.0,269999924.5,120859464.0,2672.5,15474.0,1238850.0,1006487.0
